,tasmax_c,pr_mm,hurs_noon,wind_kmh,dc,dmc,ffmc,isi,bui,fwi
2026-01-01,12.9711,0.0000,50.3445,8.3375,224.8373,2.2744,81.1954,1.9732,4.4366,0.8069
2026-01-02,10.5542,0.0000,42.3292,9.2899,226.4411,3.1019,85.0710,3.3983,5.9983,2.6133
2026-01-03,10.5421,0.0000,38.9278,8.2369,228.0426,3.9772,86.8696,4.1469,7.6220,3.8368
2026-01-04,11.4851,0.0000,42.4870,9.5090,229.8140,4.8683,87.1874,4.6261,9.2468,4.8015
2026-01-05,12.1461,0.0000,51.1913,10.3276,231.7043,5.6642,87.2359,4.8543,10.6759,5.4511
2026-01-06,13.7079,0.0000,49.2552,9.1089,233.8757,6.5893,87.2843,4.5968,12.3114,5.5888
2026-01-07,11.5120,0.0001,60.5159,4.8001,235.6518,7.2023,86.3405,3.2357,13.3821,4.0859
2026-01-08,12.1525,0.0002,63.4066,5.2393,237.5433,7.7994,85.7277,3.0353,14.4154,3.9956
2026-01-09,13.6378,0.0863,68.9342,4.3993,239.7021,8.3630,85.0050,2.6321,15.3841,3.5532
2026-01-10,15.1669,0.1934,58.4412,6.1683,242.1361,9.1953,85.1294,2.9272,16.7959,4.2451
2026-01-11,15.2470,0.0125,56.2540,5.5355,244.5846,10.0756,85.4162,2.9501,18.2697,4.5231
2026-01-12,14.6429,0.0188,56.4557,8.5222,246.9243,10.9196,85.4640,3.4521,19.6651,5.5598
2026-01-13,11.3367,0.2175,50.5863,12.2639,248.6689,11.6761,85.7597,4.3437,20.8990,7.1635
2026-01-14,11.7115,0.3537,51.3533,12.4111,250.4810,12.4434,85.8143,4.4096,22.1374,7.5075
2026-01-15,11.7572,0.0088,53.5244,12.0051,252.3013,13.1790,85.8623,4.3494,23.3136,7.6409
2026-01-16,13.2776,0.0001,50.3600,10.6076,254.3952,14.0577,86.1316,4.2099,24.7027,7.6753
2026-01-17,13.9643,0.0000,50.0624,8.7565,256.6128,14.9838,86.3274,3.9423,26.1503,7.4827
2026-01-18,14.0464,0.0110,51.6103,8.4289,258.8451,15.8861,86.3756,3.9042,27.5458,7.6503
2026-01-19,13.6936,0.0136,54.5225,8.5612,261.0140,16.7144,86.4237,3.9571,28.8156,7.9522
2026-01-20,13.6445,0.0000,56.7982,10.0038,263.1740,17.4986,86.4719,4.2846,30.0089,8.7304
2026-01-21,15.5705,0.0000,52.1381,8.3278,265.6807,18.4808,86.5201,3.9645,31.4862,8.3939
2026-01-22,14.0613,0.0534,55.0556,7.8793,267.9157,19.3197,86.5683,3.9025,32.7376,8.4722
2026-01-23,13.3579,0.0000,45.3658,9.3595,270.0241,20.2922,86.9569,4.4430,34.1655,9.7069
2026-01-24,13.9575,0.0014,41.6157,6.4782,272.2405,21.3745,87.5979,4.2105,35.7348,9.5204
2026-01-25,14.8831,0.0213,49.8721,5.2343,274.6234,22.3608,87.6464,3.9822,37.1578,9.2902
2026-01-26,13.4690,0.0005,51.5179,7.0966,276.7518,23.2304,87.6261,4.3613,38.4021,10.2233
2026-01-27,15.1205,0.0082,53.8633,5.2424,279.1775,24.1517,87.5363,3.9216,39.7142,9.5361
2026-01-28,14.6022,0.0000,47.9584,7.8608,281.5099,25.1577,87.5848,4.5059,41.1269,10.9243
2026-01-29,12.9994,0.0000,37.9083,9.2553,283.5538,26.2355,88.1749,5.2601,42.6139,12.6267
2026-01-30,12.3996,0.0000,38.3664,10.0977,285.4897,27.2598,88.2268,5.5293,44.0131,13.3708
2026-01-31,13.5154,0.0000,46.0692,8.5469,287.6265,28.2302,88.2756,5.1495,45.3361,12.8519
2026-02-01,13.9577,0.0010,46.8927,8.3444,289.8429,29.3661,88.3244,5.1331,46.8623,13.0585
2026-02-02,14.7209,0.0001,43.5134,8.6842,292.1967,30.6356,88.3732,5.2584,48.5464,13.5722
2026-02-03,14.6111,0.0000,44.3882,7.0411,294.5307,31.8767,88.4220,4.8746,50.1769,13.0267
2026-02-04,14.5862,0.0000,44.6302,6.4259,296.8602,33.1104,88.4708,4.7590,51.7820,13.0112
2026-02-05,15.0924,0.1016,47.2284,5.0020,299.2808,34.3243,88.5197,4.4607,53.3514,12.5724
2026-02-06,17.9871,0.0106,47.2877,5.1547,302.2225,35.7535,88.5686,4.5268,55.1855,12.9665
2026-02-07,19.2929,0.0002,46.3414,5.9089,305.3992,37.3078,88.6175,4.7352,57.1592,13.7021
2026-02-08,19.5648,0.0000,39.1227,6.4255,308.6249,39.0949,89.1228,5.2258,59.3837,15.1042
2026-02-09,21.4390,0.0002,29.3692,8.7169,312.1879,41.3562,91.0735,7.7544,62.1347,20.7364
2026-02-10,21.7152,0.0000,28.5669,7.6852,315.8006,43.6713,91.6141,7.9496,64.9040,21.5957
2026-02-11,21.2932,0.0000,37.0730,7.1841,319.3374,45.6730,91.5103,7.6381,67.2868,21.3860
2026-02-12,20.9830,0.0000,35.3079,6.5079,322.8184,47.7023,91.5602,7.4346,69.6679,21.3626
2026-02-13,20.7631,0.0000,31.7419,8.2576,326.2597,49.8222,91.6101,8.1775,72.1137,23.2738
2026-02-14,20.6383,0.0701,31.6983,6.6170,329.6786,51.9313,91.6599,7.5821,74.5174,22.4417
2026-02-15,20.5579,0.0318,36.8798,7.0075,333.0830,53.8732,91.4657,7.5226,76.7231,22.6598
2026-02-16,17.3752,9.5525,57.1911,12.6106,306.8552,29.2731,59.1588,0.7317,47.2722,1.6487
2026-02-17,12.9846,1.7558,54.6671,11.7821,308.8965,28.1918,67.6183,1.0496,45.9088,2.7811
2026-02-18,13.7199,0.0000,41.7739,4.8778,311.0700,29.4176,80.1604,1.4787,47.5850,4.2855
2026-02-19,15.4216,0.2303,40.5677,7.8788,313.5499,30.8124,85.8706,3.5370,49.4710,9.9584
2026-02-20,16.8764,0.4994,47.6680,11.2380,316.2917,32.1487,86.9216,4.8597,51.2695,13.1538
2026-02-21,18.3555,7.1794,53.5733,14.7496,299.4480,18.9773,64.3178,1.0782,32.7636,2.0728
2026-02-22,15.5116,9.5068,78.1657,9.5908,275.2992,9.9984,40.4079,0.0608,18.3323,0.0522
2026-02-23,14.8800,1.0612,80.1266,5.4509,277.6816,10.4495,51.9479,0.2705,19.1019,0.2382
2026-02-24,17.3861,0.0034,58.3711,3.8586,280.5151,11.5426,70.8307,0.7807,20.9320,0.7284
2026-02-25,19.3262,0.0166,49.2354,7.6421,283.6978,13.0156,82.6083,2.2583,23.3527,4.0109
2026-02-26,19.0526,0.0000,48.7085,10.9240,286.8313,14.4839,86.2653,4.3589,25.7208,8.1039
2026-02-27,15.9909,0.0000,47.6173,15.7566,289.4136,15.7556,86.9413,6.1195,27.7364,11.2626
2026-02-28,18.2184,0.1581,49.6304,12.8821,292.3969,17.1379,87.1228,5.4329,29.8952,10.6444
2026-03-01,17.9056,0.0635,50.5403,13.7378,295.3239,18.7402,87.1712,5.7115,32.3486,11.5808
2026-03-02,17.6817,0.1966,49.2057,14.7414,298.2106,20.3664,87.2197,6.0494,34.7924,12.6187
2026-03-03,16.0979,0.3213,58.4599,12.2664,300.8123,21.5842,86.9574,5.1443,36.6025,11.3940
2026-03-04,18.7028,0.6074,48.2148,13.3693,303.8828,23.3322,86.7518,5.2818,39.1496,12.0841
2026-03-05,16.9624,0.4270,57.7867,11.0390,306.6400,24.6319,86.8001,4.7289,41.0252,11.3474
2026-03-06,18.7842,3.2241,64.0397,7.7279,303.8117,19.6819,67.2957,0.8465,33.8771,1.3687
2026-03-07,13.8992,13.2062,84.9130,9.6180,267.1918,9.3434,31.8532,0.0092,17.1846,0.0076
2026-03-08,11.4738,2.6275,73.7198,9.2029,268.9610,7.3320,42.7638,0.0909,13.7285,0.0656
2026-03-09,13.9892,0.3297,59.7966,5.7864,271.1831,8.3661,64.4364,0.6898,15.5341,0.5352
2026-03-10,16.0248,0.0071,50.3816,5.2501,273.7716,9.8145,78.3060,1.2599,18.0145,1.3195
2026-03-11,17.9943,0.0039,42.1028,7.9248,276.7145,11.6990,85.6902,3.4569,21.1613,5.8250
2026-03-12,19.0188,0.0000,43.0011,7.9182,279.8419,13.6537,87.7767,4.6447,24.3387,8.3012
2026-03-13,18.5662,0.0001,48.2570,9.0160,282.8878,15.3883,87.8253,4.9432,27.0922,9.3087
2026-03-14,19.0079,0.0194,47.1355,6.7064,286.0133,17.2003,87.8740,4.4309,29.9045,8.9686
2026-03-15,19.9188,0.0000,41.3834,8.9780,289.3026,19.3004,88.6871,5.5827,33.0831,11.5103
2026-03-16,19.3850,0.0000,41.2544,12.4256,292.4959,21.3517,88.8235,6.7733,36.1130,14.0683
2026-03-17,20.2470,0.0000,40.4564,13.0507,295.8444,23.5184,89.0857,7.2581,39.2386,15.5042
2026-03-18,21.1743,0.0000,38.4635,11.6146,299.3598,25.8549,89.5650,7.2322,42.5274,16.1346
2026-03-19,20.8766,0.0000,40.1376,12.2113,302.8216,28.0974,89.6142,7.5058,45.6140,17.2150
2026-03-20,19.8194,0.0004,40.0286,12.3429,306.0931,30.2360,89.6634,7.6092,48.4958,17.9601
2026-03-21,21.2399,0.0337,36.8374,11.2159,309.6202,32.6412,89.9345,7.4740,51.6655,18.3244
2026-03-22,22.4888,0.0101,35.5207,8.0419,313.3722,35.2339,90.3614,6.7707,55.0063,17.6087
2026-03-23,23.2853,0.0033,35.8147,4.4171,317.2676,37.9019,90.5022,5.7551,58.3708,16.0998
2026-03-24,21.5633,0.2128,39.8175,10.6641,320.8530,40.2269,90.5517,7.9403,61.2544,20.9361
2026-03-25,18.8249,0.1137,37.4629,14.1871,323.9455,42.3509,90.6012,9.5500,63.8374,24.3773
2026-03-26,18.9267,0.0176,41.9107,15.5619,327.0563,44.3339,90.2814,9.7776,66.2251,25.2486
2026-03-27,21.6766,0.0000,35.4701,11.1125,330.6621,46.8393,90.3308,7.8693,69.1798,22.1650
2026-03-28,22.2288,0.0000,33.0287,10.0354,334.3672,49.5025,90.8069,7.9781,72.2600,22.8956
2026-03-29,24.5542,0.0002,28.5565,10.0166,338.4910,52.6267,92.0130,9.4602,75.7935,26.4315
2026-03-30,25.6910,0.1247,30.5245,8.5602,342.8194,55.7995,92.0630,8.8532,79.3217,25.8407
2026-03-31,22.0087,1.4338,48.9288,8.2778,346.4850,57.8113,83.5057,2.6162,81.5894,10.4844
2026-04-01,20.0305,2.5590,57.3800,10.9660,351.0444,50.1926,73.8123,1.2535,73.9512,5.0316
2026-04-02,18.5702,0.2945,41.9291,13.1187,355.3411,52.9618,85.1081,4.1426,77.1694,14.6411
2026-04-03,19.9509,0.0000,29.8780,11.6455,359.8862,56.5404,90.0020,7.7118,81.1916,23.7412
2026-04-04,22.7164,0.0042,22.4254,14.9484,364.9292,61.0195,92.8175,13.5845,86.0628,35.9195
2026-04-05,20.9787,0.1277,32.5514,17.6994,369.6594,64.6297,92.3987,14.7120,89.9453,38.6555
2026-04-06,20.9654,0.2692,35.0137,15.1074,374.3871,68.1061,91.9421,12.1046,93.6305,34.6738
2026-04-07,24.0088,0.0000,27.1767,10.8643,379.6627,72.5390,92.3496,10.3535,98.1813,31.9637
2026-04-08,24.8289,0.0000,21.5479,7.8020,385.0859,77.4705,93.5969,10.5673,103.0917,33.1447
2026-04-09,25.1976,0.0759,23.6064,7.9350,390.5755,82.3408,93.6474,10.7134,107.8431,34.1290
2026-04-10,22.6615,0.3170,36.2206,9.5404,395.6086,86.0149,92.3247,9.6514,111.4500,32.2968
2026-04-11,23.1213,0.0059,38.3563,6.8061,400.7244,89.6346,91.7544,7.7579,114.9749,28.2416
2026-04-12,22.0311,0.5992,49.6845,10.3728,405.6440,92.4562,89.1489,6.3998,117.7927,24.9871
2026-04-13,22.7940,1.1703,50.7952,9.8269,410.7009,95.3064,84.4723,3.2173,120.6300,15.3062
2026-04-14,20.6268,4.8007,60.8972,12.9482,400.7197,62.9338,66.7986,1.0827,90.3813,5.0392
2026-04-15,21.7184,3.4815,59.8995,8.1432,396.9937,48.9843,65.9124,0.8233,74.8726,3.1965
2026-04-16,17.4138,18.7470,84.5376,10.3206,331.5912,21.3226,32.8595,0.0122,36.7390,0.0166
2026-04-17,17.3547,2.0797,60.5468,16.3065,335.6691,20.3467,60.2995,0.9484,35.3383,1.8274
2026-04-18,19.5117,0.0952,48.9899,9.3020,340.1352,22.8957,79.6209,1.7481,39.1954,4.4304
2026-04-19,18.8170,7.5731,73.1172,10.1090,322.0112,13.6778,52.1745,0.3506,24.7295,0.3642
2026-04-20,19.1082,13.9595,87.4295,12.6146,283.3802,6.7753,31.2411,0.0091,12.7863,0.0063
2026-04-21,21.0351,0.8641,58.4825,11.5843,288.1205,9.0032,66.0369,0.9837,16.7017,0.7975
2026-04-22,19.3232,7.0844,63.7969,18.2692,274.3249,6.3172,59.9949,1.0275,11.9467,0.6839
2026-04-23,18.4647,3.6335,56.0527,15.7128,271.8370,5.7309,65.8873,1.2046,10.8880,0.7613
2026-04-24,18.7084,0.5856,54.3499,12.2350,276.1586,7.9231,80.0952,2.1277,14.7857,2.6507
2026-04-25,22.3754,2.5898,56.7480,11.1974,281.1401,8.0706,74.8538,1.3360,15.0604,1.1220
2026-04-26,22.2420,0.1220,53.7984,5.6243,286.0977,10.6851,83.6478,2.3318,19.5453,3.6604
2026-04-27,22.6466,1.8057,55.8998,10.8017,291.1281,11.9239,79.2802,1.8230,21.6327,2.9424
2026-04-28,22.3408,0.0352,39.9559,6.6881,296.1034,15.3361,87.2901,4.0723,27.1559,7.8765
2026-04-29,24.0514,2.7945,47.6387,7.3944,301.3867,14.8090,77.5397,1.3171,26.3778,2.2531
2026-04-30,24.7150,1.9184,50.1475,8.0380,306.7894,16.1147,79.3596,1.5983,28.4885,3.1252
2026-05-01,26.6197,0.0099,39.0267,8.1783,313.9849,20.5644,88.7040,5.3753,35.3419,11.5784
2026-05-02,27.1954,0.1250,31.2441,6.2155,321.2841,25.6861,91.6104,7.3783,42.8148,16.4378
2026-05-03,27.1477,0.0734,38.4234,5.2998,328.5747,30.2654,91.6603,7.0956,49.2009,17.1827
2026-05-04,29.7552,0.0742,30.8494,10.4390,336.3346,35.8826,92.5288,10.3930,56.6544,24.3444
2026-05-05,30.2009,0.0002,33.3977,11.7673,344.1748,41.3709,92.5790,11.1912,63.6227,27.1642
2026-05-06,28.9196,0.0012,39.4637,10.2414,351.7843,46.1552,92.3706,10.0633,69.5104,26.3978
2026-05-07,24.5322,1.0109,48.8744,14.6712,358.6041,49.6052,86.8785,5.7422,73.7174,18.2507
2026-05-08,23.2891,0.6999,44.6232,13.3898,365.2002,53.1608,87.6899,6.0438,77.9533,19.5284
2026-05-09,23.3369,0.0073,35.8378,11.7413,371.8048,57.2887,90.0816,7.8380,82.7150,24.2490
2026-05-10,29.3025,0.0000,24.2023,6.7555,379.4833,63.3555,93.5168,9.9132,89.3980,29.6608
2026-05-11,31.0366,0.0064,26.2458,6.6698,387.4739,69.5954,93.7746,10.2310,96.0577,31.3816
2026-05-12,31.3338,0.0430,27.6481,7.9577,395.5179,75.7733,93.8252,10.9940,102.4691,33.9341
2026-05-13,33.4892,0.1080,20.0498,6.0170,403.9500,83.0537,95.4345,12.4403,109.7136,37.9315
2026-05-14,32.3849,0.1811,24.5004,8.3748,412.1833,89.7094,95.4856,14.1077,116.1955,42.1283
2026-05-15,31.7019,0.4653,30.9329,8.2134,420.2936,95.6737,94.6322,12.4507,121.9481,39.6017
2026-05-16,30.7331,0.0703,32.8004,10.1911,428.2296,101.3054,94.0275,12.6535,127.3145,40.6559
2026-05-17,28.5040,0.0000,30.0931,12.7496,435.7643,106.7538,94.0342,14.4080,132.4118,44.7839
2026-05-18,24.4350,0.0017,28.6846,14.7340,442.5666,111.5479,93.7162,15.2359,136.8586,46.8959
2026-05-19,21.1576,0.0000,29.1895,17.1832,448.7789,115.6972,93.1558,15.9418,140.7071,48.6638
2026-05-20,21.9646,0.0037,28.7996,12.5857,455.1366,120.0206,93.1676,12.6660,144.6680,42.3936
2026-05-21,21.5317,0.6700,50.6265,11.7997,461.4163,122.9623,88.6309,6.3840,147.5942,27.0680
2026-05-22,26.9820,0.2067,45.9367,5.9007,468.6770,126.9593,89.1607,5.1172,151.3924,23.3791
2026-05-23,30.7259,0.0470,33.9988,9.7779,476.6117,132.4893,91.8649,9.1533,156.3338,35.0486
2026-05-24,28.5551,0.0002,30.8588,10.6213,484.1556,137.8873,92.3570,10.2382,161.0834,37.9950
2026-05-25,33.8970,0.0055,20.6677,8.8389,492.6611,145.1966,95.2980,14.0768,167.2004,46.9901
2026-05-26,33.2439,0.0103,25.0193,13.6424,501.0490,151.9760,95.3491,18.0572,172.8680,55.2594
2026-05-27,29.5938,0.5163,35.2145,12.3769,508.7799,157.2111,93.5052,13.1381,177.3900,45.4938
2026-05-28,25.6410,0.6012,48.6130,13.3242,515.7992,160.8287,90.2250,8.6648,180.7560,34.8646
2026-05-29,25.2398,0.0454,46.5007,10.3599,522.7464,164.5386,90.2744,7.5155,184.1615,31.8182
2026-05-30,29.0629,0.0278,36.2613,8.8005,530.3817,169.6000,91.2910,8.0320,188.5047,33.3864
2026-05-31,29.7157,0.0009,32.0792,11.3706,538.1345,175.1102,92.2632,10.4925,193.1179,39.9223
2026-06-01,30.5095,0.0000,26.0106,9.6051,547.0303,181.2674,93.6294,11.6248,198.2781,42.7949
2026-06-02,31.5296,0.3028,27.8747,10.0251,556.1096,187.4631,93.6799,11.9572,203.4609,43.7101
2026-06-03,31.2902,0.6990,33.1437,11.3765,565.1458,193.1641,92.0693,10.2122,208.3207,39.5978
2026-06-04,31.5682,0.0000,29.8268,11.5170,574.2321,199.1993,93.0582,11.8196,213.3621,43.6084
2026-06-05,32.7768,0.0000,24.5554,7.1180,583.5359,205.9279,94.3471,11.3281,218.8113,42.5392
2026-06-06,31.7725,4.3104,32.1059,9.6415,573.5834,100.1675,85.6841,3.7661,139.4521,18.2589
2026-06-07,26.4045,6.1334,52.2628,11.3618,551.3699,62.2129,72.7277,1.2205,97.0498,5.9663
2026-06-08,26.2230,5.6375,54.2965,8.7587,533.7102,42.1698,69.3502,0.9527,70.4279,3.6017
2026-06-09,27.4289,3.5213,51.6244,8.0010,529.8847,35.1066,74.4082,1.1111,60.2362,3.7686
2026-06-10,28.3008,4.0711,48.5996,7.8485,523.0656,28.4816,75.7034,1.1850,50.1380,3.4874
2026-06-11,27.6093,5.5743,52.8290,9.7420,507.7243,20.9508,72.4451,1.1124,37.9832,2.5172
2026-06-12,27.8380,3.9004,54.4190,9.7388,502.5908,17.8934,74.3926,1.2118,32.8619,2.4696
2026-06-13,31.8521,0.0711,35.0025,6.9835,511.7282,23.5321,90.1492,6.2271,42.2113,14.3354
2026-06-14,33.6870,0.0000,25.7067,6.9064,521.1959,30.3360,94.0410,10.7435,52.9650,24.0858
2026-06-15,35.4169,0.0103,20.5690,6.8654,530.9749,37.9722,95.6672,13.4016,64.4261,30.8974
2026-06-16,34.8579,0.0733,23.7009,11.6656,540.6534,45.1951,95.7185,17.1881,74.7654,39.1400
2026-06-17,32.1069,0.0080,20.9535,12.0122,549.8366,52.1055,95.7697,17.6130,84.2509,42.0846
2026-06-18,31.1473,0.1060,19.8279,11.4861,558.8471,58.9119,95.8210,17.2720,93.2488,43.5968
2026-06-19,32.7219,0.0007,21.1208,7.5115,568.1411,65.9354,95.8723,14.2358,102.2146,40.1437
2026-06-20,34.6737,0.0729,20.6224,11.9006,577.7863,73.4112,95.9236,17.8834,111.4283,48.1680
2026-06-21,31.9741,0.2729,34.3764,12.7390,586.9457,79.1252,94.1051,14.5424,118.3605,43.2669
2026-06-22,31.1340,0.0802,35.1618,11.8425,595.9538,84.6274,93.6045,12.9672,124.9106,41.0198
2026-06-23,29.3844,0.0113,35.8659,15.3812,604.6470,89.7745,93.1541,14.5544,130.9444,44.9050
2026-06-24,26.7289,0.0647,34.8182,13.3620,612.8622,94.5500,92.8805,12.6521,136.4663,41.6190
2026-06-25,28.7770,0.0790,33.2364,10.9623,621.4460,99.8014,92.9308,11.2904,142.4220,39.1832
2026-06-26,32.7478,0.0000,23.7096,7.6401,630.7446,106.5996,94.5052,11.8865,149.8748,41.1011
2026-06-27,36.4128,0.0000,20.1061,7.9064,640.7030,114.4898,95.9606,14.6967,158.2733,47.7048
2026-06-28,35.9577,2.4094,30.1652,11.4618,650.5793,96.1266,91.3671,9.2846,140.3935,34.3182
2026-06-29,36.2275,0.3353,31.0546,7.0949,660.5043,102.9019,93.5454,10.1245,148.1154,36.9141
2026-06-30,35.8430,0.0028,31.6202,12.5689,670.3600,109.5524,93.5959,13.4345,155.5525,44.8799
2026-07-01,31.8745,0.0000,36.9311,15.6197,679.8014,114.4366,93.3438,15.1260,161.0824,48.7742
2026-07-02,28.2796,0.0429,41.9604,14.4970,688.5958,118.4413,91.9858,11.8107,165.6510,41.9368
2026-07-03,30.7684,0.0077,35.8993,10.2771,697.8381,123.2389,92.0358,9.6161,170.9868,36.9473
2026-07-04,34.7531,0.0000,26.4109,8.2505,707.7976,129.4354,94.2485,11.8311,177.6523,42.5637
2026-07-05,36.7602,0.0000,20.0841,7.0029,718.1185,136.5413,96.0048,14.1268,185.0976,47.9681
2026-07-06,36.8912,0.0000,25.1119,8.8847,728.4629,143.2231,96.0561,15.6402,192.0492,51.4052
2026-07-07,37.2707,0.0000,22.6225,10.1696,738.8756,150.1961,96.1075,16.8027,199.1738,54.0022
2026-07-08,37.6825,0.0000,19.4825,8.3226,749.3625,157.5299,96.3723,15.8662,206.5226,52.3282
2026-07-09,38.9959,0.0000,16.5724,7.8919,760.0858,165.3860,97.1922,17.3289,214.2346,55.4717
2026-07-10,39.1832,0.0000,13.2580,9.5746,770.8427,173.5925,97.9262,20.7928,222.1279,62.2180
2026-07-11,39.4682,1.2615,17.9259,12.5165,781.6510,181.4122,96.4555,19.8207,229.6036,60.5790
2026-07-12,38.5496,1.1268,22.9829,12.4563,792.2939,188.5840,95.2338,16.7442,236.4605,54.7213
2026-07-13,36.0121,0.8086,33.4065,10.1625,802.4801,194.3883,92.8161,10.6715,242.1400,41.2421
2026-07-14,34.3929,1.3147,37.9038,7.6876,812.3748,199.5645,90.2972,6.5902,247.2705,30.0488
2026-07-15,39.4529,0.0147,23.3968,9.0123,823.1803,206.8602,95.6466,14.8909,254.0914,51.0699
2026-07-16,40.2129,0.0000,19.0957,10.1522,834.1227,214.7100,96.8504,18.5526,261.2806,58.5800
2026-07-17,39.3512,0.0000,20.3663,11.2996,844.9099,222.2754,96.9021,19.7932,268.1749,61.0022
2026-07-18,37.8083,0.0000,24.2742,8.8824,855.4194,229.1951,96.8245,17.3424,274.5127,56.2968
2026-07-19,35.0847,0.0000,31.9335,12.0311,865.4386,234.9795,95.0717,16.0299,279.9396,53.6535
2026-07-20,29.4510,0.4515,42.5953,14.5926,874.4438,239.0984,92.2582,12.3334,284.0369,45.5340
2026-07-21,33.7072,1.1989,35.9004,11.1939,884.2151,244.3383,90.9655,8.6511,289.0152,36.2357
2026-07-22,35.8561,1.3898,34.4063,5.3814,894.3732,250.0314,90.9199,6.4128,294.3449,29.6925
2026-07-23,35.8562,2.0442,36.0544,5.4585,904.5313,145.3059,89.2361,5.0589,207.3421,24.6891
2026-07-24,38.1236,1.6307,27.2086,7.8064,915.0976,135.7787,93.0958,9.8556,198.0811,38.4643
2026-07-25,38.5177,0.5616,27.0688,6.6729,925.7347,142.5645,94.7408,11.6940,205.8688,43.1503
2026-07-26,39.5126,0.0000,20.5888,7.4230,936.5510,150.1389,96.3879,15.1950,214.3653,51.1278
2026-07-27,40.5058,0.0000,15.6854,7.9116,947.5461,158.3776,97.6106,18.3388,223.4033,57.6472
2026-07-28,40.8847,0.0001,15.7781,12.3287,958.6093,166.6822,97.6863,23.1416,232.3586,66.5992
2026-07-29,41.3298,0.0000,16.2474,10.8824,969.7527,175.0280,97.7381,21.6634,241.2153,64.1408
2026-07-30,40.0237,0.0002,21.9684,9.5168,980.6609,182.5644,97.6601,20.0149,249.1647,61.2332
2026-07-31,36.0466,0.0000,34.9686,11.5371,990.8533,188.2379,94.7553,14.9720,255.2484,51.2536
2026-08-01,35.4515,0.0000,33.8206,10.4706,1000.2386,193.2317,94.5565,13.8058,260.6020,48.7580
2026-08-02,38.8845,0.0045,26.0454,7.2921,1010.2418,199.3364,95.1618,12.7812,266.9763,46.4862
2026-08-03,39.7256,0.3614,21.9058,10.9747,1020.3964,205.9184,96.1765,17.6622,273.7356,56.9289
2026-08-04,39.0134,0.5245,23.1355,13.7622,1030.4228,212.2837,95.8145,19.3540,280.2351,60.2530
2026-08-05,38.0526,0.0000,20.3359,12.9975,1040.2763,218.7229,96.2467,19.7437,286.7300,61.0258
2026-08-06,38.6621,0.0000,22.8808,10.3973,1050.2395,225.0534,96.2981,17.4396,293.0918,56.5857
2026-08-07,38.4873,0.0006,21.4432,9.0419,1060.1712,231.4736,96.3496,16.4016,299.4793,54.5054
2026-08-08,38.4683,0.0001,20.3641,13.1826,1070.0995,237.9788,96.4010,20.3475,305.8905,62.2353
2026-08-09,35.0294,0.0363,29.9980,14.5842,1079.4088,243.2001,95.3350,18.8985,311.1425,59.5093
2026-08-10,31.8206,0.0118,38.7623,12.3915,1088.1405,247.3620,93.2624,12.7098,315.4497,46.5054
2026-08-11,35.8483,0.0000,23.2020,6.9623,1097.5972,253.2200,95.1527,12.5550,321.1903,46.1569
2026-08-12,38.1193,0.0000,19.1121,8.7169,1107.4626,259.7692,96.4816,16.4245,327.4939,54.6235
2026-08-13,38.5648,0.0000,19.9227,8.6540,1117.4083,266.3265,96.5331,16.4863,333.7722,54.7611
2026-08-14,37.3452,0.0000,24.0133,12.0279,1127.1344,272.3574,96.5846,19.6774,339.5782,61.0556
2026-08-15,39.2453,0.0000,18.3680,6.7582,1137.2026,279.1567,96.8691,15.6752,345.9852,53.0913
2026-08-16,40.7430,0.0000,18.1242,7.6875,1147.5403,286.2294,97.1676,17.0953,352.5923,56.0263
2026-08-17,40.0482,0.0000,18.6267,8.2414,1157.7530,293.1419,97.2193,17.7009,359.0231,57.2464
2026-08-18,40.1085,0.0000,17.3124,8.0141,1167.9765,300.1764,97.2711,17.6203,365.5085,57.0915
2026-08-19,39.0937,0.0000,17.9179,10.7939,1178.0174,306.9874,97.3228,20.4099,371.7699,62.4642
2026-08-20,36.1907,0.0000,17.8781,9.9135,1187.5357,313.3096,97.3746,19.6593,377.5771,61.0595
2026-08-21,34.5924,0.0000,26.3598,11.2769,1196.7664,318.7358,96.0816,17.7048,382.6757,57.2709
2026-08-22,32.5415,0.0032,35.2029,12.2418,1205.6278,323.2361,94.0634,14.1010,387.0476,49.7269
2026-08-23,32.2279,0.0258,28.1517,9.0493,1214.4329,328.1795,94.1141,12.0902,391.7201,45.1269
2026-08-24,31.5631,0.0058,21.6624,10.4896,1223.1182,333.4620,94.8327,14.3540,396.6052,50.2875
2026-08-25,33.2794,0.0000,17.0161,6.4565,1232.1125,339.3517,96.1161,13.9516,401.9430,49.4011
2026-08-26,37.1193,0.0000,14.8430,5.0018,1241.7980,346.0708,97.2379,15.0720,407.9308,51.8478
2026-08-27,37.7401,0.0000,24.6239,8.9622,1251.5952,352.1148,96.8088,17.3756,413.4423,56.6249
2026-08-28,38.8098,0.0000,28.3875,9.8026,1261.5850,358.0151,96.2505,16.8163,418.8646,55.4952
2026-08-29,35.6118,2.5910,38.8643,10.7012,1270.9991,129.1162,88.9183,6.2946,205.9325,28.6811
2026-08-30,36.2415,0.8339,38.2679,11.1912,1280.5265,133.8751,91.5705,9.4272,212.2698,37.6654
2026-08-31,33.9983,0.0246,30.3425,11.8187,1289.6502,138.9224,93.3380,12.4794,218.8957,45.2509
2026-09-01,32.0260,0.0000,28.1760,9.8570,1297.1189,143.1583,93.5451,11.6360,224.4008,43.3681
2026-09-02,34.0051,0.0000,20.4056,6.1125,1304.9438,148.1329,95.4259,12.4858,230.7741,45.4559
2026-09-03,34.2283,0.0000,26.7704,7.5271,1312.8089,152.7389,95.4771,13.5021,236.6462,47.8431
2026-09-04,34.3254,0.0000,28.6469,11.6863,1320.6915,157.2391,95.3556,16.3769,242.3452,54.0535
2026-09-05,34.7685,0.0002,27.4622,9.7809,1328.6538,161.8713,95.4067,14.9817,248.1589,51.2059
2026-09-06,32.5717,1.9171,42.6625,9.0809,1336.2207,128.8280,87.6546,4.8397,207.6145,23.9390
2026-09-07,36.0804,0.1460,33.5604,4.6816,1344.4192,133.2259,92.7139,7.9809,213.5477,33.7761
2026-09-08,38.0415,0.1125,24.5477,7.9023,1352.9706,138.4839,95.2395,13.3211,220.5353,47.1913
2026-09-09,34.3777,0.2762,25.5205,9.7887,1360.8626,143.1882,95.2906,14.7520,226.7346,50.4288
2026-09-10,34.0137,0.0001,23.1496,5.7603,1368.6891,147.9925,95.3417,12.1261,233.0007,44.6488
2026-09-11,36.9378,0.0156,21.9578,7.5420,1377.0419,153.2776,95.7057,13.9391,239.8198,48.8519
2026-09-12,34.1547,0.7847,40.2223,11.4470,1384.8937,157.0296,91.2760,9.1583,244.6957,37.3705
2026-09-13,32.1446,1.5542,50.4927,9.4156,1392.3838,144.7354,86.4603,4.1526,229.7625,21.6973
2026-09-14,30.4713,2.7563,62.0212,8.1298,1399.5726,100.3144,78.0352,1.4233,170.1415,8.9946
2026-09-15,26.7165,4.4374,82.6244,9.0156,1273.5484,65.8519,57.6789,0.5493,116.6275,2.8495
2026-09-16,35.1207,0.0250,40.5113,5.5611,1281.5742,69.6881,87.7520,4.1100,122.6965,18.5222
2026-09-17,37.2959,0.0000,27.7350,5.1313,1289.9914,74.6280,94.1230,9.9364,130.3968,35.0193
2026-09-18,38.7230,0.0000,19.8052,4.3547,1298.6656,80.3137,96.3656,12.9792,139.1186,42.5632
2026-09-19,38.6508,0.0000,19.2339,7.1008,1307.3267,86.0296,96.5880,15.3583,147.7519,48.1999
2026-09-20,37.0111,0.0000,25.5450,7.6795,1315.6927,91.0815,96.4487,15.5193,155.2877,49.1431
2026-09-21,36.5236,0.0000,21.1143,6.8889,1323.9710,96.3656,96.5002,15.0168,163.0602,48.6841
2026-09-22,34.6414,0.0000,23.2394,7.2464,1331.9104,101.2500,96.4773,15.2428,170.1615,49.5789
2026-09-23,33.9091,0.0000,26.4041,5.8083,1339.7181,105.8372,95.8812,13.0808,176.7637,45.3391
2026-09-24,33.3068,0.0000,34.6758,8.5906,1347.4173,109.8387,94.2770,12.0831,182.4874,43.3408
2026-09-25,34.7480,0.1678,32.8552,9.4249,1355.3759,114.1240,94.3277,12.6905,188.5565,44.9469
2026-09-26,32.1164,1.1480,45.7611,9.2617,1362.8609,117.3316,88.7913,5.7484,193.1018,26.7221
2026-09-27,32.5870,0.1040,32.3811,9.8105,1370.4305,121.3870,92.4745,9.9924,198.7606,38.8276
2026-09-28,28.6624,0.0000,29.0838,10.3583,1377.2937,125.1447,92.7660,10.7017,203.9588,40.7182
2026-09-29,28.7645,0.0001,23.4975,8.0478,1384.1754,129.2123,93.8819,11.1313,209.5265,41.8872
2026-09-30,28.3523,0.0007,23.5945,7.9100,1390.9828,133.2187,93.9326,11.1322,214.9672,41.9970
2026-10-01,31.6058,0.0000,21.0060,6.7898,1397.3758,137.1333,94.9466,12.1001,220.2342,44.3948
2026-10-02,31.0790,0.0000,33.9199,9.3237,1403.6740,140.3552,93.9530,11.9880,224.5722,44.2036
2026-10-03,27.4250,0.2139,49.4681,9.9736,1409.3145,142.5392,90.8471,7.9990,227.5436,34.0196
2026-10-04,27.2349,0.5803,52.4631,5.6765,1414.9208,144.5801,88.7696,4.7834,230.3229,23.9861
2026-10-05,26.0256,1.0120,55.0240,12.6612,1420.3094,146.4287,85.5557,4.3072,232.8440,22.2930
2026-10-06,21.4056,1.2842,47.1886,15.2698,1424.8664,148.2296,84.0280,3.9871,235.2708,21.1136
2026-10-07,19.6491,0.2167,35.5689,10.9844,1429.1073,150.2552,88.7263,6.2116,237.9625,28.7993
2026-10-08,19.3462,1.3485,47.9001,14.9086,1433.2936,151.8693,83.3804,3.5948,240.1294,19.6200
2026-10-09,20.3819,0.0000,36.1223,8.0740,1437.6663,153.9485,88.5204,5.2081,242.8773,25.5482
2026-10-10,22.8954,0.0001,27.6879,3.9636,1442.4915,156.5776,91.3744,6.3697,246.3138,29.3579
2026-10-11,22.8354,0.9250,38.5817,11.0000,1447.3059,158.8050,88.2471,5.8033,249.2405,27.5698
2026-10-12,19.7556,0.4344,45.8369,10.7628,1451.5659,160.5166,88.2959,5.7746,251.5039,27.4896
2026-10-13,21.0242,0.0015,36.3224,4.3727,1456.0543,162.6513,89.6335,5.0706,254.2882,25.1421
2026-10-14,23.5849,0.0110,37.1424,6.5678,1461.0035,165.0023,90.1988,6.1414,257.3448,28.7036
2026-10-15,27.6540,0.0000,31.4973,8.0823,1466.6853,167.9868,91.8842,8.4267,261.1862,35.4975
2026-10-16,27.3034,0.0000,37.1912,7.5500,1472.3039,170.6899,91.9342,8.2618,264.6694,35.0572
2026-10-17,27.0412,0.0000,38.8212,7.8318,1477.8753,173.2986,91.9842,8.4395,268.0244,35.5692
2026-10-18,26.3054,0.0000,38.1823,8.0814,1483.3143,175.8655,92.0342,8.6070,271.3123,36.0474
2026-10-19,26.7142,0.0000,35.0266,7.6803,1488.8268,178.6038,92.0842,8.4946,274.7947,35.7525
2026-10-20,26.6628,0.0000,32.9874,7.9699,1494.3301,181.4227,92.1342,8.6806,278.3585,36.2796
2026-10-21,25.2193,0.0000,39.5104,7.8799,1499.5736,183.8350,91.7886,8.2290,281.4206,35.0375
2026-10-22,24.7644,0.0415,47.5656,7.1529,1504.7352,185.8899,90.5113,6.6144,284.0525,30.2931
2026-10-23,21.0531,0.0073,41.3969,11.8348,1509.2287,187.8570,90.5608,8.4338,286.5463,35.6270
2026-10-24,20.1179,0.0042,38.3710,8.1011,1513.5539,189.8383,90.6104,7.0370,289.0431,31.5966
2026-10-25,21.1734,0.0063,47.3662,8.9309,1518.0692,191.6146,89.8426,6.5740,291.3058,30.1877
2026-10-26,24.1596,0.0020,42.4530,6.7074,1523.1219,193.8171,89.8919,5.9188,294.0801,28.1163
2026-10-27,26.5637,0.0192,38.0040,8.4585,1528.6074,196.4158,90.5542,7.1075,297.3219,31.8292
2026-10-28,25.8153,0.0002,47.2570,9.2512,1533.9581,198.5667,90.4273,7.2643,300.0363,32.3032
2026-10-29,26.3653,0.3688,49.5044,9.8958,1539.4079,200.6681,90.1540,7.2163,302.6931,32.1660
2026-10-30,26.4481,0.0058,51.4372,12.1202,1544.8725,202.6952,89.8329,7.7094,305.2609,33.6196
2026-10-31,26.5181,0.1340,49.4214,10.6180,1550.3498,204.8117,89.8822,7.1981,307.9258,32.1216
2026-11-01,26.0683,0.1761,50.7137,8.9733,1554.7461,206.5870,89.8466,6.5919,310.1470,30.2815
2026-11-02,22.4331,1.7655,65.9625,8.2604,1558.4880,150.6804,77.7171,1.3955,242.6984,9.3655
2026-11-03,24.6561,0.7102,57.5056,8.5846,1562.6301,152.1315,83.6473,2.7067,244.7043,15.9176
2026-11-04,25.1261,0.2264,56.3021,7.1313,1566.8568,153.6509,86.3612,3.6496,246.7974,19.8720
2026-11-05,21.1942,3.0462,63.1689,9.9735,1461.9951,98.1113,70.9629,1.0672,168.0320,6.9422
2026-11-06,19.0857,0.0045,50.3192,5.2943,1465.1345,99.4409,81.9639,1.8532,170.0311,11.2128
2026-11-07,18.8016,0.2876,55.1925,7.9190,1468.2228,100.6231,85.0265,3.1521,171.8093,17.0012
2026-11-08,19.8160,0.6129,60.5577,7.3760,1471.4937,101.7169,84.5591,2.8772,173.4581,15.9083
2026-11-09,20.4413,4.4016,61.6819,10.3286,1322.2944,66.9499,66.1197,0.9262,118.8553,5.1904
2026-11-10,18.4786,0.0003,53.4213,3.9541,1325.3245,68.1590,78.9990,1.2568,120.7882,7.0167
2026-11-11,17.4419,0.2511,59.6834,7.4954,1328.1681,69.1501,83.1713,2.4081,122.3722,12.2915
2026-11-12,16.7009,0.1588,51.6372,7.0614,1330.8782,70.2915,85.5007,3.2235,124.1855,15.5270
2026-11-13,17.5850,0.2986,46.6389,6.2192,1333.7475,71.6134,86.9779,3.8041,126.2762,17.7072
2026-11-14,19.7461,1.0211,63.6383,9.2665,1337.0058,72.6183,81.7899,2.2170,127.8733,11.7342
2026-11-15,21.0595,0.0000,60.7816,7.1042,1340.5005,73.7705,84.5530,2.8357,129.6973,14.3364
2026-11-16,23.9512,0.0000,50.4425,6.5735,1344.5157,75.4165,87.2039,3.9994,132.2829,18.7164
2026-11-17,23.8190,0.0015,52.0897,8.2429,1348.5072,76.9993,87.5712,4.5846,134.7615,20.8120
2026-11-18,23.6590,0.0323,54.7243,5.1864,1352.4698,78.4855,87.6197,3.9575,137.0832,18.8209
2026-11-19,21.0819,0.0473,56.6307,5.7230,1355.9685,79.7609,87.6683,4.0943,139.0708,19.3933
2026-11-20,21.2111,0.0045,48.8499,5.8548,1359.4905,81.2740,87.7726,4.1836,141.4128,19.8138
2026-11-21,18.4655,0.0001,55.3846,13.1473,1362.5183,82.4313,87.7738,6.0424,143.2034,25.8194
2026-11-22,19.4606,0.1301,51.9849,10.9755,1365.7252,83.7401,87.8224,5.4539,145.2197,24.1459
2026-11-23,20.0607,0.0375,56.5586,8.9452,1369.0402,84.9589,87.8350,4.9324,147.0967,22.5843
2026-11-24,19.4088,0.1524,58.8641,10.0875,1372.2377,86.0774,87.4502,4.9449,148.8173,22.7051
2026-11-25,19.5292,0.0596,58.8762,9.5124,1375.4570,87.2021,87.3784,4.7546,150.5436,22.1575
2026-11-26,19.4761,0.1805,62.4181,9.4492,1378.6667,88.2274,86.8807,4.4151,152.1179,21.0792
2026-11-27,19.3192,1.7900,67.5868,10.7838,1381.8482,81.3040,75.7013,1.3737,141.7566,8.2010
2026-11-28,18.6536,6.5480,69.2633,9.7163,1184.9326,48.9781,54.6433,0.4407,88.7819,1.4936
2026-11-29,18.0503,2.9492,68.7840,8.0604,1145.3793,39.7550,57.6463,0.5222,73.1616,1.5802
2026-11-30,17.8263,3.7958,73.3755,10.1669,1088.1803,29.4554,54.2597,0.4348,55.1769,0.7850
2026-12-01,18.3142,4.1863,68.3341,8.7134,1030.1700,20.8660,54.2173,0.4024,39.7206,0.5758
2026-12-02,16.3037,0.1438,60.4661,5.5925,1032.8087,21.6478,71.7251,0.8787,41.1399,1.9193
2026-12-03,16.8557,0.0940,54.2688,9.2117,1035.5467,22.5810,81.4780,2.1308,42.8273,5.7652
2026-12-04,14.5997,0.0001,54.1090,7.3312,1037.8787,23.3997,84.2865,2.7668,44.3024,7.5219
2026-12-05,14.3242,0.0000,45.2702,8.5216,1040.1610,24.3590,86.3550,3.9111,46.0236,10.3757
2026-12-06,14.4596,0.0000,45.3966,8.0757,1042.4677,25.3245,87.0103,4.1965,47.7491,11.2320
2026-12-07,14.8384,0.0973,45.5315,7.0529,1044.8426,26.3111,87.2424,4.1197,49.5056,11.2980
2026-12-08,14.9422,0.0001,47.2442,7.4153,1047.2362,27.2728,87.2908,4.2247,51.2115,11.7584
2026-12-09,13.9336,0.0000,46.7113,8.2115,1049.4483,28.1832,87.3393,4.4282,52.8202,12.4283
2026-12-10,14.4405,0.0391,47.9738,7.3317,1051.7516,29.1020,87.3878,4.2655,54.4383,12.2731
2026-12-11,15.2178,0.0000,48.5286,7.9241,1054.1948,30.0565,87.4363,4.4254,56.1133,12.8578
2026-12-12,16.4549,0.0000,48.6329,6.6310,1056.8607,31.0812,87.4848,4.1750,57.9051,12.5004
2026-12-13,16.4293,0.0000,51.0992,7.2872,1059.5219,32.0553,87.5333,4.3454,59.6026,13.1175
2026-12-14,17.0309,0.0004,46.0046,7.3599,1062.2915,33.1679,87.5977,4.4017,61.5326,13.4931
2026-12-15,16.4833,0.0092,57.3240,5.6857,1064.9625,34.0206,87.2699,3.8605,63.0091,12.3317
2026-12-16,17.5393,0.0222,55.0530,5.5134,1067.8235,34.9727,87.3183,3.8537,64.6517,12.4995
2026-12-17,14.4409,0.9789,74.0609,5.4341,1070.1269,35.4308,79.1819,1.3778,65.4445,5.0570
2026-12-18,16.2352,1.4668,64.1491,7.5683,1072.7532,36.1370,74.5212,1.0934,66.6602,4.0192
2026-12-19,15.2063,0.0000,45.4679,6.5839,1075.1944,37.1475,83.0511,2.2647,68.3881,8.3068
2026-12-20,15.9257,0.0000,48.2794,7.6702,1077.7650,38.1482,85.7945,3.4629,70.0939,12.0313
2026-12-21,17.8412,0.0000,50.2155,6.7563,1080.6804,39.2198,86.6557,3.7337,71.9148,12.9666
2026-12-22,18.5662,0.0006,50.6366,4.6907,1083.7263,40.3230,86.9405,3.5035,73.7828,12.5148
2026-12-23,17.0517,0.0035,56.0665,4.9053,1086.4996,41.2292,86.9889,3.5660,75.3137,12.8449
2026-12-24,14.8593,0.1105,65.9654,4.9515,1088.8783,41.8465,85.8774,3.0549,76.3569,11.4410
2026-12-25,15.6300,1.5470,79.6618,7.5501,1091.3957,40.9642,71.9942,0.9793,74.9001,3.9109
2026-12-26,14.7375,0.0483,64.6502,3.5834,1093.7524,41.6004,78.3918,1.1671,75.9764,4.7733
2026-12-27,14.9131,0.4412,62.8246,6.0257,1096.1408,42.2769,81.9503,1.9196,77.1179,7.7609
2026-12-28,14.2174,1.3355,67.4843,9.9543,1098.4039,42.8429,75.5327,1.3042,78.0727,5.4494
2026-12-29,13.0421,0.0004,54.1397,6.6409,1100.4555,43.5799,81.6209,1.9036,79.3080,7.8465
2026-12-30,12.2390,1.0102,57.1537,5.4682,1102.3625,44.2294,78.6771,1.3166,80.3947,5.6149
2026-12-31,11.7093,2.1743,71.5397,10.5424,1104.1742,39.2783,65.7601,0.9239,72.1411,3.5476
2027-01-01,12.0958,0.0369,57.1885,7.5281,1106.0555,39.9738,76.7269,1.2475,73.3228,4.9754
2027-01-02,13.8395,0.1792,59.2830,6.0713,1108.2506,40.7227,81.5248,1.8289,74.5931,7.2679
2027-01-03,15.4685,0.0621,70.8354,4.8104,1110.7389,41.3176,82.3598,1.8983,75.6043,7.5839
2027-01-04,15.8721,0.0022,61.9108,4.2473,1113.2999,42.1134,83.7559,2.2067,76.9498,8.7580
2027-01-05,15.9474,0.0009,54.7050,8.3923,1115.8744,43.0640,85.2357,3.3227,78.5496,12.4477
2027-01-06,17.3833,0.0072,50.6132,8.1219,1118.7074,44.1878,86.3961,3.8554,80.4331,14.1744
2027-01-07,16.9654,0.0000,54.6442,5.0535,1121.4652,45.1965,86.4442,3.3256,82.1193,12.7803
2027-01-08,16.1009,0.0413,57.1160,5.6318,1124.0674,46.1047,86.4924,3.4474,83.6335,13.2901
2027-01-09,15.2806,0.1251,63.1614,5.6317,1126.5219,46.8475,86.1080,3.2654,84.8714,12.8446
2027-01-10,15.5830,0.0522,65.7088,4.8205,1129.0308,47.5518,85.7153,2.9667,86.0438,11.9970
2027-01-11,15.6762,0.1566,70.5847,4.7354,1131.5565,48.1594,84.9732,2.6653,87.0559,11.0779
2027-01-12,16.5087,0.0249,65.8362,3.1994,1134.2321,48.9000,85.0209,2.4831,88.2844,10.5409
2027-01-13,18.8522,0.0000,50.8794,10.2460,1137.3295,50.1065,86.5388,4.3784,90.2706,16.6717
2027-01-14,17.5501,0.0000,56.5204,10.1907,1140.1925,51.1048,86.5870,4.3962,91.9107,16.8877
2027-01-15,18.0694,0.0077,52.8417,7.5564,1143.1490,52.2177,86.6353,3.8761,93.7316,15.5235
2027-01-16,16.8016,0.0167,52.1640,7.7313,1145.8773,53.2720,86.6835,3.9372,95.4502,15.8654
2027-01-17,16.1707,0.0000,53.3172,9.5322,1148.4920,54.2645,86.7318,4.3408,97.0638,17.2259
2027-01-18,16.3393,0.0000,52.4791,9.5312,1151.1371,55.2848,86.7801,4.3705,98.7170,17.4677
2027-01-19,17.0521,0.0000,52.1938,10.5146,1153.9105,56.3531,86.8284,4.6241,100.4430,18.3759
2027-01-20,17.3631,0.0005,51.0244,9.6702,1156.7398,57.4663,86.8767,4.4620,102.2352,18.0610
2027-01-21,16.9773,0.0078,49.1521,7.8043,1159.4997,58.5979,87.0102,4.1394,104.0499,17.2366
2027-01-22,16.3164,1.5493,56.4710,6.7545,1162.1407,57.6550,77.7087,1.2926,102.5865,6.5359
2027-01-23,15.1202,0.0011,52.0342,5.0790,1164.5663,58.6128,83.0742,2.1056,104.1242,10.1348
2027-01-24,18.4763,0.0000,45.1423,9.6231,1167.5960,59.9349,86.7493,4.3716,106.2366,18.1360
2027-01-25,19.6922,0.0115,47.8043,8.0814,1170.8446,61.2710,87.4886,4.4941,108.3650,18.6887
2027-01-26,19.2335,0.2014,50.7577,4.5814,1174.0107,62.5037,87.5372,3.7937,110.3234,16.6252
2027-01-27,18.9515,0.1346,50.2903,4.8363,1177.1259,63.7308,87.5857,3.8694,112.2660,17.0158
2027-01-28,18.1144,0.0194,45.5710,4.9932,1180.0905,65.0183,87.7917,4.0168,114.2937,17.6440
2027-01-29,17.4607,0.2078,49.3041,7.9627,1182.9375,66.1767,87.8404,4.6978,116.1140,19.9340
2027-01-30,19.0697,0.1382,51.5768,8.6269,1186.0740,67.3791,87.8890,4.8916,117.9997,20.6718
2027-01-31,17.1930,1.5138,65.5040,6.1748,1188.8727,66.3203,76.6279,1.1572,116.4066,6.3656
2027-02-01,15.8647,7.0059,78.4524,6.1064,1046.4307,38.8769,43.8525,0.0932,71.1459,0.2026
2027-02-02,18.4037,0.4121,57.0945,11.3538,1049.4474,40.0656,71.2534,1.1554,73.1495,4.5879
2027-02-03,15.8657,2.0516,70.1737,10.1531,1052.0072,36.5310,66.7171,0.9378,67.2260,3.3980
2027-02-04,17.1062,1.2941,63.7429,8.9512,1054.7903,37.4687,72.4089,1.0674,68.8253,4.0164
2027-02-05,17.8291,0.2180,52.8552,11.3126,1057.7036,38.7364,82.4750,2.6722,70.9745,9.7995
2027-02-06,15.0581,0.0468,60.3887,15.9661,1060.1181,39.6456,84.1237,4.1827,72.5118,14.2371
2027-02-07,14.8628,0.0491,59.4679,15.0654,1062.4974,40.5646,84.7126,4.3283,74.0605,14.7940
2027-02-08,15.5168,0.0021,49.7576,12.9138,1064.9944,41.7506,86.1583,4.7465,76.0479,16.1075
2027-02-09,16.2209,0.0002,46.0648,13.3816,1067.6181,43.0776,87.1379,5.5833,78.2608,18.4679
2027-02-10,15.6784,0.3536,50.1013,17.0778,1070.1443,44.2669,87.1863,6.7730,80.2363,21.5179
2027-02-11,10.9307,1.1209,68.9068,19.0381,1071.8158,44.7982,78.8546,2.6515,81.1201,10.5635
2027-02-12,13.8307,0.2788,58.1896,19.7991,1074.0093,45.6850,83.1851,4.4844,82.5875,16.1530
2027-02-13,15.3175,1.0886,67.6425,10.1717,1076.4704,46.4396,78.3553,1.6215,83.8373,7.0437
2027-02-14,16.0229,14.7329,79.2911,11.6233,844.9694,21.3498,40.6044,0.0699,40.1626,0.1008
2027-02-15,15.8338,7.8954,76.6282,9.1277,769.6351,11.9205,37.4391,0.0329,22.9522,0.0326
2027-02-16,16.3041,0.1425,63.6681,5.3945,772.2739,12.8187,61.3858,0.5831,24.6159,0.6040
2027-02-17,17.6345,0.1062,53.4055,10.1061,775.1521,14.0587,78.3871,1.6206,26.8978,3.0327
2027-02-18,13.3573,0.3928,62.6915,22.7669,777.2604,14.8249,82.4084,4.7201,28.3003,9.1731
2027-02-19,14.6189,0.1324,59.4248,14.8215,779.5958,15.7309,84.1454,3.9598,29.9509,8.1409
2027-02-20,18.7875,0.1089,56.4335,5.5251,782.6816,16.9616,85.4746,2.9725,32.1799,6.5598
2027-02-21,18.8705,0.1758,63.4112,4.6515,785.7823,17.9996,85.5224,2.8635,34.0493,6.5664
2027-02-22,18.0608,0.1533,66.4126,5.9822,788.7372,18.9138,85.5703,3.0826,35.6881,7.2392
2027-02-23,15.0408,0.0812,56.1916,11.4599,791.1486,19.9182,85.6182,4.0897,37.4776,9.5503
2027-02-24,10.4480,0.0389,34.8292,20.2173,792.7332,20.9873,87.7798,8.6359,39.3689,17.6957
2027-02-25,10.0700,4.0892,67.2036,21.4964,765.0063,14.7105,61.3842,1.3125,28.0715,2.3800
2027-02-26,13.1968,3.0966,67.4742,18.5503,750.1229,11.3045,60.2457,1.0585,21.7880,1.1005
2027-02-27,14.3005,0.0506,62.6527,17.4378,752.4010,12.1215,75.8274,1.9360,23.3044,3.3586
2027-02-28,14.2440,0.0150,58.6021,13.5898,754.6689,13.0238,81.9415,2.8073,24.9703,5.2729
2027-03-01,16.1280,0.0055,50.5349,8.9828,757.2760,14.4764,85.2286,3.4197,27.6323,6.7946
2027-03-02,18.2972,0.0001,49.7629,7.2800,760.2735,16.1375,86.6150,3.8115,30.6486,7.9797
2027-03-03,21.3138,0.1798,45.9774,6.6330,763.8140,18.2015,87.9140,4.4399,34.3563,9.7322
2027-03-04,20.6590,0.3512,55.2800,5.8265,767.2366,19.8602,87.9626,4.2929,37.3062,9.9217
2027-03-05,21.3253,0.5418,49.5203,10.2140,770.7791,21.7898,87.5269,5.0314,40.7030,11.8776
2027-03-06,23.2234,0.1038,48.2635,6.3202,774.6633,23.9349,88.0787,4.4748,44.4374,11.3549
2027-03-07,22.1814,0.2349,49.0558,7.6178,778.3600,25.9567,88.1274,4.8107,47.9184,12.5614
2027-03-08,21.8628,0.1074,48.8775,5.5125,781.9993,27.9577,88.1761,4.3568,51.3278,12.0687
2027-03-09,21.3789,0.0049,44.0095,9.6966,785.5515,30.1031,88.5821,5.7020,54.9426,15.4670
2027-03-10,19.4083,0.0000,42.7205,7.5522,788.7490,32.1055,88.6310,5.1540,58.2804,14.7905
2027-03-11,21.5672,0.0688,36.6915,4.7647,792.3351,34.5517,89.7451,5.2552,62.3104,15.5778
2027-03-12,21.2389,1.5345,47.1695,9.0663,795.8621,35.5646,82.6843,2.4496,63.9814,8.5260
2027-03-13,15.5573,9.8313,73.7615,13.7474,709.7612,18.1501,48.8326,0.2833,34.1190,0.3650
2027-03-14,14.1976,3.6654,66.1327,11.5671,691.9599,13.4958,52.9586,0.4100,25.7366,0.4372
2027-03-15,13.6196,1.1561,73.4809,9.2217,694.1154,14.1611,62.6579,0.7561,26.9478,0.8311
2027-03-16,15.8589,5.4182,72.8241,5.8606,662.1823,9.0630,46.7294,0.1430,17.5262,0.1194
2027-03-17,16.3945,4.8970,67.7879,9.6500,637.0270,6.0590,49.4288,0.2486,11.8365,0.1646
2027-03-18,19.0605,0.0054,46.7582,8.8409,640.1619,7.8887,75.7956,1.2529,15.3058,0.9635
2027-03-19,20.3477,0.0000,42.7067,9.5874,643.5285,9.9833,85.6990,3.7636,19.2211,5.9631
2027-03-20,20.1708,1.1743,58.3947,7.8513,646.8632,11.4918,81.2458,1.9366,22.0063,3.2144
2027-03-21,19.9739,0.0851,66.1071,4.8052,650.1625,12.7093,83.3743,2.1589,24.2344,3.9189
2027-03-22,19.5771,5.7324,69.9791,8.4559,619.9464,8.2440,57.3069,0.5190,15.9575,0.4093
2027-03-23,20.6024,0.1060,59.2297,15.6688,623.3589,9.7523,78.2238,2.1147,18.7704,3.1656
2027-03-24,17.0622,0.0722,54.7622,23.6774,626.1341,11.1528,84.2999,6.3167,21.3547,10.0462
2027-03-25,18.0177,0.2210,52.3054,18.1137,629.0813,12.7071,86.1423,6.1545,24.1925,10.5107
2027-03-26,20.4670,3.5113,68.3278,8.9498,617.1650,9.7374,66.1802,0.8659,18.7358,0.7535
2027-03-27,21.1688,1.2408,67.5595,7.0635,620.6794,10.9688,72.9610,0.9922,21.0095,0.9279
2027-03-28,22.9810,0.1504,52.2666,3.8505,624.5200,12.9282,83.2208,2.0169,24.5841,3.6681
2027-03-29,21.3027,0.0052,54.9454,14.1313,628.0585,14.6487,85.9951,4.9323,27.6833,9.4050
2027-03-30,19.5514,1.1622,58.6297,13.1199,631.2817,16.1051,81.8172,2.7009,30.2790,5.7578
2027-03-31,17.9134,3.8299,72.0157,8.6110,616.4023,11.7620,60.3299,0.6448,22.4529,0.6292
2027-04-01,20.8821,2.9340,61.1412,7.8912,610.5460,10.5015,64.8811,0.7812,20.1371,0.7112
2027-04-02,22.2538,0.2655,51.7238,4.8898,615.5057,13.2348,80.6896,1.5666,25.1192,2.7418
2027-04-03,22.7621,0.5577,49.3715,11.5461,620.5569,16.1636,86.2062,4.4603,30.3508,9.0970
2027-04-04,19.6013,2.2594,50.5820,18.1656,625.0391,15.8684,78.7383,2.5104,29.8428,5.3068
2027-04-05,17.6690,13.6754,79.0177,12.3256,544.1969,8.1487,43.3133,0.1167,15.7093,0.0912
2027-04-06,20.9075,6.0375,65.4243,9.2241,521.1903,6.0433,52.4652,0.3459,11.7462,0.2281
2027-04-07,18.0645,9.7208,72.1843,12.0503,478.9497,3.8762,45.8414,0.1715,7.5987,0.0897
2027-04-08,16.9728,5.6046,66.6816,13.3170,461.5006,3.0598,51.3410,0.3758,6.0198,0.1757
2027-04-09,16.2002,7.3409,67.0184,13.0513,436.3525,2.3937,49.1488,0.2849,4.7226,0.1196
2027-04-10,13.3534,3.9768,69.3791,9.4064,427.9833,1.8944,48.6968,0.2237,3.7474,0.0855
2027-04-11,14.0672,9.8136,73.0770,11.3832,393.8409,1.2904,39.8036,0.0594,2.5598,0.0198
2027-04-12,16.3615,2.9433,55.4657,12.3906,391.6067,2.0985,58.9588,0.7139,4.1415,0.2839
2027-04-13,17.2621,2.9633,56.0247,8.4364,389.4831,2.7403,63.2820,0.7490,5.3858,0.3329
2027-04-14,14.9255,15.9078,82.6262,12.1452,335.3117,1.3776,34.0978,0.0181,2.7272,0.0062
2027-04-15,15.5380,12.6996,71.5628,15.2405,298.9439,1.1470,40.0952,0.0762,2.2723,0.0245
2027-04-16,15.5433,6.3576,67.6098,15.7919,286.3795,1.3069,48.1530,0.2872,2.5843,0.0962
2027-04-17,14.9132,7.1227,69.0839,13.9106,271.7454,1.2083,46.7241,0.2143,2.3900,0.0700
2027-04-18,16.7126,1.8656,51.0767,11.3939,275.7076,2.6176,66.5313,0.9918,5.1139,0.4308
2027-04-19,15.9233,0.9669,55.3155,9.2115,279.5278,4.4617,75.9505,1.2890,8.5811,0.7171
2027-04-20,15.7036,3.0900,77.1598,8.9275,278.2147,3.4204,58.4762,0.5797,6.6368,0.2837
2027-04-21,19.5190,0.4907,55.7439,7.5002,282.6821,5.6326,77.0357,1.2740,10.7307,0.7987
2027-04-22,22.5377,0.0001,46.0504,5.2210,287.6929,8.7242,85.5936,2.9762,16.2188,4.2239
2027-04-23,24.4910,0.0000,43.1989,11.0607,293.0553,12.2482,88.7233,6.2328,22.1790,10.1377
2027-04-24,25.6300,0.0000,38.0759,14.0635,298.6227,16.2610,90.2657,9.0462,28.6252,15.5662
2027-04-25,24.1737,0.0005,37.8286,17.3817,303.9280,20.0704,90.3152,10.7686,34.4528,19.4506
2027-04-26,24.3843,0.0000,41.6636,18.3045,309.2711,23.6745,90.3646,11.3612,39.7432,21.7061
2027-04-27,24.4994,0.0050,41.5700,14.0603,314.6350,27.3007,90.4141,9.2388,44.8684,19.8845
2027-04-28,22.0664,3.3229,57.6572,10.3410,313.1799,22.7383,73.1106,1.1776,38.4901,2.7511
2027-04-29,22.1531,2.1607,60.2673,8.3116,318.1215,21.8594,73.0156,1.0590,37.3096,2.3072
2027-04-30,25.2714,0.0524,49.4046,5.5312,323.6243,25.0941,84.8073,2.7120,42.0389,7.1447
2027-05-01,21.6759,8.5418,62.7479,10.3051,304.9956,15.2330,60.2185,0.6975,27.0842,0.7692
2027-05-02,18.2186,15.9968,81.7196,12.3586,262.9730,7.6129,37.3787,0.0383,14.1982,0.0281
2027-05-03,17.9850,6.2328,81.7286,8.0873,254.0546,4.7473,35.7345,0.0216,9.0709,0.0124
2027-05-04,25.4142,0.0011,46.5364,5.8930,261.0332,8.4792,74.0413,0.9813,15.6847,0.7658
2027-05-05,27.6527,0.0001,40.9302,4.8995,268.4147,12.9506,87.2869,3.7196,23.1132,6.5897
2027-05-06,28.8362,0.0124,36.0470,7.0012,276.0092,17.9908,90.8801,6.9189,30.9399,13.1738
2027-05-07,30.0265,0.0069,29.9225,4.7887,283.8180,23.7334,92.6118,7.9097,39.2594,16.5494
2027-05-08,28.4566,0.0384,36.5368,8.1478,291.3442,28.6716,92.6620,9.4349,46.0208,20.4521
2027-05-09,28.7674,0.5940,39.7745,7.2001,298.9263,33.4072,90.6258,6.7394,52.2235,17.0684
2027-05-10,26.9355,0.6806,42.2985,9.0480,306.1787,37.6660,89.3247,6.1394,57.6131,16.7822
2027-05-11,25.3668,0.0006,35.6930,11.2393,313.1487,42.1468,90.6870,8.3332,63.0715,22.0042
2027-05-12,23.9857,0.0148,31.3083,14.7059,319.8701,46.6834,91.4349,11.0392,68.4074,27.9057
2027-05-13,24.3489,0.0000,26.8442,14.5798,326.6569,51.5847,92.4072,12.5871,73.9675,31.7068
2027-05-14,25.1227,0.0000,28.2304,12.8291,333.5830,56.5393,92.4574,11.6060,79.4243,31.1041
2027-05-15,25.0833,0.0000,29.0982,12.9090,340.5020,61.4267,92.5076,11.7354,84.6680,32.3387
2027-05-16,26.3087,0.0000,26.3184,11.8418,347.6416,66.7434,92.9321,11.8043,90.1954,33.4924
2027-05-17,27.6868,0.0000,25.8154,11.2252,355.0292,72.3655,93.2863,12.0246,95.8754,34.9125
2027-05-18,24.8195,0.6686,40.4249,15.3479,361.9007,76.4308,89.7554,8.9708,100.0415,29.2787
2027-05-19,17.4511,9.4049,65.9063,21.4754,336.8498,42.3793,59.5621,1.1747,64.4784,4.2323
2027-05-20,16.3859,7.7048,71.0032,18.3724,319.4445,24.8995,51.3525,0.4854,41.6776,0.7183
2027-05-21,18.3287,11.2742,66.7036,16.5795,291.2438,13.4246,50.8762,0.4199,24.0749,0.4287
2027-05-22,15.2082,21.8097,89.3646,13.2734,233.0495,6.0559,23.8171,0.0010,11.3731,0.0007
2027-05-23,19.2639,0.9285,57.4877,9.2809,238.9210,8.3351,59.3599,0.6270,15.3329,0.4827
2027-05-24,21.8952,0.7102,54.5609,5.7266,245.2661,11.0859,77.0682,1.1679,19.9208,1.2729
2027-05-25,21.4535,1.9324,54.0926,11.5816,251.5317,12.1917,77.3179,1.5985,21.7480,2.4842
2027-05-26,18.6369,3.8033,62.5724,12.7550,250.3849,9.8689,65.7534,1.0326,17.9673,0.8754
2027-05-27,23.6160,1.1375,51.4586,10.8792,257.0398,13.0274,80.0853,1.9851,23.1247,3.4391
2027-05-28,25.6761,0.2532,46.5155,5.8400,264.0655,16.7976,87.1226,3.8099,28.9857,7.7155
2027-05-29,27.1372,0.7242,43.9483,5.8530,271.3542,20.9645,88.2107,4.4542,35.1415,9.8864
2027-05-30,28.6882,0.0498,39.6172,6.2262,278.9221,25.6998,90.3577,6.1755,41.7764,14.1637
2027-05-31,30.0089,0.0010,35.7733,6.2242,286.7277,30.9599,91.5195,7.2869,48.7580,17.4427
2027-06-01,30.2669,0.1191,37.2350,6.1919,295.5797,36.1429,91.5694,7.3267,55.3620,18.7283
2027-06-02,29.9465,0.0000,35.2313,5.4938,304.3741,41.4368,91.7529,7.2600,61.8301,19.7208
2027-06-03,31.1692,0.0001,31.4306,6.4502,313.3885,47.2620,92.6419,8.6369,68.6437,23.5785
2027-06-04,31.6581,0.3643,30.7837,6.2172,322.4910,53.2313,92.9295,8.8878,75.3634,25.2394
2027-06-05,32.9328,0.0035,31.0737,8.6322,331.8229,59.4069,93.1057,10.2887,82.0775,29.1367
2027-06-06,28.7571,0.0169,34.9530,14.3930,340.4032,64.5198,93.1347,13.8100,87.5528,36.6140
2027-06-07,23.5134,0.0648,43.3790,12.9959,348.0396,68.1888,91.1732,9.7579,91.5405,29.6918
2027-06-08,22.5666,1.5326,43.2638,11.3510,355.5056,69.6140,84.5768,3.5237,93.4703,14.4083
2027-06-09,21.0502,11.4791,65.4102,8.1994,324.9979,36.6531,54.4370,0.4004,57.1834,0.7419
2027-06-10,19.2913,18.5333,85.1922,13.7996,273.7111,15.1693,33.7890,0.0183,26.6467,0.0200
2027-06-11,22.0392,7.5457,65.3147,14.4375,262.0583,10.1412,54.0788,0.5299,18.4932,0.4573
2027-06-12,23.9269,1.3901,59.2448,10.3739,269.7692,12.8264,73.9369,1.2238,22.9275,1.7210
2027-06-13,23.7305,3.5545,62.3128,9.8223,271.0045,11.0881,68.9883,0.9937,20.1184,0.9042
2027-06-14,24.5536,2.2538,58.5735,10.3102,278.8281,11.6279,74.6846,1.2661,21.0601,1.6563
2027-06-15,23.9778,2.0689,59.2352,11.1129,286.5481,12.3654,76.2962,1.4509,22.3226,2.2135
2027-06-16,23.0705,5.5235,64.1801,11.1852,280.9672,9.3290,64.2063,0.8966,17.2280,0.7408
2027-06-17,24.6712,5.1765,61.1976,9.9644,276.9628,7.8140,64.9952,0.8712,14.5983,0.6513
2027-06-18,28.2186,0.6364,51.1884,4.1031,285.4462,11.5816,82.5122,1.8669,21.0300,2.9640
2027-06-19,30.4409,0.3498,41.3357,8.2435,294.3295,16.4528,89.6951,6.2173,28.8710,11.6582
2027-06-20,26.8636,11.0319,58.9252,13.8834,271.4118,10.8845,68.7818,1.2114,19.7854,1.3856
2027-06-21,22.7836,12.0969,67.8885,15.7475,246.2589,6.9882,57.6583,0.7699,13.0506,0.5391
2027-06-22,23.8521,0.7141,49.8217,11.5207,253.9563,10.2844,80.4849,2.1397,18.6779,3.1991
2027-06-23,26.5868,0.0000,41.9920,6.6229,262.1459,14.5126,88.2542,4.6594,25.4965,8.5477
2027-06-24,29.4699,0.0000,35.1087,4.5718,270.8545,19.7351,91.2270,6.4318,33.3883,12.9541
2027-06-25,32.1661,0.0000,33.7556,6.4318,280.0484,25.5367,92.3279,8.2558,41.5918,17.6080
2027-06-26,33.4474,0.0064,33.9999,5.1954,289.4729,31.5395,92.5943,8.0536,49.5753,18.9428
2027-06-27,35.1398,0.0044,31.4771,4.8290,299.2021,38.0771,93.3522,8.7920,57.7733,21.8477
2027-06-28,36.2388,0.0004,29.4642,6.0381,309.1290,45.0108,93.9770,10.1928,65.9976,25.9425
2027-06-29,36.3518,0.0021,28.8945,6.3359,319.0764,52.0216,94.1467,10.5929,73.9156,28.2051
2027-06-30,35.8918,0.5324,31.6761,7.7878,328.9409,58.6755,93.4926,10.4074,81.1588,29.1967
2027-07-01,36.2529,0.9020,31.7334,9.0324,339.1704,64.6642,92.9256,10.2368,87.5832,30.0042
2027-07-02,31.7708,1.0261,46.0205,8.7496,348.5932,68.8314,88.8307,5.6338,92.1661,20.2952
2027-07-03,33.0084,0.3418,43.5128,7.8602,358.2387,73.3563,90.5393,6.8818,97.0371,24.0269
2027-07-04,33.9561,0.3189,41.9202,8.1255,368.0548,78.1381,91.1309,7.5885,102.0912,26.3622
2027-07-05,33.6674,0.5890,40.3553,10.8673,377.8189,83.0083,91.2242,8.8293,107.1586,29.8996
2027-07-06,28.3977,0.0766,50.0176,13.2920,386.6345,86.4709,90.4633,8.9507,110.9223,30.6411
2027-07-07,27.6998,1.3475,46.4908,13.2108,395.3245,90.0902,86.6539,5.1675,114.7848,21.2418
2027-07-08,27.4867,2.2558,51.7001,10.1341,403.9761,78.6830,81.4045,2.2131,105.8330,10.6583
2027-07-09,31.7588,0.2278,39.2649,8.3638,413.3967,83.3700,90.2503,6.7729,110.8514,25.3119
2027-07-10,34.7160,0.6479,34.2459,12.3349,423.3495,88.9010,92.4057,11.2385,116.5926,36.3993
2027-07-11,36.0453,0.3271,32.9231,12.6855,433.5417,94.7527,93.2419,12.8627,122.5471,40.5190
2027-07-12,37.3818,0.0000,29.2080,10.0174,443.9744,101.1506,94.2245,12.8900,128.8892,41.3227
2027-07-13,38.4432,0.0000,23.9116,11.1004,454.5982,108.2169,95.5158,16.2513,135.6847,48.7103
2027-07-14,38.5410,0.0000,24.8603,12.5707,465.2396,115.2124,95.5669,17.6233,142.3164,51.9886
2027-07-15,39.2722,0.0772,24.9501,11.0178,476.0126,122.3284,95.6181,16.4108,148.9571,50.3573
2027-07-16,38.4443,0.0000,25.5821,8.4982,486.6366,129.2397,95.6693,14.5550,155.3414,47.2017
2027-07-17,37.4704,0.0000,31.3200,10.1463,497.0852,135.4611,95.4021,15.2504,161.1407,49.0299
2027-07-18,34.5176,0.0005,31.5158,12.2793,507.0024,141.1898,94.8843,15.8200,166.4779,50.5236
2027-07-19,36.8387,0.0004,21.7690,6.1217,517.3374,148.1603,95.7011,12.9682,172.6835,44.8963
2027-07-20,37.4609,0.0000,25.3489,8.6726,527.7843,154.9209,95.7524,14.8500,178.7040,49.2143
2027-07-21,36.9277,0.0000,32.7874,9.7709,538.1353,160.9236,95.0773,14.3152,184.1655,48.3317
2027-07-22,36.7831,0.0002,33.2199,10.2994,548.4603,166.8651,94.9016,14.3520,189.5541,48.6211
2027-07-23,36.6194,0.0000,30.4692,9.7137,558.7558,173.0246,94.9526,14.0323,195.0506,48.1261
2027-07-24,36.6986,0.0000,30.7989,9.2840,569.0655,179.1677,95.0036,13.8280,200.5107,47.8497
2027-07-25,36.4238,0.0000,29.8226,10.0801,579.3258,185.3523,95.0546,14.4949,205.9628,49.4398
2027-07-26,34.3828,0.0000,27.4148,12.1198,589.2187,191.4010,95.1056,16.1766,211.2482,53.0858
2027-07-27,34.3527,0.0000,29.3455,10.6705,599.1062,197.2839,95.1567,15.1426,216.4100,51.0622
2027-07-28,37.4781,0.0000,23.8661,7.1647,609.5563,204.1819,95.3953,13.1108,222.2484,46.7495
2027-07-29,38.1077,0.0000,23.2017,7.5664,620.1196,211.2536,95.6449,13.8414,228.1770,48.4756
2027-07-30,38.6349,0.0000,22.1784,6.8433,630.7779,218.5159,95.9506,13.9112,234.2007,48.7178
2027-07-31,39.6425,0.0000,20.8584,6.6645,641.6176,226.0887,96.3979,14.6449,240.4006,50.3960
2027-08-01,40.0940,0.0000,18.6461,7.9563,651.8385,233.0073,96.9423,16.8148,246.0927,54.9891
2027-08-02,39.7366,0.0000,19.2749,7.5390,661.9951,239.8129,96.9939,16.5789,251.6869,54.5716
2027-08-03,40.0769,0.0000,18.1546,7.3263,672.2129,246.7704,97.0593,16.5462,257.3536,54.5590
2027-08-04,40.8420,0.0000,16.3590,9.9487,682.5685,254.0126,97.5487,20.1551,263.1770,61.6382
2027-08-05,41.3959,0.0000,16.0679,11.5997,693.0238,261.3761,97.7057,22.3644,269.0601,65.7012
2027-08-06,38.9163,0.0729,21.0053,10.0756,703.0327,267.9020,97.6545,20.5711,274.3962,62.4964
2027-08-07,37.2117,0.0000,30.6503,8.3987,712.7348,273.3871,95.7428,14.6274,279.1178,50.6756
2027-08-08,38.0342,0.0000,27.4775,8.5465,722.5850,279.2463,95.7940,14.8396,284.0558,51.1578
2027-08-09,38.4717,0.0000,26.1975,8.4676,732.5139,285.2755,95.8453,14.8839,289.0889,51.2750
2027-08-10,39.2743,0.0000,21.0604,7.8417,742.5873,291.8552,96.2935,15.3228,294.4223,52.2336
2027-08-11,38.4104,0.0000,21.8799,9.6672,752.5051,298.2273,96.3449,16.9160,299.6082,55.5565
2027-08-12,36.1442,0.0034,30.8107,9.6600,762.0151,303.5472,95.3799,14.8363,304.1753,51.2252
2027-08-13,39.8981,0.0000,21.9201,5.1528,772.2007,310.1558,96.1972,13.2084,310.1363,47.6376
2027-08-14,40.5879,0.0000,15.8358,12.5492,782.5106,317.3992,97.5980,23.1278,317.3307,67.2849
2027-08-15,40.1488,0.0000,20.3225,10.1373,792.7413,324.1843,97.6498,20.6224,324.0721,62.7946
2027-08-16,41.0132,0.0000,21.0446,7.3793,803.1277,331.0487,97.7017,18.0704,330.8913,57.9414
2027-08-17,40.8269,0.0000,23.4463,9.3699,813.4806,337.6749,97.5245,19.5128,337.4747,60.7405
2027-08-18,38.1101,0.0000,24.3763,12.4351,823.3444,343.7965,96.9291,21.0347,343.5577,63.5884
2027-08-19,36.3525,0.1381,29.7032,7.7743,832.8918,349.2318,95.7036,14.0990,348.9634,49.6967
2027-08-20,36.6567,0.0000,26.5097,13.5049,842.4940,354.9601,95.7548,18.9505,354.6568,59.6873
2027-08-21,36.6781,0.0000,20.7489,12.0818,852.1001,361.1410,95.9349,18.0751,360.7938,57.9886
2027-08-22,38.3103,0.0000,18.2625,6.8811,861.9999,367.7913,96.7156,15.4514,367.3926,52.6381
2027-08-23,38.1104,0.0000,17.0812,9.5845,871.8638,374.5034,96.9631,18.3032,374.0507,58.4466
2027-08-24,37.8074,0.0000,13.4085,8.6844,881.6731,381.4587,97.6859,19.2585,380.9455,60.2990
2027-08-25,37.5834,0.0000,12.0601,8.3636,891.4421,388.4816,97.9583,19.6450,387.9048,61.0383
2027-08-26,37.9693,0.0000,15.7250,10.0459,901.2806,395.2790,98.0103,21.5302,394.6420,64.5351
2027-08-27,38.4388,0.0000,17.8265,10.4579,911.2036,401.9865,98.0623,22.1332,401.2906,65.6245
2027-08-28,37.8514,0.0000,21.8085,9.1585,921.0208,408.2741,97.4382,19.0861,407.5259,59.9802
2027-08-29,35.7884,0.0000,31.8120,9.9899,930.4668,413.4670,95.2921,14.9054,412.6855,51.4909
2027-08-30,34.6639,0.0000,30.4440,8.7274,939.7103,418.6025,95.0824,13.5914,417.7869,48.6001
2027-08-31,36.3302,0.0000,24.0972,6.3044,949.2537,424.4678,95.1580,12.1544,423.6043,45.2870
2027-09-01,36.9075,0.0000,19.7579,8.1220,957.6010,429.8975,96.1473,15.2371,428.9851,52.2054
2027-09-02,34.5981,0.0000,28.3507,11.6907,965.5327,434.4512,95.5445,16.8075,433.5049,55.4801
2027-09-03,32.2521,0.0000,27.1873,9.7656,973.0421,438.7747,95.3181,14.7903,437.7957,51.2469
2027-09-04,35.4436,0.0000,22.4968,7.5652,981.1259,443.8171,95.3692,13.3306,442.7939,48.0147
2027-09-05,34.1299,0.0000,31.8948,14.3996,988.9733,448.0888,94.7497,17.2817,447.0361,56.4421
2027-09-06,36.1938,0.0000,27.2446,11.8554,997.1922,452.9195,94.8006,15.3090,451.8275,52.3617
2027-09-07,37.1612,0.0000,27.7243,9.1324,1005.5852,457.8429,94.8516,13.4398,456.7105,48.2634
2027-09-08,32.0571,0.0000,29.0294,11.7964,1013.0595,462.0324,94.8608,15.3902,460.8681,52.5351
2027-09-09,33.0843,0.0000,20.7542,8.1480,1020.7186,466.8553,95.3104,13.6183,465.6457,48.6664
2027-09-10,32.7157,0.0000,23.0061,11.0228,1028.3115,471.4906,95.3616,15.8513,470.2391,53.5082
2027-09-11,32.4507,0.0000,21.2862,7.1529,1035.8566,476.1924,95.4127,13.1341,474.8964,47.5700
2027-09-12,33.7960,0.0000,23.9605,6.5116,1043.6439,480.9165,95.4638,12.8054,479.5772,46.8149
2027-09-13,33.5143,0.0059,18.5686,12.7220,1051.3804,485.9348,95.8802,18.5298,484.5441,58.9155
2027-09-14,32.4705,0.0688,24.1226,15.9767,1058.9291,490.4698,95.9084,21.9160,489.0372,65.2493
2027-09-15,32.9821,0.0369,23.7883,13.9439,1066.5699,495.0942,95.9597,19.9202,493.6179,61.5776
2027-09-16,34.9381,0.0031,22.6321,11.0550,1074.5628,500.0582,96.0111,17.3416,498.5326,56.5662
2027-09-17,35.1964,0.0000,16.6328,11.2984,1082.6021,505.4455,96.5797,18.9547,503.8598,59.7395
2027-09-18,33.9867,0.0001,13.5680,11.1803,1090.4237,510.8446,97.0879,20.1694,509.1957,62.0459
2027-09-19,34.5007,0.0047,13.3959,10.8574,1098.3378,516.3337,97.2234,20.2058,514.6194,62.1142
2027-09-20,35.2649,0.0000,12.1786,11.5995,1106.3895,522.0195,97.5985,22.0485,520.2351,65.4885
2027-09-21,36.1789,0.0000,12.6775,10.6748,1114.6057,527.8151,97.6503,21.1899,525.9585,63.9338
2027-09-22,37.5044,0.0000,13.2907,7.9878,1123.0605,533.7746,97.7022,18.6344,531.8428,59.1204
2027-09-23,35.7330,0.0015,15.2355,9.8695,1131.1964,539.3331,97.7541,20.6290,537.3327,62.9021
2027-09-24,35.2193,0.0113,15.9120,12.5338,1139.2399,544.7704,97.8060,23.7558,542.7031,68.4975
2027-09-25,33.3519,0.0644,21.3261,13.4569,1146.9473,549.5960,96.8642,21.9545,547.4744,65.3202
2027-09-26,31.0947,0.0961,24.6472,11.6088,1154.2483,553.9151,95.8444,17.4343,551.7486,56.7534
2027-09-27,30.5379,0.0000,26.6711,9.9368,1161.4491,558.0455,95.2377,14.7555,555.8381,51.1772
2027-09-28,31.2556,0.0000,22.6083,8.8646,1168.7792,562.5036,95.2888,14.0773,560.2471,49.6926
2027-09-29,31.5374,0.0000,17.4322,7.7586,1176.1599,567.3013,95.8017,14.2769,564.9862,50.1329
2027-09-30,30.9938,0.0000,18.1373,5.7052,1183.4428,571.9788,95.8530,12.9633,569.6069,47.1807
2027-10-01,32.0226,0.0000,21.6314,5.7815,1189.9108,575.9119,95.9043,13.1040,573.4956,47.5033
2027-10-02,32.5327,0.0000,18.6682,5.9071,1196.4707,580.0566,95.9556,13.2792,577.5904,47.9026
2027-10-03,33.6153,0.0000,16.4691,8.4115,1203.2255,584.4504,96.3679,15.9280,581.9287,53.6715
2027-10-04,33.5338,0.0001,15.9361,4.2811,1209.9655,588.8618,96.4944,13.1574,586.2836,47.6253
2027-10-05,32.6113,0.1138,19.2121,10.8477,1216.5396,592.9884,96.5459,18.4451,590.3598,58.7525
2027-10-06,29.4492,0.1513,38.1548,9.1787,1222.5444,595.8511,93.3336,10.9182,593.2031,42.2967
2027-10-07,29.1836,0.2211,42.2920,5.5996,1228.5015,598.4991,92.1472,7.7175,595.8374,33.7295
2027-10-08,29.9089,0.0003,31.2373,4.9461,1234.5891,601.7299,92.5174,7.8675,599.0386,34.1628
2027-10-09,29.0877,0.0000,35.6982,9.4492,1240.5289,604.6711,92.5676,9.9414,601.9571,39.8181
2027-10-10,28.3920,0.0027,37.8199,10.3197,1246.3435,607.4497,92.5456,10.3552,604.7165,40.8809
2027-10-11,28.0687,0.0000,40.1930,9.2899,1252.0998,610.0929,92.1389,9.2838,607.3438,38.0871
2027-10-12,27.8302,0.0000,35.2304,7.4391,1257.8133,612.9321,92.1890,8.5171,610.1607,35.9986
2027-10-13,28.3637,0.0000,31.3145,6.7591,1263.6227,615.9985,92.2780,8.3342,613.1988,35.4882
2027-10-14,28.4170,0.0000,28.8913,7.7584,1269.4418,619.1787,92.7373,9.3499,616.3474,38.2636
2027-10-15,26.7429,0.0000,34.2585,7.9692,1274.9595,621.9522,92.7875,9.5166,619.0981,38.7061
2027-10-16,25.5895,0.1421,40.8745,6.9115,1280.2696,624.3432,91.7954,7.8447,621.4756,34.0971
2027-10-17,27.7279,0.0026,32.8576,8.2548,1285.9646,627.2760,91.8613,8.4728,624.3826,35.8753
2027-10-18,27.7312,0.0000,27.0801,7.8627,1291.6602,630.4615,92.9176,9.6400,627.5344,39.0313
2027-10-19,25.9200,0.0005,31.1646,9.8105,1297.0298,633.2797,92.9679,10.7094,630.3264,41.7756
2027-10-20,24.2487,0.2103,38.1083,11.6316,1302.0986,635.6568,92.0341,10.2928,632.6876,40.7220
2027-10-21,23.9161,1.4055,49.3688,11.4586,1307.1075,637.5760,84.6388,3.5729,634.6042,19.7789
2027-10-22,24.5625,0.0107,49.9144,10.8824,1312.2327,639.5235,87.5198,5.1984,636.5497,25.8029
2027-10-23,25.7001,0.0000,46.0334,10.4732,1317.5627,641.7149,88.7968,6.1151,638.7338,28.8470
2027-10-24,25.0773,0.0000,38.9052,7.7050,1322.7807,644.1382,90.0001,6.3212,641.1413,29.5036
2027-10-25,26.4831,0.0000,28.6761,8.0840,1328.2516,647.1191,92.1735,8.7792,644.0918,36.7217
2027-10-26,23.3164,0.0000,30.9798,10.1389,1333.1526,649.6726,92.2236,9.8061,646.6216,39.4662
2027-10-27,22.7908,0.0000,23.0053,8.3345,1337.9589,652.4597,92.9885,9.9704,649.3766,39.8932
2027-10-28,22.5249,0.0000,29.5048,9.5381,1342.7174,654.9832,93.0388,10.6688,651.8755,41.6738
2027-10-29,23.6668,0.0142,38.1096,10.2454,1347.6814,657.3057,91.9958,9.5466,654.1822,38.7852
2027-10-30,23.9648,0.1702,45.8552,11.8323,1352.6991,659.3620,90.6498,8.5405,656.2317,36.0637
2027-10-31,23.9830,0.0009,48.5489,13.2263,1357.7200,661.3175,90.0009,8.3499,658.1836,35.5322
2027-11-01,23.9382,0.1414,49.2792,13.0681,1361.7329,663.0012,89.7756,8.0204,659.8606,34.6008
2027-11-02,22.5959,0.0509,57.4456,5.0347,1365.5041,664.3381,88.4889,4.4483,661.1990,23.1385
2027-11-03,23.8665,0.0006,47.7670,4.2084,1369.5041,666.0670,88.5378,4.2969,662.9196,22.5785
2027-11-04,25.2668,0.0000,39.3112,9.1583,1373.7561,668.1885,89.9360,6.7393,665.0233,30.8083
2027-11-05,23.6991,0.0138,52.8663,6.2007,1377.7260,669.7382,89.2605,5.2701,666.5700,26.0488
2027-11-06,21.7761,0.1225,52.8243,6.9261,1381.3497,671.1690,88.8771,5.1735,667.9976,25.7172
2027-11-07,20.3426,0.0000,36.5700,8.2537,1384.7153,672.9722,89.6787,6.2059,669.7827,29.1374
2027-11-08,22.1433,0.0070,27.4976,4.7847,1388.4051,675.2065,91.5512,6.8076,671.9887,31.0179
2027-11-09,21.2614,0.0000,33.7547,6.1758,1391.9362,677.1704,91.6011,7.3538,673.9312,32.6634
2027-11-10,23.9393,0.0000,30.5002,5.9514,1395.9493,679.4776,91.6905,7.3639,676.2115,32.6935
2027-11-11,23.8138,0.0016,38.3132,4.9112,1399.9397,681.5152,91.6743,6.9718,678.2305,31.5185
2027-11-12,24.3629,0.1473,38.2015,6.3639,1404.0291,683.6014,91.7242,7.5546,680.2978,33.2548
2027-11-13,24.7925,0.0598,40.8450,8.6090,1408.1957,685.6321,91.4477,8.1340,682.3121,34.9237
2027-11-14,23.7829,0.0067,43.0980,4.4109,1412.1806,687.5093,90.9728,6.1530,684.1758,28.9685
2027-11-15,19.9953,0.1378,46.6361,7.9596,1415.4838,689.0018,89.9143,6.3246,685.6592,29.5144
2027-11-16,18.7681,0.0003,41.7994,7.7222,1418.5661,690.5349,89.9636,6.2937,687.1791,29.4166
2027-11-17,16.1870,4.9946,66.2432,11.7606,1261.4373,103.4695,60.8257,0.7784,171.7247,5.1616
2027-11-18,16.6946,17.6800,73.0972,18.5986,890.5046,48.3100,45.5848,0.2296,85.0809,0.5690
2027-11-19,14.5326,5.8806,64.0311,17.3429,831.8592,30.7283,51.4299,0.4650,56.2609,0.8514
2027-11-20,14.8759,0.4351,60.2518,9.4822,834.2408,31.5702,71.0512,1.0442,57.6831,3.3827
2027-11-21,15.4987,0.0037,53.6098,4.2425,836.7346,32.5910,80.0889,1.4214,59.3982,4.8581
2027-11-22,17.0093,0.0000,44.1596,7.1760,839.5003,33.9317,85.6177,3.2954,61.6354,10.7077
2027-11-23,18.3017,0.0003,45.4794,7.7355,842.4986,35.3342,87.3001,4.2991,63.9619,13.5415
2027-11-24,18.1476,0.0793,55.3434,7.7710,845.4691,36.4737,87.3485,4.3367,65.8459,13.8608
2027-11-25,19.0960,0.0003,55.2125,5.1718,848.6104,37.6730,87.3970,3.8307,67.8191,12.7900
2027-11-26,17.2632,0.6165,72.6655,4.2955,851.4218,38.3384,84.5098,2.4471,68.9186,8.9279
2027-11-27,16.7930,0.0678,65.0303,7.5135,854.1486,39.1680,84.5573,2.8965,70.2792,10.4181
2027-11-28,16.2396,0.0001,50.3312,7.2154,856.7757,40.3098,86.0495,3.5077,72.1351,12.3621
2027-11-29,15.8171,0.0000,59.6775,7.0810,859.3268,41.2142,86.0976,3.5076,73.6032,12.5088
2027-11-30,17.5020,0.0009,54.2105,6.8563,862.1811,42.3435,86.2274,3.5321,75.4262,12.7592
2027-12-01,17.1745,0.0200,61.4038,5.9723,864.9765,43.1450,86.2755,3.4012,76.7227,12.5069
2027-12-02,14.2620,0.1465,60.8755,10.9082,867.2477,43.8280,86.1960,4.3131,77.8237,15.1732
2027-12-03,15.8775,0.4451,78.1443,12.9738,869.8096,44.2497,83.7749,3.4341,78.5139,12.7742
2027-12-04,18.1318,0.7089,69.4040,13.8812,872.7774,44.9184,82.1699,2.9290,79.5956,11.3361
2027-12-05,17.4381,0.2788,61.3773,9.6304,875.6202,45.7320,84.1213,3.0385,80.9008,11.7854
2027-12-06,15.9374,0.0003,51.0499,6.0495,878.1930,46.6798,85.7474,3.1704,82.4086,12.3298
2027-12-07,17.8585,0.0008,53.9530,5.8512,881.1115,47.6718,86.1825,3.3365,83.9840,12.9845
2027-12-08,17.1670,0.0120,58.1872,6.4489,883.9056,48.5398,86.2306,3.4619,85.3606,13.4942
2027-12-09,17.6369,0.0024,54.6890,6.3367,886.7842,49.5046,86.2787,3.4658,86.8836,13.6454
2027-12-10,17.7207,0.0747,60.1969,5.4112,889.6779,50.3559,86.3269,3.3304,88.2276,13.3444
2027-12-11,17.9842,0.0000,55.7331,5.8145,892.6191,51.3159,86.3750,3.4220,89.7349,13.7638
2027-12-12,17.6897,0.0001,56.1337,4.5458,895.5072,52.2526,86.4232,3.2320,91.2013,13.2851
2027-12-13,17.7151,0.0015,59.8665,4.7292,898.3999,53.1107,86.4713,3.2843,92.5441,13.5658
2027-12-14,17.3856,0.0000,61.0079,5.1508,901.2333,53.9298,86.5195,3.3778,93.8236,13.9734
2027-12-15,16.1173,0.0002,61.0970,4.0234,903.8384,54.6910,86.4592,3.1641,95.0095,13.3728
2027-12-16,16.2990,0.0243,63.7435,6.2171,906.4763,55.4079,86.1316,3.3743,96.1265,14.1521
2027-12-17,16.1546,1.2168,66.0600,6.1791,909.0881,56.0734,78.1805,1.3060,97.1638,6.3686
2027-12-18,16.9452,0.0000,55.7494,6.1000,911.8422,56.9808,83.2212,2.2591,98.5635,10.4113
2027-12-19,18.4694,0.0055,54.7807,6.1019,914.8707,57.9864,85.3519,3.0085,100.1099,13.2327
2027-12-20,15.6884,1.3162,69.7023,8.9525,917.3986,58.5644,76.6862,1.3365,101.0085,6.6755
2027-12-21,14.3069,0.1241,57.1026,4.3098,919.6779,59.3155,81.6988,1.7084,102.1589,8.3854
2027-12-22,15.4221,1.0526,75.1686,6.3517,922.1579,59.7817,76.1322,1.1291,102.8883,5.7566
2027-12-23,17.9033,0.4821,67.9012,7.4315,925.0845,60.4749,80.9686,1.8371,103.9596,9.0225
2027-12-24,18.6482,1.4142,54.1713,9.4300,928.1451,61.5034,79.0171,1.6589,105.5252,8.3322
2027-12-25,15.9783,5.4814,73.9726,10.6112,869.8798,39.3772,53.1733,0.3994,70.7480,0.8640
2027-12-26,14.2305,0.0593,60.6216,3.8489,872.1453,40.0633,69.2563,0.7417,71.8726,2.6958
2027-12-27,16.5594,0.0000,51.7690,8.3561,874.8300,41.0312,80.8060,1.8899,73.4500,7.4102
2027-12-28,17.9663,0.0000,49.2898,6.5257,877.7679,42.1299,85.2555,3.0327,75.2325,11.2729
2027-12-29,16.8650,0.0128,57.4758,4.0975,880.5076,42.9980,85.4948,2.7740,76.6397,10.5968
2027-12-30,16.4929,0.0062,58.3919,8.2074,883.1804,43.8299,85.5427,3.4351,77.9844,12.7268
2027-12-31,17.2077,0.0000,53.8165,11.0416,885.9818,44.7907,86.0883,4.2769,79.5299,15.2616
2028-01-01,15.0900,0.0009,60.7347,8.7503,888.4020,45.5734,86.1364,3.8364,80.7863,14.1562
2028-01-02,17.1948,0.0000,54.8132,6.7789,891.2010,46.5911,86.1845,3.4972,82.4112,13.3248
2028-01-03,15.9053,0.0019,60.3508,4.5136,893.7680,47.4212,86.2326,3.1411,83.7353,12.3560
2028-01-04,14.5062,0.0000,58.3802,7.8480,896.0831,48.2208,86.2807,3.7411,85.0056,14.2986
2028-01-05,15.1703,0.0000,48.5102,8.7823,898.5178,49.2522,86.6976,4.1597,86.6324,15.6768
2028-01-06,14.1501,0.0015,52.4796,7.2377,900.7688,50.1443,86.7459,3.8746,88.0365,14.9862
2028-01-07,14.4666,0.0005,54.3906,6.2597,903.0768,51.0184,86.7942,3.7137,89.4091,14.6335
2028-01-08,14.9656,0.0000,51.3792,6.1607,905.4746,51.9800,86.8424,3.7206,90.9126,14.7928
2028-01-09,15.6302,0.0000,49.8230,5.6678,907.9920,53.0135,86.8908,3.6544,92.5221,14.7339
2028-01-10,17.2405,0.0459,50.8426,6.7504,910.7993,54.1234,86.9391,3.8859,94.2457,15.6000
2028-01-11,14.1076,0.7907,71.6009,6.8706,913.0427,54.6551,81.4435,1.8860,95.0812,8.7458
2028-01-12,12.5706,0.0857,46.0072,6.9605,915.0094,55.5638,84.9344,2.9657,96.4807,12.8183
2028-01-13,13.3386,0.0923,48.2167,6.0324,917.1143,56.4843,86.0263,3.2939,97.8953,14.0301
2028-01-14,15.3321,0.0034,52.7081,4.2737,919.5781,57.4410,86.1346,3.0609,99.3650,13.3583
2028-01-15,16.2463,0.0088,51.9659,3.1462,922.2065,58.4667,86.3465,2.9795,100.9355,13.1912
2028-01-16,16.6696,0.1225,53.8611,6.9516,924.9110,59.4761,86.3946,3.6339,102.4777,15.5048
2028-01-17,17.6961,0.1240,50.4140,10.6577,927.8003,60.6235,86.8108,4.6460,104.2220,18.7869
2028-01-18,17.9874,0.1434,53.3139,5.5070,930.7420,61.7205,86.8591,3.6086,105.8868,15.6855
2028-01-19,18.9283,0.0328,48.8905,8.3094,933.8531,62.9807,87.2767,4.4105,107.7880,18.3849
2028-01-20,17.1705,0.1056,55.9998,9.1643,936.6478,63.9704,87.3251,4.6366,109.2818,19.1981
2028-01-21,17.4718,0.1255,60.6169,4.6843,939.4967,64.8709,86.9033,3.4839,110.6425,15.6119
2028-01-22,17.3166,0.0005,53.5977,7.0740,942.3177,65.9229,86.9516,3.9568,112.2192,17.2979
2028-01-23,16.1723,0.0192,51.2463,9.5901,944.9327,66.9596,87.0000,4.5226,113.7653,19.2116
2028-01-24,17.1371,0.0000,41.6430,5.8918,947.7214,68.2699,88.0094,4.3360,115.7029,18.7727
2028-01-25,18.4133,0.0303,37.7817,8.4290,950.7398,69.7645,89.0246,5.7000,117.9004,23.0462
2028-01-26,19.3680,0.0000,33.2079,9.0166,953.9301,71.4476,90.0988,6.8493,120.3585,26.4277
2028-01-27,18.5107,0.0000,37.5796,6.0702,956.9660,72.9546,90.1482,5.9462,122.5521,24.1296
2028-01-28,19.5272,0.0000,32.1669,8.3348,960.1849,74.6771,90.5266,7.0356,125.0418,27.3336
2028-01-29,18.1244,0.0000,45.8836,8.2672,963.1513,75.9579,89.6911,6.2212,126.8968,25.2498
2028-01-30,16.9220,0.0000,51.6287,8.4012,965.9012,77.0311,88.5983,5.3541,128.4520,22.8333
2028-01-31,16.6207,0.0000,48.6671,9.3387,968.5970,78.1510,88.6102,5.6227,130.0661,23.7482
2028-02-01,16.5141,0.0000,46.3162,11.8660,971.2735,79.4942,88.6591,6.4314,131.9829,26.2209
2028-02-02,16.6678,0.0000,43.5679,10.7833,973.9777,80.9185,88.7080,6.1328,134.0042,25.5103
2028-02-03,16.6742,0.0000,37.3080,9.7049,976.6831,82.5014,89.0386,6.0908,136.2333,25.5362
2028-02-04,16.1789,0.0000,39.1486,9.3503,979.2993,83.9949,89.0877,6.0252,138.3286,25.4777
2028-02-05,15.1586,0.0012,39.3946,8.0756,981.7318,85.3946,89.1367,5.6903,140.2834,24.5979
2028-02-06,16.1849,0.0000,37.2838,5.8954,984.3491,86.9345,89.1858,5.1343,142.4232,22.9978
2028-02-07,16.6183,0.0000,36.8800,8.7953,987.0444,88.5232,89.2349,5.9841,144.6206,25.7259
2028-02-08,16.9318,0.0000,34.8870,11.6117,989.7961,90.1910,89.5600,7.2259,146.9146,29.4170
2028-02-09,17.0184,0.0047,41.0504,11.0605,992.5634,91.7082,89.6092,7.0778,148.9993,29.1257
2028-02-10,17.2367,0.3757,49.6672,11.2411,995.3700,93.0192,88.8287,6.3856,150.8057,27.2425
2028-02-11,19.7156,0.0021,42.7087,4.7517,998.6228,94.7132,88.8777,4.6371,153.1202,21.8734
2028-02-12,17.0911,0.0182,52.3516,8.9331,1001.4032,95.9445,88.2910,5.2624,154.8085,23.9942
2028-02-13,13.9253,2.3512,61.3878,12.6658,1003.6138,79.2310,71.7995,1.2583,132.3424,7.3577
2028-02-14,13.5973,0.0037,47.1102,7.7716,1005.7653,80.3352,81.4707,1.9799,133.9270,10.9194
2028-02-15,14.5533,0.0002,40.4779,5.9990,1008.0889,81.6587,85.9973,3.2750,135.8139,16.2963
2028-02-16,15.8461,0.0000,35.0299,6.7545,1010.6452,83.2227,88.4688,4.8370,138.0298,21.8125
2028-02-17,17.0244,0.0009,33.4825,8.7180,1013.4136,84.9352,89.5840,6.2671,140.4436,26.3144
2028-02-18,17.0254,0.0085,44.4116,5.6765,1016.1821,86.3665,89.4788,5.2960,142.4628,23.5087
2028-02-19,17.9812,0.0182,45.8299,6.7882,1019.1228,87.8347,89.3788,5.5213,144.5284,24.3182
2028-02-20,17.7828,0.0073,43.4409,9.0883,1022.0277,89.3518,89.4279,6.2437,146.6509,26.6060
2028-02-21,16.1992,0.0001,49.1317,8.0715,1024.6475,90.6018,88.7627,5.3916,148.3991,24.1115
2028-02-22,18.1652,0.0569,40.9741,6.9135,1027.6212,92.2171,88.8116,5.1219,150.6390,23.3605
2028-02-23,19.0150,0.0003,37.0689,7.9380,1030.7479,94.0153,89.4019,5.8701,153.1160,25.8157
2028-02-24,19.2880,0.0000,32.5848,6.8559,1033.9238,95.9677,90.2515,6.2785,155.7858,27.1691
2028-02-25,21.6026,0.0000,33.0202,11.4042,1037.5162,98.1278,90.7078,8.4277,158.7251,33.3087
2028-02-26,22.8239,0.0201,34.5661,5.7008,1041.3285,100.3514,90.7574,6.3675,161.7370,27.6953
2028-02-27,23.3091,0.0000,29.0557,9.1320,1045.2282,102.8113,91.7164,8.6757,165.0386,34.2682
2028-02-28,21.8005,0.0000,30.0136,6.3888,1048.8563,105.0880,91.7663,7.6093,168.0759,31.5265
2028-02-29,22.0719,0.0000,29.2928,6.1075,1052.5332,107.4154,91.8162,7.5555,171.1614,31.4976
2028-03-01,22.3433,0.0000,28.5721,5.8262,1056.2590,110.2697,91.8662,7.5020,174.8937,31.4839
2028-03-02,23.8816,0.0000,23.9020,6.0235,1060.2617,113.5102,92.9046,8.7708,179.0881,35.0877
2028-03-03,25.4784,0.0000,23.7350,5.9559,1064.5518,116.9655,93.3401,9.2900,183.5209,36.5942
2028-03-04,25.4546,0.0000,26.5484,8.9535,1068.8376,120.2903,93.3905,10.8811,187.7544,40.7037
2028-03-05,24.9282,0.0001,31.9290,7.5240,1073.0287,123.3104,93.1551,9.7973,191.5806,38.1414
2028-03-06,23.9343,0.0000,35.1678,9.3838,1077.0409,126.0770,92.4952,9.8084,195.0680,38.2663
2028-03-07,21.5182,0.2508,43.6631,10.8656,1080.6181,128.2491,90.8179,8.3320,197.8079,34.4456
2028-03-08,19.8027,1.1576,51.2944,13.1965,1083.8866,129.9845,84.2158,3.6831,200.0052,19.6017
2028-03-09,21.1796,0.0418,37.8126,14.7726,1087.4030,132.3462,88.8145,7.6137,202.9428,32.5487
2028-03-10,21.1349,0.0208,34.7412,15.5614,1090.9112,134.8197,90.1263,9.5628,205.9949,37.8956
2028-03-11,20.4801,0.1057,37.6613,17.4878,1094.3017,137.1128,90.1757,10.6124,208.8156,40.6047
2028-03-12,21.2055,0.8415,41.4075,11.9641,1097.8227,139.3406,87.6304,5.5771,211.5531,26.4787
2028-03-13,19.3650,0.5141,51.2272,7.7682,1101.0124,141.0420,87.3195,4.3181,213.6587,22.1577
2028-03-14,18.3424,0.0032,44.6944,9.0074,1104.0180,142.8749,87.8775,4.9781,215.8992,24.5220
2028-03-15,18.8328,0.0000,33.6591,10.9103,1107.1119,145.1290,89.7183,7.1352,218.6139,31.4151
2028-03-16,20.0439,0.0000,29.9048,11.7210,1110.4238,147.6554,90.9067,8.8099,221.6332,36.1785
2028-03-17,21.1601,0.0000,21.4850,7.7043,1113.9366,150.6346,92.7954,9.4008,225.1524,37.7986
2028-03-18,21.7296,0.0000,19.2137,6.7462,1117.5519,153.7784,93.6701,10.1223,228.8357,39.7093
2028-03-19,21.5483,0.0468,29.4871,5.7060,1121.1346,156.5007,93.2242,9.0265,232.0285,36.8924
2028-03-20,22.9520,0.0000,27.6931,5.1506,1124.9700,159.4652,93.2746,8.8394,235.4813,36.4269
2028-03-21,26.0436,0.0865,23.6601,10.4262,1129.3618,162.9974,93.4964,11.8936,239.5580,44.1806
2028-03-22,23.2238,3.1021,40.8892,13.0647,1092.1914,101.3356,80.3645,2.2829,164.5119,13.1358
2028-03-23,20.0459,0.6753,49.7241,7.8366,1095.5036,103.1478,84.4763,2.9119,166.9884,15.9095
2028-03-24,24.0142,0.0000,32.0424,6.5670,1099.5302,106.0570,90.1405,6.0902,170.9024,27.2010
2028-03-25,24.5522,0.0000,32.0113,12.4274,1103.6536,109.0300,91.3150,9.6756,174.8711,37.2603
2028-03-26,23.0773,0.2223,40.1404,7.9013,1107.5115,111.4969,91.2323,7.6123,178.1552,31.9051
2028-03-27,19.7377,2.0668,58.3223,9.1781,1110.7683,94.6739,77.0302,1.3858,156.0883,8.5650
2028-03-28,17.0918,0.5538,50.4691,12.1141,1113.5488,96.2099,83.7785,3.2901,158.2401,17.1923
2028-03-29,17.9491,0.4421,39.4683,8.6494,1116.4837,98.1754,87.6349,4.7223,160.9655,22.4596
2028-03-30,21.2867,0.0295,32.5401,9.7817,1120.0193,100.7497,90.2404,7.2642,164.5049,30.4116
2028-03-31,20.5202,0.9131,40.9945,12.3812,1123.4169,102.9243,87.2155,5.3679,167.4869,24.8146
2028-04-01,20.5155,0.0497,35.3659,6.0293,1128.0637,106.3113,89.4794,5.3915,172.0797,25.0386
2028-04-02,20.1055,0.5606,34.6717,8.0959,1132.6367,109.6698,89.7221,6.1952,176.5923,27.7052
2028-04-03,21.3116,0.4436,34.8859,9.9128,1137.4268,113.2076,90.2609,7.3340,181.3028,31.2163
2028-04-04,20.9146,1.0410,41.0594,10.8359,1142.1454,116.3533,86.5657,4.5278,185.4707,22.4683
2028-04-05,21.7990,0.0351,40.6259,12.4321,1147.0232,119.6494,88.8599,6.8110,189.8018,29.9236
2028-04-06,22.2906,0.5042,43.8321,8.7589,1151.9895,122.8345,88.8483,5.6507,193.9640,26.4253
2028-04-07,25.4074,0.0720,38.5660,6.7688,1157.5169,126.7824,90.1044,6.1207,199.0579,28.0180
2028-04-08,24.3324,0.0000,34.0041,8.0851,1162.8507,130.8515,90.9082,7.3366,204.2454,31.7764
2028-04-09,27.7774,0.0000,22.8363,4.4771,1168.8046,136.2535,93.5658,8.8985,211.0106,36.2470
2028-04-10,28.3542,0.0000,24.8062,11.9056,1174.8624,141.6228,93.6502,13.0915,217.6535,46.6222
2028-04-11,27.8256,0.1372,23.0731,11.2337,1180.8250,147.0173,93.9232,13.1446,224.2383,46.8596
2028-04-12,29.0859,0.1612,19.9552,12.2358,1187.0145,152.8750,94.7882,15.5787,231.2830,52.2493
2028-04-13,30.4034,0.1621,18.1047,11.1421,1193.4411,159.1297,95.4539,16.1488,238.6930,53.5383
2028-04-14,29.7810,0.2621,23.5314,11.4848,1199.7556,164.8546,95.5050,16.5449,245.4075,54.4336
2028-04-15,25.0361,0.0086,43.0099,10.7457,1205.2161,168.4656,91.8835,9.6360,249.6802,38.6717
2028-04-16,29.0638,0.0000,30.0704,5.3019,1211.4016,173.5793,92.5638,8.0623,255.5982,34.4438
2028-04-17,30.8031,0.0000,25.7419,9.3045,1217.9002,179.3227,93.7559,11.6532,262.1489,43.8047
2028-04-18,22.9082,0.3141,45.8105,15.9320,1222.9777,182.4767,90.8048,10.7353,265.8040,41.5840
2028-04-19,22.0620,1.7779,48.8547,12.6983,1227.9028,143.6587,82.2906,2.8008,222.2980,16.2068
2028-04-20,22.4896,0.3532,44.7910,9.6313,1232.9050,146.8161,87.4047,4.8012,226.2706,24.0135
2028-04-21,20.7013,2.3176,47.6039,12.3504,1237.5852,109.8489,78.8298,1.8886,179.7999,11.5375
2028-04-22,22.9142,0.0186,39.0646,8.9726,1242.6637,113.3964,87.6817,4.8321,184.6649,23.5076
2028-04-23,24.8169,0.0514,32.0607,9.6716,1248.0848,117.6651,90.9571,8.0027,190.4442,33.3577
2028-04-24,22.9679,0.0032,31.2268,14.5923,1253.1730,121.6779,91.3321,10.8171,195.8220,40.7934
2028-04-25,24.5686,0.0000,22.3349,10.1279,1258.5493,126.5109,93.2765,11.3621,202.2067,42.2744
2028-04-26,26.9640,0.0000,20.7292,8.9141,1264.3569,131.9042,94.2203,12.1859,209.2367,44.3782
2028-04-27,31.1019,0.0000,17.6770,5.1867,1270.9092,138.3310,95.5745,12.1602,217.4827,44.4857
2028-04-28,32.8948,0.0000,13.5847,7.9656,1277.7843,145.4528,96.8575,16.6328,226.4597,54.3346
2028-04-29,30.0866,0.0010,17.5036,14.8849,1284.1539,151.6900,96.8823,23.6500,234.2140,67.5109
2028-04-30,23.8486,0.0000,21.2571,14.7881,1289.4006,156.4527,95.6184,19.8452,240.0789,60.7965
2028-05-01,28.1348,0.0000,15.9956,9.1244,1296.8689,162.9181,95.6696,15.0222,247.9613,51.2901
2028-05-02,31.7183,0.0217,15.7031,9.7454,1304.9821,170.2013,96.2344,16.7315,256.7021,54.9304
2028-05-03,29.9828,0.3946,20.6726,12.6230,1312.7830,176.6927,96.2129,19.2865,264.4140,60.0143
2028-05-04,30.9792,1.0052,23.1115,8.4802,1320.7633,183.1862,93.3886,10.6218,272.0433,41.3344
2028-05-05,27.3744,3.7937,40.0282,7.4061,1238.4661,99.9116,80.0481,1.6599,166.2860,10.1799
2028-05-06,20.2934,20.3649,78.2068,13.0538,847.0404,46.4437,45.0220,0.1593,81.6897,0.3830
2028-05-07,20.3423,2.8939,51.8262,12.6680,835.0029,39.9095,66.3181,1.0496,71.2995,4.0565
2028-05-08,20.3067,0.0000,27.8926,9.8288,841.0621,43.9732,86.1049,4.0327,77.7800,14.4053
2028-05-09,23.0396,0.0000,28.4610,8.6053,847.6132,48.5196,90.9702,7.5983,84.8908,24.0515
2028-05-10,26.6500,0.0000,31.4914,8.5427,854.8142,53.5246,91.8294,8.5579,92.5600,27.3001
2028-05-11,28.4002,0.0000,29.3461,10.8214,862.3303,59.0119,92.6093,10.7160,100.7818,33.1083
2028-05-12,29.8316,0.0000,25.1351,11.5534,870.1040,65.1083,93.7309,13.0062,109.6958,39.0426
2028-05-13,29.8261,0.0000,25.5587,11.7840,877.8767,71.1692,93.7815,13.2510,118.3515,40.7575
2028-05-14,29.6571,0.0040,20.0824,9.5486,885.6189,77.6403,94.8290,13.6821,127.3659,42.7569
2028-05-15,28.9871,0.1086,18.7197,9.4699,893.2406,84.0785,95.1104,14.1637,136.1243,44.6989
2028-05-16,27.8756,0.7748,30.0921,9.2634,900.6622,89.4112,91.8774,8.9349,143.2664,33.6656
2028-05-17,23.0090,3.3083,52.9786,15.3597,880.5081,68.4464,76.9758,1.8847,114.6182,9.7349
2028-05-18,17.5571,8.3781,65.6163,18.8489,795.9314,39.0965,57.8761,0.9150,69.6409,3.4029
2028-05-19,19.3380,4.6521,57.2671,12.0430,766.1464,28.4785,61.7880,0.8333,52.1141,2.2923
2028-05-20,21.7878,0.3508,52.7776,10.4787,772.4722,31.3239,80.6283,2.0623,56.8814,6.7687
2028-05-21,26.3889,0.0061,40.2738,6.7999,779.6262,35.6462,88.5445,4.9011,63.9792,14.9889
2028-05-22,29.3829,0.0041,33.2090,6.8463,787.3191,41.0063,91.6465,7.6557,72.5641,22.2844
2028-05-23,27.0338,0.0000,24.6232,14.5034,794.5892,46.5892,93.2974,14.2063,81.2662,35.9651
2028-05-24,26.1331,0.0000,23.7627,11.4566,801.6972,52.0550,93.4930,12.5215,89.5704,34.7098
2028-05-25,28.4083,0.0000,24.6356,7.8946,809.2147,57.9098,93.6826,10.7440,98.2431,32.7738
2028-05-26,30.4600,0.0002,20.4766,11.4351,817.1015,64.5171,94.8736,15.1391,107.7623,42.7355
2028-05-27,30.0707,0.2898,26.1074,10.7513,824.9182,70.5809,94.9246,14.7289,116.2875,43.3209
2028-05-28,31.4691,0.0658,29.8551,6.6979,832.9866,76.5953,94.6717,11.5980,124.5572,38.1191
2028-05-29,28.3168,0.1226,34.5398,14.2780,840.4877,81.6649,93.4004,14.2492,131.4092,44.3562
2028-05-30,25.7175,0.0191,29.5774,12.8338,847.5208,86.6368,93.4509,13.3426,138.0051,43.2145
2028-05-31,29.9086,0.0000,17.6877,6.1393,855.3083,93.3563,95.3157,12.3161,146.6860,41.8024
2028-06-01,33.0464,0.0009,17.1569,7.2413,864.6607,100.8036,96.0893,14.4620,156.1087,47.0674
2028-06-02,33.6395,0.0093,19.9841,11.2415,874.1198,108.1216,96.1407,17.8149,165.1683,54.3102
2028-06-03,34.1852,0.0000,18.7749,7.8623,883.6771,115.6670,96.1921,15.1303,174.2980,49.5747
2028-06-04,35.3963,0.0000,20.8837,10.5489,893.4525,123.2686,96.2435,17.4443,183.3097,54.6374
2028-06-05,34.7713,0.0000,20.5621,7.4511,903.1153,130.7705,96.2949,15.0271,192.0274,50.1354
2028-06-06,33.9453,0.0000,28.0545,8.8307,912.6294,137.4084,95.5477,14.5582,199.6623,49.3980
2028-06-07,35.8754,0.0591,22.2975,8.9312,922.4910,144.9722,95.5989,14.7343,208.1614,50.0068
2028-06-08,36.3289,0.0139,15.6305,15.6981,932.4342,153.2858,96.9607,24.8988,217.2752,69.2445
2028-06-09,34.6177,0.0041,20.0815,14.6919,942.0694,160.8007,97.0123,23.8318,225.4128,67.6448
2028-06-10,26.7328,0.6607,46.9016,15.1402,950.2853,164.6914,90.8706,10.4127,229.8124,40.4550
2028-06-11,29.3365,0.0488,36.8422,8.8865,958.9699,169.7522,91.3046,8.0825,235.3522,34.3392
2028-06-12,33.5230,1.2319,30.8583,7.3759,968.4080,176.0545,91.5013,7.7023,242.0834,33.3192
2028-06-13,34.1564,0.1871,29.0919,8.8587,977.9602,182.6361,93.5845,11.1260,249.0129,42.4273
2028-06-14,34.5518,0.0061,25.6224,10.0734,987.5835,189.6171,94.4778,13.3864,256.2388,47.7862
2028-06-15,33.0227,0.0000,23.0394,14.1227,996.9316,196.5307,94.8103,17.1847,263.2979,55.9015
2028-06-16,28.5203,0.0000,17.2548,15.2613,1005.4692,202.9832,95.3637,19.6313,269.7993,60.7097
2028-06-17,30.2188,0.0000,15.3404,9.2706,1014.3126,209.9635,96.0697,15.9767,276.7226,53.5253
2028-06-18,33.0381,0.0000,18.0502,6.8141,1023.6635,217.3287,96.1211,14.2149,283.9484,49.7992
2028-06-19,36.0516,0.0000,16.8892,5.5285,1033.5567,225.4575,96.6531,14.3129,291.7895,50.0466
2028-06-20,36.8351,0.0000,17.4588,8.9803,1043.5911,233.7009,96.7046,17.1503,299.6458,56.0300
2028-06-21,33.7250,0.0000,21.7104,14.9717,1053.0655,240.8787,96.6340,22.9759,306.4905,66.9850
2028-06-22,29.8427,0.0000,22.2312,15.5979,1061.8412,247.2139,96.0230,21.8377,312.5253,64.9816
2028-06-23,28.1215,0.0000,22.2877,13.6048,1070.3071,253.1923,95.6724,18.8342,318.2005,59.4037
2028-06-24,30.2945,0.0162,19.3424,10.5841,1079.1641,259.8587,95.7236,16.2878,324.4198,54.3359
2028-06-25,33.2434,0.0009,18.3176,8.5490,1088.5519,267.2440,95.9041,15.0646,331.2065,51.7749
2028-06-26,37.1479,0.0000,18.1398,6.3066,1098.6425,275.4868,96.5535,14.6875,338.6689,50.9728
2028-06-27,39.5033,0.0000,14.3428,5.9826,1109.1571,284.6431,97.7256,16.8959,346.7926,55.6157
2028-06-28,39.7810,0.0000,13.4179,7.7874,1119.7217,293.9616,97.9961,19.1782,354.9559,60.1249
2028-06-29,38.0430,0.0006,19.1089,13.2821,1129.9735,302.2974,97.8879,24.9372,362.2898,70.4760
2028-06-30,36.4347,0.0001,20.8154,11.3680,1139.9357,310.1221,97.3738,21.1519,369.1643,63.8307
2028-07-01,37.4782,0.0000,25.6452,11.4573,1150.3858,316.8589,96.5998,19.1588,375.2935,60.1048
2028-07-02,38.0703,0.0000,16.7165,8.9519,1160.9424,324.5205,97.0279,17.8832,382.0518,57.6246
2028-07-03,39.4878,0.0000,16.8342,6.6887,1171.7542,332.4481,97.2378,16.4090,388.9884,54.6510
2028-07-04,39.1601,0.0000,19.2248,8.4278,1182.5071,340.0856,97.2895,18.0358,395.6801,57.9323
2028-07-05,39.7318,0.0000,20.9452,8.5564,1193.3628,347.6667,97.3413,18.2786,402.3142,58.4121
2028-07-06,39.3713,0.0000,15.0709,10.4574,1204.1536,355.7391,97.5918,20.7969,409.2326,63.1995
2028-07-07,38.5971,0.0000,16.5946,9.1386,1214.8051,363.5151,97.6436,19.5941,415.8989,60.9521
2028-07-08,38.7994,0.0000,21.0909,10.3630,1225.4930,370.9094,97.6134,20.7579,422.2909,63.1309
2028-07-09,37.2945,0.0015,22.8829,12.8859,1235.9100,377.8631,97.0841,21.9685,428.3332,65.3369
2028-07-10,31.0162,0.0001,36.1889,16.9988,1245.1969,382.6762,93.7550,17.1703,432.8171,56.2156
2028-07-11,33.4937,0.0000,22.6977,9.5664,1254.9298,388.9566,94.9048,13.8376,438.2962,49.1548
2028-07-12,37.0615,0.0000,15.9403,7.2825,1265.3048,396.4905,96.9526,16.2757,444.6483,54.3894
2028-07-13,39.2100,0.0000,16.4799,10.2706,1276.0666,404.3974,97.2666,19.7303,451.2675,61.2163
2028-07-14,39.8684,0.0000,16.1018,6.8788,1286.9470,412.4698,97.4541,17.0508,457.9801,55.9773
2028-07-15,40.8477,0.0000,18.0809,9.3252,1298.0036,420.5402,97.5059,19.4210,464.6917,60.6307
2028-07-16,39.3637,0.0000,14.6607,11.1341,1308.7930,428.6501,97.6791,21.7688,471.3577,64.9830
2028-07-17,36.9883,0.0000,18.6993,12.5950,1319.1549,435.9227,97.7310,23.5935,477.4252,68.2138
2028-07-18,34.3857,0.0000,23.2458,14.3846,1329.0483,442.3194,96.6343,22.3069,482.8754,65.9492
2028-07-19,33.6063,0.0000,26.5308,12.1189,1338.8015,448.3078,95.7939,17.7662,488.0487,57.4139
2028-07-20,36.7088,0.0000,24.0706,8.5381,1349.1131,455.0501,95.8452,14.9366,493.7504,51.5669
2028-07-21,39.1275,0.0000,19.2797,10.0456,1359.8600,462.6763,96.6399,17.9395,500.0296,57.7578
2028-07-22,37.4806,0.0000,23.2132,10.6994,1370.3105,469.6338,96.6914,18.6691,505.8524,59.1871
2028-07-23,37.0000,0.0000,25.3230,10.5002,1380.6745,476.3160,96.4945,18.0002,511.4885,57.8782
2028-07-24,36.6571,0.0000,19.3802,11.6489,1390.9768,483.4649,96.5461,19.2054,517.3706,60.2213
2028-07-25,33.0612,0.0000,26.1559,15.0099,1400.6318,489.3894,95.7525,20.4371,522.4290,62.5457
2028-07-26,33.6522,0.8966,32.9647,12.8366,1410.3932,494.8606,92.3558,11.4454,527.2418,43.5924
2028-07-27,35.2971,0.3822,30.8441,7.7498,1420.4507,500.7722,93.4944,10.3900,532.3508,40.9690
2028-07-28,33.4069,4.8188,40.1582,6.6762,1276.5579,106.0973,82.9521,2.2467,175.6897,13.1834
2028-07-29,34.2304,2.1786,42.0760,6.4992,1286.4233,92.4729,86.3495,3.5294,156.7723,18.0644
2028-07-30,33.6811,5.8193,46.9252,7.5294,1151.2348,60.2794,80.0228,1.6658,106.6042,8.4126
2028-07-31,31.4475,5.7873,59.2836,5.0201,1052.8384,40.5310,70.6446,0.8227,73.9454,3.1578
2028-08-01,37.2578,0.0944,29.4605,7.3114,1062.5488,46.1169,92.6999,9.0938,83.2056,26.9664
2028-08-02,39.0703,0.0000,19.5466,7.6335,1072.5854,52.7889,96.4497,15.4855,94.0106,40.8000
2028-08-03,38.8168,0.0000,20.7084,9.3513,1082.5765,59.3231,96.5012,17.0030,104.3506,45.3915
2028-08-04,35.8543,0.0530,34.8805,10.8358,1092.0342,64.2911,94.6321,14.2093,112.0852,41.7120
2028-08-05,34.3973,0.2890,39.5100,10.4155,1101.2297,68.7239,93.4260,11.7710,118.8979,37.8118
2028-08-06,37.8784,0.9858,28.4920,7.9213,1111.0519,74.4781,93.7952,10.9281,127.5764,36.9892
2028-08-07,39.0062,0.0000,22.8620,8.8543,1121.0770,80.8650,95.8046,15.0932,137.0211,46.6349
2028-08-08,38.5305,0.0000,21.9859,8.3224,1131.0165,87.2478,95.9804,15.0482,146.2842,47.4542
2028-08-09,38.7794,0.0000,19.4904,7.9406,1141.0007,93.8761,96.5414,15.9219,155.7220,49.9729
2028-08-10,34.2313,0.0000,28.9249,14.3898,1150.1664,99.0603,95.4305,18.9597,163.0196,56.2845
2028-08-11,31.9936,0.0000,31.8901,13.4422,1158.9292,103.7136,94.4579,15.8195,169.5044,50.7068
2028-08-12,33.0456,0.0000,30.6136,11.1412,1167.8814,108.6048,94.5087,14.1867,176.2375,47.7031
2028-08-13,34.7472,0.0000,29.8130,9.6388,1177.1399,113.7990,94.5596,13.2448,183.2976,45.9819
2028-08-14,36.9656,0.0000,26.9006,8.8888,1186.7977,119.5435,94.6726,12.9534,190.9916,45.6211
2028-08-15,36.4838,0.0000,24.8720,10.2924,1196.3688,125.3727,95.0070,14.5557,198.6911,49.3632
2028-08-16,35.3353,0.0000,28.8642,10.2084,1205.7332,130.7235,95.0580,14.5958,205.6944,49.6483
2028-08-17,32.7656,0.1993,38.3728,11.0634,1214.6350,135.0321,93.4345,12.1761,211.3298,44.4007
2028-08-18,36.0522,0.0000,29.5330,6.9955,1224.1284,140.4368,93.9405,10.6425,218.2713,40.8567
2028-08-19,37.3344,0.0000,28.3991,6.7177,1233.8526,146.1181,94.4035,11.1886,225.4804,42.3089
2028-08-20,39.7656,0.0000,21.3790,6.4947,1244.0144,152.7510,96.2510,14.2354,233.7480,49.4215
2028-08-21,39.7000,0.0000,19.4718,9.6517,1254.1644,159.5339,96.7057,17.7429,242.0833,56.7918
2028-08-22,31.8013,0.0000,34.6458,15.1941,1262.8926,163.9730,94.1058,16.4592,247.5815,54.2835
2028-08-23,31.2671,0.0222,37.5608,10.5467,1271.5247,168.1452,93.2392,11.5442,252.7364,43.4732
2028-08-24,35.8806,0.0002,27.8893,5.3590,1280.9872,173.6505,94.2118,10.1752,259.3928,40.1326
2028-08-25,38.4579,0.0000,19.2972,7.3795,1290.9136,180.2412,96.4548,15.2988,267.2105,52.0431
2028-08-26,38.5797,0.0000,16.2883,10.2173,1300.8620,187.0986,97.1923,19.4837,275.2327,60.4684
2028-08-27,36.1605,0.0000,24.0032,9.7127,1310.3749,192.9445,96.6833,17.7443,282.0600,57.1403
2028-08-28,35.8079,0.0000,25.0243,10.5778,1319.8243,198.6572,96.3723,17.7758,288.6841,57.2353
2028-08-29,37.7631,0.0000,19.7330,6.1622,1329.6256,205.0972,96.4237,14.3287,296.0346,50.0966
2028-08-30,38.7401,0.0000,17.1939,10.7432,1339.6029,211.9078,97.0294,19.5765,303.7087,60.7810
2028-08-31,37.1347,1.1428,23.9672,11.0995,1349.2911,217.9094,94.6486,14.4321,310.4680,50.3653
2028-09-01,35.8417,0.0907,31.7151,7.7744,1357.4466,222.4005,94.6995,12.2915,315.5526,45.5294
2028-09-02,34.7086,0.0030,37.1200,10.2875,1365.3982,226.4092,93.8825,12.4621,320.1153,45.9382
2028-09-03,34.4481,0.0000,30.2092,10.0442,1373.3028,230.8261,93.9331,12.3970,325.0609,45.7946
2028-09-04,34.1576,0.0000,26.5495,8.8770,1381.1552,235.4367,94.2476,12.2091,330.1690,45.3605
2028-09-05,35.0387,0.0000,24.9684,7.3764,1389.1662,240.2643,94.7237,12.0876,335.4734,45.0804
2028-09-06,34.3454,0.0000,30.6579,9.1558,1397.0523,244.6401,94.7746,13.3143,340.3028,47.9303
2028-09-07,34.9082,0.0000,23.1127,6.7513,1405.0398,249.5692,95.1094,12.3489,345.6492,45.7085
2028-09-08,36.4633,0.0000,16.9938,5.5035,1413.3072,255.1203,96.6360,14.2621,351.5791,50.0587
2028-09-09,35.9016,0.0000,24.9350,8.5286,1421.4735,260.0653,96.3992,16.0900,356.8926,53.9700
2028-09-10,34.1546,0.0000,34.5762,10.5672,1429.3253,264.1717,94.4473,13.6661,361.3700,48.7440
2028-09-11,34.0932,0.0000,34.1773,8.7043,1437.1661,268.2959,94.2552,12.1160,365.8473,45.1758
2028-09-12,34.5210,0.1152,31.8667,6.6962,1445.0839,272.6168,94.3060,11.0271,370.4969,42.5432
2028-09-13,34.6832,0.0000,25.2841,12.2748,1453.0308,277.3767,94.6109,15.2335,375.5342,52.1800
2028-09-14,31.7194,0.0023,37.6663,16.7717,1460.4443,281.0189,93.3094,15.9533,379.4860,53.7011
2028-09-15,33.8350,0.0013,39.1262,13.0295,1468.2386,284.8051,93.2516,13.1053,383.5905,47.4873
2028-09-16,29.4930,3.0870,53.8450,13.2564,1386.0701,115.3244,81.3159,2.5636,190.9335,14.8487
2028-09-17,24.9945,0.0005,37.2755,11.5199,1392.2731,118.2384,89.1331,6.7652,195.0627,29.9083
2028-09-18,27.3371,0.0000,30.0731,7.1839,1398.8978,121.7787,91.9308,8.1069,200.0253,33.8754
2028-09-19,28.9012,0.0000,29.4514,10.5111,1405.8041,125.5469,92.6791,10.6537,205.2653,40.6298
2028-09-20,22.5911,0.0123,32.9514,13.4054,1411.5745,128.3750,92.5164,12.0477,209.1885,44.0555
2028-09-21,23.9796,0.0000,25.9927,6.9856,1417.5948,131.6794,92.6449,8.8769,213.7266,36.2362
2028-09-22,26.9420,0.0000,20.6595,6.6034,1424.1483,135.6405,94.1357,10.7204,219.1093,41.0631
2028-09-23,26.2023,0.0000,29.6147,11.0698,1430.5688,139.0618,93.8314,12.8716,223.7486,46.2333
2028-09-24,27.4336,0.0000,27.2136,9.8459,1437.2108,142.7593,93.8820,12.1871,228.7211,44.7327
2028-09-25,29.4590,0.0000,24.6154,7.1950,1444.2174,146.8607,93.9327,10.7384,234.1862,41.3214
2028-09-26,30.6004,0.0000,25.3141,6.3275,1451.4295,151.0759,93.9833,10.3516,239.7613,40.4166
2028-09-27,31.7152,0.0000,23.5377,5.1810,1458.8422,155.5430,94.4519,10.4243,245.6164,40.6566
2028-09-28,32.6182,0.0000,25.4953,10.5314,1466.4175,160.0156,94.5028,13.7460,251.4386,48.5484
2028-09-29,29.6467,0.0000,35.3012,15.3930,1473.4579,163.5572,93.4145,15.1024,256.0571,51.5390
2028-09-30,28.3501,0.0170,39.3185,11.8241,1480.2650,166.7388,92.4468,11.0164,260.2036,42.2445
2028-10-01,25.8096,0.3322,48.2590,8.1525,1485.6147,168.8485,90.6418,7.0869,262.9754,31.6492
2028-10-02,26.5043,0.1849,43.2082,5.2916,1491.0895,171.2239,90.6913,6.1791,266.0659,28.8645
2028-10-03,28.0004,0.0360,36.4176,5.7629,1496.8335,174.0274,91.1397,6.7453,269.6721,30.6454
2028-10-04,29.0856,0.0000,28.1083,5.0294,1502.7729,177.3155,92.8260,8.2508,273.8505,35.0692
2028-10-05,29.2099,0.0012,23.9986,5.2734,1508.7347,180.8059,93.8422,9.6257,278.2489,38.8119
2028-10-06,29.1937,0.0608,26.0746,5.3671,1514.6936,184.1992,93.8928,9.7394,282.5096,39.1261
2028-10-07,29.7793,0.0166,25.4841,6.0100,1520.7579,187.6857,93.9434,10.1310,286.8628,40.1540
2028-10-08,29.5878,0.0831,24.2755,5.1576,1526.7877,191.2067,93.9941,9.7735,291.2324,39.2450
2028-10-09,27.9294,1.2699,39.2554,10.1879,1532.5190,193.8786,88.4939,5.7714,294.5869,27.6363
2028-10-10,24.9681,0.0043,44.4899,11.8966,1537.7172,196.0711,89.0873,6.8496,297.3546,31.0495
2028-10-11,25.6758,0.0441,36.6288,4.6960,1543.0429,198.6422,90.4712,5.8108,300.5551,27.7773
2028-10-12,28.3531,0.0000,31.4498,3.6290,1548.8504,201.7014,91.9849,6.8295,304.3249,31.0023
2028-10-13,29.1176,0.0000,32.0398,9.5861,1554.7956,204.8130,92.2408,9.5599,308.1459,38.7291
2028-10-14,26.9224,1.3610,42.8621,12.0295,1560.3456,207.2390,87.1429,5.2193,311.1603,25.8142
2028-10-15,23.2737,3.2503,55.6599,9.4566,1445.9649,106.5668,73.9676,1.1702,179.9736,7.6866
2028-10-16,24.7253,0.0217,46.4638,13.1715,1451.1194,108.6616,86.2512,4.8719,183.0549,23.6071
2028-10-17,25.3846,0.0023,42.1071,12.5705,1456.3927,110.9849,89.1928,7.1944,186.4488,30.9621
2028-10-18,24.3486,0.0000,39.4415,13.2536,1461.4794,113.3200,89.8999,8.2412,189.8404,33.9980
2028-10-19,25.1041,0.0001,39.4511,9.4629,1466.7022,115.7240,90.1092,7.0155,193.3161,30.6112
2028-10-20,23.4136,5.7806,61.0833,9.8709,1264.2777,67.8459,66.7279,0.9249,119.6409,5.2036
2028-10-21,22.9942,3.4516,69.5556,8.0386,1201.1831,51.4980,63.0008,0.7244,93.0253,3.3212
2028-10-22,23.1560,0.6807,63.3177,6.4105,1206.0551,52.8461,77.2345,1.2240,95.2574,5.9070
2028-10-23,23.2835,1.9850,69.4597,8.0426,1210.9502,48.8105,72.6286,1.0285,88.6843,4.7127
2028-10-24,20.3418,11.5682,81.8676,11.0167,970.0195,24.4095,42.7215,0.0989,45.9296,0.1567
2028-10-25,19.7948,3.0351,62.8585,10.2037,947.4175,19.8798,59.1228,0.6465,37.7779,0.8934
2028-10-26,20.0734,0.4054,57.8596,4.5082,951.7347,21.2318,76.0321,1.0223,40.2204,2.3641
2028-10-27,21.1453,0.2170,49.1013,6.0951,956.2448,22.9473,84.5426,2.6913,43.2972,7.2300
2028-10-28,21.8478,0.0158,46.1183,13.3173,960.8815,24.8208,87.6512,5.9885,46.6304,14.6826
2028-10-29,18.5042,5.3826,64.1898,20.8348,900.8037,16.3507,65.8393,1.5565,31.2819,3.2662
2028-10-30,18.8379,4.4075,77.4787,12.6721,862.5297,11.1537,54.3823,0.4990,21.6089,0.4752
2028-10-31,19.8387,6.2332,73.2533,9.5452,805.3856,6.8747,49.4182,0.2470,13.4621,0.1761
2028-11-01,19.9711,2.5946,71.7925,7.0052,808.6844,5.5121,56.8282,0.4645,10.8395,0.2929
2028-11-02,20.5120,0.1180,62.2555,2.8788,812.0806,6.5936,73.2763,0.8143,12.9249,0.5669
2028-11-03,22.4483,0.0256,53.7189,5.0679,815.8253,8.0385,83.1464,2.1240,15.6905,2.7717
2028-11-04,21.7470,0.0261,61.3261,5.3829,819.4437,9.2100,84.9402,2.7413,17.9165,4.1274
2028-11-05,21.4198,0.1964,63.7146,6.8847,823.0033,10.2933,85.1810,3.0564,19.9625,4.9693
2028-11-06,21.9845,0.3545,63.8451,9.9580,826.6645,11.3999,85.3055,3.6303,22.0399,6.2584
2028-11-07,19.3932,1.0724,76.3061,8.8829,829.8593,12.0436,78.3501,1.5188,23.2439,2.4555
2028-11-08,20.0956,1.0398,76.1205,5.5543,833.1805,12.7147,75.6935,1.0550,24.4948,1.3809
2028-11-09,19.4225,1.1038,75.4862,12.2175,836.3805,13.3817,75.4502,1.4546,25.7340,2.5354
2028-11-10,18.9571,5.9755,91.4479,15.7409,784.6562,7.7434,40.4480,0.0835,15.1140,0.0638
2028-11-11,18.6114,9.0433,84.2830,10.9166,708.7517,3.9754,33.6787,0.0154,7.8409,0.0082
2028-11-12,18.1944,0.1503,61.2550,4.9199,711.7307,4.9665,61.0570,0.5589,9.7627,0.3328
2028-11-13,20.1929,0.0016,49.0653,11.6979,715.0694,6.4044,80.6714,2.2034,12.5283,2.4359
2028-11-14,19.6706,0.0000,52.8329,11.7037,718.3141,7.7033,85.3160,3.9700,15.0043,5.4194
2028-11-15,19.1608,0.0000,54.5297,11.1636,721.4671,8.9247,86.1895,4.3650,17.3140,6.4548
2028-11-16,19.5211,0.0000,56.3613,10.3289,724.6849,10.1178,86.2376,4.2136,19.5530,6.7018
2028-11-17,19.4899,0.0009,58.0002,9.9641,727.8971,11.2643,86.2857,4.1650,21.6894,7.0445
2028-11-18,19.1024,0.0042,58.8779,9.7074,731.0395,12.3657,86.3339,4.1395,23.7280,7.3838
2028-11-19,19.4327,0.0063,59.5317,8.4201,734.2414,13.4673,86.3820,3.9060,25.7538,7.3535
2028-11-20,19.0221,0.2129,62.6932,5.6415,737.3693,14.4626,86.4302,3.4188,27.5732,6.7842
2028-11-21,16.4689,1.8220,73.0611,6.6770,740.0377,13.5638,71.6153,0.9244,25.9390,0.9909
2028-11-22,15.8827,0.0000,52.0115,9.1600,742.6006,14.6442,81.5078,2.1327,27.9124,4.2808
2028-11-23,13.2547,0.0005,52.8750,10.2627,744.6905,15.5411,84.3469,3.2335,29.5410,6.7232
2028-11-24,14.9678,0.0000,45.3978,7.3456,747.0887,16.7043,86.4239,3.7221,31.6399,7.9639
2028-11-25,17.9435,0.0000,48.9420,6.2684,750.0225,17.9934,87.0111,3.8316,33.9505,8.5201
2028-11-26,18.1458,0.0000,53.8838,7.5939,752.9927,19.1701,87.0594,4.1246,36.0460,9.4029
2028-11-27,17.0520,0.0027,48.4187,9.4822,755.7661,20.4114,87.1637,4.6042,38.2409,10.6667
2028-11-28,15.3933,0.2828,56.6869,10.2817,758.2409,21.3586,87.0853,4.7403,39.9068,11.1927
2028-11-29,17.0757,0.0796,58.0952,6.0910,761.0185,22.3684,87.0912,3.8411,41.6744,9.6404
2028-11-30,15.4496,0.0620,60.8797,9.0129,763.5035,23.2267,86.5590,4.1264,43.1702,10.4490
2028-12-01,16.4772,0.0080,55.4042,8.0573,766.1734,24.1175,86.6072,3.9594,44.7161,10.3064
2028-12-02,18.2580,0.0053,56.7819,7.5947,769.1638,25.0682,86.6555,3.8947,46.3592,10.3837
2028-12-03,17.8624,0.0807,56.0096,5.9071,772.0830,26.0162,86.7037,3.6017,47.9897,9.9293
2028-12-04,17.5054,0.0008,54.3852,8.1467,774.9380,26.9806,86.7520,4.0597,49.6405,11.1816
2028-12-05,17.1956,0.0002,54.2928,8.3366,777.7372,27.9309,86.8003,4.1270,51.2596,11.5445
2028-12-06,17.0895,0.1697,58.1113,6.2439,780.5173,28.7968,86.8486,3.7395,52.7299,10.8302
2028-12-07,17.2801,0.0370,57.0541,6.0331,783.3317,29.6938,86.8969,3.7255,54.2468,10.9785
2028-12-08,16.0065,0.0166,57.9150,8.0357,785.9169,30.5119,86.9342,4.1429,55.6250,12.1399
2028-12-09,15.1424,0.0000,44.7534,6.0631,788.3465,31.5317,87.3434,3.9761,57.3306,11.9533
2028-12-10,16.2349,0.0000,47.8501,5.8845,790.9728,32.5590,87.3919,3.9679,59.0420,12.1385
2028-12-11,17.3213,0.0557,54.9314,5.7655,793.7946,33.5024,87.4403,3.9716,60.6097,12.3332
2028-12-12,16.7540,0.3022,66.2929,7.3081,796.5144,34.1863,86.0958,3.5471,61.7472,11.3840
2028-12-13,16.0697,4.0100,74.2619,8.9585,770.4815,24.4366,58.4628,0.5801,45.2827,0.9098
2028-12-14,12.0163,2.9285,71.8711,6.8039,756.9672,19.3961,52.3522,0.3026,36.4568,0.4079
2028-12-15,12.0325,0.0070,59.1376,5.5694,758.8370,20.0059,68.8581,0.7987,37.5377,1.4105
2028-12-16,12.5336,0.0032,49.6464,5.6393,760.7970,20.7860,79.1483,1.3877,38.9141,3.4043
2028-12-17,13.4741,0.0070,47.5357,7.2936,762.9264,21.6549,84.0830,2.6872,40.4402,6.9112
2028-12-18,14.4053,0.0001,52.7577,7.8387,765.2233,22.4874,85.3635,3.2890,41.8967,8.4665
2028-12-19,13.4739,0.0026,58.5880,6.7181,767.3526,23.1732,85.4113,3.1291,43.0930,8.2466
2028-12-20,16.3663,0.3299,71.0563,5.3697,770.0026,23.7477,84.8866,2.7194,44.0955,7.3837
2028-12-21,17.7749,0.0057,69.0183,5.8604,772.9060,24.4123,84.9343,2.8058,45.2513,7.7194
2028-12-22,17.5663,0.0020,60.5357,6.9833,775.7720,25.2494,85.1267,3.0487,46.6989,8.4706
2028-12-23,18.0878,0.0000,54.5494,7.1666,778.7318,26.2404,85.9549,3.4529,48.4033,9.6324
2028-12-24,17.8264,0.0000,59.7593,5.8083,781.6445,27.1059,86.0029,3.2463,49.8869,9.3096
2028-12-25,15.6092,0.6233,65.4288,8.2187,784.1582,27.7624,83.6638,2.6631,51.0099,7.9482
2028-12-26,12.5483,0.0000,43.4248,6.4314,786.1209,28.6399,86.0437,3.3691,52.4982,9.9064
2028-12-27,15.6023,0.0123,48.3588,6.1889,788.6333,29.6200,86.6745,3.6382,54.1551,10.7562
2028-12-28,15.4980,0.0330,59.3579,5.0443,791.1269,30.3866,86.6413,3.4181,55.4489,10.3603
2028-12-29,12.6936,0.1438,70.3331,3.3147,793.1158,30.8516,85.0760,2.5165,56.2346,8.0427
2028-12-30,12.6960,0.0185,59.4854,4.9650,795.1050,31.4868,85.1238,2.7528,57.3008,8.8014
2028-12-31,12.3717,0.0009,59.9761,7.8233,797.0360,32.0996,85.1715,3.2003,58.3266,10.1103
2029-01-01,10.0179,0.0000,41.3943,13.0061,798.5432,32.9017,86.6003,5.0757,59.6583,14.8087
2029-01-02,11.5667,0.0028,43.4035,13.8184,800.3292,33.7843,87.0112,5.6055,61.1186,16.1850
2029-01-03,15.0051,0.0015,48.8992,8.9477,802.7341,34.7975,87.0596,4.4159,62.7902,13.6834
2029-01-04,12.9698,0.0427,55.8709,7.9944,804.7727,35.5618,86.8872,4.1068,64.0481,13.0740
2029-01-05,14.2456,0.0766,56.6819,8.6717,807.0409,36.3802,86.8762,4.2427,65.3911,13.5725
2029-01-06,15.9930,0.0139,54.5417,7.0768,809.6236,37.3368,86.9245,3.9421,66.9544,12.9863
2029-01-07,14.2342,0.0217,56.7271,7.2681,811.8898,38.1537,86.8827,3.9567,68.2850,13.1726
2029-01-08,14.7183,0.0000,50.2799,10.6925,814.2431,39.1219,86.9310,4.7343,69.8533,15.3316
2029-01-09,14.3510,0.0161,51.4605,9.3005,816.5302,40.0452,86.9793,4.4440,71.3432,14.7813
2029-01-10,14.4745,0.0184,52.1463,7.1919,818.8396,40.9628,87.0277,4.0237,72.8186,13.8486
2029-01-11,14.1750,0.0000,51.4808,6.4073,821.0951,41.8752,87.0761,3.8944,74.2798,13.6555
2029-01-12,15.3206,0.0002,50.4437,6.6667,823.5569,42.8770,87.1245,3.9730,75.8779,14.0397
2029-01-13,15.4527,0.0211,55.6911,6.0524,826.0424,43.7799,87.1729,3.8785,77.3156,13.9290
2029-01-14,14.3793,0.0015,58.6027,8.3180,828.3346,44.5688,86.7517,4.0948,78.5690,14.6599
2029-01-15,14.9932,0.0000,45.1973,7.9418,830.7374,45.6546,87.2236,4.2969,80.2794,15.3882
2029-01-16,15.8981,0.0003,47.5442,6.0982,833.3031,46.7523,87.2720,3.9428,82.0027,14.5844
2029-01-17,16.7648,0.0991,49.8677,5.5552,836.0247,47.8549,87.3205,3.8630,83.7280,14.5298
2029-01-18,12.4227,0.1034,51.9186,7.6179,837.9648,48.6553,87.3570,4.3086,84.9756,15.9260
2029-01-19,12.8188,0.0449,40.4234,6.7929,839.9762,49.6762,87.7451,4.3688,86.5552,16.2612
2029-01-20,13.5418,0.9647,73.8525,9.1316,842.1177,50.1475,79.6670,1.7412,87.2986,7.7191
2029-01-21,15.2561,1.1805,78.8828,10.0120,844.5678,50.5727,73.6885,1.1879,87.9755,5.4212
2029-01-22,12.9956,0.0262,49.6807,6.7220,846.6110,51.4459,81.5065,1.8858,89.3222,8.4069
2029-01-23,14.2855,0.0039,50.2091,4.1851,848.8864,52.3890,84.5550,2.4485,90.7729,10.5967
2029-01-24,14.7458,0.0881,59.5844,7.2309,851.2447,53.1774,84.7986,2.9510,91.9885,12.4247
2029-01-25,13.6233,0.0000,47.2373,5.8666,853.4009,54.1338,86.1247,3.3120,93.4483,13.7303
2029-01-26,13.1865,0.0076,56.8054,8.4391,855.4784,54.8935,86.1727,3.7960,94.6099,15.3573
2029-01-27,15.0913,0.0047,57.3128,6.2728,857.8989,55.7444,86.2208,3.4266,95.9089,14.3036
2029-01-28,16.1058,0.0000,48.5550,6.6516,860.5019,56.8341,86.7731,3.7764,97.5593,15.5540
2029-01-29,15.1399,0.0641,51.9306,8.8727,862.9311,57.7952,86.8214,4.2527,99.0119,17.1429
2029-01-30,16.4342,0.0066,48.2325,9.5758,865.5932,58.9126,87.0463,4.5493,100.6924,18.1795
2029-01-31,14.9332,0.0757,52.4608,10.8811,867.9852,59.8510,87.0947,4.8922,102.1013,19.3102
2029-02-01,16.0051,0.0001,47.3733,7.3852,870.5702,61.1297,87.1800,4.1522,104.0023,17.2720
2029-02-02,17.2034,0.0000,44.4551,7.3565,873.3708,62.5739,87.7151,4.4755,106.1369,18.4439
2029-02-03,16.5804,0.0155,46.6083,6.1040,876.0592,63.9148,87.7637,4.2311,108.1109,17.8561
2029-02-04,16.8341,0.0219,45.6702,9.3672,878.7934,65.2989,87.8124,5.0221,110.1382,20.4195
2029-02-05,15.0314,0.0000,35.8457,12.9273,881.2030,66.7690,88.8199,6.9431,112.2709,25.8980
2029-02-06,15.3222,0.0000,37.5865,12.7979,883.6650,68.2249,88.8689,6.9466,114.3738,26.1186
2029-02-07,15.4189,0.0000,43.7772,13.6413,886.1444,69.5442,88.9178,7.2994,116.2753,27.2173
2029-02-08,16.0591,0.0000,46.7545,12.1216,888.7391,70.8420,88.8693,6.7143,118.1412,25.8661
2029-02-09,16.1815,0.0000,43.6656,14.4707,891.3557,72.2249,88.9182,7.6113,120.1176,28.3884
2029-02-10,16.7299,0.0000,43.4388,13.6790,894.0711,73.6575,88.9672,7.3653,122.1557,27.9468
2029-02-11,17.6105,0.0857,42.7483,10.6139,896.9450,75.1791,89.0163,6.3558,124.3101,25.4227
2029-02-12,17.5865,0.0747,42.6157,10.7163,899.8146,76.7024,89.0653,6.4338,126.4562,25.8111
2029-02-13,17.3627,0.0406,45.1821,14.5788,902.6439,78.1400,89.1143,7.8714,128.4754,29.8112
2029-02-14,18.2234,0.0002,43.4382,13.5754,905.6281,79.6926,89.1634,7.5362,130.6444,29.1219
2029-02-15,18.5766,0.0158,42.6704,10.3141,908.6759,81.2950,89.2125,6.4394,132.8715,26.3070
2029-02-16,19.0955,0.0051,39.6993,7.8798,911.8171,83.0249,89.2616,5.7363,135.2598,24.4300
2029-02-17,18.4896,0.0005,39.9240,8.5776,914.8492,84.6966,89.3107,5.9836,137.5560,25.3072
2029-02-18,17.7501,0.0000,42.2454,8.8838,917.7482,86.2431,89.3598,6.1196,139.6727,25.8375
2029-02-19,18.2721,0.0000,38.7141,6.8552,920.7412,87.9296,89.4090,5.5641,141.9654,24.3102
2029-02-20,18.9601,0.0000,35.0477,4.4393,923.8580,89.7804,89.8201,5.2255,144.4635,23.3924
2029-02-21,18.9777,0.0001,33.7002,6.0664,926.9780,91.6713,90.1331,5.9322,146.9996,25.6992
2029-02-22,17.3154,0.0638,45.6788,7.7568,929.7988,93.0923,89.5213,5.9173,148.9117,25.7535
2029-02-23,17.0435,0.0000,38.1781,5.4434,932.5706,94.6856,89.5705,5.3035,151.0343,23.9583
2029-02-24,19.3134,0.0000,30.2659,6.0757,935.7510,96.7077,90.6546,6.3945,153.7032,27.4134
2029-02-25,21.6742,0.0000,27.6327,6.7068,939.3564,99.0488,91.6828,7.6412,156.7714,31.1000
2029-02-26,22.7781,0.0003,24.9305,7.2468,943.1604,101.5951,92.5261,8.8454,160.0813,34.4658
2029-02-27,20.9025,0.0005,32.9639,7.6086,946.6269,103.6903,92.2899,8.7134,162.7994,34.2602
2029-02-28,18.2182,0.0000,29.3400,14.6101,949.6102,105.6293,92.3401,12.4875,165.2930,43.4407
2029-03-01,17.2563,0.0000,22.9340,14.4387,952.4203,108.0407,92.3902,12.4679,168.3408,43.5640
2029-03-02,17.2508,0.0000,29.5074,12.1789,955.2294,110.2458,92.2893,10.9689,171.1184,40.2555
2029-03-03,18.6329,0.0000,29.2959,10.1608,958.2874,112.6240,92.3394,9.9786,174.0959,37.9856
2029-03-04,17.8459,0.0000,35.7366,11.8044,961.2036,114.6994,91.5021,9.6291,176.6887,37.2150
2029-03-05,18.8729,0.0000,33.8717,11.0895,964.3047,116.9508,91.5519,9.3544,179.4826,36.6202
2029-03-06,18.8156,0.0000,35.8357,12.7000,967.3956,119.1291,91.3534,9.8631,182.1740,38.0076
2029-03-07,19.3176,0.0006,36.9658,12.4870,970.5767,121.3229,91.2042,9.5530,184.8727,37.3139
2029-03-08,19.3242,0.0368,39.4450,14.0823,973.7591,123.4312,90.8229,9.8051,187.4581,38.0372
2029-03-09,19.0632,0.0028,38.8720,15.3589,976.8945,125.5321,90.7687,10.3761,190.0198,39.5432
2029-03-10,19.3670,0.0000,37.3398,12.8701,980.0845,127.7182,90.8183,9.2182,192.6683,36.6827
2029-03-11,19.8137,0.0000,35.3596,9.8282,983.3550,130.0226,90.8680,7.9643,195.4406,33.3755
2029-03-12,19.7839,0.0119,35.6951,6.6014,986.6201,132.3118,90.9176,6.8172,198.1805,30.1292
2029-03-13,19.6993,0.1491,33.3872,10.9335,989.8700,134.6735,90.9673,8.5406,200.9859,35.0846
2029-03-14,16.7539,0.0516,34.1482,10.2148,992.5897,136.6776,91.0170,8.2953,203.3523,34.4652
2029-03-15,15.1433,0.9605,40.8389,5.7157,995.0195,138.3157,85.3977,2.9694,205.2893,16.7808
2029-03-16,14.7374,0.5451,40.7819,9.2742,997.3762,139.9144,87.0419,4.4779,207.1722,22.6567
2029-03-17,15.7965,2.2078,39.1368,9.8547,999.9236,108.2476,77.5569,1.4929,170.3828,9.3729
2029-03-18,9.7828,23.7885,87.0919,13.6605,703.2081,47.8291,27.5140,0.0034,81.7564,0.0081
2029-03-19,14.8259,0.4244,51.5097,10.7880,705.5807,49.1455,61.2550,0.7597,83.7137,3.2029
2029-03-20,11.1013,9.1779,75.1457,13.8641,640.3013,26.4900,40.5049,0.0768,48.0140,0.1256
2029-03-21,8.1397,3.0777,71.3681,16.3828,629.1294,20.7480,46.6145,0.2390,38.3353,0.3336
2029-03-22,11.4495,0.4530,54.7342,14.4471,630.8943,21.7163,69.3717,1.2699,39.9912,3.1305
2029-03-23,14.2329,0.2680,49.5077,10.0773,633.1602,23.0360,80.6933,2.0355,42.2308,5.4599
2029-03-24,15.4976,0.0065,45.8102,6.3307,635.6537,24.5691,85.2029,2.9813,44.8085,8.0963
2029-03-25,14.7558,2.1848,54.0011,9.4465,638.0138,22.4455,73.3628,1.1379,41.2620,2.8022
2029-03-26,14.3366,2.0559,50.6203,12.6811,640.2984,20.9921,72.4708,1.2912,38.8038,3.1141
2029-03-27,17.9125,0.0000,40.8483,4.3061,643.2266,22.9092,83.5220,2.1462,42.0722,5.7360
2029-03-28,22.0893,0.0041,36.6339,7.4048,646.9067,25.4139,88.7939,5.2370,46.2823,13.1744
2029-03-29,23.1841,0.0128,34.2499,6.3927,650.7838,28.1356,90.4350,6.2967,50.7825,15.9772
2029-03-30,21.0788,0.1780,41.7495,8.0020,654.2820,30.3378,90.4845,6.8771,54.3728,17.7039
2029-03-31,20.6896,0.0000,30.5469,8.2251,657.7101,32.9175,91.0209,7.5082,58.5137,19.6301
2029-04-01,19.3287,1.1624,41.5819,9.3744,662.1433,35.8107,85.3816,3.5625,63.0910,11.5698
2029-04-02,19.7240,1.3639,47.6567,12.8700,666.6476,38.4532,82.5970,2.9348,67.2139,10.2505
2029-04-03,22.0178,0.0000,28.2166,10.6987,671.5648,42.4763,90.2459,7.6137,73.3536,22.3235
2029-04-04,25.3027,0.0000,20.9516,9.1886,677.0733,47.5361,93.5194,11.2103,80.8766,30.6477
2029-04-05,26.3925,0.0000,22.1410,6.7746,682.7780,52.7254,93.8731,10.4268,88.3873,30.5177
2029-04-06,24.1732,0.0000,27.9831,11.3377,688.0831,57.1379,93.7574,12.9132,94.6307,36.3649
2029-04-07,23.6254,0.0002,33.1173,9.8307,693.2897,61.1470,92.9120,10.6367,100.2003,32.8566
2029-04-08,26.2391,0.0000,23.0299,7.5627,698.9667,66.2485,93.5965,10.4400,107.1158,33.4487
2029-04-09,28.4257,0.0000,18.8253,6.1355,705.0374,72.0590,94.8591,11.5680,114.7879,36.8610
2029-04-10,28.4269,0.0000,17.1449,7.6485,711.1082,77.9899,95.3640,13.3772,122.4155,41.5394
2029-04-11,28.5217,0.0613,16.9234,6.8601,717.1961,83.9559,95.4783,13.0579,129.8970,41.7812
2029-04-12,27.2248,0.0872,21.7583,6.7480,723.0506,89.3286,95.5086,13.0381,136.4983,42.4330
2029-04-13,28.1430,0.0000,25.9574,8.7093,729.0703,94.5778,94.9899,13.4082,142.8334,43.8039
2029-04-14,30.9873,0.0000,21.4377,9.6973,735.6020,100.6891,95.0409,14.1914,150.0360,46.0422
2029-04-15,30.9372,0.0096,21.3792,7.9989,742.1247,106.7955,95.0919,13.1187,157.0796,44.3110
2029-04-16,30.7564,0.0219,17.3188,11.6621,748.6148,113.1810,95.7011,17.1445,164.2723,52.9724
2029-04-17,30.5186,0.2159,18.1073,11.7615,755.0622,119.4583,95.7523,17.3509,171.2020,53.8134
2029-04-18,27.9061,0.5608,25.4741,8.6404,761.0393,124.6990,94.0660,11.7651,176.9240,42.3800
2029-04-19,24.9727,5.0567,43.1133,10.0724,729.6173,76.0892,76.0122,1.3514,120.7079,7.4924
2029-04-20,17.4739,2.3468,44.5731,21.7210,733.7166,66.4901,77.2714,2.6550,108.4178,12.5120
2029-04-21,18.7386,0.0152,31.5490,16.5853,738.0435,69.7822,88.0313,7.4553,112.8819,27.2659
2029-04-22,21.6638,0.0042,24.9647,8.6992,742.8970,73.9232,91.7026,8.4720,118.3939,30.3495
2029-04-23,24.0489,0.0017,26.9095,8.8935,748.1798,78.3794,92.3633,9.3929,124.2245,33.1443
2029-04-24,23.8959,0.0003,32.3128,6.9365,753.4350,82.4812,92.4135,8.5712,129.5159,31.6642
2029-04-25,26.6387,0.0003,30.7283,4.9421,759.1840,87.1395,92.4636,7.8066,135.4201,30.2037
2029-04-26,28.5878,0.4198,31.4744,5.8209,765.2838,92.0715,92.5138,8.2179,141.5640,31.7217
2029-04-27,27.0756,1.6988,37.1885,10.4259,771.1114,89.5381,87.0519,4.7522,138.7877,21.5794
2029-04-28,28.1609,0.0000,27.4657,8.4364,777.1344,94.6836,92.3403,9.1492,145.1543,34.3331
2029-04-29,28.1068,0.0000,22.5204,9.0174,783.1476,100.1696,93.9318,11.7698,151.7991,40.9797
2029-04-30,30.0929,0.0000,20.3135,10.4724,789.5183,106.1956,94.8660,14.4071,158.9437,47.1559
2029-05-01,27.8143,0.2224,23.5314,19.0611,796.9289,112.0166,94.9169,22.3650,165.7784,62.4899
2029-05-02,21.5877,1.2489,36.4578,15.6373,803.2187,115.8119,87.6940,6.7724,170.2538,29.2230
2029-05-03,24.5991,0.0358,23.0222,8.5050,810.0506,121.0200,92.5821,9.4990,176.2219,36.8671
2029-05-04,27.4327,0.0002,18.6264,7.3190,817.3924,127.1325,94.6352,11.9069,183.0778,42.9583
2029-05-05,29.2000,0.0000,19.4467,5.9639,825.0524,133.5582,94.9650,11.6361,190.1596,42.5785
2029-05-06,30.4229,0.0000,18.4829,8.6715,832.9326,140.3232,95.3857,14.1267,197.4753,48.4067
2029-05-07,29.3091,0.4352,19.3076,8.6463,840.6122,146.7832,95.4369,14.2074,204.3571,48.7794
2029-05-08,24.6729,1.8217,46.3297,15.0162,847.4573,125.2094,84.7132,4.3180,182.8718,21.6675
2029-05-09,24.0242,0.7244,50.2568,11.3401,854.1857,128.4996,86.3559,4.5085,186.7607,22.4272
2029-05-10,25.9402,0.0235,38.2404,10.3379,861.2589,132.8961,89.9089,7.1244,191.8023,30.8947
2029-05-11,29.6210,0.0000,23.1802,7.6846,868.9947,139.1091,93.7819,10.7787,198.6988,40.7772
2029-05-12,30.9133,0.0211,17.3499,6.8886,876.9631,146.0749,95.5882,13.2738,206.2589,46.7814
2029-05-13,27.7280,3.7761,36.5005,8.7033,852.7714,91.9735,82.0482,2.2231,144.8822,12.3630
2029-05-14,27.1490,4.0271,47.8075,10.7144,827.0648,66.5351,77.3166,1.5300,110.7887,7.9824
2029-05-15,28.7876,0.1673,33.3237,10.4896,834.6506,71.7815,90.2375,7.5250,118.1584,27.9788
2029-05-16,28.1621,0.0000,30.1954,11.8546,842.1238,77.1590,92.2495,10.7307,125.5577,36.3379
2029-05-17,27.7952,0.0026,32.7955,13.8581,849.5309,82.2714,92.2996,11.9549,132.4705,39.7342
2029-05-18,25.1076,0.0000,33.0123,14.9042,856.4543,86.8932,92.3497,12.6913,138.6252,41.9088
2029-05-19,27.8494,0.0000,29.3384,9.1380,863.8712,92.2786,92.5788,9.8023,145.6591,35.9669
2029-05-20,30.5050,0.0007,23.5878,9.2010,871.7661,98.6365,94.1366,12.2210,153.7755,42.1242
2029-05-21,31.0912,0.0000,19.9112,8.5991,879.7665,105.4239,95.1177,13.5692,162.2432,45.6142
2029-05-22,29.3055,0.0524,28.3352,12.2191,887.4455,111.1605,94.6431,15.2581,169.3039,49.5607
2029-05-23,28.2025,0.0024,27.8308,13.4284,894.9259,116.7279,94.4768,15.8499,176.0492,51.1297
2029-05-24,28.4008,0.0002,25.1558,16.3942,902.4421,122.5407,94.5277,18.5341,182.9690,56.7030
2029-05-25,28.5462,0.0001,15.6411,12.2022,909.9844,129.1248,95.6950,17.6030,190.6261,55.2637
2029-05-26,31.2656,0.0000,11.8460,6.8162,918.0162,136.6362,97.0138,16.0284,199.1641,52.4427
2029-05-27,32.6966,0.0032,18.6079,9.0488,926.3056,143.8781,97.0654,18.0611,207.2706,56.7201
2029-05-28,31.7790,0.0000,26.2448,11.5720,934.4298,150.2622,95.6918,17.0452,214.3517,54.9115
2029-05-29,31.4088,0.0000,28.0370,9.7795,942.4874,156.4212,95.0955,14.3571,221.1031,49.4800
2029-05-30,33.7558,0.0000,22.1060,8.0425,950.9674,163.5690,95.1538,13.2593,228.7667,47.1894
2029-05-31,32.9108,0.0107,26.5804,10.7371,959.2954,170.1429,95.2049,15.2940,235.7520,51.7177
2029-06-01,31.2918,0.0009,25.4531,12.9266,968.3319,176.5000,95.2559,17.1976,242.4983,55.7149
2029-06-02,31.0938,0.0000,22.1751,11.2720,977.3328,183.0961,95.3070,15.9325,249.3891,53.2191
2029-06-03,37.0817,0.0002,12.6519,9.1672,987.4115,191.8762,97.6710,19.6936,258.2790,60.7295
2029-06-04,35.3045,0.0000,21.3363,14.8840,997.1703,199.4154,97.0790,24.2789,265.8955,69.0030
2029-06-05,36.6294,0.0000,16.5042,10.8038,1007.1676,207.7090,97.1307,19.9038,274.0989,61.2527
2029-06-06,38.5268,0.0006,13.6291,10.2200,1017.5064,216.7195,97.7538,20.9957,282.8356,63.3296
2029-06-07,38.6468,0.0500,14.1828,12.0417,1027.8668,225.6994,97.8057,23.1730,291.4223,67.2674
2029-06-08,35.7606,0.0248,20.1236,10.8459,1037.7077,233.4507,97.3892,20.6450,298.8324,62.7611
2029-06-09,31.0809,0.0154,21.3734,15.1015,1046.7063,240.1121,96.4838,22.6644,305.1960,66.4318
2029-06-10,26.0831,0.0002,26.8866,17.1232,1054.8053,245.3444,94.7385,19.7934,310.2695,61.2115
2029-06-11,28.1445,0.0000,20.9712,7.9665,1063.2753,251.4289,94.7894,12.5652,316.0310,46.1709
2029-06-12,32.8878,0.0000,14.5900,5.8041,1072.5991,259.0712,96.5653,14.3430,323.0637,50.1974
2029-06-13,34.0658,0.0000,17.5025,7.4005,1082.1349,266.7088,96.6169,15.6524,330.0517,53.0211
2029-06-14,35.0131,0.0000,16.0391,8.9666,1091.8413,274.6912,96.7066,17.1430,337.2590,56.1034
2029-06-15,36.5086,0.0025,14.6135,11.6023,1101.8168,283.1454,97.2373,21.0176,344.7839,63.5589
2029-06-16,35.5957,0.0000,16.1692,10.1170,1111.6280,291.2441,97.2890,19.6369,351.9578,60.9952
2029-06-17,34.6572,0.0677,23.4823,10.6683,1121.2703,298.4472,96.5822,18.3686,358.4043,58.5622
2029-06-18,35.0476,0.0000,23.8331,11.6338,1130.9829,305.6955,96.4461,18.9345,364.8506,59.6660
2029-06-19,34.2198,0.0000,21.5570,12.0598,1140.5465,312.9896,96.4976,19.4798,371.2692,60.7148
2029-06-20,33.5981,0.0000,23.0569,11.6198,1149.9981,320.0182,96.3589,18.7002,377.4483,59.2222
2029-06-21,33.9979,0.0000,25.4278,11.6901,1159.5217,326.9087,95.9924,17.8603,383.5077,57.5800
2029-06-22,36.3583,0.0000,23.4583,9.3673,1169.4702,334.4569,96.0437,15.9983,390.0428,53.8001
2029-06-23,38.8641,0.0000,18.3284,6.4278,1179.8698,343.0497,96.7942,15.2626,397.3057,52.2519
2029-06-24,39.2054,0.0001,17.4479,7.2262,1190.3308,351.8094,97.0598,16.4640,404.6367,54.7700
2029-06-25,40.2970,0.0000,16.4589,6.9581,1200.9882,360.9140,97.4410,17.0893,412.1704,56.0477
2029-06-26,41.3344,0.0000,12.2634,7.4806,1211.8324,370.7156,98.4356,20.0088,420.1259,61.7359
2029-06-27,42.0427,0.0000,11.1656,11.5491,1222.8041,380.8054,98.7645,25.6429,428.2202,71.6963
2029-06-28,39.8071,0.0226,17.8973,14.2674,1233.3734,389.6474,98.4487,28.2157,435.4088,75.8936
2029-06-29,37.9410,0.1354,22.2859,11.4165,1243.6068,397.6350,97.4109,21.3086,441.9742,64.1450
2029-06-30,36.2669,0.6779,31.8596,13.7398,1253.5388,404.3382,93.4826,14.0279,447.6746,49.5790
2029-07-01,36.0370,0.0000,22.2040,12.3519,1263.7295,411.1235,95.4322,17.1133,453.4499,56.1032
2029-07-02,36.3955,0.0000,19.5434,9.0339,1273.9847,418.2085,96.1242,15.9039,459.4006,53.6175
2029-07-03,38.2683,0.0140,20.8009,8.1713,1284.5770,425.5312,96.1943,15.3724,465.5309,52.4976
2029-07-04,35.2607,0.0156,29.4836,15.2027,1294.6279,431.5530,95.4326,19.7580,470.7799,61.2704
2029-07-05,34.8778,0.0000,21.0122,12.2468,1304.6099,438.2271,95.5774,17.3627,476.3943,56.6075
2029-07-06,34.7517,0.0000,14.9093,10.7836,1314.5692,445.3918,96.8589,19.1741,482.2789,60.1600
2029-07-07,37.1675,0.0000,13.5567,7.9507,1324.9634,453.1607,97.5567,18.2442,488.5714,58.3574
2029-07-08,38.0895,0.0000,17.6348,8.2113,1335.5235,460.7415,97.6086,18.6129,494.7630,59.0776
2029-07-09,40.3987,0.0000,17.4361,6.6755,1346.4992,468.7884,97.6604,17.3457,501.2751,56.5745
2029-07-10,41.3422,0.0001,14.6447,9.6426,1357.6448,477.2964,97.9832,21.0218,508.0580,63.6253
2029-07-11,39.7032,0.0000,13.2606,10.9774,1368.4954,485.6086,98.0352,22.6392,514.6554,66.5414
2029-07-12,38.2286,0.0000,13.5747,11.6599,1379.0806,493.5913,98.0872,23.5926,521.0003,68.2141
2029-07-13,37.6730,0.0000,16.8904,10.0099,1389.5657,501.1593,98.1393,21.8598,527.0791,65.1493
2029-07-14,38.1011,0.0000,18.8306,8.6696,1400.1279,508.6323,97.9762,19.9975,533.1047,61.7241
2029-07-15,39.3453,0.0000,18.4274,7.2749,1410.9141,516.3807,98.0282,18.7686,539.3079,59.3808
2029-07-16,39.5770,0.0000,16.6312,9.3389,1421.7419,524.3451,98.0802,20.9691,545.6211,63.5295
2029-07-17,37.4466,0.0064,18.9920,13.1717,1432.1863,531.6787,97.8406,24.6441,551.5084,70.0222
2029-07-18,35.7837,0.0674,20.7044,11.6627,1442.3314,538.5476,97.2972,21.2507,557.0796,64.0453
2029-07-19,37.6343,0.0000,17.9206,8.8398,1452.8096,546.0143,97.3490,18.5605,563.0223,58.9771
2029-07-20,38.2021,0.0457,18.7045,9.3799,1463.3899,553.5182,97.4008,19.2044,568.9921,60.2203
2029-07-21,39.5513,0.0002,16.5392,9.0676,1474.2132,561.4863,97.4526,19.0352,575.2404,59.8956
2029-07-22,39.8460,0.0000,15.9136,10.8826,1485.0895,569.5724,97.5044,21.0023,581.5470,63.5908
2029-07-23,39.1380,0.0000,16.4513,10.3454,1495.8383,577.4679,97.5562,20.5826,587.7164,62.8165
2029-07-24,38.8695,0.0000,18.3502,9.7234,1506.5388,585.1324,97.6081,20.0852,593.7453,61.8894
2029-07-25,39.8285,0.0001,19.0995,8.8366,1517.4119,592.9089,97.6599,19.3400,599.8545,60.4797
2029-07-26,41.2094,0.0987,17.7517,5.3178,1528.5336,601.0816,97.7118,16.3094,606.2035,54.4643
2029-07-27,42.2276,0.0089,16.0319,8.0752,1539.8386,609.6259,97.8452,19.0743,612.7644,59.9709
2029-07-28,39.6220,0.0000,14.2366,12.6159,1550.6746,617.8282,97.8972,24.1436,619.0466,69.1669
2029-07-29,36.0637,0.0000,25.3424,12.7372,1560.8700,624.3444,96.5196,20.2159,624.3462,62.1341
2029-07-30,37.1740,0.0000,25.8208,8.7807,1571.2653,631.0123,96.4129,16.3259,630.9535,54.4986
2029-07-31,40.7979,0.0000,16.8659,7.2347,1582.3130,639.1926,97.4175,17.2750,639.0439,56.4339
2029-08-01,41.1639,0.0469,16.7711,9.4808,1592.7265,646.4545,97.5244,19.6221,646.2302,61.0165
2029-08-02,41.6902,0.0000,17.0353,6.7714,1603.2347,653.7835,97.5763,17.2362,653.4814,56.3557
2029-08-03,42.6818,0.0000,16.6108,8.4530,1613.9214,661.3207,97.7986,19.3214,660.9359,60.4443
2029-08-04,38.8098,0.0000,18.3910,12.3063,1623.9112,668.0446,97.8505,23.6236,667.5893,68.2690
2029-08-05,35.8130,0.0000,28.7803,11.4993,1633.3615,673.4720,95.8723,17.4040,672.9729,56.6930
2029-08-06,38.1334,0.0034,24.6792,6.5700,1643.2295,679.5726,95.9236,13.6708,679.0161,48.7872
2029-08-07,39.4765,0.0000,20.0761,7.7728,1653.3393,686.2677,96.5318,15.7675,685.6398,53.3354
2029-08-08,39.3114,0.0000,19.6701,9.2794,1663.4193,692.9695,96.6106,17.1923,692.2686,56.2672
2029-08-09,39.1912,0.0000,18.7218,10.3984,1673.4778,699.7302,96.7900,18.6328,698.9535,59.1181
2029-08-10,39.3209,0.0000,16.0706,11.8406,1683.5595,706.7338,97.3645,21.6350,705.8739,64.7444
2029-08-11,36.2572,0.0000,22.4214,11.5817,1693.0898,712.7169,96.9855,20.3019,711.7945,62.2948
2029-08-12,30.0719,0.1848,47.2170,14.7053,1701.5068,716.1136,91.7646,11.5674,715.1877,43.8892
2029-08-13,34.9988,0.0000,28.7383,8.7625,1710.8106,721.4244,93.8181,11.4377,720.4514,43.5742
2029-08-14,35.0863,0.3396,34.2366,12.5840,1720.1301,726.3373,93.8687,13.9643,725.3280,49.4424
2029-08-15,32.0941,0.0198,36.0608,12.3950,1728.9110,730.7189,93.5610,13.2526,729.6822,47.8425
2029-08-16,36.2501,0.0000,19.0710,7.1530,1738.4401,736.9592,96.0937,14.4062,735.8504,50.4169
2029-08-17,38.7023,0.0000,15.4018,6.0011,1748.4105,743.9106,97.3695,16.1307,742.7133,54.0941
2029-08-18,38.5722,0.0000,22.0540,8.0639,1758.3575,750.2945,97.3790,17.9202,749.0237,57.7213
2029-08-19,38.1278,0.0000,18.7502,10.5854,1768.2245,756.8745,97.4308,20.4888,755.5225,62.6427
2029-08-20,35.7471,0.0000,15.2220,8.9069,1777.6630,763.3235,97.4826,18.9571,761.8884,59.7456
2029-08-21,33.9368,2.8601,27.5521,13.3200,1634.7322,127.6143,90.8205,9.4324,213.5517,37.7018
2029-08-22,30.0507,2.5814,45.7417,8.5593,1643.1453,97.1287,83.4679,2.6405,169.2465,14.8151
2029-08-23,30.4094,2.2177,45.5386,7.8277,1651.6230,84.4968,83.6868,2.6190,149.8303,14.2228
2029-08-24,31.4496,1.1590,39.2365,10.2643,1660.2879,88.5799,88.8925,6.1349,156.3110,26.7638
2029-08-25,32.6423,0.5444,31.5989,7.4099,1669.1675,93.3447,92.4931,8.8771,163.7903,34.7329
2029-08-26,33.6039,0.0000,28.3434,6.7088,1678.2202,98.4785,93.6937,10.1366,171.7597,38.2752
2029-08-27,34.0134,0.0000,23.5502,7.9900,1687.3466,104.0204,94.8063,12.6094,180.2595,44.4446
2029-08-28,34.7693,0.0000,19.5201,7.8228,1696.6091,109.9800,95.8307,14.3795,189.2847,48.6696
2029-08-29,34.8952,0.0000,20.3081,6.6387,1705.8942,115.9019,95.8820,13.6411,198.1475,47.3717
2029-08-30,36.5603,0.0000,16.9959,6.0166,1715.4791,122.3553,96.6969,14.7559,207.6792,50.0406
2029-08-31,37.4118,0.0000,17.6718,8.6615,1725.2172,128.9009,96.7485,16.9766,217.2263,54.8408
2029-09-01,33.9167,0.0000,22.7683,12.8329,1733.0262,133.7157,96.4946,20.2456,224.1872,61.2603
2029-09-02,28.9898,0.0000,23.3964,16.2731,1739.9483,137.8194,95.6862,21.5852,230.0782,63.8127
2029-09-03,27.7730,0.0000,18.9958,13.8034,1746.6515,141.9834,95.7375,19.1925,236.0053,59.5062
2029-09-04,31.0768,0.0000,18.1826,10.4951,1753.9493,146.6704,95.7887,16.3589,242.6194,54.0200
2029-09-05,32.2052,0.0000,20.4898,11.7682,1761.4503,151.3850,95.8400,17.5644,249.2224,56.5254
2029-09-06,33.1142,0.0000,21.1856,6.4993,1769.1148,156.1859,95.8913,13.5627,255.8931,48.1790
2029-09-07,34.6966,0.0000,20.9981,7.6293,1777.0642,161.2207,95.9426,14.4576,262.8297,50.2065
2029-09-08,33.9944,0.0000,22.0069,7.9152,1784.8872,166.0938,95.9939,14.7696,269.4930,50.9276
2029-09-09,31.8715,0.0009,30.4182,11.6624,1792.3280,170.1783,94.7944,15.1479,275.0644,51.7718
2029-09-10,30.2709,0.0025,32.7268,13.2439,1799.4808,173.9356,93.9856,14.6723,280.1692,50.7782
2029-09-11,29.4400,0.0338,34.3486,11.3545,1806.4840,177.5052,93.4826,12.4392,285.0001,45.7856
2029-09-12,30.9911,0.0101,34.4528,6.7181,1813.7664,181.2502,93.5332,9.9172,290.0407,39.6141
2029-09-13,33.2027,0.0000,30.3305,4.2485,1821.4469,185.5050,93.5837,8.8185,295.7168,36.7133
2029-09-14,34.3405,0.0000,27.1876,8.3310,1829.3322,190.0992,94.1277,11.6823,301.7943,44.0488
2029-09-15,34.5203,0.0000,19.5776,11.5589,1837.2498,195.1993,95.7548,17.1804,308.4660,56.1186
2029-09-16,34.2437,0.0000,17.0781,12.7837,1845.1177,200.4172,96.3274,19.7457,315.2327,61.1355
2029-09-17,32.6650,2.3568,29.7185,11.6986,1852.7014,125.6883,90.1321,7.8779,214.9250,33.5075
2029-09-18,27.3222,4.6486,60.4377,10.0451,1524.7539,76.7847,72.7727,1.1442,136.3975,6.8414
2029-09-19,27.9182,0.3121,51.9497,10.2892,1531.4832,79.2672,85.7464,3.9250,140.3709,18.8653
2029-09-20,27.6553,0.0000,35.8089,10.0235,1538.1652,82.5534,90.5700,7.7082,145.5744,30.6466
2029-09-21,29.0042,0.0000,30.6910,8.8214,1545.0899,86.2681,92.3096,9.2882,151.4028,35.0928
2029-09-22,29.2677,0.0000,27.0830,11.5257,1552.0621,90.2104,93.2295,12.1116,157.5305,42.1333
2029-09-23,31.1605,0.0000,20.0772,9.7207,1559.3750,94.8008,95.0266,14.1803,164.5868,47.0517
2029-09-24,32.5267,0.0000,19.9397,6.4774,1566.9338,99.5938,95.4021,12.6763,171.8766,44.2102
2029-09-25,32.3300,0.0000,22.9287,7.6757,1574.4572,104.1809,95.4532,13.5594,178.7864,46.4770
2029-09-26,30.8306,0.0000,31.0919,9.5520,1581.7107,108.0982,94.4742,13.0327,184.6481,45.5667
2029-09-27,31.8495,0.0000,25.4491,9.7311,1589.1476,112.4715,94.5250,13.2432,191.1258,46.2701
2029-09-28,32.6887,0.0000,17.2322,9.9583,1596.7356,117.4505,95.9742,16.3275,198.4143,53.0248
2029-09-29,32.5999,0.0000,16.9491,9.7686,1604.3076,122.4334,96.1159,16.4853,205.6341,53.5630
2029-09-30,32.2772,0.0000,18.5568,9.2379,1611.8215,127.2730,96.1673,16.1621,212.5813,53.0887
2029-10-01,31.9279,0.0000,19.4137,7.3320,1618.2725,131.3059,96.2187,14.7844,218.3248,50.3430
2029-10-02,31.2634,0.0006,20.8829,5.4703,1624.6039,135.1855,96.2701,13.5542,223.8118,47.7687
2029-10-03,31.6941,0.0022,24.9212,6.3365,1631.0128,138.9162,95.7901,13.2686,229.0590,47.2148
2029-10-04,31.6503,0.0639,25.1255,9.5280,1637.4139,142.6317,95.6211,15.2301,234.2507,51.5616
2029-10-05,25.8777,1.5087,47.9172,12.3579,1642.7759,135.8795,85.7509,4.3590,225.1929,22.4215
2029-10-06,24.4962,0.5576,56.6966,6.6826,1647.8892,137.5590,86.3527,3.5638,227.6167,19.4164
2029-10-07,26.6089,0.0141,49.4348,5.3455,1653.3828,139.6819,88.1420,4.2992,230.6493,22.2471
2029-10-08,27.7132,0.0452,42.0329,4.0264,1659.0752,142.2126,89.7521,5.0683,234.2308,25.0082
2029-10-09,29.3851,0.0318,38.5186,6.0174,1665.0685,145.0525,90.8721,6.5767,238.2230,29.9396
2029-10-10,27.9510,0.1764,45.4156,6.9491,1670.8037,147.4552,90.9218,6.9418,241.6041,31.0783
2029-10-11,27.4025,0.6996,48.1769,9.9801,1676.4401,149.6933,88.4538,5.6785,244.7507,27.1333
2029-10-12,26.9796,1.4639,54.1614,8.1155,1682.0004,151.6436,83.4977,2.5922,247.5022,15.4148
2029-10-13,26.8544,0.6015,57.9823,7.5405,1687.5382,153.4233,85.8702,3.4771,250.0199,19.1983
2029-10-14,25.5826,0.2598,54.6146,9.6229,1692.8471,155.2582,87.2047,4.6642,252.5991,23.7067
2029-10-15,22.8975,0.0012,41.8184,7.3206,1697.6727,157.3738,88.9009,5.2955,255.5289,25.9176
2029-10-16,24.6903,0.2243,30.7096,4.4684,1702.8209,160.0814,91.2534,6.4224,259.2362,29.5991
2029-10-17,26.3139,0.0116,34.0942,6.7551,1708.2614,162.8190,91.3654,7.3225,262.9757,32.3493
2029-10-18,23.7593,0.0002,43.1439,6.6070,1713.2421,164.9606,90.9241,6.8255,265.9124,30.8738
2029-10-19,23.7757,0.2487,46.8717,8.8848,1718.2257,166.9631,90.2917,6.9944,268.6606,31.3978
2029-10-20,20.3307,0.0407,37.8221,10.2208,1722.5892,168.9821,90.3412,7.5346,271.4039,33.0109
2029-10-21,18.0801,2.0651,60.9684,13.1977,1726.5477,123.8163,76.3475,1.6171,209.9857,10.4401
2029-10-22,17.4750,0.2899,43.1069,14.7732,1730.3972,125.4175,85.3617,4.6634,212.3565,23.3826
2029-10-23,18.9294,0.0000,32.3380,7.6146,1734.5085,127.4709,89.2933,5.6860,215.3721,26.8842
2029-10-24,21.9623,0.0000,33.6713,5.5283,1739.1657,129.7887,90.4298,6.0238,218.7633,28.0130
2029-10-25,22.9609,0.0000,39.6287,7.9399,1744.0026,131.9897,90.4793,6.8505,221.9797,30.6088
2029-10-26,22.8218,0.0222,41.9694,10.3621,1748.8146,134.0931,90.5288,7.7948,225.0467,33.4109
2029-10-27,23.9422,0.3379,45.5134,9.4136,1753.8281,136.1605,90.4175,7.3137,228.0573,32.0558
2029-10-28,16.6184,3.1786,55.5259,15.0439,1584.7992,90.7493,71.8606,1.4216,158.7698,8.8051
2029-10-29,15.8666,0.0220,46.7756,6.0014,1588.3592,92.1176,81.9788,1.9239,160.9057,11.3866
2029-10-30,18.6688,0.4710,50.5860,7.6002,1592.4236,93.5977,85.6247,3.3699,163.2126,17.6469
2029-10-31,20.1871,0.0027,47.9689,7.4203,1596.7613,95.2759,87.2380,4.1940,165.8168,20.7862
2029-11-01,17.1620,2.9345,67.9222,11.7359,1491.3419,72.7104,68.0543,1.0622,129.6216,6.2256
2029-11-02,17.2396,0.0119,40.0969,9.6185,1494.1490,74.1669,82.9122,2.5925,131.9584,13.4666
2029-11-03,19.3476,0.0000,33.1266,7.4053,1497.3356,75.9798,88.6439,5.1255,134.8525,22.5434
2029-11-04,22.3268,0.0000,40.3089,6.3535,1501.0584,77.8338,89.3352,5.3680,137.8038,23.4704
2029-11-05,20.4528,0.0000,47.2793,6.6988,1504.4439,79.3403,89.3843,5.5009,140.1966,24.0170
2029-11-06,20.9249,0.0015,41.2007,4.6058,1507.9144,81.0572,89.4334,4.9853,142.9094,22.5484
2029-11-07,21.1099,0.0221,51.1430,6.3128,1511.4182,82.4959,89.0634,5.1521,145.1811,23.1962
2029-11-08,18.1969,0.2268,66.6697,3.8367,1514.3976,83.3486,86.6828,3.2353,146.5349,16.5867
2029-11-09,17.5272,0.2640,66.3583,6.1261,1517.2565,84.1794,85.9847,3.2903,147.8513,16.8464
2029-11-10,19.8366,0.0000,42.7658,5.0914,1520.5311,85.7681,87.9427,4.1250,150.3363,20.0008
2029-11-11,18.7454,0.9453,47.0089,10.5501,1523.6093,87.1624,85.0413,3.6063,152.5124,18.2084
2029-11-12,13.3617,0.7591,46.9706,15.8413,1525.7184,88.1791,84.5422,4.3977,154.0936,21.0978
2029-11-13,12.8299,0.0001,39.5595,11.5330,1527.7317,89.2953,87.0320,5.0105,155.8214,23.2218
2029-11-14,15.0361,0.0027,41.5764,8.5811,1530.1422,90.5452,87.7791,4.8042,157.7531,22.6162
2029-11-15,17.1700,0.0047,43.7325,7.3543,1532.9368,91.9081,87.9738,4.6439,159.8557,22.1546
2029-11-16,17.3401,0.0000,40.9455,8.0886,1535.7620,93.3519,88.4209,5.1380,162.0744,23.8789
2029-11-17,17.5307,0.0000,42.8054,6.3731,1538.6216,94.7646,88.4697,4.7456,164.2401,22.6511
2029-11-18,20.0606,0.0009,44.3912,6.6170,1541.9365,96.3247,88.5186,4.8381,166.6265,23.0415
2029-11-19,19.9522,0.0000,48.7644,7.9617,1545.2319,97.7547,88.5675,5.2137,168.8111,24.3576
2029-11-20,20.1137,0.0000,50.5278,10.0384,1548.5563,99.1462,88.6164,5.8296,170.9325,26.3951
2029-11-21,19.6613,0.0012,50.3111,10.8919,1551.7994,100.5139,88.6653,6.1287,173.0117,27.3890
2029-11-22,19.9723,0.0230,50.5098,7.0022,1555.0984,101.8965,88.7142,5.0734,175.1084,24.0835
2029-11-23,19.8883,0.0192,50.6932,4.2687,1558.3823,103.2685,88.7631,4.4517,177.1837,22.0107
2029-11-24,19.3291,0.0000,44.2996,7.7475,1561.5655,104.7772,88.8121,5.3421,179.4523,25.0877
2029-11-25,18.3506,0.0031,44.8907,7.3186,1564.5726,106.1983,88.8610,5.2647,181.5833,24.8884
2029-11-26,18.1749,0.2387,52.2902,4.9893,1567.5481,107.4175,88.4403,4.4073,183.4136,21.9982
2029-11-27,14.8403,0.0070,51.3697,7.7614,1569.9233,108.4452,88.0489,4.7914,184.9509,23.3742
2029-11-28,13.5587,0.0850,45.6920,6.9334,1572.0679,109.5007,88.0976,4.6278,186.5215,22.8410
2029-11-29,11.5941,19.4292,82.9148,11.1540,952.9222,49.6314,33.8827,0.0164,87.8271,0.0416
2029-11-30,12.4621,0.0914,59.1863,9.5939,954.8694,50.3653,60.1027,0.6681,88.9953,2.8884
2029-12-01,14.0568,2.0897,65.8485,10.1959,957.1036,45.3610,62.9602,0.8060,81.1114,3.3426
2029-12-02,16.1712,0.0151,54.3959,11.5877,959.7185,46.2560,78.4134,1.7503,82.5636,7.4719
2029-12-03,15.5363,0.0000,54.3914,6.5676,962.2190,47.1183,83.2471,2.3208,83.9583,9.6572
2029-12-04,16.1031,0.0043,56.5030,3.9723,964.8215,47.9686,84.7434,2.4853,85.3311,10.3309
2029-12-05,16.0509,0.3952,64.0489,5.3226,967.4147,48.6693,84.7910,2.6777,86.4639,11.0739
2029-12-06,16.6535,0.0078,65.1455,7.1784,970.1163,49.3725,84.8387,2.9594,87.5994,12.1013
2029-12-07,17.1414,0.1105,60.2578,8.0842,972.9058,50.1964,85.0828,3.2032,88.9229,13.0008
2029-12-08,17.1551,0.0000,58.0450,7.6291,975.6977,51.0667,85.4183,3.2793,90.3159,13.3623
2029-12-09,15.4320,0.0000,49.7909,6.6109,978.1795,52.0100,86.2806,3.5150,91.8154,14.2373
2029-12-10,14.2525,0.0000,48.6193,9.2344,980.4489,52.9064,86.5785,4.1843,93.2351,16.4006
2029-12-11,16.3861,0.0000,54.5602,9.8578,983.1024,53.8094,86.6267,4.3474,94.6651,17.0169
2029-12-12,16.4063,0.0000,54.4971,10.4465,985.7595,54.7146,86.6750,4.5090,96.0948,17.6258
2029-12-13,16.6252,0.0000,55.9468,9.6894,988.4561,55.6019,86.7232,4.3701,97.4935,17.3525
2029-12-14,16.4566,0.0002,56.2061,6.4441,991.1223,56.4757,86.7715,3.7363,98.8674,15.5387
2029-12-15,16.6856,0.0000,56.5414,6.0835,993.8297,57.3541,86.8198,3.6943,100.2452,15.5195
2029-12-16,18.3746,0.0000,51.3450,6.9169,996.8411,58.4308,86.8877,3.8901,101.9255,16.2794
2029-12-17,18.8461,0.0000,46.4688,7.3320,999.9374,59.6442,87.5833,4.3865,103.8085,17.9730
2029-12-18,17.5944,0.0000,58.2825,9.5064,1002.8084,60.5305,87.2540,4.6696,105.1879,18.9432
2029-12-19,16.9260,0.0001,60.1080,8.1306,1005.5591,61.3477,86.8664,4.1229,106.4582,17.3838
2029-12-20,16.3497,0.0001,58.4153,7.3562,1008.2060,62.1723,86.9051,3.9870,107.7354,17.0556
2029-12-21,15.5902,0.0000,54.0682,6.3429,1010.7162,63.0434,86.9535,3.8147,109.0776,16.6018
2029-12-22,15.0663,0.0001,53.6284,6.3895,1013.1322,63.8954,87.0018,3.8500,110.3863,16.8147
2029-12-23,13.4454,0.0003,46.6656,7.3272,1015.2563,64.7769,87.0502,4.0642,111.7317,17.6092
2029-12-24,13.2149,0.0020,48.9807,6.9295,1017.3390,65.6069,87.0986,4.0111,112.9963,17.5313
2029-12-25,11.0823,0.0000,50.7961,9.9484,1019.0378,66.2881,87.1470,4.7024,114.0318,19.7858
2029-12-26,9.2098,0.0033,36.6981,10.1468,1020.3996,67.0297,87.7348,5.1656,115.1492,21.2664
2029-12-27,11.2783,0.0000,42.1128,8.7153,1022.1337,67.8440,87.7834,4.8397,116.3768,20.3885
2029-12-28,12.1868,0.0000,46.7935,8.4523,1024.0313,68.6474,87.8320,4.8094,117.5881,20.3893
2029-12-29,14.0170,0.0120,45.9298,9.8790,1026.2584,69.5763,87.8806,5.2040,118.9856,21.6882
2029-12-30,16.1602,0.0951,53.5381,8.6436,1028.8712,70.4876,87.7607,4.8066,120.3605,20.5881
2029-12-31,15.5406,0.0000,56.1583,5.3730,1031.3725,71.3166,87.3612,3.8500,121.6107,17.5821
2030-01-01,14.1318,0.0140,56.9031,7.0064,1033.6202,72.1248,86.9918,3.9659,122.8234,18.0495
2030-01-02,12.6683,0.0000,41.7539,8.4430,1035.6045,73.1121,87.4504,4.5517,124.2878,20.0623
2030-01-03,13.1327,0.0000,43.6294,8.1797,1037.6724,74.0998,87.4989,4.5230,125.7501,20.0664
2030-01-04,13.1438,0.0001,44.8318,10.1230,1039.7423,75.0672,87.5474,5.0230,127.1792,21.7359
2030-01-05,14.0317,0.0000,45.9680,8.2938,1041.9720,76.0737,87.5959,4.6126,128.6634,20.5401
2030-01-06,15.0651,0.0000,42.0179,7.2111,1044.3877,77.2276,87.8872,4.5536,130.3570,20.4540
2030-01-07,14.7087,0.0000,40.1563,7.5082,1046.7393,78.3923,88.1729,4.8155,132.0592,21.3980
2030-01-08,14.0634,0.0000,49.1347,9.4139,1048.9747,79.3419,88.1334,5.2709,133.4493,22.9076
2030-01-09,15.4852,0.0000,50.2224,7.4628,1051.4661,80.3582,88.1543,4.7917,134.9354,21.4924
2030-01-10,14.3294,0.0041,51.8429,7.8356,1053.7494,81.2730,87.8481,4.6730,136.2705,21.1846
2030-01-11,14.1832,0.0003,51.9633,6.9657,1056.0063,82.1768,87.7210,4.3919,137.5866,20.3290
2030-01-12,14.2937,0.2545,54.9438,6.0699,1058.2832,83.0307,87.3564,3.9849,138.8305,19.0020
2030-01-13,10.6962,4.1208,75.9638,11.4738,1004.3087,57.3733,55.1466,0.5042,100.4068,2.2093
2030-01-14,10.5485,0.0000,48.1850,9.2836,1005.9114,58.1164,73.0871,1.1154,101.5633,5.6394
2030-01-15,13.4457,0.0000,48.7921,7.1366,1008.0356,59.0334,81.5795,1.9422,102.9885,9.4097
2030-01-16,15.0559,0.0000,49.5856,6.0283,1010.4497,60.0361,84.9064,2.8188,104.5435,12.8695
2030-01-17,14.8778,0.0000,49.8215,6.4775,1012.8317,61.0231,86.0315,3.3711,106.0695,14.9052
2030-01-18,15.5747,0.0000,51.5293,8.2254,1015.3392,62.0181,86.3047,3.8259,107.6047,16.5268
2030-01-19,15.4706,0.0000,53.5960,7.6543,1017.8279,62.9648,86.3528,3.7427,109.0625,16.3647
2030-01-20,14.0823,0.0000,56.2972,8.5717,1020.0667,63.7816,86.4010,3.9465,110.3186,17.1234
2030-01-21,14.8070,0.0030,53.1040,10.6345,1022.4359,64.7000,86.4491,4.4087,111.7250,18.6980
2030-01-22,14.6720,0.2144,53.4003,9.9489,1024.7809,65.6048,86.4973,4.2881,113.1073,18.4268
2030-01-23,14.8539,0.2618,54.3868,7.1428,1027.1586,66.5007,86.5455,3.7482,114.4732,16.7691
2030-01-24,16.3694,0.0034,52.3498,6.7539,1029.8091,67.5255,86.5937,3.7006,116.0304,16.7144
2030-01-25,13.2811,6.3323,69.4474,14.3846,940.2686,41.0365,54.5264,0.5515,73.9990,1.7799
2030-01-26,12.5876,0.0000,47.4164,6.2004,942.2384,41.9226,73.0659,0.9541,75.4524,3.8216
2030-01-27,12.7446,0.1311,65.6125,5.4535,944.2364,42.5087,78.6487,1.3122,76.4168,5.3975
2030-01-28,13.7765,0.7304,76.9740,8.0308,946.4202,42.9304,77.6314,1.3699,77.1157,5.6683
2030-01-29,12.7661,0.0803,55.8497,8.5164,948.4221,43.6840,82.3439,2.2836,78.3465,9.1233
2030-01-30,12.4423,0.0053,46.3685,4.4839,950.3657,44.5782,85.0755,2.6690,79.7987,10.5209
2030-01-31,13.3936,0.0106,55.7621,6.1888,952.4805,45.3675,85.2587,2.9830,81.0802,11.6269
2030-02-01,17.5647,0.0240,62.5863,5.5071,955.3462,46.3595,85.3065,2.9014,82.6876,11.5050
2030-02-02,19.4261,0.0000,53.9904,6.2159,958.5469,47.7010,86.2382,3.4252,84.8463,13.3348
2030-02-03,19.7173,0.0000,49.2970,6.8917,961.8000,49.2003,87.1490,4.0323,87.2434,15.3713
2030-02-04,18.6703,0.0000,49.7539,8.9154,964.8646,50.6114,87.2127,4.5059,89.4878,16.9525
2030-02-05,17.0552,0.0000,47.0343,9.4691,967.6386,51.9774,87.3816,4.7465,91.6475,17.8511
2030-02-06,16.7830,0.0000,43.2187,9.1600,970.3635,53.4198,87.8896,5.0252,93.9143,18.8614
2030-02-07,17.8554,0.0001,48.3153,6.2779,973.2815,54.8115,87.9382,4.3763,96.0938,17.2386
2030-02-08,14.9340,0.0484,52.3899,11.1591,975.6736,55.8958,87.7717,5.4648,97.7864,20.4719
2030-02-09,12.6614,0.0295,39.3261,11.0023,977.6567,57.0819,88.0107,5.6106,99.6223,21.0608
2030-02-10,11.7117,0.0000,32.3252,10.9800,979.4688,58.3135,88.9211,6.3863,101.5172,23.3097
2030-02-11,10.8972,0.0000,27.8317,9.3989,981.1343,59.5434,89.7443,6.6366,103.3990,24.1618
2030-02-12,11.8720,0.0303,29.7648,12.6189,982.9752,60.8376,89.8281,7.9001,105.3713,27.5073
2030-02-13,11.7828,0.0001,28.4287,15.8492,984.8001,62.1474,90.0492,9.5959,107.3573,31.6502
2030-02-14,12.9076,0.0049,31.4831,14.6029,986.8275,63.5107,90.0986,9.0758,109.4167,30.7445
2030-02-15,13.9590,0.0000,34.7978,13.2420,989.0441,64.9055,90.1480,8.5344,111.5156,29.7401
2030-02-16,16.1340,0.0000,29.5794,8.7162,991.6522,66.6294,90.4873,7.1319,114.0938,26.5696
2030-02-17,19.5118,0.0000,28.4998,8.4202,994.8684,68.7229,91.1986,7.7766,117.2052,28.5180
2030-02-18,17.3936,0.0062,49.8049,11.8579,997.7032,70.0415,89.2319,6.9797,119.1682,26.6643
2030-02-19,18.5074,0.2854,48.0649,8.5858,1000.7385,71.4880,89.0874,5.7973,121.3113,23.6048
2030-02-20,18.9529,0.4810,48.0926,5.2728,1003.8541,72.9666,89.0993,4.9143,123.4926,21.1455
2030-02-21,17.8679,0.0115,41.2970,11.9580,1006.7743,74.5483,89.1483,6.9314,125.8075,27.1188
2030-02-22,12.6673,0.0000,26.3867,14.7538,1008.7584,75.9879,90.3175,9.4361,127.8913,33.6075
2030-02-23,14.2304,0.0000,26.0267,9.7744,1011.0239,77.5988,90.8621,7.9361,130.2123,30.1239
2030-02-24,17.9620,0.0000,24.3255,5.9979,1013.9610,79.6479,91.7636,7.4581,133.1484,29.1129
2030-02-25,15.3622,0.0000,29.2594,12.2122,1016.4302,81.3021,91.8136,10.2729,135.5070,36.2681
2030-02-26,14.1503,0.0000,18.1733,9.8241,1018.6813,83.0748,92.6594,10.2627,138.0119,36.4610
2030-02-27,15.3617,0.0000,17.3817,9.7480,1021.1504,85.0067,93.1805,10.9982,140.7262,38.3814
2030-02-28,13.8605,0.0004,31.8281,14.1028,1023.3493,86.4555,91.9249,11.4792,142.7592,39.6346
2030-03-01,14.8419,0.0017,36.1790,15.9168,1025.7248,88.1898,90.9784,10.9959,145.1749,38.7343
2030-03-02,14.7371,0.0316,36.2842,13.1907,1028.0815,89.9098,90.6634,9.1634,147.5583,34.5326
2030-03-03,14.6243,0.0704,36.0512,10.6725,1030.4179,91.6239,90.5778,7.9732,149.9207,31.6193
2030-03-04,13.7585,0.0574,38.0344,10.8823,1032.5984,93.1933,90.2196,7.6557,152.0744,30.8897
2030-03-05,15.8179,0.0143,31.3933,9.7237,1035.1496,95.1718,90.2690,7.2728,154.7698,29.9804
2030-03-06,16.2193,0.0000,25.6372,9.9294,1037.7731,97.3672,91.1844,8.3742,157.7361,33.1163
2030-03-07,16.4552,0.0000,22.5341,9.7917,1040.4390,99.6853,91.9814,9.3118,160.8441,35.6947
2030-03-08,15.9224,0.0000,28.4039,13.7312,1043.0091,101.7628,92.0314,11.4372,163.6168,40.9677
2030-03-09,14.9206,0.0002,34.8284,14.9095,1045.3988,103.5425,91.2096,10.8015,165.9848,39.6061
2030-03-10,14.6818,0.0002,32.4874,14.5134,1047.7455,105.3587,91.2126,10.5925,168.3862,39.2267
2030-03-11,16.1973,0.0009,33.5503,16.6865,1050.3650,107.3180,91.2464,11.8754,170.9661,42.3592
2030-03-12,18.0708,0.0004,31.8788,13.3390,1053.3218,109.5441,91.2962,10.1033,173.8800,38.2850
2030-03-13,18.3355,0.1136,31.9323,10.5665,1056.3261,111.7992,91.3460,8.8484,176.8143,35.2100
2030-03-14,20.9629,0.0002,27.2322,9.2523,1059.8035,114.5359,91.7964,8.8280,180.3456,35.2824
2030-03-15,16.2739,0.3143,40.6804,17.6104,1062.4368,116.2926,90.4504,11.1061,182.6138,41.0628
2030-03-16,17.6270,0.0002,38.9430,13.0861,1065.3136,118.2417,90.4832,8.8835,185.1170,35.5850
2030-03-17,18.2607,0.0041,37.7817,14.5179,1068.3046,120.2951,90.5327,9.6159,187.7397,37.5655
2030-03-18,14.8307,7.3206,64.2744,13.5103,953.0746,64.8774,56.6719,0.6367,110.8846,3.2894
2030-03-19,17.5408,0.8435,53.1299,8.3673,955.9359,66.3667,74.1640,1.1182,113.1028,6.0573
2030-03-20,19.5196,0.0048,41.9238,4.8290,959.1535,68.4080,84.5145,2.5154,116.1127,12.4105
2030-03-21,20.8871,0.0193,37.3685,6.6401,962.6171,70.7554,88.6176,4.9131,119.5436,20.8542
2030-03-22,20.3049,0.0176,42.6975,5.7956,965.9760,72.8461,88.7186,4.7771,122.5819,20.6561
2030-03-23,23.8190,0.0000,31.2118,6.0015,969.9675,75.7680,91.0245,6.7157,126.7782,26.6137
2030-03-24,25.9289,0.0000,24.8131,13.1244,974.3387,79.2322,92.9994,12.7116,131.6918,41.2581
2030-03-25,26.3979,0.0000,25.5173,14.3570,978.7943,82.7234,93.1571,13.8281,136.5874,44.0687
2030-03-26,25.8897,0.0255,28.8952,13.3024,983.1584,85.9947,93.2075,13.2051,141.1288,43.2245
2030-03-27,27.2128,0.0506,24.5419,10.7851,987.7607,89.6364,93.4913,12.1020,146.1224,41.2886
2030-03-28,28.0847,0.0047,16.8535,7.2208,992.5200,93.7728,95.2223,12.8412,151.7116,43.3301
2030-03-29,30.0954,0.0468,13.0539,7.1064,997.6412,98.3963,96.5383,15.2604,157.8669,48.8190
2030-03-30,30.2688,0.4263,12.3247,7.6783,1002.7935,103.0844,96.8475,16.3718,164.0174,51.4561
2030-03-31,22.4111,0.4936,38.8439,16.3683,1006.5315,105.5353,92.4473,13.8521,167.2342,46.5165
2030-04-01,19.0278,0.1856,31.4928,14.1992,1010.9105,108.8782,92.2313,12.0456,171.5620,42.7765
2030-04-02,22.5072,0.0000,27.0861,7.8094,1015.9158,113.0512,92.2814,8.7914,176.8912,35.0632
2030-04-03,26.8782,0.0000,24.7576,7.4275,1021.7079,118.1547,93.2754,9.9152,183.3120,38.1779
2030-04-04,26.5090,0.0000,25.9494,8.4998,1027.4335,123.1112,93.3259,10.5396,189.4659,39.9283
2030-04-05,27.5202,0.0000,23.3401,6.4438,1033.3412,128.4302,93.7787,10.1209,195.9695,39.0787
2030-04-06,27.6995,0.0000,21.8704,9.4980,1039.2811,133.8851,94.1581,12.4422,202.5399,44.8083
2030-04-07,28.3333,0.0000,19.5192,6.0048,1045.3351,139.6279,94.7671,11.3478,209.3480,42.4046
2030-04-08,27.1710,0.2599,26.7194,5.7509,1051.1798,144.6504,94.5730,10.9085,215.2505,41.4579
2030-04-09,27.3586,0.0296,28.5824,9.5706,1057.0584,149.5777,94.2466,12.6415,220.9812,45.6606
2030-04-10,21.5179,0.0000,26.6741,16.2621,1061.8856,153.5984,93.7293,16.4855,225.6117,54.0208
2030-04-11,19.1751,0.0000,22.7974,13.0645,1066.2911,157.3931,93.7799,14.1312,229.9354,49.1385
2030-04-12,21.6741,0.0023,29.4236,5.4155,1071.1465,161.2898,93.2882,8.9752,234.3575,36.7808
2030-04-13,25.3077,0.0035,26.8707,6.3612,1076.6558,165.9715,93.3387,9.4798,239.6032,38.1737
2030-04-14,26.8719,0.0000,23.6057,6.1540,1082.4468,171.1521,93.6320,9.7727,245.3283,38.9906
2030-04-15,26.6584,0.0640,24.7637,8.4224,1088.1993,176.2151,93.6825,11.0335,250.8700,42.2165
2030-04-16,26.7759,0.0200,21.1040,8.9052,1093.9730,181.5469,94.1632,12.0845,256.6252,44.7911
2030-04-17,25.3476,0.0000,29.4360,12.9687,1099.4895,186.0713,93.7510,14.0068,261.5040,49.2095
2030-04-18,25.3423,0.0000,20.8687,15.2680,1105.0051,191.1440,94.0154,16.3152,266.8769,54.1623
2030-04-19,26.4085,0.0000,19.0846,15.6748,1110.7127,196.5402,94.5798,18.0031,272.5232,57.5941
2030-04-20,26.8672,0.0000,23.3528,16.1481,1116.5028,201.7370,94.6307,18.5672,277.9289,58.7291
2030-04-21,29.0013,0.0407,18.1056,13.5954,1122.6770,207.7132,95.2330,17.7313,284.0445,57.1249
2030-04-22,29.6113,0.2278,17.3046,10.6159,1128.9610,213.8702,95.5430,15.9182,290.2691,53.4696
2030-04-23,31.6989,0.1030,15.1887,9.5461,1135.6208,220.6140,96.3345,16.7895,296.9896,55.2901
2030-04-24,29.8717,0.3328,17.8229,11.9920,1141.9518,226.7843,96.3859,19.1238,303.0895,59.9168
2030-04-25,27.4737,0.0143,26.5706,11.8720,1147.8510,231.8709,94.9949,15.7355,308.1318,53.1485
2030-04-26,25.3555,0.3044,33.4838,11.2154,1153.3690,236.1370,93.3258,12.0851,312.3832,45.0358
2030-04-27,25.8331,0.3855,32.3200,12.8425,1158.9730,240.5561,93.1805,12.8542,316.7506,46.8414
2030-04-28,27.1519,0.0135,25.8940,10.7290,1164.8143,245.6318,93.2310,11.6373,321.6779,43.9835
2030-04-29,30.5777,0.0000,19.8091,11.1253,1171.2723,251.7902,94.9964,15.1576,327.5471,51.9677
2030-04-30,31.4675,0.0000,16.4322,9.7276,1177.8905,258.3882,95.9894,16.1720,333.7458,54.1124
2030-05-01,33.2542,0.0000,12.9770,8.2774,1186.2802,266.2588,97.0713,17.3862,341.1123,56.5981
2030-05-02,33.9510,0.0000,10.7512,9.9329,1194.7954,274.4945,97.7228,20.6095,348.7073,62.8122
2030-05-03,33.7406,0.0029,13.1705,8.5872,1203.2727,282.4588,97.7748,19.3912,355.9982,60.5328
2030-05-04,27.5284,0.0026,23.2689,18.0123,1210.6318,288.2419,95.7993,23.9268,361.3797,68.7498
2030-05-05,22.7792,0.0000,26.0633,12.7928,1217.1361,292.8900,94.4341,15.2601,365.7475,52.2304
2030-05-06,20.0454,2.3282,36.1533,13.2633,1223.1483,134.1103,82.2152,2.8551,210.5163,16.3452
2030-05-07,15.0461,7.5534,73.5829,16.3575,1059.8300,68.9262,52.1537,0.4793,118.5738,2.4039
2030-05-08,17.7621,4.9860,58.5706,16.6036,992.5983,47.0015,59.9280,0.9408,84.0528,4.1087
2030-05-09,20.3185,0.8430,46.2296,9.3019,998.6596,50.0335,78.7956,1.6146,88.9285,7.3014
2030-05-10,20.8961,0.0414,38.6903,10.9836,1004.8249,53.5838,87.3509,5.1004,94.5611,19.1365
2030-05-11,22.1967,0.0071,37.3616,9.5674,1011.2243,57.4256,89.5460,6.5056,100.5728,23.5080
2030-05-12,26.3309,0.0001,27.3764,5.2741,1018.3679,62.6702,92.2648,7.7190,108.6280,27.4521
2030-05-13,28.9554,0.0019,23.4716,8.9945,1025.9839,68.7255,93.8717,11.6586,117.7349,37.4302
2030-05-14,30.1020,0.0015,19.5938,11.8287,1033.8062,75.3304,95.0192,15.7536,127.4446,46.7801
2030-05-15,30.6250,0.2796,18.6614,11.9926,1041.7227,82.1239,95.3869,16.7028,137.2063,49.7284
2030-05-16,29.8128,0.4799,25.1487,9.8840,1049.4930,88.2155,95.2853,14.8123,145.7941,46.9391
2030-05-17,27.2531,0.3750,37.7875,12.6216,1056.8026,92.8593,92.8657,12.1636,152.2695,41.8908
2030-05-18,24.7175,0.3982,40.3492,15.2538,1063.6557,96.9137,91.7003,11.7838,157.8676,41.4184
2030-05-19,21.3468,10.9698,59.5451,13.1076,894.4042,51.6500,61.9613,0.8874,90.2681,4.0836
2030-05-20,19.4204,11.5393,71.3979,10.4713,770.7443,26.8583,47.3917,0.1980,49.4119,0.3304
2030-05-21,21.7722,5.3456,58.7640,5.9398,736.3926,19.1239,55.7918,0.4038,35.9160,0.5389
2030-05-22,26.9416,0.1875,37.7373,6.0708,743.6461,23.7204,83.8655,2.4545,43.9371,6.7068
2030-05-23,27.9752,0.0001,28.2834,6.2255,751.0856,29.2099,91.6132,7.3849,53.2433,18.4535
2030-05-24,26.2088,3.2518,38.7596,10.2445,740.2250,26.4396,81.6010,2.2773,48.5444,6.6794
2030-05-25,26.7982,1.4768,37.0876,9.2744,747.4527,31.0603,86.1241,3.9322,56.2744,11.7197
2030-05-26,25.0210,1.3796,43.7081,11.3713,754.3605,34.9314,85.3241,3.9084,62.6142,12.4080
2030-05-27,26.7797,0.0189,29.5159,10.9508,761.5848,40.1048,91.5192,9.2461,70.8784,25.1405
2030-05-28,27.8201,0.0000,23.5309,12.2846,768.9964,45.9269,93.6208,13.2893,79.9209,34.1512
2030-05-29,28.6933,0.0000,21.5003,15.8592,776.5652,52.0840,94.3855,17.6909,89.2099,43.3651
2030-05-30,30.4681,0.0046,18.0499,15.0445,784.4535,58.8948,95.4563,19.6647,99.1750,48.6685
2030-05-31,31.3135,0.2725,15.4265,13.0667,792.4939,66.1117,96.2273,19.7609,109.4062,50.9001
2030-06-01,31.4511,0.1838,15.2230,12.4074,801.5591,73.3768,96.3412,19.4110,119.4229,52.0909
2030-06-02,31.9244,0.0019,17.1129,12.4413,810.7095,80.5832,96.3927,19.5794,129.0884,53.8371
2030-06-03,32.7326,0.0147,17.9899,8.9399,820.0054,87.8878,96.4441,16.5267,138.6298,49.5556
2030-06-04,29.9235,0.0000,35.5582,13.9802,828.7956,93.1510,93.7039,14.6431,145.4368,46.5672
2030-06-05,27.2351,0.1042,37.7290,14.2778,837.1019,97.7962,92.5829,12.7073,151.3794,43.0158
2030-06-06,25.8224,0.2302,43.6083,14.6795,845.1540,101.7931,91.2928,10.8041,156.4714,39.0740
2030-06-07,26.8225,0.0592,39.4641,11.0356,853.3860,106.2431,91.3426,9.0557,162.0499,35.1062
2030-06-08,30.7868,0.0060,26.9747,7.4748,862.3316,112.3734,93.3836,10.0900,169.5200,38.0595
2030-06-09,32.1321,0.0000,20.8814,9.2923,871.5194,119.2954,95.0279,13.8800,177.7603,47.1216
2030-06-10,32.8097,0.0000,25.1330,9.1607,880.8292,125.9790,95.0789,13.8849,185.5965,47.4684
2030-06-11,34.4589,0.0000,23.7056,8.5887,890.4358,133.1212,95.1300,13.5850,193.8066,47.1125
2030-06-12,34.5901,0.0000,21.0907,10.2706,900.0660,140.5355,95.4986,15.5494,202.1588,51.5519
2030-06-13,31.0296,0.0000,30.1234,15.5167,909.0553,146.4461,94.6244,17.9701,208.7997,56.5868
2030-06-14,31.7085,0.0000,24.1596,8.3777,918.1669,152.9968,94.6753,12.6288,216.0083,45.5396
2030-06-15,34.0335,0.0018,18.4855,8.5102,927.6969,160.5364,95.9244,15.0767,224.1157,51.0740
2030-06-16,31.7050,0.1316,21.0374,13.8174,936.8078,167.3560,95.9758,19.8365,231.3764,60.6404
2030-06-17,28.9607,0.0000,21.4331,14.1323,945.4247,173.5737,95.8994,19.9464,237.9379,60.9533
2030-06-18,25.6766,0.0115,29.6579,16.3195,953.4505,178.5324,94.1072,17.4228,243.2120,56.1730
2030-06-19,22.0745,0.6363,33.8750,20.0104,960.8279,182.5667,90.6630,12.9204,247.5440,46.6518
2030-06-20,24.8698,0.0000,24.1845,8.8723,968.7085,187.7502,92.8530,10.0516,252.9410,39.7713
2030-06-21,29.9907,0.0000,16.5343,5.2215,977.5108,194.5820,95.4973,12.0542,259.8503,44.7435
2030-06-22,32.7027,0.0000,15.9850,8.2099,986.8013,202.0586,96.3038,15.6315,267.2904,52.7451
2030-06-23,35.3784,0.0000,12.9202,10.9781,996.5734,210.4213,97.4139,20.8514,275.4454,63.0194
2030-06-24,36.4946,0.0000,11.9396,13.1112,1006.5464,219.1370,97.8266,24.5238,283.8048,69.5534
2030-06-25,36.0639,0.0139,13.2306,10.5046,1016.4419,227.6265,97.8786,21.6535,291.8548,64.5717
2030-06-26,36.4985,0.0884,13.7571,12.6439,1026.4157,236.1631,97.9305,24.2844,299.8491,69.2265
2030-06-27,36.4278,0.0852,14.3979,12.0026,1036.3767,244.6205,97.9825,23.6741,307.6821,68.2065
2030-06-28,38.0635,0.0000,14.9643,8.0330,1046.6321,253.3880,98.0345,19.5156,315.6999,60.7014
2030-06-29,39.2705,0.0000,13.9260,9.5145,1057.1048,262.5361,98.0865,21.1730,323.9417,63.8062
2030-06-30,40.3323,0.0000,12.6815,9.2027,1067.7686,272.0606,98.2312,21.2442,332.3925,63.9533
2030-07-01,40.3322,0.0056,14.3647,7.7867,1078.7324,280.3934,98.2833,19.9171,339.9076,61.5083
2030-07-02,39.8426,0.0362,18.7711,6.5922,1089.6081,288.2041,98.2467,18.6636,346.9712,59.1242
2030-07-03,42.0191,0.0000,16.6134,6.8387,1100.8755,296.6484,98.2988,19.0267,354.4897,59.8339
2030-07-04,42.2385,0.0055,15.8174,9.0450,1112.1824,305.2168,98.3509,21.4103,362.0439,64.2957
2030-07-05,39.3939,0.2288,21.2498,10.4224,1122.9773,312.7061,97.7810,21.2875,368.7237,64.0780
2030-07-06,31.8895,0.0000,36.4079,17.1560,1132.4215,317.6331,93.8950,17.6465,373.4168,57.1494
2030-07-07,26.7523,0.0238,45.3602,16.5723,1140.9409,321.2072,91.3044,11.9050,377.0434,44.6798
2030-07-08,26.3952,0.0283,43.4639,14.2892,1149.3960,324.8580,91.1887,10.4380,380.7114,41.0732
2030-07-09,29.0858,0.0000,34.4707,10.7559,1158.3354,329.5036,91.7182,9.4179,385.1236,38.4292
2030-07-10,30.7155,0.0496,31.5610,14.0836,1167.5682,334.6174,92.5690,12.5590,389.8871,46.2287
2030-07-11,28.2742,0.1220,35.8224,12.7072,1176.3616,339.0448,92.6192,11.8005,394.1151,44.4367
2030-07-12,32.3018,0.0000,26.4938,11.3721,1185.8799,344.8111,93.8700,13.1393,399.3388,47.5709
2030-07-13,30.4309,0.0055,33.3539,11.1501,1195.0614,349.7464,93.7605,12.7972,403.9459,46.7860
2030-07-14,35.7661,0.0001,25.0047,6.2070,1205.2033,356.2396,94.8013,11.5180,409.7153,43.7596
2030-07-15,37.9568,0.0000,18.8153,9.8585,1215.7396,363.6865,96.5070,17.4567,416.1480,56.7881
2030-07-16,38.3932,0.0000,13.7914,13.5983,1226.3544,371.6825,97.6869,24.6726,422.9197,70.0604
2030-07-17,38.9446,0.0004,13.4936,14.8384,1237.0684,379.8182,97.8604,26.8734,429.7614,73.7274
2030-07-18,36.2100,0.0000,21.6102,13.2312,1247.2902,386.6871,97.1924,22.6794,435.6904,66.6061
2030-07-19,33.7570,0.0000,29.9855,12.1955,1257.0704,392.4187,95.2896,16.6519,440.8151,55.1633
2030-07-20,35.3002,0.0000,22.2134,7.8089,1267.1285,399.0686,95.3877,13.5294,446.5482,48.4648
2030-07-21,37.6127,0.0000,20.5630,7.6971,1277.6028,406.2909,96.1051,14.8296,452.6853,51.3335
2030-07-22,39.3878,0.0000,13.9908,9.3254,1288.3966,414.4694,97.7750,20.1266,459.4406,61.9628
2030-07-23,39.6024,0.0000,10.9547,7.3714,1299.2290,422.9814,98.4543,19.9479,466.3757,61.6281
2030-07-24,40.3695,0.0000,9.8337,7.9368,1310.1995,431.7630,98.7869,21.4381,473.4633,64.3840
2030-07-25,41.0075,0.0000,8.7743,7.5399,1321.2849,440.7845,99.0643,21.7880,480.6791,65.0183
2030-07-26,40.2272,0.0000,13.7008,8.4592,1332.2298,449.1606,99.1167,22.9772,487.4567,67.1370
2030-07-27,37.1851,0.0000,27.5789,11.8750,1342.6271,455.6724,96.4235,19.1080,493.0261,60.0338
2030-07-28,36.3318,0.1455,29.5394,11.1111,1352.8708,461.8666,95.6283,16.5109,498.3741,54.8783
2030-07-29,38.4663,0.2576,24.7788,8.2141,1363.4987,468.8565,95.6795,14.3680,504.2397,50.3320
2030-07-30,38.4080,0.0000,23.3301,8.7551,1374.1162,475.9704,95.7307,14.8681,510.1621,51.4199
2030-07-31,36.3339,0.0000,30.9865,11.6014,1384.3603,482.0378,95.2896,16.1607,515.4089,54.1553
2030-08-01,32.9078,0.0000,30.5815,15.8961,1393.2877,486.9115,94.7812,18.7161,519.7399,59.2787
2030-08-02,32.4176,0.0000,27.0368,13.0557,1402.1268,491.9603,94.8321,16.3340,524.1516,54.5144
2030-08-03,36.3758,0.0000,25.0752,10.5946,1411.6785,497.7570,94.9556,14.6753,529.1070,51.0028
2030-08-04,36.1791,0.0000,18.3699,11.0943,1421.1947,504.0393,96.3192,18.1143,534.3228,58.1036
2030-08-05,36.2998,0.0000,13.8864,10.0629,1430.7327,510.6882,97.3417,19.7214,539.7385,61.2037
2030-08-06,33.0511,0.0000,23.5518,13.0759,1439.6859,516.0781,96.3538,20.1101,544.3390,61.9357
2030-08-07,33.5024,0.0000,21.4850,10.8228,1448.7203,521.6868,96.4053,18.0766,549.0705,58.0295
2030-08-08,35.2178,0.0000,16.9169,8.0855,1458.0635,527.9161,96.5399,16.0354,554.1942,53.8955
2030-08-09,34.8704,0.0000,19.2455,10.5025,1467.3442,533.9129,96.5914,18.2382,559.1710,58.3473
2030-08-10,32.7720,0.0000,24.4339,14.0174,1476.2472,539.1970,96.0243,20.1696,563.6831,62.0473
2030-08-11,28.3958,0.0006,34.2568,14.8136,1484.3624,543.2003,93.6737,15.2070,567.3491,52.1482
2030-08-12,32.7911,0.0000,20.2352,7.5462,1493.2688,548.7812,95.2814,13.1592,572.0170,47.6293
2030-08-13,34.0517,0.0000,21.0408,9.0126,1502.4021,554.5112,95.4316,14.4616,576.8024,50.5380
2030-08-14,34.0077,0.0000,19.7842,10.6621,1511.5275,560.3251,95.6965,16.2918,581.6263,54.4278
2030-08-15,35.1711,0.0000,15.0832,10.4886,1520.8623,566.6837,96.8904,18.9710,586.7758,59.7721
2030-08-16,35.1101,0.0000,20.8481,7.9261,1530.1861,572.6007,96.9420,16.7885,591.6799,55.4481
2030-08-17,36.7921,0.0000,18.1556,7.1424,1539.8127,579.0031,96.9937,16.2503,596.8937,54.3421
2030-08-18,36.4552,0.0000,20.8247,7.9082,1549.3786,585.1416,97.0453,17.0067,601.9495,55.8918
2030-08-19,37.3317,0.0000,20.5084,6.8792,1559.1023,591.4486,97.0970,16.2592,607.1183,54.3605
2030-08-20,38.5321,0.0003,14.9504,11.9754,1569.0421,598.4072,97.4834,22.1296,612.6641,65.6349
2030-08-21,38.2548,0.0000,15.2285,13.0639,1578.9320,605.2946,97.5353,23.5387,618.1545,68.1214
2030-08-22,37.6679,0.0003,19.4644,14.8259,1588.7162,611.7403,97.5871,25.9019,623.3873,72.1373
2030-08-23,37.0891,0.6889,19.1729,12.5594,1598.3962,618.1127,96.2007,19.1932,628.5561,60.1990
2030-08-24,38.6878,0.4955,16.4977,9.2323,1608.3640,624.9716,97.1557,18.4500,634.0255,58.7621
2030-08-25,36.2525,0.0568,19.5191,9.3566,1617.8935,631.1777,97.2074,18.6943,639.0677,59.2375
2030-08-26,36.0857,0.0000,29.7758,8.7048,1627.3929,636.5687,95.6829,14.7344,643.6825,51.1319
2030-08-27,37.4322,0.0000,22.4063,8.1512,1637.1347,642.7411,95.7341,14.4291,648.7410,50.4671
2030-08-28,37.3361,0.0000,19.4297,9.5404,1646.8592,649.1343,96.3133,16.7369,653.9037,55.3429
2030-08-29,39.0488,0.0000,16.3101,5.6535,1656.8920,656.0710,97.2462,15.5925,659.3970,52.9670
2030-08-30,38.4564,0.0000,20.3620,10.6999,1666.8181,662.5745,97.2980,20.2463,664.6444,62.1911
2030-08-31,38.1578,0.0000,18.3484,10.2816,1676.6905,669.1920,97.3497,19.9612,669.9333,61.6566
2030-09-01,38.2724,0.0000,15.6617,6.9009,1685.2836,675.1039,97.4015,16.9509,675.0796,55.7787
2030-09-02,39.1334,0.0000,15.1115,7.6408,1694.0316,681.1845,97.5488,17.9425,681.0963,57.7653
2030-09-03,39.2192,0.0000,15.0246,5.7507,1702.7950,687.2842,97.6006,16.4251,687.1309,54.7032
2030-09-04,38.7032,0.0000,13.6681,6.8325,1711.4656,693.4020,97.7854,17.7752,693.1811,57.4338
2030-09-05,38.2950,0.0000,12.7058,6.1804,1720.0627,699.5246,97.9289,17.5301,699.2343,56.9456
2030-09-06,37.9416,0.0177,13.5812,6.3173,1728.5962,705.5314,97.9809,17.7731,705.1730,57.4296
2030-09-07,37.1760,0.0000,15.7908,7.2126,1736.9919,711.2699,98.0329,18.7213,710.8480,59.2898
2030-09-08,34.0407,0.6037,29.9296,11.6340,1744.8232,715.6537,95.0275,15.6175,715.1975,53.0198
2030-09-09,31.7394,0.8758,36.2550,10.7412,1752.2403,719.3806,91.2663,8.8261,718.9030,36.8500
2030-09-10,31.2517,0.0000,25.5924,10.9324,1759.5696,723.6663,93.7650,12.6653,723.1513,46.4924
2030-09-11,30.2054,0.0000,31.6250,12.0099,1766.7106,727.4772,93.8156,13.4663,726.9352,48.3270
2030-09-12,31.9666,0.0451,36.0696,11.6963,1774.1686,731.2408,93.5350,12.7480,730.6763,46.6841
2030-09-13,32.7630,0.0031,38.0254,7.1451,1781.7699,734.9771,93.3068,9.8180,734.3922,39.4973
2030-09-14,30.8069,0.3722,43.4852,10.9347,1789.0192,738.1875,92.1046,10.0372,737.5927,40.0659
2030-09-15,27.3600,3.4460,52.8563,10.8826,1586.8511,116.4876,78.4814,1.6994,196.8494,10.7714
2030-09-16,28.9927,0.8447,49.2822,6.5358,1593.7738,119.2049,85.8404,3.2917,200.8531,18.0633
2030-09-17,29.5726,0.2110,44.0394,6.1330,1600.8008,122.2608,89.4284,5.3802,205.3186,25.7397
2030-09-18,29.6171,0.0138,33.1111,9.3518,1607.8359,125.9187,91.8521,8.9426,210.6036,36.3572
2030-09-19,30.8764,0.0000,23.6950,8.3983,1615.0976,130.2627,94.1055,11.6861,216.8095,43.3589
2030-09-20,30.8356,0.0000,22.8448,9.2187,1622.3520,134.6495,94.4727,12.8131,223.0236,46.0879
2030-09-21,30.2629,0.0000,24.2010,7.7641,1629.5034,138.8820,94.5236,11.9912,228.9752,44.2771
2030-09-22,31.1493,0.0001,21.5266,6.6975,1636.8142,143.3875,94.8222,11.8400,235.2536,44.0031
2030-09-23,29.7240,0.0000,29.5342,11.5962,1643.8686,147.2545,94.4484,14.3955,240.6228,49.8595
2030-09-24,24.8027,0.5244,53.9492,10.0606,1650.0370,149.3782,89.8598,6.9763,243.6192,31.1975
2030-09-25,27.4422,0.2684,47.2030,7.3660,1656.6807,152.0611,89.9091,6.1337,247.3612,28.6210
2030-09-26,28.1191,0.0004,39.0928,5.5363,1663.4461,155.2296,90.6002,6.1749,251.7314,28.7788
2030-09-27,30.7819,0.0000,29.4369,5.1752,1670.6908,159.2348,92.8027,8.2844,257.1877,35.0779
2030-09-28,30.9356,0.0000,31.9867,9.9911,1677.9632,163.1139,92.8530,10.6346,262.4470,41.3121
2030-09-29,30.1913,0.0000,36.1851,8.3015,1685.1017,166.6691,92.9033,9.8357,267.2545,39.3069
2030-09-30,30.4235,0.0000,35.4272,7.0875,1692.2819,170.2931,92.9536,9.3176,272.1265,37.9721
2030-10-01,30.2732,0.0000,34.1308,5.8079,1698.4351,173.4243,93.0039,8.7976,276.3138,36.5912
2030-10-02,31.1532,0.0000,31.2464,5.1854,1704.7467,176.7843,93.0543,8.5862,280.7764,36.0292
2030-10-03,32.1989,0.0000,25.6852,9.0735,1711.2465,180.5338,94.0364,11.9755,285.7122,44.6965
2030-10-04,30.7388,0.0000,28.8231,9.6941,1717.4835,183.9675,94.0871,12.4430,290.2185,45.8146
2030-10-05,30.3574,0.0000,31.8124,6.2796,1723.6518,187.2176,94.0398,10.4076,294.4734,40.8833
2030-10-06,29.6962,0.0000,34.8332,7.1764,1729.7011,190.2585,93.4760,10.0683,298.4476,40.0288
2030-10-07,28.9970,0.0067,35.6808,7.1243,1735.6246,193.1916,93.1384,9.5796,302.2695,38.7677
2030-10-08,29.1647,0.0707,36.7556,6.0120,1741.5782,196.0918,92.9327,8.8003,306.0382,36.6881
2030-10-09,30.3266,0.0027,34.7566,5.6337,1747.7410,199.1986,92.9831,8.6953,310.0518,36.4083
2030-10-10,31.0914,0.0000,30.5087,5.6131,1754.0414,202.5881,93.0334,8.7477,314.3960,36.5601
2030-10-11,29.5906,0.0000,34.0971,10.3036,1760.0717,205.6527,93.0838,11.1584,318.3212,42.8121
2030-10-12,27.8859,0.0000,36.6424,7.4759,1765.7952,208.4354,92.7631,9.2513,321.8827,37.9349
2030-10-13,27.4322,0.0000,34.7537,6.1374,1771.4370,211.2561,92.8134,8.7091,325.4745,36.4711
2030-10-14,27.7744,0.0000,31.7007,6.4327,1777.1404,214.2442,92.8637,8.9023,329.2547,37.0039
2030-10-15,27.3102,0.0000,33.6321,5.4000,1782.7602,217.1012,92.9140,8.5107,332.8636,35.9323
2030-10-16,28.3641,0.0078,31.6977,4.0187,1788.5698,220.1505,92.9643,7.9947,336.6939,34.4844
2030-10-17,29.5655,0.0001,25.6993,5.3431,1794.5956,223.6028,93.5874,9.3235,340.9893,38.1508
2030-10-18,28.2625,0.0000,27.4087,9.8605,1800.3868,226.8324,93.6380,11.7894,344.9982,44.3803
2030-10-19,26.7172,0.0000,40.3267,9.3943,1805.8999,229.3475,92.1524,9.3505,348.1563,38.2292
2030-10-20,26.9347,0.0000,40.2852,5.7997,1811.4521,231.8841,91.9104,7.5390,351.3329,33.1795
2030-10-21,26.6283,0.0000,39.4377,5.5165,1816.9492,234.4286,91.9341,7.4571,354.5078,32.9412
2030-10-22,27.3840,0.0000,34.4928,5.0936,1822.5824,237.2558,91.9840,7.3517,358.0033,32.6321
2030-10-23,24.0372,0.0002,31.5578,11.3133,1827.6131,239.8626,92.0341,10.1291,361.2092,40.2747
2030-10-24,22.4990,0.0000,28.1196,10.0812,1832.3669,242.4329,92.0841,9.5869,364.3512,38.8663
2030-10-25,22.4447,0.0000,32.2262,7.9028,1837.1109,244.8507,92.1341,8.6512,367.3126,36.3475
2030-10-26,23.6094,0.0000,28.7316,6.6034,1842.0646,247.5190,92.1842,8.1603,370.5579,34.9785
2030-10-27,23.5314,0.0000,36.7350,6.8013,1847.0043,249.8801,91.9862,8.0148,373.4505,34.5664
2030-10-28,24.2296,0.0321,43.9684,6.2411,1852.0696,252.0306,91.0193,6.7923,376.1085,30.9552
2030-10-29,22.6043,0.0001,38.8542,5.5216,1856.8424,254.2267,91.0690,6.5970,378.7973,30.3536
2030-10-30,25.9448,0.0000,31.9233,6.5353,1862.2164,257.0164,91.6504,7.5408,382.1689,33.1999
2030-10-31,25.9267,0.0000,39.3196,7.0973,1867.5872,259.5013,91.7003,7.8125,385.1953,33.9905
2030-11-01,25.8649,0.0000,39.0570,5.8387,1871.9469,261.6800,91.7502,7.3845,387.8247,32.7416
2030-11-02,26.0215,0.0000,32.3980,6.1110,1876.3348,264.1108,91.8002,7.5396,390.7262,33.1990
2030-11-03,26.5177,0.0000,27.1043,9.8117,1880.8120,266.7799,92.7241,10.3499,393.8853,40.8543
2030-11-04,24.4970,0.0008,30.7579,9.0126,1884.9254,269.1298,92.7744,10.0119,396.6686,39.9882
2030-11-05,22.7070,0.1116,40.6829,12.1005,1888.7167,271.0020,91.4257,9.6684,398.9102,39.0945
2030-11-06,20.8034,0.0000,44.3459,14.1057,1892.1653,272.6182,90.3628,9.1922,400.8521,37.8313
2030-11-07,21.1455,0.0000,41.7219,11.4421,1895.6755,274.3370,90.4122,8.0948,402.9055,34.8031
2030-11-08,20.3298,0.0002,42.0773,10.9669,1899.0389,275.9827,90.3932,7.8817,404.8688,34.1950
2030-11-09,21.6549,0.0004,43.8549,10.9654,1902.6408,277.6765,90.3168,7.7955,406.8947,33.9469
2030-11-10,21.5181,0.0000,42.8568,10.5409,1906.2180,279.3900,90.3662,7.6847,408.9375,33.6264
2030-11-11,20.7029,0.0000,40.1191,8.6913,1909.6485,281.1210,90.4157,7.0505,410.9874,31.7494
2030-11-12,20.2494,0.0007,40.6021,8.6149,1912.9974,282.8022,90.4652,7.0733,412.9766,31.8184
2030-11-13,20.5937,0.0238,41.7314,10.9630,1916.4083,284.4781,90.4860,7.9854,414.9608,34.4939
2030-11-14,20.3325,0.1350,43.6795,12.3068,1919.7721,286.0785,90.1939,8.1952,416.8593,35.0900
2030-11-15,20.3179,0.1166,44.7922,8.5063,1923.1334,287.6462,89.9817,6.5644,418.7205,30.2610
2030-11-16,19.9886,0.2810,47.2395,6.6760,1926.4353,289.1213,89.5789,5.6501,420.4782,27.3242
2030-11-17,20.9363,0.0289,45.3897,6.9416,1929.9078,290.7168,89.6281,5.7668,422.3711,27.7101
2030-11-18,20.2839,2.9165,56.9393,8.0665,1719.7518,117.1481,72.6261,1.0296,200.2021,6.9985
2030-11-19,18.1705,0.0312,50.3883,6.5545,1722.7265,118.4156,82.4611,2.0989,202.1014,12.8228
2030-11-20,19.2478,0.0955,42.9121,6.1428,1725.8951,119.9556,86.8943,3.7448,204.3958,19.8978
2030-11-21,20.1172,0.0001,43.4219,3.6606,1729.2202,121.5472,88.1100,3.9312,206.7612,20.6389
2030-11-22,20.0177,0.0009,52.1476,5.8113,1732.5274,122.8869,88.1587,4.4119,208.7565,22.4397
2030-11-23,20.8638,0.0000,53.9041,4.7371,1735.9869,124.2292,88.2075,4.2087,210.7540,21.7231
2030-11-24,23.3136,0.0000,46.8923,9.5824,1739.8873,125.9482,88.4394,5.5543,213.2959,26.4272
2030-11-25,21.9418,0.0134,52.6673,6.0313,1743.5408,127.3942,88.4882,4.6770,215.4356,23.4664
2030-11-26,21.2160,0.0935,52.9755,5.0878,1747.0637,128.7854,88.5371,4.4912,217.4900,22.8265
2030-11-27,19.6507,0.1912,59.5630,7.2929,1750.3049,129.8979,87.5658,4.3669,219.1378,22.3936
2030-11-28,20.6655,0.0001,55.7806,6.4267,1753.7286,131.1739,87.6144,4.2095,221.0189,21.8343
2030-11-29,20.1969,0.0000,55.4753,6.2740,1757.0681,132.4311,87.6629,4.2064,222.8680,21.8396
2030-11-30,20.5211,0.0008,54.1979,7.9759,1760.4659,133.7440,87.7115,4.6150,224.7937,23.3416
2030-12-01,19.8652,0.0640,53.5032,6.7843,1763.7456,134.8518,87.7601,4.3764,226.4240,22.4955
2030-12-02,19.2315,0.0033,50.3628,6.1605,1766.9113,135.9987,87.8087,4.2706,228.1045,22.1215
2030-12-03,20.3087,0.0002,39.5074,7.4401,1770.2709,137.4704,88.9864,5.3933,230.2421,26.0768
2030-12-04,20.7624,0.0000,36.2278,6.6805,1773.7121,139.0548,89.8027,5.8357,232.5342,27.5526
2030-12-05,20.0057,0.0138,44.6664,10.5737,1777.0171,140.3819,89.8520,7.1509,234.4590,31.6411
2030-12-06,17.9943,0.2844,57.5288,10.5636,1779.9601,141.3035,87.9356,5.4292,235.8076,26.2433
2030-12-07,19.5380,0.0000,52.9688,5.7212,1783.1809,142.4065,87.9843,4.2834,237.4130,22.2372
2030-12-08,20.2738,0.0000,48.1090,5.7845,1786.5342,143.6669,88.0330,4.3272,239.2372,22.4103
2030-12-09,20.7533,0.0020,42.0284,7.3886,1789.9738,145.1066,88.7362,5.1895,241.3082,25.4744
2030-12-10,20.8072,0.0000,41.8369,6.2328,1793.4231,146.5546,88.9308,5.0346,243.3866,24.9566
2030-12-11,19.6567,0.1212,41.3410,4.3251,1796.6653,147.9382,88.9798,4.6055,245.3673,23.4580
2030-12-12,17.9260,0.0005,41.1742,4.6339,1799.5960,149.2101,89.0289,4.7107,247.1833,23.8442
2030-12-13,16.1741,1.5006,63.3863,8.1046,1802.2113,140.3207,77.5721,1.3686,234.9150,9.1867
2030-12-14,14.6605,0.2163,54.5564,10.5428,1804.5542,141.1346,83.0285,2.7568,236.1047,16.0986
2030-12-15,11.5526,0.0001,45.5438,10.3373,1806.3377,141.9176,85.5233,3.8140,237.2378,20.4621
2030-12-16,12.1965,0.0609,43.0793,8.9440,1808.2370,142.7777,86.7456,4.2223,238.4797,22.0179
2030-12-17,15.8203,1.5625,62.1398,9.3469,1810.7887,131.5300,76.7910,1.3735,222.6318,9.1661
2030-12-18,14.9034,0.0001,48.8364,8.9244,1813.1753,132.4605,83.5135,2.7056,224.0089,15.8004
2030-12-19,13.8753,0.0060,47.6986,8.1029,1815.3768,133.3505,85.7131,3.4993,225.3227,19.1422
2030-12-20,11.8720,0.0001,40.4528,14.3482,1817.2178,134.2283,87.1662,5.8857,226.6104,27.6581
2030-12-21,10.4036,0.0000,38.9925,13.2897,1818.7944,135.0259,87.6048,5.9406,227.7768,27.8461
2030-12-22,13.8443,0.0783,45.5693,12.7839,1820.9904,135.9503,87.6534,5.8314,229.1342,27.5076
2030-12-23,13.2918,2.3914,66.9076,7.1062,1823.0869,101.3217,67.9431,0.8381,177.9224,5.6117
2030-12-24,14.5576,0.1545,60.6691,4.6446,1825.4113,102.0215,77.3089,1.1262,179.0284,7.4172
2030-12-25,15.5283,2.1798,63.7302,9.2001,1827.9104,85.5767,69.1993,0.9695,153.2202,6.1517
2030-12-26,17.1812,0.1140,48.5471,8.6810,1830.7070,86.6456,81.6147,2.1082,154.9563,12.1192
2030-12-27,15.7048,0.0734,50.7831,5.2174,1833.2379,87.5855,84.8287,2.6773,156.4807,14.6617
2030-12-28,14.2881,1.3475,72.6739,10.3097,1835.5137,88.0633,75.3984,1.3172,157.2638,8.2140
2030-12-29,14.7504,0.0088,57.6161,7.8325,1837.8728,88.8268,81.5913,2.0144,158.5020,11.7653
2030-12-30,15.8959,0.0036,54.7623,5.6564,1840.4381,89.7005,84.3734,2.5729,159.9158,14.3080
2030-12-31,15.6884,0.0005,51.8846,9.3798,1842.9660,90.6185,85.7625,3.7576,161.3972,19.0649
2031-01-01,11.0282,0.0075,51.4605,12.8994,1844.6551,91.3432,85.8104,4.5170,162.5621,21.8147
2031-01-02,8.8100,0.0013,40.7455,11.8559,1845.9449,92.0661,86.7309,4.8794,163.7186,23.0834
2031-01-03,9.5150,0.0103,45.7262,8.3767,1847.3616,92.7754,86.7792,4.1229,164.8532,20.5028
2031-01-04,10.7139,0.0004,38.3798,6.2781,1848.9941,93.6716,87.5420,4.1351,166.2831,20.5894
2031-01-05,11.9694,0.0000,41.8403,5.0955,1850.8526,94.6074,87.5906,3.9230,167.7749,19.8621
2031-01-06,13.7475,0.0139,50.1510,4.6996,1853.0311,95.5185,87.6391,3.8723,169.2289,19.7150
2031-01-07,14.1466,0.1454,58.1486,7.2047,1855.2815,96.3041,86.9337,3.9728,170.4844,20.1184
2031-01-08,12.5093,0.0003,48.5003,8.9632,1857.2372,97.1669,86.9821,4.3708,171.8560,21.5868
2031-01-09,12.2763,0.5218,52.8318,9.9665,1859.1509,97.9437,86.4807,4.2819,173.0905,21.3044
2031-01-10,12.0614,0.6502,56.1473,10.9468,1861.0260,98.6542,84.2625,3.3091,174.2197,17.6818
2031-01-11,11.8436,2.4038,64.7938,8.4955,1862.8618,80.1397,67.1743,0.8763,144.7153,5.4475
2031-01-12,12.6310,0.2123,60.2559,7.1418,1864.8394,80.8115,76.9583,1.2441,145.8249,7.5963
2031-01-13,12.3714,0.0004,48.7910,5.3032,1866.7702,81.6608,82.6401,2.0153,147.2213,11.4902
2031-01-14,14.3986,0.0000,42.7052,11.2942,1869.0660,82.7540,86.2857,4.4537,149.0138,21.0815
2031-01-15,15.0683,0.0000,46.7400,8.8759,1871.4823,83.8141,86.9040,4.3036,150.7499,20.6399
2031-01-16,15.2204,0.0044,53.3318,9.5971,1873.9259,84.7518,86.9523,4.4936,152.2851,21.3541
2031-01-17,15.7391,0.0170,51.0179,6.0029,1876.4630,85.7672,87.0006,3.7751,153.9437,18.8824
2031-01-18,18.0124,0.0395,49.7119,7.5727,1879.4092,86.9504,87.0983,4.1430,155.8724,20.2759
2031-01-19,14.8678,1.1995,79.3631,8.0964,1881.7894,87.3561,76.0725,1.2281,156.5445,7.7081
2031-01-20,15.2980,1.7698,78.9009,6.2080,1884.2470,80.4380,65.7527,0.7424,145.3624,4.6122
2031-01-21,14.3550,0.0044,57.0429,5.9333,1886.5349,81.2554,77.1948,1.1914,146.7130,7.3233
2031-01-22,14.2146,0.0051,53.9451,6.7306,1888.7976,82.1237,82.5840,2.1504,148.1443,12.1328
2031-01-23,14.5610,5.0718,69.4223,11.1670,1504.9484,53.3050,56.2530,0.5465,97.9376,2.4216
2031-01-24,9.8748,0.0062,41.6193,11.3991,1506.4299,54.0938,75.0075,1.3610,99.2754,6.7133
2031-01-25,7.5685,0.0001,41.5588,9.7997,1507.4962,54.7174,82.1097,2.3671,100.3307,10.9309
2031-01-26,8.1999,0.0000,36.3980,7.1570,1508.6762,55.4456,85.6609,3.3121,101.5601,14.3731
2031-01-27,11.3055,0.0000,40.6763,8.7229,1510.4152,56.3516,86.9699,4.3108,103.0881,17.6805
2031-01-28,12.9957,0.0214,49.5797,8.5035,1512.4584,57.2266,87.0183,4.2928,104.5624,17.7527
2031-01-29,11.7229,0.0202,54.9668,9.3981,1514.2725,57.9375,86.8415,4.3793,105.7589,18.1189
2031-01-30,12.2348,4.0720,63.8227,11.1257,1365.4860,41.5470,60.6362,0.7455,77.2201,2.9066
2031-01-31,12.6842,4.6529,75.2815,10.6356,1236.4761,28.3671,47.4614,0.2016,53.6567,0.3568
2031-02-01,14.4050,0.3036,62.7261,8.5608,1238.7730,29.1880,67.7827,0.8971,55.1287,2.6862
2031-02-02,13.4007,1.8916,66.0353,9.7828,1240.8891,27.2827,66.3237,0.9077,51.7224,2.5662
2031-02-03,12.6463,0.5716,72.2626,8.9483,1242.8695,27.8243,73.9558,1.1399,52.6992,3.4745
2031-02-04,13.7100,0.0049,55.9434,7.9126,1245.0413,28.7512,81.0229,1.8937,54.3638,6.0585
2031-02-05,14.4533,0.0071,45.8411,10.8579,1247.3469,29.9477,85.3494,3.8219,56.5039,11.4805
2031-02-06,13.5582,0.0207,49.3013,12.0970,1249.4913,31.0034,86.1349,4.5401,58.3850,13.4185
2031-02-07,14.1755,0.0052,47.2358,10.3125,1251.7469,32.1483,86.6953,4.4916,60.4174,13.5667
2031-02-08,14.7486,0.6429,50.3317,9.2128,1254.1057,33.2665,85.4357,3.5603,62.3952,11.4887
2031-02-09,14.4088,13.1045,84.7417,9.2558,962.0883,14.5430,35.6024,0.0222,28.0269,0.0251
2031-02-10,15.4216,3.7079,91.9111,8.5836,926.9652,9.9843,28.6183,0.0036,19.4449,0.0032
2031-02-11,17.0252,2.3114,82.4621,10.6579,929.7338,8.2020,41.9917,0.0856,16.0499,0.0677
2031-02-12,17.4715,0.0694,73.9117,6.3264,932.5826,8.8902,61.6350,0.6196,17.3665,0.5144
2031-02-13,21.3051,0.0363,58.0079,6.7108,936.1215,10.2266,78.3263,1.3585,19.9095,1.7668
2031-02-14,21.6451,0.0756,56.1225,7.5529,939.7217,11.6443,84.3559,2.8242,22.5888,4.9679
2031-02-15,18.8552,0.0138,56.5810,5.1164,942.8196,12.8751,85.5258,2.9328,24.9001,5.4967
2031-02-16,17.0355,0.0019,55.0492,12.2343,945.5900,14.0331,85.9147,4.4324,27.0621,8.4688
2031-02-17,18.2718,0.2481,51.8594,9.3950,948.5829,15.3578,86.5631,4.2091,29.5207,8.5151
2031-02-18,19.0331,0.0435,50.9925,7.8718,951.7129,16.7593,86.9394,4.1119,32.1053,8.7641
2031-02-19,17.7119,0.0000,46.1962,12.0167,954.6050,18.1971,87.5110,5.4973,34.7387,11.6783
2031-02-20,18.1825,0.0004,48.1789,10.3718,957.5818,19.6165,87.5595,5.0952,37.3217,11.4295
2031-02-21,18.8277,0.0000,45.4972,7.8026,960.6748,21.1594,87.8899,4.6932,40.1101,11.1340
2031-02-22,18.4313,0.0000,42.9041,9.0278,963.6965,22.7434,88.2763,5.2764,42.9527,12.7135
2031-02-23,17.3224,0.0000,44.8473,13.9913,966.5185,24.1867,88.3251,6.8234,45.5253,16.0101
2031-02-24,15.1785,0.0000,49.0685,14.8446,968.9546,25.3645,88.3106,7.1084,47.6130,16.9089
2031-02-25,16.7397,0.0000,43.0079,9.9627,971.6718,26.8087,88.3594,5.5972,50.1577,14.5056
2031-02-26,17.7304,0.0000,34.9918,8.1406,974.5673,28.5476,89.4237,5.9490,53.1993,15.6949
2031-02-27,17.4877,0.0000,33.1730,11.6629,977.4190,30.3121,89.9411,7.6514,56.2621,19.4959
2031-02-28,16.6996,0.0000,24.7216,11.0395,980.1290,32.2154,91.3483,9.0648,59.5385,22.6754
2031-03-01,14.9950,0.0000,29.4615,10.4159,982.5320,34.1507,91.3981,8.8468,62.8408,22.9149
2031-03-02,17.9524,0.0000,25.3511,7.6263,985.4675,36.5750,91.7198,8.0458,66.9391,22.1347
2031-03-03,20.8126,0.0000,19.5104,7.8557,988.9177,39.5815,93.2877,10.1488,71.9623,27.0219
2031-03-04,20.8619,0.0000,25.2473,6.7563,992.3769,42.3800,93.3382,9.6697,76.5836,26.9755
2031-03-05,20.1993,0.0000,37.9292,4.9916,995.7168,44.6336,91.8669,7.1938,80.2716,22.4673
2031-03-06,20.4719,0.0000,38.9072,6.8934,999.1057,46.8800,91.2559,7.2597,83.9163,23.1516
2031-03-07,20.1410,0.0000,37.2303,7.2700,1002.4351,49.1527,91.2457,7.3881,87.5708,23.9674
2031-03-08,20.8084,0.0000,34.1909,4.9773,1005.8846,51.6104,91.2955,6.6288,91.4858,22.7116
2031-03-09,22.5050,0.0000,31.2501,9.3715,1009.6395,54.3767,91.3453,8.3305,95.8480,27.2664
2031-03-10,15.1618,0.0807,35.2055,18.0848,1012.0726,56.1728,90.9479,12.2119,98.6563,35.7443
2031-03-11,11.9267,0.6104,33.9838,17.1196,1013.9234,57.6387,88.7515,8.4925,100.9330,28.3257
2031-03-12,11.4473,0.0069,29.6195,15.4078,1015.6879,59.1440,89.5296,8.7112,103.2563,29.1296
2031-03-13,12.3608,0.0004,25.0188,11.3171,1017.6169,60.8645,90.5792,8.2382,105.8948,28.3717
2031-03-14,15.2866,0.0017,28.1747,7.8344,1020.0725,62.8707,90.7118,7.0443,108.9535,25.8094
2031-03-15,15.2281,0.3688,36.1813,10.2240,1022.5175,64.6470,90.6440,7.8691,111.6472,28.1578
2031-03-16,14.2378,5.0028,54.0499,13.4871,957.6265,43.2331,64.0302,0.9993,77.6969,4.1199
2031-03-17,13.1969,3.6723,66.7389,10.3338,923.0824,32.6188,55.7549,0.5023,59.9422,0.9629
2031-03-18,15.8628,0.5277,54.3399,13.2131,925.6417,33.9390,75.6799,1.5506,62.1786,5.4827
2031-03-19,16.0470,0.3242,62.5166,11.7842,928.2342,35.0346,81.5912,2.4582,64.0277,8.5557
2031-03-20,19.1150,0.1540,53.5224,7.2674,931.3788,36.6362,85.1666,3.1098,66.7120,10.7049
2031-03-21,23.2353,0.0000,37.6328,7.1208,935.2652,39.2233,89.1923,5.4664,71.0023,17.2408
2031-03-22,26.6367,0.0035,30.5267,7.3420,939.7638,42.5080,91.7362,7.9497,76.3789,23.5059
2031-03-23,27.1403,3.7945,35.8028,13.7628,907.3483,33.9763,82.9651,3.2162,62.1359,10.5460
2031-03-24,15.5296,11.2063,72.4550,17.8795,780.4515,16.3423,50.5021,0.4291,31.0588,0.5186
2031-03-25,14.7913,2.0830,63.3349,12.6495,782.8179,14.9782,61.9190,0.8652,28.5888,0.9892
2031-03-26,16.8620,0.0000,44.0806,6.6268,785.5570,16.6903,79.2544,1.4734,31.6970,3.0884
2031-03-27,21.0558,0.0000,35.8053,5.4136,789.0511,19.1147,87.5250,3.9493,36.0464,9.0610
2031-03-28,24.1912,0.0000,32.1133,6.4316,793.1095,22.0414,90.7259,6.5768,41.2190,14.7610
2031-03-29,24.3368,0.0012,30.0833,8.0263,797.1941,25.0730,91.6802,8.1636,46.4904,18.5026
2031-03-30,24.9261,0.2634,23.3331,8.4520,801.3848,28.4742,93.1691,10.2865,52.3025,23.2129
2031-03-31,24.9617,0.5524,25.7370,7.2173,805.5819,31.7733,92.7128,9.0672,57.8431,22.3461
2031-04-01,26.5414,0.3399,24.6026,11.4766,811.3134,36.8258,93.3228,12.2401,66.1457,29.4418
2031-04-02,26.3262,0.4341,25.1986,17.9069,817.0061,41.7994,93.3733,17.0438,74.1187,38.7648
2031-04-03,26.7176,0.1255,27.8914,18.7848,822.7693,46.6623,93.4238,17.9405,81.7357,41.9701
2031-04-04,23.7948,0.0022,42.5544,10.3560,828.0063,50.1293,91.4305,8.8608,87.0788,27.1135
2031-04-05,26.9107,0.0298,32.9188,4.1078,833.8043,54.6846,91.6733,6.6943,93.9629,23.1855
2031-04-06,27.3462,0.0422,31.5817,16.8213,839.6806,59.4029,92.0243,13.3508,100.9513,38.2926
2031-04-07,19.8603,0.6072,48.0150,13.9419,844.2094,62.0445,89.1993,7.7163,104.8283,27.0015
2031-04-08,23.0247,0.0292,43.4818,8.3640,849.3079,65.3500,89.2484,5.8668,109.6143,22.7691
2031-04-09,27.3595,0.0008,31.2422,6.1407,855.1866,70.0939,91.7186,7.4641,116.3473,27.6445
2031-04-10,26.8684,0.0414,31.0085,8.1221,860.9769,74.7718,92.0481,8.6416,122.8675,31.2153
2031-04-11,27.7265,0.0000,26.3715,10.8144,866.9217,79.9173,93.0895,11.4586,129.8980,38.3962
2031-04-12,24.6273,0.0083,30.6270,16.3972,872.3086,84.2442,93.1399,15.2886,135.7201,46.8748
2031-04-13,24.8039,0.3814,32.2020,11.4233,877.7273,88.5019,93.0239,11.7076,141.3681,40.0253
2031-04-14,22.9340,0.9500,46.0205,7.2724,882.8094,91.6471,87.0017,4.0251,145.5255,19.4493
2031-04-15,22.4912,0.2022,56.6551,10.5323,887.8118,94.1261,87.0501,4.7765,148.8100,22.1529
2031-04-16,19.6210,3.6995,56.4082,17.0076,860.9392,67.8865,72.0834,1.5824,113.4155,8.3312
2031-04-17,21.1850,0.0842,42.2683,5.8173,865.7065,71.0056,84.5497,2.6565,117.8466,13.0523
2031-04-18,26.3534,0.0501,27.3325,6.5802,871.4041,75.8420,91.5443,7.4450,124.5777,28.3712
2031-04-19,25.5857,0.0828,39.8147,13.6952,876.9635,79.7357,91.5942,10.7311,129.9361,36.7903
2031-04-20,19.4141,5.5899,63.6015,13.1399,826.0203,51.5379,64.1935,0.9889,89.1673,4.5424
2031-04-21,16.6608,10.6450,68.9858,15.6654,727.0044,27.2760,49.8284,0.3538,49.8741,0.5942
2031-04-22,17.9097,8.6408,69.1357,15.6871,665.3791,15.4618,49.9317,0.3587,29.2258,0.4162
2031-04-23,18.0888,2.3444,58.6089,9.4284,669.5891,14.4950,63.4734,0.7944,27.5016,0.8850
2031-04-24,18.9331,0.5669,58.6471,11.4038,673.9510,16.5034,78.4855,1.7453,31.1027,3.7167
2031-04-25,19.9602,0.3196,52.4697,11.4529,678.4979,18.9301,84.8514,3.6771,35.3916,8.4263
2031-04-26,19.3298,0.0031,45.1383,12.0427,682.9312,21.6473,87.4031,5.4203,40.1157,12.5045
2031-04-27,21.4459,0.0000,33.4776,11.2208,687.7455,25.2833,90.0931,7.6476,46.3104,17.5960
2031-04-28,24.8526,0.0000,30.0980,8.8155,693.1730,29.6814,91.6669,8.4788,53.6225,20.4825
2031-04-29,28.1013,0.0096,24.6039,9.6713,699.1852,35.0189,93.4471,11.3712,62.2441,27.1646
2031-04-30,27.6555,0.0061,22.4103,11.3923,705.1172,40.4279,94.0107,13.4120,70.7191,32.3593
2031-05-01,28.2229,0.0000,17.8371,9.3793,712.6013,46.7706,95.1034,14.0859,80.3561,35.5659
2031-05-02,30.0227,0.0000,14.5122,6.0095,720.4094,53.7751,96.1854,13.7693,90.6363,37.1575
2031-05-03,31.3026,0.0000,20.1630,7.1180,728.4478,60.5856,96.2368,14.6616,100.3134,40.5732
2031-05-04,30.0596,0.0000,21.3889,9.9696,736.2626,67.0343,96.1152,16.6514,109.2105,45.6651
2031-05-05,29.8671,0.0000,22.4661,10.2616,744.0426,73.3553,95.8911,16.3936,117.7004,46.5924
2031-05-06,30.7684,0.0958,19.2948,7.1940,751.9850,80.1264,95.9424,14.1437,126.5437,43.5737
2031-05-07,32.8692,0.0000,18.4062,6.6332,760.3054,87.4232,95.9938,13.8454,135.8072,44.0237
2031-05-08,33.3515,0.0000,17.4128,7.0679,768.7127,94.9138,96.1294,14.4139,145.0530,46.0701
2031-05-09,30.8215,0.0000,20.6814,12.2483,776.6646,101.5796,96.1807,18.8436,153.0997,55.2644
2031-05-10,31.0821,0.0000,18.8721,12.4542,784.6633,108.4532,96.2321,19.1728,161.2039,56.5356
2031-05-11,34.3565,0.0000,16.2371,8.5308,793.2515,116.2720,96.5451,16.4110,170.1822,51.9225
2031-05-12,30.1709,0.0425,24.6187,14.8708,801.0863,122.4778,95.6421,19.9923,177.2185,59.0911
2031-05-13,28.6667,0.0998,21.8380,15.7751,808.6503,128.6031,95.6933,21.0706,184.0360,61.3920
2031-05-14,23.5641,1.0084,50.6750,18.1167,815.2958,131.8058,86.9634,6.9140,187.7354,30.1769
2031-05-15,23.3062,1.2118,48.2118,16.1781,821.8949,135.1334,85.1324,4.8493,191.5370,23.7095
2031-05-16,23.1737,0.1231,36.8787,12.2591,828.4702,139.1671,89.4618,7.3611,196.0166,31.6791
2031-05-17,25.5830,0.0832,31.7227,8.7174,835.4791,143.9634,91.4036,8.1274,201.2375,33.9580
2031-05-18,26.3192,0.8023,34.6463,11.0329,842.6206,148.6810,90.2411,7.7378,206.3399,32.9663
2031-05-19,28.7843,0.2649,32.0131,7.0321,850.2058,154.0299,91.9738,8.0943,212.0281,34.0687
2031-05-20,31.6946,0.1170,27.0878,6.9214,858.3148,160.3249,93.5717,10.0731,218.5788,39.4349
2031-05-21,30.7626,0.0532,30.1038,12.6293,866.2561,166.1880,93.6222,13.5249,224.6368,47.7175
2031-05-22,31.7175,0.3963,24.5867,15.0644,874.3692,172.7036,94.2326,16.6414,231.2280,54.4334
2031-05-23,30.4039,0.8174,26.9234,14.3752,882.2459,178.7645,92.9445,13.4350,237.3146,47.7015
2031-05-24,27.6262,4.7221,38.0307,11.8464,844.8877,92.5412,80.8916,2.2750,145.2964,12.6046
2031-05-25,25.3074,6.6821,55.0737,8.9012,787.6936,56.8628,67.9193,0.9167,96.3390,4.4489
2031-05-26,28.4820,3.3331,46.0803,6.4670,774.6551,47.3920,76.4945,1.1636,82.2102,5.0482
2031-05-27,28.5263,1.8370,44.5249,7.2188,782.1938,48.1271,82.8828,2.2887,83.4222,9.5057
2031-05-28,31.5153,0.4653,35.3817,6.3987,790.2706,53.6756,90.9777,6.8060,91.7687,23.1762
2031-05-29,32.1681,0.5563,29.1466,9.9079,798.4649,59.8812,93.0741,10.9233,100.8535,33.5440
2031-05-30,26.9019,2.2071,40.0884,18.1038,805.7112,56.5148,86.0004,6.0299,96.1661,21.7834
2031-05-31,22.1748,1.6540,41.1176,17.3206,812.1067,57.3384,84.3190,4.5972,97.4719,18.0146
2031-06-01,22.8377,1.7933,41.8838,16.5672,819.6214,56.9021,83.6341,4.0400,96.9733,16.3157
2031-06-02,21.8695,2.8677,47.4900,16.3623,810.3517,48.6934,78.0064,2.1498,84.6677,9.0976
2031-06-03,24.5495,0.0000,33.5850,8.4573,818.1747,53.1782,88.9146,5.6187,91.4901,20.1776
2031-06-04,29.1236,0.0025,28.5426,7.5321,826.8209,58.8639,92.5223,8.9687,99.9402,29.2599
2031-06-05,27.5095,0.1929,40.6113,13.0276,835.1766,63.3370,91.9792,10.9576,106.4853,34.4494
2031-06-06,26.1308,0.5625,39.3767,14.8495,843.2841,67.6831,90.3392,9.5112,112.7437,32.1408
2031-06-07,24.9633,1.4577,40.7098,14.3890,851.1815,71.7513,86.5284,5.3870,118.5247,22.1920
2031-06-08,26.0264,0.1198,33.8217,11.4101,859.2703,76.4774,90.7425,8.4722,125.1157,31.0181
2031-06-09,30.8366,0.0000,19.9166,6.7985,868.2249,83.2107,94.7446,11.7744,134.2541,39.5209
2031-06-10,33.3854,0.0001,16.8378,7.8262,877.6382,90.7608,96.1723,15.0625,144.2323,47.2942
2031-06-11,34.2247,0.0004,16.1735,5.7737,887.2027,98.5565,96.5320,14.2569,154.2697,46.5085
2031-06-12,35.1754,0.0000,15.5704,7.4640,896.9383,106.6196,96.8246,16.1464,164.3872,51.0371
2031-06-13,36.2415,0.0942,16.4926,9.3952,906.8657,114.8290,96.8762,17.9201,174.4386,55.0907
2031-06-14,33.3490,2.3554,29.8740,10.0051,916.2725,96.6962,90.1951,7.2990,153.0209,29.9620
2031-06-15,35.7216,0.7197,27.1543,10.1858,926.1064,103.7578,93.8643,12.3671,162.1100,42.9878
2031-06-16,37.2631,0.0532,19.8878,10.2359,936.2178,111.8489,96.1313,16.9133,172.2511,53.0282
2031-06-17,36.8591,0.0000,17.2860,12.1963,946.2564,120.1148,96.7054,20.1696,182.3593,59.6913
2031-06-18,36.8411,0.0000,13.7470,10.1136,956.2918,128.7302,97.4668,20.1034,192.6328,60.0478
2031-06-19,36.9360,0.0149,13.9142,8.2145,966.3443,137.3505,97.5186,18.3950,202.6812,57.2234
2031-06-20,35.4982,0.6610,22.6820,9.9647,976.1380,144.8001,95.1992,14.6988,211.2561,50.0066
2031-06-21,35.6970,0.5725,22.4876,8.6512,985.9674,152.3091,95.2788,13.9079,219.7518,48.4765
2031-06-22,36.4736,0.0843,17.7002,7.8844,995.9367,160.4500,96.5115,15.8132,228.7631,52.6965
2031-06-23,37.1339,0.0004,15.2626,7.8973,1006.0248,168.9795,97.1818,17.3097,238.0129,55.8782
2031-06-24,38.2306,0.0000,17.8417,6.2344,1016.3103,177.4865,97.2335,16.0285,247.0932,53.3930
2031-06-25,39.8146,0.0000,15.9775,5.8254,1026.8809,186.5369,97.4693,16.2021,256.5607,53.8463
2031-06-26,40.5589,0.0000,14.8150,8.2666,1037.5855,195.8795,97.8254,19.2088,266.1478,59.8805
2031-06-27,38.5156,0.0000,15.2727,14.1403,1047.9223,204.7160,97.8774,26.0030,275.0847,71.9722
2031-06-28,33.7376,0.0000,21.2615,15.1410,1057.3991,211.9376,96.9227,24.0868,282.3797,68.7987
2031-06-29,35.0076,0.0000,12.5876,7.9872,1067.1045,220.2469,97.4568,18.0367,290.5648,57.7585
2031-06-30,34.1026,0.0000,24.3719,11.9113,1076.6469,227.2559,96.3754,19.0192,297.5150,59.6961
2031-07-01,35.9631,0.0000,18.1328,9.0246,1086.8243,234.3820,96.4269,16.5589,304.5614,54.8447
2031-07-02,38.0169,0.0000,16.1522,8.3627,1097.3713,242.0849,97.1292,17.5967,312.0635,56.9623
2031-07-03,40.1378,0.0376,16.4861,9.6759,1108.3001,250.1732,97.4145,19.5285,319.8497,60.7360
2031-07-04,38.8537,0.0000,17.8583,12.6108,1118.9978,257.8809,97.4663,22.7974,327.2304,66.7285
2031-07-05,34.5553,0.0004,27.6364,13.8425,1128.9217,263.9405,95.8332,19.4817,333.1537,60.6742
2031-07-06,32.4645,0.0297,35.0084,14.6843,1138.4693,269.0637,94.0274,15.8685,338.2651,53.4869
2031-07-07,31.6808,0.0404,38.0100,14.2964,1147.8759,273.8361,93.1916,13.8526,343.0676,49.1436
2031-07-08,31.0938,0.0005,37.9418,14.4475,1157.1768,278.5283,93.0117,13.6116,347.7819,48.6097
2031-07-09,33.6399,0.0121,30.9422,14.9614,1166.9360,284.1626,93.2541,14.4504,353.2649,50.4731
2031-07-10,32.7737,0.0000,25.7081,12.5244,1176.5392,290.0729,94.1515,14.4788,358.9192,50.5399
2031-07-11,35.3894,0.0000,19.9056,7.6871,1186.6133,296.9368,95.8122,14.2456,365.3264,50.0339
2031-07-12,38.3294,0.0000,17.1822,5.2433,1197.2166,304.6059,96.9301,14.6422,372.3627,50.9054
2031-07-13,39.2466,0.0000,18.7369,7.9451,1207.9850,312.3061,96.9817,16.8940,379.3951,55.6389
2031-07-14,36.6804,0.0000,23.3409,13.6722,1218.2915,319.1080,96.8235,22.0736,385.6694,65.5104
2031-07-15,36.2097,0.0000,20.5151,11.2392,1228.5132,326.0728,96.8751,19.6622,392.0201,61.0727
2031-07-16,35.7912,0.0000,19.2900,11.0363,1238.6596,333.0656,96.9268,19.5970,398.3491,60.9520
2031-07-17,37.9077,0.0000,14.1731,8.4916,1249.1870,340.9284,97.5416,18.7105,405.3121,59.2549
2031-07-18,37.2715,0.0000,15.4490,12.0304,1259.5999,348.5480,97.5934,22.5174,412.0480,66.3133
2031-07-19,37.5091,0.0000,18.9455,9.3121,1270.0555,355.8976,97.6453,19.7705,418.5664,61.2866
2031-07-20,40.0136,0.0000,18.0488,6.7715,1280.9620,363.8107,97.6972,17.5148,425.5011,56.9064
2031-07-21,38.8546,0.0000,23.7527,13.1302,1291.6598,370.9654,97.1666,22.4868,431.8569,66.2638
2031-07-22,37.7540,0.0039,21.3608,12.8833,1302.1595,378.1413,97.2183,22.3624,438.1735,66.0436
2031-07-23,37.6323,0.0000,20.8379,11.3866,1312.6373,385.3423,97.2701,20.8814,444.4782,63.3626
2031-07-24,38.4792,0.0000,22.6973,10.1752,1323.2676,392.5279,97.2419,19.5714,450.7700,60.9151
2031-07-25,39.7155,0.0000,20.9781,9.2101,1334.1204,400.1027,97.2937,18.7713,457.3256,59.3825
2031-07-26,39.1425,0.0216,21.5644,10.5099,1344.8700,407.5158,97.3455,20.1806,463.7350,62.0644
2031-07-27,35.2430,0.0000,29.7030,17.1016,1354.9178,413.5160,95.5045,21.9561,469.1073,65.3201
2031-07-28,31.5484,0.0036,31.2777,17.1515,1364.3005,418.7854,94.4889,19.1523,473.9001,60.1179
2031-07-29,33.8871,0.0002,24.6908,7.7048,1374.1042,424.9735,94.6104,12.0993,479.3341,45.1616
2031-07-30,38.9468,0.0000,20.2811,8.1940,1384.8186,432.4712,96.3543,15.7256,485.7218,53.2453
2031-07-31,39.6774,0.0000,20.9075,8.6975,1395.6645,440.0458,96.4091,16.2492,492.1560,54.3380
2031-08-01,39.0017,0.0000,20.1959,10.1654,1405.6888,446.6526,96.4605,17.6183,497.8389,57.1200
2031-08-02,37.8159,0.0000,22.5296,12.1817,1415.4997,452.8766,96.5120,19.6380,503.2374,61.0451
2031-08-03,36.8675,0.0000,19.7386,8.4367,1425.1398,459.1677,96.5635,16.3737,508.6383,54.5961
2031-08-04,35.4626,0.0000,28.9562,12.1064,1434.5271,464.5302,95.6174,17.3344,513.4199,56.5522
2031-08-05,35.4833,0.0000,30.3919,10.5797,1443.9181,469.7873,95.2535,15.2743,518.1316,52.2910
2031-08-06,36.1794,0.0000,19.2126,13.1886,1453.4344,476.0049,96.1583,19.6983,523.4393,61.1597
2031-08-07,33.6247,0.0000,17.7824,14.6457,1462.4908,481.8989,96.2097,21.3466,528.4663,64.2198
2031-08-08,32.0451,0.0000,17.7124,11.5217,1471.2630,487.5295,96.2611,18.3643,533.2796,58.5941
2031-08-09,35.0693,0.0000,16.0146,6.6479,1480.5794,493.8007,96.6982,15.2354,538.5557,52.2086
2031-08-10,35.3991,0.0000,21.8434,7.8693,1489.9553,499.6899,96.7498,16.3151,543.6047,54.4757
2031-08-11,35.4629,0.0000,25.6406,10.2539,1499.3426,505.3028,96.2314,17.1588,548.4848,56.1992
2031-08-12,36.1039,0.0425,28.0599,9.2832,1508.8453,510.8282,95.8336,15.4838,553.3266,52.7368
2031-08-13,36.5847,0.0000,17.6135,8.1647,1518.4345,517.2377,96.5750,16.1758,558.6936,54.1874
2031-08-14,39.0874,0.0000,13.9324,5.6321,1528.4743,524.3784,97.7449,16.6424,564.5511,55.1494
2031-08-15,38.2960,0.0000,23.3317,9.2476,1538.3716,530.6139,97.1856,18.5378,569.8485,58.9331
2031-08-16,39.5457,0.0000,21.7246,7.0931,1548.4938,537.1821,97.2373,16.7458,575.3677,55.3607
2031-08-17,40.0958,0.0000,14.6360,11.2012,1558.7150,544.4421,97.7872,22.1578,581.2892,65.6851
2031-08-18,38.3788,0.0001,16.7754,9.0181,1568.6272,551.2251,97.8392,19.9864,586.8732,61.7039
2031-08-19,36.5973,0.0000,24.5952,11.3669,1578.2187,557.0934,96.7302,19.4083,591.8744,60.6099
2031-08-20,37.3223,0.0000,16.6125,13.4790,1587.9407,563.7078,96.9409,22.2057,597.3119,65.7710
2031-08-21,37.5444,0.0000,12.8158,11.6600,1597.7027,570.6634,97.7739,22.6362,602.9375,66.5371
2031-08-22,37.9021,0.0000,12.9779,7.9771,1607.5291,577.6702,97.8259,18.9317,608.5921,59.6964
2031-08-23,38.0230,0.0000,15.7858,7.1394,1617.3772,584.4720,97.8778,18.2743,614.1265,58.4184
2031-08-24,38.0910,0.0000,19.5325,8.4128,1627.2376,590.9825,97.8116,19.3155,619.4936,60.4329
2031-08-25,35.7745,0.0000,24.8251,10.8018,1636.6810,596.7053,96.5823,18.4928,624.3462,58.8455
2031-08-26,34.2670,0.0000,27.9879,10.3115,1645.8531,601.9631,95.6376,15.8789,628.8912,53.5688
2031-08-27,32.9699,0.0476,33.6477,11.0253,1654.7917,606.6301,94.3413,13.7821,633.0686,49.0364
2031-08-28,32.8486,0.0000,31.6322,13.1796,1663.7084,611.4217,94.3921,15.4705,637.3081,52.7089
2031-08-29,30.5642,0.2452,34.4638,12.9645,1672.2140,615.7057,93.6772,13.8610,641.1949,49.2124
2031-08-30,28.5158,6.5478,58.5023,8.5951,1340.2191,98.9475,71.3721,1.0096,167.0601,6.5830
2031-08-31,30.7111,2.0338,54.5177,9.3964,1348.7511,87.9562,80.9662,2.0277,151.2532,11.6547
2031-09-01,34.5734,0.0108,35.1941,6.8080,1356.6783,92.0721,91.5757,7.5645,157.4333,30.9228
2031-09-02,35.2731,0.0000,28.0110,8.1209,1364.7314,96.7339,93.9920,11.3441,164.3453,40.7926
2031-09-03,33.6734,0.0000,30.1687,10.2215,1372.4966,101.0571,94.0426,12.6996,170.6937,44.2022
2031-09-04,30.7465,0.0000,38.8459,12.3354,1379.7350,104.5244,92.9358,12.1079,175.7611,43.1152
2031-09-05,27.4616,0.0144,47.2107,11.1719,1386.3821,107.2088,91.0298,8.7211,179.6808,34.9772
2031-09-06,25.7505,0.0253,48.2705,13.3065,1392.7212,109.6816,90.3381,8.7983,183.2787,35.3016
2031-09-07,26.3159,0.1994,42.1876,14.9355,1399.1621,112.5035,90.3876,9.6188,187.3466,37.5606
2031-09-08,25.8532,0.0591,46.8053,14.3403,1405.5196,115.0561,90.4370,9.4008,191.0199,37.1109
2031-09-09,25.1651,1.1963,43.7236,13.4602,1411.7534,117.6876,86.8950,5.4150,194.7815,25.6736
2031-09-10,27.0022,0.0079,32.0044,6.3588,1418.3177,121.0896,91.1682,6.9792,199.5809,30.6388
2031-09-11,31.3548,0.0000,24.0955,5.0384,1425.6656,125.4754,93.9915,9.7115,205.6925,38.2721
2031-09-12,33.6951,0.0000,26.4512,8.4668,1433.4347,130.0316,94.1960,11.8743,211.9879,43.7093
2031-09-13,34.0118,0.0015,28.7772,8.4297,1441.2608,134.4839,94.2467,11.9355,218.0923,43.9711
2031-09-14,33.5858,0.0000,30.0684,5.7710,1449.0103,138.8024,94.2975,10.5124,223.9691,40.6237
2031-09-15,34.8506,0.0000,26.8754,6.6537,1456.9874,143.4827,94.3483,11.0679,230.2728,42.0824
2031-09-16,32.3948,0.0000,33.3553,14.0724,1464.5225,147.4569,94.1151,15.5748,235.6078,52.3054
2031-09-17,31.2343,0.0000,33.7546,13.6715,1471.8486,151.2705,93.8459,14.7042,240.6965,50.5270
2031-09-18,32.6096,0.0000,30.8841,10.1335,1479.4224,155.4185,93.8965,12.3898,246.1814,45.4152
2031-09-19,33.7689,0.0000,28.2667,9.3633,1487.2048,159.8716,93.9471,12.0022,252.0153,44.5596
2031-09-20,33.8936,0.0000,22.8999,9.4811,1495.0096,164.6750,94.9413,13.8473,258.2379,48.8318
2031-09-21,33.5915,0.0000,18.7428,8.2405,1502.7601,169.6937,95.8160,14.6562,264.6702,50.6503
2031-09-22,33.8948,0.0000,15.1109,6.3169,1510.5651,174.9826,96.6850,14.9569,271.3755,51.3418
2031-09-23,34.3145,0.0289,14.7595,6.7743,1518.4457,180.3571,96.8800,15.7108,278.1263,52.9783
2031-09-24,34.2493,0.0088,14.2820,6.0285,1526.3146,185.7517,96.9847,15.3449,284.8409,52.2409
2031-09-25,34.3886,0.0000,14.0418,4.7745,1534.2086,191.1827,97.0621,14.5551,291.5408,50.5742
2031-09-26,34.7508,0.0054,16.0101,5.9022,1542.1677,196.5436,97.1138,15.5129,298.1059,52.6490
2031-09-27,33.2183,0.0086,24.9027,7.8433,1549.8510,201.1320,96.1559,15.0422,303.7243,51.6663
2031-09-28,30.1410,0.0005,36.9425,9.5922,1556.9804,204.6392,93.5359,11.4670,308.0562,43.5444
2031-09-29,29.0954,0.0000,35.5911,12.7508,1563.9215,208.1018,93.1548,12.7488,312.3103,46.5888
2031-09-30,29.6862,0.0000,30.1817,10.5628,1570.9690,211.9285,93.2052,11.4987,316.9599,43.6399
2031-10-01,30.5521,0.0000,26.6420,5.6737,1577.1724,215.4467,93.5895,9.4829,321.2008,38.5494
2031-10-02,32.1317,0.0015,23.2905,8.8888,1583.6601,219.3093,94.5464,12.7304,325.8182,46.5720
2031-10-03,29.4937,0.0000,32.2238,13.7087,1589.6730,222.4511,93.9195,14.8831,329.5968,51.3822
2031-10-04,29.0703,0.0391,39.2266,11.2563,1595.6097,225.2293,92.6420,11.0037,332.9604,42.4532
2031-10-05,30.6783,0.0001,33.1768,8.0680,1601.8358,228.4468,92.6922,9.4369,336.8083,38.4481
2031-10-06,31.3022,0.0000,20.1643,7.4681,1608.1742,232.3664,94.9670,12.5558,341.4073,46.1879
2031-10-07,32.6021,0.0000,14.5585,7.0327,1614.7465,236.7295,96.5525,15.2328,346.4727,52.1547
2031-10-08,31.1962,0.0000,18.2423,10.8764,1621.0659,240.7304,96.6040,18.6167,351.1100,59.0379
2031-10-09,29.7318,0.1592,34.8923,9.5250,1627.1216,243.7720,93.9180,12.0517,354.6948,45.0150
2031-10-10,30.6395,0.0196,38.4423,4.9637,1633.3407,246.7324,93.0403,8.4743,358.1932,35.8526
2031-10-11,29.8364,0.0267,37.6188,9.4724,1639.4152,249.6565,92.8653,10.3781,361.6350,40.9112
2031-10-12,25.8279,0.1046,45.9900,14.4063,1644.7683,251.8602,90.9720,10.1807,364.2703,40.4090
2031-10-13,22.8165,2.5245,54.8669,11.8903,1649.5792,124.2823,77.9780,1.7120,209.1670,10.9359
2031-10-14,21.1095,0.2253,44.1704,10.1344,1654.0830,126.1611,86.2424,4.1754,211.9141,21.6134
2031-10-15,20.1115,0.0564,34.9186,6.5528,1658.4070,128.2527,89.2667,5.3692,214.9480,25.8354
2031-10-16,21.3267,0.0000,30.0774,7.6916,1662.9498,130.6288,90.9467,7.2322,218.3732,31.6975
2031-10-17,19.3476,0.0001,34.6034,9.6589,1667.1364,132.6549,90.9964,8.0426,221.2895,34.0633
2031-10-18,20.3282,0.0000,25.7254,6.2424,1671.4995,135.0665,91.8852,7.6817,224.7336,33.0839
2031-10-19,18.6355,0.7580,42.9195,10.6445,1675.5579,136.7734,87.6539,5.2359,227.1848,25.5196
2031-10-20,16.8418,5.8178,69.4441,13.0697,1372.1722,74.2250,58.2843,0.7046,130.7661,4.1274
2031-10-21,17.6569,5.8133,68.3070,10.4364,1203.2319,46.7714,52.1759,0.3565,85.2576,0.8849
2031-10-22,16.1013,32.9896,90.4528,16.8507,694.2446,17.2867,23.1863,0.0010,32.5474,0.0012
2031-10-23,18.5337,14.9806,68.9154,17.2085,589.7726,8.5924,44.3735,0.1774,16.5808,0.1432
2031-10-24,18.5590,5.5650,66.4840,12.8312,566.0076,5.5861,52.6283,0.4221,10.9032,0.2670
2031-10-25,16.6712,6.6344,81.8465,6.4567,536.7756,3.0312,37.0358,0.0264,5.9780,0.0123
2031-10-26,17.9130,2.8487,69.3205,7.6896,532.5440,2.3858,51.0780,0.2746,4.7188,0.1152
2031-10-27,19.3684,1.2655,61.5076,9.6225,536.7344,3.5796,69.1534,0.9889,7.0418,0.4981
2031-10-28,17.9508,0.0024,57.1444,8.4869,540.6695,4.8167,80.3127,1.8026,9.4235,1.2635
2031-10-29,17.4310,0.0000,49.9982,7.4093,544.5111,6.2206,84.9517,3.0408,12.0958,3.5696
2031-10-30,16.3389,0.0001,47.9598,7.3246,548.1561,7.5957,86.4876,3.7518,14.6828,5.0555
2031-10-31,17.4570,1.2970,57.4741,11.0058,552.0024,8.7914,80.3643,2.0579,16.9096,2.8215
2031-11-01,16.6409,3.7917,59.2488,13.8545,540.2769,6.3511,66.2669,1.1122,12.3395,0.7541
2031-11-02,18.5421,18.6936,75.9300,21.3048,447.5169,3.1253,47.6757,0.3554,6.1433,0.1677
2031-11-03,18.6667,5.9499,55.3941,18.2532,429.0648,2.2848,60.6039,1.0656,4.5096,0.4387
2031-11-04,16.8355,0.1536,54.6317,6.6151,431.7992,3.3636,76.6008,1.1809,6.5987,0.5764
2031-11-05,17.4372,0.3161,61.5392,7.4737,434.6419,4.3089,82.0335,2.0858,8.4093,1.5537
2031-11-06,15.9311,8.6544,81.4611,11.1888,404.1177,2.0892,43.7840,0.1191,4.1250,0.0473
2031-11-07,14.3438,1.5880,67.6650,12.5343,406.4036,2.2790,59.7219,0.7564,4.4951,0.3110
2031-11-08,15.7945,0.8344,62.6437,5.5764,408.9506,3.1158,71.1902,0.8617,6.1151,0.4058
2031-11-09,16.7190,3.2333,75.5785,12.0232,404.0022,2.0270,59.2237,0.7134,4.0037,0.2799
2031-11-10,19.3705,5.2552,73.0117,9.7739,390.8218,1.2214,52.1901,0.3453,2.4239,0.1133
2031-11-11,17.5758,1.7941,74.1912,7.1050,393.6895,1.2094,59.2109,0.5564,2.4005,0.1820
2031-11-12,17.0861,0.2083,58.5654,6.1047,396.4690,2.2085,75.1068,1.0481,4.3563,0.4254
2031-11-13,17.4864,0.0050,46.3192,6.1040,399.3205,3.5313,83.6957,2.4040,6.9098,1.6928
2031-11-14,17.8748,0.0010,48.7544,7.3007,402.2420,4.8205,86.2339,3.6154,9.3605,3.7039
2031-11-15,18.1115,0.0913,51.0308,3.8320,405.2061,6.0677,86.6981,3.2416,11.6975,3.7582
2031-11-16,18.6636,0.0839,50.1092,3.5639,408.2695,7.3750,87.0219,3.3486,14.1127,4.3847
2031-11-17,19.9792,0.0001,50.5658,4.1438,411.5698,8.7565,87.2249,3.5491,16.6286,5.1548
2031-11-18,22.1190,0.0001,56.0097,7.5183,415.2552,10.1107,87.2733,4.2361,19.0612,6.6358
2031-11-19,21.8486,0.0626,58.8168,6.9237,418.8919,11.3637,87.3218,4.1396,21.2840,6.9280
2031-11-20,21.7021,0.0846,57.5243,8.6700,422.5023,12.6478,87.3703,4.5517,23.5343,7.9996
2031-11-21,21.1584,0.5799,60.6645,7.3844,426.0148,13.8086,85.6548,3.3475,25.5470,6.3459
2031-11-22,19.8197,0.0335,59.5047,3.9629,429.2864,14.9318,85.7259,2.8454,27.4744,5.6863
2031-11-23,22.3732,0.3518,50.0992,7.4132,433.0176,16.4847,87.2968,4.2279,30.1043,8.6462
2031-11-24,20.0441,0.0188,59.2882,7.8599,436.3295,17.6260,87.3453,4.3541,32.0184,9.1910
2031-11-25,22.6467,0.1424,48.8049,9.3053,440.1099,19.2378,87.9009,5.0704,34.6852,10.9258
2031-11-26,18.4687,0.3155,70.7203,5.6133,443.1383,19.9974,85.7650,3.1092,35.9402,7.3279
2031-11-27,16.0562,12.5008,81.4185,12.0379,394.8393,9.6534,41.6265,0.0860,18.1948,0.0735
2031-11-28,14.8747,0.0163,59.7307,7.8333,397.2208,10.5063,65.4472,0.7965,19.7094,0.7154
2031-11-29,16.1032,0.0096,54.2059,4.3464,399.8234,11.5508,77.7879,1.1523,21.5455,1.3990
2031-11-30,17.4435,0.1356,55.5047,6.4246,402.6672,12.6447,83.2510,2.3052,23.4486,4.1144
2031-12-01,16.2277,0.1723,64.7296,7.1556,405.2922,13.3392,83.8982,2.6036,24.6502,4.8439
2031-12-02,16.0379,0.0159,55.1170,4.4853,407.8830,14.2133,85.1587,2.7000,26.1487,5.2273
2031-12-03,14.7049,0.2932,64.8759,8.7252,410.2339,14.8442,85.2064,3.3653,27.2255,6.6334
2031-12-04,14.3116,0.0961,65.6540,5.9328,412.5140,15.4457,85.2542,2.9429,28.2473,5.9805
2031-12-05,14.2392,0.1194,59.4182,5.2642,414.7810,16.1531,85.3020,2.8643,29.4400,5.9837
2031-12-06,14.4811,3.7066,82.8438,10.6878,407.1849,11.3319,54.8464,0.4715,21.1896,0.4434
2031-12-07,13.6553,18.1432,87.2295,13.4397,340.5054,5.0545,26.9554,0.0028,9.7473,0.0017
2031-12-08,13.0844,0.7614,58.2758,8.1748,342.5646,5.7271,54.6388,0.4076,10.9946,0.2590
2031-12-09,13.3934,0.0712,55.8073,5.3716,344.6794,6.4549,71.4516,0.8606,12.3325,0.5833
2031-12-10,14.7269,2.7019,62.6309,11.5408,347.0342,4.9580,65.2448,0.9526,9.5741,0.5613
2031-12-11,14.2506,8.6661,73.8247,13.3880,322.4622,2.4914,45.2588,0.1680,4.8883,0.0716
2031-12-12,13.4845,4.0158,74.2626,8.0050,315.6009,1.3078,44.0856,0.1066,2.5888,0.0357
2031-12-13,15.7597,0.5328,69.4297,5.4439,318.1416,1.8935,62.8983,0.6325,3.7315,0.2414
2031-12-14,16.2919,0.0016,53.3395,6.7485,320.7782,2.8157,77.6187,1.2829,5.5105,0.5760
2031-12-15,17.1591,0.0303,56.1438,8.6759,323.5708,3.7257,83.2278,2.5744,7.2430,1.9840
2031-12-16,16.7382,0.0000,59.6322,6.3691,326.2877,4.5440,84.5258,2.7225,8.7823,2.4947
2031-12-17,16.5605,0.0199,64.4274,4.5188,328.9726,5.2580,84.5734,2.4962,10.1119,2.4541
2031-12-18,13.6773,0.2030,69.1023,7.2077,331.1385,5.7768,84.6155,2.8748,11.0708,3.1477
2031-12-19,10.2301,7.3174,70.7985,16.1554,311.6108,2.9679,49.9504,0.3681,5.7978,0.1691
2031-12-20,12.0939,0.0004,50.9901,6.6057,313.4917,3.7027,69.8493,0.8685,7.1931,0.4420
2031-12-21,13.3636,0.1099,57.1818,3.4818,315.6012,4.4065,78.1541,1.1375,8.5158,0.6303
2031-12-22,14.6590,0.0539,64.0026,3.4294,317.9438,5.0512,81.4127,1.5801,9.7164,0.9385
2031-12-23,15.7105,0.3181,66.1589,6.0592,320.4757,5.6977,82.9154,2.1677,10.9104,2.1214
2031-12-24,15.2420,1.6169,77.1955,5.5151,322.9232,5.4640,70.2313,0.8322,10.4845,0.5151
2031-12-25,14.2111,0.0432,66.2573,7.3049,325.1852,6.0511,77.8285,1.3420,11.5643,0.8771
2031-12-26,14.1090,0.8878,81.4671,7.9142,327.4289,6.3714,74.6378,1.1194,12.1517,0.7523
2031-12-27,16.1498,0.4960,79.0462,4.2807,330.0398,6.7822,77.7337,1.1435,12.9016,0.7953
2031-12-28,17.0403,0.0010,67.1553,3.9597,332.8111,7.4593,81.2518,1.5929,14.1270,1.6081
2031-12-29,17.8638,0.0000,61.6567,6.9163,335.7305,8.2856,83.7443,2.5205,15.6082,3.4123
2031-12-30,16.1242,0.0279,68.8904,9.0812,338.3369,8.8945,83.7915,2.8287,16.6920,4.0733
2031-12-31,17.7199,0.1884,66.9230,7.5676,341.2305,9.6019,84.0117,2.6987,17.9417,4.0612
2032-01-01,18.0836,0.2013,66.8186,6.3372,344.1895,10.3856,84.1393,2.5801,19.3142,4.0653
2032-01-02,17.0693,0.0596,69.3923,5.9105,346.9660,11.0702,84.1868,2.5414,20.5049,4.1666
2032-01-03,13.7480,0.0929,65.3324,9.0203,349.1446,11.7039,84.2342,2.9915,21.5978,5.1150
2032-01-04,12.7783,0.0204,53.6942,3.8134,351.1487,12.4951,85.0448,2.5695,22.9487,4.5528
2032-01-05,13.8676,0.2005,57.3898,3.8534,353.3489,13.2802,85.1233,2.6027,24.2792,4.7930
2032-01-06,13.8489,2.0250,78.9212,5.0919,355.5457,11.6854,65.9635,0.7073,21.5963,0.6732
2032-01-07,14.6287,0.2477,82.1431,3.8328,357.8829,12.0312,71.4539,0.7964,22.1968,0.7715
2032-01-08,14.5371,0.2808,73.2230,4.8955,360.2035,12.5467,76.8705,1.1038,23.0832,1.4034
2032-01-09,15.5945,4.9583,72.3509,10.3185,349.1632,8.0037,54.3979,0.4439,15.1398,0.3391
2032-01-10,16.0103,1.6021,67.6984,10.3509,351.7490,7.9995,64.4487,0.8686,15.1383,0.6636
2032-01-11,14.1263,0.3008,73.3781,3.7898,353.9957,8.4985,72.5666,0.8280,16.0347,0.6549
2032-01-12,16.5954,0.3038,68.6756,9.1124,356.6869,9.1809,79.2730,1.6730,17.2517,2.1495
2032-01-13,17.7877,3.0534,71.8349,8.9206,353.5675,6.8604,63.3330,0.7693,13.0860,0.5395
2032-01-14,17.5018,0.2340,70.7343,6.7230,356.4218,7.5306,74.5496,1.0493,14.3056,0.7752
2032-01-15,20.4162,0.2911,46.1087,7.6489,359.8007,8.9581,84.6038,2.9348,16.8664,4.2688
2032-01-16,20.2767,2.0827,46.9741,11.0121,363.1545,8.5961,78.9400,1.7836,16.2317,2.2381
2032-01-17,16.9558,19.3000,75.3360,19.3119,299.7251,4.1045,47.0510,0.2948,7.9373,0.1575
2032-01-18,13.8930,5.2428,61.4943,15.8367,289.2985,2.4897,52.4498,0.4820,4.8745,0.2051
2032-01-19,11.9149,0.1837,52.3031,7.1088,291.1472,3.2539,70.9587,0.9236,6.3309,0.4420
2032-01-20,15.5629,0.0118,53.7641,11.3016,293.6526,4.2024,81.1479,2.2786,8.1144,1.7763
2032-01-21,17.4744,0.4097,64.0622,9.1320,296.5019,5.0242,83.4184,2.7003,9.6399,2.6381
2032-01-22,15.7788,0.2140,68.5799,6.5681,299.0461,5.6771,83.4900,2.3953,10.8397,2.4430
2032-01-23,14.4557,1.5346,68.5604,9.6132,301.3522,5.8217,74.1827,1.1917,11.1069,0.7615
2032-01-24,13.9603,0.3046,59.6982,4.7968,303.5690,6.5689,80.2214,1.4822,12.4635,1.0875
2032-01-25,14.8592,0.7893,74.9862,5.9869,305.9477,7.0603,78.0759,1.2820,13.3505,0.9095
2032-01-26,16.3997,0.0536,69.4312,4.0139,308.6036,7.7189,80.9968,1.5514,14.5293,1.5768
2032-01-27,17.4344,0.1669,60.7465,5.6792,311.4458,8.6146,83.6426,2.3367,16.1148,3.1892
2032-01-28,19.7518,0.0373,56.4146,9.1752,314.7051,9.7335,85.5447,3.6078,18.0697,5.5127
2032-01-29,20.3671,0.1270,56.8503,5.6957,318.0752,10.8738,86.0711,3.2590,20.0353,5.3135
2032-01-30,19.3880,0.2894,62.1238,5.1607,321.2691,11.8292,86.1191,3.1938,21.6641,5.4709
2032-01-31,20.8434,0.0000,53.7931,6.5088,324.7249,13.0774,86.6827,3.7016,23.7624,6.6705
2032-02-01,18.5921,0.0527,58.7652,11.0707,327.7754,14.2309,86.7310,4.6902,25.6750,8.6311
2032-02-02,19.5013,0.0126,57.5656,9.0428,330.9897,15.4727,86.7792,4.2637,27.7073,8.2992
2032-02-03,16.7555,0.1041,65.2854,4.9738,333.7097,16.3532,86.0835,3.1481,29.1368,6.5014
2032-02-04,19.2770,0.0018,48.7446,9.2540,336.8835,17.8368,87.1469,4.5407,31.5036,9.4366
2032-02-05,20.0876,0.0159,50.6263,9.6715,340.2033,19.3228,87.2738,4.7219,33.8404,10.1590
2032-02-06,18.0565,0.0193,58.9233,7.8775,343.1575,20.4406,87.1526,4.2399,35.5824,9.5528
2032-02-07,19.0959,0.0380,55.7346,8.6599,346.2987,21.7105,87.2011,4.4409,37.5376,10.2431
2032-02-08,18.8950,0.0191,59.3008,7.5629,349.4038,22.8664,87.1875,4.1940,39.3026,10.0288
2032-02-09,19.0833,0.3956,60.6277,5.7058,352.5428,23.9953,87.0400,3.7399,41.0120,9.3359
2032-02-10,15.9745,2.4042,70.4074,8.9018,355.1223,20.7154,68.6583,0.9388,36.1578,1.8450
2032-02-11,16.5758,0.0664,58.8109,5.6505,357.8099,21.7496,78.8367,1.3483,37.7609,3.2082
2032-02-12,18.5464,0.0000,50.1663,7.6137,360.8522,23.1404,84.7206,2.9766,39.8862,7.5189
2032-02-13,17.9890,0.0419,53.5258,9.9988,363.7943,24.4005,85.9850,3.9995,41.7932,9.9900
2032-02-14,18.2397,0.0001,52.5648,13.5953,366.7814,25.7037,86.5081,5.1609,43.7436,12.6200
2032-02-15,17.7949,0.0000,54.1042,13.2940,369.6885,26.9355,86.5563,5.1179,45.5704,12.8264
2032-02-16,18.0234,0.0000,44.0473,10.5780,372.6367,28.4555,87.7417,5.2844,47.7879,13.5060
2032-02-17,18.2745,0.0001,41.7547,9.3808,375.6301,30.0585,88.3794,5.4511,50.0952,14.2024
2032-02-18,17.4951,0.0000,48.5888,10.0310,378.4832,31.4165,88.4282,5.6722,52.0349,14.9533
2032-02-19,17.0394,0.0000,48.1234,9.0595,381.2543,32.7532,88.4770,5.4392,53.9248,14.7666
2032-02-20,19.2662,0.0000,39.8778,7.1661,384.4262,34.4925,88.9451,5.2878,56.3460,14.8049
2032-02-21,21.2051,0.0000,35.2977,6.1776,387.9472,36.5426,89.9950,5.8487,59.1549,16.4156
2032-02-22,21.0436,0.0000,34.7120,7.2904,391.4390,38.5962,90.2973,6.4597,61.9272,18.1196
2032-02-23,19.9583,0.0000,43.2221,7.4776,394.7355,40.2946,90.1729,6.4058,64.2043,18.3602
2032-02-24,21.2230,0.0000,42.9723,6.4283,398.2596,42.1030,90.2223,6.1190,66.6031,18.1044
2032-02-25,22.6395,0.0000,35.7469,7.4330,402.0387,44.2697,90.4004,6.6029,69.4273,19.5738
2032-02-26,22.0304,0.0000,36.9521,6.5151,405.7082,46.3412,90.4499,6.3492,72.0952,19.4107
2032-02-27,20.8856,0.0000,44.5090,4.6910,409.1716,48.0743,90.1734,5.5670,74.3189,17.9167
2032-02-28,15.5979,0.1118,57.5907,11.2740,411.6832,49.0802,87.7867,5.5084,75.6216,17.9463
2032-02-29,14.2016,0.3636,57.4812,10.6882,413.9435,50.0044,87.0333,4.8027,76.8116,16.3417
2032-03-01,12.8054,0.6154,57.3716,10.1025,415.9525,51.0148,84.7024,3.3659,78.0870,12.5327
2032-03-02,12.7761,0.0011,40.4329,9.4804,417.9562,52.4237,86.9082,4.4393,79.8186,15.7327
2032-03-03,13.3004,0.0028,31.9083,10.3035,420.0542,54.0952,88.8754,6.1319,81.8413,20.2483
2032-03-04,15.1152,0.0020,32.7100,9.5003,422.4790,55.9551,89.5484,6.4859,84.0727,21.3901
2032-03-05,16.9811,0.0000,34.3974,5.4527,425.2396,57.9770,89.7060,5.4101,86.4781,19.0472
2032-03-06,18.1433,0.0005,38.3357,6.0484,428.2094,59.9998,89.7553,5.6145,88.8691,19.8579
2032-03-07,20.2017,0.0000,41.3955,4.7302,431.5497,62.1277,89.8046,5.2909,91.3703,19.3022
2032-03-08,23.1944,0.0000,33.8309,10.0731,435.4287,64.8679,90.7265,7.9021,94.5296,26.1131
2032-03-09,21.4174,0.4341,45.5906,9.1092,438.9878,66.9564,90.1383,6.9203,96.9461,24.1098
2032-03-10,20.4009,2.8996,63.2108,7.6596,435.7148,54.2211,70.8650,0.9466,82.7106,4.0825
2032-03-11,17.1846,8.1104,82.5239,8.2580,407.7697,30.5287,40.5288,0.0582,51.4311,0.0999
2032-03-12,20.4023,2.1859,68.9358,7.9279,411.1462,27.7073,57.6856,0.5203,47.4247,0.8431
2032-03-13,19.8077,25.5104,72.4119,10.1116,317.6194,11.0888,42.4610,0.0904,20.3973,0.0829
2032-03-14,16.9396,17.3966,77.3300,17.5718,266.7774,5.4578,39.1995,0.0721,10.3845,0.0444
2032-03-15,16.6416,2.5506,76.4130,12.9114,269.4769,4.2968,51.1854,0.3617,8.2641,0.1974
2032-03-16,17.1355,0.3110,68.4557,5.8008,272.2653,5.2773,68.4797,0.7984,10.0668,0.4834
2032-03-17,19.4665,0.8718,63.7051,4.0184,275.4733,6.5497,75.4541,0.9625,12.3645,0.6533
2032-03-18,19.1902,4.7414,67.7649,5.3286,268.3187,4.5697,56.4670,0.4145,8.7661,0.2332
2032-03-19,19.1829,0.1480,58.4581,10.1098,271.4756,6.0060,76.1895,1.3696,11.3824,0.8872
2032-03-20,17.4525,0.0744,43.8554,18.2788,274.3210,7.7815,85.3980,5.5926,14.5324,7.3582
2032-03-21,19.8786,0.1078,42.6028,18.0210,277.6032,9.8340,88.0868,8.0787,18.0679,11.2844
2032-03-22,18.7004,0.3286,56.4499,8.9462,280.6733,11.3039,87.7459,4.8701,20.5398,7.8617
2032-03-23,17.0960,0.2695,64.7221,10.2074,283.4545,12.3981,86.3803,4.2731,22.3521,7.3384
2032-03-24,16.4949,1.3551,80.3838,11.5880,286.1276,12.9865,74.7464,1.3547,23.3262,2.0816
2032-03-25,18.1512,2.7373,73.1494,13.8940,289.0988,10.5964,65.4197,1.0798,19.4138,0.9607
2032-03-26,19.1731,2.7727,71.3687,14.8301,292.2540,8.6429,64.6434,1.0974,16.0958,0.8699
2032-03-27,21.5593,0.6402,61.5082,8.0020,295.8387,10.1296,78.2285,1.4376,18.6618,1.8177
2032-03-28,19.3242,1.3798,65.7709,12.4275,299.0210,11.3213,76.8649,1.6127,20.6848,2.4051
2032-03-29,15.4305,8.5569,73.6305,19.4149,277.9637,6.3542,51.6319,0.5280,12.0214,0.3527
2032-03-30,15.9612,3.7505,51.2778,16.6977,273.3378,5.0434,62.9908,1.1201,9.6421,0.6626
2032-03-31,16.4527,0.0754,62.0756,9.7650,276.0033,6.1781,76.6559,1.3894,11.7014,0.9141
2032-04-01,21.6572,0.0582,53.9677,5.1541,280.8556,8.7178,83.9511,2.3705,16.1800,3.2548
2032-04-02,24.5160,0.2123,41.7594,12.1245,286.2225,12.3346,88.7121,6.5654,22.2699,10.6074
2032-04-03,22.7287,0.1792,40.7441,14.2058,291.2676,15.7577,89.3787,8.0236,27.7608,13.9747
2032-04-04,24.6003,0.0004,37.2590,10.7645,296.6497,19.6668,90.3102,7.7096,33.7413,14.9967
2032-04-05,26.3341,0.0002,31.3770,8.8342,302.3438,24.2309,91.7111,8.5401,40.3727,17.7796
2032-04-06,26.0248,0.0004,28.9757,10.5835,307.9823,28.9014,92.2914,10.1246,46.8189,21.7033
2032-04-07,24.7357,0.0003,33.8503,11.7066,313.3887,33.0446,92.3415,10.7901,52.3020,24.0066
2032-04-08,24.1292,0.2109,42.6466,8.7088,318.6860,36.5526,91.2453,7.9432,56.8140,20.1353
2032-04-09,18.2485,6.7845,70.3069,10.5938,304.3209,22.2886,56.6523,0.5488,37.6783,0.7569
2032-04-10,20.0578,1.3476,59.8707,7.0644,308.8853,24.3470,70.6017,0.9107,40.6782,2.0088
2032-04-11,17.8350,3.6530,61.1632,12.0812,305.6114,19.1733,64.3262,0.9429,33.1475,1.6701
2032-04-12,14.6621,3.7159,69.4119,13.9461,301.6101,14.4992,57.4718,0.6932,25.8872,0.7421
2032-04-13,17.7515,0.0190,43.6497,7.5440,305.7593,17.0745,78.3665,1.4218,29.9656,2.8143
2032-04-14,19.8087,0.0426,39.8644,7.2059,310.2789,20.1228,86.4682,3.7192,34.6307,8.4005
2032-04-15,20.9036,0.0014,38.2547,7.8558,314.9956,23.4165,88.9718,5.4959,39.4932,12.5341
2032-04-16,23.4891,0.0000,33.2483,8.3028,320.1776,27.3957,90.7109,7.2117,45.1363,16.6155
2032-04-17,24.7949,0.0000,32.7729,8.6606,325.5947,31.6160,91.2858,7.9696,50.8805,19.0546
2032-04-18,24.2619,0.0063,36.0358,7.8168,330.9158,35.5489,91.3355,7.6921,56.0459,19.5318
2032-04-19,25.2820,0.2572,35.2019,5.2053,336.4206,39.6933,91.3853,6.7915,61.3039,18.6986
2032-04-20,27.1646,0.1447,31.5621,4.8660,342.2642,44.3828,91.9368,7.2194,67.0341,20.4964
2032-04-21,26.7393,0.0086,29.2082,9.2294,348.0313,49.1607,92.3834,9.5803,72.6619,26.0962
2032-04-22,26.4350,0.0000,28.4712,9.7503,353.7436,53.9355,92.5298,10.0399,78.1008,27.9562
2032-04-23,27.6099,0.0010,23.9742,7.2275,359.6674,59.2270,93.5723,10.2307,83.9100,29.3522
2032-04-24,29.5124,0.0018,22.6990,5.4397,365.9336,64.9639,94.2336,10.2476,89.9887,30.4328
2032-04-25,28.5083,0.0002,30.6169,10.0119,372.0191,69.9442,93.9999,12.4919,95.1602,35.6747
2032-04-26,27.0518,0.0024,30.1470,13.3681,377.8424,74.7116,93.8217,14.4327,99.9934,40.1050
2032-04-27,22.1691,0.1541,48.9774,14.5437,382.7869,77.5898,90.2880,9.2974,102.9901,30.4062
2032-04-28,23.1467,0.0572,43.7537,13.0830,387.9073,80.8961,90.3374,8.6989,106.3469,29.4985
2032-04-29,20.2880,1.9947,59.3497,13.3916,392.5131,73.6320,78.2088,1.8830,100.2493,9.0199
2032-04-30,20.8488,6.4681,61.5871,14.1100,376.2546,45.9856,63.3792,1.0013,70.4464,3.8123
2032-05-01,21.3086,0.1943,52.0059,7.5863,382.4941,48.8170,80.4458,1.7474,74.0173,6.9354
2032-05-02,25.1101,0.0002,35.9810,4.7548,389.4179,53.2344,88.7574,4.5584,79.3504,15.9982
2032-05-03,30.1322,0.0358,26.1702,9.9505,397.2457,59.3050,93.2102,11.1572,86.3733,31.5752
2032-05-04,29.3788,0.3771,33.0524,13.8600,404.9379,64.6769,93.2607,13.6827,92.4417,37.3539
2032-05-05,25.3270,0.5476,45.3166,11.3459,411.9008,68.4814,90.8905,8.6250,96.7496,28.0511
2032-05-06,23.6139,1.4082,51.9681,15.4946,418.5553,71.6065,84.2709,4.1660,100.3103,16.9965
2032-05-07,24.8681,0.0378,42.7970,7.0122,425.4355,75.5172,88.4924,4.9169,104.6116,19.6169
2032-05-08,27.5915,0.0618,32.2848,6.6574,432.8060,80.6321,91.4754,7.4013,110.0215,26.8237
2032-05-09,28.7158,0.1883,28.4119,7.7840,440.3788,86.2514,92.7796,9.4177,115.8014,32.2898
2032-05-10,24.8659,0.0387,34.8802,14.2247,447.2587,90.7029,92.5444,12.6049,120.3760,39.7218
2032-05-11,22.9721,0.2762,41.0078,13.3486,453.7977,94.4415,91.3449,10.1784,124.2419,34.9582
2032-05-12,22.6649,0.0000,30.3902,13.4103,460.2814,98.7966,91.4902,10.4231,128.5904,35.9611
2032-05-13,24.4030,0.0000,25.7027,9.8306,467.0779,103.7850,92.6155,10.2028,133.4425,35.9205
2032-05-14,27.6676,0.0000,22.1112,8.5909,474.4621,109.6839,93.9709,11.5822,139.0218,39.5432
2032-05-15,29.8709,0.0000,21.8522,9.1845,482.2428,116.0558,94.5126,12.8616,144.9206,42.8334
2032-05-16,30.8848,0.0000,21.3759,11.0017,490.2061,122.6763,94.8162,14.6958,150.9271,47.1442
2032-05-17,32.7020,0.0000,18.1494,9.0960,498.4965,129.9601,95.7962,15.2607,157.3595,48.7824
2032-05-18,25.6146,0.0019,27.6098,15.3060,505.5111,135.0514,94.4356,17.3239,161.9423,53.1520
2032-05-19,25.2399,0.0000,23.4765,11.4401,512.4583,140.3578,94.4864,14.3577,166.6237,47.5461
2032-05-20,26.5549,0.0013,20.2802,8.3563,519.6421,146.1619,94.5373,12.3778,171.6336,43.5310
2032-05-21,25.6194,0.0203,30.6157,10.9877,526.6576,151.0426,93.7039,12.5934,175.9392,44.2196
2032-05-22,25.5957,0.0112,33.2546,14.2500,533.6689,155.7335,93.0802,13.6067,180.0864,46.6372
2032-05-23,23.2671,0.0473,31.0106,12.5792,540.2610,160.1592,92.9877,12.3470,183.9727,44.0008
2032-05-24,25.5259,0.0000,20.8046,9.7743,547.2596,165.7106,93.9537,12.2645,188.6288,43.9824
2032-05-25,25.8429,0.0365,23.7541,10.5227,554.3153,171.1188,94.0043,12.8256,193.1628,45.4064
2032-05-26,26.2274,3.1246,33.0183,8.6749,551.1584,105.3615,83.1093,2.5353,142.5819,13.6345
2032-05-27,22.2745,8.0661,59.0085,8.7818,517.3094,59.2591,61.6951,0.7035,92.1330,3.1794
2032-05-28,25.3098,0.0862,41.3314,7.6164,524.2691,63.3382,84.0747,2.7282,97.2914,12.0510
2032-05-29,27.7068,0.0000,27.4615,4.9259,531.6604,68.8394,91.6507,6.9537,104.0106,25.0328
2032-05-30,29.9908,0.0000,26.4919,6.8744,539.4627,74.8562,93.3669,9.7666,111.1532,32.5165
2032-05-31,31.0402,0.0029,26.0059,8.5663,547.4539,81.1171,93.8108,11.3137,118.3821,36.7822
2032-06-01,29.2588,0.0000,30.4407,11.5744,556.1245,86.6766,93.8615,13.2582,124.7464,41.5902
2032-06-02,28.2866,0.0152,28.5258,12.2134,564.6201,92.2062,93.9121,13.7887,130.9499,43.3846
2032-06-03,25.0453,0.4314,41.0219,14.9077,572.5323,96.2658,91.8235,11.7839,135.5521,39.6667
2032-06-04,23.9073,0.1188,37.6276,13.8017,580.2396,100.3721,91.8076,11.1201,140.1395,38.6078
2032-06-05,22.3379,2.1654,47.9453,15.6295,587.6644,87.1767,81.6235,2.9952,127.1853,14.8308
2032-06-06,24.6876,0.0227,36.4595,6.4525,595.5122,91.4904,88.9598,5.1119,132.2037,22.3382
2032-06-07,28.8408,0.0032,23.7657,7.6391,604.1075,97.4995,93.4095,10.2108,138.9391,36.4175
2032-06-08,25.5283,0.4910,34.6326,14.1203,612.1066,102.0820,92.7979,12.9935,144.0891,43.0427
2032-06-09,23.9528,2.0940,45.3659,13.7157,619.8221,89.8659,83.0846,3.2581,131.9165,16.0507
2032-06-10,20.1932,6.4682,59.3701,14.4575,590.5630,55.1838,64.4470,1.0682,89.4674,4.9333
2032-06-11,22.5615,1.8268,53.7594,12.1902,598.0281,53.8790,76.0125,1.5037,87.9487,6.7900
2032-06-12,26.0498,0.0102,40.5187,9.2672,606.1210,58.1305,87.7777,4.9721,93.7767,18.7007
2032-06-13,29.1994,0.0000,27.0148,8.4679,614.7809,63.9523,92.7243,9.6725,101.5067,31.0179
2032-06-14,32.4157,0.0000,18.2800,10.8328,624.0198,71.1629,95.5913,16.1994,110.7509,45.1343
2032-06-15,34.2166,0.0001,13.6221,12.5761,633.5827,79.1941,97.0636,21.5690,120.6780,55.8236
2032-06-16,35.9565,0.0908,12.5367,11.6602,643.4589,87.7267,97.6114,22.1540,130.8533,58.3601
2032-06-17,37.8523,0.1050,13.7046,8.2220,653.6763,96.5762,97.6633,18.7585,141.0532,53.9056
2032-06-18,39.6560,0.1602,15.2681,10.1140,664.2184,105.6676,97.7151,20.7772,151.2006,58.5059
2032-06-19,37.4508,0.0668,19.3971,10.8707,674.3635,113.8481,97.7129,21.5784,160.1174,60.6934
2032-06-20,34.9777,0.0085,27.2214,9.6419,684.0635,120.7607,96.0550,16.2459,167.5677,51.4377
2032-06-21,37.0198,0.2453,19.5225,6.1882,694.1311,128.8371,96.2552,14.0252,176.0042,47.3485
2032-06-22,33.7130,1.9509,35.1597,10.3002,703.6034,112.8018,89.8883,7.0899,161.0534,29.7670
2032-06-23,31.9811,2.5089,41.5415,9.3506,712.7640,92.0136,85.8904,3.8199,139.1263,18.4356
2032-06-24,25.3150,1.2669,67.7286,13.9555,720.7247,94.2578,81.3378,2.6623,142.0663,14.1443
2032-06-25,27.9015,0.7321,57.7153,9.4755,729.1510,97.4863,85.2607,3.5213,146.1294,17.6525
2032-06-26,33.5179,0.0976,38.1848,5.5796,738.5882,103.1200,91.1339,6.6777,152.8786,28.1973
2032-06-27,36.2869,0.0000,27.8060,7.3340,748.5239,110.2258,94.1788,11.1888,161.1319,40.2515
2032-06-28,35.4291,0.0000,29.4842,11.3509,758.3051,117.0072,94.2295,13.7954,168.8717,46.4883
2032-06-29,34.7852,0.0000,23.4992,11.9340,767.9704,124.2345,94.9873,15.7684,176.9187,51.0098
2032-06-30,36.1155,0.0000,22.3034,8.8876,777.8752,131.8469,95.4849,14.4757,185.2120,48.7150
2032-07-01,33.9697,0.0000,29.6880,13.3274,787.6938,137.6380,95.1241,17.2352,191.5845,54.5845
2032-07-02,33.1108,0.0000,27.0506,13.5488,797.3577,143.4992,95.1752,17.5506,197.9407,55.4349
2032-07-03,32.6049,0.0000,28.3035,12.8380,806.9306,149.1746,95.1131,16.7900,204.0459,54.1286
2032-07-04,35.6016,0.0000,24.2052,8.4552,817.0429,155.7078,95.1642,13.5571,210.9237,47.5209
2032-07-05,37.8011,0.0000,17.3004,6.5642,827.5511,163.2633,96.7968,15.3732,218.6740,51.5937
2032-07-06,39.9290,0.0000,15.4751,5.5954,838.4423,171.4081,97.5712,16.2336,226.8667,53.5298
2032-07-07,40.4367,0.0000,16.6796,8.6848,849.4249,179.5361,97.6231,19.0991,234.9326,59.3119
2032-07-08,41.0315,0.1284,17.4331,9.4728,860.5146,187.7059,97.6750,20.0098,242.9331,61.1440
2032-07-09,38.3127,0.1167,21.1065,10.3398,871.1149,195.0086,97.5472,20.5522,250.0667,62.2394
2032-07-10,36.8508,0.0000,22.5833,13.4832,881.4520,201.9087,97.0616,22.5717,256.7736,65.9533
2032-07-11,37.1172,0.0000,19.4858,9.2813,891.8371,209.1353,97.1133,18.3910,263.6854,58.2870
2032-07-12,38.3420,0.0000,20.5959,7.9476,902.4427,216.4906,97.1650,17.3148,270.6581,56.2165
2032-07-13,40.0864,0.0000,19.8848,6.4799,913.3622,224.2401,97.2167,16.1917,277.9072,53.9775
2032-07-14,40.6765,0.0000,21.5092,8.2523,924.3880,231.9412,97.2684,17.8268,285.0655,57.3191
2032-07-15,40.0313,0.8085,24.1675,9.1240,935.2976,239.2665,95.5413,14.7621,291.8692,51.0237
2032-07-16,39.8138,0.0000,24.4317,12.7053,946.1681,246.5278,95.6838,18.0275,298.5710,57.7728
2032-07-17,37.9628,0.0000,19.0765,14.2557,956.7054,253.9518,96.4928,21.7450,305.3020,64.7916
2032-07-18,30.0077,0.0000,24.0898,17.0311,965.8108,259.4977,95.6881,22.4312,310.4579,66.0362
2032-07-19,33.8316,0.0000,16.6558,8.2251,975.6045,266.3352,96.3434,15.7272,316.5969,53.1522
2032-07-20,38.1893,0.0000,13.6731,8.4184,986.1826,274.3008,97.6637,18.9462,323.5900,59.6317
2032-07-21,39.6568,0.0000,13.9400,9.1465,997.0248,282.5385,97.8723,20.2045,330.7534,62.0315
2032-07-22,39.2363,0.0000,16.0058,10.1068,1007.7913,290.4954,97.9243,21.3524,337.6629,64.1596
2032-07-23,38.7164,0.0000,19.5271,10.0077,1018.4643,298.0205,97.9039,21.1889,344.2252,63.8715
2032-07-24,38.4236,0.0000,22.4393,10.2924,1029.0845,305.2200,97.3750,20.0392,350.5286,61.7518
2032-07-25,38.5455,0.0000,19.5553,8.2720,1039.7267,312.7102,97.4268,18.2246,356.9945,58.2789
2032-07-26,41.1328,0.0000,15.6436,5.9692,1050.8346,321.0772,97.7448,16.9272,364.0615,55.6962
2032-07-27,41.0504,0.0000,17.6094,8.7354,1061.9277,329.2332,97.7967,19.5933,370.9495,60.9299
2032-07-28,41.3680,0.0000,18.2932,8.2704,1073.0779,337.3826,97.8486,19.2715,377.8046,60.3220
2032-07-29,41.3028,0.0000,16.0046,9.0821,1084.2164,345.7473,97.9006,20.2144,384.7561,62.1079
2032-07-30,39.6787,0.0000,20.5416,9.0989,1095.0626,353.3571,97.8713,20.1534,391.1619,61.9970
2032-07-31,40.3477,0.0000,20.6075,7.7939,1106.0292,361.0854,97.9232,19.0008,397.6328,59.8127
2032-08-01,40.7387,0.0000,18.9318,8.2268,1116.3661,368.0876,97.9752,19.5536,403.5388,60.8714
2032-08-02,41.0462,0.0000,18.7560,7.3723,1126.7585,375.1566,98.0272,18.8584,409.4746,59.5423
2032-08-03,42.6736,0.0000,15.2632,8.4185,1137.4437,382.8141,98.0792,20.0162,415.7879,61.7486
2032-08-04,42.1793,0.0000,11.3027,10.7658,1148.0400,390.7391,98.7514,24.6084,422.2191,69.9510
2032-08-05,42.1479,0.0000,11.7070,9.8859,1158.6306,398.6222,98.8037,23.7023,428.5995,68.3963
2032-08-06,38.3222,0.0014,14.4663,7.6825,1168.5326,405.5834,98.8039,21.2122,434.3087,63.9677
2032-08-07,38.6259,0.0000,24.4229,10.8505,1178.4892,411.7817,97.1739,20.0660,439.5767,61.8469
2032-08-08,36.5033,0.0000,31.5313,12.2231,1188.0638,417.0969,95.3773,16.8759,444.2679,55.6208
2032-08-09,36.6361,0.0000,25.3012,11.0979,1197.6623,422.9163,95.4285,16.0572,449.2430,53.9365
2032-08-10,34.0737,0.0000,25.4689,11.1620,1206.7996,428.3283,95.4796,16.2218,453.9004,54.2788
2032-08-11,37.2277,0.0000,16.3631,6.8171,1216.5046,434.9462,96.9159,15.8206,459.3263,53.4431
2032-08-12,38.0701,0.0000,18.5018,8.5190,1226.3612,441.5365,96.9675,17.3567,464.7521,56.5946
2032-08-13,38.6103,0.0000,18.2641,7.6586,1236.3150,448.2373,97.0191,16.7354,470.2453,55.3369
2032-08-14,38.1222,0.0000,18.0661,9.7698,1246.1810,454.8717,97.0708,18.7429,475.6750,59.3290
2032-08-15,36.4408,0.0000,17.8062,10.4283,1255.7444,461.2418,97.1225,19.5094,480.8951,60.8000
2032-08-16,38.0850,0.0000,19.9202,6.9217,1265.6037,467.7199,97.1742,16.4627,486.2189,54.7786
2032-08-17,40.5915,0.0000,15.3950,6.0231,1275.9141,475.0019,97.7032,16.8802,492.0492,55.6332
2032-08-18,39.8313,0.0000,20.4462,8.2413,1286.0878,481.7243,97.7551,19.0067,497.5426,59.8393
2032-08-19,39.0171,0.0611,25.3048,9.2317,1296.1148,487.9106,96.9460,17.9398,502.7150,57.7585
2032-08-20,38.0268,0.0000,20.7360,11.4585,1305.9637,494.3132,96.9977,20.2091,507.9618,62.1202
2032-08-21,35.1200,0.0000,25.0011,11.9398,1315.2892,499.9212,96.3243,18.9158,512.6841,59.6647
2032-08-22,35.4057,0.0000,16.9305,10.7825,1324.6663,506.1817,96.5625,18.4256,517.7534,58.7135
2032-08-23,35.9113,0.0000,15.9029,7.6565,1334.1343,512.6074,96.8658,16.3940,522.9189,54.6383
2032-08-24,35.6951,0.0000,21.3897,8.5746,1343.5634,518.5788,96.9175,17.2893,527.8339,56.4618
2032-08-25,36.5354,0.0000,20.4632,8.9741,1353.1438,524.7586,96.9691,17.7632,532.8804,57.4092
2032-08-26,34.7809,0.0000,16.0200,10.1495,1362.4083,530.9793,97.0208,18.9776,537.8805,59.7843
2032-08-27,34.5120,0.0000,15.1320,10.7678,1371.6245,537.2188,97.0724,19.7138,542.8741,61.1895
2032-08-28,34.8599,0.0000,20.3483,7.1020,1380.9033,543.1320,97.0872,16.4212,547.7078,54.6947
2032-08-29,35.8092,0.0000,24.7861,8.3310,1390.3529,548.8631,96.4942,16.1355,552.4782,54.1037
2032-08-30,36.1525,0.0000,23.5245,6.3470,1399.8644,554.7445,96.5457,14.7019,557.3330,51.0610
2032-08-31,38.1349,0.0000,18.5971,7.0886,1409.7327,561.3381,96.6453,15.4673,562.6127,52.7018
2032-09-01,37.8195,0.0000,19.0855,7.9564,1418.2442,566.9447,96.6968,16.2708,567.1211,54.3843
2032-09-02,37.5255,0.0000,18.7714,7.1216,1426.7028,572.5306,96.7484,15.7089,572.4898,53.2120
2032-09-03,37.4345,0.0000,19.9034,6.7456,1435.1450,578.0256,96.8000,15.5210,577.9375,52.8155
2032-09-04,35.4436,0.0000,21.8496,9.4268,1443.2288,583.1101,96.8516,17.8894,582.9800,57.6601
2032-09-05,36.5379,0.0000,16.7931,7.0879,1451.5096,588.6857,96.9032,16.0108,588.5035,53.8444
2032-09-06,36.4406,0.0000,19.2782,7.6359,1459.7729,594.0808,96.9548,16.5732,593.8498,55.0075
2032-09-07,33.9035,0.0000,25.2402,12.2605,1467.5796,598.7398,96.1093,18.6741,598.4722,59.1982
2032-09-08,32.0971,0.0000,19.1935,9.9818,1475.0611,603.5157,96.1607,16.7644,603.2053,55.3989
2032-09-09,32.4732,0.0000,22.0660,7.2770,1482.6102,608.1740,96.2121,14.7302,607.8237,51.1226
2032-09-10,29.9559,0.0000,35.5616,18.1154,1489.7063,611.7368,93.6150,17.8138,611.3682,57.5103
2032-09-11,28.6280,0.0000,31.9646,12.3924,1496.5633,615.3377,93.6656,13.4452,614.9474,48.2791
2032-09-12,30.9722,0.0000,22.8586,8.2190,1503.8423,619.7425,94.4511,12.1473,619.3149,45.2774
2032-09-13,31.8481,0.0000,17.2963,11.1394,1511.2790,624.5938,95.8280,16.9890,624.1191,55.8559
2032-09-14,31.5178,0.0000,26.2567,12.5553,1518.6562,628.8762,95.4158,17.2510,628.3673,56.3854
2032-09-15,32.9368,0.0000,33.2151,9.5225,1526.2888,632.9232,94.3919,12.8666,632.3881,46.9582
2032-09-16,33.0981,0.0000,32.3990,8.9662,1533.9505,637.0391,94.3893,12.5064,636.4761,46.1221
2032-09-17,32.0285,0.0000,30.5854,8.7574,1541.4196,641.1332,94.4401,12.4626,640.5407,46.0195
2032-09-18,31.5938,0.0000,32.7593,6.7175,1548.8105,645.0471,94.1339,10.7794,644.4287,41.9510
2032-09-19,32.3474,0.0000,32.2186,5.6172,1556.3370,649.0833,94.1846,10.2698,648.4370,40.6632
2032-09-20,34.0782,0.0000,26.2768,4.7738,1564.1751,653.7006,94.3038,10.0060,653.0144,39.9852
2032-09-21,35.5631,0.0000,21.5549,4.9903,1572.2804,658.8210,95.4939,11.9092,658.0841,44.7110
2032-09-22,36.1790,0.0003,19.9312,6.7001,1580.4967,664.1352,96.0078,13.9187,663.3431,49.3409
2032-09-23,34.6627,0.0175,22.2888,7.6910,1588.4399,669.0831,96.0592,14.7333,668.2421,51.1294
2032-09-24,30.2948,0.1414,34.3119,13.2018,1595.5970,672.7547,93.9186,14.5060,671.8900,50.6350
2032-09-25,28.7309,0.3480,33.9973,12.0117,1602.4726,676.2600,93.4274,12.7594,675.3731,46.7106
2032-09-26,29.4425,0.2928,39.1363,7.9820,1609.4762,679.5696,92.6521,9.3434,678.6667,38.2463
2032-09-27,28.1779,0.0001,43.9639,10.1022,1616.2522,682.4905,91.5900,8.9485,681.5797,37.1837
2032-09-28,26.7533,0.1706,43.4001,8.4125,1622.7718,685.2972,91.3094,7.8970,684.3789,34.2478
2032-09-29,25.4681,0.7672,47.7165,13.2158,1629.0601,687.7703,88.0348,6.2943,686.8510,29.4185
2032-09-30,22.6424,0.2419,42.7960,11.6001,1634.8397,690.1883,88.9216,6.5895,689.2642,30.3448
2032-10-01,24.5239,0.0000,30.8382,4.3630,1639.9580,692.8735,91.2042,6.3438,691.9304,29.5752
2032-10-02,27.6812,0.0070,25.7983,7.1056,1645.6446,696.1094,93.0634,9.4706,695.1382,38.5844
2032-10-03,26.1029,0.0125,33.8000,8.2024,1651.0471,698.8380,92.9438,9.8424,697.8494,39.5610
2032-10-04,25.2818,0.0003,31.9379,6.9727,1656.3019,701.5587,92.9941,9.3165,700.5513,38.1747
2032-10-05,24.3609,0.5720,45.6102,10.2034,1661.3908,703.6570,90.5577,7.7647,702.6460,33.8665
2032-10-06,23.4298,0.0681,46.4559,7.6420,1666.3122,705.6471,90.2330,6.5148,704.6338,30.1123
2032-10-07,26.5250,0.0000,30.1260,5.4244,1671.7907,708.5718,91.9128,7.4003,707.5363,32.8011
2032-10-08,25.7386,0.0000,35.0286,7.3883,1677.1276,711.2139,91.9628,8.2281,710.1624,35.1899
2032-10-09,26.2151,0.0129,42.5108,7.6004,1682.5504,713.5933,91.4471,7.7302,712.5339,33.7665
2032-10-10,24.8053,0.0000,37.4319,9.3078,1687.7193,716.0492,91.4969,8.4845,714.9770,35.9082
2032-10-11,27.0677,0.0000,27.9715,6.0589,1693.2955,719.1233,92.5851,8.4009,718.0255,35.6750
2032-10-12,29.5368,0.0000,23.5676,5.2319,1699.3161,722.6714,93.9493,9.7494,721.5392,39.3182
2032-10-13,30.1017,0.0177,25.0615,5.7800,1705.4384,726.2142,93.9999,10.0930,725.0487,40.2098
2032-10-14,26.8161,0.0872,37.3797,10.8890,1710.9693,728.8630,92.6724,10.8483,727.6829,42.1228
2032-10-15,23.7579,0.0724,41.9957,12.6380,1715.9497,731.0477,91.3224,9.7891,729.8601,39.4220
2032-10-16,24.2605,0.0293,43.3927,15.2627,1721.0206,733.2229,90.9054,10.5292,732.0290,41.3222
2032-10-17,26.3310,0.0673,44.7820,12.5423,1726.4642,735.5180,90.9188,9.1979,734.3185,37.8571
2032-10-18,27.8182,0.0012,44.0609,6.1379,1732.1755,737.9690,90.9684,6.7082,736.7625,30.7126
2032-10-19,27.7960,0.0141,41.9983,3.7609,1737.8828,740.5085,91.0181,5.9933,739.2923,28.4542
2032-10-20,27.2270,0.0000,38.9859,6.4723,1743.4876,743.1273,91.0678,6.9195,741.8979,31.3597
2032-10-21,26.4960,0.0000,37.2784,7.9173,1748.9609,745.7499,91.1175,7.4950,744.5058,33.0801
2032-10-22,25.7197,0.0000,39.4418,8.5870,1754.2944,748.2108,91.1672,7.8073,746.9550,33.9895
2032-10-23,25.6599,0.0000,41.4759,7.1526,1759.6172,750.5838,91.2170,7.3145,749.3186,32.5470
2032-10-24,25.1696,0.0708,41.1439,6.2491,1764.8518,752.9265,91.2667,7.0386,751.6519,31.7207
2032-10-25,26.4928,0.0163,35.6189,4.5554,1770.3245,755.6182,91.3165,6.5088,754.3266,30.0934
2032-10-26,27.6262,0.0080,28.8122,9.0107,1776.0012,758.7167,92.5178,9.6564,757.3985,39.0743
2032-10-27,24.8759,0.0063,42.0224,10.2647,1781.1828,760.9986,91.4445,8.8377,759.6720,36.8817
2032-10-28,24.7817,0.1011,49.2649,6.9204,1786.3475,762.9882,90.2019,6.2543,761.6616,29.2916
2032-10-29,22.4508,0.1103,55.0934,8.9128,1791.0927,764.5907,88.8313,5.6808,763.2707,27.4311
2032-10-30,20.0685,0.5982,54.2603,16.0354,1795.4090,766.0578,86.6057,5.9173,764.7435,28.2076
2032-10-31,17.5688,1.9161,62.8877,17.2269,1799.2754,154.7385,76.4281,1.9920,254.7134,12.5827
2032-11-01,16.5247,0.4667,48.5530,12.5248,1801.9539,155.9407,84.1198,3.5150,256.4077,19.3771
2032-11-02,16.3865,0.0006,39.5456,9.5135,1804.6074,157.3422,87.4593,4.8102,258.3673,24.2524
2032-11-03,18.6525,0.0000,32.8026,9.6564,1807.6689,159.1020,89.7148,6.6949,260.8149,30.4505
2032-11-04,20.4505,0.0000,33.2549,10.1261,1811.0540,161.0090,90.3990,7.5610,263.4614,33.0508
2032-11-05,21.5956,0.0000,39.4224,8.7260,1814.6452,162.8317,90.4485,7.0960,265.9932,31.6907
2032-11-06,22.7724,0.0000,38.8527,8.3224,1818.4482,164.7671,90.4980,7.0025,268.6737,31.4221
2032-11-07,22.3822,0.0000,42.4040,9.0514,1822.1810,166.5602,90.5475,7.3161,271.1564,32.3682
2032-11-08,21.5099,0.0000,45.6054,9.2094,1825.7568,168.1907,90.1033,6.9206,273.4136,31.1940
2032-11-09,21.7390,0.0000,45.7084,9.2636,1829.3738,169.8347,90.0108,6.8482,275.6846,30.9829
2032-11-10,21.9695,0.0000,46.7590,9.6104,1833.0323,171.4631,89.8764,6.8360,277.9314,30.9538
2032-11-11,21.7861,0.0000,46.3635,8.0395,1836.6578,173.0905,89.8759,6.3153,280.1712,29.3478
2032-11-12,21.5743,0.0000,46.6151,5.4484,1840.2452,174.6954,89.8199,5.4980,282.3756,26.7005
2032-11-13,21.8049,0.1513,49.0961,6.8444,1843.8741,176.2412,89.5075,5.6402,284.4997,27.1798
2032-11-14,19.0505,0.6988,60.5240,7.1977,1847.0072,177.2958,85.1398,3.0874,285.9663,17.6912
2032-11-15,19.7919,0.0502,50.7636,4.9760,1850.2737,178.6596,86.6213,3.3968,287.8365,18.9833
2032-11-16,18.4192,0.2172,53.8045,5.8582,1853.2932,179.8551,86.6696,3.5755,289.4782,19.7097
2032-11-17,18.4027,0.1480,51.1482,3.9074,1856.3097,181.1182,86.8630,3.3310,291.2050,18.7193
2032-11-18,19.4511,0.0476,49.2281,4.9719,1859.5149,182.5016,87.2826,3.7309,293.0900,20.3332
2032-11-19,19.2211,0.0785,63.2751,8.9065,1862.6787,183.4910,86.7152,4.1963,294.4636,22.1233
2032-11-20,18.6474,1.0064,69.2902,12.3629,1865.7392,184.2950,80.8579,2.3262,295.5941,14.2921
2032-11-21,17.7519,5.5245,74.9913,12.1058,1466.7661,85.3136,55.1667,0.5214,148.9659,3.1349
2032-11-22,15.6733,1.0431,60.3333,7.5678,1469.2913,86.1957,69.0925,0.8900,150.3420,5.6216
2032-11-23,13.3809,0.7551,69.4438,7.6931,1471.4039,86.7824,74.2572,1.0858,151.2615,6.8075
2032-11-24,14.7064,0.0004,44.9227,13.5548,1473.7550,87.9366,83.6113,3.4607,153.0435,17.6801
2032-11-25,15.0976,0.0017,45.5029,9.9752,1476.1766,89.1069,86.2740,4.1605,154.8462,20.2998
2032-11-26,15.2664,0.0000,44.9721,9.9544,1478.6286,90.3009,87.1575,4.7109,156.6804,22.2628
2032-11-27,16.2296,0.0006,47.2993,11.1810,1481.2539,91.5117,87.2349,5.0669,158.5374,23.5138
2032-11-28,17.0968,0.0375,52.5915,10.5523,1484.0353,92.6555,87.2834,4.9429,160.2915,23.1726
2032-11-29,17.0845,0.1645,53.1067,10.5024,1486.8145,93.7860,87.3318,4.9647,162.0218,23.3076
2032-11-30,17.0165,0.4326,55.5405,8.0594,1489.5815,94.8539,87.3803,4.4202,163.6547,21.5153
2032-12-01,17.9342,0.1512,56.8510,4.8581,1492.5136,95.7872,87.4259,3.7862,165.0869,19.2809
2032-12-02,17.1486,0.0000,50.2626,7.6221,1495.3044,96.8187,87.4744,4.3824,166.6599,21.4775
2032-12-03,17.3470,0.0000,45.6833,7.1153,1498.1308,97.9573,87.6584,4.3857,168.3888,21.5408
2032-12-04,17.9431,0.0021,52.5580,11.6420,1501.0646,98.9840,87.7070,5.5478,169.9506,25.4730
2032-12-05,17.7894,0.0065,53.2121,10.2692,1503.9707,99.9883,87.7556,5.2131,171.4761,24.4390
2032-12-06,17.7079,0.0078,52.4673,7.0493,1506.8621,101.0043,87.8042,4.4633,173.0156,21.9434
2032-12-07,17.1565,0.0000,50.5337,6.4873,1509.6543,102.0305,87.8528,4.3690,174.5658,21.6522
2032-12-08,15.7534,0.2827,55.0954,6.7517,1512.1939,102.8905,87.5283,4.2267,175.8660,21.1777
2032-12-09,16.4870,0.0175,53.0050,5.9985,1514.8655,103.8298,87.5768,4.0976,177.2820,20.7448
2032-12-10,16.2994,0.0000,53.5347,7.6341,1517.5034,104.7485,87.6254,4.4807,178.6653,22.1488
2032-12-11,17.3984,0.0000,53.2171,7.3950,1520.3391,105.7320,87.6740,4.4578,180.1437,22.1036
2032-12-12,18.7079,0.1033,51.9241,8.6062,1523.4106,106.8141,87.7226,4.7715,181.7668,23.2334
2032-12-13,17.7684,1.2726,72.5460,9.8052,1526.3129,107.4028,77.9488,1.5375,182.6705,9.7704
2032-12-14,19.3897,0.0634,63.9538,6.6637,1529.5070,108.2421,82.4925,2.1188,183.9409,12.7106
2032-12-15,17.9330,0.2398,64.5296,6.1264,1532.4390,109.0093,83.8179,2.4459,185.1010,14.2401
2032-12-16,16.2287,0.0000,49.5054,6.5172,1535.0641,110.0037,85.8930,3.3129,186.5811,17.9382
2032-12-17,17.3847,0.0000,49.4384,9.6761,1537.8974,111.0658,86.7522,4.3851,188.1597,22.0168
2032-12-18,18.6832,0.0000,51.3403,6.5954,1540.9643,112.1597,86.9041,3.8365,189.7854,20.0300
2032-12-19,17.8767,0.0012,53.7101,5.9779,1543.8861,113.1580,86.9524,3.7446,191.2687,19.7060
2032-12-20,16.6601,0.0026,53.0586,8.7365,1546.5890,114.1054,87.0008,4.3327,192.6729,21.9125
2032-12-21,16.1900,0.0473,58.3604,10.0214,1549.2072,114.9235,86.9283,4.5751,193.8892,22.7985
2032-12-22,17.0142,0.0034,56.8313,5.9927,1551.9737,115.8121,86.9767,3.7603,195.2072,19.8293
2032-12-23,14.1066,1.8034,70.1953,7.6250,1554.2169,102.4506,72.0773,0.9860,175.9119,6.5354
2032-12-24,10.2444,2.1227,68.1427,9.8854,1555.7649,86.4757,63.8893,0.8283,151.8502,5.2573
2032-12-25,11.6195,0.0636,56.8114,7.1047,1557.5604,87.0999,75.6447,1.1374,152.8335,7.1313
2032-12-26,11.5072,8.5315,80.1624,7.5062,1208.4462,47.8700,38.1687,0.0353,87.1130,0.0890
2032-12-27,11.2576,0.4866,76.5678,7.0713,1210.1766,48.1990,54.7149,0.3883,87.6689,0.9838
2032-12-28,11.8811,0.0447,49.7155,5.9582,1212.0192,48.9408,72.2296,0.9118,88.9066,4.1551
2032-12-29,12.4577,0.0811,58.5529,4.3895,1213.9655,49.5794,79.0522,1.2911,89.9724,5.9753
2032-12-30,12.7173,0.0000,46.2311,5.6988,1215.9587,50.4237,83.9376,2.4321,91.3745,10.5800
2032-12-31,14.0379,0.0018,47.5464,6.1741,1218.1895,51.3260,85.8452,3.2344,92.8698,13.4309
2033-01-01,14.8090,0.0273,52.9421,7.7789,1220.5591,52.2477,85.9945,3.5810,94.3937,14.6682
2033-01-02,14.9594,0.1145,52.1654,7.0425,1222.9558,53.1934,86.1479,3.5257,95.9529,14.6253
2033-01-03,13.0474,0.0411,61.0472,7.2214,1225.0083,53.8718,86.0103,3.4895,97.0715,14.6018
2033-01-04,14.5543,0.0940,74.7670,6.9227,1227.3321,54.3581,84.3048,2.7172,97.8787,12.0529
2033-01-05,16.5502,0.0032,63.8247,4.5331,1230.0151,55.1442,84.4253,2.4484,99.1730,11.1627
2033-01-06,15.9400,0.0000,55.7289,8.7310,1232.5883,56.0729,85.3375,3.4279,100.6939,14.6912
2033-01-07,15.3504,0.0000,48.6307,7.3853,1235.0554,57.1132,86.3938,3.7137,102.3894,15.7558
2033-01-08,16.1470,0.0000,43.0167,6.7185,1237.6659,58.3232,87.5267,4.2187,104.3526,17.5071
2033-01-09,18.6720,0.0000,39.8191,7.9944,1240.7308,59.7880,88.6432,5.2794,106.7196,20.8535
2033-01-10,18.7589,0.0098,41.6659,6.5095,1243.8114,61.2142,88.6921,4.9333,109.0154,20.0605
2033-01-11,12.9594,0.0001,47.5702,8.8167,1245.8481,62.1217,88.3733,5.2937,110.4722,21.2379
2033-01-12,13.5427,0.0000,39.2920,6.1861,1247.9898,63.2161,88.4221,4.6691,112.2209,19.5390
2033-01-13,15.0873,0.0053,39.0106,6.3235,1250.4095,64.4315,88.5261,4.7722,114.1571,20.0084
2033-01-14,15.1771,0.0320,48.1079,7.4274,1252.8454,65.4713,88.4919,5.0205,115.8123,20.8892
2033-01-15,16.7370,0.0059,51.8414,6.4332,1255.5621,66.5288,88.2176,4.5909,117.4935,19.7072
2033-01-16,16.0360,0.0000,49.9458,8.5012,1258.1526,67.5848,88.2663,5.1308,119.1663,21.4840
2033-01-17,13.6357,0.0000,42.9732,11.6529,1260.3110,68.6193,88.3151,6.0562,120.7963,24.2972
2033-01-18,13.6112,0.0000,40.1068,10.9528,1262.4650,69.7040,88.3639,5.8874,122.4993,23.9577
2033-01-19,14.1882,0.0000,49.5021,9.1206,1264.7229,70.6545,88.1672,5.2188,123.9918,22.1101
2033-01-20,14.5942,0.0008,51.4259,7.0387,1267.0538,71.5930,87.9315,4.5430,125.4632,20.1118
2033-01-21,14.8928,0.0048,51.3620,7.5217,1269.4385,72.5506,87.8923,4.6288,126.9611,20.4838
2033-01-22,15.8461,0.0009,48.2428,8.0075,1271.9948,73.6304,87.9410,4.7767,128.6441,21.0620
2033-01-23,17.9207,0.0000,37.2183,7.2309,1274.9246,75.1005,89.0071,5.3526,130.9210,22.9946
2033-01-24,16.4691,0.0000,49.3041,8.3541,1277.5930,76.1970,88.6402,5.3737,132.6200,23.1693
2033-01-25,15.4781,0.0000,53.7175,10.7072,1280.0831,77.1416,87.8703,5.4177,134.0827,23.3962
2033-01-26,16.1343,0.0857,51.5695,9.1092,1282.6912,78.1692,87.9189,5.0335,135.6687,22.3035
2033-01-27,17.1447,0.0221,49.7868,4.9237,1285.4813,79.2970,87.9676,4.1049,137.4040,19.3468
2033-01-28,16.2737,0.0000,48.4903,5.6581,1288.1145,80.3987,88.0163,4.2895,139.0934,20.0616
2033-01-29,16.3676,0.0759,45.9566,6.2900,1290.7647,81.5609,88.0650,4.4593,140.8688,20.7221
2033-01-30,16.8752,0.2321,59.9495,5.1466,1293.5063,82.4472,87.1346,3.6853,142.2303,18.0931
2033-01-31,16.5052,0.1365,62.7746,5.2712,1296.1812,83.2540,86.4745,3.3768,143.4702,17.0060
2033-02-01,17.4320,0.0513,57.2356,7.2843,1299.0230,84.3798,86.5227,3.7628,145.1831,18.4995
2033-02-02,19.1851,0.0000,45.2543,7.4118,1302.1803,85.9573,87.6957,4.4755,147.5629,21.0920
2033-02-03,17.8218,0.0280,48.6796,11.5129,1305.0922,87.3367,87.7443,5.5413,149.6388,24.6386
2033-02-04,19.1068,0.0936,44.9352,9.7946,1308.2354,88.9172,88.0531,5.3115,152.0059,24.0278
2033-02-05,20.1784,0.0895,43.1771,6.4477,1311.5715,90.6348,88.4971,4.7822,154.5666,22.4177
2033-02-06,14.6322,3.7091,75.1000,11.9229,1229.0672,64.2070,60.2852,0.7598,113.5803,4.0972
2033-02-07,14.3860,1.1740,60.4191,11.4562,1231.3607,65.0777,70.9074,1.1478,114.9655,6.2709
2033-02-08,15.7253,1.3608,80.1728,11.0345,1233.8953,65.5516,68.3320,1.0345,115.7323,5.6978
2033-02-09,17.2830,1.5236,74.4668,11.7739,1236.7102,64.3358,69.0954,1.1002,113.8632,5.9880
2033-02-10,15.5951,0.0105,52.7297,5.3019,1239.2213,65.4569,79.6809,1.4376,115.6428,7.7371
2033-02-11,15.9753,0.0460,49.0142,5.2948,1241.8009,66.6935,84.4245,2.5439,117.5975,12.6002
2033-02-12,17.1854,0.0000,49.8952,4.0185,1244.5983,67.9950,86.1030,3.0083,119.6484,14.4840
2033-02-13,18.8600,0.0136,49.9096,2.9220,1247.6971,69.4152,86.8630,3.1696,121.8787,15.2029
2033-02-14,22.8524,0.0245,38.5649,7.5602,1251.5145,71.5055,89.3297,5.7001,125.1367,23.6213
2033-02-15,24.2937,0.3076,35.8818,7.9088,1255.5914,73.8184,90.4599,6.8208,128.7179,27.0548
2033-02-16,18.9784,0.1391,56.8041,5.4374,1258.7115,75.0504,88.3895,4.4752,130.6289,20.2152
2033-02-17,18.8835,0.0222,54.0500,7.9441,1261.8145,76.3547,88.1542,4.9093,132.6432,21.7308
2033-02-18,15.2858,3.9266,69.9192,16.9723,1181.6369,54.4906,63.6677,1.1721,97.7159,5.7646
2033-02-19,15.5296,0.0971,49.1397,7.3314,1184.1362,55.6921,78.5550,1.4303,99.6655,7.0456
2033-02-20,17.8298,0.0000,43.2929,4.4577,1187.0496,57.2169,85.1858,2.7064,102.1272,12.3030
2033-02-21,18.9295,0.0000,45.7493,7.0275,1190.1609,58.7604,87.2245,4.1039,104.6090,17.1727
2033-02-22,22.3105,0.0000,37.3982,6.0520,1193.8808,60.8422,89.4611,5.3835,107.9333,21.2624
2033-02-23,17.5426,0.5436,52.1014,9.6182,1196.7424,62.1107,88.2190,5.3912,109.9548,21.4704
2033-02-24,16.9556,0.0616,49.6360,7.1320,1199.4985,63.4024,88.2678,4.7898,112.0042,19.8868
2033-02-25,16.6735,0.3114,65.6474,8.1097,1202.2037,64.2697,86.3722,3.8401,113.3855,16.9990
2033-02-26,18.2528,0.0331,49.2893,5.9972,1205.1932,65.6638,86.9888,3.7677,115.5839,16.9104
2033-02-27,20.6801,0.0003,46.6241,11.2318,1208.6196,67.3152,87.8665,5.5598,118.1756,22.6664
2033-02-28,20.9265,0.0670,48.5790,7.5331,1212.0904,68.9241,87.9152,4.6467,120.6908,20.1145
2033-03-01,22.9763,0.0003,42.1225,10.7821,1215.9301,71.2994,89.0466,6.4379,124.3672,25.6548
2033-03-02,22.5312,0.0000,40.7978,9.2816,1219.6897,73.6841,89.3867,6.2677,128.0316,25.4675
2033-03-03,23.4464,0.0000,38.9249,6.5285,1223.6141,76.2396,89.8558,5.8355,131.9290,24.5036
2033-03-04,23.5258,0.0049,39.7635,6.5739,1227.5527,78.7682,89.9051,5.8903,135.7584,24.9183
2033-03-05,17.3766,0.2721,48.0121,10.8680,1230.3845,80.4056,89.1396,6.5527,138.2281,26.9926
2033-03-06,12.4876,9.4053,67.6672,20.2233,1020.7703,43.6471,53.1201,0.6448,78.8639,2.4453
2033-03-07,13.5926,0.0056,44.4621,11.9903,1022.9209,45.0381,75.2957,1.4251,81.1444,6.1025
2033-03-08,15.8026,0.0112,50.0579,6.4069,1025.4694,46.4770,82.7695,2.1656,83.4937,9.0736
2033-03-09,17.6213,0.0063,51.4309,5.2596,1028.3452,48.0270,85.4664,2.9297,86.0114,11.8739
2033-03-10,17.5497,0.0000,39.5953,7.1708,1031.2082,49.9473,87.9476,4.5839,89.1049,17.1306
2033-03-11,19.9673,0.0001,34.5355,6.6972,1034.5063,52.2982,89.7074,5.7614,92.8603,20.7070
2033-03-12,17.8051,0.0016,39.6084,9.6890,1037.4152,54.2443,89.7567,6.7463,95.9466,23.5600
2033-03-13,19.9977,0.0000,30.0564,6.5173,1040.7188,56.7597,90.8359,6.7098,99.8985,23.9453
2033-03-14,19.9983,0.0044,42.0271,7.9170,1044.0225,58.8447,90.4838,6.8470,103.1541,24.6671
2033-03-15,21.1841,0.0120,45.5190,7.0151,1047.5396,60.9142,90.0727,6.1691,106.3655,23.2629
2033-03-16,22.0868,0.0030,42.2572,7.5436,1051.2193,63.1964,90.1221,6.3806,109.8788,24.1827
2033-03-17,25.7467,0.0000,32.7047,6.4733,1055.5577,66.2760,91.3353,7.1883,114.5684,26.7621
2033-03-18,27.0708,0.0005,26.5048,6.4969,1060.1344,69.8053,92.8391,8.9004,119.8771,31.5319
2033-03-19,22.4762,0.0000,36.0624,10.2721,1063.8841,72.3748,92.1091,9.7138,123.7100,33.8390
2033-03-20,22.5155,0.0142,28.4782,5.8373,1067.6409,75.2539,92.1591,7.8236,127.9594,29.6442
2033-03-21,23.7230,0.0000,25.5348,7.2911,1071.6151,78.4048,92.6342,9.0010,132.5622,32.9871
2033-03-22,22.9394,0.1646,32.0863,11.5868,1075.4481,81.1877,92.6753,11.2410,136.5957,38.5667
2033-03-23,17.3793,0.1817,40.5694,12.2055,1078.2804,83.0598,90.8865,9.0017,139.2949,33.5377
2033-03-24,19.8419,0.0000,34.6229,5.5959,1081.5560,85.3936,90.9362,6.4976,142.6333,27.1121
2033-03-25,24.2965,0.0002,26.4064,5.5623,1085.6333,88.5795,92.3407,7.9161,147.1443,31.2992
2033-03-26,28.6931,0.0002,20.0417,10.4780,1090.5021,92.6402,94.5527,13.8037,152.8237,45.4575
2033-03-27,22.2711,0.0124,36.0637,11.6519,1094.2149,95.1873,92.4987,11.0014,156.3680,39.5287
2033-03-28,21.8215,0.0147,41.2216,10.5775,1097.8468,97.4839,91.2062,8.6791,159.5496,34.0081
2033-03-29,17.2607,1.6695,61.9232,14.9660,1100.6577,91.6457,78.6761,2.1245,151.7110,12.1122
2033-03-30,16.8087,0.0075,35.0012,11.1482,1103.3872,93.6299,86.8822,4.8108,154.4867,22.5096
2033-03-31,20.4801,0.0000,27.2469,7.3154,1106.7777,96.3062,90.7903,6.9398,158.1983,29.2088
2033-04-01,22.5071,0.0000,24.5674,7.0544,1111.7829,100.6233,92.3913,8.5954,164.1133,34.0147
2033-04-02,22.7769,0.0690,29.5422,7.8847,1116.8368,104.7017,92.4415,9.0262,169.6438,35.3855
2033-04-03,19.6642,0.0664,31.3365,14.4870,1121.3303,108.1582,92.3249,12.3838,174.2887,43.6726
2033-04-04,18.7393,0.0011,31.3788,7.6199,1125.6574,111.4586,92.1938,8.6009,178.6853,34.6236
2033-04-05,20.3233,0.0540,26.9008,9.8257,1130.2696,115.2552,92.2439,9.6802,183.6841,37.5982
2033-04-06,16.6174,1.1887,40.6669,16.0249,1134.2147,117.8037,85.3704,4.9731,187.0406,24.0402
2033-04-07,17.6835,0.0000,20.3279,12.6152,1138.3518,121.4318,91.4124,9.9037,191.7318,38.4148
2033-04-08,19.1293,0.0000,19.8092,10.6240,1142.7490,125.3645,92.9460,11.1233,196.7643,41.5596
2033-04-09,22.3490,0.0000,23.4320,6.0288,1147.7259,129.7172,92.9963,8.8865,202.2798,36.0424
2033-04-10,25.2468,0.0002,23.9067,7.4608,1153.2243,134.5775,93.2910,9.9534,208.3660,38.9451
2033-04-11,25.8306,0.0442,25.2787,14.6343,1158.8278,139.4560,93.3414,14.3885,214.4065,49.4127
2033-04-12,26.6080,0.1011,25.7163,19.2933,1164.5712,144.4458,93.3919,18.3244,220.5139,57.5591
2033-04-13,23.2294,3.0946,38.8230,9.5499,1125.2771,97.0794,79.8565,1.8129,159.7122,10.8236
2033-04-14,20.3546,2.0742,56.0612,8.0285,1129.8950,85.2600,74.9782,1.1465,143.4574,7.0077
2033-04-15,24.7319,0.0077,37.8752,7.4108,1135.3007,89.1506,87.4702,4.3333,149.0420,20.6713
2033-04-16,22.5105,0.1504,52.8724,11.9862,1140.3066,91.8482,87.5187,5.4949,152.9060,24.6467
2033-04-17,26.0853,0.0429,37.5888,6.5401,1145.9559,95.9614,90.1417,6.0830,158.6994,26.7126
2033-04-18,28.7707,0.1284,24.8334,6.7246,1152.0887,101.4047,93.3018,9.6054,166.2310,36.7026
2033-04-19,27.8781,2.2223,33.4540,7.6079,1158.0607,88.5192,86.1502,3.6288,148.6351,18.1482
2033-04-20,25.8090,1.3262,45.1256,10.5644,1163.6604,92.0989,85.4539,3.8209,153.7719,19.0435
2033-04-21,18.8022,2.0249,63.6178,12.4260,1167.9987,81.7256,75.0401,1.4359,139.1161,8.4584
2033-04-22,22.6637,3.5318,48.3190,10.1747,1116.5741,62.2504,73.1147,1.1680,109.2708,6.1821
2033-04-23,18.2316,4.0366,61.2546,14.3714,1059.0619,45.7284,64.9840,1.0873,82.5463,4.7242
2033-04-24,16.6481,12.1030,78.8234,12.3274,872.5615,22.7439,40.9205,0.0768,42.7049,0.1156
2033-04-25,22.0236,0.9649,53.6571,9.9738,877.4797,25.3418,71.4002,1.0832,47.2707,2.9735
2033-04-26,21.5068,0.1040,43.4614,6.7186,882.3049,28.4405,84.4076,2.7269,52.6390,8.2782
2033-04-27,22.6689,0.1982,34.4592,7.0441,887.3393,32.2172,89.4480,5.6488,59.0724,15.9788
2033-04-28,20.5556,4.4573,58.0057,9.0736,850.2839,23.7730,67.5500,0.9136,44.4398,2.2218
2033-04-29,23.7555,1.0118,39.9313,6.4796,855.5139,27.3926,82.5553,2.1157,50.7248,6.4206
2033-04-30,21.4518,5.3086,53.3916,15.8749,811.0813,19.5780,70.0931,1.3963,36.9277,3.2848
2033-05-01,21.6588,1.4238,44.1738,12.2382,817.3839,22.9229,80.7005,2.2715,42.8422,6.1324
2033-05-02,22.1418,0.0024,31.2269,9.1204,823.7734,27.1310,89.2643,6.1087,50.1341,15.5059
2033-05-03,23.5350,0.0000,23.6721,6.9190,830.4137,32.0813,92.4613,8.6215,58.5115,21.6859
2033-05-04,26.3523,0.0000,18.6627,6.3002,837.5611,37.9598,94.4242,10.9870,68.1930,27.7716
2033-05-05,28.3187,0.0000,17.7951,5.3757,845.0625,44.3265,95.1522,11.5895,78.3753,30.8695
2033-05-06,31.1079,0.0000,17.4109,6.6326,853.0659,51.3294,95.7276,13.3543,89.2355,36.1481
2033-05-07,32.8981,0.0000,18.7823,5.7633,861.3916,58.5988,95.7788,12.8711,100.1629,37.2566
2033-05-08,33.8434,0.0000,17.9161,7.7466,869.8874,66.1501,96.0831,14.8225,111.1662,42.7133
2033-05-09,33.4652,0.0000,17.0807,7.2755,878.3151,73.6956,96.2228,14.7505,121.8347,44.1436
2033-05-10,33.9033,0.0001,17.6820,6.1655,886.8217,81.2814,96.2742,14.0452,132.2576,44.0451
2033-05-11,33.2625,0.0000,21.8980,9.7138,895.2130,88.3468,96.3257,16.9119,141.7268,50.6076
2033-05-12,34.1828,0.0000,19.1022,6.2698,903.7699,95.8612,96.3771,14.3164,151.5389,46.4198
2033-05-13,34.9081,0.0000,16.6284,7.0682,912.4573,103.7646,96.5522,15.2594,161.5894,49.0787
2033-05-14,34.1601,0.0000,17.9444,6.0354,921.0102,111.3817,96.6037,14.5862,171.0491,48.2751
2033-05-15,35.4914,0.0000,17.1794,5.4889,929.8026,119.3600,96.6553,14.2886,180.7214,48.1275
2033-05-16,33.0494,0.0000,22.3648,12.4582,938.1555,126.3397,96.4285,19.6908,189.0364,59.1378
2033-05-17,33.9562,0.0000,19.5265,9.9199,946.6716,133.7667,96.4799,17.4471,197.6962,55.2244
2033-05-18,32.7303,0.0002,20.1462,9.6337,954.9671,140.8788,96.5314,17.3169,205.8419,55.2264
2033-05-19,30.2257,0.0003,30.3676,13.2360,962.8117,146.6213,94.6676,16.1147,212.3852,52.9872
2033-05-20,24.1781,0.0000,29.6384,16.8941,969.5678,151.3038,93.6696,16.8782,217.6826,54.6540
2033-05-21,24.4075,0.0009,19.3002,14.1507,976.3651,156.7230,94.1973,15.8152,223.6836,52.6112
2033-05-22,28.1314,0.0001,13.8355,9.1789,983.8328,163.3539,95.9921,15.7369,230.8733,52.5723
2033-05-23,28.8411,0.0000,16.3830,8.9764,991.4282,169.9450,96.0435,15.6857,237.9289,52.5689
2033-05-24,28.2478,0.0000,16.9954,9.1259,998.9168,176.3582,96.0948,15.9144,244.7085,53.1297
2033-05-25,27.5032,0.8119,25.0604,8.5910,1006.2714,182.0013,92.7430,9.7583,250.6616,38.9976
2033-05-26,29.1124,0.0109,28.0611,7.2093,1013.9156,187.7233,93.0515,9.5043,256.6512,38.3780
2033-05-27,31.5677,0.0000,24.0911,7.6623,1022.0018,194.2517,94.2431,11.4770,263.3609,43.3884
2033-05-28,31.1883,0.0000,23.5698,11.0871,1030.0197,200.7486,94.3935,13.9251,269.9604,49.0863
2033-05-29,30.2822,0.0000,25.9806,12.0189,1037.8745,206.8639,94.4443,14.6971,276.1338,50.8106
2033-05-30,31.1200,0.0000,24.2012,9.3756,1045.8801,213.2935,94.4951,12.9547,282.5375,46.9672
2033-05-31,33.3112,0.0000,19.6559,8.1075,1054.2801,220.5721,95.5492,14.0401,289.6472,49.4384
2033-06-01,34.3813,0.0885,20.6136,8.1548,1063.8727,227.9876,95.6004,14.1719,296.9073,49.7555
2033-06-02,34.4652,1.1737,25.9098,8.3932,1073.4804,234.9248,93.3064,10.4546,303.6950,41.0272
2033-06-03,28.5679,1.3454,47.8889,11.4261,1082.0267,238.9949,86.8435,4.8518,307.9449,24.5310
2033-06-04,24.4212,1.8674,58.8806,10.9949,1089.8265,151.5380,79.8055,1.9397,224.8973,12.2014
2033-06-05,24.7155,0.5656,55.7196,11.0902,1097.6793,154.5474,85.3803,3.8836,228.6227,20.6711
2033-06-06,23.9612,0.7527,54.3154,11.9469,1105.3963,157.5616,85.7095,4.2450,232.3324,22.0599
2033-06-07,22.7665,4.5683,55.4261,10.9051,1041.0517,87.3800,70.4376,1.0992,144.4493,6.7600
2033-06-08,23.0033,3.3473,51.3713,10.9028,1010.4004,67.0384,72.5331,1.1834,115.0013,6.4554
2033-06-09,24.7444,0.1493,38.3963,11.6467,1018.2584,71.2298,87.3518,5.2744,121.2545,22.0733
2033-06-10,23.2397,3.7150,49.9444,11.6923,982.7355,54.6260,75.1371,1.3913,95.9223,6.6989
2033-06-11,25.6271,0.0649,42.0598,10.7344,990.7524,58.7029,87.3400,5.0290,102.2585,19.7170
2033-06-12,26.2184,6.2668,54.6546,13.4488,915.9672,38.7359,72.6974,1.3542,70.0644,5.2259
2033-06-13,23.1329,6.1547,71.7999,11.2923,855.1252,25.0265,58.8054,0.6683,46.6404,1.3210
2033-06-14,27.5055,4.2079,54.5447,6.5419,827.9970,20.3843,69.1682,0.8471,38.4049,1.6514
2033-06-15,31.7096,1.1543,40.7984,7.6399,837.1087,25.4979,86.5916,3.8684,47.3874,10.4594
2033-06-16,31.3784,2.8184,43.1780,7.7006,829.4498,24.9954,83.6769,2.5989,46.4885,7.3304
2033-06-17,33.3987,0.3469,38.1866,6.8981,838.8656,30.6095,91.0010,7.0027,56.1013,18.2433
2033-06-18,34.3265,0.4219,31.1214,9.2559,848.4483,37.0335,93.1912,10.7449,66.7800,27.0643
2033-06-19,34.5557,0.0001,24.9107,9.3136,858.0724,44.0821,94.5954,13.0939,78.1298,33.4429
2033-06-20,32.9827,0.0000,21.8523,11.2190,867.4132,51.0942,95.0537,15.3493,89.0716,39.5497
2033-06-21,31.2153,0.0000,22.1401,12.0870,876.4360,57.7181,95.1047,16.1479,99.1176,42.9389
2033-06-22,31.9213,0.0000,16.5428,9.4927,885.5858,64.9734,96.0415,16.0949,109.8062,44.7904
2033-06-23,34.6607,0.0000,15.7254,6.1281,895.2287,72.9075,96.6833,14.8118,121.1490,44.1671
2033-06-24,36.3168,0.0000,20.1013,10.4885,905.1698,80.7779,96.7348,18.5797,132.0870,52.5103
2033-06-25,36.7332,0.0000,18.8533,12.2105,915.1858,88.8603,96.7864,20.4045,143.0073,57.0041
2033-06-26,38.6003,0.0000,13.9504,11.1754,925.5378,97.8540,97.6895,21.8443,154.7935,60.6746
2033-06-27,39.2953,0.0000,15.0823,10.3895,936.0150,106.8847,97.7413,21.1409,166.2957,60.4220
2033-06-28,41.1283,0.0539,17.8831,10.3392,946.8221,116.0139,97.7933,21.2329,177.6188,61.3278
2033-06-29,41.4641,0.0000,15.8890,10.6908,957.6896,125.4391,97.8452,21.7614,188.9923,62.8531
2033-06-30,43.4885,0.0000,11.7413,7.7896,968.9215,135.7995,98.8479,21.4498,201.1266,62.8011
2033-07-01,44.2292,0.0000,10.6263,5.6648,980.5868,145.3141,99.1586,20.0683,212.0635,60.6427
2033-07-02,44.5491,0.0000,9.1861,8.0180,992.3096,155.0502,99.4359,23.4234,222.9928,66.8898
2033-07-03,42.7968,0.0000,9.5403,7.7836,1003.7171,164.3761,99.4884,23.3062,233.2538,66.9009
2033-07-04,39.8054,0.0000,15.1782,10.3873,1014.5860,172.5248,99.0275,25.0291,242.1212,69.9834
2033-07-05,37.5788,0.0000,24.5469,11.8776,1025.0542,179.3789,97.0296,20.7287,249.5730,62.5579
2033-07-06,35.8097,0.0000,28.8927,12.2935,1035.2040,185.5428,95.7362,17.7834,256.2600,57.0311
2033-07-07,35.9160,0.0000,27.2493,9.8198,1045.3728,191.8674,95.7875,15.8089,263.0394,53.0851
2033-07-08,38.2698,0.0000,19.9809,8.8242,1055.9654,199.2661,96.3511,16.2260,270.7856,54.0054
2033-07-09,38.7945,0.0000,19.3332,10.6407,1066.6524,206.8242,96.5915,18.3660,278.5979,58.3422
2033-07-10,37.3926,0.0000,20.9157,11.6246,1077.0871,213.9736,96.6431,19.4335,285.9369,60.4351
2033-07-11,36.5766,0.0000,21.4312,10.4858,1087.3749,220.9258,96.6946,18.4771,293.0179,58.6305
2033-07-12,37.3813,0.0000,21.7130,9.3588,1097.8075,228.0010,96.7462,17.5782,300.1556,56.8890
2033-07-13,39.0867,0.0000,20.5830,7.4618,1108.5471,235.4965,96.7978,16.0866,307.6188,53.8798
2033-07-14,40.2514,0.0000,20.1827,7.4781,1119.4964,243.2480,96.8494,16.2115,315.2497,54.1583
2033-07-15,41.6823,0.1091,18.3522,9.9796,1130.7032,251.4517,97.2731,19.4602,323.2104,60.6140
2033-07-16,41.0573,0.2532,16.6410,9.5957,1141.7975,259.7050,97.5305,19.7519,331.1229,61.1824
2033-07-17,41.4338,0.0648,15.7179,11.0905,1152.9596,268.1242,97.7813,22.0173,339.1010,65.3633
2033-07-18,40.1034,0.0081,18.6939,11.0785,1163.8822,275.9921,97.8333,22.1558,346.5438,65.6224
2033-07-19,38.2098,0.2600,23.1976,10.8079,1174.4639,283.0826,97.2007,20.0945,353.2840,61.8587
2033-07-20,36.4669,0.0054,31.3177,11.1840,1184.7320,289.1423,95.4257,16.1210,359.1511,54.0363
2033-07-21,37.1512,0.0000,29.1990,9.6920,1195.1232,295.5027,95.4769,15.0580,365.2369,51.7981
2033-07-22,39.3385,0.0000,24.1548,8.2479,1205.9081,302.7059,95.6579,14.3502,371.9780,50.2679
2033-07-23,40.7089,0.0000,17.3946,8.5763,1216.9397,310.8170,97.2771,18.1413,379.3871,58.1322
2033-07-24,40.4715,0.0000,17.7514,10.1371,1227.9286,318.8472,97.3289,19.7614,386.6791,61.2578
2033-07-25,39.9177,0.0000,21.3407,9.3923,1238.8178,326.4247,97.3807,19.1652,393.5809,60.1267
2033-07-26,40.8531,0.0000,20.8254,8.6148,1249.8753,334.2257,97.4325,18.5561,400.6258,58.9534
2033-07-27,42.3209,0.0000,15.0337,12.4078,1261.1971,342.8902,98.0531,24.3886,408.2775,69.5718
2033-07-28,42.1242,0.0000,14.5197,11.6500,1272.4835,351.5677,98.1344,23.7278,415.8813,68.4371
2033-07-29,41.5709,0.0000,16.6380,8.9230,1283.6702,359.9219,98.1864,20.8237,423.1979,63.2525
2033-07-30,39.3457,0.0000,21.1991,11.3320,1294.4565,367.4071,97.7539,22.2060,429.8220,65.7628
2033-07-31,33.6673,0.0000,26.6079,15.0705,1304.2206,373.3998,95.9306,21.0008,435.2606,63.5807
2033-08-01,33.7894,0.0000,31.1334,13.4876,1313.3067,378.3601,94.9073,16.8665,439.8914,55.6011
2033-08-02,35.9703,0.0000,28.4650,10.9952,1322.7853,383.8347,94.9583,14.9802,444.9151,51.6573
2033-08-03,38.6360,0.0000,22.2460,7.8629,1332.7438,390.2131,95.9098,14.5639,450.5995,50.7570
2033-08-04,40.9637,0.0000,16.5764,7.8673,1343.1212,397.4575,97.4895,18.0061,456.8997,57.8868
2033-08-05,40.3261,0.0000,15.6903,9.3517,1353.3839,404.6679,97.6150,19.7306,463.1362,61.2180
2033-08-06,39.9331,0.0000,14.9757,8.8106,1363.5759,411.8704,97.7033,19.4259,469.3334,60.6404
2033-08-07,40.1700,0.0000,15.2225,8.5822,1373.8105,419.0935,97.7552,19.3361,475.5272,60.4696
2033-08-08,38.0374,0.0000,17.1431,10.7571,1383.6612,425.7881,97.8071,21.7245,481.3030,64.9037
2033-08-09,37.5088,0.0000,19.8510,10.1650,1393.4168,432.1765,97.6660,20.6955,486.8525,63.0234
2033-08-10,37.0972,0.0000,22.5646,11.0986,1403.0983,438.2828,97.1283,20.1953,492.1983,62.0937
2033-08-11,35.3572,0.0000,25.1141,11.7844,1412.4666,443.9190,96.3588,18.8558,497.1888,59.5484
2033-08-12,35.4978,0.0000,26.6044,10.1982,1421.8602,449.4644,96.0098,16.6059,502.1176,55.0735
2033-08-13,37.1740,0.0000,24.0388,7.0452,1431.5555,455.4665,96.0611,14.2652,507.3691,50.1064
2033-08-14,39.2327,0.0000,17.9368,7.3013,1441.6214,462.2995,96.9365,16.2562,513.1813,54.3533
2033-08-15,39.3661,0.0000,19.3344,7.3427,1451.7113,469.0383,96.9882,16.4030,518.9242,54.6568
2033-08-16,37.8003,0.0000,23.6105,11.9345,1461.5193,475.1730,96.9451,20.5548,524.2402,62.7642
2033-08-17,34.7340,0.0000,25.1645,14.6392,1470.7755,480.7092,96.2194,21.3674,529.0945,64.2577
2033-08-18,35.0594,0.0000,28.0810,8.4134,1480.0902,486.0779,95.6850,14.5238,533.8502,50.6733
2033-08-19,38.6403,0.0000,20.6848,5.5047,1490.0494,492.5851,96.2566,13.5531,539.3885,48.5221
2033-08-20,37.5617,0.1158,25.7748,9.3738,1499.8145,498.5094,96.3081,16.5852,544.5358,55.0319
2033-08-21,35.9646,0.0000,32.2514,11.5021,1509.2921,503.6935,95.0824,15.6311,549.1880,53.0480
2033-08-22,36.2041,0.0000,28.3620,9.4581,1518.8129,509.2105,95.1335,14.2001,554.0401,49.9637
2033-08-23,39.5251,0.0000,20.3566,5.2530,1528.9314,515.8901,96.4434,13.7234,559.6713,48.9047
2033-08-24,41.3583,0.0000,19.3946,6.0980,1539.3799,522.9554,96.9939,15.4177,565.5726,52.5966
2033-08-25,41.9391,0.0000,17.2841,7.0576,1549.9329,530.3049,97.5316,17.3831,571.6441,56.6509
2033-08-26,41.0387,0.0000,13.2043,7.7336,1560.3239,537.8556,98.2153,19.6869,577.7898,61.1389
2033-08-27,40.5137,0.0000,12.4521,6.9558,1570.6203,545.3768,98.3047,19.1544,583.8867,60.1245
2033-08-28,38.8344,0.0000,17.9904,9.2648,1580.6145,552.1379,98.2349,21.3209,589.4828,64.1737
2033-08-29,37.4039,0.0000,24.5989,8.0645,1590.3512,558.1316,96.9385,16.8981,594.5883,55.6712
2033-08-30,37.7559,0.0167,25.4790,7.8831,1600.1513,564.1094,96.6235,16.0522,599.6897,53.9306
2033-08-31,38.0585,0.0000,24.0130,8.5076,1610.0058,570.2523,96.6751,16.6804,604.8876,55.2272
2033-09-01,36.3752,0.0000,19.0760,8.8259,1618.2574,575.6515,96.7267,17.0677,609.3782,56.0154
2033-09-02,36.4862,0.0000,14.6687,8.4362,1626.5289,581.3616,97.2197,17.8763,614.0403,57.6342
2033-09-03,36.2391,0.0000,15.6206,7.5117,1634.7559,586.9709,97.2714,17.1806,618.6315,56.2435
2033-09-04,37.6141,0.0000,14.7400,6.1868,1643.2304,592.8474,97.3941,16.3357,623.4087,54.5188
2033-09-05,35.9705,0.1651,25.2816,7.0108,1651.4091,597.7787,96.5023,15.1135,627.6049,51.9485
2033-09-06,37.0332,0.0000,25.7728,6.0988,1659.7791,602.8181,96.4029,14.2429,631.8916,50.0583
2033-09-07,38.4971,0.0000,16.7731,5.9455,1668.4126,608.6853,97.0701,15.4561,636.6760,52.6785
2033-09-08,38.5578,0.0000,15.7277,7.8019,1677.0570,614.6354,97.3239,17.5560,641.5011,56.9972
2033-09-09,36.5605,0.0000,23.7698,9.6912,1685.3419,619.7466,96.8002,18.0050,645.7985,57.8889
2033-09-10,37.1115,0.0000,16.9297,8.9604,1693.7260,625.3979,96.8518,17.4744,650.4027,56.8341
2033-09-11,37.1960,0.0000,15.0905,7.8107,1702.1252,631.1870,97.2419,17.3729,655.0786,56.6307
2033-09-12,30.4821,0.0000,28.1344,16.4789,1709.3160,635.2279,95.1656,20.3164,658.5855,62.3219
2033-09-13,27.4990,0.0000,24.5883,11.8794,1715.9698,639.0676,95.0214,15.7986,661.8831,53.4007
2033-09-14,28.0401,0.0033,20.5718,10.9158,1722.7210,643.1883,95.0724,15.1553,665.3477,52.0380
2033-09-15,26.0153,0.7510,38.3257,13.7328,1729.1078,646.1656,90.2184,8.8367,668.1314,36.8792
2033-09-16,29.1415,0.0606,22.3049,6.7940,1736.0573,650.3488,93.8845,10.4535,671.6636,41.1305
2033-09-17,28.8856,0.1625,31.1984,9.0880,1742.9607,654.0218,93.8870,11.7385,674.9136,44.3020
2033-09-18,27.3477,4.9032,47.1938,8.3742,1457.5224,105.4200,76.3781,1.2708,178.5538,8.2534
2033-09-19,27.5103,4.5915,51.5864,10.5003,1307.8659,69.1816,74.6843,1.2783,122.2030,7.1710
2033-09-20,29.1418,0.8733,43.8588,11.2700,1314.8154,72.2044,86.9432,4.8826,126.9762,21.2859
2033-09-21,25.0600,7.8042,79.4703,10.2136,1112.1151,41.5069,54.7127,0.4548,75.9292,1.2014
2033-09-22,24.5233,0.1588,66.9266,11.1689,1118.2333,43.0157,76.3989,1.4651,78.4837,6.1237
2033-09-23,24.9363,0.0409,59.8066,8.1211,1124.4259,44.8788,84.0620,2.7938,81.6140,11.0682
2033-09-24,27.9446,0.0014,45.0985,4.3750,1131.1599,47.7178,88.5533,4.3429,86.3309,16.1647
2033-09-25,29.2089,0.0026,39.5394,6.7061,1138.1215,50.9803,90.5162,6.4716,91.6925,22.3545
2033-09-26,30.3209,0.0000,32.1437,5.6011,1145.2832,54.7762,92.2243,7.8025,97.8522,26.3295
2033-09-27,27.0209,0.0002,36.7370,12.1217,1151.8510,57.9435,92.2744,10.9144,102.9409,33.8418
2033-09-28,22.9728,0.0727,39.7152,14.0998,1157.6901,60.5272,91.4740,10.7668,107.0608,34.1321
2033-09-29,25.6556,0.0000,26.9279,8.5667,1164.0121,64.0079,92.5714,9.5141,112.5441,32.1231
2033-09-30,27.3780,0.0000,29.8069,13.3284,1170.6442,67.5668,92.6216,12.1799,118.0934,38.5590
2033-10-01,29.6979,0.0000,34.3063,12.4845,1176.6938,70.6324,92.6718,11.7555,122.8320,38.2555
2033-10-02,30.7351,0.0000,39.6044,10.4045,1182.9301,73.5457,92.6249,10.5161,127.3043,36.0409
2033-10-03,27.0929,1.6519,60.3947,9.8837,1188.5108,71.2271,82.3577,2.4506,123.8921,12.5349
2033-10-04,29.9578,0.8252,48.1549,9.5648,1194.6072,73.6668,87.3898,4.7750,127.6539,20.9927
2033-10-05,28.2209,0.1371,40.2397,8.0846,1200.3910,76.3218,90.0902,6.5270,131.7083,26.4694
2033-10-06,28.9790,0.0740,28.1292,4.7181,1206.3112,79.5974,92.6574,7.9323,136.6525,30.6243
2033-10-07,28.1384,0.2117,26.9247,5.8513,1212.0801,82.8348,93.1011,8.9376,141.4948,33.5439
2033-10-08,27.3306,0.0000,28.9373,7.3826,1217.7036,85.8960,93.1514,9.7228,146.0384,35.8020
2033-10-09,24.3037,1.3014,49.6846,12.8660,1222.7823,87.8327,85.4713,4.3011,148.9226,20.5554
2033-10-10,20.9820,3.6266,57.7709,15.5445,1160.3541,63.8991,72.2918,1.4815,112.3332,7.8185
2033-10-11,21.1537,0.1544,50.1816,4.7974,1164.8658,65.5790,83.0046,2.0575,114.9758,10.4912
2033-10-12,24.3528,0.0176,37.0981,8.2896,1169.9533,68.0048,89.1488,5.7619,118.7530,23.2942
2033-10-13,25.2976,0.0010,33.6821,6.6642,1175.2109,70.6574,90.9391,6.8598,122.8495,26.6756
2033-10-14,23.7395,0.0023,38.5594,7.9257,1180.1880,72.9698,90.9888,7.3620,126.4015,28.3126
2033-10-15,26.0057,0.0000,31.5944,5.8170,1185.5730,75.7793,91.6995,7.3236,130.6771,28.5629
2033-10-16,28.1931,0.0000,28.8919,5.8869,1191.3518,78.9354,92.6207,8.3702,135.4367,31.6555
2033-10-17,29.3500,0.0000,32.7882,7.3725,1197.3388,82.0364,92.6709,9.0848,140.0788,33.8031
2033-10-18,28.1814,0.0220,40.0761,7.8013,1203.1154,84.6951,92.2025,8.6906,144.0403,33.1047
2033-10-19,19.6571,4.1840,53.9674,16.9356,1128.0026,59.1665,72.2426,1.5861,104.6147,7.9682
2033-10-20,20.1160,0.8850,49.4222,7.6967,1132.3275,60.7924,81.0220,1.8731,107.1968,9.3362
2033-10-21,25.2464,0.0081,39.8450,8.6836,1137.5758,63.1938,88.5414,5.3867,110.9755,21.5495
2033-10-22,28.3883,0.0000,34.2787,7.9233,1143.3897,66.1302,91.2973,7.6915,115.5525,28.1362
2033-10-23,26.8740,0.0000,41.2700,7.3168,1148.9311,68.6196,91.3470,7.5130,119.4099,28.0698
2033-10-24,28.4571,0.0000,32.0478,7.6679,1154.7574,71.6628,92.0580,8.4579,124.0757,30.8843
2033-10-25,26.0079,0.0621,44.6400,10.2929,1160.1428,73.9367,91.1058,8.4340,127.5511,31.1487
2033-10-26,22.0809,0.0512,54.2476,6.9489,1164.8213,75.5437,89.1365,5.3760,130.0083,23.0050
2033-10-27,23.4414,0.1425,45.4863,4.7525,1169.7448,77.5708,89.1856,4.8468,133.0789,21.5591
2033-10-28,21.8481,0.0050,49.3148,8.7038,1174.3814,79.3331,89.2347,5.9564,135.7418,25.1118
2033-10-29,20.9540,0.0001,42.6989,6.7257,1178.8572,81.2479,89.2838,5.4295,138.6126,23.7066
2033-10-30,21.1476,0.0011,40.4588,5.3426,1183.3677,83.2550,89.3329,5.0998,141.6039,22.8450
2033-10-31,21.1896,0.0305,45.0366,5.4872,1187.8859,85.1113,89.3820,5.1734,144.3637,23.2225
2033-11-01,21.0663,0.0725,49.4723,3.1846,1191.3818,86.5962,89.2695,4.5329,146.5604,21.2403
2033-11-02,24.2577,0.0000,35.1483,9.1471,1195.4522,88.7765,90.5761,7.3816,149.7510,30.0104
2033-11-03,24.1777,0.0000,39.8075,10.1880,1199.5082,90.7937,90.6257,7.8344,152.6932,31.4071
2033-11-04,23.1687,0.0781,45.8578,11.9244,1203.3825,92.5358,90.2819,8.1408,155.2300,32.3655
2033-11-05,22.4174,0.1643,49.3950,7.4766,1207.1217,94.1136,89.6472,5.9407,157.5238,26.2296
2033-11-06,19.7284,5.3859,68.6262,10.1202,1098.7138,58.9863,60.9931,0.7236,104.0123,3.6366
2033-11-07,18.3525,16.8898,81.2198,12.0783,828.8361,26.2718,37.6507,0.0399,48.6856,0.0659
2033-11-08,19.1651,4.9840,76.4556,8.8070,789.5127,17.3480,43.6396,0.1032,32.8894,0.1296
2033-11-09,18.9647,0.1457,66.7308,4.2736,792.6304,18.2330,65.0158,0.6545,34.4830,0.8494
2033-11-10,21.2934,0.0132,54.0939,7.9884,796.1672,19.5960,80.6333,1.8201,36.9202,4.4254
2033-11-11,21.1764,0.0811,59.2945,6.0139,799.6830,20.7982,84.3647,2.6166,39.0569,6.5931
2033-11-12,19.7023,1.4866,70.7296,5.9020,802.9334,21.6054,75.3499,1.0519,40.4873,2.4773
2033-11-13,22.3102,3.2104,57.2659,8.6026,786.7234,17.3858,70.3271,0.9753,32.9511,1.7642
2033-11-14,22.4134,0.4152,50.5200,13.4944,790.4618,18.9282,84.0298,3.6468,35.7182,8.4119
2033-11-15,21.6153,1.1996,59.8681,10.7198,794.0565,20.1369,81.2961,2.2508,37.8726,5.5942
2033-11-16,20.6995,3.6435,67.6971,5.8086,773.1073,15.1073,63.1662,0.6525,28.8074,0.7498
2033-11-17,20.0811,0.1755,61.8974,3.8779,776.4259,16.1773,76.5983,1.0286,30.7528,1.7848
2033-11-18,19.5783,1.6747,72.0939,5.3395,779.6540,15.8076,70.5998,0.8348,30.0899,0.9877
2033-11-19,18.8591,0.4055,65.8219,7.8285,782.7527,16.7120,79.4351,1.5933,31.7303,3.3971
2033-11-20,17.2601,1.0127,69.2993,6.2274,785.5635,17.4593,77.2597,1.2151,33.0805,2.4945
2033-11-21,18.7564,0.0014,62.0022,3.4746,788.6436,18.4596,82.0404,1.7066,34.8782,3.9556
2033-11-22,20.6486,0.0000,53.6332,9.2102,792.0644,19.7966,85.6418,3.6634,37.2647,8.6624
2033-11-23,21.8090,0.0000,51.9541,8.2408,795.6940,21.2558,86.9515,4.1963,39.8503,10.1144
2033-11-24,21.4091,0.0382,53.2462,7.8071,799.2516,22.6511,87.0480,4.1624,42.3049,10.4012
2033-11-25,20.5081,0.0378,59.9162,8.0205,802.6471,23.7994,87.0964,4.2365,44.3139,10.8413
2033-11-26,19.6943,0.0001,60.9163,7.2007,805.8961,24.8769,87.0510,4.0389,46.1893,10.6775
2033-11-27,19.2711,0.0004,58.6006,8.1757,809.0689,25.9950,87.0994,4.2716,48.1245,11.4465
2033-11-28,19.1710,0.0051,58.3456,6.9551,812.2236,27.1145,87.1478,4.0446,50.0518,11.2011
2033-11-29,19.1772,0.0239,58.2221,6.3719,815.3795,28.2376,87.1962,3.9546,51.9754,11.2417
2033-11-30,18.6281,0.0176,58.0147,4.6426,818.4366,29.3358,87.2447,3.6497,53.8464,10.7480
2033-12-01,17.5785,0.0008,62.3178,4.7867,821.3047,30.1356,86.6793,3.3923,55.2071,10.2683
2033-12-02,18.3020,0.0000,60.1174,5.3331,824.3031,31.0150,86.7275,3.5109,56.6968,10.7333
2033-12-03,19.1314,0.0003,57.4127,7.3790,827.4507,31.9941,86.7758,3.9189,58.3480,11.9361
2033-12-04,19.9855,0.0084,53.5173,7.3115,830.7521,33.1079,86.8241,3.9325,60.2163,12.1901
2033-12-05,18.8962,0.2362,61.2754,9.1636,833.8574,33.9879,86.8399,4.3269,61.6896,13.3324
2033-12-06,17.2824,0.0000,52.1812,11.6582,836.6723,34.9868,86.8882,4.9402,63.3508,14.9977
2033-12-07,17.1599,0.0000,55.4934,10.6957,839.4650,35.9103,86.9366,4.7388,64.8819,14.7216
2033-12-08,17.0235,0.0000,56.0100,7.7736,842.2333,36.8163,86.9849,4.1182,66.3787,13.3738
2033-12-09,16.9471,0.0000,54.5597,5.7857,844.9878,37.7483,87.0333,3.7514,67.9119,12.5896
2033-12-10,16.3628,0.0000,55.4347,6.8475,847.6371,38.6326,87.0816,3.9849,69.3620,13.3662
2033-12-11,16.3663,0.0000,53.0921,4.2874,850.2870,39.5637,87.1300,3.5269,70.8821,12.2891
2033-12-12,13.9328,1.3754,73.8221,9.7596,852.4989,40.0109,75.5262,1.2909,71.6185,5.0615
2033-12-13,13.2218,0.1006,57.3300,7.6641,854.5828,40.7054,81.3193,1.9348,72.7479,7.5206
2033-12-14,13.2963,0.0000,48.1230,5.2524,856.6801,41.5541,84.6466,2.6162,74.1200,9.8878
2033-12-15,15.8285,0.0000,52.0478,6.2541,859.2333,42.4766,85.7970,3.2256,75.6087,11.8846
2033-12-16,17.7597,0.0549,57.9144,6.4146,862.1340,43.3785,85.8449,3.2737,77.0634,12.1630
2033-12-17,15.5959,0.0000,65.2018,7.9784,864.6453,44.0388,85.6923,3.4673,78.1292,12.8349
2033-12-18,15.5550,0.0100,59.6351,5.7435,867.1492,44.8028,85.7402,3.1188,79.3554,11.9045
2033-12-19,12.5561,0.7857,68.7060,9.1906,869.1133,45.2884,81.2578,2.0747,80.1372,8.5150
2033-12-20,8.8919,0.5310,54.1042,14.2361,870.4178,45.8095,83.2715,3.4262,80.9661,12.9756
2033-12-21,7.7958,3.3604,63.9878,16.0527,846.0076,35.1957,61.3889,0.9979,63.7601,3.4931
2033-12-22,10.3964,0.7098,66.5109,18.2892,847.5829,35.6333,72.4855,1.7139,64.4886,6.1977
2033-12-23,10.8692,0.6771,68.7646,17.0396,849.2434,36.0581,77.0597,2.0639,65.1958,7.4150
2033-12-24,12.9365,0.5789,66.2175,9.8400,851.2760,36.5970,80.1247,1.8917,66.0907,6.9113
2033-12-25,13.2140,1.4327,71.2018,5.4635,853.3585,37.0654,71.7848,0.8748,66.8697,3.1105
2033-12-26,14.1987,0.0011,55.0147,8.3827,855.6183,37.8475,80.4880,1.8273,68.1578,6.8348
2033-12-27,14.0184,0.0000,48.2494,6.4288,857.8456,38.7366,84.5243,2.7302,69.6145,9.8594
2033-12-28,15.2409,0.0000,50.3961,9.5568,860.2929,39.6578,85.9358,3.8844,71.1194,13.2910
2033-12-29,16.3602,0.0000,53.1962,6.0397,862.9418,40.5864,86.1625,3.3589,72.6326,11.9892
2033-12-30,15.6209,0.0457,58.2768,7.6877,865.4575,41.3792,86.2106,3.6745,73.9225,13.0105
2033-12-31,15.7677,0.1628,53.8771,9.4878,867.9997,42.2633,86.2587,4.0508,75.3541,14.1961
2034-01-01,14.6266,0.0948,55.6705,9.9802,870.3365,43.1216,86.3068,4.1808,76.7381,14.6980
2034-01-02,13.9019,0.0076,50.6320,11.6730,872.5429,44.0334,86.3549,4.5841,78.2007,15.9359
2034-01-03,14.6346,0.0000,50.0654,10.7337,874.8811,45.0007,86.4761,4.4477,79.7466,15.7473
2034-01-04,14.6967,0.0000,48.5508,6.0016,877.2305,46.0012,86.6918,3.6128,81.3390,13.5640
2034-01-05,13.8712,0.0122,49.8427,4.8596,879.4313,46.9256,86.7401,3.4342,82.8053,13.1729
2034-01-06,14.8993,0.0001,50.2678,6.0357,881.8172,47.9052,86.7883,3.6690,84.3540,14.0221
2034-01-07,15.6173,0.0137,54.3992,8.6223,884.3323,48.8437,86.8366,4.2085,85.8352,15.7340
2034-01-08,15.7304,0.0093,55.7889,6.6452,886.8677,49.7597,86.8849,3.8357,87.2773,14.7978
2034-01-09,17.3654,0.0139,50.1092,10.3933,889.6975,50.8939,86.9411,4.6701,89.0525,17.3646
2034-01-10,17.2182,0.0111,52.8186,9.0939,892.5008,51.9579,86.9894,4.4043,90.7134,16.7905
2034-01-11,15.7419,0.0000,58.7297,6.6081,895.0383,52.8136,86.8354,3.8016,92.0485,15.1435
2034-01-12,15.7377,0.0000,53.7847,6.4297,897.5751,53.7716,86.8837,3.7936,93.5346,15.2536
2034-01-13,15.9138,0.0000,53.6605,8.3819,900.1436,54.7422,86.9321,4.2146,95.0355,16.6612
2034-01-14,15.0024,0.0025,58.4814,8.9990,902.5480,55.5653,86.7601,4.2428,96.3076,16.8644
2034-01-15,16.0438,0.0602,54.8440,8.6223,905.1399,56.5183,86.8084,4.1917,97.7738,16.8467
2034-01-16,15.8571,0.0000,54.6159,11.2132,907.6982,57.4658,86.8567,4.8091,99.2266,18.7952
2034-01-17,15.5586,0.0011,56.7375,9.0209,910.2027,58.3530,86.9050,4.3358,100.5848,17.5346
2034-01-18,15.9281,0.0012,52.1032,8.1623,912.7738,59.3571,86.9534,4.1809,102.1133,17.1993
2034-01-19,16.0442,0.0000,49.5772,6.6586,915.3657,60.4213,87.0017,3.9025,103.7258,16.4668
2034-01-20,14.8738,0.0008,52.1695,6.8700,917.7470,61.3619,87.0501,3.9716,105.1480,16.8008
2034-01-21,15.3025,0.0017,48.3055,8.4154,920.2055,62.4058,87.0985,4.3229,106.7182,18.0267
2034-01-22,15.4733,0.0000,52.3162,8.5250,922.6947,63.3787,87.1469,4.3769,108.1805,18.3141
2034-01-23,13.9353,0.0035,54.4455,9.2507,924.9070,64.2219,87.1808,4.5619,109.4452,18.9853
2034-01-24,14.8459,0.0480,53.0075,11.8019,927.2833,65.1444,87.2292,5.2237,110.8245,21.0671
2034-01-25,16.0523,0.0098,48.2677,11.9177,929.8767,66.2368,87.2777,5.2907,112.4488,21.4033
2034-01-26,14.5086,0.0000,51.0390,6.4166,932.1922,67.1776,87.3261,4.0376,113.8449,17.6792
2034-01-27,16.0362,0.1680,51.5928,10.5508,934.7828,68.1988,87.3746,5.0073,115.3574,20.8132
2034-01-28,18.0523,0.0014,49.3361,11.1923,937.7362,69.3934,87.4231,5.2078,117.1194,21.5513
2034-01-29,16.4229,0.0272,54.1150,5.6236,940.3963,70.3833,87.4716,3.9609,118.5791,17.7574
2034-01-30,13.5109,7.3082,66.9360,7.7339,854.0058,40.9074,50.7024,0.2635,73.0651,0.5837
2034-01-31,12.1205,5.2699,76.8162,9.5505,807.2917,26.5875,41.0884,0.0688,49.1298,0.1144
2034-02-01,14.8940,0.1108,59.4564,7.9516,809.6766,27.5086,65.2975,0.7966,50.7100,2.0794
2034-02-02,15.4319,0.0185,55.7378,7.2712,812.1584,28.5480,77.9410,1.3523,52.4839,4.1961
2034-02-03,14.2563,2.2592,59.6671,5.4555,814.4285,25.3954,67.6631,0.7642,47.1178,1.7790
2034-02-04,10.8688,2.7779,64.5116,14.9388,816.0889,20.7610,61.5881,0.9539,39.0391,2.0661
2034-02-05,10.8869,0.1790,47.5840,4.6000,817.7525,21.6535,75.1715,0.9751,40.6182,2.2288
2034-02-06,13.0211,0.2049,46.2197,7.2059,819.8003,22.7323,82.6643,2.2248,42.5172,5.9812
2034-02-07,14.5881,0.0016,42.6962,5.3759,822.1302,24.0093,86.0698,3.2063,44.7513,8.6214
2034-02-08,15.1519,0.0359,55.7314,5.2480,824.5616,25.0313,86.1179,3.2073,46.5312,8.8316
2034-02-09,15.0572,0.0279,63.7263,6.4265,826.9759,25.8638,85.8995,3.3008,47.9764,9.2217
2034-02-10,16.1773,0.3923,55.0989,9.9636,829.5918,26.9658,85.9475,3.9714,49.8783,11.0132
2034-02-11,14.2759,0.0172,45.3134,7.8509,831.8654,28.1602,86.8651,4.0644,51.9260,11.4882
2034-02-12,15.5709,2.6288,77.4330,13.8873,834.3722,23.4619,65.8981,1.0991,43.8418,2.8308
2034-02-13,14.7775,4.5431,80.1434,15.2440,798.9409,15.8204,50.0908,0.3576,30.1483,0.4237
2034-02-14,11.4396,0.1814,45.4694,11.5582,800.7041,16.7917,72.3174,1.2130,31.9104,2.4048
2034-02-15,12.0235,0.0482,46.6157,7.5963,802.5723,17.7869,81.2530,1.9135,33.7063,4.3672
2034-02-16,12.5480,0.2454,52.6772,9.4602,804.5349,18.7044,84.1373,3.0191,35.3539,7.0614
2034-02-17,10.8120,0.0000,33.1592,8.1438,806.1851,19.8354,87.3535,4.4220,37.3720,10.1809
2034-02-18,11.7721,0.0439,44.6290,7.5502,808.0081,20.8478,87.4020,4.3215,39.1691,10.2622
2034-02-19,11.9205,0.0000,35.6450,6.4498,809.8578,22.0381,88.2554,4.6197,41.2686,11.1712
2034-02-20,12.4591,0.1461,36.0270,7.9170,811.8044,23.2703,88.5619,5.1979,43.4283,12.6406
2034-02-21,11.9092,0.3031,47.6750,17.6218,813.6520,24.2372,88.1752,8.0188,45.1147,17.9767
2034-02-22,14.8579,0.0126,41.0261,15.8042,816.0305,25.5740,88.2239,7.3683,47.4318,17.3330
2034-02-23,16.1397,0.0859,40.7866,10.2221,818.6396,27.0241,88.3630,5.6738,49.9278,14.6212
2034-02-24,14.9764,0.9743,50.0833,6.4355,821.0394,28.1640,83.2071,2.2935,51.8791,7.0235
2034-02-25,16.3313,0.8151,49.4054,7.1212,823.6830,29.4168,83.3625,2.4224,54.0113,7.5761
2034-02-26,16.1264,0.0780,48.6776,7.1056,826.2897,30.6727,85.8546,3.3943,56.1358,10.3763
2034-02-27,17.3631,0.0000,37.1002,5.1286,829.1191,32.3223,88.3184,4.3614,58.9039,13.0674
2034-02-28,21.2205,0.0000,31.1331,10.9804,832.6428,34.5058,90.6169,8.1432,62.5331,21.5490
2034-03-01,22.9355,0.0089,30.6301,7.9117,836.4752,37.3480,91.3553,7.7507,67.1954,21.5957
2034-03-02,20.7729,0.0427,38.6978,8.1435,839.9183,39.6336,91.1570,7.6237,70.9029,21.9505
2034-03-03,17.1106,0.0000,39.0815,7.5967,842.7022,41.5246,90.6513,6.9005,73.9406,20.8958
2034-03-04,16.4572,8.7459,46.7658,15.3540,758.5764,23.5491,63.5343,1.0738,43.7062,2.7382
2034-03-05,9.3207,3.0060,72.6242,13.2866,744.2075,18.5505,54.6245,0.5266,34.9247,0.6894
2034-03-06,13.9740,1.1180,57.5521,8.5245,746.4268,19.6412,68.4468,0.9149,36.8578,1.8052
2034-03-07,17.0800,0.0816,51.6144,7.7102,749.2052,21.1407,80.6114,1.7904,39.4952,4.5692
2034-03-08,19.6004,0.0000,41.9451,6.2793,752.4373,23.1892,86.6118,3.6224,43.0607,9.3535
2034-03-09,20.0605,0.0000,40.8956,5.2585,755.7522,25.3211,88.4134,4.4503,46.7282,11.6343
2034-03-10,20.9903,0.0000,33.5131,4.8721,759.2344,27.8247,90.0978,5.5576,50.9787,14.5557
2034-03-11,22.0855,0.0000,35.3148,10.0156,762.9138,30.3812,90.3722,7.4903,55.2608,19.0153
2034-03-12,22.8919,0.0000,32.8244,5.6525,766.7384,33.1284,90.9254,6.5062,59.7977,17.8774
2034-03-13,23.8016,0.0000,29.5392,7.4492,770.7267,36.1193,91.7234,7.9783,64.6627,21.6094
2034-03-14,23.2316,0.0000,38.7850,7.3300,774.6124,38.6582,91.5436,7.7309,68.7400,21.8138
2034-03-15,25.9385,0.0000,30.5011,6.8045,778.9853,41.8614,91.9703,7.9980,73.8071,23.1900
2034-03-16,27.7546,0.0004,25.7384,11.1155,783.6851,45.5140,93.2100,11.8315,79.4871,31.5211
2034-03-17,28.2935,0.0042,25.2955,7.4368,788.4819,49.2570,93.5047,10.2423,85.2067,29.6033
2034-03-18,28.8636,0.0025,21.6813,8.1004,793.3814,53.2572,94.3416,11.8939,91.2082,33.8438
2034-03-19,25.0056,0.3891,26.4069,7.2554,797.5864,56.5321,94.2313,11.2257,96.0452,33.3861
2034-03-20,23.9912,0.9803,37.1180,6.6704,801.6088,59.2216,88.7240,4.9963,99.9777,19.4016
2034-03-21,17.7226,0.0469,54.2707,12.5744,804.5029,60.6888,88.0526,6.1097,102.1189,22.6566
2034-03-22,19.5962,0.0152,44.7415,4.3333,807.7342,62.6383,88.2082,4.1243,104.9331,17.2632
2034-03-23,24.2737,0.0000,32.4587,7.9950,811.8075,65.5596,90.8405,7.2331,109.0938,26.3015
2034-03-24,24.8895,0.0001,30.5434,11.8187,815.9916,68.6366,91.7217,9.9409,113.4221,33.1863
2034-03-25,28.5504,0.0000,27.9406,11.7013,820.8346,72.2786,92.8919,11.6552,118.4762,37.5161
2034-03-26,28.4091,0.0671,29.7692,9.4252,825.6523,75.8113,92.9422,10.4658,123.3156,35.5053
2034-03-27,25.8260,0.0335,29.5021,6.6759,830.0050,79.0470,92.9926,9.1763,127.6917,32.9704
2034-03-28,23.3499,0.0001,29.3587,9.9226,833.9119,81.9912,93.0429,10.8838,131.6278,37.2996
2034-03-29,23.3021,0.0000,25.3722,6.4184,837.8103,85.0954,93.0933,9.1867,135.7267,33.7072
2034-03-30,25.5889,0.0280,24.3358,6.2715,842.1203,88.5376,93.2713,9.3488,140.2197,34.4616
2034-03-31,25.0560,0.0163,28.8337,13.5481,846.3344,91.7106,93.3218,13.5848,144.3233,44.3042
2034-04-01,21.6641,0.0082,28.5859,12.3357,851.1879,95.6518,93.2112,12.5838,149.3467,42.5939
2034-04-02,22.9955,0.0000,22.1320,6.9864,856.2811,100.2005,93.3461,9.7933,155.0436,36.5645
2034-04-03,22.6891,0.0000,20.3638,10.6545,861.3192,104.7933,93.6793,12.3415,160.7055,42.8458
2034-04-04,23.0903,0.0524,22.1354,7.5050,866.4294,109.3596,93.7299,10.6047,166.2573,39.1504
2034-04-05,22.1369,0.0011,26.3367,13.9097,871.3681,113.5094,93.7101,14.6037,171.2490,48.3225
2034-04-06,20.8905,0.0034,27.7798,13.2035,876.0823,117.3596,93.3527,13.4088,175.8329,46.0133
2034-04-07,22.7114,0.2804,26.9567,8.5858,881.1244,121.5761,93.4032,10.7002,180.7896,40.0199
2034-04-08,16.1877,8.7095,60.7151,17.7318,790.8351,63.3655,59.9702,0.9985,105.5817,5.1874
2034-04-09,20.2576,0.0045,41.7107,9.0699,795.4355,66.3835,81.3439,2.0828,109.8484,10.3454
2034-04-10,22.0848,0.0005,36.1366,6.3980,800.3648,69.9731,88.3270,4.6552,114.8450,19.7050
2034-04-11,23.1401,0.0004,34.9504,7.7295,805.4840,73.7958,90.2460,6.5559,120.0868,25.6151
2034-04-12,23.5347,0.0069,35.9084,10.3785,810.6743,77.6235,90.5088,7.7790,125.2619,29.2930
2034-04-13,18.9148,5.4823,55.2557,9.7195,768.8066,50.9792,65.0902,0.8638,87.4598,3.8627
2034-04-14,20.5133,1.8569,52.4710,8.3668,773.4530,49.4318,73.5711,1.0876,85.2436,4.8441
2034-04-15,19.4223,0.0999,49.3002,12.8638,777.9030,51.9542,84.0327,3.5341,89.0413,14.0508
2034-04-16,20.3133,0.0299,36.1512,15.2755,782.5134,55.2688,88.8960,7.9011,93.9486,26.0306
2034-04-17,19.3676,3.3132,47.5747,12.7827,766.8611,44.7239,74.5035,1.4207,78.0657,5.9234
2034-04-18,20.9488,4.5070,54.7480,7.9779,739.8014,32.9788,65.6481,0.8085,59.3441,2.5075
2034-04-19,24.2295,0.0184,34.7513,4.2615,745.1167,36.9855,85.0743,2.6389,65.8051,9.2519
2034-04-20,25.7860,0.0701,27.7817,5.8790,750.7122,41.6927,91.3756,7.0163,73.2194,21.0377
2034-04-21,26.8016,0.0000,28.9089,7.6246,756.4905,46.5015,92.3669,8.8156,80.6146,25.9660
2034-04-22,28.3105,0.0000,25.2837,6.9486,762.5404,51.8288,93.4075,9.8589,88.6022,29.4191
2034-04-23,27.3220,0.8114,29.0425,11.3728,768.4124,56.7181,91.7232,9.7222,95.7647,30.2778
2034-04-24,25.2736,0.6646,36.2947,14.7268,773.9156,60.7913,90.3379,9.4508,101.6257,30.5541
2034-04-25,21.6275,9.6230,52.4574,12.7951,696.3354,34.1636,65.5549,1.0269,60.8622,3.4722
2034-04-26,19.3563,6.2498,64.4185,9.5718,659.0562,21.7116,56.0662,0.4965,40.1191,0.7153
2034-04-27,17.1941,13.3323,79.4110,10.4023,573.7121,10.7153,37.3819,0.0347,20.4746,0.0319
2034-04-28,22.0835,3.7592,51.3084,11.6750,563.6418,9.5838,63.9934,0.9106,18.3860,0.7831
2034-04-29,22.8254,0.1037,45.2970,5.6432,568.7044,12.7567,82.1971,1.9404,24.1587,3.4617
2034-04-30,24.4021,0.0690,42.7664,7.1619,574.0507,16.2952,87.9912,4.6105,30.4309,9.3718
2034-05-01,24.0576,0.1382,40.9937,9.6523,580.7851,20.2033,89.3912,6.3900,37.1737,13.6552
2034-05-02,20.7190,0.1599,44.9242,12.7540,586.9185,23.3669,89.4404,7.5239,42.5034,16.6168
2034-05-03,20.5337,0.0000,30.9296,11.9050,593.0186,27.3008,90.7567,8.7037,48.9659,19.9167
2034-05-04,23.1153,0.0000,25.5242,6.9506,599.5833,32.0487,92.3029,8.4447,56.5417,20.9915
2034-05-05,25.2010,0.0149,28.0850,7.5954,606.5235,37.0282,92.4070,8.8524,64.2502,23.1882
2034-05-06,27.8084,0.0067,22.7434,9.6895,613.9330,42.9079,93.8506,12.0389,73.0517,30.5827
2034-05-07,27.9326,0.1400,26.5724,9.5604,621.3649,48.5201,93.9012,12.0451,81.1906,32.2240
2034-05-08,25.5483,0.0164,34.3892,12.5938,628.3676,53.1231,92.9497,12.2904,87.7087,33.9350
2034-05-09,25.5081,0.0141,25.3662,10.3868,635.3631,58.3512,93.0464,11.1468,94.9111,33.0424
2034-05-10,27.3769,0.0773,22.6428,8.5899,642.6949,64.1507,93.8683,11.4180,102.6791,34.8270
2034-05-11,30.6476,0.0138,23.6020,9.4966,650.6155,70.5361,94.2707,12.6365,110.9899,38.5078
2034-05-12,32.8965,0.0002,20.9864,7.1222,658.9408,77.6079,95.1863,12.7147,119.9094,39.8858
2034-05-13,34.4724,0.0001,20.2478,6.6988,667.5499,85.0767,95.6533,13.2643,129.0394,42.1074
2034-05-14,31.4899,0.0000,23.9772,15.2718,675.6220,91.5993,95.7045,20.5741,136.8232,56.5564
2034-05-15,29.9232,0.0000,20.2211,10.6516,683.4122,98.1151,95.7557,16.4147,144.4020,49.9384
2034-05-16,29.9873,0.0000,22.3030,7.9250,691.2139,104.4740,95.8070,14.4073,151.6463,46.6147
2034-05-17,32.2222,0.0058,20.2986,7.2337,699.4179,111.4659,95.8583,14.0112,159.4165,46.3645
2034-05-18,34.1815,0.0000,15.0156,6.3999,707.9746,119.3596,96.7511,15.1534,167.9368,49.2669
2034-05-19,33.4498,0.0000,20.7903,10.8604,716.3995,126.5643,96.7597,18.9943,175.5804,57.1707
2034-05-20,34.4520,0.0000,15.5528,9.7577,725.0049,134.4683,96.8113,18.0923,183.7399,55.9031
2034-05-21,31.2655,0.0350,25.7290,15.2093,733.0367,140.7967,95.6328,20.3106,190.2423,60.3226
2034-05-22,24.8921,0.0221,32.9722,17.8914,739.9213,145.3833,93.3877,17.0648,194.9868,54.3775
2034-05-23,26.8162,0.0000,24.0953,9.5822,747.1522,150.9618,93.5387,11.4657,200.5972,42.4801
2034-05-24,30.8223,0.0000,17.6758,8.6827,755.1042,157.8804,95.4985,14.3535,207.3676,49.1725
2034-05-25,23.6888,1.5832,42.0763,16.0657,761.7722,144.1911,86.1434,5.5519,195.7510,26.1399
2034-05-26,21.5573,5.8377,53.2712,15.3170,723.3828,78.1730,69.6680,1.3393,123.0912,7.5087
2034-05-27,23.9599,0.0019,35.0574,5.5122,730.0996,82.4576,86.2393,3.3064,128.6038,16.0642
2034-05-28,28.3201,0.0716,26.0296,5.3823,737.6012,88.1868,92.4198,7.9326,135.7872,30.5599
2034-05-29,28.1352,1.4771,33.6905,7.2904,745.0695,93.2904,88.4546,4.9593,142.0998,22.4231
2034-05-30,30.6535,0.0296,33.4434,5.4109,752.9911,98.8543,91.7913,7.2691,148.8539,29.6492
2034-05-31,33.4911,0.0000,24.5440,5.7250,761.4235,105.7258,94.3521,10.5675,156.9642,38.5458
2034-06-01,35.7603,0.0000,19.8639,6.1868,771.2644,113.5022,95.8848,13.3391,165.9499,45.3437
2034-06-02,37.4214,0.0000,17.3634,10.1624,781.4042,121.8827,96.7657,18.3527,175.3774,55.9619
2034-06-03,37.2928,1.2539,21.7311,13.6724,791.5209,129.7938,95.1293,17.5498,184.1111,54.8788
2034-06-04,28.3276,3.2490,47.5819,16.8261,780.2070,90.4158,82.7941,3.6723,140.2102,17.9567
2034-06-05,29.1248,0.0000,27.2208,7.6681,788.8535,96.2069,92.0431,8.4401,147.4555,32.6912
2034-06-06,33.0168,0.0000,19.9778,8.8277,798.2005,103.3944,95.2667,14.0090,156.2042,46.1360
2034-06-07,34.2421,0.0000,14.7845,7.0122,807.7681,111.3231,96.7737,15.6757,165.5930,50.1789
2034-06-08,38.2167,0.0000,11.9553,5.7406,818.0511,120.4364,98.0235,17.3615,176.0690,54.1116
2034-06-09,39.2827,0.0765,13.0799,6.0375,828.5260,129.6772,98.0755,17.7445,186.4131,55.3590
2034-06-10,40.4462,0.0079,11.5594,9.1165,839.2103,139.3506,98.4637,21.8082,196.9447,63.2777
2034-06-11,40.4363,0.2228,10.6991,11.4388,849.8928,149.1157,98.6358,25.0751,207.3023,69.2333
2034-06-12,41.6111,0.0008,9.7853,9.1180,860.7868,159.2598,98.9584,23.2679,217.7850,66.4941
2034-06-13,42.4052,0.0025,10.0154,7.7653,871.8238,169.5661,99.0263,21.9280,228.1814,64.3874
2034-06-14,42.4201,0.0000,12.0934,7.4609,882.8634,179.6379,99.0786,21.7419,238.1392,64.2341
2034-06-15,42.9947,0.0000,11.1396,10.5374,894.0064,189.9534,99.1310,25.5614,248.1128,70.9592
2034-06-16,39.7372,0.0000,12.3334,12.6420,904.5631,199.3785,99.1833,28.6154,257.0908,76.0097
2034-06-17,32.4192,0.0002,29.9633,16.4402,913.8026,205.5588,95.3274,20.7298,263.1369,62.7007
2034-06-18,29.7180,1.2267,42.7057,14.1277,922.5558,210.2073,88.8838,7.4440,267.8426,32.7302
2034-06-19,31.1597,1.0101,42.2036,11.1455,931.5686,215.1159,89.1688,6.6729,272.7656,30.4356
2034-06-20,33.9961,0.0000,28.4136,11.3711,941.0919,221.7302,93.5616,12.5873,279.0773,46.1041
2034-06-21,34.1144,0.0000,20.7206,12.5951,950.6364,229.0800,95.4211,17.2980,285.9142,56.2705
2034-06-22,30.2134,0.0000,25.3897,15.6328,959.4789,235.2307,95.2982,19.8243,291.6843,61.2013
2034-06-23,29.9447,0.0000,21.4615,12.3938,968.2729,241.6496,95.3493,16.9567,297.6129,55.6318
2034-06-24,33.3852,0.0000,16.2641,8.3479,977.6862,249.2518,96.3377,15.8126,304.4574,53.2994
2034-06-25,34.9898,0.0043,15.2032,9.2893,987.3884,257.3085,96.8667,17.8021,311.6082,57.3690
2034-06-26,34.1211,0.0006,19.6572,11.7693,996.9342,264.7583,96.9184,20.3116,318.2323,62.2041
2034-06-27,36.8596,0.0000,17.7050,6.8838,1006.9729,272.9825,96.9700,15.9892,325.4188,53.7183
2034-06-28,38.4576,0.0000,18.1719,6.1140,1017.2993,281.5042,97.0217,15.4875,332.7880,52.6774
2034-06-29,40.4491,0.0000,15.0192,6.7816,1027.9841,290.7998,97.7527,17.6531,340.6728,57.1307
2034-06-30,38.9264,0.0000,18.1172,12.1265,1038.3949,299.4283,97.8046,23.2688,347.9919,67.5918
2034-07-01,37.0955,0.0875,24.8274,11.0250,1048.7761,306.1716,96.7545,19.1391,353.9902,60.0490
2034-07-02,36.2745,0.0000,21.1279,13.8066,1059.0095,313.0947,96.8061,22.1716,360.0607,65.6666
2034-07-03,32.0054,0.0000,26.8304,17.3975,1068.4745,318.7836,95.5144,22.3159,365.1828,65.9291
2034-07-04,28.6552,0.0000,27.4079,15.0425,1077.3364,323.8565,94.7750,17.9128,369.8002,57.6754
2034-07-05,34.1119,0.0000,15.6134,6.7760,1087.1805,330.8350,96.5427,15.0172,375.7858,51.7173
2034-07-06,34.3958,0.0000,22.0156,9.8891,1097.0758,337.3361,96.5942,17.6898,381.4473,57.2404
2034-07-07,35.9022,0.0000,19.1024,8.6031,1107.2422,344.3663,96.6458,16.6950,387.4657,55.2373
2034-07-08,36.0749,0.0000,22.8999,10.2141,1117.4397,351.0977,96.6973,18.2325,393.2775,58.3183
2034-07-09,35.5675,0.0000,25.8780,13.5725,1127.5458,357.4808,96.1822,20.1478,398.8387,61.9898
2034-07-10,32.8351,0.0000,30.5150,14.0648,1137.1601,363.0186,94.9124,17.3762,403.7844,56.6232
2034-07-11,31.7175,0.0000,31.7669,12.9597,1146.5733,368.2776,94.3659,15.2449,408.5173,52.2176
2034-07-12,32.2939,0.0000,30.0688,12.9687,1156.0902,373.7621,94.4167,15.3591,413.3974,52.4619
2034-07-13,32.8922,0.0000,28.1888,11.8860,1165.7148,379.4950,94.4675,14.6458,418.4374,50.9304
2034-07-14,33.9074,0.0000,23.5946,10.4771,1175.5221,385.7769,94.8355,14.3503,423.8288,50.2864
2034-07-15,35.8080,0.0000,18.6606,9.5811,1185.6715,392.8274,96.1870,16.4879,429.7234,54.8250
2034-07-16,37.6709,0.0000,15.7823,8.0258,1196.1563,400.4959,97.1420,17.3300,436.0213,56.5379
2034-07-17,38.0050,0.0000,17.9887,11.8355,1206.7012,408.0279,97.1938,21.1430,442.2258,63.8425
2034-07-18,33.5413,0.0000,24.1816,15.6710,1216.4427,414.1962,96.2616,22.6363,447.4786,66.5317
2034-07-19,32.2018,0.0000,29.2245,13.9060,1225.9430,419.7317,95.0652,17.6024,452.3126,57.0852
2034-07-20,34.2232,0.0000,27.3547,9.4652,1235.8072,425.7582,95.1162,14.1717,457.4858,49.8978
2034-07-21,38.4825,0.0000,19.4041,7.1251,1246.4380,433.2506,96.4736,15.1424,463.6231,52.0071
2034-07-22,38.0431,0.0000,22.0552,8.0411,1256.9898,440.4160,96.5251,15.9679,469.5432,53.7521
2034-07-23,40.1034,0.0000,21.9768,7.8958,1267.9124,447.9662,96.5766,15.9616,475.7310,53.7392
2034-07-24,41.2662,0.0000,17.8319,9.9407,1279.0443,456.1419,97.3053,19.5056,482.2898,60.7928
2034-07-25,39.2666,0.0000,18.1379,9.3828,1289.8163,463.9027,97.3571,19.0960,488.5335,60.0106
2034-07-26,39.0058,0.0000,17.7340,8.5862,1300.5413,471.6514,97.4089,18.4715,494.7450,58.8023
2034-07-27,39.1778,0.0000,14.3682,10.7618,1311.2973,479.7518,97.7081,21.4466,501.1376,64.4010
2034-07-28,39.0788,0.0000,13.4985,11.2524,1322.0355,487.9142,97.8788,22.4857,507.5416,66.2688
2034-07-29,38.9782,0.0000,12.8469,10.4101,1332.7556,496.1176,98.0007,21.9012,513.9454,65.2236
2034-07-30,37.7136,0.0000,16.1526,10.0464,1343.2480,503.7608,98.0527,21.6515,519.9898,64.7732
2034-07-31,33.9381,0.2152,32.5403,13.7521,1353.0609,509.3120,94.9356,17.1591,524.7835,56.1994
2034-08-01,32.2628,0.9873,39.6693,15.5830,1361.8722,513.4674,90.6342,10.2943,528.6458,40.7251
2034-08-02,37.7544,0.0000,27.0813,7.4149,1371.6720,519.3164,94.5674,11.8534,533.5893,44.5772
2034-08-03,40.7553,0.0000,18.4794,6.9791,1382.0119,526.3605,97.0229,16.1802,539.2586,54.1962
2034-08-04,41.4823,0.0000,14.5339,9.1967,1392.4828,533.8738,98.0111,20.6304,545.1885,62.9048
2034-08-05,42.2151,0.0037,12.1451,9.4028,1403.0855,541.7300,98.5992,22.5216,551.3096,66.3336
2034-08-06,41.0514,0.0004,16.7387,9.1824,1413.4787,548.9754,98.6514,22.4257,557.0625,66.1632
2034-08-07,39.9081,0.0000,24.8541,9.2303,1423.6662,555.3372,97.2700,18.7312,562.3131,59.3087
2034-08-08,41.5126,0.0000,16.0266,8.9930,1434.1424,562.7245,97.7250,19.6617,568.1381,61.0912
2034-08-09,37.4789,0.0000,12.6542,14.1617,1443.8926,569.6811,97.8243,25.8492,573.5920,72.0494
2034-08-10,35.2350,0.0000,18.2151,13.8001,1453.2390,575.8160,97.6287,24.7333,578.5428,70.1741
2034-08-11,36.5667,0.0000,16.8230,7.8450,1462.8250,582.2839,97.6806,18.4478,583.7035,58.7578
2034-08-12,36.5159,0.0000,21.4647,11.3926,1472.4018,588.3827,97.2378,20.7982,588.6716,63.2151
2034-08-13,36.3666,0.0000,23.9341,10.1022,1481.9518,594.2663,96.7288,18.2067,594.2328,58.2857
2034-08-14,37.8868,0.0000,28.0253,8.7335,1491.7754,600.0593,96.1722,15.7670,599.9832,53.3341
2034-08-15,37.7385,0.0000,17.9929,10.4370,1501.5724,606.6346,96.6955,18.4340,606.4969,58.7308
2034-08-16,36.3430,0.0000,15.2479,11.2729,1511.1181,613.1859,97.0777,20.2362,612.9837,62.1721
2034-08-17,36.4559,0.0000,19.1922,10.5951,1520.6841,619.4512,97.1294,19.6921,619.1902,61.1490
2034-08-18,36.4585,0.0000,19.3871,10.2261,1530.2507,625.7017,97.1811,19.4631,625.3815,60.7143
2034-08-19,36.6355,0.0000,20.5264,8.6533,1539.8491,631.8930,97.2328,18.1046,631.5144,58.0850
2034-08-20,36.1072,0.0000,26.2444,10.4216,1549.3523,637.5584,96.2906,17.4432,637.1324,56.7715
2034-08-21,35.0522,0.0000,26.0010,11.5727,1558.6657,643.0813,96.0334,17.8538,642.6091,57.5896
2034-08-22,36.7803,0.0000,20.4253,9.4284,1568.2902,649.3042,96.0847,16.1369,648.7707,54.1070
2034-08-23,38.0458,0.0000,18.0569,8.6048,1578.1424,655.9264,96.7254,16.8758,655.3228,55.6260
2034-08-24,37.5366,0.0000,21.7784,9.5453,1587.9030,662.1657,96.7770,17.8175,661.4997,57.5179
2034-08-25,35.0628,0.0000,20.5162,10.5871,1597.2183,668.0997,96.8286,18.9081,667.3740,59.6511
2034-08-26,33.8037,0.0000,17.0975,9.9886,1606.3070,674.0734,96.8802,18.4737,673.2838,58.8085
2034-08-27,33.6093,0.0000,17.6165,9.3959,1615.3607,679.9767,96.9318,18.0544,679.1239,57.9863
2034-08-28,37.3037,0.0000,13.5463,4.7255,1625.0794,686.8310,97.5748,15.5448,685.8954,52.8661
2034-08-29,37.7561,0.0000,15.6923,5.2334,1634.8794,693.5939,97.6266,16.0578,692.5777,53.9425
2034-08-30,38.2237,0.0000,18.9083,7.2441,1644.7637,700.1771,97.6785,17.8927,699.0850,57.6668
2034-08-31,38.0737,0.0000,17.7099,8.4852,1654.6210,706.8321,97.7304,19.1788,705.6607,60.1715
2034-09-01,37.8478,0.0000,17.6266,7.7075,1663.1376,712.5439,97.7823,18.5689,711.3043,58.9940
2034-09-02,37.9625,0.0000,17.3536,7.8963,1671.6748,718.2916,97.8343,18.8757,716.9821,59.5886
2034-09-03,38.0816,0.0000,16.3532,7.7406,1680.2335,724.1266,97.8862,18.8572,722.7441,59.5529
2034-09-04,38.3954,0.0000,16.0683,7.1241,1688.8487,730.0283,97.9382,18.4064,728.5708,58.6770
2034-09-05,38.2392,0.0000,14.8456,7.1919,1697.4358,735.9924,97.9901,18.5966,734.4567,59.0478
2034-09-06,37.1226,0.0183,16.3239,7.7044,1705.8218,741.6865,98.0421,19.2145,740.0776,60.2399
2034-09-07,38.2205,0.0478,19.2326,8.5489,1714.4055,747.3406,97.9089,19.7002,745.6610,61.1644
2034-09-08,32.1391,1.9682,37.1775,11.1539,1721.8946,154.1319,89.0086,6.5240,251.8943,29.8740
2034-09-09,31.2823,0.0157,38.7273,9.5301,1729.2294,157.6644,91.1004,8.1098,256.7949,34.5854
2034-09-10,32.4898,0.0000,30.6279,8.2874,1736.7815,161.8130,92.9638,9.9126,262.4873,39.4784
2034-09-11,35.1218,0.0274,27.3422,5.3878,1744.8075,166.4985,94.1710,10.1327,268.8576,40.0800
2034-09-12,34.4314,0.0130,27.9644,9.7854,1752.7091,171.0554,94.2218,12.7353,275.0115,46.4265
2034-09-13,34.1417,0.0000,18.9369,14.7185,1760.5586,176.1415,95.8446,20.3924,281.7990,62.2121
2034-09-14,34.7149,0.0000,20.0000,17.1311,1768.5113,181.2426,95.8959,23.1891,288.5551,67.2810
2034-09-15,33.5654,0.0095,28.0834,16.0702,1776.2571,185.6811,95.3894,20.5198,294.4193,62.5114
2034-09-16,29.8265,0.7844,45.7491,14.1007,1783.3298,188.6682,89.5594,8.1908,298.4102,34.9799
2034-09-17,29.9980,0.1071,42.7729,10.4334,1790.4335,191.8366,90.2669,7.5353,302.6140,33.1076
2034-09-18,26.2469,0.1293,47.4721,11.6515,1796.8619,194.3940,90.3164,8.0692,306.0207,34.6526
2034-09-19,25.8292,0.0000,37.2029,10.2187,1803.2152,197.4047,90.6426,7.8655,309.9743,34.0788
2034-09-20,29.4678,0.0000,24.7988,5.3787,1810.2234,201.4973,93.4651,9.1824,315.2639,37.7397
2034-09-21,31.1013,0.0000,32.0425,12.1743,1817.5256,205.3933,93.5156,13.0235,320.2970,47.2373
2034-09-22,30.9447,0.0000,36.5193,10.9352,1824.7996,209.0149,93.2711,11.8250,324.9728,44.4399
2034-09-23,31.9237,0.1057,35.3877,9.0624,1832.2499,212.8138,93.3216,10.8361,329.8487,42.0331
2034-09-24,29.9168,1.0556,47.9122,11.8425,1839.3389,215.6901,88.1625,5.9820,333.5855,28.3784
2034-09-25,32.7421,0.2795,40.3461,12.1917,1846.9365,219.2843,91.0253,9.1751,338.1873,37.7512
2034-09-26,34.2351,0.1349,31.1862,9.8810,1854.8028,223.6133,93.1693,11.0548,343.6510,42.5917
2034-09-27,30.2563,1.4371,42.1597,8.3421,1861.9530,226.8423,87.8728,4.8107,347.7641,24.4226
2034-09-28,28.6012,0.3556,48.1905,6.3672,1868.8052,229.5819,88.9354,5.0722,351.2780,25.3427
2034-09-29,27.9510,0.5603,45.3422,5.4199,1875.5404,232.4089,89.1697,5.0011,354.8798,25.0972
2034-09-30,29.6194,0.0124,38.1126,4.7949,1882.5759,235.7936,90.8793,6.1901,359.1332,29.0648
2034-10-01,28.4711,0.1307,36.9343,9.8605,1888.4047,238.6193,91.1586,8.3145,362.6708,35.4088
2034-10-02,26.6279,0.0008,36.9958,11.7269,1893.9017,241.2664,91.2083,9.1993,365.9771,37.8372
2034-10-03,26.6371,0.0000,27.2072,8.6579,1899.4004,244.3256,92.6410,9.6520,369.7471,39.0404
2034-10-04,27.1277,0.0000,26.6728,9.6479,1904.9873,247.4619,93.0014,10.6720,373.5964,41.6603
2034-10-05,24.5080,0.0249,36.4961,11.0121,1910.1028,249.9259,92.3186,10.3854,376.6467,40.9378
2034-10-06,24.6654,0.0349,34.9131,6.6187,1915.2466,252.4669,92.3687,8.3819,379.7783,35.6056
2034-10-07,26.7627,0.0000,29.8862,6.6808,1920.7678,255.4269,92.4188,8.4678,383.3932,35.8465
2034-10-08,26.6043,0.4186,28.6261,5.3019,1926.2606,258.4230,92.5290,8.0230,387.0362,34.5946
2034-10-09,26.1990,0.1469,31.0767,6.8012,1931.6804,261.2739,92.5792,8.7139,390.5022,36.5293
2034-10-10,23.1115,2.2707,49.1319,11.8811,1936.5445,132.9118,80.7665,2.2473,226.8926,13.7170
2034-10-11,22.0869,0.9628,52.8951,8.3170,1941.2241,134.5668,83.0042,2.4566,229.3814,14.7104
2034-10-12,23.8159,0.0766,43.1622,3.3599,1946.2150,136.7125,87.7145,3.6588,232.5808,19.8267
2034-10-13,26.0917,0.0986,32.8454,4.6271,1951.6155,139.4794,90.9197,6.1735,236.6721,28.6684
2034-10-14,26.0607,0.2021,37.1595,6.1157,1957.0104,142.0655,90.9693,6.7016,240.4868,30.3410
2034-10-15,26.0506,0.0016,38.0822,6.3022,1962.4036,144.6127,91.0190,6.8129,244.2310,30.7088
2034-10-16,23.0389,2.4486,54.9312,8.8256,1967.2546,105.0903,77.5409,1.4157,185.4181,9.1393
2034-10-17,23.5807,0.1457,48.4117,7.7746,1972.2031,107.0195,85.8835,3.5249,188.4710,18.8093
2034-10-18,25.2221,0.1552,40.1479,6.4914,1977.4471,109.4066,89.2751,5.3591,192.2250,25.4390
2034-10-19,24.1837,0.1209,44.3741,9.7629,1982.5041,111.5376,89.3243,6.3643,195.5681,28.7040
2034-10-20,22.5939,0.1455,43.1789,5.9401,1987.2750,113.5775,89.3734,5.2863,198.7565,25.3203
2034-10-21,23.6734,0.0000,29.8229,6.5881,1992.2402,116.2118,91.3722,7.2681,202.8428,31.5507
2034-10-22,26.6687,0.0000,25.7880,7.3809,1997.7446,119.3342,92.9237,9.4169,207.6577,37.5511
2034-10-23,26.5602,0.0000,40.1227,10.1622,2003.2294,121.8437,92.0178,9.5363,211.5234,37.9354
2034-10-24,23.9740,0.0291,54.8908,7.1855,2008.2488,123.5575,89.4114,5.6594,214.1726,26.7825
2034-10-25,23.6804,0.0033,48.3047,3.8187,2013.2152,125.4986,89.4606,4.8101,217.1549,23.9536
2034-10-26,25.5404,0.0002,42.5132,9.0305,2018.5165,127.8190,89.6227,6.4020,220.6996,29.2234
2034-10-27,25.0547,0.0000,44.4938,8.4073,2023.7304,130.0187,89.6720,6.2481,224.0509,28.7822
2034-10-28,24.4051,0.0028,44.7456,7.2410,2028.8273,132.1541,89.7212,5.9332,227.2943,27.8176
2034-10-29,22.8372,0.9638,51.7832,8.7927,2033.6420,133.9029,85.4367,3.4862,229.9532,19.1236
2034-10-30,22.1367,0.1972,54.6570,5.3193,2038.3306,135.4993,86.5386,3.4158,232.3797,18.8564
2034-10-31,22.4693,0.0038,50.7836,4.3184,2043.0791,137.2569,87.3729,3.6569,235.0384,19.8352
2034-11-01,20.4212,2.1264,57.2925,11.3389,2046.4589,108.3391,77.0493,1.5474,191.3528,9.9157
2034-11-02,18.7700,10.6535,68.0970,12.4674,1259.2477,55.1922,52.9489,0.4286,99.4836,1.6665
2034-11-03,18.2815,4.8934,71.4076,11.0217,1151.1958,37.3307,52.0315,0.3615,69.0625,0.7682
2034-11-04,19.9333,10.1326,67.3363,18.0927,960.3582,19.1946,54.0765,0.6369,36.5622,0.8604
2034-11-05,17.6195,0.8414,56.3083,9.4928,963.2337,20.2789,72.8147,1.1147,38.5299,2.5588
2034-11-06,18.6624,0.0000,52.7050,3.8401,966.2969,21.5181,81.7928,1.6872,40.7666,4.3925
2034-11-07,20.9976,0.0362,49.8207,7.4189,969.7805,22.9882,86.1119,3.5751,43.4042,9.2934
2034-11-08,18.7015,0.1453,59.5565,6.7924,972.8508,24.0499,86.1600,3.4875,45.3002,9.3355
2034-11-09,17.2541,0.3976,59.3550,8.0900,975.6605,25.0390,86.2081,3.7485,47.0588,10.1477
2034-11-10,17.0312,0.3810,59.9571,7.9978,978.4301,26.0016,86.2562,3.7565,48.7634,10.3814
2034-11-11,17.3904,2.0020,62.6557,11.4642,981.2644,24.0834,74.6717,1.3410,45.3822,3.7068
2034-11-12,15.6198,1.2361,69.4044,10.6683,983.7800,24.7616,73.9963,1.2455,46.5914,3.4780
2034-11-13,16.7979,10.0068,78.4733,12.3401,850.4789,12.6481,44.4964,0.1416,24.3894,0.1457
2034-11-14,17.7113,4.3932,86.0463,8.0032,815.9624,8.1827,37.4368,0.0311,15.9651,0.0245
2034-11-15,17.5471,0.1695,62.5079,9.9340,818.8249,9.1096,65.2508,0.8787,17.7262,0.7388
2034-11-16,17.0867,0.0836,56.5395,9.2504,821.6045,10.1575,78.8058,1.6119,19.7060,2.2999
2034-11-17,17.8242,1.6722,82.7800,11.6845,824.5169,9.6551,68.6441,1.0796,18.7609,0.9402
2034-11-18,18.8388,0.0773,70.3458,5.5409,827.6119,10.4390,77.2667,1.1744,20.2397,1.3285
2034-11-19,20.2918,0.0558,63.0540,8.0336,830.9684,11.4868,82.6939,2.3282,22.2062,4.0022
2034-11-20,19.9265,4.5646,67.9795,7.6719,796.5138,7.8045,60.8252,0.6335,15.2358,0.4858
2034-11-21,15.5909,4.0296,75.4554,12.6151,770.1769,5.1012,52.6709,0.4194,10.0361,0.2535
2034-11-22,18.8104,0.1873,64.6934,7.7945,773.2667,6.0331,72.0604,0.9938,11.8354,0.6581
2034-11-23,20.4473,0.0000,59.2060,9.9501,776.6513,7.1985,81.9091,2.3278,14.0710,2.8694
2034-11-24,19.9835,0.0000,60.4041,10.9935,779.9523,8.3053,84.6000,3.4718,16.1799,4.9570
2034-11-25,18.9704,0.0022,62.7122,8.3921,783.0710,9.2975,84.9225,3.1824,18.0590,4.8577
2034-11-26,19.4476,0.0000,58.3685,5.9305,786.2755,10.4317,85.5840,3.0804,20.1935,5.0461
2034-11-27,18.1920,0.0056,60.2800,6.6999,789.2541,11.4476,85.6319,3.2237,22.0940,5.5900
2034-11-28,17.8450,0.0007,56.1762,7.5141,792.1702,12.5483,85.8908,3.4825,24.1407,6.3611
2034-11-29,17.5079,0.0146,56.3486,9.7145,795.0256,13.6252,85.9388,3.9171,26.1309,7.4363
2034-11-30,17.1981,0.1343,60.4390,10.1522,797.8253,14.5850,85.9868,4.0315,27.8950,7.9310
2034-12-01,18.0212,0.2656,64.1645,7.6042,800.7731,15.3636,86.0349,3.5698,29.3209,7.3274
2034-12-02,17.9085,0.0022,63.2203,4.6751,803.7006,16.1581,86.0829,3.1008,30.7697,6.6332
2034-12-03,16.6664,0.1006,60.1986,7.8300,806.4046,16.9617,86.1310,3.6597,32.2287,7.9329
2034-12-04,16.3392,0.0000,50.0170,7.4590,809.0496,17.9523,86.6021,3.8390,34.0175,8.5444
2034-12-05,13.7248,0.0000,44.2194,8.9298,811.2241,18.8920,87.1496,4.4689,35.7052,10.0047
2034-12-06,13.6964,0.0000,46.7978,7.6901,813.3934,19.7866,87.1980,4.2273,37.3045,9.7941
2034-12-07,15.9961,0.0000,48.3288,7.1771,815.9767,20.7904,87.2465,4.1480,39.0909,9.9054
2034-12-08,16.6421,0.0000,56.4912,6.7219,818.6763,21.6677,87.2798,4.0732,40.6459,9.9801
2034-12-09,16.3164,0.0010,60.5269,6.3570,821.3173,22.4489,86.7658,3.7169,42.0261,9.4228
2034-12-10,16.2349,0.0001,59.2917,6.8638,823.9436,23.2508,86.7575,3.8086,43.4373,9.8087
2034-12-11,16.6535,0.0700,57.8216,6.2334,826.6452,24.1018,86.8058,3.7149,44.9287,9.7992
2034-12-12,14.4636,0.1229,64.0167,6.6711,828.9526,24.7382,86.0053,3.3917,46.0414,9.2060
2034-12-13,15.9045,0.1594,73.6429,7.9096,831.5195,25.2475,84.5815,2.9646,46.9325,8.2915
2034-12-14,16.6588,0.3719,80.0667,5.9069,834.2220,25.6498,83.2252,2.2384,47.6378,6.4914
2034-12-15,17.4781,0.1536,70.7639,3.6911,837.0721,26.2671,83.3214,2.0270,48.7126,5.9983
2034-12-16,18.5950,0.0075,59.7299,9.0965,840.1232,27.1684,84.8509,3.2652,50.2724,9.3993
2034-12-17,16.8946,0.3184,64.6343,7.4594,842.8682,27.8915,84.8986,3.0263,51.5209,8.9416
2034-12-18,14.4640,0.2930,61.2069,7.2699,845.1757,28.5777,84.9462,3.0172,52.7005,9.0434
2034-12-19,13.9917,0.0000,49.1556,4.8969,847.3982,29.4497,85.9824,3.0916,54.1911,9.3923
2034-12-20,16.4050,0.0000,53.4506,5.9404,850.0551,30.3757,86.1540,3.3381,55.7692,10.1934
2034-12-21,16.9452,0.2012,58.5742,5.9676,852.8093,31.2252,86.2021,3.3654,57.2132,10.4209
2034-12-22,15.2798,0.6440,74.0223,8.3028,855.2637,31.7087,82.7357,2.3725,58.0381,7.7889
2034-12-23,16.5042,0.3773,69.4905,10.0723,857.9384,32.3191,83.2015,2.7527,59.0747,8.9698
2034-12-24,16.7598,5.4849,80.9368,13.4432,808.9619,20.2683,51.8245,0.3992,38.1471,0.5554
2034-12-25,16.7446,3.8023,80.9482,6.5133,784.5675,14.4309,44.4058,0.1040,27.5929,0.1162
2034-12-26,16.7821,1.1759,78.5324,9.6616,787.2923,14.8671,57.8953,0.5767,28.3938,0.6564
2034-12-27,15.9654,0.9491,67.1498,8.1359,789.8701,15.5042,69.4074,0.9250,29.5579,1.3563
2034-12-28,15.2944,0.0862,58.5976,8.8327,792.3271,16.2755,79.3472,1.6616,30.9611,3.4999
2034-12-29,15.1887,3.0305,85.3879,6.1571,777.3788,12.2938,53.7407,0.3378,23.6525,0.3409
2034-12-30,18.6054,0.1994,61.5870,8.0254,780.4318,13.1540,73.3572,1.0590,25.2442,1.4589
2034-12-31,17.7558,0.1170,53.7966,7.3815,783.3318,14.1440,82.1497,2.1058,27.0662,4.1300
2035-01-01,17.4834,0.0011,55.2334,7.1778,786.1829,15.1682,84.8321,2.9567,28.9405,6.1010
2035-01-02,17.9163,0.0000,55.0799,4.8440,789.1118,16.2198,85.7408,2.9809,30.8541,6.4039
2035-01-03,16.6906,3.3429,71.7140,7.9910,771.0703,12.1482,62.4107,0.7019,23.3758,0.7029
2035-01-04,15.8530,5.8727,85.5683,6.0046,727.6104,7.0730,37.3007,0.0273,13.8104,0.0198
2035-01-05,16.2154,14.0826,86.0231,14.9955,620.3530,3.2513,28.6610,0.0050,6.4185,0.0024
2035-01-06,15.3161,6.5370,69.7137,14.6841,585.9864,1.7700,43.0969,0.1268,3.5135,0.0473
2035-01-07,14.3227,9.4542,70.8280,17.2439,535.8347,0.7897,43.6651,0.1585,1.5737,0.0460
2035-01-08,15.1276,27.0670,83.7146,20.2465,404.1888,0.3253,31.3840,0.0139,0.6494,0.0034
2035-01-09,14.8950,16.2847,87.7272,12.7614,345.2976,0.2417,22.7671,0.0007,0.4825,0.0002
2035-01-10,16.1905,16.7878,76.3671,12.1032,292.7925,0.5031,32.7579,0.0131,1.0018,0.0034
2035-01-11,14.4326,8.5452,72.8259,11.3866,271.9462,0.5196,37.5736,0.0379,1.0343,0.0100
2035-01-12,14.2885,0.4645,62.2422,8.7666,274.2221,1.2349,62.3832,0.7288,2.4424,0.2397
2035-01-13,13.1270,12.1423,83.3220,12.5309,243.2745,0.2921,33.8424,0.0174,0.5825,0.0042
2035-01-14,12.6001,19.7278,79.7940,16.3327,194.0464,0.3408,30.0313,0.0079,0.6786,0.0019
2035-01-15,10.9375,1.9225,62.6915,16.1478,195.7192,0.5529,52.2251,0.4779,1.0980,0.1279
2035-01-16,12.3142,0.0241,53.9093,8.9222,197.6397,1.3140,71.3160,1.0244,2.5851,0.3431
2035-01-17,13.6146,4.2476,76.7046,12.0795,192.5825,0.5253,52.3594,0.3950,1.0435,0.1046
2035-01-18,14.1293,6.3660,86.2367,7.3414,182.2425,0.2580,32.7031,0.0101,0.5143,0.0024
2035-01-19,13.4894,7.8407,80.7884,10.7517,168.4354,0.3451,31.4321,0.0087,0.6866,0.0021
2035-01-20,14.0423,14.3713,82.3104,10.8809,139.9135,0.3298,27.0377,0.0025,0.6557,0.0006
2035-01-21,16.1144,3.7259,86.3530,13.2558,137.4604,0.2892,34.0177,0.0188,0.5754,0.0045
2035-01-22,15.1081,9.5620,84.4893,8.6909,121.7947,0.3095,27.2620,0.0024,0.6151,0.0006
2035-01-23,14.5878,0.0088,48.9117,5.9603,124.1245,1.2962,58.7736,0.5098,2.5264,0.1695
2035-01-24,13.8731,0.3973,63.0271,8.8316,126.3257,1.9777,73.2668,1.0987,3.8064,0.4225
2035-01-25,14.5250,1.8616,73.6340,8.4157,128.6442,1.6854,66.2581,0.8453,3.2640,0.3069
2035-01-26,14.4384,7.8160,86.5681,13.5090,117.0259,0.4688,37.0672,0.0379,0.9283,0.0098
2035-01-27,14.0262,0.8684,65.4485,7.8285,119.2546,1.1122,58.3801,0.5448,2.1737,0.1729
2035-01-28,15.3771,17.5336,74.2740,15.2563,87.9628,0.5219,41.2110,0.0938,1.0284,0.0248
2035-01-29,15.9509,2.0983,70.5079,15.2592,90.5379,0.6191,57.5090,0.7427,1.2174,0.2031
2035-01-30,16.0653,12.2269,78.0827,11.0858,71.7968,0.4632,38.6280,0.0464,0.9116,0.0120
2035-01-31,14.7071,0.0145,57.3815,9.3832,74.1481,1.2925,65.0617,0.8483,2.4771,0.2803
2035-02-01,16.3745,0.0000,49.6058,7.0537,76.7995,2.5434,79.3034,1.5126,4.6979,0.6336
2035-02-02,16.7696,0.0000,52.6334,9.5791,79.5220,3.7458,84.2588,3.0871,6.7023,2.4611
2035-02-03,16.8642,0.0000,56.4221,8.9465,82.2616,4.8578,85.3207,3.4572,8.4658,3.3065
2035-02-04,16.2870,0.0067,57.6630,9.0691,84.8972,5.9035,85.4473,3.5403,10.0583,3.7784
2035-02-05,16.5127,0.0000,57.7615,10.5723,87.5735,6.9602,85.5017,3.8479,11.6130,4.5112
2035-02-06,16.9081,0.1003,58.9154,8.3519,90.3210,8.0112,85.5496,3.4635,13.1144,4.3426
2035-02-07,16.9834,0.0011,51.4668,9.8293,93.0820,9.2579,86.3466,4.1726,14.8286,5.6522
2035-02-08,15.1578,0.0000,44.5479,12.7518,95.5144,10.5385,87.2408,5.4889,16.5201,7.7531
2035-02-09,15.0531,0.1584,54.0038,12.7694,97.9280,11.5939,87.2893,5.5318,17.8921,8.1523
2035-02-10,16.7967,0.0597,56.5178,7.0653,100.6554,12.6993,87.3068,4.1603,19.3084,6.5743
2035-02-11,18.3607,0.0942,56.7431,3.4376,103.6643,13.8951,87.3553,3.4893,20.8151,5.8186
2035-02-12,18.8438,0.0000,52.3612,4.4578,106.7602,15.2447,87.4038,3.6989,22.4685,6.4445
2035-02-13,18.3100,0.0000,52.1603,6.1304,109.7600,16.5637,87.4523,4.0522,24.0530,7.3008
2035-02-14,16.6625,0.0000,47.2949,10.9433,112.4632,17.8936,87.5008,5.2002,25.6031,9.4153
2035-02-15,13.4540,0.0000,36.3322,12.3347,114.5889,19.2098,88.4458,6.3865,27.0732,11.5090
2035-02-16,14.6671,0.0000,41.5703,12.5884,116.9330,20.5185,88.4946,6.5142,28.5241,12.0257
2035-02-17,16.0521,0.0000,50.2203,11.2487,119.5264,21.7314,88.3222,5.9402,29.8809,11.4472
2035-02-18,17.9339,0.0000,48.5872,8.1069,122.4585,23.1215,88.3710,5.1060,31.4145,10.3954
2035-02-19,19.7232,0.0029,41.8485,7.5492,125.7127,24.8415,88.7039,5.2074,33.2547,10.9071
2035-02-20,21.0709,0.0053,38.1889,7.4858,129.2094,26.7882,89.4942,5.8144,35.2869,12.3216
2035-02-21,21.1683,0.0017,37.5710,5.6885,132.7237,28.7630,89.7668,5.5227,37.3113,12.1937
2035-02-22,20.5369,0.0030,43.0894,4.7650,136.1244,30.5121,89.8160,5.3089,39.1088,12.1268
2035-02-23,18.6535,0.0002,50.0476,7.1114,139.1860,31.9138,89.0256,5.3346,40.5712,12.4246
2035-02-24,15.9841,0.0000,47.1701,10.0117,141.7672,33.1959,88.8451,6.0161,41.8771,13.8974
2035-02-25,15.1495,0.0000,41.7413,12.6071,144.1981,34.5406,88.8941,6.9051,43.2071,15.7111
2035-02-26,15.9158,0.0000,38.4611,12.2612,146.7669,36.0281,88.9430,6.8337,44.6529,15.8638
2035-02-27,15.1568,0.0038,47.2814,12.8732,149.1991,37.2455,88.7066,6.8125,45.8663,16.0546
2035-02-28,15.4931,0.0000,45.8124,11.4617,151.6919,38.5227,88.7555,6.3895,47.1259,15.5172
2035-03-01,16.1600,0.0005,45.6609,12.8701,154.3047,40.1214,88.8044,6.9078,48.6310,16.7376
2035-03-02,16.2547,0.0083,46.2393,13.5192,156.9345,41.7118,88.8534,7.1878,50.1200,17.5195
2035-03-03,16.4669,0.0003,47.0963,14.1893,159.6026,43.2960,88.8560,7.4374,51.5986,18.2457
2035-03-04,18.1927,0.0141,42.5030,14.9936,162.5813,45.1869,88.9050,7.7997,53.3230,19.2224
2035-03-05,18.3299,0.0455,44.4809,13.4685,165.5847,47.0257,88.9540,7.2737,55.0010,18.5644
2035-03-06,19.3334,0.0028,40.6299,12.0668,168.7687,49.0936,89.0030,6.8255,56.8465,18.0278
2035-03-07,20.5215,0.0000,34.4457,11.2056,172.1665,51.5097,90.0851,7.6330,58.9368,19.9418
2035-03-08,22.0891,0.0000,29.9081,9.2487,175.8466,54.2803,91.2664,8.1868,61.2748,21.4040
2035-03-09,22.1161,0.0595,26.8537,12.7588,179.5315,57.1750,92.0317,10.8908,63.6632,26.6689
2035-03-10,19.4614,0.0054,38.8910,12.8828,182.7385,59.3168,91.1384,9.6545,65.4892,24.8849
2035-03-11,20.0890,0.0000,40.3789,8.7759,186.0585,61.4702,90.7915,7.4710,67.3295,21.0567
2035-03-12,22.8026,0.0000,34.5436,6.9496,189.8670,64.1372,90.8411,6.8626,69.5442,20.1475
2035-03-13,23.8415,0.0000,32.6626,9.2021,193.8624,67.0000,91.1860,8.0747,71.8879,23.0293
2035-03-14,20.0590,0.2662,48.5223,9.2052,197.1771,68.8567,89.7021,6.5326,73.5244,20.0254
2035-03-15,20.1339,0.5783,53.0309,9.8900,200.5052,70.5568,87.7118,5.0825,75.0709,16.8360
2035-03-16,22.5562,0.5632,43.4354,10.5928,204.2693,72.8377,88.4363,5.8419,77.0182,18.9266
2035-03-17,18.6192,1.6007,64.1588,8.0379,207.3247,70.7694,77.3400,1.3394,76.3686,5.5054
2035-03-18,20.2889,0.1513,61.2868,8.4891,210.6807,72.1809,83.0307,2.4864,77.7594,9.7600
2035-03-19,19.0980,2.4332,65.8647,7.9623,213.8224,61.3917,70.2173,0.9409,71.4776,3.5950
2035-03-20,14.9741,13.3579,78.9912,14.3600,184.5296,29.2412,40.6402,0.0808,41.8881,0.1199
2035-03-21,16.1513,1.6730,59.7709,6.2278,187.1408,28.8374,58.8390,0.5190,41.6353,0.7674
2035-03-22,18.0298,0.2158,57.8860,6.4539,190.0902,30.2107,75.6515,1.1011,43.2409,2.8020
2035-03-23,21.1817,0.0000,49.7096,5.6848,193.6069,32.1208,84.2860,2.5464,45.4078,7.0875
2035-03-24,23.8613,0.0006,37.3695,7.8390,197.6059,34.7856,89.2171,5.6880,48.3104,14.3873
2035-03-25,24.5897,0.0561,29.9372,11.6014,201.7360,37.8537,91.5557,9.6039,51.5332,21.9441
2035-03-26,24.2866,0.4805,38.4673,10.0073,205.8116,40.5165,91.6055,8.9255,54.3060,21.3917
2035-03-27,19.8735,0.1039,56.8089,9.2662,209.0929,42.0606,88.6276,5.6163,55.9729,15.4460
2035-03-28,19.5645,0.1964,49.1630,7.4507,212.3185,43.8514,88.6765,5.1614,57.8385,14.7442
2035-03-29,18.8942,1.9059,56.2174,11.1342,215.4234,41.5909,77.9346,1.6420,56.1029,5.3905
2035-03-30,18.3434,4.2517,62.2314,10.9387,210.8813,30.1964,63.5547,0.8604,44.4726,2.0273
2035-03-31,19.7523,0.0006,45.1138,5.4945,214.1407,32.1474,80.6611,1.6100,46.7494,4.6278
2035-04-01,22.7153,0.1165,44.1708,12.3271,219.1834,35.3707,87.3419,5.4507,50.4058,14.2502
2035-04-02,18.6194,1.3848,53.4556,10.6067,223.4889,37.5958,81.0907,2.1859,52.9311,6.8093
2035-04-03,19.4261,0.0007,36.9348,6.1603,227.9396,40.7341,87.4849,4.0772,56.3106,12.0704
2035-04-04,25.4200,0.0000,30.9812,6.1995,233.4692,45.1715,91.1368,6.8924,60.8904,18.8338
2035-04-05,28.0244,0.0056,29.0023,7.3713,239.4676,50.1844,92.5124,8.8840,65.8624,23.5446
2035-04-06,25.5097,0.4054,40.9183,4.7634,245.0134,53.9958,91.7445,6.9893,69.6294,20.4288
2035-04-07,27.4490,0.2509,40.2408,5.7602,250.9082,58.1319,91.7944,7.4015,73.6212,21.9206
2035-04-08,27.0283,0.3154,42.4788,5.4508,256.7273,62.0543,91.5320,7.0208,77.3609,21.6679
2035-04-09,29.6765,0.0575,29.2241,8.8222,263.0231,67.3351,92.7984,9.9498,82.1154,28.4868
2035-04-10,26.7540,0.0000,29.0841,11.0848,268.7928,72.1238,92.8487,11.2304,86.3338,31.7066
2035-04-11,26.9309,0.0000,24.6087,6.2850,274.5943,77.2471,93.3820,9.5007,90.7037,29.0262
2035-04-12,25.3563,0.0004,26.9261,9.4165,280.1125,81.9339,93.4324,11.2032,94.6524,33.1103
2035-04-13,23.5739,0.3272,38.1740,10.4617,285.3098,85.6322,92.0646,9.7456,97.8462,30.6412
2035-04-14,20.8654,0.1379,47.1722,10.1783,290.0196,88.4454,90.1632,7.3294,100.3687,25.5265
2035-04-15,22.1800,0.5526,41.8213,5.7825,294.9659,91.7289,89.1222,5.0587,103.2138,19.8935
2035-04-16,21.1458,4.9253,54.8035,6.9342,288.2945,60.9664,66.6793,0.7963,79.7634,3.2487
2035-04-17,23.5759,0.0051,35.7792,9.6620,293.4921,64.8083,85.9888,3.9342,83.5134,14.7137
2035-04-18,24.0388,0.0000,31.9071,14.9102,298.7731,68.9582,90.6982,10.0425,87.4543,29.5957
2035-04-19,24.0410,0.1967,32.2161,14.4526,304.0545,73.0896,91.2837,10.6675,91.3073,31.4907
2035-04-20,22.0222,0.5873,41.5561,9.1805,308.9725,76.3657,89.1863,6.0590,94.4010,21.6524
2035-04-21,22.2439,0.2548,54.4956,8.8694,313.9304,78.9409,88.6828,5.5488,96.9403,20.6067
2035-04-22,25.5990,0.1843,45.2123,10.8049,319.4922,82.4872,89.0961,6.4913,100.2606,23.4358
2035-04-23,23.8933,0.4591,44.8538,10.7709,324.7470,85.8286,89.1452,6.5260,103.3622,23.8743
2035-04-24,23.6126,0.0630,36.8043,9.4402,329.9513,89.6147,90.1861,7.0851,106.7477,25.6710
2035-04-25,22.7801,0.1074,37.9442,11.2759,335.0057,93.2073,90.2355,7.8269,109.9425,27.8642
2035-04-26,25.7653,0.0332,29.9344,6.4644,340.5974,97.7707,91.8385,7.7168,113.8430,28.0205
2035-04-27,29.4109,0.0971,23.1418,6.6336,346.8454,103.4558,93.9437,10.4548,118.5270,34.9383
2035-04-28,29.0605,0.0725,25.9228,8.6027,353.0303,108.8722,93.9944,11.6268,122.9511,37.9960
2035-04-29,28.8391,0.0216,27.7999,7.9788,359.1753,114.1126,94.0450,11.3463,127.1968,37.8670
2035-04-30,31.1572,0.1465,23.4433,5.4776,365.7376,120.0995,94.3910,10.4928,131.9093,36.4433
2035-05-01,31.2494,0.0112,26.0158,9.5072,373.7665,126.4003,94.4418,12.9454,136.9859,42.2873
2035-05-02,31.2005,0.0343,27.1766,15.9257,381.7866,132.5930,94.4926,18.0146,141.9443,52.6643
2035-05-03,24.7139,0.0003,33.3883,16.2746,388.6391,137.1199,93.0960,15.1013,145.7132,47.5078
2035-05-04,28.4567,0.0124,24.4141,7.1011,396.1653,143.0014,93.6859,10.3277,150.3371,37.5510
2035-05-05,31.3605,0.0052,23.4861,7.4701,404.2142,149.5401,94.3858,11.5926,155.3759,40.8243
2035-05-06,34.5204,0.0008,17.3801,12.7285,412.8319,157.2879,96.2405,19.4616,161.1149,57.0514
2035-05-07,28.5657,0.0001,27.1502,18.5192,420.3777,162.9774,94.9172,21.7634,165.5238,61.4425
2035-05-08,23.4925,0.0000,30.1390,15.0708,427.0104,167.5005,93.5874,15.2217,169.1362,49.4767
2035-05-09,24.3081,0.0006,29.4231,13.4759,433.7898,172.2214,93.4814,13.8402,172.8663,46.7972
2035-05-10,24.2304,0.0000,25.8790,12.5256,440.5553,177.1643,93.5319,13.2862,177.1530,45.8078
2035-05-11,26.5935,0.0000,18.4911,9.8838,447.7461,183.1069,94.6659,13.6069,183.0581,46.7639
2035-05-12,27.5489,0.0000,20.3248,8.8408,455.1089,189.1162,94.7168,13.0009,189.0284,45.6588
2035-05-13,28.8616,0.0000,19.1333,12.1010,462.7080,195.4949,94.9961,15.9208,195.3629,52.0970
2035-05-14,32.0698,0.0000,15.9226,9.1448,470.8846,202.8370,96.1894,16.1346,202.6490,52.7664
2035-05-15,29.7326,0.0052,17.9580,13.9261,478.6404,209.4964,96.2408,20.6731,209.2574,61.6698
2035-05-16,31.3339,0.0026,12.8079,7.2096,486.6845,216.9415,96.8553,16.0064,216.6396,52.8632
2035-05-17,31.9494,0.1590,20.2695,6.8563,494.8394,223.8787,96.6903,15.3799,223.5197,51.7018
2035-05-18,34.4443,0.0000,21.1253,5.7149,503.4434,231.2595,96.7419,14.6211,230.8370,50.2137
2035-05-19,37.2605,0.0001,16.8076,6.7747,512.5543,239.6611,96.8891,15.7303,239.1593,52.6782
2035-05-20,38.5778,0.0000,13.5969,7.3150,521.9023,248.6866,97.7546,18.1386,248.0932,57.6422
2035-05-21,38.0530,0.0007,12.7587,11.0842,531.1558,257.6792,97.8842,22.3117,256.9900,65.4958
2035-05-22,37.9194,0.0033,13.0159,9.9942,540.3853,266.6146,97.9361,21.2648,265.8267,63.7012
2035-05-23,37.8278,0.0859,13.4544,9.5396,549.5983,275.4841,97.9881,20.9264,274.5947,63.1510
2035-05-24,33.8762,0.0000,22.1055,11.7231,558.1001,282.6567,96.8446,20.0652,281.6902,61.6021
2035-05-25,34.3877,0.0000,22.6769,9.9019,566.6938,289.8807,96.6003,17.7157,288.8346,57.1170
2035-05-26,34.8654,0.0000,21.9874,10.4464,575.3736,297.2673,96.6518,18.3350,296.1369,58.3663
2035-05-27,34.5832,0.0000,21.7351,10.6970,584.0026,304.6197,96.7034,18.6968,303.4030,59.0960
2035-05-28,33.2414,0.0000,22.6368,13.1635,592.3900,311.6140,96.4161,20.3693,310.3146,62.2897
2035-05-29,30.6126,0.0835,26.6979,11.8232,600.3043,317.7339,95.3433,16.4627,316.3652,54.6790
2035-05-30,32.2483,0.5868,26.2967,7.8222,608.5130,324.2046,93.9054,11.0414,322.7600,42.5316
2035-05-31,32.7984,0.3062,30.5374,8.3326,616.8207,330.4037,93.9561,11.4089,328.8885,43.4417
2035-06-01,35.3849,0.0000,21.7329,9.3523,626.5940,337.9214,95.4294,14.7071,336.3165,51.0120
2035-06-02,34.6587,0.3411,21.0209,13.5234,636.2366,345.3566,95.5407,18.4241,343.6608,58.6540
2035-06-03,31.8796,0.0183,34.5802,12.5361,645.3789,351.0366,94.0070,14.2003,349.2855,49.9206
2035-06-04,33.8231,0.0200,25.2728,7.3595,654.8710,357.9070,94.4495,11.6299,356.0744,44.0065
2035-06-05,36.2874,0.0000,20.3719,8.3009,664.8068,365.7447,95.8835,14.8361,363.8092,51.3196
2035-06-06,37.4711,0.0000,18.3673,10.2472,674.9556,374.0341,96.5637,17.9381,371.9842,57.7270
2035-06-07,37.6388,0.0422,19.7753,10.3797,685.1346,382.2159,96.6152,18.1837,380.0521,58.2160
2035-06-08,33.8172,0.1710,34.7720,15.0147,694.6256,388.2120,94.3366,16.8399,385.9824,55.5321
2035-06-09,29.7878,0.0213,33.8441,12.7099,703.3914,393.5916,93.6645,13.6600,391.3047,48.7466
2035-06-10,34.5088,0.0979,23.6551,10.3666,713.0070,400.7486,94.8749,14.3480,398.3648,50.2750
2035-06-11,30.6026,0.0164,27.4293,13.6728,721.9195,406.8055,94.9175,17.0483,404.3460,55.9625
2035-06-12,33.2654,0.0000,22.2981,9.3191,731.3113,413.8354,95.0258,13.8948,411.2773,49.2773
2035-06-13,33.8381,0.0000,19.6424,10.9348,740.8061,421.2267,95.6771,16.4737,418.5596,54.7937
2035-06-14,33.3706,0.0082,19.9059,12.2609,750.2168,428.4952,95.7283,17.7352,425.7199,57.3458
2035-06-15,27.6770,0.7115,43.1881,16.8324,758.6027,432.7992,89.9023,9.8733,429.9879,39.6355
2035-06-16,28.7327,0.4376,34.9869,12.4547,767.1786,437.9053,91.4417,9.8649,435.0367,39.6144
2035-06-17,32.2696,0.0000,21.4371,10.2461,776.3911,444.8071,94.8021,14.1195,441.8357,49.7810
2035-06-18,34.5845,0.0000,18.0586,7.7218,786.0203,452.5051,96.1069,14.8516,449.4104,51.3808
2035-06-19,36.0939,0.0002,15.7663,6.8268,795.9212,460.7532,96.8965,15.7874,457.5196,53.3734
2035-06-20,36.5875,0.0000,16.1413,10.4461,805.9110,469.0735,96.9482,19.0773,465.6975,59.9732
2035-06-21,36.4346,0.0341,18.9878,11.6669,815.8732,477.0788,96.9998,20.4284,473.5674,62.5274
2035-06-22,33.8419,0.0023,26.8611,13.5464,825.3687,483.8069,95.8134,19.1417,480.1925,60.0979
2035-06-23,33.0819,0.0000,29.7832,11.5831,834.7275,490.1256,95.0371,15.5980,486.4185,52.9766
2035-06-24,34.1077,0.0000,30.3027,12.1710,844.2709,496.5859,94.9805,15.9429,492.7826,53.7010
2035-06-25,33.9281,0.0000,27.1475,10.7409,853.7819,503.3041,95.0315,14.9384,499.3950,51.5711
2035-06-26,36.4830,0.0000,20.7174,8.8202,863.7529,511.1486,95.8746,15.2109,507.1012,52.1556
2035-06-27,38.6810,0.0000,17.1979,10.4613,874.1194,519.8204,97.0012,19.2278,515.6102,60.2642
2035-06-28,39.4700,0.0000,19.7627,10.2222,884.6280,528.3903,97.0529,19.1291,524.0197,60.0753
2035-06-29,35.2236,0.0000,23.6926,15.0235,894.3723,535.6874,96.5603,22.8090,531.1881,66.8421
2035-06-30,35.8864,0.0000,19.2841,9.5531,904.2358,543.5470,96.6119,17.4340,538.8994,56.7526
2035-07-01,38.1067,0.0000,15.0798,10.5262,914.7990,551.3663,97.3755,20.2781,546.5788,62.2499
2035-07-02,35.8396,0.0000,16.7308,11.3565,924.9542,558.5903,97.4273,21.2907,553.6769,64.1183
2035-07-03,35.3642,0.0000,17.2983,11.8129,935.0237,565.6728,97.4791,21.9365,560.6361,65.2880
2035-07-04,35.4709,0.0000,22.9917,8.3016,945.1125,572.2870,96.8265,16.8467,567.1427,55.5664
2035-07-05,37.4014,0.0000,19.0927,10.2859,955.5487,579.6028,96.8781,18.7473,574.3292,59.3400
2035-07-06,37.8586,0.0000,18.0164,10.6675,966.0673,587.1041,96.9297,19.2438,581.6940,60.2958
2035-07-07,38.5106,0.0000,15.6020,11.9993,976.7032,594.9554,97.3404,21.7387,589.3962,64.9317
2035-07-08,39.3884,0.0000,14.3974,12.3464,987.4971,603.0953,97.7324,23.3044,597.3765,67.7128
2035-07-09,36.8300,0.0000,21.9476,10.8517,997.8305,610.0483,97.2099,20.1637,604.2067,62.0364
2035-07-10,35.1240,0.0000,32.1346,12.6708,1007.8568,615.8219,95.0789,16.5713,609.8969,55.0038
2035-07-11,34.5671,0.0000,29.4893,13.3855,1017.7829,621.7283,95.1299,17.2994,615.7131,56.4828
2035-07-12,34.2823,0.0000,26.6544,12.8217,1027.6577,627.8231,95.1810,16.9326,621.7091,55.7414
2035-07-13,36.7393,0.0000,23.1104,8.7583,1037.9748,634.6561,95.4306,14.2756,628.4202,50.1304
2035-07-14,39.5379,0.0000,16.8319,6.0001,1048.7956,642.5937,97.1829,15.7338,636.1988,53.2646
2035-07-15,40.2867,0.0000,17.2243,6.4229,1059.7512,650.6395,97.2881,16.2996,644.0815,54.4443
2035-07-16,41.0016,0.0000,17.2308,7.5028,1070.8355,658.8236,97.4023,17.4747,652.0971,56.8347
2035-07-17,41.3675,0.0000,13.5328,9.5517,1081.9857,667.4476,98.1990,21.5295,660.5342,64.5532
2035-07-18,39.8775,0.0000,16.7052,10.2922,1092.8676,675.4637,98.2511,22.5017,668.3821,66.2987
2035-07-19,39.5188,0.0000,15.4688,8.7164,1103.6850,683.5276,98.3031,20.9269,676.2733,63.4525
2035-07-20,39.6924,0.0000,17.0089,8.5617,1114.5336,691.4784,98.3552,20.9071,684.0548,63.4161
2035-07-21,41.1499,0.0000,14.8787,8.0274,1125.6446,699.9247,98.4074,20.4915,692.3133,62.6478
2035-07-22,41.0791,0.0000,12.7223,8.5189,1136.7428,708.5704,98.4595,21.1496,700.7607,63.8610
2035-07-23,38.9521,0.0000,16.8655,11.9519,1147.4582,716.3905,98.4512,25.1165,708.4097,70.8230
2035-07-24,32.2037,0.0000,30.5419,15.7623,1156.9589,721.8232,95.1125,19.4540,713.7540,60.6972
2035-07-25,34.9493,0.0000,27.1773,9.7087,1166.9537,727.9886,95.1636,14.4399,719.8066,50.4907
2035-07-26,38.9139,0.0000,18.5648,6.7136,1177.6622,735.6415,96.7181,15.3268,727.2924,52.4039
2035-07-27,40.2166,0.0000,15.2551,7.9132,1188.6052,743.8647,97.6622,18.4664,735.3257,58.7941
2035-07-28,40.2538,0.0000,12.7036,8.9651,1199.5549,752.3431,98.2041,20.9165,743.6012,63.4333
2035-07-29,38.6433,0.0000,15.4758,10.7291,1210.2147,760.2325,98.2562,23.0180,751.3076,67.2111
2035-07-30,37.0389,0.0000,20.5324,11.6368,1220.5857,767.3506,97.5647,21.9914,758.2711,65.3870
2035-07-31,35.9362,0.0000,21.2280,12.0760,1230.7582,774.2023,97.1766,21.3517,764.9760,64.2300
2035-08-01,36.6837,0.0000,19.4584,9.0200,1240.3653,780.4848,97.2283,18.4311,771.1276,58.7253
2035-08-02,37.7725,0.0000,16.3661,9.9908,1250.1683,787.1964,97.2800,19.4891,777.6911,60.7639
2035-08-03,34.0927,0.0000,20.4292,14.3904,1259.3090,792.9776,97.0056,23.4515,783.3552,67.9697
2035-08-04,35.8176,0.0000,19.7647,7.9590,1268.7602,799.0927,97.0573,17.0775,789.3422,56.0353
2035-08-05,37.2893,0.0000,20.1747,9.1545,1278.4762,805.4191,97.1090,18.2635,795.5344,58.3973
2035-08-06,38.1833,0.0000,19.2534,10.2433,1288.3532,811.9675,97.1607,19.4270,801.9401,60.6457
2035-08-07,39.9558,0.0000,15.3987,9.7524,1298.5493,819.1382,97.6085,20.1156,808.9432,61.9466
2035-08-08,41.2790,0.0000,14.7615,8.0375,1308.9835,826.5957,97.9485,19.2998,816.2223,60.4030
2035-08-09,41.6198,0.0000,14.3728,6.9992,1319.4790,834.1474,98.0846,18.6479,823.5910,59.1474
2035-08-10,40.7588,0.0000,14.8220,8.8344,1329.8196,841.5081,98.1367,20.5954,830.7738,62.8406
2035-08-11,40.5776,0.0000,14.4507,10.8235,1340.1276,848.8689,98.1887,22.9233,837.9550,67.0445
2035-08-12,40.1913,0.0000,16.7845,10.7333,1350.3660,855.9626,98.2408,22.9763,844.8795,67.1378
2035-08-13,37.8694,0.0000,26.5818,10.1166,1360.1865,861.8691,96.6150,17.9439,850.6669,57.7682
2035-08-14,34.6363,0.0000,31.8320,11.8743,1369.4251,866.8983,95.0045,15.7581,855.6094,53.3156
2035-08-15,34.6361,0.0000,23.8538,10.2247,1378.6635,872.5160,95.0555,14.6028,861.1111,50.8460
2035-08-16,36.9223,0.0000,19.1464,7.7362,1388.3136,878.8627,96.2706,15.1946,867.3123,52.1221
2035-08-17,37.8558,0.0000,20.2027,6.9457,1398.1316,885.2802,96.3221,14.7030,873.5830,51.0637
2035-08-18,38.2341,0.0000,20.5317,7.1062,1408.0178,891.7333,96.3735,14.9254,879.8880,51.5446
2035-08-19,37.6587,0.0000,20.9655,8.9180,1417.8003,898.0573,96.4250,16.4659,886.0678,54.7874
2035-08-20,36.1144,0.0000,21.4783,9.7799,1427.3049,904.0900,96.4765,17.3164,891.9652,56.5171
2035-08-21,35.6226,0.0000,21.0030,9.4195,1436.7210,910.0789,96.5279,17.1229,897.8189,56.1272
2035-08-22,36.0852,0.0000,19.4871,9.3741,1446.2203,916.2597,96.5795,17.2025,903.8556,56.2878
2035-08-23,38.1574,0.0000,17.4031,6.8892,1456.0926,922.9538,96.8966,15.8374,910.3852,53.4820
2035-08-24,39.9028,0.0000,15.0964,5.6969,1466.2792,930.1407,97.6473,16.4824,917.3872,54.8212
2035-08-25,39.9171,0.0000,14.5347,6.4308,1476.4682,937.3778,97.7902,17.4302,924.4355,56.7455
2035-08-26,37.7826,0.0000,15.1970,9.2508,1486.2731,944.1851,97.8421,20.2301,931.0683,62.1608
2035-08-27,36.7339,0.0000,18.4509,9.6834,1495.8892,950.5546,97.7944,20.5457,937.2819,62.7483
2035-08-28,36.1283,0.0000,17.0194,7.8684,1505.3963,956.9322,97.8463,18.8793,943.5003,59.5955
2035-08-29,37.1240,0.0000,18.4172,6.5015,1515.0826,963.3700,97.8531,17.6385,949.7783,57.1618
2035-08-30,39.1275,0.0000,16.9576,5.0151,1525.1296,970.2665,97.9050,16.4784,956.4965,54.8129
2035-08-31,40.9320,0.0000,13.6009,5.7368,1535.5013,977.7637,98.1319,17.6080,963.7884,57.1010
2035-09-01,39.5092,0.0000,14.1240,8.2860,1544.3170,983.9724,98.1839,20.1592,969.8305,62.0282
2035-09-02,34.8258,0.0000,19.2336,11.5259,1552.2897,989.1383,97.4954,21.6684,974.8692,64.8049
2035-09-03,31.5284,0.0151,26.9365,13.7159,1559.6688,993.3826,95.5862,18.7193,979.0245,59.2859
2035-09-04,31.4510,0.0000,24.3070,9.0491,1567.0339,997.7692,95.6374,14.8999,983.3139,51.4896
2035-09-05,34.1543,0.0000,21.5814,6.5688,1574.8857,1002.6912,95.6886,13.2412,988.1185,47.8164
2035-09-06,35.3726,0.0000,26.5058,6.8362,1582.9568,1007.4635,95.7399,13.5145,992.7855,48.4358
2035-09-07,35.8726,0.0000,30.5624,7.1006,1591.1179,1012.0342,95.3140,12.9244,997.2634,47.0915
2035-09-08,36.4964,0.0000,28.5065,6.6638,1599.3912,1016.8196,95.3651,12.7316,1001.9461,46.6460
2035-09-09,36.5033,0.0000,26.6897,7.9720,1607.6658,1021.7275,95.4162,13.6942,1006.7443,48.8397
2035-09-10,34.5172,0.0088,21.7047,8.8974,1615.5829,1026.6923,95.4674,14.4482,1011.5889,50.5089
2035-09-11,32.0484,0.0093,26.9546,9.4974,1623.0556,1031.0032,95.3134,14.5824,1015.8067,50.8017
2035-09-12,33.1931,0.0984,18.8669,5.9031,1630.7343,1035.9567,95.7486,12.9091,1020.6353,47.0561
2035-09-13,35.6764,3.1803,30.3720,9.1398,1505.0161,123.5495,89.8914,6.6902,205.0223,29.8768
2035-09-14,28.8096,5.8220,68.9520,8.0501,1286.9575,70.7941,67.0841,0.8542,124.4707,4.9146
2035-09-15,29.6643,2.2236,61.8620,6.6768,1294.0011,63.0286,75.4198,1.0983,112.3734,5.9303
2035-09-16,33.4185,1.0783,43.5617,7.2212,1301.7204,66.4970,87.6305,4.3916,117.9328,19.1118
2035-09-17,32.3494,0.9310,43.1136,7.2098,1309.2473,69.8847,89.1185,5.4331,123.3139,22.7002
2035-09-18,31.4727,0.0000,35.7370,9.0315,1316.6164,73.6114,91.6692,8.5743,129.1684,31.6412
2035-09-19,30.4461,0.0000,31.4373,7.6104,1323.8007,77.4621,92.5211,9.0026,135.1530,33.2098
2035-09-20,29.7532,0.0000,29.0913,8.0143,1330.8603,81.3571,92.9356,9.7384,141.1435,35.4757
2035-09-21,28.5992,0.0000,34.7289,9.5354,1337.7122,84.8083,92.9859,10.5887,146.4112,37.8868
2035-09-22,28.7742,0.0000,23.0271,7.8771,1344.5955,88.9023,94.0000,11.2181,152.5832,39.7823
2035-09-23,31.1591,0.0003,16.9768,5.8014,1351.9081,93.6705,95.7162,12.7868,159.6812,43.7628
2035-09-24,31.3000,0.0932,20.0421,5.9650,1359.2461,98.2828,95.7674,12.9826,166.4728,44.5989
2035-09-25,31.1094,0.0001,26.2104,6.5695,1366.5498,102.5142,95.3897,12.7137,172.6494,44.3316
2035-09-26,30.4672,0.0000,30.6883,7.4704,1373.7379,106.4096,94.5054,11.7856,178.2928,42.4858
2035-09-27,29.2910,0.0416,32.6610,8.2815,1380.7143,110.0531,93.8496,11.2127,183.5337,41.3503
2035-09-28,26.6318,0.0000,33.1401,11.1740,1387.2120,113.3541,93.2776,11.9790,188.2515,43.3128
2035-09-29,27.3331,0.0303,27.1847,7.1575,1393.8360,117.0401,93.3280,9.8533,193.4669,38.3366
2035-09-30,28.4442,0.0425,25.1972,9.1546,1400.6600,120.9747,93.5619,11.2576,198.9839,41.9419
2035-10-01,23.6371,1.0572,43.6387,12.6383,1405.6186,123.0872,87.4280,5.6053,201.9611,26.4253
2035-10-02,25.5877,0.0000,36.7670,8.3627,1410.9284,125.6442,90.2170,6.7404,205.5316,30.0370
2035-10-03,27.9515,0.0000,29.0007,7.8240,1416.6637,128.7695,92.3898,8.9333,209.8521,36.3186
2035-10-04,29.2687,0.0000,29.0947,8.6202,1422.6361,132.0322,92.8466,9.9158,214.3344,38.9624
2035-10-05,28.9942,0.0000,33.2614,7.4854,1428.5590,135.0754,92.8968,9.4310,218.5007,37.7803
2035-10-06,29.6427,0.0000,31.7742,6.5149,1434.5987,138.2534,92.9472,9.0444,222.8228,36.8241
2035-10-07,28.9430,0.0002,38.8926,9.9358,1440.5124,141.0351,92.5258,10.1285,226.6051,39.6954
2035-10-08,22.9683,0.7900,41.4928,14.7060,1445.3507,143.1688,88.6819,7.4452,229.5039,32.4555
2035-10-09,23.3049,0.0000,23.7995,4.6079,1450.2496,145.9865,92.2119,7.4086,233.2691,32.3879
2035-10-10,27.8595,0.0000,20.3252,5.3774,1455.9683,149.4826,94.2786,10.2792,237.9023,40.2142
2035-10-11,30.7915,0.0004,22.7611,8.2010,1462.2148,153.2150,94.4967,12.2129,242.8212,44.9679
2035-10-12,31.5468,0.0090,26.7069,7.3684,1468.5972,156.8405,94.5476,11.7934,247.5797,44.0247
2035-10-13,30.1103,0.0031,40.6659,8.8962,1474.7211,159.6464,92.6717,9.8108,251.2854,39.1386
2035-10-14,28.9565,0.1809,42.2895,4.9875,1480.6372,162.2746,91.9966,7.3255,254.7493,32.3125
2035-10-15,25.5846,0.2513,46.3741,7.9664,1485.9465,164.4429,90.8104,7.1919,257.6135,31.9338
2035-10-16,24.0139,0.0130,44.8146,8.8152,1490.9730,166.5428,90.5861,7.2695,260.3753,32.1793
2035-10-17,20.5239,0.0190,40.1323,10.5081,1495.3713,168.5044,90.6356,7.9731,262.9368,34.2335
2035-10-18,20.4967,0.0011,36.4943,7.4248,1499.7647,170.5825,90.6852,6.8742,265.6326,31.0208
2035-10-19,25.0013,0.0003,39.2092,7.6467,1504.9689,172.9867,90.7348,7.0009,268.7465,31.4176
2035-10-20,27.0456,0.0000,34.8282,12.1437,1510.5411,175.7660,91.2887,9.5026,272.3156,38.4624
2035-10-21,26.5575,0.0228,41.9319,10.7474,1516.0255,178.1994,91.3385,8.9199,275.4541,36.9201
2035-10-22,26.7846,0.0218,42.2514,7.8026,1521.5507,180.6394,91.3883,7.7445,278.5922,33.6480
2035-10-23,26.9619,0.0195,41.3637,6.3958,1527.1078,183.1325,91.4381,7.2657,281.7851,32.2584
2035-10-24,26.6124,0.0000,41.8206,7.4672,1532.6020,185.5755,91.4880,7.7232,284.9061,33.6081
2035-10-25,26.5593,0.0000,45.1456,7.4473,1538.0867,187.8744,91.0148,7.2133,287.8484,32.1212
2035-10-26,26.7998,0.0442,46.1387,6.0753,1543.6147,190.1513,90.8157,6.5431,290.7592,30.0906
2035-10-27,26.1241,0.1951,44.5105,6.4267,1549.0210,192.4402,90.8654,6.7073,293.6711,30.6054
2035-10-28,25.9657,0.0000,36.8625,6.0867,1554.3988,195.0295,90.9150,6.6402,296.9223,30.4061
2035-10-29,26.5986,0.0000,34.2109,5.5179,1559.8906,197.7906,91.3318,6.8471,300.3667,31.0483
2035-10-30,27.0519,0.0000,31.6091,5.2632,1565.4639,200.7079,91.9055,7.3328,303.9820,32.5146
2035-10-31,25.0176,0.0000,33.3250,5.7032,1570.6711,203.3464,91.9555,7.5504,307.2483,33.1610
2035-11-01,23.6546,0.2508,46.4990,9.4280,1574.6329,205.1023,90.5412,7.4496,309.4401,32.8694
2035-11-02,19.2753,8.7496,67.2288,14.5333,1209.5177,79.3435,58.5935,0.7754,136.3292,4.6760
2035-11-03,14.6075,4.2718,73.8464,13.0377,1128.9326,54.6597,51.5363,0.3788,97.5158,1.2033
2035-11-04,17.2849,0.0576,49.1713,9.6963,1131.7479,55.8986,75.2166,1.2638,99.5099,6.2728
2035-11-05,18.0970,0.0000,44.4621,8.9951,1134.7094,57.3122,84.5418,3.1145,101.7733,13.7184
2035-11-06,17.8355,0.0000,46.7339,10.6290,1137.6238,58.6494,86.8275,4.6502,103.9067,18.7712
2035-11-07,19.5570,0.0000,39.7678,10.4310,1140.8480,60.2990,88.6511,5.9758,106.5225,22.7612
2035-11-08,18.0639,0.0000,35.2525,9.3901,1143.8035,61.9440,89.5130,6.4172,109.1150,24.2025
2035-11-09,20.1194,0.0000,40.5179,7.3590,1147.1290,63.6174,89.5622,5.8340,111.7424,22.8794
2035-11-10,20.8966,0.0000,45.4635,6.8151,1150.5944,65.2079,89.6114,5.7165,114.2312,22.7765
2035-11-11,20.9482,0.0003,48.3422,8.6206,1154.0691,66.7179,89.4447,6.1130,116.5860,24.0929
2035-11-12,20.6200,0.2334,56.3806,6.3837,1157.4847,67.9740,88.3226,4.6490,118.5441,19.9658
2035-11-13,20.8050,0.0641,54.4731,7.4733,1160.9336,69.2962,88.3182,4.9083,120.5963,20.9179
2035-11-14,18.1075,0.1969,57.4141,4.4519,1163.8969,70.3806,87.6544,3.8327,122.2762,17.5649
2035-11-15,19.2836,0.2401,56.3866,12.5327,1167.0720,71.5593,87.7030,5.7992,124.0961,23.8296
2035-11-16,16.9482,13.3873,82.7572,11.8601,913.9463,34.7385,40.9152,0.0749,63.4479,0.1497
2035-11-17,14.7967,2.5289,56.3823,7.3178,916.3137,29.8166,55.8792,0.4362,55.1471,0.7872
2035-11-18,14.2396,0.0000,46.3326,5.5949,918.5808,30.9081,74.5978,0.9938,57.0197,3.1557
2035-11-19,14.5114,2.5233,71.2161,8.4998,920.8969,26.2228,62.9493,0.7396,48.9603,1.7615
2035-11-20,14.6199,0.8035,68.3246,6.6316,923.2325,26.8830,71.3773,0.9146,50.1176,2.5142
2035-11-21,15.2568,0.0000,52.4559,5.9461,925.6827,27.9140,80.6753,1.6497,51.9144,5.1222
2035-11-22,16.5055,0.0701,46.4686,11.7131,928.3577,29.1635,85.6053,4.1348,54.0799,11.9254
2035-11-23,18.5221,0.2298,50.8905,8.9751,931.3957,30.4411,86.6312,4.1609,56.2834,12.2648
2035-11-24,19.9401,0.1585,56.5489,7.4413,934.6889,31.6532,86.6794,3.8779,58.3650,11.8374
2035-11-25,16.9969,0.4627,76.8396,6.3514,937.4523,32.2089,84.3430,2.6537,59.3223,8.7136
2035-11-26,18.4475,1.2826,69.8287,6.9218,940.4769,32.9908,77.0736,1.2409,60.6617,4.2803
2035-11-27,17.5633,6.3692,77.6758,10.5224,867.9198,19.6205,49.9505,0.2771,37.1418,0.3785
2035-11-28,16.4643,3.1095,72.2130,9.3656,848.6068,15.2824,53.2576,0.3783,29.2481,0.4392
2035-11-29,15.8697,0.2100,64.9718,6.2705,851.1674,16.0705,70.1359,0.8618,30.6923,1.1896
2035-11-30,17.2219,0.0079,54.6117,7.6117,853.9713,17.1731,80.7353,1.8061,32.7020,4.0115
2035-12-01,19.0648,0.1209,59.0601,7.6916,857.1070,18.1112,84.1500,2.7663,34.4049,6.3998
2035-12-02,17.3669,3.1395,80.2203,6.5626,838.1309,13.7682,58.8447,0.5280,26.4502,0.5733
2035-12-03,19.1781,0.5092,72.4562,5.6213,841.2869,14.4029,72.0898,0.8917,27.6236,0.9964
2035-12-04,16.2247,15.8983,90.2809,8.7119,686.8762,6.5196,26.8805,0.0022,12.7370,0.0015
2035-12-05,16.2372,0.8715,70.3700,10.2548,689.5029,7.1034,53.4145,0.4020,13.8500,0.2914
2035-12-06,15.5549,0.8516,76.4275,10.5868,692.0068,7.5495,65.4427,0.9149,14.6982,0.6868
2035-12-07,16.3177,0.2160,71.1851,5.5607,694.6480,8.1199,74.7860,1.0020,15.7786,0.7848
2035-12-08,15.8554,0.8827,80.0930,7.9023,697.2060,8.5034,73.9398,1.0806,16.5037,0.8696
2035-12-09,17.7011,1.6587,77.2810,11.7334,700.0961,8.1432,69.2549,1.1035,15.8262,0.8658
2035-12-10,14.7836,0.0084,63.5562,7.1214,702.4612,8.8010,77.9884,1.3474,17.0674,1.4344
2035-12-11,14.4737,0.0194,68.7839,4.6326,704.7705,9.3535,80.8067,1.5667,18.1062,2.0327
2035-12-12,15.8831,0.0279,62.7834,3.8525,707.3334,10.0717,82.9795,1.9555,19.4511,2.9531
2035-12-13,15.0653,1.6151,75.3438,6.4909,709.7492,9.7517,71.0418,0.8978,18.8557,0.7843
2035-12-14,13.1926,0.0074,56.7845,6.6200,711.8278,10.4536,79.3583,1.4879,20.1668,2.0839
2035-12-15,12.6349,0.0000,45.2062,8.3569,713.8061,11.3088,84.3754,2.9487,21.7560,5.0649
2035-12-16,10.6706,0.0957,48.8135,10.8024,715.4308,11.9935,85.4913,3.8871,23.0222,6.8484
2035-12-17,10.8952,3.2839,71.1570,10.0872,700.3146,8.6286,60.1828,0.6883,16.7415,0.5588
2035-12-18,10.9423,0.4544,77.3959,6.7099,701.9882,8.9379,68.8989,0.8471,17.3244,0.7022
2035-12-19,11.5987,0.0011,60.4249,4.1388,703.7800,9.5090,76.8271,1.0592,18.3966,0.9113
2035-12-20,12.6400,0.0079,61.3596,4.8235,705.7592,10.1124,80.9360,1.6049,19.5253,2.2661
2035-12-21,14.3492,0.1347,61.3181,11.6208,708.0460,10.7915,83.3042,3.0160,20.7908,5.0323
2035-12-22,16.9194,0.1012,62.7600,6.1624,710.7955,11.5541,84.2081,2.5812,22.2057,4.4737
2035-12-23,15.5225,0.5427,79.9008,4.3972,713.2936,11.9337,82.7975,1.9640,22.9092,3.3717
2035-12-24,15.7395,10.1503,91.1527,6.0132,639.7585,5.8768,30.1784,0.0049,11.4897,0.0032
2035-12-25,17.4192,0.4033,75.3898,5.2454,642.5980,6.3947,52.2489,0.2766,12.4790,0.1888
2035-12-26,15.9744,0.9321,86.2900,5.5588,645.1774,6.6607,57.5688,0.4576,12.9863,0.3195
2035-12-27,16.4058,10.9140,80.7037,12.6747,577.4734,3.2428,38.6608,0.0506,6.3959,0.0243
2035-12-28,14.1457,16.7292,77.9243,14.9229,486.3278,1.3409,33.7522,0.0192,2.6634,0.0065
2035-12-29,13.9243,7.6825,75.9250,12.2479,455.9928,0.4297,36.6136,0.0323,0.8574,0.0082
2035-12-30,13.7557,4.9847,74.7171,10.8158,440.9030,0.4268,40.6945,0.0682,0.8516,0.0174
2035-12-31,14.0260,3.7130,74.3758,9.8006,432.5350,0.4405,44.9170,0.1330,0.8787,0.0341
2036-01-01,13.8337,24.3580,80.7723,17.5982,337.5693,0.3535,32.2915,0.0153,0.7052,0.0038
2036-01-02,14.8616,2.6169,63.5870,11.3355,339.9484,0.7155,51.9956,0.3658,1.4236,0.1036
2036-01-03,13.7429,0.0338,61.9341,4.1473,342.1261,1.4111,68.1787,0.7276,2.7934,0.2501
2036-01-04,15.0253,0.0494,58.6600,5.6695,344.5347,2.2318,78.1601,1.2707,4.3924,0.5175
2036-01-05,16.7460,0.0000,57.1657,10.4711,347.2530,3.1729,83.2933,2.8422,6.2040,2.0635
2036-01-06,18.4742,0.0000,58.3438,5.4757,350.2823,4.1767,84.9100,2.7427,8.1116,2.3797
2036-01-07,15.1654,0.0947,74.6650,4.3630,352.7161,4.6840,84.1117,2.3272,9.0670,2.0273
2036-01-08,13.5333,0.0122,58.3390,8.0024,354.8561,5.4345,84.6420,3.0031,10.4683,3.1972
2036-01-09,11.6040,0.0175,56.6329,6.5268,356.6488,6.1128,84.8215,2.8571,11.7232,3.2480
2036-01-10,13.8282,0.5578,61.9620,4.6242,358.8419,6.8119,83.9797,2.3168,13.0065,2.6864
2036-01-11,12.7691,2.2387,68.4645,7.3008,360.8443,5.5845,67.3497,0.8300,10.7530,0.5209
2036-01-12,8.9741,0.9123,66.8343,11.0255,362.1637,5.9959,71.7522,1.1565,11.5151,0.7540
2036-01-13,13.3407,8.7812,72.1779,15.1113,335.9949,3.1051,47.3275,0.2479,6.0699,0.1163
2036-01-14,11.6612,2.0864,68.2239,14.0538,337.7979,2.4669,56.9684,0.6701,4.8454,0.2844
2036-01-15,12.1994,0.0542,58.9922,8.8155,339.6978,3.1384,72.4968,1.0638,6.1350,0.5017
2036-01-16,14.3347,0.6810,64.8937,11.0244,341.9821,3.8054,78.0855,1.6538,7.4049,0.8537
2036-01-17,14.3007,0.2508,67.0600,10.0742,344.2602,4.4300,81.4009,2.2054,8.5838,1.7645
2036-01-18,13.3946,0.0054,69.1728,6.3184,346.3752,4.9801,82.3072,2.0349,9.6145,1.6988
2036-01-19,13.7815,0.0062,62.6747,5.1428,348.5599,5.6639,83.4294,2.2117,10.8856,2.1831
2036-01-20,15.8587,0.0324,56.0028,7.0264,351.1185,6.5825,84.9271,2.9726,12.5755,3.5676
2036-01-21,15.1010,0.0123,62.9073,5.6396,353.5407,7.3223,84.9747,2.7902,13.9236,3.5499
2036-01-22,16.4443,0.0002,56.7051,6.6158,356.2046,8.2574,85.4489,3.1293,15.6101,4.3485
2036-01-23,15.9816,0.0084,63.8149,7.3656,358.7853,9.0183,85.4967,3.2715,16.9703,4.8048
2036-01-24,15.6800,1.4172,70.0291,7.2443,361.3117,9.6375,75.4614,1.1329,18.0700,0.9639
2036-01-25,13.5540,1.6321,70.5415,8.4275,363.4554,9.3599,69.3991,0.9384,17.5875,0.7852
2036-01-26,13.1931,0.0129,60.5070,7.7982,365.5342,10.0548,78.2212,1.4220,18.8158,1.7993
2036-01-27,14.7964,1.1932,63.6151,9.6136,367.9015,10.7669,76.3350,1.3488,20.0657,1.7596
2036-01-28,14.7411,0.0000,54.0300,4.1991,370.2589,11.6634,82.0499,1.7721,21.6239,2.8371
2036-01-29,14.4430,0.0200,55.3552,6.2783,372.5627,12.5177,84.2786,2.6211,23.0954,4.6685
2036-01-30,14.1596,0.1114,69.6407,8.7071,374.8154,13.0880,84.3261,2.9813,24.0744,5.4665
2036-01-31,17.4073,0.0038,64.1291,5.2445,377.6527,13.9053,84.4866,2.5589,25.4664,4.8638
2036-02-01,18.0942,0.0000,56.1750,6.2133,380.6137,15.1002,85.5413,3.1061,27.4753,6.1870
2036-02-02,18.8288,0.0000,53.2937,5.8223,383.7069,16.4224,86.3140,3.3940,29.6702,7.0490
2036-02-03,16.8514,0.0000,58.8049,10.0405,386.4441,17.4729,86.3621,4.2264,31.3968,8.8580
2036-02-04,17.3837,0.0000,52.0829,9.1327,389.2772,18.7310,86.5512,4.1469,33.4394,9.0409
2036-02-05,17.4762,0.0079,51.7923,6.5368,392.1269,20.0031,86.6503,3.6898,35.4812,8.4645
2036-02-06,16.0505,0.0000,51.1395,7.3030,394.7200,21.1934,86.6985,3.8614,37.3706,9.0794
2036-02-07,15.7065,0.0000,50.2561,5.3767,397.2511,22.3810,86.7468,3.5282,39.2357,8.6483
2036-02-08,15.3878,0.0000,53.0611,6.7529,399.7249,23.4803,86.7951,3.8076,40.9474,9.4702
2036-02-09,14.1444,0.0002,46.6475,8.8966,401.9749,24.6357,86.9640,4.3450,42.7251,10.8381
2036-02-10,14.7433,0.0020,47.5844,8.9644,404.3327,25.8153,87.0124,4.3900,44.5239,11.1920
2036-02-11,14.2975,0.0226,53.1896,9.7191,406.6103,26.8392,87.0607,4.5917,46.0751,11.8360
2036-02-12,11.4222,0.1117,69.5242,11.0519,408.3703,27.3812,85.0371,3.6965,46.9007,10.0103
2036-02-13,14.5887,0.3465,57.2081,12.5410,410.7003,28.3349,85.2253,4.0893,48.3333,11.0752
2036-02-14,11.9840,8.7321,89.8123,7.3059,380.9879,14.6932,32.8238,0.0104,26.8022,0.0114
2036-02-15,17.2107,0.1573,57.3155,8.1245,383.7898,15.8034,63.2462,0.7360,28.6568,0.8428
2036-02-16,17.4321,0.0000,50.9763,5.9632,386.6316,17.0940,78.4969,1.3281,30.7852,2.6350
2036-02-17,17.8895,0.0000,48.2006,5.1097,389.5557,18.4912,84.5237,2.5544,33.0593,5.7784
2036-02-18,19.6695,0.0000,46.4798,4.3795,392.8003,20.0702,86.9631,3.4600,35.5938,8.0155
2036-02-19,20.7357,0.0000,47.7850,6.2695,396.2367,21.6898,87.6707,4.2101,38.1578,9.8896
2036-02-20,21.4441,0.0000,48.9823,7.2264,399.8006,23.3236,87.7859,4.4915,40.7099,10.8323
2036-02-21,21.5040,0.0101,49.1060,5.7217,403.3753,24.9578,87.8345,4.1926,43.2288,10.5957
2036-02-22,19.9455,0.1553,51.7659,7.6552,406.6695,26.3997,87.8832,4.6540,45.4270,11.8691
2036-02-23,12.9585,1.5370,54.7977,16.5532,408.7060,26.4687,78.6559,2.2972,45.5609,6.4572
2036-02-24,10.7540,0.0943,42.3043,13.0749,410.3458,27.4402,84.3999,3.7525,47.0198,10.1519
2036-02-25,10.6637,0.0019,45.7238,8.8636,411.9692,28.3472,85.8291,3.6954,48.3731,10.1926
2036-02-26,11.2757,1.0850,62.1594,9.5418,413.7028,29.0124,79.1123,1.6834,49.3694,5.0419
2036-02-27,15.5478,0.0995,53.5795,9.3004,416.2055,30.1102,83.7999,2.8632,50.9970,8.4694
2036-02-28,15.2238,0.0000,44.1777,7.1904,418.6497,31.4046,86.4423,3.7027,52.8904,10.7619
2036-02-29,15.7983,0.0001,42.7310,6.7060,421.1974,32.7793,87.5315,4.2189,54.8809,12.2225
2036-03-01,16.3728,0.0001,41.2842,6.2217,423.8485,34.5281,88.1172,4.4773,57.3719,13.1415
2036-03-02,15.7178,0.0028,46.1107,10.6462,426.3817,36.0730,88.1659,5.6348,59.5506,16.0193
2036-03-03,13.3618,0.0163,42.7839,9.5620,428.4909,37.4834,88.2147,5.3726,61.5141,15.7294
2036-03-04,14.8805,0.0000,38.3634,6.6370,430.8734,39.1624,88.5241,4.8468,63.8226,14.8411
2036-03-05,17.0119,0.0000,36.9183,6.2003,433.6395,41.1100,89.0734,5.1304,66.4669,15.8523
2036-03-06,16.0832,0.2496,48.4297,6.8674,436.2385,42.6205,88.7328,5.0525,68.5079,15.9344
2036-03-07,16.3879,0.0003,44.8212,6.0767,438.8923,44.2654,88.7817,4.8894,70.7034,15.8180
2036-03-08,19.3222,0.0020,43.1008,6.0215,442.0743,46.2461,88.8306,4.9102,73.3176,16.1923
2036-03-09,18.1126,0.0137,49.1340,10.3199,445.0385,47.9120,88.7943,6.0659,75.5028,19.2468
2036-03-10,16.2673,0.0000,36.3435,10.9199,447.6706,49.7965,89.1498,6.5795,77.9235,20.7620
2036-03-11,18.1546,0.0002,40.4517,8.7868,450.6425,51.7509,89.1989,5.9507,80.4151,19.6243
2036-03-12,17.7149,0.0000,29.4533,11.4044,453.5351,54.0135,90.5238,8.2092,83.2427,25.1286
2036-03-13,19.4015,0.0000,27.9652,13.4045,456.7314,56.5309,91.3064,10.1514,86.3442,29.6222
2036-03-14,20.3170,0.0000,27.9673,12.7522,460.0925,59.1606,91.5753,10.2057,89.5382,30.2734
2036-03-15,20.4412,0.0000,37.9477,11.0910,463.4759,61.4391,91.2694,8.9870,92.2922,28.1896
2036-03-16,21.4795,0.0009,40.2446,5.1980,467.0462,63.7391,91.0249,6.4496,95.0491,22.7154
2036-03-17,24.2698,0.0051,33.7356,4.1681,471.1188,66.6047,91.0959,6.1857,98.4229,22.4436
2036-03-18,24.5339,0.0893,35.4825,7.1834,475.2389,69.4238,91.1456,7.2519,101.7046,25.5005
2036-03-19,23.4326,0.1479,40.4533,8.2300,479.1607,71.9139,91.1920,7.6952,104.5863,26.9215
2036-03-20,22.1110,0.7369,43.8763,9.8131,482.8447,74.1345,88.0638,5.3246,107.1430,21.0216
2036-03-21,15.9777,8.9286,73.8153,11.4575,446.9187,40.7803,49.7573,0.2837,66.4110,0.5860
2036-03-22,15.9799,0.9459,64.8520,9.2888,449.4991,41.8036,66.8442,0.9018,67.8354,3.2688
2036-03-23,19.4685,0.1270,51.8367,4.7155,452.7074,43.4923,80.1945,1.4720,70.1387,5.6793
2036-03-24,21.7596,0.0056,46.3867,5.3011,456.3282,45.5814,86.2123,3.2590,72.9466,11.7314
2036-03-25,24.0914,0.0000,46.7347,5.2772,460.3686,47.8686,88.1055,4.2621,75.9852,14.8336
2036-03-26,27.1492,0.0000,41.3533,8.1991,464.9595,50.6927,89.8319,6.3263,79.6701,20.4230
2036-03-27,28.3525,0.0000,36.4236,7.7837,469.7669,53.8845,91.0859,7.4113,83.7521,23.4672
2036-03-28,27.1794,0.0000,39.6081,11.3728,474.3632,56.7957,91.1356,8.9437,87.4234,27.3421
2036-03-29,25.6742,0.0000,34.6313,9.1232,478.6886,59.7791,91.1854,8.0419,91.1126,25.9483
2036-03-30,27.7160,0.0000,25.9005,6.0546,483.3814,63.4189,93.0332,8.9443,95.5106,28.5759
2036-03-31,26.3989,0.0000,27.2106,9.9908,487.8373,66.8308,93.0836,10.9837,99.5629,33.4667
2036-04-01,25.8846,0.0001,29.2202,8.2728,493.4505,71.4612,93.1340,10.1441,104.9320,32.5137
2036-04-02,26.2165,0.0184,23.7597,9.9698,499.1234,76.5101,93.4850,11.6047,110.6259,36.3731
2036-04-03,25.1034,0.5116,24.2280,14.4255,504.5961,81.3236,93.2338,14.0256,115.9352,41.9334
2036-04-04,23.3912,0.7159,34.3528,11.9285,509.7605,85.2214,90.3068,8.1714,120.2038,29.8001
2036-04-05,23.3700,0.0566,35.2527,7.6941,514.9211,89.0624,90.5971,6.8811,124.3534,26.8615
2036-04-06,25.2613,0.0000,29.0535,11.0391,520.4221,93.5964,92.0134,9.9610,129.1326,34.9554
2036-04-07,25.5086,0.1114,33.4250,15.3007,525.9677,97.8910,92.0634,12.4346,133.6132,40.8745
2036-04-08,25.5734,0.2491,39.8027,10.1519,531.5249,101.7837,91.7673,9.1994,137.6633,33.8958
2036-04-09,21.7102,0.0198,42.2578,10.4011,536.3867,104.9768,90.8729,8.2034,140.9768,31.6428
2036-04-10,19.9846,0.0669,35.2643,11.0601,540.9379,108.2858,90.9226,8.5406,144.3374,32.7433
2036-04-11,19.9392,0.4997,44.4026,10.2638,545.4810,111.1216,90.1694,7.3677,147.2509,29.8268
2036-04-12,22.8824,0.0286,35.3813,6.8940,550.5538,114.8786,90.4805,6.5000,150.9921,27.5859
2036-04-13,25.9414,0.0000,26.6615,5.6441,556.1773,119.6865,92.4858,8.1130,155.6404,32.3138
2036-04-14,27.8200,0.0000,22.1878,5.8579,562.1389,125.1420,93.9400,10.0489,160.7947,37.5195
2036-04-15,29.3675,0.0000,22.3019,6.3652,568.3790,130.8810,94.3350,10.8882,166.1267,39.8189
2036-04-16,31.4841,0.0003,18.5292,4.6252,575.0002,137.3167,95.4625,11.6421,171.9652,41.8712
2036-04-17,33.2568,0.0294,16.6773,10.0810,581.9404,144.2568,96.2415,17.0332,178.1253,53.5830
2036-04-18,34.1819,0.2866,19.8087,11.8385,589.0471,151.1160,96.2929,18.7401,184.1353,57.1466
2036-04-19,27.0879,0.1529,32.9266,9.5424,594.8769,155.6995,93.9180,12.0621,188.2322,43.5041
2036-04-20,29.1881,0.9678,31.7897,8.0399,601.0848,160.7081,91.0607,7.4807,192.6484,31.9442
2036-04-21,23.0022,0.4669,42.3916,13.4040,606.1792,164.0742,90.8387,9.4971,195.7140,37.4867
2036-04-22,19.6930,1.6021,51.2991,15.3517,610.6780,145.5762,82.0295,3.1008,182.4307,17.0067
2036-04-23,18.1818,0.4852,61.9293,10.4445,614.9047,147.3558,84.1339,3.1711,184.2984,17.3268
2036-04-24,22.8032,0.0077,45.1979,7.2690,619.9633,150.5315,87.7083,4.4515,187.3427,22.2370
2036-04-25,28.6490,0.0001,31.0419,5.9010,626.0741,155.5049,91.7662,7.4244,191.8685,31.7641
2036-04-26,29.9315,0.0000,27.3913,11.5204,632.4157,160.9672,93.2297,12.1086,196.7431,43.8812
2036-04-27,29.4653,0.0000,29.5458,6.2491,638.6735,166.1879,93.2801,9.3497,201.3764,37.2422
2036-04-28,30.0753,0.0097,29.5287,6.8225,645.0410,171.5140,93.3305,9.6917,206.0549,38.2291
2036-04-29,29.9727,0.0069,26.1723,6.6345,651.3901,177.0755,93.6051,9.9749,210.8536,39.0487
2036-04-30,30.1641,0.0000,26.9799,6.9726,657.7737,182.6100,93.6556,10.2179,215.5904,39.7504
2036-05-01,30.9193,0.0000,25.1682,9.2078,665.7432,188.9180,93.9826,11.9672,221.0310,44.0970
2036-05-02,31.4328,0.0000,21.8274,8.8460,673.8051,195.6133,94.7633,13.0876,226.6957,46.7706
2036-05-03,29.5356,0.0000,26.8826,11.6554,681.5255,201.5105,94.8142,15.1838,231.7292,51.4265
2036-05-04,29.0967,0.0000,27.3539,8.7211,689.1669,207.2857,94.7166,12.9224,236.6352,46.5354
2036-05-05,31.9511,0.4119,27.0231,8.3711,697.3221,213.6355,94.7675,12.7856,241.9546,46.2852
2036-05-06,27.6089,4.6159,48.2155,9.4971,676.8669,96.9376,77.3951,1.4478,142.7613,8.6101
2036-05-07,25.4087,6.8958,61.1580,9.0334,638.8573,58.0704,64.8622,0.8268,94.6355,3.9228
2036-05-08,21.6790,10.1925,78.4174,13.9001,580.7410,30.9348,48.5013,0.2734,54.5987,0.4900
2036-05-09,20.8539,0.6023,74.2224,9.4448,586.8987,32.4247,68.0168,0.9452,56.9794,2.9634
2036-05-10,26.2645,0.0980,52.0197,4.3853,594.0303,35.8812,83.0665,2.0312,62.3475,7.0956
2036-05-11,29.9949,1.4530,45.4552,8.8548,601.8334,40.3464,85.9605,3.7625,69.1101,12.7478
2036-05-12,32.6200,0.1306,33.9301,6.8774,610.1090,46.2117,91.8581,7.9010,77.7086,23.6155
2036-05-13,29.8802,1.8965,47.2302,8.4095,617.8915,46.6216,85.0895,3.2591,78.4459,12.2478
2036-05-14,29.1888,4.8687,57.3381,7.9807,600.7684,34.4020,73.4846,1.0626,60.1876,3.5788
2036-05-15,32.6903,0.0565,31.1829,10.7096,609.0567,40.5238,91.4307,9.0203,69.4889,24.4615
2036-05-16,34.8903,0.0048,24.0399,8.3687,617.7409,47.7210,94.7138,12.6901,79.9932,33.1355
2036-05-17,35.0187,0.0000,20.9241,11.2804,626.4483,55.2402,95.5824,16.5488,90.5244,41.8362
2036-05-18,34.3902,0.0000,17.3148,11.0875,635.0425,62.9658,96.2883,18.0329,100.9164,46.4346
2036-05-19,34.7166,0.0000,13.6400,11.4134,643.6955,71.1089,97.1634,20.6144,111.4408,52.6504
2036-05-20,34.3393,0.0000,16.4040,13.3159,652.2806,78.9084,97.2151,22.8455,121.1708,57.9199
2036-05-21,35.2571,0.0000,14.8676,12.8194,661.0309,87.0570,97.2669,22.4352,130.9869,58.8326
2036-05-22,36.0022,0.0000,13.7235,12.2384,669.9153,95.4842,97.3740,22.1010,140.7980,59.6010
2036-05-23,34.7591,0.0000,16.0169,13.7186,678.5759,103.4126,97.4258,23.9771,149.7658,63.6906
2036-05-24,34.4804,0.0000,16.4115,9.6238,687.1864,111.2425,97.4776,19.6416,158.3858,57.1559
2036-05-25,33.7510,0.0462,17.0672,11.1979,695.6655,118.8516,97.5295,21.4098,166.5621,60.9094
2036-05-26,30.6535,4.5559,30.6259,12.8594,676.3910,78.4673,86.0770,4.6797,121.6527,20.2861
2036-05-27,25.4780,0.6295,52.7238,12.5457,683.3811,81.7753,86.9809,5.2347,125.8898,22.2940
2036-05-28,24.3132,4.5140,57.2255,14.7751,664.1146,57.4344,73.1052,1.4721,94.4485,6.9855
2036-05-29,27.2482,2.9920,48.4295,8.5466,659.0515,49.1139,77.4320,1.3840,82.8014,6.0208
2036-05-30,32.3546,0.0000,29.5111,5.5902,667.2793,55.3221,91.6358,7.1752,91.6485,24.0378
2036-05-31,33.7770,0.0087,23.8248,8.1215,675.7632,62.3165,94.5680,12.2842,101.2831,36.3182
2036-06-01,34.0978,0.7990,21.6943,7.4185,685.3048,69.5726,94.6830,12.0456,110.9786,37.3224
2036-06-02,33.4337,0.6196,27.6641,8.6573,694.7268,76.1491,93.7243,11.2299,119.5409,36.7441
2036-06-03,33.3535,0.2700,23.2255,7.4231,704.1345,83.1128,94.7631,12.1818,128.3508,39.7840
2036-06-04,35.4586,0.0000,18.3857,5.1008,713.9210,90.9679,96.1609,13.1094,137.9817,42.7273
2036-06-05,37.4737,0.0000,16.0574,7.4624,724.0703,99.4924,97.0518,16.6434,148.1073,50.7250
2036-06-06,38.2297,0.0000,15.5897,6.8685,734.3556,108.2324,97.3014,16.6993,158.1812,51.6760
2036-06-07,39.2070,0.0000,14.7394,7.7929,744.8169,117.2798,97.6319,18.2812,168.3056,55.3967
2036-06-08,39.6283,0.0000,12.8746,11.8830,755.3540,126.6217,98.0819,23.8424,178.4560,65.8456
2036-06-09,39.5833,0.0000,14.8624,12.5966,765.8830,135.7404,98.1339,24.8855,188.1253,68.1144
2036-06-10,39.2047,0.0000,14.0432,10.6244,776.3438,144.8612,98.1859,22.6862,197.5624,64.8338
2036-06-11,38.6886,0.1207,15.0203,8.0561,786.7118,153.7628,98.2380,20.0694,206.5836,60.4860
2036-06-12,36.1334,1.2988,25.7018,8.9751,796.6198,161.0457,93.7747,11.4913,213.9569,42.8415
2036-06-13,35.4851,3.3280,34.4612,9.1051,785.4476,101.9271,88.5140,5.4807,153.9192,24.6476
2036-06-14,34.6904,1.0226,32.8194,8.3232,795.0959,108.2572,91.7477,8.3663,161.5308,33.2874
2036-06-15,36.0736,0.8739,26.8901,10.4866,804.9932,115.4121,93.8706,12.5669,169.9204,43.8675
2036-06-16,32.7816,0.0922,33.8682,10.0396,814.2978,121.3110,93.9212,12.3737,176.7814,43.7637
2036-06-17,36.2641,0.0027,22.6278,6.5222,824.2294,128.9218,95.3768,12.6612,185.3607,44.7642
2036-06-18,37.7382,0.0000,19.0766,9.3535,834.4263,137.1961,96.4373,16.8591,194.4597,53.9515
2036-06-19,35.2025,0.0126,20.0665,12.8621,844.1667,144.8355,96.4888,20.2594,202.7188,60.7103
2036-06-20,30.6481,0.0002,34.9400,16.0907,853.0874,150.2733,93.8712,16.6689,208.6578,54.0155
2036-06-21,27.5111,0.1037,43.2521,15.7850,861.4434,154.5478,91.7413,12.1740,213.3880,44.4386
2036-06-22,27.6856,0.0146,38.5432,11.6870,869.8308,159.2051,91.7913,9.9730,218.4520,39.1783
2036-06-23,28.6791,0.0268,34.9525,11.8400,878.3970,164.3047,91.8412,10.1216,223.9054,39.6397
2036-06-24,27.9142,0.0624,36.5361,11.7086,886.8256,169.1524,91.8912,10.1261,229.0722,39.7221
2036-06-25,30.1245,0.1465,34.2577,8.3726,895.6520,174.5566,91.9890,8.6786,234.7401,35.9828
2036-06-26,30.1483,4.2474,42.7625,10.4892,864.8468,94.9124,81.7773,2.3544,148.9568,13.0623
2036-06-27,30.0261,3.2647,47.1405,7.8448,849.7579,73.3912,80.1880,1.7222,120.7173,9.2635
2036-06-28,33.5302,0.0079,35.6760,5.0783,859.1973,79.2556,91.0057,6.3934,128.8070,25.8797
2036-06-29,36.5803,0.0000,25.3977,4.2942,869.1858,86.6561,94.6534,10.2491,138.7335,36.4900
2036-06-30,39.1101,0.0000,21.0657,5.7618,879.6296,95.0120,96.2101,13.6438,149.6212,44.8731
2036-07-01,40.4432,0.0000,16.1034,6.3264,890.6134,103.1975,97.5060,16.6974,160.0358,51.8108
2036-07-02,40.8457,0.0000,14.7291,9.2234,901.6696,111.5978,97.8875,20.3236,170.4538,59.2698
2036-07-03,36.5599,0.0003,18.5031,14.0557,911.9544,118.8059,97.7662,25.5145,179.2363,68.6369
2036-07-04,33.8461,0.0000,22.6594,13.6481,921.7507,125.1534,96.6820,21.6323,186.8736,62.5253
2036-07-05,31.3436,0.0039,29.7473,16.3675,931.0966,130.5064,94.8997,19.4801,193.2841,58.9284
2036-07-06,29.4370,0.0000,25.9454,12.1788,940.0992,135.8174,94.9506,15.8840,199.5586,52.1607
2036-07-07,34.1486,0.0000,15.9453,5.8718,949.9500,142.7758,96.4832,14.2341,207.5613,48.9200
2036-07-08,36.3363,0.0000,25.1698,10.4429,960.1945,149.3550,96.3920,17.7023,215.0746,56.2262
2036-07-09,35.7600,0.0150,34.9936,10.6890,970.3353,154.9824,94.5888,14.0207,221.5140,48.7563
2036-07-10,35.4994,0.0099,31.8351,12.5283,980.4292,160.8416,94.6396,15.4904,228.1230,52.0137
2036-07-11,32.8554,0.0665,20.7734,12.5625,990.0471,167.1596,95.2630,16.9012,235.0884,55.0177
2036-07-12,36.4813,0.0000,14.6773,6.8919,1000.3178,174.6904,97.1402,16.3635,243.2019,54.0366
2036-07-13,38.6858,0.0000,12.6528,8.3720,1010.9852,182.8521,97.9725,19.6901,251.8341,60.6560
2036-07-14,36.8161,0.0000,14.9844,12.0200,1021.3161,190.4225,98.0245,23.8266,259.7638,68.1693
2036-07-15,31.2532,0.0029,32.7202,17.2824,1030.6457,195.5347,94.5188,19.3587,265.2574,60.1585
2036-07-16,29.7499,0.0143,28.8433,14.2178,1039.7047,200.6902,94.5014,16.5490,270.7337,54.6683
2036-07-17,32.8684,0.0000,18.5750,7.6230,1049.3250,207.1860,95.7038,13.9925,277.4285,49.2777
2036-07-18,36.0221,0.0000,15.7309,7.2225,1059.5130,214.5329,96.8728,16.0543,284.8652,53.7288
2036-07-19,36.0558,0.0000,20.3121,8.6563,1069.7070,221.4867,96.9244,17.3768,291.8842,56.4551
2036-07-20,35.0512,0.1016,19.9237,11.7203,1079.7203,228.2854,96.9761,20.4184,298.6905,62.3411
2036-07-21,32.8194,0.0186,30.2472,13.0519,1089.3317,233.8421,95.0808,16.8970,304.3503,55.5335
2036-07-22,36.9495,0.0000,20.0276,6.9182,1099.6867,240.9885,96.0906,14.2308,311.3834,49.9265
2036-07-23,38.6995,0.0000,17.7599,8.1550,1110.3566,248.6756,96.8905,16.8667,318.8353,55.5104
2036-07-24,37.1305,0.0000,19.0546,11.5071,1120.7441,255.9434,96.9422,20.1089,325.8510,61.8431
2036-07-25,36.6697,0.0000,21.1564,11.7389,1131.0486,262.9372,96.9938,20.4861,332.5835,62.5592
2036-07-26,37.8897,0.0000,21.1932,8.9694,1141.5727,270.1535,97.0455,17.9412,339.4687,57.7002
2036-07-27,36.8664,0.0000,24.5668,11.8691,1151.9127,276.8796,96.6528,19.7002,345.9022,61.1076
2036-07-28,35.8569,0.0000,24.8705,11.4127,1162.0709,283.4005,96.3980,18.6039,352.1185,59.0143
2036-07-29,35.6883,0.0000,25.4062,10.2281,1172.1988,289.8454,96.2453,17.1688,358.2394,56.1801
2036-07-30,34.8472,0.0000,31.4149,11.5495,1182.1753,295.6356,95.0626,15.6261,363.8158,53.0045
2036-07-31,32.8491,0.0007,34.3441,13.2534,1191.7921,300.8705,94.1108,14.9361,368.9104,51.5387
2036-08-01,34.8610,0.0000,28.4189,9.7546,1201.0711,306.1847,94.1615,12.6101,374.0081,46.3404
2036-08-02,37.0684,0.0000,24.0595,8.7820,1210.7474,312.1685,95.2429,13.9314,379.6336,49.3475
2036-08-03,34.3026,0.2768,33.9791,11.5324,1219.9259,316.9938,94.4148,14.2830,384.3242,50.1268
2036-08-04,33.5801,0.0008,34.7464,11.7258,1228.9743,321.6657,94.0730,13.7574,388.8755,48.9639
2036-08-05,34.7492,0.0002,31.7833,9.0177,1238.2332,326.7144,94.1237,12.0871,393.7176,45.1203
2036-08-06,37.1339,0.0000,27.5684,7.2377,1247.9213,332.4316,94.5444,11.7108,399.0846,44.2227
2036-08-07,38.3074,0.0000,25.5244,8.2696,1257.8206,338.4905,95.1707,13.4429,404.7062,48.2620
2036-08-08,38.8522,0.0449,24.2190,6.6549,1267.8180,344.7409,95.5505,13.0514,410.4567,47.3726
2036-08-09,40.3175,0.0000,22.9289,5.6071,1278.0792,351.3309,96.0702,13.2845,416.4602,47.9059
2036-08-10,41.1697,0.0000,17.1351,8.8869,1288.4937,358.5620,97.4169,18.7735,422.9074,59.3815
2036-08-11,40.6734,0.0000,15.1775,9.5761,1298.8189,365.8771,97.7696,20.3679,429.3703,62.4094
2036-08-12,40.2031,0.0000,14.6766,7.2315,1309.0595,373.1525,97.8215,18.2231,435.7642,58.3112
2036-08-13,40.0020,0.0000,17.1219,8.0224,1319.2638,380.1850,97.8734,19.0947,441.9601,60.0040
2036-08-14,37.6439,0.0000,27.9704,11.9085,1329.0437,385.9463,96.2642,18.7336,447.2186,59.3082
2036-08-15,37.1704,0.0000,30.8014,12.3728,1338.7384,391.4135,95.5050,17.3021,452.2561,56.4838
2036-08-16,37.4355,0.0000,21.5291,10.7103,1348.4808,397.6562,95.8852,16.7550,457.8049,55.3759
2036-08-17,37.8367,0.0000,14.9573,10.1995,1358.2954,404.4922,97.3335,19.8359,463.7383,61.4169
2036-08-18,38.3599,0.0000,13.9449,7.8507,1368.2042,411.5026,97.6697,18.4264,469.7779,58.7130
2036-08-19,38.7383,0.0000,17.1613,6.5494,1378.1811,418.3156,97.7216,17.3760,475.6780,56.6342
2036-08-20,39.5184,0.0000,20.6170,9.3806,1388.2984,424.9723,97.7735,20.1787,481.4798,62.0621
2036-08-21,38.6196,0.0000,20.8973,9.9568,1398.2539,431.4586,97.6419,20.4141,487.1320,62.5017
2036-08-22,34.6790,0.0000,21.2297,13.0443,1407.5001,437.2770,97.0197,21.9549,492.2376,65.3195
2036-08-23,35.3099,0.0000,20.2759,7.5260,1416.8599,443.2696,97.0714,16.7404,497.4594,55.3485
2036-08-24,36.6513,0.0000,22.2625,6.9036,1426.4612,449.3281,97.0240,16.1212,502.7483,54.0729
2036-08-25,35.8245,0.0305,28.5560,10.9760,1435.9136,454.7742,95.8097,16.8079,507.6213,55.4866
2036-08-26,33.1701,0.5674,43.1569,12.1267,1444.8882,458.7958,92.5475,11.3454,511.5277,43.3483
2036-08-27,34.8382,0.0730,39.3663,8.4913,1454.1630,463.2944,92.5977,9.5133,515.7754,38.6965
2036-08-28,35.1536,0.0013,33.6000,10.7139,1463.4947,468.2641,92.9717,11.2142,520.3202,43.0271
2036-08-29,34.1705,0.0011,33.5156,11.6800,1472.6494,473.1051,93.0220,11.8569,524.7532,44.5854
2036-08-30,31.4626,0.0558,38.6692,11.6540,1481.3166,477.2280,92.9300,11.6897,528.6639,44.1839
2036-08-31,32.0743,0.4720,37.1955,13.6645,1490.0940,481.5293,92.9804,13.0276,532.6993,47.3280
2036-09-01,31.8779,0.0000,26.1424,16.0318,1497.5360,485.8657,93.9067,16.7017,536.5396,55.2703
2036-09-02,31.9147,0.0000,22.9660,10.7663,1504.9847,490.3936,94.6065,14.1099,540.4931,49.7645
2036-09-03,33.3425,0.0000,23.9816,7.9893,1512.6903,495.0550,94.6747,12.3830,544.5641,45.8325
2036-09-04,33.4504,0.0655,28.8791,10.5414,1520.4154,499.4298,94.7256,14.1812,548.4605,49.9220
2036-09-05,33.2143,0.0362,34.0735,8.0158,1528.0980,503.4574,94.1912,11.5997,552.1375,43.9669
2036-09-06,32.9932,0.0134,35.3373,9.7417,1535.7407,507.3823,93.8638,12.0926,555.7440,45.1474
2036-09-07,32.0231,1.8473,38.7662,9.2085,1543.2089,161.3379,88.3239,5.3611,255.8142,26.1407
2036-09-08,30.9883,1.4555,42.7648,6.2617,1550.4908,164.6077,87.0925,3.8750,260.1645,20.8096
2036-09-09,33.5888,0.1071,35.6339,9.0142,1558.2408,168.5828,91.9017,8.8537,265.3866,36.6926
2036-09-10,33.4933,0.0000,33.0181,12.6707,1565.9736,172.7081,92.7654,12.0234,270.7618,44.7396
2036-09-11,33.4841,0.0000,27.2461,13.2075,1573.7047,177.1878,93.9351,14.5432,276.5357,50.4794
2036-09-12,33.9118,0.0000,22.9087,11.8306,1581.5128,181.9931,94.9486,15.6035,282.6664,52.7763
2036-09-13,34.5388,0.0000,18.9221,11.0553,1589.4338,187.1375,95.9372,17.1693,289.1615,56.0270
2036-09-14,34.1398,0.0000,18.1820,10.4871,1597.2830,192.2708,96.0832,17.0177,295.5888,55.7477
2036-09-15,30.5914,0.1606,36.7187,11.8702,1604.4934,195.8412,93.5671,12.9178,300.1065,46.9467
2036-09-16,28.3201,0.3275,44.6729,13.8866,1611.2951,198.7392,91.5933,10.8337,303.8005,41.9784
2036-09-17,28.5030,0.0000,35.2958,12.9119,1618.1296,202.1493,91.6432,10.3877,308.0795,40.8679
2036-09-18,25.8561,0.0000,24.8492,12.1103,1624.4877,205.7559,93.0451,12.1560,312.5452,45.2039
2036-09-19,25.9093,0.0000,24.7531,8.9065,1630.8554,209.3743,93.2342,10.6210,317.0037,41.4746
2036-09-20,26.9062,0.0238,23.1404,6.0936,1637.4025,213.2066,93.7127,9.8530,321.6936,39.5205
2036-09-21,29.1941,0.0008,23.0006,4.6724,1644.3614,217.3595,94.1396,9.7316,326.7429,39.2114
2036-09-22,30.2405,0.0039,24.7429,7.2658,1651.5087,221.5586,94.1903,11.1682,331.8265,42.8572
2036-09-23,30.6143,0.0009,29.3734,6.0528,1658.7233,225.5464,94.2411,10.5800,336.6515,41.4002
2036-09-24,30.2588,0.4854,33.8350,7.3796,1665.8738,229.2404,93.7439,10.5583,341.1254,41.3505
2036-09-25,25.7415,9.1685,54.3893,10.2575,1231.6450,82.2067,68.7360,1.0077,140.9019,6.1638
2036-09-26,25.6329,7.4683,57.8211,9.2175,1068.5656,48.8000,64.8888,0.8354,87.5987,3.7251
2036-09-27,28.2204,0.1201,44.2134,7.2949,1075.3492,51.7121,85.4277,3.2287,92.3248,13.3677
2036-09-28,27.7219,1.1197,47.0070,6.3023,1082.0432,54.4314,85.8725,3.2678,96.7015,13.8495
2036-09-29,26.9154,2.0561,48.8319,8.2225,1088.5919,51.1138,81.8554,2.1200,91.4883,9.4387
2036-09-30,26.6709,0.0876,48.5976,4.7044,1095.0967,53.6553,87.2969,3.6885,95.6005,15.1099
2036-10-01,25.5779,3.0089,56.1596,9.9525,1064.7108,44.0901,76.5198,1.3894,79.9077,5.8948
2036-10-02,25.2281,3.4161,59.3610,7.1218,1028.0944,34.9298,70.7702,0.9184,64.3904,3.1914
2036-10-03,23.9872,2.7970,68.1068,8.7061,1033.1161,29.2702,68.3329,0.9200,54.6682,2.7548
2036-10-04,24.0170,1.7401,58.0119,9.1068,1038.1432,28.9549,76.0633,1.2915,54.1351,4.0889
2036-10-05,23.3278,2.1154,53.9890,7.0765,1043.0462,27.1338,75.9519,1.1576,50.9538,3.4391
2036-10-06,23.1148,3.8141,63.1862,6.7517,1000.2403,20.5421,65.8793,0.7666,39.0778,1.3663
2036-10-07,25.6907,0.1825,50.7742,9.0582,1005.5686,22.5403,83.5618,2.7412,42.6884,7.2853
2036-10-08,25.7191,0.0377,47.1865,5.4913,1010.9021,24.6864,87.7477,4.0931,46.5321,10.8417
2036-10-09,24.3708,0.4085,55.3719,5.8930,1015.9928,26.4088,87.7964,4.2059,49.5948,11.5016
2036-10-10,23.5651,0.8628,53.2425,9.7882,1020.9385,28.1562,85.5937,3.7464,52.6803,10.8407
2036-10-11,19.5599,13.7738,77.7172,13.3819,826.7967,12.9381,47.8069,0.2427,24.9020,0.2533
2036-10-12,20.9994,2.6042,59.0515,10.0169,831.2806,11.2471,64.7205,0.8638,21.7582,0.8261
2036-10-13,20.9280,0.2995,58.1583,6.3180,835.7517,12.6437,79.1539,1.4367,24.3658,2.3703
2036-10-14,22.1842,0.1079,58.8340,6.2972,840.4488,14.0960,84.1942,2.5940,27.0575,5.1361
2036-10-15,22.9502,0.1848,61.2423,6.6981,845.2838,15.5084,85.4682,3.1507,29.6565,6.5790
2036-10-16,23.7847,0.1159,59.5112,4.2094,850.2691,17.0350,86.1259,3.0472,32.4449,6.7479
2036-10-17,23.7335,0.5587,65.0672,6.7536,855.2451,18.3494,85.2038,3.0459,34.8306,7.0525
2036-10-18,24.7885,0.7398,62.3823,7.6763,860.4111,19.8250,84.3831,2.8523,37.4905,6.9560
2036-10-19,24.7180,2.1874,67.3349,9.5057,865.5643,18.1677,75.2376,1.2532,34.5239,2.7055
2036-10-20,24.3869,0.7549,63.9739,8.8787,870.6580,19.5590,81.4897,2.0982,37.0379,5.1378
2036-10-21,24.0324,0.7539,64.5819,5.6761,875.6878,20.9077,82.5752,2.0369,39.4601,5.2119
2036-10-22,24.3259,0.0035,54.6802,9.5841,880.7705,22.6537,86.3048,4.0971,42.5701,10.3030
2036-10-23,21.5662,0.0000,38.3602,11.9033,885.3564,24.7706,89.1210,6.8852,46.3026,16.2657
2036-10-24,23.3341,0.0007,46.6172,13.9994,890.2605,26.7470,89.1701,7.7063,49.7568,18.3749
2036-10-25,23.8505,0.0000,49.4276,13.7327,895.2576,28.6589,89.2192,7.6572,53.0706,18.9180
2036-10-26,24.0692,0.0000,49.6966,11.0248,900.2941,30.5773,89.2683,6.7278,56.3684,17.7562
2036-10-27,23.3790,0.0091,53.9127,9.1603,905.2063,32.2867,88.9218,5.8274,59.2868,16.3905
2036-10-28,23.0719,0.0633,57.4215,8.2139,910.0632,33.8461,88.3315,5.1046,61.9338,15.1855
2036-10-29,22.3786,0.1134,65.2110,7.7865,914.7954,35.0838,87.0265,4.1454,64.0285,13.1682
2036-10-30,25.5424,0.0455,58.6072,7.1330,920.0970,36.7547,87.0749,4.0388,66.8349,13.2228
2036-10-31,24.1717,0.3659,62.0878,8.2371,925.1519,38.2064,87.1233,4.2994,69.2620,14.1695
2036-11-01,21.0679,1.7073,68.8494,7.4476,928.6481,36.9543,75.9230,1.1773,67.2212,4.3832
2036-11-02,19.3747,5.5756,80.1922,8.1453,869.5789,23.4391,49.6448,0.2368,43.9187,0.3634
2036-11-03,20.4484,9.4416,76.3366,7.1607,772.9249,12.4148,41.3079,0.0635,23.8710,0.0645
2036-11-04,18.6991,10.8776,84.3598,6.5346,682.3907,6.2752,29.3805,0.0040,12.2683,0.0027
2036-11-05,21.6393,0.7641,65.1260,8.2000,685.9898,7.3265,61.4100,0.6726,14.2720,0.4962
2036-11-06,18.2307,7.4798,84.1725,6.3154,638.3097,3.8871,37.1156,0.0267,7.6576,0.0140
2036-11-07,16.5595,10.1330,81.8224,8.9469,577.0617,1.8149,31.3569,0.0078,3.6015,0.0029
2036-11-08,15.4006,7.0961,77.1937,11.0043,542.7930,0.7990,36.3368,0.0286,1.5921,0.0083
2036-11-09,16.7599,3.0635,66.9327,5.5541,535.8984,0.7830,48.3547,0.1761,1.5603,0.0510
2036-11-10,17.4001,0.0598,60.2977,5.6606,538.7344,1.7568,69.4560,0.8178,3.4852,0.3041
2036-11-11,16.7102,0.6774,67.8676,5.5458,541.4463,2.5155,76.0082,1.0755,4.9733,0.4616
2036-11-12,18.7712,1.2425,72.7208,8.7865,544.5291,3.2342,74.3616,1.1532,6.3738,0.5537
2036-11-13,18.8048,0.8290,80.8902,7.5939,547.6180,3.7385,74.7170,1.1060,7.3515,0.5689
2036-11-14,18.7963,1.0877,64.8397,10.6701,550.7053,4.6660,77.3991,1.5364,9.1384,0.8833
2036-11-15,14.6115,0.0749,55.1451,6.4160,553.0394,5.6003,82.5537,2.1085,10.9241,2.0337
2036-11-16,14.9509,0.5011,57.6102,6.6535,555.4345,6.5024,84.2771,2.6706,12.6350,3.1511
2036-11-17,14.2965,0.0732,55.2906,6.8790,557.7119,7.4150,85.1137,3.0273,14.3530,3.9728
2036-11-18,15.3410,0.0077,51.6641,5.0477,560.1773,8.4686,85.9243,3.0900,16.3204,4.4149
2036-11-19,14.9814,5.0622,70.4274,9.1244,539.8249,5.2771,55.8320,0.4758,10.3024,0.2917
2036-11-20,14.4472,0.4022,59.4948,6.1790,542.1294,6.1120,72.0674,0.9164,11.8889,0.6083
2036-11-21,15.8361,0.0001,53.6663,4.8209,544.6839,7.1523,80.7238,1.5671,13.8500,1.5188
2036-11-22,18.3514,0.0000,55.2735,4.9971,547.6912,8.3058,84.3712,2.4881,16.0048,3.4210
2036-11-23,20.3452,0.0000,57.5307,5.6702,551.0573,9.5133,85.6230,3.0569,18.2394,4.6896
2036-11-24,19.1355,0.0000,63.1198,6.1956,554.2057,10.5027,85.6709,3.1599,20.0552,5.1550
2036-11-25,18.8033,0.0000,65.2018,6.2696,557.2943,11.4210,85.7189,3.1930,21.7287,5.4799
2036-11-26,18.5491,0.0000,65.2968,5.5047,560.3371,12.3250,85.7668,3.0930,23.3652,5.5608
2036-11-27,17.3311,2.8854,80.7419,5.7867,554.2729,9.4276,60.2489,0.5565,18.0861,0.4737
2036-11-28,16.6502,2.3484,79.3248,7.2449,556.9739,7.6899,56.0071,0.4393,14.8667,0.3320
2036-11-29,13.5628,1.2596,60.9639,11.3949,559.1192,8.4488,68.0058,1.0424,16.2824,0.8321
2036-11-30,13.2811,0.0000,52.0128,4.6596,561.2138,9.3637,78.4056,1.2337,17.9775,1.2385
2036-12-01,14.4001,0.0116,52.3817,4.5660,563.5098,10.2025,83.0983,2.0582,19.5213,3.1558
2036-12-02,16.2841,0.0513,66.5989,5.3924,566.1450,10.8623,83.6148,2.2947,20.7303,3.7495
2036-12-03,15.8792,0.0112,73.6011,4.4273,568.7072,11.3717,83.6621,2.1994,21.6606,3.6884
2036-12-04,17.2253,0.0002,65.0009,5.6794,571.5118,12.1005,84.1183,2.4890,22.9845,4.4069
2036-12-05,19.4114,0.0001,59.0085,7.0366,574.7098,13.0560,85.2620,3.1146,24.7087,5.8009
2036-12-06,17.7243,0.1577,70.8928,7.6714,577.6042,13.6787,85.0112,3.1065,25.8282,5.9508
2036-12-07,17.9647,0.3535,69.3334,5.4546,580.5419,14.3431,85.0589,2.7965,27.0174,5.5299
2036-12-08,18.3327,0.0000,54.8370,7.2271,583.5457,15.3404,85.9308,3.4517,28.7888,7.0277
2036-12-09,19.1505,0.0020,59.7323,4.1543,586.6968,16.2671,85.9788,2.9766,30.4252,6.3387
2036-12-10,18.3009,0.0515,62.1060,4.4375,589.6950,17.1026,86.0268,3.0398,31.8927,6.6602
2036-12-11,17.0664,0.0001,61.9360,6.1395,592.4709,17.8884,86.0748,3.3344,33.2657,7.4414
2036-12-12,17.5753,0.0000,57.2670,5.7999,595.3385,18.7953,86.1229,3.3001,34.8407,7.5850
2036-12-13,19.0744,0.0462,59.0320,6.0047,598.4759,19.7345,86.1710,3.3570,36.4631,7.9192
2036-12-14,17.5126,0.7288,67.7464,9.7324,601.3321,20.4167,82.7828,2.5649,37.6386,6.3171
2036-12-15,14.7765,0.0631,61.5248,5.0566,603.6959,21.1109,83.8675,2.3328,38.8273,5.8902
2036-12-16,14.8398,0.0578,54.5640,6.0161,606.0711,21.9339,85.0966,2.8917,40.2281,7.3646
2036-12-17,16.0942,0.2032,61.2063,5.4295,608.6720,22.6919,85.1443,2.8260,41.5146,7.3579
2036-12-18,16.2045,1.6385,74.9810,8.6358,611.2928,21.9822,72.6561,1.0608,40.3380,2.4975
2036-12-19,14.9436,0.0354,61.6218,4.2950,613.6867,22.6819,79.3835,1.3267,41.5267,3.4057
2036-12-20,16.1296,0.5829,68.6686,6.4332,616.2940,23.2954,81.0315,1.7594,42.5681,4.7383
2036-12-21,16.8432,0.5789,83.6961,7.5286,619.0298,23.6278,79.7186,1.6145,43.1392,4.3718
2036-12-22,16.8783,3.7272,83.4721,11.1534,605.2462,17.0492,54.3556,0.4611,31.8550,0.5670
2036-12-23,15.2889,12.1528,83.9569,8.8036,535.7657,8.2489,31.0876,0.0072,15.8862,0.0057
2036-12-24,13.4995,0.0541,60.6604,5.5918,537.8997,8.9015,56.3341,0.4155,17.0958,0.3416
2036-12-25,13.4829,0.4982,62.7848,9.4279,540.0306,9.5183,72.1101,1.0811,18.2331,0.9249
2036-12-26,15.2466,1.4348,83.6478,13.5036,542.4790,9.8220,67.0755,1.1241,18.7934,0.9800
2036-12-27,16.0824,12.9357,83.7347,16.7554,478.5924,4.6974,38.3696,0.0586,9.1698,0.0338
2036-12-28,17.1168,3.1519,67.9044,11.0699,472.7057,3.3066,52.8075,0.3936,6.4996,0.1907
2036-12-29,18.0530,0.2090,71.8349,10.9874,475.6592,3.9197,70.6021,1.1097,7.6811,0.5834
2036-12-30,17.0336,5.3984,77.6711,13.4425,458.1925,2.1067,51.6758,0.3927,4.1654,0.1565
2036-12-31,13.8386,0.0080,57.4619,7.0086,460.3875,2.8288,70.4186,0.9027,5.5720,0.4073
2037-01-01,14.6124,0.1340,50.5748,9.2833,462.7217,3.7848,80.9235,2.0065,7.4180,1.2030
2037-01-02,14.4878,0.0097,54.4565,9.4698,465.0335,4.6588,84.1173,3.0124,9.0900,2.9212
2037-01-03,14.7946,0.0000,53.9799,7.4626,467.4006,5.5594,85.2760,3.1883,10.7976,3.5033
2037-01-04,15.1376,0.0000,56.9335,5.9034,469.8293,6.4203,85.3874,2.9933,12.4163,3.5661
2037-01-05,15.4871,0.0000,55.9526,6.9128,472.3210,7.3197,85.5724,3.2315,14.0934,4.2168
2037-01-06,17.9571,0.0000,53.5195,6.2530,475.2573,8.4102,86.1930,3.4098,16.1078,4.8529
2037-01-07,18.8433,0.0000,54.3074,9.8798,478.3531,9.5321,86.4047,4.2176,18.1595,6.4249
2037-01-08,18.1980,0.0000,55.7265,8.8048,481.3327,10.5839,86.4529,4.0225,20.0648,6.5161
2037-01-09,13.3494,0.2457,59.7725,11.1105,483.4396,11.2995,86.2777,4.4077,21.3514,7.3497
2037-01-10,13.1056,0.0194,64.2969,6.7742,485.5026,11.9239,85.6767,3.2560,22.4682,5.7047
2037-01-11,14.1348,0.0438,76.0577,4.8180,487.7509,12.3729,84.0217,2.3527,23.2701,4.1840
2037-01-12,16.4275,0.0017,64.9322,5.0802,490.4118,13.1296,84.1841,2.4364,24.6120,4.5157
2037-01-13,16.7421,0.1640,64.0550,7.3559,493.1294,13.9192,84.3796,2.8053,26.0034,5.4104
2037-01-14,16.8376,0.1957,62.7276,4.4109,495.8642,14.7423,84.5979,2.4910,27.4447,4.9768
2037-01-15,15.0744,0.0483,75.7917,5.4993,498.2816,15.2243,83.8274,2.3728,28.2879,4.8338
2037-01-16,14.9900,0.0101,66.3011,12.1678,500.6838,15.8918,83.8747,3.3413,29.4470,6.9164
2037-01-17,14.6144,0.4501,57.8721,14.0955,503.0184,16.7068,84.7902,4.1658,30.8519,8.6591
2037-01-18,12.6080,0.0756,71.1454,7.0294,504.9918,17.1938,84.3002,2.7301,31.6901,5.9930
2037-01-19,15.1195,0.0044,62.0748,5.0804,507.4173,17.9511,84.4682,2.5315,32.9848,5.7195
2037-01-20,15.2375,0.0011,55.3776,6.9589,509.8640,18.8486,85.2856,3.1126,34.5079,7.1516
2037-01-21,14.2531,0.1817,51.8986,7.7325,512.1336,19.7577,85.8592,3.5054,36.0395,8.1695
2037-01-22,11.1130,0.5822,57.9904,10.6657,513.8379,20.3894,84.3334,3.2938,37.0985,7.8696
2037-01-23,9.8564,0.0166,47.3892,11.6308,515.3161,21.0990,85.5479,4.0848,38.2797,9.6596
2037-01-24,9.1940,0.0000,41.0178,8.4166,516.6750,21.8465,86.6128,4.0349,39.5159,9.7394
2037-01-25,12.4997,0.0374,51.3019,7.0888,518.6290,22.6618,86.6610,3.7997,40.8601,9.4416
2037-01-26,10.2372,3.0257,79.4225,9.9718,511.3388,17.5790,58.5287,0.6133,32.3755,0.7625
2037-01-27,10.5332,0.0762,55.9701,11.0991,512.9387,18.2096,73.6445,1.2523,33.4504,2.6262
2037-01-28,11.1731,0.0327,54.9989,8.8627,514.6539,18.8896,80.5007,1.8747,34.6039,4.3554
2037-01-29,13.0298,0.0082,54.0248,6.7957,516.7033,19.6893,83.6456,2.4729,35.9535,5.9197
2037-01-30,16.2949,0.0005,53.2169,6.1472,519.3403,20.6912,85.3737,3.0245,37.6339,7.3556
2037-01-31,15.8740,0.0002,52.7708,6.4939,521.9016,21.6781,85.9686,3.3442,39.2775,8.2591
2037-02-01,15.7488,0.0000,52.9229,5.6199,524.4404,22.8048,86.1367,3.2766,41.1376,8.3451
2037-02-02,16.1812,0.0499,52.1877,7.4834,527.0570,23.9785,86.3283,3.6978,43.0595,9.5181
2037-02-03,16.8299,0.0014,51.7416,4.7938,529.7904,25.2076,86.5089,3.3125,45.0558,8.9042
2037-02-04,15.5916,0.6564,70.9618,8.3266,532.3009,25.8961,82.9071,2.4275,46.1762,6.8576
2037-02-05,16.0078,0.1456,76.3841,7.3937,534.8863,26.4700,82.9542,2.3300,47.1115,6.6894
2037-02-06,15.7483,0.1785,73.8831,5.3667,537.4250,27.0951,83.0012,2.1164,48.1245,6.1993
2037-02-07,16.4316,0.2681,66.2550,6.2607,540.0867,27.9355,83.6396,2.4052,49.4735,7.1119
2037-02-08,15.1398,3.5324,83.4821,13.1769,530.0889,20.7614,56.1300,0.5986,37.8196,0.8278
2037-02-09,17.6488,1.0182,71.2509,8.1937,532.9697,21.5270,67.7734,0.8804,39.1053,1.8132
2037-02-10,16.1105,0.1675,73.1622,5.1386,535.5736,22.1832,75.3785,1.0139,40.2033,2.3353
2037-02-11,18.2615,0.2227,64.4159,8.2164,538.5647,23.1618,81.3878,2.0053,41.8266,5.3437
2037-02-12,15.3852,7.1848,82.1028,9.6494,507.0160,13.1852,44.0698,0.1155,24.7606,0.1200
2037-02-13,15.2180,0.0738,55.3976,7.0224,509.4592,14.2191,67.8320,0.8316,26.5833,0.9059
2037-02-14,17.1086,0.0000,42.3011,10.5591,512.2428,15.7115,82.5349,2.5920,29.1850,5.3974
2037-02-15,16.0452,0.0919,47.4975,14.8978,514.8349,16.9901,85.9885,5.1218,31.3905,10.4176
2037-02-16,18.0813,0.1312,53.1829,14.6450,517.7935,18.2658,86.4115,5.3675,33.5709,11.2393
2037-02-17,19.1355,0.0031,53.7106,12.8057,520.9419,19.5963,86.5768,5.0081,35.8237,11.0138
2037-02-18,17.9812,0.0553,55.3799,13.5224,523.8825,20.8058,86.6250,5.2278,37.8532,11.7620
2037-02-19,18.9126,0.0786,51.4585,13.9104,526.9908,22.1857,86.8959,5.5400,40.1461,12.7285
2037-02-20,19.1139,0.0779,51.6161,6.9185,530.1353,23.5750,86.9625,3.9320,42.4325,9.9367
2037-02-21,15.4265,0.0000,48.8956,10.7793,532.6161,24.7747,87.0108,4.8093,44.3877,12.0276
2037-02-22,13.6614,0.0000,35.4617,11.8542,534.7791,26.1280,88.4583,6.2449,46.5680,15.1511
2037-02-23,16.6223,0.0000,39.1399,11.9431,537.4751,27.6601,88.7137,6.5072,49.0141,16.0695
2037-02-24,17.2169,0.0010,44.7714,10.5505,540.2782,29.0971,88.7627,6.1090,51.2887,15.6992
2037-02-25,18.4283,0.0000,44.7844,7.9979,543.2993,30.6288,88.8116,5.4096,53.6905,14.6694
2037-02-26,18.6712,0.0000,40.9137,5.3530,546.3641,32.2882,88.8606,4.7680,56.2639,13.6541
2037-02-27,19.9519,0.0000,33.9265,5.6630,549.6594,34.2641,89.9977,5.7012,59.2885,16.1227
2037-02-28,18.5691,0.0004,44.6578,8.6682,552.7058,35.8103,89.7397,6.3925,61.6369,17.9350
2037-03-01,18.7996,0.0000,40.5316,7.8588,555.7938,37.8276,89.7890,6.1806,64.6542,17.9490
2037-03-02,18.2869,0.0000,42.1304,9.8991,558.7894,39.7400,89.8383,6.8984,67.4820,19.9031
2037-03-03,19.3436,0.0000,42.1203,8.3445,561.9753,41.7570,89.8876,6.4238,70.4308,19.3335
2037-03-04,22.0534,0.0000,35.0553,7.7144,565.6489,44.3202,90.3632,6.6616,74.1213,20.3984
2037-03-05,21.5680,0.0000,39.2852,8.8756,569.2351,46.6662,90.4127,7.1132,77.4574,21.8853
2037-03-06,18.4740,0.0000,40.4360,11.9268,572.2645,48.6536,90.3809,8.2578,80.2501,24.7542
2037-03-07,16.7507,0.0000,38.4292,13.0726,574.9836,50.5271,90.4244,8.8032,82.8524,26.3116
2037-03-08,16.5889,0.0000,39.9447,8.4691,577.6736,52.3379,90.2384,6.7973,85.3449,22.2949
2037-03-09,19.2113,0.0000,36.4069,6.6182,580.8356,54.5397,90.2878,6.2360,88.3415,21.3513
2037-03-10,18.0198,0.0000,32.7505,11.0906,583.7832,56.7314,90.3372,7.8678,91.2853,25.5821
2037-03-11,18.6375,0.0000,25.3424,12.4980,586.8419,59.2432,91.6220,10.1427,94.6089,30.9720
2037-03-12,19.1562,0.0000,32.3492,14.3907,589.9940,61.5791,91.6719,11.2369,97.6725,33.6742
2037-03-13,20.6411,0.0000,35.8997,12.4514,593.4134,63.9547,91.5971,10.0833,100.7608,31.7867
2037-03-14,23.2727,0.0000,31.5634,9.2506,597.3065,66.7979,91.6470,8.6422,104.4060,29.1216
2037-03-15,24.5168,0.0000,28.7061,6.8499,601.4235,69.9111,92.0928,8.1564,108.3383,28.4724
2037-03-16,25.8810,0.0001,24.3499,8.8073,605.7861,73.3904,93.1820,10.4912,112.6593,34.2969
2037-03-17,25.6618,0.0002,21.6245,7.8281,610.1092,76.9657,93.8252,10.9224,117.0246,35.7769
2037-03-18,25.7813,0.0000,19.5993,5.8833,614.4539,80.6498,94.3333,10.6245,121.4481,35.6499
2037-03-19,25.6247,0.0000,19.0437,10.3159,618.7703,84.3378,94.5013,13.5949,125.8071,42.3953
2037-03-20,25.0342,0.0000,23.7714,9.2072,622.9805,87.7336,94.5522,12.9466,129.7766,41.5384
2037-03-21,26.4174,0.0000,18.7231,8.7982,627.4396,91.5460,94.7069,12.9554,134.1569,42.0242
2037-03-22,27.4661,0.0001,15.3458,9.0532,632.0875,95.6682,95.6068,14.8410,138.8123,46.3259
2037-03-23,26.8872,0.0391,12.7423,10.2909,636.6312,99.8310,96.2210,17.1667,143.4324,51.2591
2037-03-24,26.1940,0.1315,14.1353,10.6953,641.0501,103.8258,96.2724,17.6421,147.8048,52.5735
2037-03-25,26.9145,0.0160,19.9667,7.7212,645.5987,107.6477,96.0007,14.6394,151.9533,47.1124
2037-03-26,27.6657,0.0002,24.9020,5.1496,650.2826,111.3301,95.2870,11.6713,155.9238,41.0386
2037-03-27,27.4109,0.0000,17.8118,8.5709,654.9205,115.3244,95.3381,13.9643,160.1480,46.3150
2037-03-28,25.4981,0.0000,24.5763,7.2613,659.2142,118.7440,94.8687,12.2593,163.7483,42.8435
2037-03-29,26.8805,0.0001,25.1365,5.4579,663.7567,122.3147,94.7970,11.0848,167.4751,40.3515
2037-03-30,26.2572,0.0000,28.6404,9.9005,668.1870,125.6424,94.1589,12.6986,170.9319,44.2121
2037-03-31,22.8562,0.0000,31.1328,12.3452,672.0051,128.4546,93.2034,12.5762,173.8366,44.0828
2037-04-01,23.3171,0.0000,23.1917,11.3736,677.1562,133.0013,93.2539,12.0600,178.4020,43.1214
2037-04-02,26.9890,0.0000,20.0577,7.2768,682.9682,138.4451,94.3497,11.4233,183.7632,41.8564
2037-04-03,24.0717,0.0000,26.1728,13.3527,688.2551,142.9504,94.1416,15.0752,188.1855,50.0916
2037-04-04,21.8603,0.0002,22.2944,14.1658,693.1440,147.2757,94.1923,15.8163,192.3680,51.7772
2037-04-05,20.0693,0.0000,21.1431,15.5371,697.7104,151.3227,94.2431,17.0672,196.2412,54.4271
2037-04-06,20.7255,0.0006,22.2408,16.6651,702.3950,155.4371,94.2938,18.1925,200.1457,56.7522
2037-04-07,21.4892,0.0000,25.5789,15.9028,707.2171,159.5127,93.9082,16.5969,203.9968,53.7405
2037-04-08,25.7683,0.0000,16.0892,10.6292,712.8094,164.9784,95.1119,15.0189,209.0160,50.6307
2037-04-09,22.7926,0.0000,25.1653,15.7560,717.8660,169.3131,94.3495,17.5119,213.0206,55.8026
2037-04-10,22.8686,0.0000,20.6460,16.8067,722.9364,173.9242,94.4003,18.5939,217.2083,58.0029
2037-04-11,26.0830,0.0000,12.8376,9.3614,728.5853,179.6682,95.9498,15.7915,222.2933,52.5361
2037-04-12,26.9772,0.1264,13.2508,9.0172,734.3952,185.5731,96.1490,15.9438,227.4569,52.9444
2037-04-13,27.5479,0.2462,13.6840,5.1114,740.3079,191.5678,96.2003,13.1865,232.6378,47.0816
2037-04-14,29.7656,0.0000,19.5425,7.0235,746.6197,197.5883,96.2518,14.6213,237.8276,50.3126
2037-04-15,31.3188,0.0000,20.6125,4.6356,753.2110,203.8277,96.3032,13.0540,243.1544,46.9108
2037-04-16,32.3573,0.0959,17.7332,7.9565,759.9894,210.5004,96.3546,15.5392,248.7530,52.3918
2037-04-17,30.5230,0.0131,20.0698,11.2737,766.4375,216.6282,96.4050,18.4914,253.8700,58.3912
2037-04-18,27.3759,0.0026,25.8386,9.5017,772.3192,221.7479,95.1493,14.2621,258.1768,49.7443
2037-04-19,27.7733,0.0003,26.2766,11.1470,778.2723,226.9084,94.7895,14.7496,262.4910,50.8359
2037-04-20,26.8046,0.0014,24.1363,17.9396,784.0512,232.0406,94.8405,20.9156,266.7322,63.0720
2037-04-21,23.6109,0.3039,29.8343,21.5922,789.2551,236.2440,93.5717,21.0972,270.2536,63.4318
2037-04-22,24.6495,0.1623,32.9718,12.7262,794.6460,240.4282,92.9851,12.4343,273.7738,45.7217
2037-04-23,25.8409,0.0001,30.9844,9.1903,800.2514,244.9359,93.0355,10.4786,277.5188,41.0005
2037-04-24,27.0302,0.0007,24.3128,9.9759,806.0708,250.0975,93.4879,11.6129,281.6939,43.8129
2037-04-25,27.0678,1.0198,22.4789,10.4552,811.8970,255.3912,92.3238,10.1054,285.9279,40.0850
2037-04-26,26.6701,0.8776,26.7261,7.7185,817.6517,260.3243,91.5114,7.8477,289.9013,33.9818
2037-04-27,27.6677,0.9716,29.0135,8.2269,823.5859,265.2750,90.9332,7.4156,293.8938,32.7364
2037-04-28,25.5616,1.3899,46.2839,11.8360,829.1409,268.7471,85.7326,4.2350,296.9059,22.2727
2037-04-29,27.8784,0.0262,32.0479,10.7608,835.1131,273.5209,91.3198,8.9023,300.7684,36.9540
2037-04-30,29.9870,0.0000,20.2013,4.8014,841.4647,279.5349,94.5453,10.3592,305.4190,40.7896
2037-05-01,32.6952,0.0110,18.1499,11.8480,849.7538,286.8172,95.7870,17.5089,311.1112,56.7846
2037-05-02,30.5283,0.0093,23.2086,15.1151,857.6529,293.2113,95.7730,20.6030,316.1835,62.7397
2037-05-03,24.4265,0.5316,36.0798,10.9443,864.4537,297.5069,92.7940,11.0659,319.8329,42.5871
2037-05-04,25.1817,0.3475,32.4812,6.3233,871.3904,302.1786,92.8443,8.8293,323.7147,36.7977
2037-05-05,26.3108,2.3247,35.1982,7.5842,878.5304,135.6634,84.4967,2.8830,195.7551,16.3014
2037-05-06,29.2936,0.3354,28.1627,10.6080,886.2072,141.4115,92.2280,10.0469,202.1719,39.0472
2037-05-07,28.3319,0.0000,19.2030,10.5540,893.7109,147.6720,94.6595,14.0618,209.0063,48.5825
2037-05-08,28.6940,0.0000,14.8048,9.2706,901.2799,154.3545,95.9026,15.6192,216.1595,52.0534
2037-05-09,30.3506,0.0000,16.8922,12.0079,909.1470,161.2358,95.9539,18.0543,223.4155,57.0962
2037-05-10,25.4835,0.0566,37.6907,15.8535,916.1380,165.5965,92.7501,14.0846,228.1120,49.0082
2037-05-11,24.1348,2.7484,47.0011,16.1255,922.8863,108.4525,81.1216,2.8969,167.6513,15.8629
2037-05-12,22.4335,3.6236,54.5970,14.7968,896.3614,76.5252,73.5395,1.5017,126.1301,8.4125
2037-05-13,21.9011,5.0448,56.7988,13.5042,852.0633,52.1216,67.5342,1.1415,90.4160,5.3161
2037-05-14,20.0924,7.2211,65.0066,15.9458,786.6110,31.9978,59.3298,0.8755,58.0883,2.7339
2037-05-15,20.8969,5.1126,58.3528,15.3633,752.9955,22.6713,64.1899,1.1060,42.1685,2.7541
2037-05-16,20.7269,4.7833,56.9453,16.2779,725.6514,17.0038,66.3856,1.2620,32.1256,2.5569
2037-05-17,22.3022,1.2661,48.9726,9.4332,732.0698,20.1476,79.1287,1.6769,37.7012,4.1154
2037-05-18,27.6397,0.0000,31.0889,9.0600,739.4490,25.3615,90.4947,7.2642,46.7173,17.0132
2037-05-19,24.4887,0.7496,43.9668,14.0487,746.2609,29.1363,88.4210,6.9379,53.0905,17.5950
2037-05-20,21.3831,7.2891,60.3905,17.0693,695.9265,18.3297,66.1222,1.3010,34.3946,2.8313
2037-05-21,18.7996,7.4314,66.6461,13.3059,650.2492,11.6323,55.2347,0.5573,22.2687,0.5410
2037-05-22,19.2394,8.0272,66.1599,9.3547,605.5142,7.6936,50.6201,0.2832,14.9136,0.2144
2037-05-23,22.2911,6.2083,60.8158,11.4465,578.6252,6.2964,59.3730,0.6999,12.2594,0.4728
2037-05-24,24.9199,0.8936,52.7917,12.3590,585.5148,9.5303,80.3183,2.1923,18.3153,3.2463
2037-05-25,23.9635,0.0237,49.5644,10.1069,592.2322,12.8582,86.5703,4.3673,24.3924,7.8723
2037-05-26,28.3791,0.0000,36.0075,7.1721,599.7445,17.8246,90.7056,6.8071,33.1836,13.4999
2037-05-27,31.4981,0.0000,30.9167,6.8635,607.8181,23.7533,92.6869,8.8747,43.2783,18.9564
2037-05-28,32.7178,0.0000,27.4890,9.6276,616.1113,30.2090,93.7412,11.8204,53.8207,25.9504
2037-05-29,34.8161,0.0000,23.0029,10.3809,624.7823,37.4894,95.0645,14.7363,65.1985,33.1162
2037-05-30,34.1171,0.0000,23.7510,10.2055,633.3273,44.5588,95.1155,14.7089,75.7873,35.5839
2037-05-31,35.8498,0.0000,16.7304,8.6503,642.1843,52.6590,96.6108,16.6564,87.4009,41.3187
2037-06-01,36.2359,0.0000,14.2984,8.1419,652.1108,61.0828,97.2546,17.6953,98.9858,45.4912
2037-06-02,36.1194,0.0000,17.0528,7.4217,662.0162,69.2105,97.3064,17.1827,109.7393,46.6759
2037-06-03,36.7093,0.0000,19.7409,7.0914,672.0279,77.1994,97.3581,17.0159,119.9504,48.0458
2037-06-04,37.5237,0.0000,16.7879,6.5638,682.1862,85.6606,97.4099,16.6840,130.3895,48.8838
2037-06-05,38.5044,0.0000,17.6090,6.2429,692.5209,94.2511,97.4617,16.5299,140.6475,49.7769
2037-06-06,39.1802,0.0000,20.5215,5.9773,702.9774,102.6794,97.5135,16.4228,150.4284,50.5107
2037-06-07,39.7769,0.0000,20.5995,8.6982,713.5412,111.2240,97.5654,18.9662,160.0702,56.0715
2037-06-08,37.5026,0.3589,23.9211,9.9786,723.6957,118.9557,96.9414,18.6163,168.6201,56.0421
2037-06-09,37.5703,0.2137,19.9262,10.1256,733.8623,127.1077,96.9930,18.8847,177.3997,57.0699
2037-06-10,37.3162,0.0075,18.2427,10.4471,743.9832,135.3764,97.0447,19.3261,186.0967,58.3312
2037-06-11,36.4580,0.0000,17.6839,10.5283,753.9497,143.5156,97.0964,19.5397,194.4815,59.0864
2037-06-12,33.2700,0.1435,28.2345,11.9613,763.3423,150.0093,95.5276,16.9991,201.1804,54.4574
2037-06-13,30.6686,0.2138,39.3624,10.8002,772.2666,155.0808,93.0677,11.4156,206.4947,42.5039
2037-06-14,31.2316,2.1159,42.3072,8.5987,781.2923,120.5906,86.3530,3.9252,174.0289,20.0337
2037-06-15,30.3269,3.7465,48.2681,9.6269,765.4021,82.6070,80.3479,1.9164,130.1086,10.4982
2037-06-16,29.3208,10.9343,56.8395,10.4305,681.5394,45.8440,69.7199,1.0487,78.4890,4.3754
2037-06-17,25.9069,2.7443,68.0288,10.5611,689.6066,39.6437,70.7470,1.0913,69.3243,4.1388
2037-06-18,28.2656,2.8615,59.6025,9.0415,686.0842,34.8962,74.9164,1.2025,61.9190,4.2048
2037-06-19,31.4690,2.8175,52.3386,7.6072,683.6297,32.0431,79.8386,1.6408,57.3643,5.4729
2037-06-20,31.0266,3.6349,56.9076,4.7515,674.0599,26.8947,74.9224,0.9691,48.9107,2.6560
2037-06-21,34.8244,0.8610,38.8255,7.9597,683.7323,32.6804,89.7184,6.1495,58.3843,16.9240
2037-06-22,34.8069,0.0407,34.3773,8.6171,693.4016,38.8838,92.5639,9.5283,68.2057,25.1736
2037-06-23,30.1896,0.5951,52.4995,10.2439,702.2397,42.7966,90.0382,7.2233,74.2766,21.6433
2037-06-24,30.8985,0.2168,47.5812,9.5370,711.2054,47.2125,90.0876,7.0199,80.9847,22.1846
2037-06-25,33.0436,0.0473,36.4785,8.7023,720.5573,52.9223,91.8964,8.7091,89.4248,27.1571
2037-06-26,33.2982,0.0038,33.3078,10.8334,729.9550,58.9619,92.6737,10.8199,98.1115,32.9071
2037-06-27,30.2829,0.1412,39.3726,12.6747,738.8099,63.9710,92.5932,11.7382,105.1751,35.8517
2037-06-28,31.4786,0.0012,33.7097,11.0156,747.8801,69.6566,92.6434,10.8732,113.0012,35.1617
2037-06-29,33.1283,0.0000,28.2935,10.8429,757.2471,76.1181,93.6536,12.4148,121.6626,39.4926
2037-06-30,31.3177,0.0001,33.0752,13.1911,766.2883,81.8298,93.7042,14.0728,129.1742,43.7486
2037-07-01,31.8749,0.0068,32.7681,10.1835,775.7298,87.0365,93.7548,12.1791,135.9415,40.5594
2037-07-02,36.1930,0.1265,26.8336,7.7628,785.9485,93.4448,94.5135,11.9739,144.0675,40.8398
2037-07-03,34.9020,0.2718,33.9917,10.5067,795.9349,99.0259,94.4137,13.5614,151.0651,44.8143
2037-07-04,31.4923,0.1043,37.2570,13.9993,805.3075,103.8286,93.3400,13.9326,157.0394,46.0359
2037-07-05,33.1609,0.3862,37.6291,10.0404,814.9805,108.8472,93.3904,11.4935,163.2020,41.0744
2037-07-06,36.0616,0.9315,32.6604,7.4227,825.1755,114.7243,92.5739,8.9844,170.2678,35.3043
2037-07-07,33.7149,3.8122,43.1396,8.3705,806.6342,79.9788,84.2458,2.8997,128.1837,14.5137
2037-07-08,34.3210,4.2080,40.9024,6.6736,784.9271,59.6972,83.5104,2.4145,100.3200,11.1091
2037-07-09,37.7118,0.1320,26.4807,8.4226,795.4192,66.3986,94.3321,12.0728,109.8687,37.2186
2037-07-10,36.7960,0.0000,27.7667,8.6006,805.7465,72.8275,94.4614,12.4007,118.8086,39.1044
2037-07-11,34.4644,0.1269,37.7679,9.4664,815.6541,78.0254,93.7143,11.6809,125.9338,38.4512
2037-07-12,30.8935,1.3394,49.8363,13.2764,824.9189,81.7946,87.3919,5.7588,131.0930,24.2209
2037-07-13,32.8752,0.1206,36.8507,10.1905,834.5404,86.8335,91.5870,8.9846,137.8174,33.3804
2037-07-14,36.0641,0.0032,28.3269,5.4359,844.7359,93.0893,94.0415,9.9768,145.9654,36.4084
2037-07-15,37.6806,0.0182,26.5512,8.5354,855.2224,99.7789,94.8366,13.0147,154.4953,43.9069
2037-07-16,38.7181,0.0000,20.6769,7.6723,865.8957,107.1968,96.2408,15.0849,163.7221,48.8659
2037-07-17,39.6781,0.0000,18.3125,6.2720,876.7417,115.0200,96.9355,15.4326,173.2260,50.1358
2037-07-18,39.6677,0.6151,21.5023,8.8041,887.5859,122.5358,96.1935,15.8687,182.1907,51.4661
2037-07-19,39.8019,0.6082,22.4171,7.0490,898.4543,129.9884,95.9977,14.1461,190.9208,48.2304
2037-07-20,39.6182,0.1447,24.3335,9.1128,909.2896,137.2244,96.0491,15.8059,199.2680,51.9916
2037-07-21,37.4527,0.0478,33.5009,11.5603,919.7350,143.2454,95.0530,15.6141,206.2026,51.8002
2037-07-22,35.4227,0.0000,32.5021,13.4953,929.8151,149.0351,94.8064,16.6410,212.7991,54.0646
2037-07-23,34.9822,0.0000,29.3422,11.6436,939.8159,155.0227,94.8574,15.2649,219.5206,51.3837
2037-07-24,34.8621,0.0000,29.3041,10.9178,949.7951,160.9937,94.9083,14.8199,226.1530,50.5640
2037-07-25,34.9380,0.0000,29.5069,10.4314,959.7880,166.9600,94.9593,14.5625,232.7151,50.1155
2037-07-26,36.3053,0.0000,29.4704,8.8781,970.0269,173.1559,95.0103,13.5606,239.4524,48.0085
2037-07-27,36.8854,0.0000,29.5806,9.7994,980.3703,179.4381,95.0613,14.3046,246.2142,49.7253
2037-07-28,39.0367,0.0000,25.1139,6.9739,991.1009,186.4971,95.3960,12.9867,253.6635,46.8592
2037-07-29,43.2381,0.0000,16.4865,5.4351,1002.5877,195.1934,97.8528,16.7149,262.5819,54.9470
2037-07-30,44.7495,0.0000,12.2571,8.3334,1014.3467,204.6416,98.9385,22.3082,272.0632,65.6249
2037-07-31,42.5136,0.0000,13.5574,10.8649,1025.7031,213.4959,98.9908,25.5167,280.8482,71.2062
2037-08-01,40.2859,0.0000,16.5681,10.8287,1035.9586,220.6243,98.7719,24.7525,287.9431,69.9652
2037-08-02,40.1107,0.0000,14.1487,7.8661,1046.1825,227.9283,98.8241,21.4660,295.1165,64.2475
2037-08-03,40.6655,0.0000,12.3128,8.8839,1056.5063,235.4890,98.8764,22.7504,302.4450,66.5735
2037-08-04,37.4846,0.0000,15.0429,11.6547,1066.2575,242.2563,98.6361,25.3502,308.9992,71.0649
2037-08-05,35.2578,0.0000,19.6608,10.8470,1075.6079,248.2865,97.5757,21.1642,314.8678,63.7675
2037-08-06,37.2761,0.0000,21.0778,7.5522,1085.3216,254.5392,97.3990,17.5106,320.9174,56.8119
2037-08-07,38.8687,0.0000,20.1755,7.4235,1095.3220,261.1258,97.4508,17.5176,327.2249,56.8387
2037-08-08,40.1047,0.0000,18.5976,8.0494,1105.5448,268.0504,97.5026,18.2038,333.7800,58.2084
2037-08-09,40.0991,0.0000,19.2959,8.4116,1115.7666,274.9146,97.5545,18.6672,340.2457,59.1221
2037-08-10,39.8937,0.0000,22.2650,8.8383,1125.9515,281.4933,97.5648,19.0990,346.4507,59.9634
2037-08-11,38.3504,0.0000,26.5652,10.8344,1135.8586,287.4741,96.5904,18.5433,352.1404,58.8965
2037-08-12,38.0625,0.0000,17.0568,10.4414,1145.7138,294.1800,96.9567,19.0946,358.3378,59.9681
2037-08-13,35.3869,0.0000,21.4362,12.0038,1155.0875,300.0979,96.9573,20.6604,363.8623,62.9224
2037-08-14,33.6896,0.0000,30.0440,13.1495,1164.1556,305.1222,95.2255,17.3197,368.6735,56.4923
2037-08-15,33.3367,0.0000,32.3702,12.8172,1173.1602,309.9302,94.5406,15.5047,373.3064,52.7548
2037-08-16,34.0037,0.0000,33.2296,11.4088,1182.2849,314.7691,94.4071,14.1792,377.9660,49.8954
2037-08-17,33.2659,0.0000,34.1128,12.4124,1191.2767,319.4436,94.1294,14.3534,382.4800,50.2805
2037-08-18,31.8199,0.0000,34.4989,12.3904,1200.0083,323.8952,93.8138,13.7237,386.7920,48.8874
2037-08-19,31.2399,0.0000,30.9997,11.2992,1208.6355,328.5020,93.8644,13.0810,391.1927,47.4348
2037-08-20,34.2389,0.0000,22.1254,6.8951,1217.8025,334.1833,95.1400,12.4909,396.4127,46.0719
2037-08-21,37.7140,0.0000,17.9953,6.1463,1227.5950,340.7544,96.6354,14.7304,402.3200,51.1099
2037-08-22,37.9911,0.0000,19.7266,6.2235,1237.4374,347.2326,96.6869,14.8905,408.1451,51.4576
2037-08-23,40.1561,0.0000,16.0345,6.9216,1247.6695,354.3841,97.4925,17.1750,414.4620,56.2215
2037-08-24,38.9888,0.0001,17.6414,11.8492,1257.6915,361.2002,97.5443,22.1679,420.4935,65.6926
2037-08-25,36.9217,0.0004,16.4024,7.9332,1267.3414,367.7621,97.5962,18.3238,426.2772,58.5068
2037-08-26,36.4302,0.0000,25.4791,8.9207,1276.9028,373.5360,96.5402,16.7254,431.5013,55.3121
2037-08-27,37.7446,0.0000,17.8299,9.9788,1286.7009,380.1255,96.7438,18.1302,437.2862,58.1290
2037-08-28,37.9084,0.0000,17.8220,10.0541,1296.5284,386.7434,96.7954,18.3254,443.0739,58.5129
2037-08-29,37.4742,0.0000,18.0348,10.7375,1306.2777,393.2707,96.8470,19.0991,448.7713,60.0133
2037-08-30,35.8704,0.0000,23.7400,11.1181,1315.7384,399.0911,96.6235,18.8940,453.9505,59.6193
2037-08-31,34.1008,0.0000,34.2696,9.6848,1324.8805,403.8678,94.5373,13.2347,458.3980,47.7983
2037-09-01,35.5767,0.0001,29.5674,7.4517,1332.9884,408.4669,94.5881,11.9093,462.5706,44.7085
2037-09-02,34.9528,0.0000,29.6165,12.1326,1340.9838,412.9846,94.6390,15.1832,466.6681,52.0946
2037-09-03,33.7597,0.2029,39.6651,12.6608,1348.7646,416.7291,93.2919,12.9368,470.2355,47.1173
2037-09-04,30.0980,2.0786,56.0562,10.7749,1355.8862,145.3665,83.2458,2.8683,229.2796,16.5470
2037-09-05,30.9844,0.0121,40.4894,9.9709,1363.1674,148.7659,90.1287,7.2176,233.7558,31.8316
2037-09-06,34.1680,0.0000,25.2133,5.4300,1371.0217,153.4617,94.1966,10.1903,239.8156,40.0090
2037-09-07,37.2567,0.0000,22.6527,7.0487,1379.4319,158.7436,95.5570,13.3246,246.5543,47.5586
2037-09-08,37.3312,0.0580,25.9177,12.1139,1387.8555,163.8125,95.6081,17.3191,252.9762,56.0774
2037-09-09,38.4761,0.0000,21.2771,9.2507,1396.4852,169.3593,96.1105,16.0489,259.9152,53.5589
2037-09-10,39.9405,0.0000,16.7533,9.4785,1405.3785,175.4418,97.2995,19.0417,267.4235,59.5715
2037-09-11,38.9387,0.0251,16.5060,9.7976,1414.0914,181.3936,97.3513,19.4841,274.6953,60.4656
2037-09-12,36.6612,0.0785,22.5767,10.6127,1422.3944,186.5986,97.0164,19.4143,281.0293,60.3722
2037-09-13,34.4593,0.3080,30.3020,9.9097,1430.3011,191.0111,95.3315,14.9254,286.4024,51.3528
2037-09-14,34.0253,0.2615,27.9799,8.2526,1438.1297,195.5149,95.3826,13.8258,291.8401,48.9716
2037-09-15,34.4236,0.0719,23.9908,8.1882,1446.0299,200.3221,95.4338,13.8773,297.5822,49.1062
2037-09-16,35.0622,0.0000,18.8359,9.2229,1454.0451,205.5476,96.0602,15.9179,303.7485,53.5172
2037-09-17,34.5385,0.0000,18.1727,11.0879,1461.9660,210.7395,96.1530,17.7070,309.8267,57.1755
2037-09-18,34.5963,0.0000,17.5991,8.5203,1469.8974,215.9762,96.2878,15.8437,315.9089,53.3946
2037-09-19,34.8562,0.0000,17.1181,8.8016,1477.8755,221.2819,96.4365,16.3952,322.0228,54.5525
2037-09-20,33.8832,0.0000,23.9801,10.4203,1485.6785,226.0166,96.2365,17.3152,327.4831,56.4338
2037-09-21,29.1200,5.1559,47.4614,11.7363,1302.7283,93.9016,79.1642,1.8896,159.1280,11.1845
2037-09-22,23.1518,20.4258,82.5083,9.2810,868.5983,43.3318,41.1018,0.0681,77.0537,0.1568
2037-09-23,24.0112,16.2343,76.1379,8.4302,705.3492,19.7082,41.9538,0.0760,36.8428,0.1032
2037-09-24,24.7753,5.5630,69.8261,11.4280,674.8201,13.2024,56.5620,0.5681,25.1736,0.5971
2037-09-25,25.7102,3.2505,61.4764,8.6043,666.2450,11.0732,67.7602,0.8985,21.2628,0.8467
2037-09-26,27.4455,1.8814,56.2579,5.1477,672.8892,11.7941,76.3262,1.0764,22.5979,1.2682
2037-09-27,30.3438,0.0018,47.0340,7.6986,680.0551,14.7592,87.7257,4.5602,27.9992,8.8517
2037-09-28,30.4283,0.0000,50.0485,4.3059,687.2362,17.5630,88.8842,4.5383,33.0166,9.6896
2037-09-29,29.7832,2.2602,56.4950,5.0937,694.3011,17.0407,80.0784,1.4820,32.1112,3.1444
2037-09-30,28.1579,2.2062,65.1241,8.6055,701.0736,16.1266,76.7261,1.3171,30.4993,2.5834
2037-10-01,29.8843,0.0000,49.2074,8.4240,707.1568,18.5112,87.3296,4.4697,34.7484,9.8512
2037-10-02,30.3452,0.0000,47.3110,5.9839,713.3229,21.0216,89.2584,5.2113,39.1583,11.9560
2037-10-03,29.3453,0.0218,52.6097,5.9195,719.3090,23.2078,89.3075,5.2311,42.9511,12.6267
2037-10-04,27.4832,0.0604,55.3502,7.4438,724.9600,25.1415,89.2820,5.6281,46.2713,13.9357
2037-10-05,27.4720,0.0245,50.4166,10.3606,730.6090,27.2881,89.3311,6.5653,49.9154,16.3366
2037-10-06,26.4581,0.4207,52.3895,14.0411,736.0754,29.2761,89.3802,7.9590,53.2568,19.4952
2037-10-07,28.4808,0.2706,49.9174,12.6326,741.9060,31.5209,89.4294,7.4662,56.9886,19.2804
2037-10-08,26.1054,0.5617,60.0060,6.4990,747.3090,33.1695,87.8740,4.3848,59.7130,13.2249
2037-10-09,27.3842,0.0067,48.8379,4.3005,752.9421,35.3776,88.6372,4.3790,63.3176,13.6588
2037-10-10,27.8404,0.1497,44.6854,5.8852,758.6574,37.8032,89.4767,5.3504,67.2312,16.4660
2037-10-11,28.5242,0.0001,40.2597,5.3570,764.4957,40.4847,90.4058,5.9516,71.5031,18.4313
2037-10-12,28.4152,0.0003,41.4478,5.7639,770.3145,43.1033,90.4553,6.1180,75.6271,19.3844
2037-10-13,25.4134,0.0000,40.8289,10.3968,775.5929,45.4803,90.5048,7.7817,79.3309,23.6166
2037-10-14,24.2755,0.0151,43.9870,8.3957,780.6665,47.6340,90.5543,7.0852,82.6589,22.5754
2037-10-15,25.5087,0.0016,35.9183,6.4758,785.9620,50.2176,90.8357,6.6956,86.6020,22.2281
2037-10-16,25.7363,0.0000,33.9940,7.9660,791.2986,52.9016,91.2359,7.6411,90.6520,24.9787
2037-10-17,26.9933,0.0000,37.2763,9.1926,796.8614,55.5715,91.2857,8.1860,94.6426,26.7729
2037-10-18,26.0755,0.0023,45.0789,10.2025,802.2590,57.8330,90.9099,8.1646,98.0038,27.1858
2037-10-19,25.5994,0.0137,47.3715,9.8033,807.5709,59.9620,90.4456,7.4887,101.1484,26.0065
2037-10-20,26.6525,0.0000,45.8218,9.8645,813.0723,62.2403,90.4951,7.5652,104.4849,26.5954
2037-10-21,27.5935,0.0000,44.3419,10.1527,818.7432,64.6601,90.5446,7.7304,107.9975,27.4076
2037-10-22,27.3795,0.0011,44.8637,8.5575,824.3755,67.0393,90.5941,7.1840,111.4255,26.4274
2037-10-23,26.5587,0.1001,48.6959,6.7806,829.8600,69.1894,90.3355,6.3303,114.5106,24.4974
2037-10-24,24.7267,0.0000,49.0213,5.8054,835.0148,71.1843,90.0035,5.7470,117.3572,23.1344
2037-10-25,22.2975,0.0010,44.8749,6.2371,839.7324,73.1386,90.0529,5.9151,120.1215,23.8432
2037-10-26,24.1625,0.0000,36.5404,5.9346,844.7856,75.5677,90.4527,6.1687,123.5140,24.8357
2037-10-27,25.9987,0.0066,45.5859,7.7179,850.1694,77.8020,90.5023,6.7966,126.6325,26.8222
2037-10-28,25.3329,0.0736,50.6000,7.2756,855.4333,79.7805,89.8857,6.0854,129.3922,25.0501
2037-10-29,24.4259,0.0774,49.6210,9.0775,860.5340,81.7290,89.7780,6.5617,132.0940,26.5947
2037-10-30,24.5919,0.0000,48.3778,9.0601,865.6645,83.7386,89.8273,6.6024,134.8628,26.9057
2037-10-31,23.8887,0.0000,45.1113,7.2893,870.6685,85.8168,89.8766,6.0816,137.7023,25.6038
2037-11-01,24.8048,0.0000,40.4421,6.3148,874.8374,87.8623,89.9259,5.8313,140.4581,25.0319
2037-11-02,24.2673,0.0000,44.7107,5.5520,878.9095,89.7218,89.9753,5.6512,142.9593,24.6312
2037-11-03,21.5951,0.0566,59.3751,4.7608,882.5006,90.9442,88.1752,4.1943,144.6276,19.9996
2037-11-04,24.0413,0.0263,45.7555,3.9265,886.5320,92.7523,88.6692,4.3170,147.0438,20.5294
2037-11-05,23.2246,0.1945,51.6007,5.8557,890.4164,94.3131,88.7182,4.7913,149.1351,22.2165
2037-11-06,21.1694,0.1514,58.7507,4.6264,893.9309,95.5310,87.9153,4.0137,150.7790,19.6251
2037-11-07,23.1604,0.0126,48.9578,6.1632,897.8038,97.1727,88.0645,4.4305,152.9575,21.1657
2037-11-08,23.3501,0.1639,51.1458,7.2296,901.7108,98.7564,88.1132,4.7079,155.0576,22.1892
2037-11-09,22.8376,0.0099,51.4013,6.6181,905.5256,100.2987,88.1619,4.5970,157.0963,21.8940
2037-11-10,23.4551,0.0701,47.2378,6.3840,909.4515,102.0164,88.3943,4.6971,159.3466,22.3162
2037-11-11,23.5977,0.0004,46.8929,4.8417,913.4031,103.7554,88.5104,4.4189,161.6152,21.4435
2037-11-12,24.1113,0.0303,43.2195,4.9063,917.4471,105.6533,89.1209,4.8394,164.0706,22.9612
2037-11-13,25.0745,0.0057,41.5359,6.4348,921.6645,107.6821,89.6391,5.6303,166.6795,25.6242
2037-11-14,24.5194,0.0006,44.7926,7.5525,925.7820,109.5573,89.6884,5.9988,169.0893,26.8577
2037-11-15,21.8364,0.0940,53.7312,8.8945,929.4166,110.9643,88.8440,5.6859,170.9143,25.9428
2037-11-16,16.3998,9.7997,76.9982,15.5974,813.5339,56.8961,49.5696,0.3415,96.8573,0.9302
2037-11-17,16.7904,0.2406,57.7252,8.3177,816.2602,57.8988,71.5210,1.0007,98.3561,4.9484
2037-11-18,16.8715,0.0704,59.6980,5.7689,819.0011,58.8590,79.9843,1.5183,99.7892,7.4442
2037-11-19,16.7508,6.6257,77.9354,11.4571,761.9126,35.3808,49.7476,0.2834,63.4012,0.5658
2037-11-20,14.6553,4.1825,71.4937,11.5873,736.1525,25.0494,49.7043,0.2837,46.1711,0.4511
2037-11-21,14.1059,0.0007,48.3107,10.1279,738.3956,26.0915,72.7779,1.1492,47.9473,3.2381
2037-11-22,13.9752,0.0000,44.7405,6.1907,740.6151,27.1959,82.0984,1.9708,49.8184,5.9285
2037-11-23,15.6461,0.0000,41.8609,5.3556,743.1354,28.4867,86.1835,3.2547,51.9910,9.5664
2037-11-24,18.2420,0.0000,45.4861,7.2320,746.1229,29.8847,87.4375,4.2744,54.3292,12.2794
2037-11-25,18.6662,0.0400,55.9888,6.2151,749.1869,31.0380,87.4860,4.0892,56.2501,12.0912
2037-11-26,19.2079,0.0002,52.3008,6.1432,752.3483,32.3223,87.5346,4.1027,58.3748,12.3853
2037-11-27,18.9005,0.0000,54.2839,7.5568,755.4544,33.5345,87.5831,4.4363,60.3695,13.4298
2037-11-28,18.5179,0.0149,55.2531,9.1390,758.4916,34.6984,87.6317,4.8380,62.2746,14.6183
2037-11-29,18.2735,0.1060,55.5569,10.7864,761.4848,35.8399,87.6802,5.2934,64.1335,15.9149
2037-11-30,16.9834,0.2881,62.7354,9.1530,764.2458,36.7333,86.6336,4.1998,65.5857,13.4878
2037-12-01,17.5576,0.0006,58.1042,6.7204,767.1102,37.6216,86.6819,3.7408,67.0254,12.4657
2037-12-02,18.0605,0.0000,54.0120,6.6343,770.0651,38.6229,86.7301,3.7502,68.6393,12.6645
2037-12-03,17.8984,0.0000,53.3707,8.2213,772.9908,39.6297,86.7784,4.0903,70.2548,13.7422
2037-12-04,18.5643,0.0001,53.7150,10.7972,776.0364,40.6640,86.8267,4.6893,71.9081,15.4693
2037-12-05,18.5458,0.1555,53.1972,8.1800,779.0786,41.7089,86.8750,4.1382,73.5710,14.2369
2037-12-06,17.7825,0.0952,53.6310,5.6692,781.9835,42.7039,86.9233,3.6716,75.1482,13.1270
2037-12-07,17.5711,0.0805,54.2052,6.3932,784.8503,43.6755,86.9717,3.8343,76.6829,13.7401
2037-12-08,16.8817,0.4741,59.0782,6.7167,787.5930,44.5117,86.9166,3.8669,78.0025,13.9673
2037-12-09,16.5415,0.1574,59.2589,6.6009,790.2744,45.3285,86.8402,3.8028,79.2876,13.9173
2037-12-10,17.3952,0.1104,56.4094,8.8342,793.1096,46.2447,86.8885,4.2851,80.7225,15.4045
2037-12-11,17.5452,0.3794,50.8709,10.7325,795.9717,47.2857,86.9368,4.7478,82.3422,16.8324
2037-12-12,16.3847,1.3021,58.6436,8.9805,798.6249,48.1074,79.5972,1.7159,83.6218,7.4027
2037-12-13,17.0344,0.0670,55.2818,6.5863,801.3951,49.0289,83.8481,2.5133,85.0496,10.4059
2037-12-14,16.8592,0.2697,57.2970,7.2950,804.1338,49.9005,85.0543,3.0663,86.3974,12.3479
2037-12-15,16.6734,0.0001,56.6697,6.9534,806.8390,50.7756,85.5085,3.2095,87.7462,12.9204
2037-12-16,16.8644,0.1581,57.2610,10.4835,809.5786,51.6481,85.6186,3.8935,89.0876,15.1431
2037-12-17,17.3785,0.0860,52.9949,11.6308,812.4107,52.6352,86.2370,4.4989,90.5963,17.0474
2037-12-18,17.1070,0.0000,50.2312,9.5218,815.1940,53.6649,86.7120,4.3264,92.1621,16.7115
2037-12-19,15.6439,0.0040,51.1859,8.3116,817.7139,54.5938,86.7603,4.0984,93.5698,16.1781
2037-12-20,15.1774,0.0050,53.1216,7.8131,820.1498,55.4609,86.8086,4.0243,94.8814,16.0778
2037-12-21,14.7997,0.0294,55.1331,9.5179,822.5178,56.2716,86.8569,4.4154,96.1057,17.3543
2037-12-22,15.8262,0.0006,52.8207,9.4931,825.0705,57.1791,86.9052,4.4403,97.4708,17.5573
2037-12-23,15.3278,0.0000,53.7143,8.0028,827.5335,58.0431,86.9535,4.1475,98.7674,16.8030
2037-12-24,15.6686,0.0023,52.7172,7.4406,830.0578,58.9442,87.0019,4.0595,100.1149,16.6531
2037-12-25,16.2410,0.0000,54.0849,6.8957,832.6852,59.8490,87.0502,3.9768,101.4659,16.5129
2037-12-26,17.1896,0.0026,54.9898,8.1383,835.4833,60.7845,87.0986,4.2630,102.8603,17.5154
2037-12-27,16.7893,0.0142,56.8903,9.4235,838.2094,61.6609,87.1470,4.5797,104.1651,18.5850
2037-12-28,16.8584,0.3366,61.0254,9.4759,840.9479,62.4563,86.7077,4.3138,105.3517,17.8840
2037-12-29,16.6951,0.6813,62.6236,9.3261,843.6570,63.2121,83.8895,2.9012,106.4790,13.2934
2037-12-30,16.0777,0.6046,64.0089,8.8713,846.2550,63.9147,83.3113,2.6282,107.5266,12.3573
2037-12-31,15.3601,0.0318,56.5059,6.4378,848.7238,64.7282,84.7453,2.8148,108.7263,13.1234
2038-01-01,15.6336,0.0000,49.9380,7.4291,851.2419,65.7596,86.0800,3.5609,110.2305,15.8440
2038-01-02,15.4974,0.0015,53.2658,6.6983,853.7354,66.7145,86.1281,3.4555,111.6224,15.5823
2038-01-03,15.1222,0.0000,46.5048,6.6179,856.1614,67.7828,86.8707,3.8226,113.1669,16.9259
2038-01-04,14.8360,0.0000,45.1997,6.2234,858.5359,68.8580,87.2338,3.9462,114.7145,17.4428
2038-01-05,14.7655,0.0000,52.3035,6.7731,860.8977,69.7896,87.2822,4.0852,116.0582,17.9923
2038-01-06,15.7727,0.0254,50.7315,7.4621,863.4408,70.8130,87.3307,4.2588,117.5288,18.6584
2038-01-07,15.3083,0.0071,50.8861,7.9191,865.9003,71.8051,87.3791,4.3883,118.9502,19.1738
2038-01-08,14.6846,0.0171,54.2866,10.5281,868.2475,72.6934,87.3540,4.9869,120.2229,21.1302
2038-01-09,14.9479,0.0106,52.2521,13.8670,870.6421,73.6367,87.4025,5.9417,121.5686,24.0374
2038-01-10,15.6921,0.0151,48.6772,9.3783,873.1707,74.6977,87.4510,4.7718,123.0738,20.6741
2038-01-11,14.2736,0.0083,50.1224,4.9684,875.4439,75.6417,87.4995,3.8476,124.4097,17.7461
2038-01-12,13.1672,0.8540,56.2594,9.3382,877.5180,76.4100,82.9444,2.5667,125.5001,13.0778
2038-01-13,11.5056,0.0045,41.5181,9.8869,879.2930,77.3176,85.9890,3.9792,126.7679,18.3348
2038-01-14,9.5640,0.0035,43.9773,7.8183,880.7185,78.0530,86.4768,3.8404,127.7923,17.9196
2038-01-15,7.9387,0.3462,44.9516,10.4219,881.8515,78.6656,86.5250,4.4088,128.6423,19.8782
2038-01-16,8.8164,0.1074,49.1769,8.2350,883.1424,79.2861,86.5732,3.9758,129.5055,18.4817
2038-01-17,10.5735,0.0546,43.1201,5.5808,884.7497,80.1035,86.8921,3.6390,130.6378,17.3707
2038-01-18,12.8200,7.1943,77.1764,7.8614,810.0848,46.5501,45.4663,0.1313,81.4057,0.3148
2038-01-19,14.0865,7.9496,85.8937,6.3191,739.8297,26.0767,28.0991,0.0028,47.9299,0.0045
2038-01-20,14.4507,0.0056,54.7542,5.7564,742.1348,26.9429,57.2105,0.4496,49.4020,0.7501
2038-01-21,13.9322,0.1161,52.3256,6.0610,744.3466,27.8252,74.0016,0.9877,50.8940,2.8266
2038-01-22,14.5807,0.0368,58.8518,4.3077,746.6752,28.6195,80.3299,1.4630,52.2338,4.5469
2038-01-23,15.3878,0.0012,59.0790,4.7663,749.1490,29.4501,83.2154,2.1107,53.6296,6.6496
2038-01-24,16.6636,0.0000,53.6619,5.6953,751.8524,30.4635,85.2087,2.8897,55.3230,8.9790
2038-01-25,17.5419,0.0000,52.9855,5.3430,754.7140,31.5425,86.0766,3.2041,57.1171,9.9931
2038-01-26,18.6995,0.0000,51.8694,6.5872,757.7839,32.7157,86.6421,3.6949,59.0572,11.4630
2038-01-27,20.2753,0.0000,49.2765,5.3990,761.1374,34.0505,87.3206,3.8328,61.2506,12.0607
2038-01-28,21.0990,0.0010,48.4905,8.8704,764.6392,35.4582,87.7279,4.8391,63.5490,14.7874
2038-01-29,20.1594,0.0560,49.2903,5.3525,767.9719,36.7854,87.7765,4.0813,65.7029,13.2019
2038-01-30,19.7200,0.0000,45.4508,6.4315,771.2255,38.1835,88.0611,4.4886,67.9558,14.4920
2038-01-31,16.8079,0.0011,53.0750,9.3150,773.9550,39.2181,87.9415,5.1024,69.6170,16.1965
2038-02-01,16.0041,0.0000,47.2555,10.0620,776.5397,40.4996,87.9902,5.3352,71.6563,17.0165
2038-02-02,15.6645,0.0000,41.5210,6.5292,779.0633,41.8922,88.1392,4.5616,73.8558,15.3760
2038-02-03,16.5786,0.0000,41.8262,7.2837,781.7514,43.3531,88.2523,4.8158,76.1488,16.2966
2038-02-04,15.7548,0.0000,42.1749,6.6141,784.2913,44.7375,88.3010,4.6887,78.3080,16.2221
2038-02-05,16.4953,0.0002,40.9043,4.9380,786.9645,46.2146,88.4072,4.3751,80.5966,15.6360
2038-02-06,13.8124,0.3686,55.8891,9.1631,789.1547,47.1490,87.3879,4.6780,82.0435,16.6127
2038-02-07,12.8077,3.4544,74.6909,13.5944,769.1697,36.0113,60.8377,0.8544,64.4760,2.9209
2038-02-08,13.6255,0.0027,50.6521,7.3845,771.3263,37.0436,76.2567,1.1992,66.1454,4.4143
2038-02-09,14.8940,0.0400,51.9750,4.7048,773.7112,38.1347,82.4124,1.9006,67.9024,7.0683
2038-02-10,15.7361,0.0269,54.2563,4.9132,776.2477,39.2287,84.6782,2.5829,69.6568,9.4121
2038-02-11,16.6750,0.0000,46.5725,5.4930,778.9532,40.5777,86.5798,3.4659,71.8042,12.2115
2038-02-12,15.3772,0.0958,49.2099,9.3277,781.4251,41.7665,86.7308,4.2957,73.6867,14.6662
2038-02-13,14.8404,0.0000,31.9521,7.6263,783.8004,43.3073,89.0009,5.4555,76.1024,17.8804
2038-02-14,17.2326,0.0067,32.1925,10.4964,786.6063,45.0731,89.9570,7.2312,78.8507,22.3519
2038-02-15,18.7296,0.0140,33.1094,6.4200,789.6816,46.9573,90.2245,6.1184,81.7602,20.2053
2038-02-16,18.5585,0.0081,37.1837,9.0333,792.7261,48.7114,90.2739,7.0291,84.4497,22.7047
2038-02-17,15.2289,0.0000,45.8594,15.3231,795.1713,49.9672,89.2584,8.3430,86.3666,25.9010
2038-02-18,16.7754,0.0000,41.4840,13.4624,797.8949,51.4530,89.3075,7.6500,88.6193,24.7104
2038-02-19,17.1440,0.0620,39.7019,10.3435,800.6848,53.0157,89.3566,6.5837,90.9725,22.5363
2038-02-20,17.3846,0.0310,38.1291,9.1730,803.5181,54.6403,89.4058,6.2505,93.4019,22.0175
2038-02-21,17.5121,0.0287,40.8944,13.1858,806.3743,56.2029,89.4549,7.7055,95.7260,25.8221
2038-02-22,16.4623,0.0000,40.8116,15.8516,809.0415,57.6795,89.5041,8.8756,97.9084,28.7697
2038-02-23,16.5488,0.0000,40.5083,16.5569,811.7243,59.1710,89.5533,9.2619,100.0999,29.9273
2038-02-24,17.2598,0.0954,42.0748,14.7044,814.5350,60.6817,89.6025,8.4962,102.3087,28.5155
2038-02-25,18.8840,0.0264,40.4671,8.8163,817.6381,62.3717,89.6517,6.3597,104.7641,23.5966
2038-02-26,19.0409,0.0956,44.2040,7.1819,820.7695,63.9680,89.7010,5.8984,107.0736,22.6070
2038-02-27,19.0993,0.0378,44.5839,5.8895,823.9114,65.5581,89.7277,5.5477,109.3616,21.8586
2038-02-28,20.8126,0.0000,39.0617,5.0417,827.3616,67.4549,89.7770,5.3534,112.0676,21.5511
2038-03-01,21.5124,0.0014,46.6933,5.2573,830.9379,69.5096,89.7754,5.4107,114.9746,21.9676
2038-03-02,24.0732,0.0181,41.1056,4.2280,834.9751,72.0368,89.8247,5.1736,118.5122,21.5607
2038-03-03,23.1471,0.0319,40.7542,8.8342,838.8455,74.4855,89.8740,6.5715,121.9087,25.8159
2038-03-04,20.7762,0.0000,31.0933,9.9534,842.2892,77.0550,90.8324,7.9742,125.4246,29.8041
2038-03-05,20.6434,0.0253,31.9808,11.1274,845.7090,79.5761,90.8821,8.5203,128.8436,31.4786
2038-03-06,20.6460,0.0054,38.1817,10.8819,849.1293,81.8676,90.9317,8.4753,131.9345,31.6345
2038-03-07,16.7728,7.0509,61.3561,12.3806,782.8086,48.5878,59.5763,0.7435,84.1222,3.1338
2038-03-08,13.1590,4.2145,70.0314,12.1473,754.9822,34.8112,52.1576,0.3878,62.4264,0.7657
2038-03-09,16.1128,1.4448,64.8768,6.5301,757.5865,35.8418,63.6720,0.6927,64.1018,2.1750
2038-03-10,18.6023,0.3996,69.8654,5.6511,760.6389,36.8538,75.0174,1.0193,65.7442,3.6732
2038-03-11,20.0733,0.3436,58.5747,6.1944,763.9561,38.3489,82.4094,2.0480,68.1459,7.5809
2038-03-12,21.4543,0.0017,46.2333,4.6879,767.5219,40.4161,86.7273,3.3985,71.4289,11.9839
2038-03-13,22.4786,0.0002,34.5530,5.5013,771.2720,43.0465,89.8184,5.5115,75.5513,17.9447
2038-03-14,23.0629,0.0000,33.8242,5.9931,775.1274,45.7722,90.6814,6.3923,79.7683,20.5901
2038-03-15,25.4914,0.0000,26.4502,5.9061,779.4198,49.1060,92.4867,8.2219,84.8478,25.4062
2038-03-16,21.7488,0.0000,36.1496,8.7527,783.0386,51.5929,91.9323,8.7757,88.5927,27.1709
2038-03-17,22.6050,0.0544,34.7218,6.2462,786.8115,54.2306,91.9823,7.7893,92.5191,25.5776
2038-03-18,20.6149,0.0944,43.3961,7.5392,790.2262,56.3258,90.6920,6.9207,95.6137,23.9445
2038-03-19,20.2100,0.0681,37.7215,10.7872,793.5680,58.5881,90.7416,8.2093,98.9186,27.4106
2038-03-20,21.8502,0.0000,29.8592,4.6296,797.2050,61.3320,91.3319,6.5474,102.8772,23.8753
2038-03-21,23.6618,0.0000,26.6906,5.2304,801.1681,64.4264,92.2595,7.6962,107.2844,27.2422
2038-03-22,21.7332,0.3810,37.2939,10.9085,804.7841,66.8670,91.6935,9.4575,110.7328,31.7726
2038-03-23,15.7515,9.7627,73.9355,10.5116,717.5981,35.4205,48.6574,0.2353,63.0596,0.4679
2038-03-24,21.0444,0.0000,40.4468,7.6128,721.0901,37.6685,77.9115,1.3724,66.6348,5.1043
2038-03-25,23.7746,0.0000,28.8520,5.1330,725.0735,40.6853,89.2040,4.9537,71.3602,16.0576
2038-03-26,24.9711,0.0000,24.1425,5.5526,729.2723,44.0565,92.5805,8.1840,76.5514,24.0189
2038-03-27,22.2466,0.0972,38.3751,12.0216,732.9807,46.5089,91.6685,9.9677,80.2826,28.1941
2038-03-28,17.8037,0.0000,27.7337,14.9223,735.8893,48.8376,91.7185,11.6185,83.7756,31.9535
2038-03-29,20.3877,0.0905,20.1211,9.1639,739.2631,51.7634,93.1151,10.5819,88.1041,30.7737
2038-03-30,22.7649,0.0000,19.3547,7.9562,743.0648,55.0440,93.8513,11.0330,92.8862,32.4786
2038-03-31,25.8002,0.0000,17.2896,8.5563,747.4129,58.8366,94.8356,13.0266,98.3232,37.2324
2038-04-01,28.4737,0.0000,18.3738,8.4434,753.4921,64.6889,95.1078,13.4450,106.5162,39.3926
2038-04-02,27.2536,0.1592,20.7776,8.1434,759.3518,70.1345,95.1589,13.3361,113.9563,40.3136
2038-04-03,24.6017,0.0091,24.3670,8.9688,764.7341,74.8472,94.7324,13.1131,120.2670,40.7354
2038-04-04,25.1518,0.0004,25.3021,7.2002,770.2154,79.6011,94.5300,11.6656,126.5144,38.4828
2038-04-05,24.1698,0.0135,29.8370,10.9270,775.5200,83.8995,93.6583,12.4755,132.0771,40.8029
2038-04-06,26.0586,0.0000,33.8546,5.1694,781.1645,88.2545,93.1056,8.6411,137.6348,32.5108
2038-04-07,28.7978,0.0147,26.2748,9.3810,787.3021,93.5983,93.3844,11.1085,144.3068,38.9235
2038-04-08,28.1102,0.2099,28.3903,6.8283,793.3159,98.6693,93.4349,9.8367,150.5322,36.3857
2038-04-09,28.2040,0.0027,25.8414,14.7600,799.3467,103.9377,93.4853,14.7735,156.8787,47.7613
2038-04-10,26.7183,0.0056,30.5172,14.0360,805.1100,108.6237,93.5359,14.3448,162.4529,47.2612
2038-04-11,23.8566,0.0871,41.9973,15.5448,810.3581,112.1330,91.4623,11.5607,166.6245,41.4157
2038-04-12,22.0769,1.0484,50.2535,13.2224,815.2860,114.9282,85.6765,4.5060,169.9597,22.0072
2038-04-13,19.4392,4.9595,61.5254,15.1443,778.8834,71.1096,66.2348,1.1855,115.7908,6.4919
2038-04-14,16.7712,4.1048,59.7077,16.2795,754.4071,51.3257,63.3085,1.1133,87.7298,5.0701
2038-04-15,22.5000,0.3657,43.2018,10.8660,759.4111,54.5754,83.4173,2.9464,92.5270,12.4513
2038-04-16,25.4367,0.0000,25.5213,6.7080,764.9437,59.3668,91.5043,7.4507,99.4400,25.7027
2038-04-17,25.4572,0.0033,20.7555,13.8208,770.4800,64.4688,93.8045,14.7303,106.6320,41.8032
2038-04-18,24.9111,0.0156,23.5082,22.2844,775.9180,69.2923,93.8551,22.7238,113.2913,56.2886
2038-04-19,22.5940,0.5647,29.9376,16.8572,780.9389,73.3169,92.1090,13.5361,118.7599,41.3756
2038-04-20,22.1852,0.7684,36.1104,8.7421,785.8862,76.9235,89.2861,6.0121,123.6013,24.4007
2038-04-21,24.0878,1.5821,42.5689,7.2562,791.1760,77.1297,84.1177,2.6946,124.0308,13.5157
2038-04-22,27.0703,0.0711,38.2052,8.3918,797.0027,81.3499,89.7397,6.3041,129.6232,25.6896
2038-04-23,28.7548,0.0000,27.1694,5.7271,803.1326,86.6212,92.7753,8.4854,136.4505,32.0266
2038-04-24,29.0293,0.0148,26.6286,10.4976,809.3118,91.9804,93.3208,11.6476,143.2570,40.0512
2038-04-25,31.5765,0.0870,20.1458,6.6300,815.9496,98.3063,95.0637,12.1970,151.1008,41.8798
2038-04-26,32.4612,0.3458,19.1825,11.1970,822.7466,104.8819,95.5605,16.4303,159.0693,51.2213
2038-04-27,28.5416,0.6381,30.3917,11.2477,828.8381,109.8840,92.4235,10.6659,165.0604,39.2355
2038-04-28,30.4912,0.8657,27.5881,9.8473,835.2805,115.4298,92.4350,9.9554,171.5814,37.8202
2038-04-29,26.4378,0.4365,46.9504,11.8258,840.9933,118.9715,90.8594,8.7970,175.7770,35.0363
2038-04-30,27.4220,3.2534,49.5344,6.4431,824.4729,85.1674,78.0329,1.3070,135.3745,7.6934
2038-05-01,27.0929,1.2329,45.9810,9.7669,831.7536,89.1768,84.7831,3.3462,140.6531,16.7747
2038-05-02,27.6450,0.0135,29.0970,12.2629,839.1337,94.5424,91.7637,10.2266,147.5304,37.1160
2038-05-03,28.5135,0.0003,25.1809,14.6475,846.6701,100.3755,93.4445,14.6066,154.8547,47.2707
2038-05-04,29.7983,0.0000,18.4999,14.0267,854.4378,107.0051,95.1820,17.9951,162.9826,54.4955
2038-05-05,30.9870,0.0000,15.4960,6.5855,862.4195,114.1435,96.1226,14.0550,171.5307,47.1847
2038-05-06,30.2996,0.0111,26.0316,11.0745,870.2774,120.2581,95.3636,15.8969,178.7614,51.3611
2038-05-07,27.5572,0.0044,33.0271,13.4355,877.6417,125.3108,93.6890,14.2170,184.6944,48.1444
2038-05-08,25.9505,0.5909,38.3494,13.5343,884.7168,129.7012,91.2343,10.1137,189.8292,38.8859
2038-05-09,24.3918,2.6543,45.6640,12.8856,891.5113,97.1754,81.0015,2.4272,152.7312,13.4875
2038-05-10,23.0057,4.2005,52.9286,12.9883,859.4542,67.5494,72.4877,1.3123,112.9127,7.0287
2038-05-11,23.1539,1.4442,49.6803,11.2941,866.0259,70.7624,80.5032,2.1196,117.5189,10.8715
2038-05-12,23.2144,2.7923,46.0694,10.7966,872.6085,59.8690,77.5428,1.5638,102.2071,7.7581
2038-05-13,24.2222,0.1305,33.7905,8.2584,879.3725,64.2828,88.6757,5.3751,108.7004,21.3097
2038-05-14,27.4118,0.0000,20.3110,7.3633,886.7106,70.2644,93.7940,10.6234,117.2927,35.1613
2038-05-15,28.9357,0.0000,17.1704,6.5024,894.3231,76.8141,95.3131,12.5392,126.4713,40.3223
2038-05-16,31.9506,0.0000,15.6645,5.0487,902.4782,84.1522,96.2325,13.2021,136.4872,42.7731
2038-05-17,34.6580,0.0196,14.8740,6.9823,911.1206,92.1658,96.8775,15.8712,147.1250,49.1490
2038-05-18,34.0492,0.1321,16.8715,8.2687,919.6535,99.8582,96.9292,17.0515,157.0769,52.2665
2038-05-19,32.1951,0.0000,21.6323,10.2507,927.8526,106.7275,96.5078,17.8069,165.7818,54.3370
2038-05-20,36.2263,0.0000,16.7860,5.5509,936.7773,114.9047,96.7239,14.4658,175.8769,48.2745
2038-05-21,36.5296,0.0000,17.9072,10.9503,945.7566,123.0373,96.7754,19.1209,185.6837,57.9311
2038-05-22,37.5936,0.0085,15.6578,10.1183,954.9275,131.6290,97.1825,19.3614,195.7884,58.8060
2038-05-23,37.6827,0.0010,10.3983,15.2362,964.1144,140.7775,98.3018,29.0610,206.2608,75.5608
2038-05-24,36.9461,0.0003,12.2743,15.0729,973.1687,149.5643,98.3539,29.0209,216.0990,75.8313
2038-05-25,32.3741,0.0220,29.4544,15.4995,981.4000,155.7812,95.3261,19.7665,223.0489,60.3481
2038-05-26,25.2516,0.4911,34.9115,18.2767,988.3493,160.2967,93.0402,16.5744,228.1047,54.2454
2038-05-27,22.2160,1.6391,39.9872,16.1646,994.7522,142.0468,85.4654,5.0747,209.3557,24.7708
2038-05-28,25.7412,0.1098,32.1781,6.6222,1001.7896,146.8394,90.6627,6.5806,214.9221,29.6982
2038-05-29,27.2791,0.1013,31.0138,14.8327,1009.1038,151.9935,92.0127,12.0581,220.8316,44.3069
2038-05-30,25.9025,0.1488,39.9706,12.2545,1016.1703,156.2609,91.7707,10.2324,225.7395,39.9465
2038-05-31,28.3932,0.0118,35.5683,9.0674,1023.6850,161.2637,91.8206,8.7762,231.3963,36.2114
2038-06-01,34.3082,0.0000,21.1405,5.3850,1033.2645,168.6148,95.1856,11.6480,239.5155,43.5957
2038-06-02,36.6092,0.0001,17.1333,11.9075,1043.2582,176.8415,96.6618,19.7623,248.4126,60.7519
2038-06-03,33.3100,0.0387,25.9958,11.1495,1052.6580,183.5455,95.8586,17.0682,255.6505,55.6009
2038-06-04,31.1481,0.0000,30.4369,14.1061,1061.6686,189.4513,94.6520,16.8007,262.0138,55.1167
2038-06-05,31.3250,0.0013,23.4780,12.3608,1070.7111,195.9835,94.7029,15.4944,268.9124,52.4678
2038-06-06,34.3470,0.0000,20.3499,7.7641,1080.2976,203.4165,95.5834,13.8634,276.6175,48.9875
2038-06-07,35.4754,0.0000,25.7629,7.2953,1090.0872,210.5648,95.6346,13.6344,283.9890,48.5126
2038-06-08,36.4461,0.1104,24.5391,9.0187,1100.0515,218.0238,95.6858,14.9752,291.5760,51.4812
2038-06-09,33.3208,0.8792,33.9629,13.8688,1109.4532,224.0080,92.1409,11.6964,297.7303,44.0712
2038-06-10,31.3806,0.0000,32.2333,14.9274,1118.5057,229.8027,92.5845,13.1332,303.6430,47.4497
2038-06-11,31.1527,0.0000,27.7955,14.8317,1127.5172,235.9336,93.4299,14.7129,309.8018,50.9741
2038-06-12,29.0071,0.0000,24.9244,14.8568,1136.1425,241.8843,93.7171,15.3326,315.7245,52.3168
2038-06-13,30.5083,0.0000,21.3306,10.7663,1145.0379,248.4306,94.7033,14.2990,322.1337,50.0992
2038-06-14,32.2557,0.0000,22.2624,8.5862,1154.2480,255.2571,94.8598,13.0897,328.7564,47.4031
2038-06-15,35.1162,0.0000,18.3364,11.5632,1163.9729,263.0433,96.1512,18.1318,336.1643,58.0709
2038-06-16,37.0373,0.0000,20.0676,12.5054,1174.0436,271.0687,96.2026,19.1458,343.7316,60.0496
2038-06-17,39.0155,0.0000,17.9252,8.8883,1184.4704,279.7367,96.9121,17.5523,351.7759,56.9433
2038-06-18,38.2377,0.0000,20.7899,10.9961,1194.7572,287.9399,96.9638,19.6544,359.3618,61.0361
2038-06-19,38.7402,0.0000,21.2439,9.7141,1205.1344,296.2003,97.0154,18.5526,366.9354,58.9283
2038-06-20,40.4535,0.0000,18.3652,7.2599,1215.8200,305.1309,97.0768,16.5293,374.9877,54.8912
2038-06-21,41.2067,0.0167,13.3825,11.1554,1226.6412,314.7782,98.1993,23.3424,383.5146,67.7533
2038-06-22,38.4730,0.0015,15.3462,12.9743,1236.9704,323.5977,98.2513,25.7588,391.2880,71.8764
2038-06-23,37.2788,0.0358,18.2608,11.9786,1247.0846,331.8565,97.9730,23.6159,398.5630,68.2370
2038-06-24,36.2306,0.0000,27.5020,11.1119,1257.0101,338.9815,96.1810,17.7955,404.9517,57.4604
2038-06-25,39.4243,0.0000,19.2046,7.9344,1267.5104,347.6013,96.7120,16.2859,412.4366,54.4047
2038-06-26,40.1344,0.0000,17.1879,9.7949,1278.1386,356.5910,97.2590,19.2436,420.1414,60.2854
2038-06-27,40.6962,0.0000,14.7956,10.5130,1288.8679,365.9665,97.8463,21.5705,428.0659,64.6185
2038-06-28,40.7013,0.0000,11.6191,10.8969,1299.5982,375.6927,98.4832,23.9164,436.1649,68.7679
2038-06-29,41.0786,0.0000,11.7675,9.2746,1310.3963,385.4902,98.5354,22.1904,444.2549,65.7375
2038-06-30,37.3590,0.0000,23.9024,13.0124,1320.5250,393.1950,97.0385,21.9748,450.8105,65.3519
2038-07-01,35.4553,0.0001,35.3123,13.8158,1330.6109,398.7486,94.5190,16.2565,455.9255,54.3510
2038-07-02,37.9002,0.0000,28.8824,10.3910,1341.1369,405.2626,94.5699,13.7759,461.7204,49.0193
2038-07-03,39.6829,0.0000,19.2341,8.0713,1351.9839,412.9984,96.6928,16.3564,468.3346,54.5586
2038-07-04,39.4828,0.0000,20.1777,10.3122,1362.7948,420.6064,96.7444,18.4389,474.8355,58.7376
2038-07-05,40.9830,0.0000,17.8008,9.9698,1373.8757,428.7305,97.2702,19.4429,481.6797,60.6735
2038-07-06,42.7120,0.0000,10.0688,7.9162,1385.2679,437.9840,99.0214,22.0813,489.2495,65.5461
2038-07-07,44.7870,0.0000,8.2303,7.0138,1397.0335,447.8739,99.6031,22.7548,497.2307,66.7454
2038-07-08,40.3014,0.0000,16.1669,14.3314,1407.9918,456.0253,98.9290,30.1427,503.9764,78.9238
2038-07-09,36.1138,0.0000,23.7788,13.5098,1418.1963,462.6869,96.9495,22.2659,509.6721,65.8773
2038-07-10,36.1903,0.0374,22.9539,12.3140,1428.4145,469.4345,96.8159,20.5923,515.4088,62.8336
2038-07-11,36.2061,0.0000,22.3616,11.9760,1438.6356,476.2368,96.8675,20.3850,521.1654,62.4487
2038-07-12,35.3473,0.0000,22.4522,13.6451,1448.7021,482.8748,96.7656,21.8731,526.7854,65.1733
2038-07-13,32.4531,0.0000,26.5114,14.8567,1458.2477,488.6658,95.6439,19.9830,531.8053,61.6968
2038-07-14,32.5006,0.0000,26.9981,15.1151,1467.8018,494.4266,95.3886,19.5534,536.8015,60.8854
2038-07-15,30.4103,0.0031,31.1617,15.1912,1476.9796,499.5209,94.3484,17.0181,541.3362,55.9144
2038-07-16,33.9048,0.0000,17.5700,9.7014,1486.7865,506.2975,96.0840,16.3588,546.9559,54.5660
2038-07-17,37.4309,0.0000,15.3637,11.4565,1497.2281,513.9565,97.1962,20.7498,553.1826,63.1256
2038-07-18,37.4915,0.0000,17.8662,12.8323,1507.6805,521.4006,97.2479,22.3932,559.2705,66.1052
2038-07-19,36.1167,0.0000,25.4195,10.8011,1517.8855,527.9194,96.4352,18.1299,564.7713,58.1346
2038-07-20,37.0953,0.0000,24.1319,11.1857,1528.2667,534.7250,96.4867,18.6132,570.4571,59.0796
2038-07-21,36.5452,0.0011,20.8521,11.3748,1538.5488,541.7227,96.5382,18.9220,576.2243,59.6775
2038-07-22,36.1422,0.0000,24.4195,14.1063,1548.7584,548.3333,96.4958,21.5906,581.7497,64.6637
2038-07-23,33.9039,0.0000,27.9960,15.6732,1558.5651,554.2527,95.5348,20.5155,586.8079,62.6921
2038-07-24,31.5027,0.0000,28.2706,15.0860,1567.9396,559.7450,95.0138,18.5498,591.5450,58.9565
2038-07-25,32.1378,0.0000,26.6069,13.1615,1577.4284,565.4741,95.0648,16.9534,596.4300,55.7836
2038-07-26,35.6122,0.0000,22.9677,5.8521,1587.5426,572.1159,95.2693,12.0626,601.9277,45.0764
2038-07-27,38.9014,0.0000,20.0879,9.2965,1598.2489,579.6233,96.4144,16.7592,608.0006,55.3883
2038-07-28,38.3034,0.0000,23.0947,8.4046,1608.8475,586.7402,96.4659,16.1340,613.8285,54.1009
2038-07-29,38.3875,0.0000,24.6861,9.9920,1619.4612,593.7247,96.5174,17.5990,619.5776,57.0831
2038-07-30,38.8567,0.0000,23.4813,8.8497,1630.1594,600.9053,96.5689,16.7301,625.4402,55.3290
2038-07-31,39.2486,0.0000,21.4813,10.0938,1640.9282,608.3458,96.6204,17.9363,631.4467,57.7530
2038-08-01,35.3877,0.0000,29.5084,14.4676,1650.3020,613.6558,95.5001,19.2154,636.0408,60.2416
2038-08-02,37.1139,0.0000,25.6444,10.9874,1659.9865,619.5218,95.5513,16.2373,640.9877,54.3151
2038-08-03,39.9325,0.0000,16.9226,8.0254,1670.1783,626.5593,97.2420,17.5622,646.6498,57.0096
2038-08-04,41.3016,0.0000,15.3276,5.2009,1680.6166,633.9712,97.8264,16.4612,652.5481,54.7777
2038-08-05,42.4193,0.0000,14.9010,9.1078,1691.2561,641.6168,98.0999,20.7802,658.5980,63.1822
2038-08-06,39.9347,0.0007,23.6129,10.4897,1701.4484,648.0879,97.4118,20.3387,663.9364,62.3634
2038-08-07,37.6086,0.0000,24.1969,14.4556,1711.2219,654.1455,96.8652,23.0908,668.9732,67.3389
2038-08-08,35.3651,0.0000,22.4400,14.7358,1720.5916,659.9843,96.7686,23.1182,673.8145,67.3871
2038-08-09,34.9440,0.0000,21.5187,12.0090,1729.8856,665.8242,96.8202,20.2900,678.6378,62.2727
2038-08-10,35.8300,0.0000,23.0313,11.4006,1739.3390,671.6923,96.7317,19.4452,683.5026,60.6803
2038-08-11,37.7046,0.0000,25.7790,8.8543,1749.1298,677.6382,96.5300,16.6467,688.4691,55.1585
2038-08-12,38.6877,0.0000,20.3611,10.4117,1759.0976,684.1798,96.5815,18.1308,693.7730,58.1368
2038-08-13,35.8342,0.0000,22.6694,12.8599,1768.5517,690.0762,96.6331,20.6538,698.6408,62.9487
2038-08-14,34.9680,0.0000,21.6343,9.9736,1777.8500,695.9114,96.6846,17.9822,703.4433,57.8438
2038-08-15,36.5901,0.0000,17.9320,7.9823,1787.4402,702.2970,96.7362,16.3783,708.5798,54.6067
2038-08-16,36.9351,0.0000,16.9642,8.2303,1797.0925,708.8172,96.8069,16.7422,713.7919,55.3537
2038-08-17,39.2818,0.0000,14.5814,6.8333,1807.1672,715.9382,97.6561,17.4740,719.3859,56.8334
2038-08-18,38.9278,0.0000,23.4142,9.6107,1817.1782,722.2670,97.2450,19.0303,724.5618,59.8864
2038-08-19,39.1097,0.0000,25.2658,9.1358,1827.2220,728.4707,96.8968,17.7361,729.6778,57.3561
2038-08-20,39.1792,0.0000,16.3637,9.6475,1837.2782,735.4255,97.2836,19.1640,735.4122,60.1431
2038-08-21,36.6878,0.0000,22.1373,12.7359,1846.8860,741.4997,97.0772,21.7831,741.4281,65.0120
2038-08-22,35.0102,0.0000,23.6907,11.8428,1856.1919,747.1884,96.5487,19.4008,747.0648,60.5958
2038-08-23,38.0632,0.0000,14.9638,6.2536,1866.0472,754.0636,97.3820,16.3644,753.8615,54.5782
2038-08-24,36.0182,0.0000,29.6127,10.9052,1875.5345,759.4573,95.6963,16.4923,759.2115,54.8415
2038-08-25,35.8708,0.0233,30.6367,8.7186,1884.9953,764.7515,95.2868,13.9704,764.4639,49.4560
2038-08-26,35.4424,0.0126,30.5722,10.9062,1894.3789,769.9891,95.1716,15.3549,769.6601,52.4636
2038-08-27,34.7194,0.0000,22.8685,13.5227,1903.6324,775.6928,95.2227,17.6415,775.3076,57.1679
2038-08-28,35.5336,0.0000,22.3103,8.3607,1913.0324,781.5684,95.4015,13.9370,781.1232,49.3817
2038-08-29,36.6853,0.0000,27.6764,6.5571,1922.6398,787.2101,95.4526,12.8153,786.7130,46.8397
2038-08-30,38.3879,0.0000,24.0888,7.1052,1932.5536,793.3985,95.5131,13.2831,792.8368,47.9119
2038-08-31,36.2468,0.0000,23.7846,12.8482,1942.0820,799.2748,95.5643,17.8651,798.6524,57.6122
2038-09-01,34.0210,0.0000,22.3168,10.3411,1949.9098,804.1321,95.6155,15.8549,803.4585,53.5187
2038-09-02,33.5062,0.0000,16.8892,9.1102,1957.6449,809.2527,96.2415,16.2199,808.5187,54.2793
2038-09-03,34.9333,0.0000,14.8187,5.9033,1965.6369,814.7173,96.9275,15.1321,813.9151,51.9884
2038-09-04,35.7416,0.0000,18.8505,5.2567,1973.7744,820.0400,96.9791,14.7485,819.1748,51.1624
2038-09-05,37.5803,0.0000,15.4134,7.6628,1982.2429,825.8650,97.2377,17.2343,824.9250,56.3519
2038-09-06,38.2577,0.3459,21.4772,10.1661,1990.8333,831.3672,97.2894,19.6866,830.3627,61.1386
2038-09-07,35.3050,2.8432,32.8177,12.4615,1768.6996,127.4072,90.1544,8.2128,215.9287,34.4608
2038-09-08,31.4419,0.6886,53.2848,11.7456,1776.0631,130.1137,88.3223,6.0909,219.9448,28.2399
2038-09-09,30.3655,0.0986,40.8344,11.8018,1783.2329,133.4282,90.5303,8.3831,224.8046,35.0572
2038-09-10,32.1035,0.0068,32.4582,7.7388,1790.7156,137.4209,92.4982,9.0319,230.6006,36.8905
2038-09-11,32.4134,0.0693,28.7305,10.3957,1798.2540,141.6732,93.4379,11.7789,236.7219,43.8756
2038-09-12,26.8872,0.0000,30.6657,15.6475,1804.7977,145.1280,93.4884,15.4558,241.6724,52.1360
2038-09-13,27.0959,0.0000,20.2635,12.0950,1811.3789,149.1307,94.3734,14.6100,247.3505,50.3996
2038-09-14,29.4236,0.0000,16.6836,11.4474,1818.3792,153.6583,95.5805,16.6842,253.7171,54.8061
2038-09-15,30.8568,0.0000,18.3741,10.6094,1825.6374,158.3024,95.6317,16.1062,260.1995,53.6798
2038-09-16,33.5748,0.0000,19.3700,8.5215,1833.3849,163.2800,95.7274,14.6875,267.0923,50.7347
2038-09-17,34.7152,0.0000,20.1026,9.5942,1841.3376,168.3746,95.7787,15.6115,274.0909,52.7469
2038-09-18,34.2662,0.0000,25.9794,9.7830,1849.2095,173.0352,95.8299,15.8707,280.4617,53.3249
2038-09-19,34.1730,0.0000,28.6514,7.5763,1857.0647,177.5158,95.4049,13.4031,286.5530,48.0038
2038-09-20,35.0534,0.0242,30.4743,10.5321,1865.0783,181.9909,95.1467,15.0169,292.6028,51.5745
2038-09-21,30.8864,1.8610,48.8394,12.9009,1872.3418,138.8693,86.3061,4.8433,234.2951,24.2276
2038-09-22,30.0541,0.0000,36.3964,9.1463,1879.4556,142.3971,90.9887,7.8289,239.4410,33.6593
2038-09-23,27.1971,0.0000,25.0367,11.2576,1886.0551,146.1737,93.1493,11.8158,244.8971,44.0521
2038-09-24,28.5801,0.0000,21.4559,7.5419,1892.9035,150.3240,94.3016,11.5001,250.8460,43.3513
2038-09-25,29.9619,0.0000,23.6857,8.0558,1900.0006,154.5443,94.3523,11.8848,256.8573,44.3201
2038-09-26,29.9820,0.0000,19.8688,9.3695,1907.1014,158.9785,94.9747,13.8329,263.1217,48.8368
2038-09-27,30.0747,0.0000,23.8148,9.7080,1914.2188,163.2070,95.0257,14.1696,269.0630,49.6199
2038-09-28,29.5152,0.0036,30.7995,8.0351,1921.2356,166.9788,94.2850,11.7625,274.3474,44.1378
2038-09-29,29.5730,0.0000,32.1388,6.9883,1928.2627,170.6847,93.9284,10.6209,279.5146,41.3668
2038-09-30,29.8932,0.0061,29.4463,4.9557,1935.3475,174.5778,93.9791,9.6545,284.9058,38.9130
2038-10-01,29.9829,0.0018,26.9477,5.1154,1941.4484,178.0183,94.0298,9.8011,289.6410,39.3116
2038-10-02,29.4510,0.0377,28.4941,7.6870,1947.4536,181.3284,94.0805,11.2357,294.1789,42.9433
2038-10-03,28.8952,0.1188,30.4335,7.9826,1953.3587,184.4901,94.0493,11.3552,298.4989,43.2480
2038-10-04,26.0221,0.0000,22.6820,9.2259,1958.7467,187.6675,94.1000,12.1745,302.8055,45.2240
2038-10-05,27.2744,0.0002,21.6470,5.8319,1964.3601,191.0361,94.1749,10.3675,307.3475,40.8151
2038-10-06,28.8734,0.0000,23.4054,4.7186,1970.2613,194.5147,94.2256,9.8710,312.0190,39.5501
2038-10-07,29.9782,0.0000,24.3858,6.2391,1976.3614,198.0754,94.2764,10.7320,316.7798,41.7523
2038-10-08,25.4776,0.0000,36.7667,13.3459,1981.6514,200.6218,92.6347,12.2131,320.2010,45.3539
2038-10-09,21.3606,0.5566,50.0341,16.3064,1986.2003,202.3223,89.5219,9.1046,322.5133,37.5422
2038-10-10,22.1510,0.0687,34.7248,8.5999,1990.8915,204.6219,90.3641,6.9665,325.5854,31.4510
2038-10-11,25.1964,0.0000,24.5425,5.2189,1996.1308,207.6284,92.7288,8.2170,329.5589,35.1072
2038-10-12,25.4234,0.0000,36.1452,7.6376,2001.4110,210.1947,92.4390,8.9113,332.9663,37.0329
2038-10-13,27.3677,0.0000,29.6198,5.1558,2007.0412,213.2305,92.4891,7.9195,336.9626,34.2699
2038-10-14,26.9091,0.0000,36.6466,8.5036,2012.5888,215.9191,92.5014,9.3910,340.5099,38.3300
2038-10-15,26.3725,0.0360,34.1369,10.3335,2018.0399,218.6608,92.5516,10.3711,344.1085,40.8795
2038-10-16,25.7725,0.0864,33.0933,13.6596,2023.3829,221.3850,92.6018,12.3503,347.6706,45.7139
2038-10-17,25.7144,0.0000,33.6927,13.0481,2028.7155,224.0790,92.6520,12.0604,351.1842,45.0327
2038-10-18,26.4490,0.0000,33.4081,8.5670,2034.1804,226.8587,92.7022,9.6909,354.7970,39.1334
2038-10-19,28.6688,0.0000,28.7856,4.2935,2040.0447,230.0709,92.8426,7.9689,358.9408,34.4282
2038-10-20,29.6174,0.0000,18.3295,3.5677,2046.0799,233.8721,95.0233,10.3953,363.7892,40.9562
2038-10-21,29.6088,0.0587,15.7324,7.2728,2052.1135,237.7931,95.8572,14.0368,368.7592,49.5753
2038-10-22,27.8127,0.3313,26.7290,7.2131,2057.8238,241.0030,94.9443,12.3570,372.8420,45.7483
2038-10-23,26.6305,0.1555,34.3478,11.7713,2063.3212,243.7615,93.3079,12.3974,376.3637,45.8448
2038-10-24,25.8041,0.0000,41.9885,11.4612,2068.6700,246.1263,91.6983,9.7311,379.4015,39.2524
2038-10-25,26.3274,0.0000,36.4388,7.3763,2074.1129,248.7678,91.7482,7.9770,382.7643,34.4621
2038-10-26,27.6584,0.0690,25.5578,9.9439,2079.7954,252.0116,93.1981,11.1345,386.8388,42.8158
2038-10-27,24.7670,0.5179,42.3840,14.8101,2084.9575,254.2698,91.3683,10.9929,389.7195,42.4670
2038-10-28,22.1631,4.1770,58.4364,10.2750,1652.3078,100.6776,70.4200,1.0642,174.7376,7.0014
2038-10-29,23.5253,0.0914,57.2207,6.4286,1657.2463,102.2737,82.2192,2.0242,177.2075,12.1606
2038-10-30,24.7433,0.4719,53.3799,6.3386,1662.4041,104.0993,86.3549,3.5036,180.0170,18.5686
2038-10-31,24.3845,0.8304,53.6538,10.0338,1667.4974,105.8889,85.6145,3.8041,182.7634,19.7759
2038-11-01,21.7468,1.2117,58.5325,8.0476,1671.1158,107.1450,81.4987,2.0142,184.6866,12.2188
2038-11-02,22.8350,0.0003,45.6001,4.5297,1674.9301,108.8712,86.8486,3.4301,187.3052,18.4166
2038-11-03,24.7285,0.0000,38.2703,9.8543,1679.0852,110.9851,89.7503,6.7965,190.4920,29.8973
2038-11-04,25.0896,0.0006,45.7316,8.0155,1683.3053,112.8694,89.7996,6.2390,193.3307,28.2707
2038-11-05,27.6726,0.0004,44.5672,7.9343,1687.9904,114.9840,89.8488,6.2576,196.5039,28.3943
2038-11-06,25.1955,0.0062,45.8781,4.4731,1692.2296,116.8708,89.8982,5.2934,199.3263,25.3537
2038-11-07,22.3199,0.2271,52.9064,5.0113,1695.9512,118.3331,89.0991,4.8498,201.5149,23.8850
2038-11-08,24.2487,0.0000,44.5855,4.8538,1700.0199,120.1954,89.1482,4.8455,204.2826,23.9120
2038-11-09,23.7592,0.0000,46.7567,9.4396,1704.0006,121.9502,89.1973,6.1483,206.8851,28.2402
2038-11-10,22.6099,0.0219,51.0606,7.6976,1707.7744,123.4886,89.1993,5.6333,209.1655,26.6286
2038-11-11,22.7397,0.0007,46.7788,6.5262,1711.5715,125.1707,89.2484,5.3479,211.6462,25.7224
2038-11-12,22.6414,0.0000,39.4278,6.5139,1715.3510,127.0773,89.6395,5.6531,214.4392,26.7651
2038-11-13,21.9374,0.0000,37.6484,5.1542,1719.0037,128.9817,89.8891,5.4711,217.2174,26.2017
2038-11-14,19.9939,0.0001,39.2462,8.0117,1722.3066,130.6808,89.9385,6.3633,219.6891,29.0909
2038-11-15,19.7586,0.0599,61.7670,8.6471,1725.5672,131.7381,87.5668,4.6759,221.2483,23.5244
2038-11-16,21.9746,0.0236,55.8472,6.5974,1729.2266,133.0888,87.6153,4.2465,223.2265,21.9911
2038-11-17,23.8911,0.0118,46.3200,6.1566,1733.2310,134.8674,88.4621,4.6890,225.8080,23.6138
2038-11-18,23.4712,0.2626,50.2528,4.8025,1737.1598,136.4880,88.5110,4.4105,228.1599,22.6345
2038-11-19,23.9085,0.0012,51.3709,5.9422,1741.1673,138.1004,88.5598,4.7041,230.4963,23.7075
2038-11-20,22.5810,0.3076,58.6429,6.6956,1744.9359,139.3988,88.0380,4.5338,232.3858,23.1141
2038-11-21,18.3532,1.1419,72.5687,9.2182,1747.9435,140.1063,79.2327,1.6754,233.4352,10.8748
2038-11-22,19.1892,0.6547,61.3763,5.8055,1751.1015,141.1453,81.9974,1.9093,234.9466,12.0963
2038-11-23,20.4351,0.2352,51.8649,6.9429,1754.4839,142.5196,85.7411,3.3135,236.9247,18.4677
2038-11-24,19.0943,0.0149,60.4163,10.4348,1757.6248,143.5794,85.7891,3.9776,238.4597,21.0976
2038-11-25,19.1580,0.0010,50.1809,8.9142,1760.7773,144.9174,86.8596,4.2848,240.3757,22.2612
2038-11-26,18.8469,0.0794,50.5678,7.7005,1763.8737,146.2247,87.0515,4.1421,242.2444,21.7417
2038-11-27,19.8257,0.0261,49.7996,7.6399,1767.1463,147.6174,87.3207,4.2911,244.2307,22.3071
2038-11-28,19.9561,0.0001,52.3766,5.8933,1770.4424,148.9469,87.3692,3.9568,246.1272,21.0619
2038-11-29,20.5185,0.0002,47.3907,4.8853,1773.8398,150.4548,87.7919,3.9951,248.2656,21.2189
2038-11-30,20.1506,0.0000,47.7964,6.6734,1777.1709,151.9255,87.8406,4.4024,250.3473,22.7490
2038-12-01,22.1847,0.0024,44.3595,10.3305,1780.8681,153.3978,88.5782,5.8838,252.4358,27.8498
2038-12-02,21.6102,0.0002,47.3282,5.1136,1784.4619,154.7572,88.6271,4.5555,254.3650,23.3250
2038-12-03,20.2105,0.0000,52.7313,2.9446,1787.8038,155.9019,88.5530,4.0407,255.9950,21.4273
2038-12-04,22.5169,0.0182,41.1949,5.5351,1791.5609,157.4801,89.2059,5.0564,258.2165,25.1121
2038-12-05,22.3408,0.0382,40.7842,5.3181,1795.2862,159.0575,89.3876,5.1336,260.4313,25.3881
2038-12-06,20.6229,0.0923,47.0983,4.5898,1798.7023,160.3634,89.4368,4.9837,262.2701,24.8772
2038-12-07,18.3177,0.0371,59.7018,3.5092,1801.7035,161.2527,87.7357,3.6977,263.5385,20.1296
2038-12-08,18.5337,1.0479,59.2250,7.3591,1804.7436,162.1624,82.0287,2.0726,264.8342,13.0102
2038-12-09,16.0649,2.8936,72.7549,6.9822,1643.2092,102.1614,62.5625,0.6722,176.8370,4.4769
2038-12-10,18.0239,0.0030,57.7162,5.2783,1646.1575,103.0803,76.8984,1.1276,178.2553,7.4178
2038-12-11,18.3113,0.0008,50.4081,4.7620,1649.1576,104.1742,83.7057,2.2497,179.9333,13.2664
2038-12-12,18.1828,0.0650,48.3899,5.7274,1652.1345,105.3052,86.2771,3.3603,181.6629,18.0379
2038-12-13,18.9944,0.0198,50.2408,6.7430,1655.2575,106.4414,86.9422,3.8861,183.3991,20.0970
2038-12-14,18.3808,0.0096,54.9301,3.8830,1658.2700,107.4392,86.9906,3.3878,184.9252,18.2075
2038-12-15,17.4717,0.0679,58.1355,3.8543,1661.1189,108.3227,87.0389,3.4063,186.2773,18.3046
2038-12-16,17.6961,0.7375,70.7673,2.9668,1664.0082,108.9472,82.4170,1.7422,187.2456,10.8946
2038-12-17,18.1711,0.1269,65.0849,5.3664,1666.9830,109.7118,83.7311,2.3271,188.4214,13.7457
2038-12-18,15.8945,1.0240,74.5191,9.5407,1669.5480,110.2039,77.8874,1.5094,189.1879,9.6894
2038-12-19,15.1457,0.0159,60.8644,7.6407,1671.9783,110.9264,82.1709,2.1390,190.2909,12.8890
2038-12-20,17.6608,0.0044,60.6252,5.0805,1674.8612,111.7658,84.1009,2.4094,191.5720,14.1635
2038-12-21,18.2028,0.0002,59.9184,6.3228,1677.8417,112.6451,84.9811,2.8904,192.9114,16.2948
2038-12-22,17.9171,0.0006,55.1592,6.6161,1680.7708,113.6141,85.8073,3.2897,194.3798,17.9679
2038-12-23,17.7085,0.0000,47.9545,7.5505,1683.6623,114.7265,86.9385,4.0454,196.0547,20.9175
2038-12-24,17.0962,0.0367,51.7915,6.7626,1686.4436,115.7234,86.9869,3.9148,197.5562,20.4516
2038-12-25,17.0236,0.1301,58.4815,4.4949,1689.2119,116.5785,87.0108,3.5040,198.8488,18.8859
2038-12-26,16.6021,0.0190,51.0489,5.7038,1691.9042,117.5632,87.0592,3.7498,200.3268,19.8634
2038-12-27,16.6677,0.0003,46.5654,6.2562,1694.6084,118.6421,87.3422,4.0143,201.9391,20.8887
2038-12-28,17.8232,0.0022,60.0629,4.8447,1697.5206,119.5010,87.0133,3.5675,203.2341,19.1936
2038-12-29,17.1293,0.0028,60.8229,5.6821,1700.3079,120.3126,86.7453,3.5822,204.4570,19.2665
2038-12-30,14.5589,2.7258,72.3452,8.2031,1702.6325,88.5509,64.7946,0.7908,156.7243,5.0812
2038-12-31,10.5167,1.5808,73.3167,6.3110,1704.2295,84.6871,62.4206,0.6452,150.6579,4.0342
2039-01-01,13.1800,0.0007,53.3530,6.0621,1706.3059,85.5072,75.9234,1.0979,151.9748,6.8901
2039-01-02,14.8302,0.0043,50.0384,4.3798,1708.6793,86.4870,82.4939,1.8888,153.5444,11.0562
2039-01-03,13.6970,4.6947,73.9004,7.2313,1448.6550,57.0441,52.6119,0.3178,103.8636,0.9089
2039-01-04,12.0420,23.9234,92.5528,8.9877,855.9977,22.9489,16.4842,0.0000,43.0148,0.0001
2039-01-05,11.9919,0.3850,62.9487,8.4403,857.8603,23.5461,45.5213,0.1363,44.0683,0.2097
2039-01-06,11.5899,0.0146,55.9607,7.8362,859.6505,24.2341,66.4654,0.8271,45.2772,1.9411
2039-01-07,15.0532,5.3095,65.9019,13.4680,812.3235,15.6641,55.2299,0.5617,29.8874,0.6615
2039-01-08,14.7729,11.7600,74.9613,11.6086,704.1148,7.8447,39.6413,0.0582,15.2643,0.0447
2039-01-09,15.8235,0.7756,63.0741,7.0981,706.6670,8.6141,62.0940,0.6601,16.7187,0.5355
2039-01-10,15.1571,4.9392,75.1203,8.4203,677.7678,5.2801,47.8432,0.1900,10.3584,0.1168
2039-01-11,14.5634,1.1764,67.0013,6.0371,680.0932,5.9164,61.2813,0.5988,11.5809,0.3917
2039-01-12,13.9825,6.6393,79.2604,12.8539,639.0366,3.1252,43.0855,0.1154,6.1749,0.0546
2039-01-13,16.9855,9.3504,64.4016,14.5996,583.1772,1.7812,48.7797,0.2937,3.5354,0.1098
2039-01-14,14.2821,0.0242,50.3885,4.3429,585.4520,2.7207,69.6152,0.7691,5.3789,0.3416
2039-01-15,16.8012,11.3364,71.9504,13.7812,524.3193,1.3513,47.8107,0.2478,2.6854,0.0841
2039-01-16,14.9170,2.3479,61.9135,18.1605,526.7083,1.1436,62.4664,1.1750,2.2749,0.3780
2039-01-17,13.1630,0.0000,50.0636,5.7762,528.7817,2.0205,76.4653,1.1215,4.0027,0.4399
2039-01-18,14.7693,0.0000,47.9828,9.4907,531.1442,3.0367,83.5429,2.7946,5.9878,1.9560
2039-01-19,16.2092,0.0000,52.8282,4.9981,533.7658,4.0419,85.3358,2.8394,7.9336,2.4595
2039-01-20,16.9791,0.0068,53.2193,4.1894,536.5260,5.0831,86.0079,2.9941,9.9310,3.0755
2039-01-21,18.1019,0.0015,53.7196,6.8569,539.4884,6.1772,86.3262,3.5818,12.0105,4.2651
2039-01-22,16.4686,0.1324,61.8471,9.9542,542.1567,7.0024,86.3472,4.1992,13.5667,5.4021
2039-01-23,13.5664,0.0110,46.8348,12.8913,544.3027,7.9623,86.7458,5.1517,15.3628,7.0371
2039-01-24,12.5367,0.0000,40.7371,8.8503,546.2633,8.9572,87.4842,4.6686,17.2090,6.8478
2039-01-25,14.0312,0.0000,38.8864,5.0418,548.4929,10.0956,88.1110,4.2151,19.3030,6.6539
2039-01-26,15.4355,0.0000,40.2648,6.9467,550.9753,11.3117,88.3111,4.7748,21.5188,7.9308
2039-01-27,16.7065,0.0008,43.9511,8.0516,553.6865,12.5403,88.3599,5.0837,23.7367,8.8524
2039-01-28,16.4139,0.0000,53.9827,6.9241,556.3450,13.5325,87.8837,4.4860,25.5136,8.2726
2039-01-29,17.8440,0.0000,52.5300,5.8770,559.2609,14.6396,87.9323,4.2852,27.4809,8.2960
2039-01-30,18.8993,0.0890,50.6687,4.8365,562.3668,15.8542,87.9810,4.0947,29.6208,8.3294
2039-01-31,17.5968,0.0054,55.3543,4.5851,565.2382,16.8819,87.7468,3.9099,31.4178,8.2819
2039-02-01,15.5604,0.1437,61.0563,8.5806,567.7431,17.8035,86.7319,4.1377,33.0185,8.9571
2039-02-02,15.6028,1.2721,62.6819,11.3922,570.2556,18.6889,79.1345,1.8519,34.5473,4.2936
2039-02-03,13.2332,0.0000,48.5948,6.9332,572.3415,19.7355,83.8602,2.5617,36.3385,6.1661
2039-02-04,15.0556,0.0041,55.8684,6.0481,574.7555,20.7483,84.9730,2.8475,38.0616,7.0123
2039-02-05,17.6564,0.0000,53.3906,6.0126,577.6377,21.9902,85.9758,3.2674,40.1583,8.2027
2039-02-06,19.4861,0.0000,52.1566,4.7168,580.8492,23.3892,86.6560,3.3692,42.5000,8.7210
2039-02-07,16.5495,0.0292,57.0404,9.8404,583.5321,24.4663,86.7043,4.3916,44.2901,11.1616
2039-02-08,15.0369,0.0001,42.7237,8.6436,585.9427,25.7792,87.5332,4.6527,46.4494,12.0174
2039-02-09,15.8301,0.1012,42.7512,5.4303,588.4962,27.1560,87.8593,4.1462,48.6945,11.2490
2039-02-10,14.7281,7.0963,67.1699,14.1438,553.0886,15.8053,55.5881,0.5999,29.5029,0.7004
2039-02-11,13.6544,0.2329,54.9738,9.9875,555.2504,16.7490,73.7129,1.1878,31.1490,2.2787
2039-02-12,13.0093,2.4191,66.1207,11.3122,557.2960,14.2313,65.1602,0.9385,26.7546,1.1630
2039-02-13,13.7379,0.9401,59.9113,10.4478,559.4728,15.0762,73.9062,1.2266,28.2494,2.1679
2039-02-14,13.9693,0.0100,53.7962,5.9418,561.6913,16.0653,81.1371,1.7372,29.9864,3.5942
2039-02-15,14.4693,4.0546,72.7488,13.4551,547.5460,11.1966,58.6588,0.7377,21.3041,0.6961
2039-02-16,12.6598,2.4576,71.3269,10.6277,549.5288,9.1530,57.5586,0.5904,17.5742,0.4937
2039-02-17,12.1744,0.0126,52.3171,9.6371,551.4242,10.0521,74.3357,1.2022,19.2279,1.2971
2039-02-18,14.2230,0.1079,42.9078,7.3264,553.6883,11.2948,83.1962,2.3954,21.4935,4.0357
2039-02-19,14.3446,0.3353,47.8140,8.2864,555.9743,12.4397,85.6697,3.5104,23.5615,6.3145
2039-02-20,16.6195,0.0000,39.8075,6.4609,558.6698,13.9548,87.8063,4.3342,26.2692,8.1628
2039-02-21,17.2645,0.0000,44.4152,9.1700,561.4814,15.4048,87.9058,5.0395,28.8321,9.7990
2039-02-22,17.6092,0.0005,47.8999,5.0808,564.3551,16.7895,87.9545,4.1298,31.2544,8.6596
2039-02-23,15.3896,0.9789,67.2222,11.6888,566.8292,17.5572,81.0730,2.3038,32.5907,5.1682
2039-02-24,18.0746,1.0530,66.8776,11.0402,569.7866,18.4594,78.9932,1.7951,34.1527,4.1161
2039-02-25,18.7458,0.3864,55.3448,9.0910,572.8649,19.7183,84.1522,2.9693,36.3119,7.0728
2039-02-26,19.3047,0.0214,35.1990,5.3194,576.0437,21.5965,88.4902,4.5134,39.4916,10.6880
2039-02-27,17.2392,0.0006,44.2680,6.3530,578.8508,23.0484,88.5390,4.7882,41.9235,11.6041
2039-02-28,19.9446,0.0000,41.6293,4.7618,582.1448,24.7933,88.7960,4.5853,44.8150,11.6377
2039-03-01,23.9906,0.0000,31.8840,8.8124,586.1671,27.7066,91.0045,7.7156,49.5571,18.3524
2039-03-02,24.2180,0.0173,30.6557,5.8570,590.2304,30.6993,91.5972,7.2326,54.3335,18.3683
2039-03-03,26.0083,0.2100,28.3323,8.8455,594.6159,34.0110,92.3854,9.3994,59.5120,23.2587
2039-03-04,26.4247,0.0157,32.9503,8.2585,599.0763,37.1569,92.4356,9.1901,64.3376,23.8243
2039-03-05,26.9503,0.0001,29.9557,10.2424,603.6314,40.5060,92.4857,10.2283,69.3738,26.6691
2039-03-06,24.3339,0.0000,36.1535,13.1896,607.7155,43.2740,92.2236,11.4356,73.4691,29.6224
2039-03-07,24.7397,0.0004,36.0803,12.3161,611.8726,46.0894,92.2329,10.9575,77.5712,29.5697
2039-03-08,23.2917,0.0009,44.8766,7.9207,615.7691,48.3814,90.8184,7.1835,80.8765,22.5344
2039-03-09,18.4050,5.7415,60.6097,14.2575,587.9298,31.6043,64.4480,1.0576,55.7205,3.3340
2039-03-10,11.2837,3.1296,70.1511,10.5753,578.4597,24.8936,55.5482,0.4994,44.9511,0.7792
2039-03-11,16.6874,0.1234,51.9040,10.0374,581.1674,26.3519,75.9751,1.3459,47.3376,3.8495
2039-03-12,19.7968,0.0826,46.8437,14.5610,584.4348,28.2453,85.2798,4.5618,50.4010,12.3910
2039-03-13,19.5546,0.9113,54.1328,10.0216,587.6587,29.8602,83.6488,2.9106,52.9892,8.7974
2039-03-14,21.5284,0.0032,44.9885,9.8669,591.2378,31.9821,87.4879,4.9166,56.3446,13.9957
2039-03-15,19.1403,0.0000,39.2252,12.0714,594.3870,34.0790,88.8321,6.6617,59.6132,18.1620
2039-03-16,19.2698,0.0000,27.6086,11.0998,597.5596,36.5925,91.0051,8.6590,63.4686,22.6854
2039-03-17,18.2632,0.0157,40.7131,10.7306,600.5509,38.5494,90.4932,7.9006,66.4373,21.7639
2039-03-18,20.6944,0.0000,40.0753,6.5951,603.9799,40.7756,90.5427,6.4600,69.7748,19.3158
2039-03-19,22.0020,0.0000,37.4214,8.3230,607.6443,43.2400,90.5923,7.0977,73.4187,21.2430
2039-03-20,21.6337,0.0000,35.5156,7.7524,611.2423,45.7389,90.6418,6.9455,77.0615,21.4576
2039-03-21,22.5553,0.0000,34.1889,6.3689,615.0063,48.3925,90.7159,6.5467,80.8756,21.0903
2039-03-22,24.1630,0.0000,31.0635,7.1317,619.0596,51.3612,91.4766,7.5815,85.0762,24.0414
2039-03-23,23.7252,0.0000,28.9191,10.0184,623.0342,54.3691,91.9207,9.3384,89.2641,28.4596
2039-03-24,23.6350,0.0000,29.1727,11.8877,626.9925,57.3554,91.9707,10.3336,93.3601,31.1614
2039-03-25,24.7068,0.0000,30.5459,9.5022,631.1437,60.4107,92.0207,9.2282,97.4924,29.4809
2039-03-26,21.8911,0.0000,36.3561,11.3660,634.7881,62.9050,91.7808,9.7985,100.8303,31.1916
2039-03-27,20.3325,0.0000,22.4203,8.1685,638.1520,65.7393,92.6625,9.4454,104.5523,30.9445
2039-03-28,24.1899,0.0000,20.1624,5.4815,642.2101,69.1810,93.8035,9.6751,109.0058,32.0399
2039-03-29,27.3927,0.0000,21.5074,8.7650,646.8448,72.9933,94.1871,12.0393,113.8640,37.7105
2039-03-30,28.4961,0.0001,19.7018,8.0979,651.6781,77.0443,94.7640,12.6047,118.9358,39.5368
2039-03-31,28.8113,0.0004,18.5366,7.7144,656.5681,81.1978,95.1144,12.9717,124.0442,40.9245
2039-04-01,28.5297,0.0289,19.4258,6.0891,662.6575,86.9856,95.1654,12.0354,130.9857,39.7545
2039-04-02,29.0362,0.0003,18.0446,7.8419,668.8380,92.9733,95.2922,13.3766,137.9919,43.2835
2039-04-03,28.4537,0.0000,18.0631,10.1204,674.9137,98.8438,95.3433,15.1090,144.7058,47.4306
2039-04-04,28.8096,0.0849,24.0426,9.6736,681.0534,104.3515,95.3183,14.7223,150.9004,47.1956
2039-04-05,30.2652,0.0967,22.7605,9.6412,687.4551,110.2248,95.3694,14.8011,157.3691,47.8533
2039-04-06,30.7464,0.0000,18.3340,6.7234,693.9435,116.5299,95.4991,13.0052,164.1485,44.5142
2039-04-07,31.2677,0.0001,17.3833,5.5817,700.5257,123.0128,95.7864,12.7671,170.9696,44.3659
2039-04-08,30.7591,0.0000,17.4840,7.8130,707.0163,129.3860,95.8377,14.3861,177.5443,48.1875
2039-04-09,30.7360,0.0000,16.0934,6.9993,713.5028,135.8620,96.0170,14.1476,184.0900,47.9714
2039-04-10,32.7228,0.0282,13.0129,11.1117,720.3469,142.9947,96.9985,19.8613,191.1348,59.5420
2039-04-11,26.7811,1.8641,37.2888,12.3395,726.1215,122.0962,87.1270,5.2895,171.9216,24.7026
2039-04-12,30.7300,0.8576,29.4315,13.0596,732.6069,127.5417,91.8436,10.7668,177.7297,40.0607
2039-04-13,25.1704,0.2358,39.1814,11.6410,738.0915,131.4151,91.7563,9.9008,181.8746,38.0915
2039-04-14,26.6227,0.0012,29.7844,6.2883,743.8376,136.1342,92.2288,8.0826,186.8000,33.4781
2039-04-15,32.4977,0.0000,18.8284,6.9038,750.6412,142.7458,95.4054,12.9575,193.4995,45.7131
2039-04-16,30.1741,0.0000,27.0887,9.6330,757.0266,148.2738,95.0302,14.1247,199.0709,48.4512
2039-04-17,27.6298,0.0000,33.0887,10.5324,762.9539,152.9342,93.6618,12.2359,203.7594,44.3646
2039-04-18,23.8987,0.0759,36.9788,13.5557,768.2097,156.7536,92.2937,11.7642,207.6033,43.3556
2039-04-19,22.1670,14.9244,50.2639,10.9367,646.2450,67.5867,63.6552,0.8642,107.1564,4.5175
2039-04-20,20.1996,16.0235,71.6313,9.4524,546.5563,31.9156,45.7378,0.1482,55.6998,0.2694
2039-04-21,20.2806,5.9953,73.0569,11.2477,523.5305,20.3238,49.4785,0.2712,37.0517,0.3697
2039-04-22,23.2850,0.0979,60.2321,9.9437,528.6758,22.6748,75.4174,1.2946,40.9578,3.2701
2039-04-23,24.5067,0.1136,53.2885,9.3088,534.0410,25.5746,84.9492,3.3451,45.6802,9.0545
2039-04-24,23.8153,0.0199,49.7402,7.3787,539.2818,28.6104,87.3969,4.2813,50.5202,11.7925
2039-04-25,27.5378,0.0551,38.4215,5.4695,545.1926,32.8856,90.2108,5.8208,57.1527,16.0528
2039-04-26,29.0617,0.0000,35.4878,6.2869,551.3777,37.6028,91.3974,7.1843,64.2512,19.9723
2039-04-27,30.8566,0.0100,30.7560,5.1227,557.8859,42.9674,92.6644,8.1037,72.0599,23.1164
2039-04-28,32.6197,0.0000,26.7431,5.8106,564.7114,48.9559,93.8481,9.8979,80.4713,28.0929
2039-04-29,31.8967,0.0000,25.6000,10.4143,571.4068,54.9075,94.0681,12.8688,88.5441,35.1452
2039-04-30,33.0391,0.0000,23.1617,10.0146,578.3078,61.2670,94.7575,13.8704,96.8759,38.5233
2039-05-01,34.6211,0.0112,16.0869,10.8196,586.9436,69.1583,96.5444,18.4152,106.8437,48.2221
2039-05-02,34.5970,0.0211,13.5585,11.7919,595.5751,77.2819,97.1764,21.0479,116.7047,54.3042
2039-05-03,34.6674,0.1034,15.2055,8.0992,604.2192,85.2664,97.2282,17.5952,126.0596,49.9599
2039-05-04,32.6538,0.4153,26.7502,9.6987,612.5009,91.7756,95.7674,15.6698,133.5312,47.3617
2039-05-05,29.4380,0.0002,38.1877,10.8361,620.2037,96.7450,93.1573,11.5804,139.2042,39.5553
2039-05-06,29.5920,0.3416,36.9273,8.4078,627.9343,101.8414,92.9611,9.9691,144.9223,36.3139
2039-05-07,33.9021,0.3097,26.8573,7.4748,636.4407,108.5814,94.0733,11.1052,152.2328,39.4986
2039-05-08,34.4873,0.0000,19.1429,13.7610,645.0524,116.1569,95.8474,19.4393,160.1960,56.9390
2039-05-09,34.3675,0.0000,19.2697,10.2150,653.6425,123.6949,95.8987,16.3719,167.9384,51.7092
2039-05-10,34.2955,0.0000,21.5821,11.1456,662.2197,131.0023,95.9500,17.2776,175.3058,53.9076
2039-05-11,29.8726,0.1810,17.6370,18.3461,670.0008,137.7182,96.0013,25.0079,181.9415,67.9772
2039-05-12,26.7715,1.8997,21.0594,17.6088,677.2237,119.4323,91.0115,12.0312,165.7758,42.4442
2039-05-13,25.0433,0.4005,31.4338,11.8846,684.1355,124.1515,91.6101,9.8174,170.8099,37.4434
2039-05-14,30.6511,0.0000,26.3066,7.1807,692.0566,130.3115,93.5135,10.1232,177.2053,38.4703
2039-05-15,32.0190,0.0065,23.4146,8.4337,700.2241,136.9890,94.4951,12.3542,183.9903,44.0179
2039-05-16,32.7547,0.3152,21.3004,6.8360,708.5239,144.0034,95.1158,12.4125,190.9719,44.3999
2039-05-17,32.7178,0.0280,19.8614,10.8625,716.8171,151.1382,95.4599,15.9360,197.9394,52.2147
2039-05-18,28.6336,0.2160,28.0329,13.5531,724.3752,156.7716,94.6672,16.3734,203.4597,53.2745
2039-05-19,27.7935,0.0011,33.8779,13.5718,731.7820,161.8013,93.4485,13.8436,208.4042,48.0921
2039-05-20,29.2194,0.0417,22.1521,9.9964,739.4455,168.0152,94.3033,13.0173,214.2990,46.3881
2039-05-21,30.7827,1.8046,21.0514,7.5337,747.3904,139.8200,91.5799,7.8510,190.5302,32.9375
2039-05-22,26.7206,0.9697,38.3158,10.9596,754.6041,144.3379,89.1119,6.5569,195.2899,29.2858
2039-05-23,23.5769,0.0116,37.5779,15.8961,761.2519,148.3932,90.0844,9.6673,199.5427,38.0197
2039-05-24,23.2646,0.4817,42.4372,13.8671,767.8435,152.0855,90.1338,8.7896,203.4356,35.8082
2039-05-25,23.0814,2.2702,45.9962,15.0530,774.4022,113.7705,81.7364,2.9487,166.4182,16.0475
2039-05-26,26.0822,0.0011,29.0006,6.5980,781.5010,118.8514,90.7029,6.6104,172.2231,28.8152
2039-05-27,29.9123,0.0000,23.6569,10.1295,789.2892,125.0844,93.8594,12.3237,179.1792,43.7548
2039-05-28,31.9728,0.0000,18.9423,9.6928,797.4483,132.1420,95.4468,14.9969,186.8702,49.8764
2039-05-29,32.9842,0.0000,17.7164,6.5253,805.7894,139.5255,95.9693,13.7248,194.7477,47.4487
2039-05-30,34.3337,0.0000,19.7653,6.5925,814.3735,147.0102,96.0206,13.8673,202.5913,47.9937
2039-05-31,36.2165,0.0000,20.6514,7.6858,823.2965,154.8055,96.0719,14.7548,210.6085,50.1105
2039-06-01,37.7675,0.0000,19.9393,7.9142,833.4986,162.9977,96.2895,15.3707,218.9511,51.5940
2039-06-02,36.5922,0.0000,20.3112,11.7717,843.4892,170.9053,96.3410,18.7984,226.8841,58.5984
2039-06-03,35.5101,0.0000,20.2457,11.1459,853.2850,178.5922,96.3924,18.3416,234.4885,57.8518
2039-06-04,36.6370,0.0000,22.6127,10.3984,863.2837,186.2805,96.4439,17.7864,242.0086,56.8764
2039-06-05,33.9363,0.0080,27.1498,16.6776,872.7962,193.0001,95.6771,22.0024,248.5799,64.8483
2039-06-06,24.9127,0.6777,28.7714,21.7306,880.6845,197.8780,92.0775,17.2270,253.4109,55.8975
2039-06-07,28.3038,0.0002,19.2017,9.8332,889.1832,204.1326,94.6321,13.5092,259.3918,48.0871
2039-06-08,31.6842,0.0000,16.1087,12.3369,898.2904,211.3733,96.0780,18.6670,266.1687,58.8417
2039-06-09,32.5177,0.0000,16.7721,17.0004,907.5475,218.7392,96.1490,23.8395,272.9880,68.3093
2039-06-10,33.4447,0.0000,15.7466,19.0956,916.9716,226.4016,96.5174,27.8429,279.9828,74.9976
2039-06-11,34.6918,0.0000,16.9733,15.5286,926.6201,234.2250,96.5689,23.4239,287.0521,67.6819
2039-06-12,33.7966,0.5014,23.9954,14.2358,936.1075,241.2077,96.2281,20.9622,293.4083,63.3219
2039-06-13,34.4394,0.0059,17.4965,11.0494,945.7106,248.9270,96.2902,18.0029,300.2661,57.7304
2039-06-14,36.6871,0.0000,14.6112,10.5186,955.7183,257.4215,97.2466,19.9253,307.6680,61.4519
2039-06-15,37.4215,0.3917,15.9228,11.2322,965.8581,265.9481,97.2983,20.7977,315.0348,63.0959
2039-06-16,33.9210,0.7171,28.0959,11.0652,975.3679,272.5775,93.7322,12.6925,320.9337,46.4759
2039-06-17,32.6825,0.0030,31.7150,10.3741,984.6548,278.6506,93.7828,12.3446,326.3876,45.6738
2039-06-18,33.9669,0.0694,27.7146,8.9679,994.1728,285.3240,93.9778,11.8156,332.2567,44.4282
2039-06-19,35.6983,0.0000,25.9793,8.8865,1004.0025,292.4949,94.6166,12.8525,338.4727,46.8722
2039-06-20,35.3106,0.0000,23.7744,12.3550,1013.7624,299.8016,95.0368,16.2160,344.7325,54.2187
2039-06-21,32.8737,0.0000,26.2248,13.6212,1023.0837,306.4002,95.0878,17.4055,350.4285,56.6482
2039-06-22,32.1325,0.0012,29.9155,11.8647,1032.2715,312.5319,94.7650,15.2413,355.7758,52.1823
2039-06-23,34.5701,0.0549,32.4432,11.4427,1041.8981,318.8759,94.6542,14.6951,361.3054,51.0126
2039-06-24,35.8002,0.0000,26.9594,11.7852,1051.7462,325.9715,94.7051,15.0559,367.3262,51.7950
2039-06-25,32.7461,0.0312,31.4439,14.9637,1061.0445,332.0802,94.5354,17.2633,372.6137,56.3818
2039-06-26,34.5462,0.0000,25.0876,8.2667,1070.6668,339.1103,94.6396,12.4968,378.5093,46.0785
2039-06-27,37.6010,0.0000,23.0350,7.8185,1080.8390,346.9520,95.5611,13.8594,384.9662,49.1898
2039-06-28,38.6098,0.0000,22.0311,9.1866,1091.1928,355.1031,95.9753,15.7072,391.6075,53.1911
2039-06-29,38.9665,0.0000,20.8731,10.5307,1101.6107,363.4495,96.2882,17.5337,398.3415,56.9368
2039-06-30,37.5593,0.0000,20.2247,11.6356,1111.7754,371.5688,96.3396,18.6666,404.8626,59.1696
2039-07-01,37.3777,0.0000,21.5623,12.6717,1122.2074,378.6570,96.3911,19.8038,410.7902,61.3474
2039-07-02,36.5223,0.0000,19.9238,12.8125,1132.4854,385.7324,96.4425,20.0835,416.6662,61.8752
2039-07-03,37.3952,0.0000,16.6058,8.9171,1142.9205,393.2719,96.9402,17.6438,422.8197,57.1634
2039-07-04,38.2064,0.0000,19.7887,8.3425,1153.5017,400.6765,96.9919,17.2591,428.8999,56.3940
2039-07-05,38.7514,0.0530,19.7688,8.4597,1164.1809,408.1856,97.0435,17.4817,435.0381,56.8418
2039-07-06,38.5651,0.0460,24.0546,9.6430,1174.8266,415.2603,96.9930,18.4309,440.9073,58.7188
2039-07-07,37.5646,0.1308,28.3566,11.3845,1185.2923,421.7660,96.0845,17.8079,446.4119,57.4934
2039-07-08,38.6248,0.0000,28.6275,9.3329,1195.9487,428.4248,96.0945,16.0807,452.0262,53.9856
2039-07-09,39.4433,0.0000,24.2769,9.8891,1206.7525,435.6350,96.1459,16.6530,457.9619,55.1674
2039-07-10,38.3170,0.0000,23.9002,11.1391,1217.3536,442.6798,96.1973,17.8591,463.7569,57.5967
2039-07-11,34.6685,0.0000,24.8486,14.5873,1227.2979,448.9929,96.1550,21.1271,469.0209,63.8163
2039-07-12,31.9858,0.0000,32.6356,15.2393,1236.7593,454.2273,94.4126,17.2110,473.6023,56.3023
2039-07-13,34.4411,0.0000,29.5596,11.8544,1246.6627,460.1070,94.4634,14.6142,478.6107,50.8687
2039-07-14,35.8425,0.0000,26.0130,11.4636,1256.8184,466.5263,94.6615,14.7255,483.9508,51.1104
2039-07-15,36.4356,0.0000,25.3011,10.7101,1267.0808,473.1113,94.9118,14.6727,489.3916,50.9961
2039-07-16,39.7293,0.0841,17.3278,6.3022,1277.9361,481.0387,97.0945,15.7878,495.6489,53.3764
2039-07-17,41.5007,0.0014,15.4149,7.4511,1289.1102,489.5015,97.8389,18.4683,502.2328,58.7963
2039-07-18,39.6572,0.0000,13.1542,12.3482,1299.9525,497.8145,98.0355,24.2589,508.6563,69.3636
2039-07-19,36.0922,0.0000,17.6525,12.7796,1310.1531,505.0074,97.8740,24.2690,514.3579,69.3809
2039-07-20,36.2536,0.0000,21.5355,10.6081,1320.3827,511.8908,97.2302,19.9718,519.8948,61.6756
2039-07-21,35.6418,0.0000,25.6570,11.5615,1330.5023,518.3059,96.3201,18.5481,525.1615,58.9526
2039-07-22,34.1955,0.0000,29.6297,13.2783,1340.3615,524.1391,95.2800,17.5626,530.0739,57.0096
2039-07-23,33.4461,0.0000,30.1010,14.2194,1350.0858,529.8103,94.9462,17.5936,534.8735,57.0717
2039-07-24,32.3644,0.0000,32.4585,15.6609,1359.6153,535.1186,94.3361,17.3962,539.4471,56.6767
2039-07-25,34.9244,0.0000,23.5900,11.6757,1369.6057,541.5833,94.9966,15.5843,544.6948,52.9491
2039-07-26,37.6509,0.0000,18.6608,6.7113,1380.0869,548.9859,96.4833,14.8492,550.5061,51.3797
2039-07-27,40.2211,0.0000,17.3666,6.3051,1391.0307,557.0050,97.2243,16.0660,556.9922,53.9591
2039-07-28,41.7308,0.0000,16.4322,9.2704,1402.2462,565.4112,97.6770,19.8122,565.3123,61.3757
2039-07-29,39.8785,0.0000,21.6846,10.2484,1413.1284,572.9483,97.6765,20.8116,572.7778,63.2398
2039-07-30,38.1565,0.1084,19.3386,13.3414,1423.7005,580.3850,97.7284,24.4894,580.1407,69.7589
2039-07-31,36.2928,0.0010,27.3100,11.4211,1433.9372,586.7686,96.1867,18.0889,586.4704,58.0540
2039-08-01,39.7836,0.0000,20.4452,6.3575,1444.1023,593.4832,96.5143,14.6477,593.1218,50.9436
2039-08-02,41.3126,0.0000,17.6818,8.9168,1454.5425,600.6909,97.3406,18.6118,600.2560,59.0771
2039-08-03,41.0456,0.0000,16.8657,9.6169,1464.9348,607.9242,97.4848,19.6536,607.4133,61.0759
2039-08-04,39.9073,0.0000,17.2406,9.4489,1475.1221,614.9305,97.5367,19.6224,614.3457,61.0169
2039-08-05,39.0357,0.0000,24.2790,9.3485,1485.1525,621.2046,97.0959,18.4107,620.5614,58.6853
2039-08-06,40.4243,0.0000,21.5089,7.3576,1495.4329,627.9333,97.1476,16.7685,627.2218,55.4074
2039-08-07,40.2888,0.0000,21.6688,9.1691,1505.6889,634.6263,97.1993,18.4984,633.8462,58.8566
2039-08-08,36.0395,0.0153,36.0324,12.9844,1515.1800,639.5309,94.4951,15.5382,638.7194,52.8521
2039-08-09,35.7125,0.0029,34.6295,13.3229,1524.6122,644.4989,94.4272,15.6582,643.6536,53.1055
2039-08-10,35.1680,0.0000,28.3122,14.4462,1533.9465,649.8665,94.4780,16.6866,648.9756,55.2401
2039-08-11,35.7916,0.0035,20.7579,8.4659,1543.3930,655.9017,95.7235,14.6386,654.9482,50.9238
2039-08-12,36.2513,0.0006,22.0970,10.7799,1552.9222,661.9088,95.7747,16.5638,660.8936,54.9884
2039-08-13,36.3251,0.0000,23.1304,8.6866,1562.4647,667.8479,95.8260,15.0097,666.7722,51.7258
2039-08-14,35.5049,0.0000,19.7377,13.9930,1571.8596,673.9133,95.9626,19.9773,672.7712,61.6869
2039-08-15,30.3783,0.0000,22.2799,15.8992,1580.3317,678.9640,95.9409,21.9267,677.7729,65.2708
2039-08-16,30.2553,0.0000,19.5873,10.9590,1588.7816,684.1692,95.9922,17.2140,682.9242,56.3109
2039-08-17,35.8527,0.0000,16.8444,9.7103,1598.2391,690.5130,96.6329,17.6224,689.1924,57.1298
2039-08-18,36.6417,0.0000,18.3079,7.0677,1607.8386,696.8781,96.6844,15.5324,695.4819,52.8400
2039-08-19,35.8021,0.0000,16.9774,8.4530,1617.2870,703.2030,96.7360,16.7710,701.7298,55.4125
2039-08-20,35.6335,0.0000,21.4720,9.3032,1626.7050,709.1582,96.7876,17.6266,707.6172,57.1381
2039-08-21,34.1613,0.0004,32.0309,11.7795,1635.8581,714.1060,94.9292,15.5220,712.5229,52.8179
2039-08-22,35.2955,0.0000,26.0489,10.6575,1645.2153,719.6625,94.9802,14.7716,718.0214,51.2123
2039-08-23,35.2581,0.0000,27.5644,9.0295,1654.5657,725.0995,95.0312,13.7036,723.4033,48.8607
2039-08-24,36.0367,0.0000,30.6469,8.5558,1664.0563,730.4166,95.0822,13.4741,728.6700,48.3445
2039-08-25,37.0521,0.0000,27.2490,8.6418,1673.7297,736.1467,95.1332,13.6274,734.3389,48.6899
2039-08-26,37.7080,0.0000,18.7461,8.5562,1683.5212,742.6566,96.4888,16.3080,740.7649,54.4615
2039-08-27,37.3394,0.0000,21.6686,9.3195,1693.2462,748.8727,96.5403,17.0652,746.9042,56.0105
2039-08-28,35.3430,0.0000,27.5259,12.8920,1702.6120,754.3253,95.8433,18.5961,752.2986,59.0469
2039-08-29,36.0963,0.0000,16.2984,8.7145,1712.1133,760.7528,96.7767,17.0865,758.6386,56.0534
2039-08-30,37.0031,0.0000,14.5346,6.8820,1721.7779,767.4757,97.3241,16.7612,765.2659,55.3925
2039-08-31,38.1821,0.0000,15.0785,8.5007,1731.6546,774.3625,97.4108,18.3967,772.0532,58.6581
2039-09-01,38.2422,0.0000,14.7458,13.8381,1740.2423,780.3340,97.4918,24.3341,777.9378,69.4939
2039-09-02,36.1040,0.0000,22.9029,14.6969,1748.4450,785.4406,96.8878,23.4443,782.9798,67.9571
2039-09-03,33.2456,0.0010,37.1458,13.7158,1756.1332,789.2840,93.8879,14.8233,786.7925,51.3242
2039-09-04,33.7720,0.0000,35.2707,10.4701,1763.9161,793.3027,93.9386,12.6755,790.7760,46.5160
2039-09-05,35.7978,0.0000,24.8525,6.7340,1772.0637,798.2392,94.8506,11.9083,795.6516,44.7089
2039-09-06,35.1139,0.0001,28.8000,8.1544,1780.0883,802.8298,94.9016,12.8815,800.1907,46.9927
2039-09-07,34.3467,0.0021,34.4328,8.6375,1787.9747,806.9676,94.3159,12.1769,804.2899,45.3475
2039-09-08,35.4612,0.0000,30.3589,7.6797,1796.0617,811.5007,94.3666,11.6848,808.7736,44.1726
2039-09-09,36.2525,0.0000,17.4216,7.9916,1804.2911,816.9922,96.4888,15.8506,814.1852,53.5096
2039-09-10,36.9398,0.0000,10.7353,5.2440,1812.6443,823.0376,98.0756,17.0491,820.1330,55.9778
2039-09-11,33.2277,0.0000,30.2004,11.8106,1820.3293,827.3035,95.3201,16.4002,824.3521,54.6520
2039-09-12,33.3730,0.0000,23.0001,8.7030,1828.0404,832.0293,95.3713,14.1212,829.0156,49.7901
2039-09-13,33.6133,0.0000,21.1893,7.0386,1835.7948,836.9000,95.4224,13.0760,833.8191,47.4394
2039-09-14,34.7649,0.0000,20.2866,6.3025,1843.7565,841.9899,95.7063,13.0962,838.8365,47.4855
2039-09-15,33.9915,0.0000,21.9472,12.2014,1851.5790,846.8662,95.7576,17.7525,843.6455,57.3887
2039-09-16,29.5603,0.0000,37.1728,13.3758,1858.6038,850.2958,93.2944,13.4161,847.0471,48.2134
2039-09-17,28.5607,0.0017,40.8415,9.7600,1865.4487,853.4197,92.2327,9.6330,850.1513,39.0130
2039-09-18,30.7661,0.1129,34.0873,7.1948,1872.6906,857.1592,92.2828,8.5250,853.8547,36.0206
2039-09-19,29.8825,0.6843,40.5837,8.1751,1879.7735,860.4366,90.3304,6.7861,857.1100,30.9521
2039-09-20,30.7871,0.0000,37.0690,8.7677,1887.0192,864.0092,91.4363,8.1861,860.6522,35.0712
2039-09-21,30.4656,0.0249,34.3749,9.1901,1894.2070,867.6972,91.9753,9.0261,864.3048,37.3941
2039-09-22,28.6383,1.2278,44.4713,9.6085,1901.0659,870.6372,87.5803,4.9176,867.2314,24.8256
2039-09-23,26.2885,5.6558,58.6583,11.5521,1474.3705,103.7507,71.2318,1.1661,176.4582,7.6255
2039-09-24,24.9676,2.5802,54.6978,9.7112,1480.5686,82.7869,75.1825,1.2623,145.2671,7.6842
2039-09-25,25.5697,0.0432,43.8211,6.2495,1486.8752,85.4544,86.5371,3.5789,149.4374,17.9941
2039-09-26,28.4283,0.0010,35.8487,4.8792,1493.6963,88.8269,90.6533,6.0192,154.6605,26.3400
2039-09-27,29.3369,0.2660,38.2032,7.5146,1500.6809,92.1756,91.0446,7.2686,159.8111,30.2152
2039-09-28,27.9806,2.2378,46.2575,8.5459,1507.4214,79.9524,83.1962,2.5472,141.1841,13.6357
2039-09-29,28.1077,1.1528,45.8474,7.1060,1514.1848,82.7684,85.8776,3.4053,145.6350,17.1992
2039-09-30,28.7694,0.0001,37.3510,8.3286,1521.0673,86.0999,90.4875,6.9942,150.8524,28.9933
2039-10-01,29.5944,0.0000,32.5371,6.8497,1527.0983,89.2375,92.0434,8.0996,155.7251,32.2826
2039-10-02,31.0285,0.0000,28.6664,5.6583,1533.3874,92.7101,93.1567,8.9203,161.0736,34.7095
2039-10-03,31.9684,0.0000,25.6045,4.7723,1539.8457,96.4377,94.0031,9.5975,166.7650,36.7085
2039-10-04,32.4163,0.0000,23.7092,5.3056,1546.3847,100.3121,94.5301,10.6036,172.6286,39.4508
2039-10-05,32.7757,0.0000,24.5513,6.0338,1552.9883,104.1847,94.5810,11.0772,178.4418,40.8319
2039-10-06,33.1590,0.2088,29.8235,12.1090,1559.6609,107.8275,94.6319,15.1503,183.8745,50.0707
2039-10-07,24.6730,6.0734,59.7745,20.5090,1304.7077,63.8695,72.9274,1.9509,113.8105,9.9837
2039-10-08,21.5652,1.9679,53.9162,14.8286,1309.2934,59.0484,77.2479,1.8727,106.1308,9.2816
2039-10-09,20.5819,0.9844,50.3462,7.5470,1313.7021,60.6797,81.7985,2.0351,108.7962,10.0949
2039-10-10,23.3929,0.0000,35.5262,7.8457,1318.6168,63.0724,88.9436,5.4709,112.6715,21.9413
2039-10-11,26.4755,0.0107,27.0408,8.3434,1324.0864,66.1208,92.3375,9.1029,117.5646,31.7602
2039-10-12,27.4811,0.0078,29.0795,7.8410,1329.7370,69.1921,92.5676,9.1677,122.4546,32.4332
2039-10-13,26.3671,0.2557,36.6451,9.4797,1335.1871,71.8288,92.4449,9.7863,126.6273,34.3043
2039-10-14,27.5026,0.0477,37.2932,14.6001,1340.8416,74.5465,92.4768,12.7240,130.8990,41.1992
2039-10-15,27.5039,0.0002,37.4278,15.7433,1346.4963,77.2584,92.4609,13.4484,135.1328,43.1439
2039-10-16,27.7874,0.0014,39.0691,14.0080,1352.2020,79.9253,92.2447,11.9526,139.2708,40.3792
2039-10-17,28.5953,0.0000,31.5266,11.0179,1358.0532,83.0062,92.2948,10.3537,144.0076,37.1563
2039-10-18,27.2560,0.0000,28.2634,9.8496,1363.6632,86.0884,92.6817,10.3081,148.7070,37.3923
2039-10-19,25.5936,0.0000,33.4952,11.9881,1368.9741,88.7783,92.7319,11.5622,152.7860,40.5808
2039-10-20,25.7619,0.0000,38.5699,10.9978,1374.3152,91.2785,92.1073,10.0731,156.5611,37.3365
2039-10-21,24.9148,0.0909,42.7913,5.8484,1379.5039,93.5336,91.2976,6.9283,159.9540,29.2565
2039-10-22,21.8327,1.5919,60.6022,5.1671,1384.1378,89.9814,79.3909,1.3873,154.8037,8.5490
2039-10-23,22.0087,0.0057,46.1060,9.1797,1388.8034,91.8685,86.4149,4.0773,157.6636,20.1058
2039-10-24,21.2554,0.0000,31.8989,6.7119,1393.3333,94.1753,90.0104,6.0215,161.1245,26.6275
2039-10-25,23.1120,0.0248,35.1485,6.1459,1398.1975,96.5544,90.5158,6.2912,164.6786,27.5853
2039-10-26,22.8967,0.1196,50.6221,7.7322,1403.0229,98.3498,89.5857,5.9648,167.3688,26.6923
2039-10-27,23.1631,0.0000,39.4412,4.1739,1407.8963,100.5761,89.7740,5.1222,170.6715,24.1155
2039-10-28,24.3958,0.0000,37.2167,5.5973,1412.9915,103.0015,90.3253,5.9552,174.2480,26.8927
2039-10-29,23.2139,0.0205,42.0035,7.4066,1417.8740,105.1381,90.3748,6.5700,177.3915,28.8636
2039-10-30,24.1141,0.0000,30.2926,7.4624,1422.9185,107.8013,91.5470,7.7864,181.2697,32.4922
2039-10-31,24.1094,0.0000,42.2660,7.6067,1427.9622,110.0065,91.1256,7.3871,184.4829,31.4619
2039-11-01,25.0071,0.0000,40.3370,6.0406,1432.1675,112.0716,91.1753,6.8751,187.4683,30.0552
2039-11-02,25.5654,0.0063,38.0776,5.4581,1436.4733,114.2608,91.2251,6.7236,190.6163,29.6829
2039-11-03,22.1296,1.2848,57.8989,7.5584,1440.1606,115.5574,82.5128,2.2221,192.4997,13.3085
2039-11-04,22.7893,0.0240,50.2624,5.9962,1443.9667,117.1327,86.5009,3.5155,194.7673,18.8730
2039-11-05,22.8089,0.0000,46.2960,8.4862,1447.7763,118.8350,88.0955,5.0029,197.2034,24.3391
2039-11-06,25.0626,0.0001,47.5263,7.0050,1451.9916,120.6552,88.5604,4.9633,199.8031,24.2478
2039-11-07,26.0317,0.0293,43.9592,4.5080,1456.3813,122.6710,89.2926,4.8616,202.6657,23.9434
2039-11-08,25.8664,0.0284,42.8400,5.5974,1460.7412,124.7146,89.5840,5.3552,205.5548,25.6600
2039-11-09,24.1780,0.1320,49.8858,6.4384,1464.7973,126.3941,89.6332,5.6266,207.9330,26.5888
2039-11-10,18.2398,4.5128,64.1392,11.5841,1312.4836,76.6734,64.5252,0.9273,133.8050,5.5496
2039-11-11,17.0979,2.6671,62.1536,6.5678,1315.2652,62.6041,62.9394,0.6706,111.8934,3.5218
2039-11-12,17.2710,0.1725,58.7951,4.7874,1318.0780,63.6077,76.3686,1.0600,113.5198,5.7663
2039-11-13,15.9854,0.0456,61.0494,5.6546,1320.6594,64.4900,81.5237,1.7907,114.9473,9.3366
2039-11-14,18.1230,0.0036,48.4153,10.0261,1323.6255,65.8046,85.8096,3.9077,117.0601,17.4781
2039-11-15,18.6501,0.0000,41.9810,8.7048,1326.6865,67.3239,87.9114,4.9267,119.4888,20.8916
2039-11-16,18.6056,0.0029,48.0350,6.7849,1329.7395,68.6815,87.9601,4.5036,121.6542,19.7304
2039-11-17,17.7203,0.0080,48.4805,9.5536,1332.6332,69.9670,88.0088,5.2142,123.6978,22.0748
2039-11-18,16.8924,0.0000,43.8733,7.7369,1335.3778,71.3058,88.0575,4.7914,125.8160,20.9229
2039-11-19,17.9165,0.0000,42.1610,6.7817,1338.3068,72.7641,88.3476,4.7602,128.1142,20.9757
2039-11-20,18.4526,0.0006,39.9336,10.9017,1341.3322,74.3212,88.8126,6.2628,130.5574,25.6411
2039-11-21,19.4397,0.0475,48.2738,13.0632,1344.5354,75.7298,88.8616,7.0327,132.7649,27.9421
2039-11-22,20.6810,0.0032,50.4371,10.7900,1347.9619,77.1610,88.9105,6.3159,135.0022,26.1039
2039-11-23,20.9946,0.2200,53.3267,9.4244,1351.4450,78.5282,88.6244,5.6586,137.1352,24.3146
2039-11-24,20.8344,0.0637,54.6652,7.9790,1354.8992,79.8466,88.3667,5.0701,139.1868,22.6196
2039-11-25,20.7159,0.0083,52.8789,9.4781,1358.3320,81.2095,88.4155,5.5064,141.2995,24.0961
2039-11-26,20.1481,0.0328,54.8361,7.8870,1361.6627,82.4818,88.2115,4.9355,143.2677,22.4065
2039-11-27,19.7011,0.0095,54.0850,7.3976,1364.9129,83.7480,88.2036,4.8099,145.2201,22.0953
2039-11-28,20.1230,0.0024,50.7837,6.3032,1368.2390,85.1328,88.2524,4.5838,147.3458,21.4465
2039-11-29,20.2806,0.0005,54.4865,5.4418,1371.5935,86.4230,88.2358,4.3786,149.3240,20.8386
2039-11-30,20.5345,0.0000,53.0723,8.4737,1374.9937,87.7690,88.2846,5.1372,151.3806,23.4431
2039-12-01,21.1178,0.0061,49.7129,5.8406,1378.4989,89.0387,88.3334,4.5305,153.3197,21.5212
2039-12-02,20.6763,0.0260,50.5846,4.7051,1381.9247,90.2615,88.3822,4.3086,155.1833,20.8310
2039-12-03,20.7235,0.0002,49.3542,5.4141,1385.3589,91.5176,88.4310,4.4967,157.0913,21.5516
2039-12-04,20.3073,0.0264,47.9429,5.5135,1388.7182,92.7840,88.4799,4.5510,159.0085,21.8078
2039-12-05,19.6376,0.1349,45.7713,8.8068,1391.9570,94.0619,88.5287,5.4104,160.9357,24.7150
2039-12-06,18.6338,0.0032,48.2571,10.1821,1395.0151,95.2223,88.5776,5.8394,162.6831,26.1302
2039-12-07,19.2456,0.0012,52.5828,9.8126,1398.1833,96.3186,88.4280,5.6100,164.3353,25.4757
2039-12-08,18.8695,0.0704,54.0173,8.9907,1401.2838,97.3621,88.1631,5.1817,165.9061,24.1568
2039-12-09,18.3663,0.0002,53.2353,7.5041,1404.2937,98.3966,88.1358,4.7889,167.4592,22.9021
2039-12-10,17.7408,0.0000,52.3035,5.8803,1407.1911,99.4178,88.1685,4.4334,168.9882,21.7257
2039-12-11,17.7445,0.0074,50.5696,6.3721,1410.0891,100.4764,88.2172,4.5766,170.5681,22.2694
2039-12-12,17.8203,0.1027,51.1358,7.2476,1413.0008,101.5270,88.2660,4.8166,172.1336,23.1364
2039-12-13,18.1589,0.0024,49.8735,6.6434,1415.9733,102.6241,88.3148,4.7049,173.7639,22.8015
2039-12-14,18.5701,0.0000,49.1950,5.3320,1419.0200,103.7597,88.3636,4.4350,175.4474,21.9081
2039-12-15,17.4856,0.0011,49.2216,6.8256,1421.8714,104.8322,88.4124,4.8153,177.0335,23.2663
2039-12-16,15.7040,0.0000,42.1656,8.9814,1424.4021,105.9366,88.4613,5.4056,178.6555,25.2737
2039-12-17,16.7996,0.0002,44.7122,7.5858,1427.1300,107.0612,88.5101,5.0740,180.3066,24.2232
2039-12-18,16.5035,0.0158,46.6012,6.5406,1429.8046,108.1294,88.5590,4.8475,181.8733,23.4964
2039-12-19,16.2229,0.0001,49.4767,5.9674,1432.4288,109.1240,88.4618,4.6443,183.3320,22.8297
2039-12-20,16.2171,0.0634,49.3638,4.8698,1435.0518,110.1205,88.4436,4.3829,184.7907,21.9406
2039-12-21,15.9171,0.0041,47.9698,7.4375,1437.6209,111.1267,88.4924,5.0234,186.2592,24.1935
2039-12-22,15.7280,0.0000,44.5740,4.8545,1440.1560,112.1866,88.5413,4.4414,187.7997,22.2103
2039-12-23,16.1101,0.0000,42.7380,5.2670,1442.7598,113.3065,88.5902,4.5666,189.4225,22.6851
2039-12-24,16.7765,0.0237,46.6153,3.8744,1445.4836,114.3910,88.6390,4.2871,190.9952,21.7177
2039-12-25,14.7953,0.1894,58.7844,5.0194,1447.8507,115.1355,87.2693,3.7327,192.0839,19.6741
2039-12-26,16.4443,0.1233,61.2925,5.8015,1450.5147,115.9072,86.6862,3.5737,193.2159,19.0775
2039-12-27,13.5769,0.0885,65.8721,8.1420,1452.6625,116.4765,85.6350,3.4681,194.0541,18.6757
2039-12-28,16.3130,1.4483,75.1285,11.4342,1455.3029,116.9686,74.9906,1.3621,194.7959,8.9275
2039-12-29,16.6217,2.0907,78.1247,15.0197,1457.9988,96.7268,66.5010,1.1894,165.9328,7.6310
2039-12-30,15.2808,0.0460,69.0688,8.0191,1460.4533,97.3026,75.9849,1.2165,166.8194,7.7983
2039-12-31,17.0055,1.3300,68.4888,14.2114,1463.2183,97.9509,75.2160,1.5866,167.8169,9.8273
2040-01-01,13.5994,0.2309,51.9972,11.4529,1465.3702,98.8196,82.3867,2.6618,169.1260,14.9045
2040-01-02,12.4118,0.0107,51.2254,6.5026,1467.3083,99.6310,84.6069,2.7713,170.3456,15.3970
2040-01-03,13.1151,0.5842,64.3386,10.5883,1469.3730,100.2550,83.3759,2.8898,171.2920,15.9152
2040-01-04,13.0987,0.0252,54.8457,8.9443,1471.4348,101.0443,84.7199,3.1827,172.4782,17.1392
2040-01-05,13.0651,1.5227,59.5043,9.3737,1473.4905,97.6957,75.9672,1.3009,167.6092,8.2860
2040-01-06,16.3912,1.8916,69.5126,10.8440,1476.1449,87.0510,70.0164,1.0810,151.7322,6.7877
2040-01-07,14.1755,0.1049,61.7541,8.1113,1478.4005,87.7702,78.6176,1.4961,152.8538,9.0848
2040-01-08,15.8073,3.5710,81.1532,13.7926,1365.1293,63.1722,56.6781,0.6461,113.2433,3.4016
2040-01-09,16.2542,3.1542,72.7628,12.6714,1294.3832,49.1746,56.5948,0.6065,89.8186,2.5654
2040-01-10,11.6057,10.7343,81.9765,13.9273,1027.7968,24.9038,34.1235,0.0200,46.9628,0.0321
2040-01-11,10.5674,1.4084,66.8812,11.1908,1029.4030,25.3795,52.4804,0.3826,47.8120,0.6236
2040-01-12,8.6361,0.9994,67.8917,11.1591,1030.6615,25.7643,63.2595,0.8582,48.4978,2.2194
2040-01-13,7.5609,0.0025,49.5576,13.0667,1031.7264,26.3022,76.1038,1.5808,49.4526,4.7330
2040-01-14,6.0590,0.0000,43.1248,12.3873,1032.5211,26.8035,82.1984,2.7262,50.3399,8.0471
2040-01-15,9.2560,0.0002,49.4488,10.6689,1033.8911,27.4479,84.4112,3.3291,51.4792,9.6927
2040-01-16,12.3395,0.0001,51.4685,11.2595,1035.8162,28.2509,85.4109,3.9335,52.8952,11.3077
2040-01-17,13.6427,6.7057,61.8034,15.1878,938.7108,16.7174,57.3207,0.7294,32.0096,0.8998
2040-01-18,15.5518,0.0418,67.6404,8.1482,941.2141,17.3807,72.0066,1.0097,33.2275,1.8925
2040-01-19,14.8167,0.0081,66.2118,9.0134,943.5851,18.0428,79.0147,1.6241,34.4393,3.7053
2040-01-20,16.4567,0.2713,60.2398,10.2428,946.2513,18.9022,83.0755,2.7318,36.0063,6.5128
2040-01-21,14.8680,5.5594,74.1810,7.7839,884.0245,11.8002,51.2335,0.2809,22.8383,0.2771
2040-01-22,14.9669,0.7498,71.4733,4.6659,886.4225,12.3645,64.0158,0.6403,23.8956,0.6504
2040-01-23,13.9725,0.7579,77.3296,3.2234,888.6416,12.7851,68.4362,0.7002,24.6825,0.7265
2040-01-24,16.5654,0.0001,59.8187,5.4632,891.3273,13.6590,78.5155,1.2972,26.3100,2.1972
2040-01-25,17.7486,0.0000,50.3565,7.0889,894.2261,14.8109,84.3708,2.7645,28.4441,5.6543
2040-01-26,18.7688,0.0008,49.9893,6.9647,897.3085,16.0342,86.3982,3.6381,30.6971,7.6631
2040-01-27,19.5226,0.0000,47.3377,7.4829,900.5265,17.3712,87.4307,4.3246,33.1441,9.3226
2040-01-28,20.0226,0.0000,48.3807,6.6615,903.8346,18.7135,87.6257,4.2666,35.5852,9.6040
2040-01-29,19.0046,0.0112,52.6723,4.5756,906.9594,19.8849,87.6743,3.8677,37.7033,9.1399
2040-01-30,17.0253,0.0236,55.4685,8.3219,909.7280,20.8786,87.5678,4.6006,39.4914,10.8575
2040-01-31,15.2631,0.3346,67.3624,10.0960,912.1793,21.5361,85.7998,3.9161,40.6716,9.6593
2040-02-01,15.2423,0.0165,54.4561,8.1189,914.6269,22.5934,85.8557,3.5726,42.5585,9.1791
2040-02-02,15.6522,0.0005,45.3616,12.6051,917.1483,23.8936,87.0662,5.3145,44.8651,13.0993
2040-02-03,17.8465,0.0064,52.2907,9.3549,920.0647,25.1776,87.1146,4.5429,47.1308,11.8871
2040-02-04,15.8178,0.1312,67.9163,4.2379,922.6159,25.9486,85.7613,2.8995,48.4879,8.2982
2040-02-05,17.8123,0.0004,53.1514,7.6485,925.5261,27.2072,86.2891,3.7081,50.6892,10.5080
2040-02-06,17.6808,0.0006,55.1537,10.1293,928.4126,28.4036,86.3373,4.2305,52.7711,11.9764
2040-02-07,18.8120,0.0020,50.8549,8.2692,931.5028,29.7937,86.8689,4.1533,55.1755,12.1074
2040-02-08,15.5858,3.3824,68.1700,6.7095,904.0935,22.9189,62.4457,0.6592,43.1059,0.9986
2040-02-09,16.1110,2.5991,67.4695,8.6771,906.6975,19.3120,61.1609,0.6794,36.6713,0.9197
2040-02-10,17.2797,0.2726,54.7379,9.8954,909.5118,20.4937,77.8256,1.5288,38.8017,3.7976
2040-02-11,17.0635,0.0147,51.2812,10.2298,912.2873,21.7507,84.0999,3.1228,41.0544,7.9894
2040-02-12,16.7901,0.0486,50.8947,12.2416,915.0135,22.9986,86.0147,4.4967,43.2779,11.2289
2040-02-13,17.5902,0.0983,46.9643,11.8626,917.8837,24.4067,87.1581,5.1868,45.7708,12.9943
2040-02-14,17.2384,0.3608,51.2431,8.1025,920.6906,25.6768,87.2065,4.3213,48.0065,11.5380
2040-02-15,18.4289,0.0001,48.9500,5.8586,923.7118,27.0930,87.2994,3.9108,50.4842,10.9522
2040-02-16,18.9300,0.1176,45.7309,6.4147,926.8233,28.6371,87.7962,4.3178,53.1673,12.2264
2040-02-17,17.5758,0.0001,47.0513,9.6425,929.6909,30.0418,87.8448,5.1160,55.5925,14.3254
2040-02-18,17.1597,0.0000,46.6358,5.7480,932.4837,31.4259,87.8935,4.2338,57.9679,12.6478
2040-02-19,16.9342,0.0069,46.0741,10.4890,935.2358,32.8074,87.9421,5.4139,60.3244,15.6517
2040-02-20,15.1276,0.0114,36.6050,8.5568,937.6628,34.2687,88.7259,5.4960,62.7996,16.1847
2040-02-21,17.3262,0.2566,51.0013,8.8694,940.4855,35.5512,88.4432,5.3613,64.9633,16.1830
2040-02-22,19.8919,0.0000,45.1199,7.0849,943.7700,37.1877,88.4921,4.9347,67.7058,15.5500
2040-02-23,22.4101,0.0000,39.9734,9.6289,947.5079,39.1924,89.3898,6.3811,71.0387,19.3284
2040-02-24,21.3979,0.0000,42.8818,10.8666,951.0635,41.0178,89.4389,6.8398,74.0513,20.7799
2040-02-25,22.6395,0.0000,36.2250,9.9647,954.8426,43.1684,90.1877,7.2765,77.5695,22.2589
2040-02-26,19.4657,0.0004,42.3557,8.0431,958.0504,44.8524,90.1920,6.6090,80.3057,21.1533
2040-02-27,12.8660,0.4388,39.6782,18.9521,960.0703,46.0491,89.7606,10.7653,82.2371,30.0741
2040-02-28,12.2451,0.0304,32.7270,13.6954,961.9784,47.3244,89.8098,8.3187,84.2830,25.5251
2040-02-29,13.0800,0.0270,33.0042,12.1378,964.0368,48.6738,89.8591,7.7453,86.4372,24.6062
2040-03-01,13.9148,0.0235,33.2814,10.5801,966.2455,50.3814,89.9085,7.2114,89.1428,23.7815
2040-03-02,15.2894,0.0000,35.0627,8.2382,968.7016,52.1956,89.9578,6.4541,91.9986,22.3500
2040-03-03,16.5845,0.0522,43.3702,8.3505,971.3908,53.9027,89.6687,6.2273,94.6720,22.1119
2040-03-04,16.5362,0.2143,60.6598,11.1623,974.0713,55.0854,87.3261,5.1284,96.5243,19.4203
2040-03-05,17.5440,0.3923,70.6747,14.1434,976.9332,56.0174,85.4162,4.5521,97.9881,17.9333
2040-03-06,19.7044,0.1748,61.4217,9.3339,980.1840,57.3855,85.4640,3.5962,100.1174,15.1942
2040-03-07,20.6665,0.0117,50.6794,6.4235,983.6080,59.2154,86.8819,3.7914,102.9381,16.0492
2040-03-08,19.3944,0.0664,47.4976,9.6372,986.8030,61.0496,87.5337,4.8920,105.7442,19.6480
2040-03-09,20.9073,0.0000,31.1451,7.7440,990.2703,63.6326,90.3441,6.6534,109.6504,24.8771
2040-03-10,21.4446,0.0129,33.0869,11.2097,993.8343,66.2040,90.6900,8.3244,113.5052,29.4665
2040-03-11,21.6987,0.0441,26.4904,13.9756,997.4441,69.0608,91.9521,11.4498,117.7412,36.9914
2040-03-12,19.7456,0.0072,33.5127,15.1961,1000.7023,71.4233,91.8915,12.0721,121.2174,38.7276
2040-03-13,19.1079,0.0000,33.1450,13.8818,1003.8457,73.7262,91.8495,11.2316,124.5786,37.3313
2040-03-14,19.1953,0.0000,30.8200,11.8335,1007.0049,76.1195,91.8995,10.2020,128.0423,35.4030
2040-03-15,21.2856,0.0000,24.7911,11.5922,1010.5403,78.9894,92.3896,10.8010,132.1541,37.1645
2040-03-16,22.2648,0.0000,24.2373,8.9966,1014.2519,82.0068,92.7088,9.9121,136.4352,35.5053
2040-03-17,25.0827,0.0000,21.2683,5.3313,1018.4708,85.5207,93.7242,9.4968,141.3654,34.9098
2040-03-18,26.6345,0.0000,20.4812,5.0689,1022.9690,89.2801,94.2610,10.0961,146.5784,36.7374
2040-03-19,28.1775,0.0000,22.7789,6.2178,1027.7450,93.1339,94.3118,10.7731,151.8633,38.7031
2040-03-20,26.9948,0.0000,28.3442,9.5078,1032.3080,96.5655,94.1723,12.4728,156.5261,42.8681
2040-03-21,18.6868,0.0000,24.7811,21.2854,1035.3757,99.1026,93.6648,21.0444,159.9342,59.7565
2040-03-22,15.3470,0.0000,20.2728,16.2044,1037.8421,101.3377,93.7154,16.4058,162.9084,51.4473
2040-03-23,17.8499,0.0000,19.9065,10.9937,1040.7591,103.9249,93.7660,12.7063,166.3281,43.9836
2040-03-24,20.3882,0.0000,20.2791,10.0818,1044.1330,106.8450,93.8166,12.2213,170.1594,43.1048
2040-03-25,22.5860,0.0000,21.1227,8.2705,1047.9025,110.0297,93.8672,11.2339,174.3045,41.0268
2040-03-26,21.0441,0.0000,22.5560,12.3289,1051.3944,112.9530,93.9178,13.8802,178.0779,47.1366
2040-03-27,20.9614,0.0000,24.6061,9.7209,1054.8715,115.7882,93.8874,12.1196,181.7122,43.3938
2040-03-28,24.3926,0.0000,19.3149,7.9237,1058.9661,119.2944,94.2087,11.5741,186.1605,42.2974
2040-03-29,23.2663,0.0000,22.8454,10.1724,1062.8581,122.4990,94.2595,13.0540,190.1957,45.8182
2040-03-30,20.8025,0.0000,31.0562,13.8150,1066.3065,125.0730,93.0097,13.1809,193.4260,46.2087
2040-03-31,20.2834,0.0000,28.1326,10.7701,1069.6615,127.6926,93.0194,11.3214,196.6859,42.0317
2040-04-01,23.3857,0.0000,19.6186,7.4032,1074.8250,132.4641,93.8684,10.7553,202.5280,40.8157
2040-04-02,25.0044,0.0000,18.9684,7.4609,1080.2797,137.5922,94.3630,11.5509,208.7232,42.8758
2040-04-03,24.8138,0.0000,24.0791,8.4091,1085.7002,142.3618,94.4138,12.2014,214.4308,44.5230
2040-04-04,24.7365,0.0000,24.1087,9.5849,1091.1068,147.1153,94.4646,13.0372,220.0549,46.5444
2040-04-05,26.9180,0.0000,21.0059,6.2919,1096.9060,152.4810,94.5155,11.1214,226.3126,42.1579
2040-04-06,28.0031,0.0000,20.2496,6.6084,1102.9006,158.1078,94.6128,11.4527,232.7869,43.0473
2040-04-07,28.1888,0.0271,21.4939,6.8404,1108.9286,163.6821,94.6637,11.6688,239.1249,43.6410
2040-04-08,28.0870,0.1239,23.0964,8.8581,1114.9382,169.1237,94.7146,13.0082,245.2451,46.8289
2040-04-09,28.3213,0.0000,19.3316,8.4392,1120.9901,174.8775,94.8715,13.0140,251.6211,46.9034
2040-04-10,28.1417,0.0477,21.4101,11.3396,1127.0096,180.4489,94.9225,15.1677,257.7321,51.6924
2040-04-11,26.3062,0.2445,26.7403,17.6847,1132.6987,185.3164,94.4522,19.5748,263.0438,60.5490
2040-04-12,21.5711,0.0704,43.2927,14.7149,1137.5355,188.4331,91.2275,10.7233,266.5012,41.5582
2040-04-13,21.9927,0.0293,39.2863,13.1182,1142.4482,191.8321,91.1847,9.8342,270.2274,39.3186
2040-04-14,22.7583,0.0009,36.3669,13.7181,1147.4987,195.5126,91.2344,10.2081,274.2201,40.2993
2040-04-15,25.8955,0.0020,31.5277,12.3315,1153.1138,199.9939,91.7539,10.2479,279.0102,40.4223
2040-04-16,27.4516,0.0000,28.6227,8.4922,1159.0091,204.9345,92.5757,9.4842,284.2272,38.4631
2040-04-17,30.0622,0.0093,25.9926,7.7832,1165.3743,210.5255,93.5792,10.5312,290.0547,41.1814
2040-04-18,30.0133,1.8921,28.2118,16.2527,1171.7307,147.7149,90.4813,10.4176,224.6334,40.3963
2040-04-19,25.7663,0.3992,40.9399,11.4871,1177.3227,151.5616,90.5308,8.2518,229.3200,34.7483
2040-04-20,23.3263,1.5110,44.0544,14.9270,1182.4754,144.0621,85.1408,4.5583,220.8564,23.1017
2040-04-21,22.4454,1.3530,52.9361,10.7038,1187.4696,146.7486,82.3515,2.5521,224.2230,15.1149
2040-04-22,25.2573,0.0273,41.5786,6.2323,1192.9699,150.4817,88.3484,4.6307,228.8084,23.4327
2040-04-23,28.4667,0.0150,30.6045,5.2291,1199.0479,155.4559,91.8793,7.2932,234.8057,32.0645
2040-04-24,29.8010,0.2873,24.5537,6.6308,1205.3661,161.1079,93.7343,10.1539,241.5144,39.9336
2040-04-25,29.1501,0.0000,26.3641,10.2693,1211.5671,166.5080,93.7849,12.2832,247.8573,45.1827
2040-04-26,30.3949,0.0000,21.1298,6.5252,1217.9921,172.5300,94.7145,11.5654,254.8209,43.5410
2040-04-27,31.7698,0.0002,16.5563,5.1774,1224.6647,179.1794,95.9616,12.8102,262.3855,46.5225
2040-04-28,31.6825,0.0248,18.3999,7.1490,1231.3215,185.6646,96.0129,14.2468,269.6728,49.7931
2040-04-29,31.9337,0.0000,19.2098,8.7760,1238.0236,192.1346,96.0642,15.5719,276.8537,52.6795
2040-04-30,32.9797,0.0002,15.5175,12.5483,1244.9140,199.1146,96.4898,19.9443,284.4786,61.3911
2040-05-01,29.8125,0.0000,16.9497,14.0080,1252.6842,205.8734,96.5413,21.6157,291.8400,64.5035
2040-05-02,28.3746,0.0000,17.2222,14.2796,1260.1956,212.2966,96.5928,22.0658,298.7657,65.3430
2040-05-03,28.0948,0.0000,18.9809,14.7346,1267.6567,218.5238,96.3468,21.8426,305.4226,64.9676
2040-05-04,28.7424,0.0000,16.0848,15.7091,1275.2343,225.1166,96.3982,23.1015,312.3747,67.2246
2040-05-05,31.1397,0.0298,11.2600,10.9505,1283.2435,232.6485,97.2008,20.2399,320.1783,62.0752
2040-05-06,32.4260,0.0344,10.2211,6.6329,1291.4842,240.5726,97.6492,17.2826,328.2721,56.3699
2040-05-07,33.5797,0.0000,10.3956,7.4778,1299.9325,248.7535,97.7849,18.3615,336.5178,58.5215
2040-05-08,34.5985,0.0000,9.4090,6.9532,1308.5642,257.2674,98.1311,18.7191,344.9764,59.2291
2040-05-09,34.3475,0.0000,12.0126,10.2070,1317.1508,265.4785,98.1831,22.2059,353.0562,65.7201
2040-05-10,32.1197,0.0000,23.0026,11.1735,1325.3363,272.2124,96.5316,18.7144,359.7177,59.2364
2040-05-11,30.6605,0.0000,26.2843,11.2133,1333.2592,278.3761,95.4493,16.1968,365.8068,54.1989
2040-05-12,30.2380,0.0561,24.8168,10.8790,1341.1061,284.5789,95.4060,15.8323,371.8787,53.4437
2040-05-13,33.6737,0.0057,18.7650,9.3818,1349.5713,292.0157,95.8563,15.6088,379.0095,52.9780
2040-05-14,34.2985,0.0000,18.0628,8.6001,1358.1491,299.6516,96.1272,15.5664,386.2533,52.8921
2040-05-15,33.2257,0.0000,22.7705,10.5039,1366.5337,306.6307,96.1786,17.2531,392.8734,56.3718
2040-05-16,33.8681,0.0000,17.8098,7.9913,1375.0339,314.1971,96.2300,15.3071,399.9318,52.3475
2040-05-17,36.3072,0.1859,15.9861,6.2994,1383.9732,322.4708,96.8883,15.3564,407.5437,52.4548
2040-05-18,36.1455,1.0256,17.5844,8.1554,1392.8834,330.5520,95.8060,14.5737,414.9308,50.7728
2040-05-19,36.4200,0.0267,15.1375,11.6524,1401.8430,338.9345,97.0781,20.6281,422.4945,62.8912
2040-05-20,36.1733,0.0000,11.8808,10.9206,1410.7582,347.5815,97.7800,21.8257,430.1889,65.0802
2040-05-21,34.1903,0.0223,19.1063,10.0067,1419.3165,355.0971,97.3605,19.7147,436.9157,61.1848
2040-05-22,32.5464,0.0003,25.4843,11.3255,1427.5788,361.6977,95.9761,17.4966,442.8740,56.8728
2040-05-23,32.6834,0.0000,26.9722,10.0482,1435.8658,368.1928,95.4930,15.3645,448.7245,52.4793
2040-05-24,34.1266,0.0032,26.6660,8.9720,1444.4126,374.9938,95.5442,14.6552,454.8020,50.9560
2040-05-25,36.8410,0.0000,20.0351,6.8465,1453.4480,382.9811,96.0952,14.1883,461.7719,49.9348
2040-05-26,38.5838,0.0000,12.6265,9.6868,1462.7971,392.1094,97.9311,20.9241,469.5537,63.4440
2040-05-27,38.6866,0.0000,13.4078,13.2545,1472.1647,401.1794,97.9831,25.2176,477.2325,70.9900
2040-05-28,38.0807,0.0000,10.5337,13.1057,1481.4232,410.4078,98.3469,26.2578,484.9464,72.7239
2040-05-29,39.2748,0.0000,8.8351,10.7519,1490.8967,420.0980,98.8361,24.8646,492.9459,70.3950
2040-05-30,39.3793,0.0000,11.5146,12.1984,1500.3890,429.5278,98.8883,26.9278,500.7044,73.8240
2040-05-31,38.0338,0.0000,11.3788,14.6557,1509.6390,438.6581,98.9406,30.6860,508.1682,79.7594
2040-06-01,38.4044,0.0000,9.4263,12.4263,1519.9558,448.0779,98.9929,27.6130,515.9240,74.9350
2040-06-02,38.6241,0.0119,8.4943,7.9035,1530.3122,457.6475,99.0453,22.1359,523.7328,65.6452
2040-06-03,37.9903,0.1150,10.1414,9.1920,1540.5544,466.8950,99.0976,23.7824,531.2647,68.5434
2040-06-04,38.8906,0.3324,14.0903,11.6767,1550.9587,475.9397,98.9887,26.5748,538.6462,73.2476
2040-06-05,35.3448,0.0061,27.5693,15.5531,1560.7248,482.8892,96.1167,22.0662,544.5602,65.5208
2040-06-06,31.4017,0.4892,37.5972,13.6318,1569.7811,488.2288,93.4894,13.9650,549.3300,49.4435
2040-06-07,31.5260,0.9377,32.1771,9.1857,1578.8598,494.0543,91.6619,8.6323,554.4021,36.3173
2040-06-08,33.8550,0.2082,23.3216,5.7863,1588.3577,501.1106,94.6531,11.0490,560.2994,42.6208
2040-06-09,35.2420,0.0000,20.0961,5.8189,1598.1052,508.7555,95.7690,12.8901,566.5829,47.0121
2040-06-10,35.8372,0.3256,18.9839,9.7380,1607.9599,516.6338,96.1693,16.5789,573.0048,55.0193
2040-06-11,29.7568,7.0314,50.3710,17.2797,1292.0784,97.7625,78.9972,2.4592,164.4231,13.9208
2040-06-12,27.2336,0.8543,51.1652,12.8643,1300.3844,101.4052,85.7034,4.4421,169.7226,21.7774
2040-06-13,29.1493,0.2289,43.2410,9.5957,1309.0353,105.9253,89.5607,6.5286,176.2049,28.7029
2040-06-14,32.1761,0.0000,32.1061,11.0089,1318.2310,111.8731,92.5290,10.6961,184.5839,40.1481
2040-06-15,29.0014,0.0388,39.4066,16.6167,1326.8552,116.6749,92.3743,13.8831,191.2965,47.6765
2040-06-16,26.3148,0.4504,34.9606,17.6271,1334.9959,121.3691,92.4244,14.7118,197.7849,49.6663
2040-06-17,28.5788,0.0046,28.6543,8.2310,1343.5441,126.9436,92.8243,9.6929,205.3754,38.2178
2040-06-18,34.0893,0.0048,16.8735,6.3270,1353.0842,134.6446,96.1310,13.8888,215.6429,48.3532
2040-06-19,33.6236,0.0000,20.3679,11.9948,1362.5404,141.9242,96.1824,18.6085,225.2043,58.2023
2040-06-20,32.1638,0.0000,20.8810,12.7341,1371.7339,148.8528,96.2338,19.4494,234.1768,59.9624
2040-06-21,35.7274,0.0000,16.8075,9.4249,1381.5688,156.9186,96.6325,17.3698,244.4311,56.0829
2040-06-22,34.1466,0.0000,25.0234,13.7206,1391.1192,163.8759,96.1191,20.1264,253.1872,61.4868
2040-06-23,35.7173,0.0000,18.8721,14.2222,1400.9523,171.7394,96.1909,20.8429,262.9062,62.9062
2040-06-24,36.4853,0.0000,18.1091,11.2222,1410.9237,179.8425,96.4748,18.6176,272.7653,58.7941
2040-06-25,36.7546,0.0000,19.9118,10.0205,1420.9435,187.8239,96.5263,17.6456,282.3451,56.9460
2040-06-26,36.6388,0.0000,21.8164,8.9081,1430.9425,195.5917,96.5778,16.7996,291.5541,55.2893
2040-06-27,37.0437,0.0000,22.7198,10.4847,1441.0144,203.3521,96.6294,18.3150,300.6403,58.3440
2040-06-28,35.1306,0.0177,23.2549,13.8795,1450.7419,210.6723,96.5602,21.5311,309.1207,64.4177
2040-06-29,33.4385,0.0017,29.7432,13.9696,1460.1648,217.0606,95.1826,17.9449,316.4986,57.6641
2040-06-30,34.0285,0.0000,28.0538,12.2336,1469.6939,223.7143,95.2337,16.5571,324.0955,54.8893
2040-07-01,34.0553,0.0001,26.9892,12.1087,1479.5279,229.7424,95.2848,16.5684,330.9927,54.9250
2040-07-02,34.4819,0.1861,28.0179,11.6307,1489.4386,235.7577,95.3359,16.2872,337.8305,54.3569
2040-07-03,36.0664,0.0779,27.7145,11.0686,1499.6346,242.0673,95.3870,15.9432,344.9373,53.6515
2040-07-04,36.6167,0.0000,28.1885,11.7031,1509.9296,248.4284,95.4382,16.5763,352.0500,54.9692
2040-07-05,39.2165,0.0000,23.9013,7.9783,1520.6926,255.6338,95.6876,14.2138,359.9820,49.9598
2040-07-06,39.4087,0.0000,25.3785,8.1390,1531.4901,262.7331,95.7388,14.4294,367.7457,50.4386
2040-07-07,39.4652,0.6692,25.1673,8.6992,1542.2979,269.8624,95.3076,13.9963,375.4775,49.4895
2040-07-08,39.2731,1.2862,25.2599,9.3235,1553.0710,276.9491,94.6191,13.1432,383.1062,47.5736
2040-07-09,40.7239,0.0922,19.1145,8.5318,1564.1053,284.8942,96.8974,17.2059,391.5095,56.2761
2040-07-10,43.0801,0.0000,14.2309,6.2588,1575.5638,293.7936,98.3053,18.4948,400.7627,58.8340
2040-07-11,44.6600,0.2696,12.5099,8.9369,1587.3066,303.1961,98.8885,22.8474,410.4088,66.8968
2040-07-12,42.8350,0.0144,11.7811,11.6002,1598.7209,312.2989,98.9408,26.3078,419.6558,72.7971
2040-07-13,38.1336,0.0000,17.1286,11.7928,1609.2889,319.9349,98.3994,24.7469,427.4311,70.1878
2040-07-14,39.9464,0.0000,15.8379,7.9796,1620.1833,328.0481,98.4515,20.5611,435.6000,62.7696
2040-07-15,39.8474,0.0000,19.6638,9.3054,1631.0598,335.7738,98.1304,21.0728,443.3665,63.7140
2040-07-16,39.2267,0.0000,22.7210,8.8748,1641.8246,343.0929,97.4820,18.9250,450.7186,59.6786
2040-07-17,39.6196,0.0000,23.2616,10.0459,1652.6601,350.4316,97.3454,19.7142,458.0499,61.1865
2040-07-18,40.1372,0.0000,19.8972,9.7728,1663.5888,358.1894,97.3972,19.5792,465.7017,60.9314
2040-07-19,40.3421,0.0000,18.0513,10.5849,1674.5544,366.1654,97.4490,20.5379,473.4915,62.7308
2040-07-20,40.1508,0.0001,18.7918,8.6784,1685.4855,374.0328,97.5008,18.7855,481.1377,59.4118
2040-07-21,39.2610,0.2013,26.3242,10.7994,1696.2565,381.0166,96.7584,18.9328,487.9963,59.6965
2040-07-22,33.7774,0.0196,32.9587,16.8270,1706.0404,386.5080,94.6517,19.2690,493.5043,60.3424
2040-07-23,35.9015,0.0000,31.6370,12.8290,1716.2067,392.4488,94.7026,15.8638,499.4002,53.5358
2040-07-24,37.5213,0.0023,30.6438,12.0546,1726.6645,398.7397,94.7536,15.3638,505.5893,52.4812
2040-07-25,37.2789,0.2858,31.2610,11.3260,1737.0787,404.9355,94.8045,14.9139,511.6756,51.5186
2040-07-26,38.1826,0.0009,29.0738,9.6268,1747.6556,411.4790,94.8554,13.7861,518.0347,49.0445
2040-07-27,36.3017,1.7369,32.3756,8.3667,1757.8939,173.2499,91.5138,8.1111,278.0030,34.6926
2040-07-28,34.9060,3.2693,44.0668,8.0563,1586.0326,103.8741,85.3983,3.3413,178.5189,17.9009
2040-07-29,39.8232,0.0002,24.0906,10.3510,1596.9048,111.1698,95.4232,15.4529,189.3800,50.9198
2040-07-30,41.2495,0.0000,15.3710,11.2389,1608.0337,119.5870,97.7769,22.1696,201.6779,64.0910
2040-07-31,41.4142,0.0000,13.1646,9.1327,1619.1922,128.2573,98.2855,21.3209,214.1143,62.9755
2040-08-01,42.0308,0.0000,13.7338,7.5531,1629.7618,135.9386,98.3375,19.8250,224.9661,60.4970
2040-08-02,40.4564,0.0000,19.8953,11.7250,1640.0479,142.8109,98.1518,23.8723,234.5597,67.8983
2040-08-03,37.3583,0.0000,28.8653,11.8326,1649.7764,148.4587,96.0942,18.2386,242.3879,57.7662
2040-08-04,37.4991,0.0000,26.3237,9.5944,1659.5303,154.3297,96.1456,16.4069,250.4356,54.2074
2040-08-05,37.3797,0.0000,26.2206,8.9030,1669.2626,160.1907,96.1970,15.9555,258.3904,53.3523
2040-08-06,36.9557,0.0000,31.0953,9.8617,1678.9186,165.6042,95.4275,15.0854,265.6907,51.5788
2040-08-07,39.4189,0.0000,24.6763,9.1048,1689.0180,171.9050,95.5637,14.7927,274.0733,51.0053
2040-08-08,37.9489,0.0045,27.5345,11.4504,1698.8528,177.7468,95.6149,16.7650,281.7869,55.1735
2040-08-09,36.0155,0.0202,33.2287,11.4693,1708.3396,182.8630,94.8402,15.0957,288.5177,51.7267
2040-08-10,36.9758,0.0000,26.5366,10.2273,1717.9993,188.6377,94.8911,14.2794,296.0178,49.9886
2040-08-11,37.1239,0.0000,22.6816,12.7675,1727.6856,194.7390,95.5739,17.8158,303.8543,57.3732
2040-08-12,35.8203,0.0003,24.4574,12.1879,1737.1372,200.4969,95.6251,17.4239,311.1989,56.6149
2040-08-13,38.6564,0.0000,22.1537,5.6290,1747.0994,206.8861,95.9570,13.0970,319.2583,47.4033
2040-08-14,40.7986,0.0000,18.8045,6.7246,1757.4471,213.9094,97.0079,15.9421,328.0089,53.6248
2040-08-15,40.5165,0.0000,18.6928,8.4623,1767.7441,220.8949,97.0596,17.5215,336.6283,56.8624
2040-08-16,39.6611,0.0000,23.6377,10.7414,1777.8870,227.3208,97.1113,19.7899,344.5167,61.2753
2040-08-17,37.7792,0.0000,27.3976,8.7099,1787.6913,233.1482,96.3189,16.0629,351.6441,53.9085
2040-08-18,37.8876,0.0229,28.2047,13.3130,1797.5151,238.9269,96.0761,19.6031,358.6678,60.9381
2040-08-19,36.0393,0.0000,17.9956,18.8992,1807.0061,245.2144,96.4280,27.2389,366.1952,74.2896
2040-08-20,35.8207,0.0000,19.0047,14.0369,1816.4579,251.3879,96.4794,21.4680,373.5371,64.4101
2040-08-21,36.0679,0.0000,25.7236,11.2841,1825.9541,257.0873,96.2570,18.1357,380.3093,58.1219
2040-08-22,34.7396,0.0000,34.0490,12.0720,1835.2112,261.9669,94.5826,15.0199,386.1364,51.7283
2040-08-23,34.3677,0.0000,29.0822,11.1576,1844.4014,267.1597,94.6334,14.4443,392.2697,50.4837
2040-08-24,34.0665,0.0000,29.3589,9.4702,1853.5374,272.2882,94.6843,13.3601,398.2991,48.0727
2040-08-25,33.8418,0.0000,29.8153,10.2178,1862.6329,277.3510,94.7352,13.9703,404.2262,49.4434
2040-08-26,35.1378,0.0000,23.7841,6.3186,1871.9617,283.0529,95.0077,11.9154,410.8120,44.7163
2040-08-27,37.4014,0.0000,21.7540,6.2368,1881.6979,289.2722,95.8036,13.2263,417.9258,47.7738
2040-08-28,36.9573,0.0000,24.3416,8.7564,1891.3542,295.2165,95.8548,15.1216,424.7052,51.9577
2040-08-29,35.8378,0.0000,24.2371,9.8112,1900.8090,300.9939,95.9061,16.0583,431.2617,53.9363
2040-08-30,35.0295,0.0000,22.2116,10.2398,1910.1184,306.7960,95.9574,16.5233,437.7983,54.8990
2040-08-31,34.1111,0.0000,21.0398,9.8785,1919.2623,312.5358,96.0087,16.3383,444.2255,54.5189
2040-09-01,33.2644,0.0000,23.1745,9.1060,1926.9539,317.2360,96.0601,15.8241,449.4774,53.4495
2040-09-02,33.1974,0.0127,27.4950,8.6126,1934.6335,321.6633,95.5000,14.3058,454.4344,50.1928
2040-09-03,35.6458,0.0022,23.2581,6.0510,1942.7537,326.6838,95.5512,12.6614,459.9925,46.4799
2040-09-04,36.1141,0.0000,20.3879,7.8146,1950.9582,331.9585,95.9077,14.5245,465.7828,50.6724
2040-09-05,34.7265,0.0000,26.0344,9.9417,1958.9130,336.6763,95.9204,16.1956,470.9839,54.2260
2040-09-06,33.0457,0.1312,37.8304,11.7703,1966.5652,340.4557,93.6611,13.0221,475.2296,47.3136
2040-09-07,32.3684,0.1445,39.7270,8.9775,1974.0956,344.0471,92.9888,10.2994,479.2737,40.7368
2040-09-08,31.2415,0.7593,46.3295,9.6865,1981.4230,347.1374,89.4877,6.4902,482.8092,30.0340
2040-09-09,30.8562,0.0860,42.9676,8.8411,1988.6812,350.3822,90.3556,7.0431,486.4830,31.7331
2040-09-10,33.8335,1.2676,33.0343,5.9804,1996.4752,354.5471,90.8298,6.5250,491.0739,30.1430
2040-09-11,31.9730,0.9188,43.1264,7.5734,2003.9343,357.8959,89.4241,5.7817,494.8469,27.7631
2040-09-12,33.6183,0.0137,33.9599,6.6317,2011.6896,361.9779,92.3728,8.3923,499.3339,35.6498
2040-09-13,34.1686,0.0000,23.1243,8.1609,2019.5440,366.8050,94.8315,12.7625,504.5221,46.7166
2040-09-14,35.1842,0.0000,18.0107,8.6148,2027.5811,372.1015,96.2190,15.7722,510.1474,53.3441
2040-09-15,36.0036,0.0000,16.6198,12.5483,2035.7658,377.6094,96.7170,20.5625,515.9588,62.7783
2040-09-16,35.8046,0.0000,17.0311,12.0321,2043.9146,383.0607,96.7686,20.1736,521.6899,62.0540
2040-09-17,35.1940,0.0000,16.8746,10.2941,2051.9535,388.4320,96.8202,18.6102,527.3143,59.0734
2040-09-18,34.1291,0.0000,15.8612,10.4700,2059.8008,393.7092,96.8718,18.9061,532.8140,59.6464
2040-09-19,33.4805,0.0000,16.5881,10.2953,2067.5313,398.8445,96.9234,18.8703,538.1532,59.5775
2040-09-20,33.3397,0.0000,18.2824,9.7212,2075.2364,403.8550,96.9751,18.4593,543.3575,58.7798
2040-09-21,34.7388,0.0000,15.4981,7.5277,2083.1934,409.2468,97.0267,16.6423,548.9086,55.1489
2040-09-22,35.1160,0.0000,14.6667,6.6321,2091.2183,414.7489,97.0784,16.0181,554.5430,53.8593
2040-09-23,35.3730,0.0006,14.7551,6.0532,2099.2894,420.2842,97.1301,15.6653,560.1894,53.1200
2040-09-24,33.4001,0.0198,27.6424,9.3529,2107.0054,424.7286,95.6904,15.2391,564.8182,52.2167
2040-09-25,26.9940,0.2317,52.5214,15.9209,2113.5684,427.1034,90.4045,10.1329,567.5067,40.3122
2040-09-26,23.0686,4.7367,60.3376,17.0958,1609.0423,102.2088,71.7601,1.5708,176.4040,9.8694
2040-09-27,21.2836,0.2755,42.0017,10.4026,1614.5774,104.5201,85.2007,3.6592,179.9220,19.1670
2040-09-28,23.6183,0.0000,30.9666,9.4436,1620.5327,107.5581,90.5077,7.4198,184.5018,31.5558
2040-09-29,25.6128,0.0000,30.1883,8.8914,1626.8470,110.8782,91.8353,8.7167,189.4725,35.2720
2040-09-30,24.8392,0.0022,31.9198,11.1794,1633.0220,114.0222,91.8852,9.8514,194.1536,38.3505
2040-10-01,24.8466,0.0000,25.8668,12.8460,1638.1984,116.9367,92.7211,12.0548,198.4580,43.8054
2040-10-02,25.4999,0.0000,29.1389,15.1725,1643.4924,119.7927,92.7714,13.6501,202.6568,47.5203
2040-10-03,25.6719,0.0000,36.5823,17.5913,1648.8173,122.3652,92.3812,14.5960,206.4304,49.6680
2040-10-04,25.3653,0.0460,44.7476,17.5142,1654.0871,124.5809,91.0057,11.9641,209.6805,43.8710
2040-10-05,23.1121,0.1296,58.1482,8.9507,1658.9513,126.1163,88.6166,5.5189,211.9504,26.2929
2040-10-06,25.9617,0.2484,48.4394,4.9151,1664.3284,128.2304,88.6655,4.5351,215.0406,22.9574
2040-10-07,27.8258,0.2153,42.3152,5.0204,1670.0410,130.7587,89.8361,5.3932,218.7072,25.9603
2040-10-08,26.3041,0.0032,41.1975,10.5864,1675.4797,133.2003,89.9973,7.3060,222.2321,31.9645
2040-10-09,23.9835,0.1630,43.8991,10.1980,1680.5008,135.3325,90.0466,7.2153,225.3049,31.7350
2040-10-10,23.4418,1.6023,62.7627,9.4857,1685.4243,124.5619,80.1538,1.8639,210.2730,11.7266
2040-10-11,24.8883,0.0007,34.0238,6.7158,1690.6082,127.1599,89.1809,5.3472,214.0669,25.7512
2040-10-12,28.2459,0.0001,21.3981,5.0615,1696.3965,130.6549,93.7175,9.3600,219.1189,37.6040
2040-10-13,30.4543,0.0000,22.3309,6.5660,1702.5822,134.3683,94.4741,11.2120,224.4521,42.3503
2040-10-14,31.2921,0.0000,22.4581,5.3952,1708.9188,138.1741,94.6501,10.8290,229.8809,41.4911
2040-10-15,31.7678,0.0000,18.1391,4.8097,1715.3410,142.2509,95.6196,12.0049,235.6471,44.3975
2040-10-16,30.3721,0.0121,19.7775,5.0816,1721.5120,146.0764,95.6708,12.2555,241.0236,45.0481
2040-10-17,28.3635,0.1859,31.0621,5.2548,1727.3214,149.1540,94.3170,10.2702,245.3444,40.2650
2040-10-18,28.0580,0.0000,36.3325,4.9474,1733.0759,151.9669,93.1427,8.5895,249.2863,35.8689
2040-10-19,26.6261,0.3750,40.6573,4.9074,1738.5726,154.4599,92.0614,7.3631,252.7763,32.4110
2040-10-20,26.6141,0.0147,41.7428,10.9424,1744.0671,156.9063,91.6145,9.3681,256.1914,38.0157
2040-10-21,24.6895,0.0000,38.7720,13.8474,1749.2152,159.2988,91.6644,10.9219,259.5137,42.0069
2040-10-22,24.9581,0.0000,39.1468,12.0551,1754.4117,161.7015,91.6957,10.0231,262.8393,39.7651
2040-10-23,24.3934,0.0000,37.6746,8.8048,1759.5065,164.1090,91.7456,8.5693,266.1569,35.9188
2040-10-24,26.0977,0.0000,31.7536,7.7518,1764.9081,166.9214,91.8068,8.1972,270.0022,34.9019
2040-10-25,26.7945,0.0000,29.3436,8.3235,1770.4351,169.9078,92.3478,9.1070,274.0616,37.4187
2040-10-26,25.9216,0.0000,37.7166,6.9894,1775.8050,172.4578,92.1873,8.3243,277.5338,35.2899
2040-10-27,26.3280,0.0000,40.4871,5.7772,1781.2480,174.9311,91.8130,7.4273,280.8971,32.7327
2040-10-28,25.8914,0.0000,42.8440,3.8294,1786.6125,177.2687,91.3563,6.3106,284.0727,29.3444
2040-10-29,26.0215,0.0000,41.0188,5.8441,1792.0003,179.6925,91.4061,7.0345,287.3500,31.5843
2040-10-30,21.8532,0.0581,53.2434,11.2491,1796.6379,181.3186,89.2348,6.7717,289.5763,30.7926
2040-10-31,22.0729,0.0360,50.7674,10.3424,1801.3150,183.0472,89.1751,6.4140,291.9305,29.6905
2040-11-01,22.1496,4.8137,60.6439,17.7160,1487.5744,89.2283,70.7401,1.5647,155.1856,9.4869
2040-11-02,19.9389,6.9128,71.5171,14.1048,1232.8041,52.3642,55.8298,0.6114,94.6750,2.7295
2040-11-03,18.6236,0.1110,52.9574,7.8445,1235.8603,53.5944,76.2723,1.2286,96.7045,5.9899
2040-11-04,19.3135,0.0000,41.4371,7.6982,1239.0408,55.1793,85.5529,3.3528,99.3028,14.3351
2040-11-05,20.6597,0.0701,40.0462,9.2590,1242.4635,56.9090,88.4865,5.5017,102.1239,21.0248
2040-11-06,20.5677,0.2174,49.5131,11.3858,1245.8697,58.3593,88.5354,6.1671,104.4830,23.0609
2040-11-07,20.1247,1.6147,59.4074,10.7662,1249.1962,56.9812,79.4049,1.8420,102.2970,8.9580
2040-11-08,20.4247,7.5745,71.5671,11.2291,1074.4995,33.0448,55.3019,0.5050,61.3712,0.9847
2040-11-09,21.6905,0.5216,66.2668,4.2327,1078.1078,34.0641,72.6456,0.8494,63.1407,2.8433
2040-11-10,22.9396,0.0001,59.0425,7.1490,1081.9409,35.3695,82.4876,2.1699,65.3945,7.7709
2040-11-11,20.9483,5.2320,68.3387,10.7708,1003.8837,23.2760,61.6699,0.7766,44.0015,1.6771
2040-11-12,18.5155,0.0000,47.2678,7.7443,1006.9205,24.6474,79.5983,1.6125,46.4521,4.6132
2040-11-13,18.9829,0.0000,45.9760,6.3054,1010.0414,26.0858,85.5679,3.1321,49.0074,8.9316
2040-11-14,20.2070,0.0000,50.9896,7.3752,1013.3827,27.4703,86.8200,3.9428,51.4537,11.1487
2040-11-15,20.4399,0.0087,59.6422,5.7212,1016.7658,28.6228,86.8684,3.6525,53.4818,10.7118
2040-11-16,17.5700,4.4898,73.2845,10.9731,962.4846,19.7044,59.4255,0.6858,37.4900,0.9427
2040-11-17,16.7156,8.9096,72.4453,14.5194,849.8244,10.7049,47.7544,0.2552,20.7561,0.2369
2040-11-18,17.0791,0.3485,60.1559,7.0528,852.6026,11.6652,69.6550,0.8828,22.5587,0.8640
2040-11-19,18.0210,0.0596,55.4955,4.9813,855.5504,12.7934,80.1529,1.4853,24.6647,2.5113
2040-11-20,21.6034,0.0151,51.0048,7.8500,859.1430,14.2681,85.6536,3.4264,27.3987,6.7715
2040-11-21,23.1665,0.1352,45.8287,10.0871,863.0170,16.0110,88.0767,5.4087,30.6026,10.7436
2040-11-22,18.0084,7.0769,70.3521,10.8981,794.3776,9.4360,55.5808,0.5090,18.3278,0.4369
2040-11-23,14.4300,0.4131,57.0001,9.3522,796.6790,10.3214,73.4975,1.1393,19.9952,1.1866
2040-11-24,13.5811,0.0069,47.7846,6.9519,798.8276,11.3377,81.9057,2.0006,21.8984,3.3297
2040-11-25,13.7566,0.0000,47.2968,7.1759,801.0077,12.3758,85.1528,3.0896,23.8311,5.6250
2040-11-26,14.5023,0.0185,49.0535,5.5763,803.3222,13.4297,86.1449,3.2732,25.7818,6.2482
2040-11-27,15.8898,0.4002,68.8445,8.4158,805.8863,14.1315,85.3144,3.3631,27.0760,6.6069
2040-11-28,17.1096,1.6888,70.0744,8.0602,808.6701,13.7406,73.8011,1.0822,26.3614,1.6200
2040-11-29,14.7250,0.0252,55.9400,6.8774,811.0246,14.6650,81.0940,1.8121,28.0615,3.5853
2040-11-30,13.4121,0.4397,54.8554,7.9440,813.1427,15.5336,83.8893,2.7060,29.6511,5.6898
2040-12-01,12.0625,0.0083,51.6952,8.9927,815.0180,16.2561,85.1356,3.3778,30.9680,7.2052
2040-12-02,14.0122,0.0000,48.3627,6.9990,817.2442,17.1429,86.1812,3.5345,32.5774,7.7413
2040-12-03,12.5312,0.0000,47.9981,7.2943,819.2038,17.9484,86.4187,3.7098,34.0328,8.2950
2040-12-04,12.8277,0.0000,46.5555,5.9895,821.2168,18.7943,86.6938,3.6116,35.5544,8.3180
2040-12-05,14.4995,0.0000,49.2634,6.1491,823.5307,19.6938,86.7420,3.6658,37.1656,8.6535
2040-12-06,14.4854,0.0000,55.2757,6.6165,825.8421,20.4859,86.7903,3.7790,38.5793,9.0830
2040-12-07,13.7640,0.0409,53.8052,5.2068,828.0236,21.2662,86.8386,3.5441,39.9662,8.7788
2040-12-08,15.0578,1.1421,66.0704,6.9640,830.4380,21.8892,78.9386,1.4543,41.0719,3.7535
2040-12-09,16.3853,0.1880,64.4923,8.6547,833.0913,22.5947,82.3649,2.3055,42.3200,6.1692
2040-12-10,15.0323,13.5136,69.4653,13.7413,702.9534,10.6913,48.1315,0.2583,20.5993,0.2385
2040-12-11,15.6285,8.5504,72.9341,17.3735,643.9572,5.7755,45.7311,0.2206,11.2977,0.1423
2040-12-12,17.4293,7.5575,70.9032,19.4241,600.3420,3.1839,50.3617,0.4561,6.2845,0.2175
2040-12-13,14.5424,4.2295,70.8330,12.6495,583.3546,1.8290,50.5547,0.3317,3.6296,0.1253
2040-12-14,13.6567,1.9633,64.3246,10.2736,585.5168,1.5660,60.2875,0.6993,3.1112,0.2495
2040-12-15,14.5168,0.5790,71.3806,8.2565,587.8338,2.0739,71.5226,0.9977,4.1115,0.3956
2040-12-16,16.2543,0.7355,75.1841,8.6703,590.4636,2.5633,75.3054,1.2063,5.0716,0.5221
2040-12-17,15.0825,14.5784,74.7513,17.0022,509.0258,1.0828,45.2878,0.2025,2.1540,0.0641
2040-12-18,14.4488,9.5727,68.8477,15.2774,466.9723,0.5505,44.2398,0.1576,1.0977,0.0422
2040-12-19,17.8097,4.2561,69.1337,12.1898,455.8186,0.6633,52.5035,0.4033,1.3218,0.1123
2040-12-20,14.2795,0.1192,70.2538,7.9175,458.0929,1.1832,68.0813,0.8770,2.3512,0.2850
2040-12-21,15.9663,0.8483,71.6640,10.0998,460.6708,1.7327,73.9093,1.2054,3.4332,0.4458
2040-12-22,17.2337,1.5321,76.2195,11.7235,463.4769,1.8676,70.3759,1.1432,3.6979,0.4348
2040-12-23,16.4995,2.2005,68.3870,9.6574,466.1508,1.4913,66.3032,0.9014,2.9590,0.3160
2040-12-24,14.5289,0.0000,57.0308,5.2032,468.4700,2.2545,77.3264,1.1599,4.4554,0.4752
2040-12-25,15.5264,0.0010,53.2783,7.9527,470.9688,3.1373,83.1219,2.4486,6.1718,1.5806
2040-12-26,16.2203,0.0420,57.6250,12.0992,473.5924,3.9713,84.7770,3.7603,7.7796,3.4706
2040-12-27,15.2190,0.4201,67.0460,8.1888,476.0358,4.5825,84.8247,3.1080,8.9496,3.0073
2040-12-28,17.0704,0.0316,60.7789,4.6123,478.8125,5.3923,85.0019,2.6593,10.4894,2.7467
2040-12-29,16.5794,0.1383,64.0396,5.2780,481.5008,6.1148,85.0496,2.7681,11.8533,3.1493
2040-12-30,15.7621,0.0345,66.5532,4.5916,484.0420,6.7557,85.0973,2.6917,13.0559,3.2551
2040-12-31,15.6319,0.0089,62.5043,13.0763,486.5597,7.4687,85.1451,4.1549,14.3853,5.5303
2041-01-01,16.0162,0.2787,60.8651,10.6053,489.1466,8.2933,85.1928,3.6927,15.9122,5.2225
2041-01-02,15.4721,0.1972,56.7854,11.3256,491.6356,9.1750,85.4208,3.9520,17.5320,5.9160
2041-01-03,15.5676,0.0327,56.2013,11.9276,494.1418,10.0737,85.5717,4.1601,19.1704,6.5465
2041-01-04,16.1899,0.1533,58.1919,10.5184,496.7600,10.9636,85.6196,3.9009,20.7806,6.4643
2041-01-05,15.3310,2.4973,62.0497,9.1577,499.2235,9.0979,69.8298,0.9870,17.4029,0.8205
2041-01-06,14.5897,0.6714,63.1012,8.8900,501.5537,9.8106,77.1742,1.3806,18.7065,1.6942
2041-01-07,13.9813,0.2147,70.0211,4.9295,503.7743,10.3672,80.1977,1.4884,19.7199,2.0393
2041-01-08,15.2463,0.0000,57.6911,6.9022,506.2227,11.2186,83.4467,2.4222,21.2594,4.0541
2041-01-09,15.9807,0.0016,54.0327,12.4702,508.8032,12.1852,85.3030,4.1189,22.9938,7.2161
2041-01-10,15.4459,0.0056,55.6416,13.8759,511.2874,13.0888,85.5922,4.6024,24.6030,8.2859
2041-01-11,14.7373,0.0002,55.0680,14.4089,513.6442,13.9649,85.6649,4.7759,26.1522,8.8595
2041-01-12,14.4512,0.0007,56.1576,11.9466,515.9494,14.8042,85.7128,4.2469,27.6267,8.2565
2041-01-13,14.0710,0.0002,58.2769,9.6756,518.1861,15.5835,85.7607,3.8131,28.9876,7.7217
2041-01-14,14.8951,0.2513,58.6324,7.6619,520.5713,16.3981,85.8087,3.4684,30.4020,7.2977
2041-01-15,13.9967,0.0091,59.3292,7.4913,522.7947,17.1540,85.8567,3.4619,31.7070,7.4744
2041-01-16,13.5245,0.0000,56.9077,8.7928,524.9331,17.9298,85.9047,3.7215,33.0384,8.1717
2041-01-17,14.5246,0.0000,52.0223,6.8004,527.2515,18.8527,86.0855,3.4526,34.6114,7.8652
2041-01-18,14.2563,0.0004,53.8799,6.7663,529.5216,19.7246,86.1336,3.4700,36.0885,8.1034
2041-01-19,16.8761,0.0000,55.9924,6.6876,532.2633,20.6985,86.1817,3.4797,37.7290,8.3451
2041-01-20,17.7382,0.0000,56.9710,7.2453,535.1602,21.6964,86.2298,3.6033,39.3995,8.8291
2041-01-21,17.5529,0.0000,55.6793,8.5969,538.0237,22.7142,86.2779,3.8835,41.0914,9.6495
2041-01-22,16.5120,0.0094,56.4023,9.7116,540.6999,23.6595,86.3260,4.1358,42.6530,10.3956
2041-01-23,16.6652,0.2508,61.3636,7.8288,543.4036,24.5045,86.3742,3.7871,44.0436,9.8425
2041-01-24,17.5536,0.0137,59.8009,6.3715,546.2673,25.4276,86.4223,3.5430,45.5541,9.4932
2041-01-25,17.6898,0.0000,57.2663,6.1889,549.1554,26.4161,86.4705,3.5346,47.1608,9.6724
2041-01-26,17.1073,0.0000,51.9732,7.7704,551.9388,27.4927,86.5630,3.8782,48.8964,10.6758
2041-01-27,16.4684,0.0003,50.7972,6.2482,554.6071,28.5569,86.6578,3.6404,50.6002,10.3380
2041-01-28,16.9039,0.0023,53.8686,4.8791,557.3538,29.5793,86.7060,3.4210,52.2290,10.0034
2041-01-29,17.3657,0.0016,54.4336,3.9466,560.1836,30.6152,86.7543,3.2864,53.8701,9.8539
2041-01-30,16.9410,0.0746,58.0173,3.6815,562.9370,31.5476,86.8026,3.2651,55.3418,9.9608
2041-01-31,15.7072,0.1898,61.9757,5.7094,565.4683,32.3344,86.3894,3.4109,56.5804,10.4675
2041-02-01,16.8240,0.0036,55.0812,5.2264,568.2006,33.4781,86.4376,3.3516,58.3599,10.5093
2041-02-02,17.8979,0.0008,51.2676,10.8990,571.1262,34.7932,86.7396,4.6555,60.3891,13.9473
2041-02-03,17.7258,0.0775,53.2449,12.6267,574.0209,36.0436,86.7879,5.1139,62.3064,15.2573
2041-02-04,18.0515,0.3625,57.2313,8.6089,576.9742,37.2071,86.8362,4.2054,64.0829,13.3242
2041-02-05,18.7111,0.0012,54.9189,5.2580,580.0461,38.4757,86.8845,3.5765,66.0057,11.9186
2041-02-06,15.5989,0.0982,67.2364,4.1037,582.5579,39.2529,85.7656,2.8817,67.1879,10.0933
2041-02-07,14.8248,4.2364,66.6678,11.4155,566.3957,28.0057,60.9050,0.7685,49.8493,1.9244
2041-02-08,10.5581,3.4126,75.5622,12.3218,555.5229,21.1090,51.0224,0.3446,38.5553,0.4830
2041-02-09,13.2626,19.0684,71.5764,16.5709,456.6046,9.3087,39.5888,0.0740,17.7145,0.0622
2041-02-10,6.7871,0.0796,52.2333,12.3895,457.5303,9.8438,62.3164,0.8718,18.6828,0.7573
2041-02-11,9.5611,0.0044,44.4197,8.5509,458.9553,10.6855,76.5419,1.2966,20.1956,1.6475
2041-02-12,11.7298,0.0000,41.7072,4.4498,460.7706,11.7479,83.1811,2.0681,22.0879,3.4854
2041-02-13,15.3653,0.0386,40.7147,7.6774,463.2404,13.1345,86.7651,3.9723,24.5303,7.2539
2041-02-14,18.0080,0.0271,47.0369,7.9261,466.1858,14.5721,87.3711,4.3848,27.0318,8.3840
2041-02-15,18.2294,0.2305,52.0399,4.7039,469.1711,15.8890,87.4195,3.7535,29.2975,7.6623
2041-02-16,16.2679,3.0077,63.1937,11.4998,464.0775,12.6478,68.5584,1.0667,23.6820,1.3437
2041-02-17,13.6492,2.3373,66.8268,12.2032,466.2383,10.7695,64.5393,0.9572,20.3631,0.8776
2041-02-18,14.3884,0.0091,50.6551,4.9959,468.5322,11.8551,77.5715,1.1701,22.2997,1.5213
2041-02-19,15.3069,0.1157,54.6885,7.6395,470.9915,12.9112,82.9369,2.3539,24.1662,4.2984
2041-02-20,15.4339,2.1457,75.4696,15.4836,473.4736,11.2650,69.0940,1.3262,21.2652,1.8229
2041-02-21,15.7892,10.9029,86.2337,21.6200,428.8882,5.6024,39.0409,0.0857,10.8505,0.0540
2041-02-22,18.7730,1.3263,64.4962,10.1190,431.9713,6.6047,62.6208,0.7896,12.7230,0.5448
2041-02-23,18.2787,0.2484,70.5977,6.4272,434.9655,7.4140,74.4427,1.0282,14.2220,0.7569
2041-02-24,21.3179,0.0332,59.5431,5.8964,438.5067,8.7024,82.3345,1.9988,16.5820,2.6738
2041-02-25,24.3446,0.0523,49.2480,8.5506,442.5927,10.5367,87.0465,4.3204,19.8897,6.9268
2041-02-26,17.6615,0.1169,68.3836,9.0475,445.4758,11.3793,85.7733,3.7009,21.3926,6.2594
2041-02-27,18.4076,1.2265,69.9670,10.8043,448.4932,12.2116,78.5629,1.7051,22.8666,2.8274
2041-02-28,16.2793,15.3388,86.0338,16.3964,387.2736,5.7235,36.8687,0.0421,11.0392,0.0268
2041-03-01,18.1733,1.7674,62.0644,13.8851,390.2488,6.0030,62.1191,0.9305,11.5614,0.6081
2041-03-02,15.8341,13.6184,75.6961,19.2843,343.5672,3.1237,44.7441,0.2088,6.1085,0.0983
2041-03-03,16.8681,5.4776,59.3078,17.0916,331.3651,2.3930,56.3684,0.7438,4.7011,0.3116
2041-03-04,15.3214,29.6524,80.3267,20.2798,240.4264,1.0327,36.7871,0.0503,2.0434,0.0157
2041-03-05,15.3626,8.3564,60.8816,16.8334,223.0522,1.0977,48.9866,0.3376,2.1688,0.1071
2041-03-06,15.5122,38.3922,80.1385,24.7394,132.1613,0.5624,37.2825,0.0700,1.1130,0.0188
2041-03-07,14.6640,12.9274,69.3457,27.0557,109.3971,0.8237,46.4417,0.3991,1.6170,0.1167
2041-03-08,15.4131,1.4805,61.4538,14.4741,111.8755,1.9087,65.1520,1.1003,3.6613,0.4169
2041-03-09,14.4163,31.7271,86.5343,19.4491,53.7221,0.5895,30.4558,0.0104,1.1475,0.0028
2041-03-10,14.6524,6.6374,63.5879,13.9193,46.6315,0.9777,45.2994,0.1737,1.8580,0.0527
2041-03-11,15.9466,1.2525,54.1262,11.2818,49.2059,2.3107,67.2197,1.0099,4.1359,0.4014
2041-03-12,20.2184,2.7284,55.2944,13.3492,52.5492,2.6247,71.2655,1.2781,4.6666,0.5338
2041-03-13,17.0585,2.9256,67.3703,8.8354,52.7320,2.1853,63.0000,0.7540,3.9603,0.2945
2041-03-14,15.5106,1.6772,60.3132,8.5886,55.2280,2.6962,68.4806,0.9189,4.8059,0.3886
2041-03-15,17.9812,0.0000,39.3999,9.7954,58.1686,4.6673,83.4885,2.8177,7.7749,2.3984
2041-03-16,20.4388,0.0000,33.7020,8.4137,61.5516,7.1014,88.9749,5.6551,11.0233,6.4234
2041-03-17,21.6636,0.0000,35.5478,12.7708,65.1550,9.6023,90.0850,8.2593,14.0340,10.1360
2041-03-18,21.9149,0.0602,50.2339,10.3708,68.8037,11.5547,89.4081,6.6417,16.2760,9.0856
2041-03-19,18.8622,0.3494,54.9443,12.2354,71.9029,13.0879,88.2504,6.1790,17.9895,9.0010
2041-03-20,19.6923,0.0000,41.6404,4.8968,75.1515,15.1563,88.6861,4.5444,20.1521,7.3088
2041-03-21,24.0242,0.0000,36.6613,5.8258,79.1799,17.8689,90.1493,5.8743,22.8475,9.8028
2041-03-22,26.8411,0.0000,33.7711,6.1133,83.7153,21.0232,91.3264,7.0502,25.8299,12.1549
2041-03-23,28.3157,0.0000,33.9674,7.7440,88.5161,24.3342,91.6963,8.0666,28.8443,14.3129
2041-03-24,27.3870,0.0000,36.6240,10.6923,93.1497,27.4117,91.7462,9.4251,31.5860,16.8762
2041-03-25,27.3697,0.0004,38.7897,9.3714,97.7803,30.3822,91.7961,8.8807,34.1988,16.8078
2041-03-26,27.8929,0.0001,39.6994,5.8315,102.5050,33.3624,91.8461,7.4827,36.7898,15.3381
2041-03-27,29.3572,0.0002,38.0511,6.5141,107.4933,36.5786,91.8960,7.7995,39.5291,16.4345
2041-03-28,25.5961,0.0057,48.0554,7.6988,111.8046,38.9424,90.5500,6.8366,41.6325,15.2868
2041-03-29,18.3192,0.6340,67.1165,13.6768,114.8061,40.0309,85.9887,4.8163,42.7747,11.7924
2041-03-30,17.3141,1.4907,78.3762,12.7128,117.6266,40.7096,74.3527,1.4049,43.6511,3.7881
2041-03-31,20.3027,0.0682,53.1210,6.0289,120.9851,42.4199,83.1237,2.2229,45.2105,6.2279
2041-04-01,19.9985,1.9436,61.6421,11.5164,125.5388,40.5223,75.8703,1.4404,44.8512,3.9791
2041-04-02,17.0668,1.2385,51.5305,13.7885,129.5649,42.6570,79.3624,2.1361,46.7966,6.1371
2041-04-03,17.7605,0.0789,46.5113,4.1506,133.7158,45.1028,84.9272,2.5716,48.9381,7.5036
2041-04-04,20.6128,0.1430,40.1635,5.4133,138.3801,48.2525,88.1814,4.3383,51.5590,12.0587
2041-04-05,19.9720,3.9408,55.5812,11.8823,137.4007,36.9474,70.3544,1.1515,44.1886,3.0242
2041-04-06,17.7271,5.8044,60.3522,16.7562,131.8188,24.3401,61.4810,1.0392,33.3057,1.9899
2041-04-07,17.2310,0.7968,50.9584,10.6723,135.8744,26.5195,77.1514,1.5077,35.6459,3.4950
2041-04-08,18.2027,0.0433,46.8069,6.9783,140.1049,29.0088,84.5736,2.8257,38.2291,6.9825
2041-04-09,17.4654,3.9514,58.8403,10.3989,138.6263,22.1560,65.9598,0.9241,31.6613,1.5063
2041-04-10,19.0699,0.0043,47.8837,4.0599,143.0129,24.7044,80.2633,1.4346,34.5068,3.2082
2041-04-11,22.9137,0.0034,41.0813,9.1080,148.0914,28.1345,87.6471,4.8411,38.1497,11.0997
2041-04-12,21.7059,0.0044,46.0417,13.7867,152.9524,31.1178,88.2420,6.6733,41.2533,14.9337
2041-04-13,20.4871,0.0267,48.3506,13.9074,157.5941,33.8208,88.2908,6.7612,44.0226,15.6170
2041-04-14,20.8583,0.0026,41.6861,12.1130,162.3026,36.9251,88.8806,6.7222,47.0752,16.1163
2041-04-15,20.4218,0.0000,36.3916,12.5749,166.9325,40.2439,89.7447,7.7889,50.2202,18.6096
2041-04-16,21.5276,0.0011,37.1645,15.4165,171.7615,43.6908,89.9420,9.2459,53.4143,21.7522
2041-04-17,23.6772,0.1184,36.0846,18.0434,176.9774,47.5301,90.4692,11.3815,56.8741,25.9841
2041-04-18,20.6499,0.4845,49.8683,15.0017,181.6484,50.1735,89.3554,8.3241,59.3583,21.3060
2041-04-19,23.5453,0.5318,37.9309,13.7866,186.8405,53.8820,89.9229,8.4935,62.6184,22.2216
2041-04-20,24.5850,0.6433,39.1977,8.6935,192.2198,57.6681,89.4392,6.1306,65.9053,18.0271
2041-04-21,24.4145,0.9362,46.6131,6.9888,197.5684,60.9703,86.6141,3.7555,68.8343,12.6997
2041-04-22,24.3566,0.0284,51.6384,14.4614,202.9066,63.9549,87.6290,6.3237,71.5386,19.2737
2041-04-23,19.7325,0.0011,37.6057,14.8275,207.4125,67.1061,89.2264,8.0999,74.1976,23.4621
2041-04-24,18.4208,0.0935,33.9379,12.3470,211.6822,70.2325,89.9109,7.8857,76.7796,23.4361
2041-04-25,19.3601,0.0015,28.1407,11.7758,216.1210,73.7969,91.1449,9.1391,79.6232,26.4664
2041-04-26,22.3939,0.0000,21.1818,6.6823,221.1059,78.2861,93.0780,9.2897,83.0549,27.3387
2041-04-27,25.2709,0.0022,20.3749,6.6581,226.6087,83.3766,93.9969,10.5453,86.8583,30.4849
2041-04-28,26.9828,0.0033,24.4561,8.1299,232.4196,88.5198,94.0476,11.4371,90.6893,32.8828
2041-04-29,20.6416,0.9427,45.0293,15.6328,237.0891,91.4172,87.2458,6.3510,93.0951,22.2310
2041-04-30,16.6647,3.0748,52.1445,17.5777,236.5033,70.4640,73.2491,1.7058,80.7679,7.1916
2041-05-01,18.0154,0.0440,36.3433,11.1471,242.1501,73.6675,85.5687,3.9980,83.6866,14.9143
2041-05-02,18.3594,5.4250,60.2242,13.9119,236.3675,48.6363,64.1968,1.0283,64.2311,3.6388
2041-05-03,20.8778,0.0301,44.5389,7.6865,242.5295,51.8452,82.0456,2.1114,67.5762,7.7479
2041-05-04,20.9774,0.0317,37.0898,9.1715,248.7094,55.5017,88.2467,5.2922,71.2521,16.8615
2041-05-05,17.6549,3.2653,57.7042,12.4488,249.0464,44.5961,70.4686,1.1893,61.6109,4.1383
2041-05-06,23.1714,0.0006,34.0323,7.7369,255.6213,48.8113,86.7246,3.9613,66.0783,12.9376
2041-05-07,25.5551,0.0003,26.5406,4.9754,262.6252,53.9663,91.7917,7.1117,71.3029,20.9473
2041-05-08,27.1186,0.0092,25.3305,6.9371,269.9106,59.5135,93.1354,9.4856,76.7305,26.6468
2041-05-09,28.6936,0.0035,22.6584,6.3724,277.4794,65.5799,94.0689,10.4987,82.4461,29.6061
2041-05-10,29.3610,0.0427,24.7674,6.8181,285.1684,71.6130,94.1196,10.8128,87.9868,31.2031
2041-05-11,29.6385,0.3873,26.1109,6.9229,292.9073,77.5924,94.1703,10.9466,93.3577,32.3875
2041-05-12,27.9742,0.0000,35.6817,9.9347,300.3467,82.5155,93.1249,11.0161,97.8347,33.2589
2041-05-13,27.6582,0.0001,33.0294,9.7921,307.7291,87.5859,93.1753,11.0146,102.3469,33.9578
2041-05-14,30.8364,0.0000,26.2732,5.7508,315.6837,93.7847,93.7013,9.6689,107.6308,31.8474
2041-05-15,31.9199,0.0013,27.3427,6.8274,323.8333,100.1008,93.7519,10.2800,112.9308,33.8721
2041-05-16,32.9734,0.0000,23.0969,7.7270,332.1725,106.9993,94.7304,12.3144,118.5391,38.8928
2041-05-17,34.2676,0.0000,20.7217,9.5209,340.7447,114.3809,95.4998,14.9754,124.3813,44.9112
2041-05-18,36.6046,0.0000,18.8365,8.0541,349.7375,122.4375,96.3064,15.5146,130.5854,46.7185
2041-05-19,35.4061,0.0000,22.6381,10.7897,358.5146,129.8726,96.3578,17.9316,136.3041,51.8785
2041-05-20,37.4153,0.0000,17.2040,8.0545,367.6533,138.2679,96.8140,16.6105,142.5291,50.1234
2041-05-21,38.2110,0.0000,15.5595,10.4073,376.9353,147.0069,97.2986,19.9517,148.8667,56.8393
2041-05-22,33.0145,0.0468,24.4700,15.6134,385.2819,153.7904,96.1581,22.2576,153.9514,61.2916
2041-05-23,26.3051,1.7260,45.2190,17.6269,392.4208,133.6862,86.2300,6.0800,144.3948,25.9980
2041-05-24,22.5087,3.2587,53.9785,14.0256,391.4133,90.6342,75.3211,1.5814,114.8075,8.3825
2041-05-25,23.3724,6.2158,58.9689,7.2787,378.1575,56.5702,62.8890,0.6934,82.3446,2.8132
2041-05-26,28.1948,0.1584,40.2635,7.9405,385.6366,61.1772,85.9893,3.6076,87.6089,14.1450
2041-05-27,31.0341,0.0000,24.1527,7.6421,393.6267,67.5938,93.4655,10.2923,94.5830,31.2742
2041-05-28,31.9036,0.0000,22.5612,7.4354,401.7734,74.3222,94.6404,11.9855,101.6398,35.7928
2041-05-29,32.8004,0.1504,24.5964,6.1853,410.0815,81.0519,94.6913,11.3328,108.4944,35.5129
2041-05-30,34.4918,0.0139,22.8053,5.9113,418.6940,88.2851,95.0980,11.8186,115.6210,37.4913
2041-05-31,35.4197,0.0000,18.6930,6.9394,427.4735,96.1023,96.1218,14.3062,123.0474,43.4496
2041-06-01,36.2671,0.0000,18.2714,6.9990,437.4056,104.1423,96.4008,14.8997,130.5674,45.5346
2041-06-02,35.5041,0.3026,17.4842,7.2125,447.2004,112.0941,96.4635,15.1885,137.8225,46.9058
2041-06-03,35.3144,2.4620,24.6146,14.5245,456.9610,94.3910,92.6513,12.9906,124.4930,41.0173
2041-06-04,26.1298,0.0996,43.2684,15.1435,465.0683,98.4579,91.3919,11.2166,128.7649,37.7491
2041-06-05,26.2176,0.2077,42.2092,12.6614,473.1915,102.6141,91.3674,9.8635,133.0803,35.0969
2041-06-06,28.7721,0.0027,33.0810,8.6792,481.7745,107.8768,91.9298,8.7402,138.3223,32.8122
2041-06-07,32.7367,0.0000,24.1950,5.9111,491.0711,114.6295,94.3042,10.5968,144.7737,37.7826
2041-06-08,35.6333,0.0000,20.9857,5.8281,500.8891,122.2707,95.6272,12.6501,151.8638,42.9276
2041-06-09,34.4433,3.4303,27.7784,10.5142,499.7774,88.3093,89.8318,7.1090,122.5035,27.3076
2041-06-10,32.1110,2.2326,37.2610,11.2056,508.9614,79.8984,87.8799,5.5631,114.7588,22.3873
2041-06-11,31.6933,0.2796,34.5761,11.7635,518.0702,85.5467,91.8481,10.0925,121.1011,34.4235
2041-06-12,28.0652,6.8489,55.3405,8.5125,495.9888,53.2323,71.5763,1.0126,83.9418,4.4423
2041-06-13,30.0256,1.1856,48.8872,7.4313,504.7974,57.4206,84.1303,2.7231,89.4141,11.4551
2041-06-14,28.1504,2.7694,56.4634,8.6136,513.2685,49.8112,78.0223,1.4568,80.1714,6.1781
2041-06-15,27.2303,1.3467,54.3220,12.4059,521.5739,53.2180,83.0876,3.0511,84.8040,12.1640
2041-06-16,26.1101,1.1279,52.3620,12.5560,529.6777,56.6306,84.6954,3.8053,89.3729,14.9065
2041-06-17,28.8263,2.6087,50.6244,9.0862,538.2705,50.6604,80.8420,1.9686,82.0217,8.2582
2041-06-18,28.4374,2.4120,53.9165,9.8276,546.7932,46.6348,80.0202,1.8699,76.8778,7.5651
2041-06-19,25.1997,4.2944,56.9104,14.3543,537.3940,35.4582,73.3819,1.4584,60.8748,5.0784
2041-06-20,23.3099,0.6574,57.6135,11.4437,544.9938,38.1821,82.7740,2.7928,64.9825,9.6324
2041-06-21,27.9873,0.0278,39.4144,8.0084,553.4355,42.8215,89.5062,5.9799,71.7618,18.5317
2041-06-22,32.1988,0.0000,27.0943,5.5883,562.6353,49.2128,93.3980,9.1935,80.7646,26.7555
2041-06-23,35.0127,0.0000,25.9552,6.7326,572.3416,56.2524,94.4644,11.2915,90.3136,32.5371
2041-06-24,35.5932,0.0000,24.1441,8.6470,582.1523,63.5801,94.9956,13.3766,99.8871,38.1569
2041-06-25,33.5615,0.1360,23.5458,12.6151,591.5974,70.5567,95.0466,16.4519,108.7025,45.2290
2041-06-26,29.0118,0.0657,26.5123,14.9258,600.2235,76.3824,94.8782,18.0618,115.8941,49.2311
2041-06-27,29.2162,0.0044,22.3594,11.8883,608.8864,82.5791,94.9291,15.6071,123.3391,45.9640
2041-06-28,31.3078,0.0000,17.7827,9.2897,617.9258,89.5937,95.6674,15.1433,131.5159,46.1174
2041-06-29,33.8326,0.0041,17.6403,7.2024,627.4197,97.1680,96.1315,14.5161,140.0950,45.8086
2041-06-30,32.2171,0.0255,22.3108,15.4086,636.6228,103.9823,96.1829,22.1029,147.6669,60.3928
2041-07-01,28.2714,0.0073,30.7138,12.7158,645.4156,108.7617,94.3258,14.9755,153.0469,47.8795
2041-07-02,29.3689,0.0364,28.6363,11.6714,654.4060,113.8684,94.3766,14.3077,158.7008,46.9334
2041-07-03,29.1819,0.0001,34.8227,11.7582,663.3628,118.5037,93.4373,12.6150,163.8373,43.6395
2041-07-04,31.8577,0.0000,29.7784,8.7188,672.8012,123.9390,93.4878,10.9001,169.7175,40.0256
2041-07-05,34.2680,0.0000,23.3675,6.9651,682.6734,130.3044,94.8661,12.0734,176.4227,43.0661
2041-07-06,36.2401,0.0000,21.7145,5.3509,692.9006,137.1697,95.6109,12.3221,183.5155,43.9267
2041-07-07,37.2635,0.0000,20.5055,6.6057,703.3121,144.3321,96.0691,13.9678,190.7837,47.8417
2041-07-08,37.2440,0.0035,23.0458,9.8990,713.7200,151.2621,96.1204,16.6041,197.7493,53.5584
2041-07-09,35.9577,0.0000,21.0681,12.2919,723.8963,158.1317,96.1718,18.8623,204.5538,58.1714
2041-07-10,35.3120,0.0000,18.8158,13.5091,733.9565,165.0742,96.2232,20.1951,211.3254,60.8556
2041-07-11,35.3789,0.0000,15.8995,12.8516,744.0287,172.2793,96.7754,21.0432,218.2307,62.5813
2041-07-12,37.6909,0.0000,14.3294,9.4810,754.5171,180.0842,97.4728,19.4881,225.5723,59.8792
2041-07-13,40.5485,0.0001,14.0484,6.8353,765.5198,188.4914,97.9750,18.2289,233.3440,57.6148
2041-07-14,37.0179,0.0000,25.3657,15.0951,775.8870,195.1729,96.6345,23.1207,239.6420,66.6891
2041-07-15,29.2362,1.2686,48.2434,17.9458,784.8535,198.8603,87.9268,7.8657,243.4878,33.7987
2041-07-16,31.1604,0.4245,44.7815,9.4869,794.1664,203.0440,89.9343,6.8502,247.7395,30.8468
2041-07-17,33.1082,3.0922,42.2780,6.9182,785.6632,111.2757,84.5099,2.7929,164.3559,15.3512
2041-07-18,35.8464,0.9083,28.7277,8.5544,795.8196,117.4600,92.8715,9.9176,171.6009,37.7273
2041-07-19,37.0441,0.0749,21.0525,8.4627,806.1915,124.5325,95.7947,14.7784,179.6778,49.1107
2041-07-20,38.6467,0.0000,19.7152,6.2544,816.8519,132.0268,96.4630,14.4717,188.0628,48.8192
2041-07-21,40.0342,0.0000,17.0756,7.6943,827.7621,140.0378,97.2558,17.3034,196.8287,54.9127
2041-07-22,40.4263,0.0000,16.3758,10.4204,838.7428,148.1935,97.4855,20.4674,205.5797,61.1831
2041-07-23,36.4049,1.0304,28.9093,12.5655,848.9997,154.4553,93.6470,13.5281,212.3366,47.4881
2041-07-24,32.1313,0.0293,44.7282,13.6763,858.4873,158.7691,92.1042,11.5236,217.1422,42.9782
2041-07-25,33.2797,0.0000,35.4283,11.7329,868.1817,163.9827,92.2962,10.7356,222.7721,41.1594
2041-07-26,33.7811,0.0000,30.7421,10.4667,877.9663,169.6564,93.2650,11.5392,228.7870,43.2015
2041-07-27,33.0721,0.0000,31.3682,12.3200,887.6232,175.1644,93.3154,12.7583,234.5922,46.1343
2041-07-28,29.3272,0.0021,38.4856,15.3155,896.6061,179.5603,92.6798,13.5732,239.3074,48.0348
2041-07-29,28.8091,0.0041,34.4550,14.3919,905.4958,184.1644,92.7301,13.0477,244.1749,46.9074
2041-07-30,29.9097,0.0120,33.4434,11.9888,914.5835,189.0116,92.7803,11.6415,249.2471,43.6771
2041-07-31,32.9308,0.0122,34.7972,10.2072,924.2151,194.2228,92.8306,10.7173,254.6563,41.4649
2041-08-01,36.0470,0.0500,28.9900,7.0086,933.7075,199.6684,94.0066,10.7476,260.2201,41.5796
2041-08-02,37.6779,0.0008,21.5642,7.1275,943.4936,205.9477,95.8428,13.9073,266.4773,49.0248
2041-08-03,39.0423,0.0000,20.3504,7.0785,953.5252,212.5484,96.4004,14.9586,272.9756,51.3551
2041-08-04,37.5460,0.0150,30.2064,9.8582,963.2875,218.1168,95.6943,15.6404,278.5523,52.8328
2041-08-05,34.9456,1.6931,40.4032,11.6905,972.5817,163.1862,89.8026,7.5115,229.9261,32.6528
2041-08-06,35.4616,0.0573,39.2184,10.8888,981.9688,167.7740,91.8179,9.6161,235.1197,38.4829
2041-08-07,37.1947,0.0341,32.8671,9.3960,991.6678,173.0813,93.4098,11.1564,241.0035,42.4248
2041-08-08,37.2636,0.6648,33.0162,8.1017,1001.3793,178.3865,93.2230,10.1829,246.8416,40.0567
2041-08-09,38.0330,0.0000,33.9256,7.7192,1011.2292,183.7245,93.4202,10.2673,252.6793,40.3191
2041-08-10,36.6080,0.0000,36.3548,12.8497,1020.8226,188.6791,93.4707,13.3904,258.0975,47.8101
2041-08-11,35.5260,0.0000,29.0482,13.9332,1030.2213,194.0440,93.9590,15.1352,263.8476,51.6716
2041-08-12,32.0860,0.0000,28.1402,14.6185,1039.0008,198.9672,94.0097,15.7773,269.1025,53.0627
2041-08-13,30.4946,0.0000,29.0860,14.0966,1047.4938,203.5926,94.0604,15.4761,274.0319,52.4615
2041-08-14,32.2615,0.0000,27.2439,10.2410,1056.3049,208.6036,94.1111,12.8331,279.3092,46.6733
2041-08-15,31.4310,0.0000,30.9902,14.6879,1064.9665,213.2382,94.1618,16.1695,284.2087,53.9643
2041-08-16,26.4401,2.5853,40.6195,16.5553,1072.7297,120.8401,84.6029,4.5966,188.5742,22.7739
2041-08-17,28.3281,0.0019,31.1913,10.4131,1080.8328,125.0204,91.4304,8.8862,193.9540,35.8439
2041-08-18,31.9037,0.0000,21.4908,6.1681,1089.5794,130.3696,94.6639,11.2804,200.7032,42.0412
2041-08-19,34.3859,0.0000,22.4974,7.6791,1098.7729,136.0474,95.1448,13.0027,207.7783,46.2111
2041-08-20,34.2731,0.0000,22.5303,10.9255,1107.9461,141.7047,95.1959,15.4209,214.7454,51.6094
2041-08-21,34.7814,0.0000,25.4224,7.7987,1117.2107,147.2291,95.2469,13.2652,221.4876,47.0833
2041-08-22,33.1002,0.0036,28.8242,12.9570,1126.1728,152.2545,95.1094,16.8824,227.5867,54.8579
2041-08-23,32.6364,0.0045,23.1965,9.7581,1135.0513,157.6036,95.1604,14.4697,233.9845,49.9332
2041-08-24,34.7619,0.0000,18.7686,7.8554,1144.3124,163.6176,96.0082,14.7537,241.0647,50.6378
2041-08-25,33.6803,0.0000,25.8297,12.7709,1153.3789,168.9433,95.8182,18.4201,247.3199,58.1805
2041-08-26,31.3113,0.0000,22.7756,11.2258,1162.0189,174.1105,95.8694,17.1592,253.3279,55.7610
2041-08-27,33.3629,0.0000,17.8092,8.4757,1171.0283,179.9582,96.0393,15.2864,260.0198,51.9631
2041-08-28,32.0047,0.0000,23.6849,11.6211,1179.7931,185.1738,95.9492,17.6947,265.9805,56.9390
2041-08-29,30.9861,0.0116,33.7758,11.7865,1188.3746,189.5605,94.0991,13.8496,271.0367,48.9255
2041-08-30,32.0211,0.0404,29.7239,7.5088,1197.1424,194.3658,94.1499,11.2427,276.5011,42.8918
2041-08-31,33.4789,0.1982,28.7877,9.8761,1206.1726,199.4494,94.2006,12.7563,282.2278,46.5096
2041-09-01,31.3696,0.0002,35.1121,9.7093,1213.5232,203.2004,93.6704,11.7528,286.4769,44.1683
2041-09-02,32.0535,0.0000,32.5163,8.3041,1220.9968,207.1837,93.7210,11.0266,290.9454,42.4192
2041-09-03,31.3275,0.0027,36.7431,9.6605,1228.3397,210.8357,93.3259,11.1744,295.0593,42.7960
2041-09-04,29.7115,0.0024,39.1818,13.4453,1235.3918,214.1719,92.6310,12.2679,298.8287,45.4328
2041-09-05,29.4015,0.0694,33.1709,9.8282,1242.3881,217.8009,92.6812,10.2963,302.8650,40.6234
2041-09-06,30.7183,0.0171,24.9630,6.8690,1249.6214,222.0516,93.8917,10.5036,307.5001,41.1598
2041-09-07,33.3250,0.0000,24.3982,4.2442,1257.3239,226.6852,94.5239,10.0427,312.5120,39.9952
2041-09-08,35.2177,0.0000,24.6518,9.2955,1265.3671,231.5571,94.8356,13.5210,317.7478,48.3617
2041-09-09,35.1298,0.0000,19.1487,11.1189,1273.3944,236.7722,95.9790,17.3223,323.2728,56.4398
2041-09-10,35.1669,0.0003,19.5981,10.1981,1281.4285,241.9636,96.0303,16.6522,328.7418,55.0927
2041-09-11,34.8510,0.0334,23.0185,9.2506,1289.4056,246.8908,96.0817,15.9864,333.9316,53.7269
2041-09-12,35.3604,0.0000,21.2227,7.5484,1297.4745,252.0044,96.1331,14.7746,339.2703,51.1621
2041-09-13,36.1248,0.0000,18.8748,8.4792,1305.6810,257.3809,96.2542,15.7394,344.8275,53.2247
2041-09-14,35.6223,0.0000,18.4695,7.9946,1313.7970,262.7113,96.3056,15.4666,350.3031,52.6556
2041-09-15,35.2736,0.0000,19.1159,6.1111,1321.8502,267.9492,96.3570,14.1640,355.6606,49.8466
2041-09-16,35.6580,0.0000,22.4897,6.2548,1329.9727,273.0216,96.4085,14.3662,360.8512,50.2952
2041-09-17,36.5029,0.0000,19.2347,5.7118,1338.2472,278.4286,96.4600,14.0756,366.3205,49.6595
2041-09-18,35.9458,0.0000,19.2120,7.5105,1346.4214,283.7570,96.5115,15.5181,371.6839,52.7821
2041-09-19,34.9241,0.0225,19.5379,5.8949,1354.4118,288.9175,96.5630,14.4042,376.8596,50.3891
2041-09-20,35.3498,0.0000,22.6411,5.7916,1362.4787,293.9376,96.6145,14.4290,381.9000,50.4458
2041-09-21,33.8922,0.0000,27.5691,12.2417,1370.2833,298.4500,95.6483,17.5264,386.4670,56.9171
2041-09-22,29.2911,3.9121,53.1126,12.4799,1272.5815,105.9458,79.7186,2.0720,175.3878,12.3603
2041-09-23,27.2634,0.3482,64.6433,10.0413,1279.1929,107.7312,84.6944,3.3519,177.9879,17.9320
2041-09-24,28.4841,0.1878,50.5889,11.1077,1286.0240,110.3337,88.1300,5.7377,181.6961,26.4221
2041-09-25,29.4250,0.0000,36.1903,5.5825,1293.0245,113.8015,91.0419,6.5918,186.5553,29.1872
2041-09-26,30.2370,0.0000,35.9531,4.9578,1300.1712,117.3747,91.6039,6.9187,191.5242,30.2843
2041-09-27,31.5744,0.1222,35.5832,5.2117,1307.5585,121.1220,91.9448,7.3546,196.6936,31.6753
2041-09-28,31.2338,0.0174,40.8753,8.4549,1314.8846,124.5255,91.9948,8.7218,201.3736,35.5820
2041-09-29,31.2189,0.1065,40.6494,5.9367,1322.2080,127.9405,92.0448,7.7369,206.0389,32.9582
2041-09-30,30.3395,0.0000,41.7957,13.9012,1329.3732,131.1985,92.0949,11.6395,210.4681,43.1236
2041-10-01,30.5072,0.0000,42.9478,18.2963,1335.5685,133.9308,91.9789,14.2889,214.1693,49.1928
2041-10-02,30.1659,0.0000,44.7611,15.7763,1341.7023,136.5476,91.6261,11.9715,217.7047,44.0486
2041-10-03,29.8262,0.0003,41.1202,10.2839,1347.7750,139.3067,91.6760,9.1417,221.4027,37.0625
2041-10-04,30.5293,0.0009,36.3908,9.4082,1353.9743,142.3552,91.7259,8.8092,225.4512,36.2284
2041-10-05,29.6043,0.0000,37.3615,12.4831,1360.0071,145.2693,91.7758,10.3586,229.3054,40.3126
2041-10-06,30.4038,0.0000,31.4590,11.9064,1366.1838,148.5411,92.5361,11.2020,233.5887,42.4515
2041-10-07,31.8912,0.0000,24.0716,10.9930,1372.6282,152.3366,94.2793,13.6424,238.5003,48.1790
2041-10-08,32.5252,0.0005,23.1072,6.3903,1379.1867,156.2542,94.6945,11.4555,243.5315,43.1760
2041-10-09,30.0614,0.0060,38.1988,7.3370,1385.3018,159.1722,93.1154,9.6517,247.3055,38.6932
2041-10-10,29.4019,0.0015,36.7230,6.2658,1391.2981,162.0967,92.9636,8.9522,251.0657,36.8690
2041-10-11,29.0181,0.0162,40.2440,8.0693,1397.2254,164.8236,92.3411,8.9826,254.5711,36.9758
2041-10-12,27.7152,0.0000,40.1417,8.5432,1402.9181,167.4371,92.0634,8.8460,257.9183,36.6285
2041-10-13,28.3638,0.0001,35.5848,5.2835,1408.7276,170.3128,92.1134,7.5593,261.5678,33.0361
2041-10-14,25.8873,0.0008,34.3797,11.0966,1414.0913,172.9961,92.1635,10.2039,264.9569,40.2403
2041-10-15,26.1690,0.0000,41.2115,6.2065,1419.5057,175.4251,91.6817,7.4498,268.0385,32.7480
2041-10-16,26.0062,0.0001,40.4719,10.5045,1424.8908,177.8700,91.6497,9.2095,271.1275,37.6794
2041-10-17,24.5696,3.6513,46.3732,12.4899,1323.4316,97.9274,78.1595,1.7918,165.2800,10.8261
2041-10-18,18.0950,13.7302,72.5291,17.8070,983.4639,48.2501,51.0993,0.4584,85.9572,1.5436
2041-10-19,16.2706,18.6587,80.2150,16.2497,748.0417,20.8260,36.6338,0.0397,38.9416,0.0560
2041-10-20,20.3364,3.3450,63.5801,12.0299,733.6131,16.3746,57.7691,0.6437,31.0183,0.7774
2041-10-21,19.3207,0.2320,61.6055,8.6380,737.7948,17.5626,75.6186,1.2268,33.1522,2.5327
2041-10-22,19.3342,0.1792,56.6150,7.4533,741.9789,18.9059,82.8900,2.3180,35.5473,5.5162
2041-10-23,21.1533,0.6654,62.2242,7.3855,746.4905,20.1796,83.5320,2.5098,37.8043,6.2062
2041-10-24,21.3111,0.0862,55.8642,5.4631,751.0305,21.6783,85.7163,3.0648,40.4385,7.7844
2041-10-25,22.5559,0.0000,50.9596,5.1893,755.7946,23.4361,87.1592,3.7062,43.5000,9.5942
2041-10-26,23.1459,0.0106,53.6053,4.7703,760.6648,25.1405,87.2657,3.6843,46.4435,9.9248
2041-10-27,25.3657,0.0004,49.8459,4.9544,765.9347,27.1517,88.0852,4.1811,49.8827,11.4848
2041-10-28,26.5462,0.0000,49.9926,7.6435,771.4170,29.2465,88.4129,5.0182,53.4290,13.8038
2041-10-29,26.2009,0.0000,47.9406,9.1451,776.8371,31.4000,88.7252,5.6609,57.0365,15.7002
2041-10-30,25.1439,0.0000,48.3472,6.0553,782.0670,33.4540,88.7742,4.8788,60.4440,14.4698
2041-10-31,24.7235,0.0309,49.1015,4.3979,787.2213,35.4455,88.8231,4.5195,63.7186,14.0490
2041-11-01,23.2757,0.0015,58.1316,5.8839,791.1149,36.7986,88.2536,4.4887,65.9304,14.2466
2041-11-02,20.7455,0.0271,62.5258,6.1354,794.5531,37.8840,87.2320,3.9277,67.6984,13.0317
2041-11-03,22.7002,0.0045,50.8172,5.4056,798.3431,39.4359,87.5904,3.9847,70.2023,13.4584
2041-11-04,23.1556,0.0613,47.5040,7.5517,802.2151,41.1241,88.1967,4.8425,72.9048,15.9734
2041-11-05,20.7080,0.4681,58.2975,8.1170,805.6466,42.3298,87.7715,4.6880,74.8304,15.8142
2041-11-06,21.9749,0.3003,58.6512,5.5298,809.3061,43.5948,87.7923,4.1273,76.8415,14.5640
2041-11-07,18.7918,0.0894,59.0217,8.6007,812.3926,44.6755,87.3527,4.5245,78.5516,15.8184
2041-11-08,19.2459,0.1056,72.7879,8.6934,815.5608,45.4095,85.3240,3.4150,79.7220,12.8322
2041-11-09,19.9486,0.0529,67.7147,5.0982,818.8556,46.3105,85.3718,2.8681,81.1477,11.2680
2041-11-10,20.1967,0.3606,59.9938,8.3461,822.1950,47.4401,85.6293,3.5012,82.9192,13.3850
2041-11-11,18.8032,3.3691,63.7584,14.2526,802.4779,37.0035,69.1773,1.2498,66.3574,4.6220
2041-11-12,16.6403,1.3162,60.3831,9.2466,805.1772,37.9353,73.8026,1.1490,67.8758,4.3029
2041-11-13,20.0289,9.5910,83.7838,15.0254,720.3636,19.5024,44.6051,0.1649,36.5322,0.2226
2041-11-14,21.3761,2.2480,73.8018,9.7411,723.9153,17.2108,58.5107,0.6055,32.4905,0.7545
2041-11-15,18.2664,0.0943,62.9386,8.9639,726.9072,18.1624,75.1891,1.2161,34.1892,2.5756
2041-11-16,17.0877,0.0001,49.7757,7.8092,729.6870,19.3735,83.2790,2.4808,36.3351,5.9795
2041-11-17,19.3325,0.0294,47.2231,11.8070,732.8709,20.8032,86.7246,4.8631,38.8494,11.2559
2041-11-18,20.7483,0.2256,57.7642,7.0228,736.3096,22.0266,86.7729,3.8476,40.9878,9.5600
2041-11-19,18.9253,0.1728,73.7214,4.5755,739.4201,22.7243,85.0972,2.6894,42.2058,7.1085
2041-11-20,19.7578,0.1764,67.1114,3.3175,742.6805,23.6337,85.1450,2.5409,43.7842,6.9091
2041-11-21,21.5204,0.0090,63.0339,5.0006,746.2582,24.7424,85.3335,2.8389,45.6970,7.8487
2041-11-22,19.5323,0.0123,71.6422,4.8321,749.4780,25.5181,85.1373,2.7395,47.0327,7.7430
2041-11-23,20.3247,0.0090,67.4765,3.7084,752.8404,26.4419,85.1851,2.6058,48.6150,7.5612
2041-11-24,20.8264,0.0086,65.6242,6.8614,756.2932,27.4412,85.2328,3.0748,50.3181,8.9341
2041-11-25,17.2790,0.2942,59.8351,11.2013,759.1074,28.4199,85.2806,3.8518,51.9751,11.0025
2041-11-26,15.0005,0.0010,52.6877,7.3500,761.5115,29.4298,85.8513,3.4347,53.6739,10.2018
2041-11-27,14.9704,0.0000,52.8278,5.4671,763.9102,30.4349,86.0223,3.1996,55.3562,9.7944
2041-11-28,15.2290,0.0000,45.5147,8.8616,766.3554,31.6144,86.9980,4.3584,57.3176,12.8584
2041-11-29,15.3743,0.0000,42.9298,10.0068,768.8268,32.8609,87.6452,5.0640,59.3772,14.7436
2041-11-30,14.6456,0.0015,48.9243,12.5284,771.1670,33.9272,87.6938,5.7902,61.1308,16.5864
2041-12-01,14.5384,0.0000,43.9157,12.6458,773.4879,34.9239,87.7424,5.8653,62.7632,16.9889
2041-12-02,14.4632,0.0000,49.0943,13.1900,775.7953,35.8242,87.7910,6.0704,64.2331,17.6493
2041-12-03,15.7533,0.0003,49.8440,10.3268,778.3348,36.7848,87.8396,5.2916,65.7957,16.1366
2041-12-04,15.8930,0.0215,53.9421,9.2126,780.8996,37.6742,87.6686,4.8816,67.2386,15.3632
2041-12-05,16.2118,0.0001,53.5632,7.9582,783.5217,38.5878,87.7023,4.6048,68.7151,14.8724
2041-12-06,16.4525,0.0958,53.5182,8.0723,786.1872,39.5149,87.7456,4.6601,70.2079,15.1910
2041-12-07,16.7831,0.0000,52.2563,7.9526,788.9121,40.4852,87.7942,4.6644,71.7635,15.3894
2041-12-08,15.6839,0.0001,54.6370,6.6971,791.4392,41.3504,87.5571,4.2325,73.1466,14.4392
2041-12-09,16.0114,0.0436,54.7635,7.0449,794.0253,42.2300,87.5048,4.2752,74.5480,14.7088
2041-12-10,16.3267,0.0226,52.5690,5.7121,796.6681,43.1693,87.5533,4.0253,76.0380,14.2001
2041-12-11,16.2171,0.0814,53.0749,4.4679,799.2912,44.0928,87.6018,3.8071,77.4977,13.7474
2041-12-12,17.3321,0.0435,53.9982,7.9799,802.1149,45.0564,87.6504,4.5757,79.0164,16.0064
2041-12-13,17.5991,0.2377,60.3789,10.0887,804.9868,45.8983,86.9961,4.6352,80.3440,16.3047
2041-12-14,15.7509,1.6873,84.4787,4.8899,807.5259,43.7595,68.7612,0.7695,77.0771,3.0197
2041-12-15,18.1819,0.0341,68.3263,7.3929,810.5027,44.4535,77.9210,1.3583,78.1864,5.6776
2041-12-16,17.3205,0.0019,60.8007,5.4114,813.3244,45.2741,82.4232,1.9721,79.4865,8.1079
2041-12-17,17.4279,0.0379,59.8666,3.8223,816.1654,46.1191,84.2003,2.2917,80.8208,9.3267
2041-12-18,15.0227,0.1204,82.0865,6.4170,818.5735,46.4473,82.5725,2.1136,81.3542,8.7387
2041-12-19,16.3966,1.4746,73.1718,10.5790,821.2288,46.9807,74.1454,1.2489,82.2046,5.4188
2041-12-20,14.2244,9.5732,76.5561,9.2815,732.3249,24.7963,42.0917,0.0813,45.7223,0.1283
2041-12-21,13.4316,0.0193,52.3388,7.0349,734.4466,25.5834,66.3284,0.7905,47.0679,1.8842
2041-12-22,13.1020,0.0028,44.6900,4.4854,736.5090,26.4760,78.7705,1.2637,48.5857,3.6604
2041-12-23,14.4170,0.0059,44.5785,6.5105,738.8080,27.4533,84.4949,2.7305,50.2395,8.0484
2041-12-24,15.7784,0.0003,49.5413,10.8532,741.3521,28.4211,86.1315,4.2622,51.8708,11.9299
2041-12-25,15.5114,0.0080,58.1794,8.7459,743.8482,29.2106,86.1796,3.8589,53.1985,11.1701
2041-12-26,13.7461,0.1203,62.7230,9.3801,746.0265,29.8395,85.8886,3.8246,54.2539,11.2173
2041-12-27,14.1900,0.0073,57.8277,8.1750,748.2847,30.5723,85.9366,3.6236,55.4779,10.8746
2041-12-28,14.8337,0.0000,58.0641,6.1435,750.6587,31.3316,85.9846,3.2931,56.7423,10.1840
2041-12-29,15.2400,0.0000,52.9961,8.0686,753.1059,32.2044,86.0821,3.6786,58.1882,11.3230
2041-12-30,14.8011,0.0000,50.5541,8.7301,755.4741,33.0979,86.3483,3.9486,59.6612,12.1647
2041-12-31,13.9963,0.0000,54.8227,9.2107,757.6975,33.8729,86.3964,4.0730,60.9355,12.6222
2042-01-01,15.1776,0.0000,54.1154,6.7370,760.1334,34.7924,86.4446,3.6203,62.4399,11.6499
2042-01-02,13.7628,0.0007,53.6525,8.9190,762.3147,35.6405,86.4928,4.0686,63.8213,12.9517
2042-01-03,11.8678,0.0579,53.8840,7.9947,764.1549,36.3767,86.5410,3.9101,65.0159,12.6856
2042-01-04,10.4502,0.0549,54.9416,8.4160,765.7399,37.0174,86.5477,3.9977,66.0521,13.0283
2042-01-05,11.0807,0.0000,48.9747,5.6812,767.4385,37.7825,86.5959,3.5070,67.2838,11.8649
2042-01-06,12.1323,0.1221,47.5740,6.3284,769.3263,38.6366,86.6441,3.6481,68.6535,12.3911
2042-01-07,12.3074,0.1378,58.1931,5.2807,771.2456,39.3266,86.4298,3.3571,69.7604,11.7016
2042-01-08,13.2343,0.0190,54.0904,3.7901,773.3318,40.1368,86.4780,3.1354,71.0541,11.1929
2042-01-09,13.7072,0.1320,64.5565,5.4207,775.5031,40.7829,85.7799,3.0856,72.0882,11.1436
2042-01-10,15.4985,0.0257,63.3210,5.2090,777.9968,41.5324,85.8279,3.0734,73.2844,11.2179
2042-01-11,15.8331,0.0000,56.2066,3.7975,780.5508,42.4454,85.8759,2.8817,74.7312,10.7681
2042-01-12,14.1321,4.5881,67.5046,7.3474,749.0940,29.3503,56.8244,0.4725,53.4636,0.8340
2042-01-13,11.2655,12.9114,78.3412,12.8514,645.1251,13.2967,34.6648,0.0215,25.2903,0.0226
2042-01-14,11.5315,0.0076,53.6999,8.4385,646.9048,14.0167,60.8774,0.6604,26.5930,0.7196
2042-01-15,11.9008,18.4473,78.8385,14.5041,529.2378,6.3359,34.4851,0.0224,12.3036,0.0152
2042-01-16,10.4376,8.2137,76.7307,12.3273,491.7839,3.1721,32.6552,0.0129,6.2436,0.0061
2042-01-17,15.4349,16.0931,75.1611,15.0701,420.2060,1.4320,36.2781,0.0346,2.8398,0.0120
2042-01-18,15.6543,7.8869,77.0425,10.8609,394.0832,0.5408,37.1063,0.0335,1.0778,0.0089
2042-01-19,17.1477,25.4807,86.2664,20.5508,303.7875,0.3085,29.4710,0.0084,0.6155,0.0020
2042-01-20,17.2586,22.3272,86.9613,13.5849,239.8681,0.2947,24.5350,0.0013,0.5876,0.0003
2042-01-21,17.3924,3.7116,78.4786,9.2602,236.2626,0.4900,38.8614,0.0444,0.9749,0.0116
2042-01-22,17.7747,3.2849,76.6635,7.7497,234.0238,0.5423,46.0363,0.1422,1.0783,0.0379
2042-01-23,15.2629,4.5337,64.9693,10.8545,227.7616,0.7057,50.9420,0.3171,1.4005,0.0895
2042-01-24,15.3597,0.0596,49.5993,5.3287,230.2303,1.7270,72.0552,0.8775,3.3903,0.3230
2042-01-25,16.0858,0.2180,70.1904,6.9514,232.8297,2.3577,78.3856,1.3823,4.5989,0.5738
2042-01-26,17.7483,0.1390,72.6850,3.5344,235.7284,2.9915,80.8436,1.4885,5.7990,0.6839
2042-01-27,18.8499,0.1971,63.6946,5.5718,238.8254,3.8832,83.4160,2.2561,7.4629,1.6113
2042-01-28,16.7373,0.0426,59.3702,5.4528,241.5421,4.7754,84.6037,2.6273,9.1009,2.4365
2042-01-29,18.1144,0.0004,49.2784,6.3289,244.5067,5.9752,86.4447,3.5466,11.2623,4.0570
2042-01-30,17.7030,0.0039,54.7709,10.8186,247.3973,7.0222,86.4929,4.4774,13.1138,5.6435
2042-01-31,18.2436,0.0011,57.9154,9.4385,250.3851,8.0244,86.5411,4.2052,14.8583,5.7019
2042-02-01,18.9555,0.0367,55.4810,9.2638,253.5011,9.2926,86.5893,4.1969,17.0251,6.1594
2042-02-02,17.5806,0.1785,60.6936,7.6223,256.3696,10.3357,86.6375,3.8902,18.7787,6.0700
2042-02-03,15.3599,0.0285,66.6573,9.0941,258.8384,11.1153,85.6803,3.6617,20.0753,5.9623
2042-02-04,16.2837,0.0793,59.7641,10.7785,261.4735,12.1088,85.7282,4.0128,21.7048,6.8102
2042-02-05,16.6679,0.1690,61.9921,8.4443,264.1777,13.0681,85.7762,3.5915,23.2598,6.4014
2042-02-06,17.4209,0.0442,59.2260,5.8633,267.0175,14.1409,85.8241,3.1747,24.9751,5.9490
2042-02-07,15.5174,3.6178,64.7720,9.0968,262.9199,10.4089,63.4344,0.7798,18.9429,0.6832
2042-02-08,14.2857,2.9296,72.0405,7.9148,260.8074,7.9328,56.2336,0.4632,14.7445,0.3483
2042-02-09,15.6963,0.2037,58.1751,3.9719,263.3367,8.9307,72.2580,0.8258,16.4655,0.6637
2042-02-10,11.6224,8.4471,86.9947,6.6505,243.8779,4.5230,32.2325,0.0087,8.6451,0.0049
2042-02-11,15.3889,0.6182,62.0533,6.7100,246.3519,5.4118,58.3257,0.5129,10.2601,0.3137
2042-02-12,15.9401,0.2403,57.2778,5.2579,248.9251,6.4459,74.1532,0.9555,12.1079,0.6409
2042-02-13,17.1636,0.2736,56.1679,9.2624,251.7186,7.5830,82.1022,2.3017,14.1039,2.8332
2042-02-14,18.3709,0.1353,57.5632,9.4338,254.7294,8.7568,84.7346,3.2687,16.1275,4.6489
2042-02-15,17.9009,0.6485,61.3967,11.2168,257.6555,9.7987,83.9217,3.2049,17.8959,4.8648
2042-02-16,17.1927,6.3996,74.5643,9.0563,245.5830,5.8041,51.9627,0.3249,10.9605,0.2061
2042-02-17,17.3980,0.8550,69.2774,5.1227,248.4187,6.6113,65.9552,0.7082,12.3978,0.4815
2042-02-18,18.9582,0.2672,63.7222,6.1591,251.5351,7.6450,77.6829,1.2518,14.2102,0.9211
2042-02-19,19.2519,0.2237,62.2743,9.0872,254.7045,8.7356,82.8132,2.4925,16.0915,3.4413
2042-02-20,21.6308,0.2957,56.6798,10.3882,258.3020,10.1344,85.6176,3.8744,18.4583,5.9846
2042-02-21,21.1062,5.5300,60.3322,12.8736,249.5300,6.8458,66.1298,1.0533,12.8127,0.7297
2042-02-22,19.2400,3.2546,66.5340,12.5999,247.4737,5.1937,64.0973,0.9584,9.8696,0.5741
2042-02-23,17.2335,19.2564,76.8342,19.0680,199.8313,2.5271,43.9587,0.1823,4.8993,0.0777
2042-02-24,17.3465,3.8920,61.5413,11.7005,196.3480,1.9282,56.0025,0.5497,3.7641,0.2105
2042-02-25,18.7986,0.2277,53.5300,8.3068,199.4358,3.2418,76.4460,1.2724,6.2303,0.6044
2042-02-26,21.2040,0.2556,55.8878,9.7150,202.9565,4.6394,83.9392,2.9782,8.7771,2.8118
2042-02-27,24.2201,1.0648,54.4807,10.4409,207.0201,6.2766,83.8449,3.0508,11.6687,3.4997
2042-02-28,19.0005,1.6763,62.7389,12.8381,210.1442,6.5312,77.1247,1.6782,12.1206,1.4915
2042-03-01,18.0331,0.0105,54.7350,4.5890,213.0942,8.0075,83.0519,2.0484,14.6396,2.4972
2042-03-02,21.9316,0.0356,45.5027,10.2738,216.7458,10.1470,87.3705,4.9350,18.1677,7.4263
2042-03-03,23.1775,0.4711,49.9879,6.3766,220.6218,12.2167,87.8015,4.3128,21.4622,7.2277
2042-03-04,24.6950,0.0949,50.7378,6.7366,224.7709,14.3827,87.9977,4.5169,24.7984,8.1878
2042-03-05,23.0339,0.1056,55.3099,9.4284,228.6210,16.2212,88.0464,5.2094,27.5548,9.8235
2042-03-06,19.4307,0.1402,62.8563,11.5577,231.8225,17.5211,86.9411,4.9524,29.4733,9.7767
2042-03-07,19.8538,0.0314,63.2464,6.9018,235.1002,18.8339,86.7254,3.7985,31.3826,8.0688
2042-03-08,19.5422,0.3476,63.2585,9.9525,238.3218,20.1267,86.6316,4.3712,33.2362,9.4229
2042-03-09,20.2156,0.9735,63.7850,9.8464,241.6646,21.4426,82.1708,2.3904,35.0993,5.6370
2042-03-10,17.6688,3.3117,67.6972,12.4122,239.2583,16.7749,65.8397,1.0182,28.5462,1.5941
2042-03-11,15.4440,27.2243,87.1737,14.3884,171.8652,7.0469,29.0230,0.0054,12.7833,0.0037
2042-03-12,15.3995,16.6202,82.1650,15.5176,138.1414,3.3767,30.0178,0.0076,6.3645,0.0036
2042-03-13,16.9397,25.6295,82.5044,15.8902,88.8197,1.5232,30.2751,0.0083,2.9211,0.0029
2042-03-14,18.6612,13.2157,64.8239,15.7758,68.7265,1.2573,47.4130,0.2595,2.4046,0.0849
2042-03-15,14.3201,8.3448,87.6201,7.6810,58.0006,0.3254,27.6169,0.0026,0.6418,0.0006
2042-03-16,16.6557,0.5961,55.2994,10.1472,60.7026,1.6783,61.2003,0.7333,3.1397,0.2625
2042-03-17,16.7991,0.0045,41.3650,5.9809,63.4305,3.4673,79.2965,1.4321,6.1009,0.6736
2042-03-18,18.0865,0.1028,39.1509,4.1430,66.3901,5.4574,86.0846,3.0194,9.0542,2.9221
2042-03-19,18.1508,1.2673,51.5506,4.5877,69.3612,7.0473,80.6122,1.5299,11.2396,0.9841
2042-03-20,16.3091,4.2160,70.4240,9.1652,66.8154,4.8273,58.3993,0.5835,8.1775,0.3167
2042-03-21,14.4589,0.6480,63.6747,11.9099,69.1220,5.7907,72.9202,1.2645,9.5758,0.7452
2042-03-22,13.7389,0.0157,55.8027,16.1271,71.2990,6.9086,81.4060,2.9938,11.1228,3.3162
2042-03-23,17.2067,0.1035,54.4319,19.5827,74.1002,8.3306,85.0416,5.6853,13.0058,7.0408
2042-03-24,19.1372,0.1859,62.6111,11.0250,77.2489,9.6204,85.0935,3.7203,14.6726,5.0104
2042-03-25,19.2641,0.9870,65.3071,9.8878,80.4204,10.8247,81.1619,2.1253,16.1985,2.8439
2042-03-26,19.4014,0.2578,58.6481,5.5360,83.6167,12.2698,84.2867,2.5276,17.9534,3.7774
2042-03-27,19.6536,0.8295,57.9512,6.1628,86.8583,13.7573,82.9818,2.1976,19.7100,3.4383
2042-03-28,18.1416,0.5897,62.8044,5.7452,89.8278,14.9773,83.4475,2.2853,21.1419,3.7851
2042-03-29,19.4716,0.0000,46.3649,10.2063,93.0367,16.8581,86.8680,4.5785,23.2046,7.9765
2042-03-30,20.6796,0.0000,37.9989,8.8736,96.4630,19.1599,89.0838,5.8789,25.6053,10.4354
2042-03-31,22.7103,0.0000,35.9149,6.7936,100.2549,21.7609,90.1573,6.1750,28.2126,11.4503
2042-04-01,24.3114,0.0000,35.0380,7.6757,105.5849,25.7629,90.7413,7.0177,32.0035,13.5620
2042-04-02,25.6492,0.0079,31.4825,8.2293,111.1558,30.2062,91.6411,8.2019,35.9733,16.2513
2042-04-03,25.7235,0.0139,33.3260,6.0168,116.7400,34.5419,91.6910,7.3887,39.7098,15.8148
2042-04-04,26.4826,0.0053,42.4687,4.8130,122.4609,38.3890,91.4431,6.7135,43.0442,15.3476
2042-04-05,23.6254,0.0370,47.9201,8.6889,127.6674,41.5108,90.2366,6.8713,45.7957,16.1459
2042-04-06,16.5288,1.9608,56.6418,15.3990,131.5966,39.4827,77.5364,1.9709,45.1213,5.5374
2042-04-07,17.1882,0.0471,42.1489,7.9291,135.6445,42.0476,85.2504,3.2526,47.3787,9.0376
2042-04-08,18.0560,0.0584,40.1518,9.6402,139.8486,44.8270,87.9609,5.2012,49.7705,13.6444
2042-04-09,17.6501,0.0096,45.8067,7.4252,143.9796,47.2904,88.0096,4.6845,51.9352,12.8715
2042-04-10,19.7948,0.0327,48.4581,6.1480,148.4967,49.9013,88.0583,4.4232,54.2374,12.6063
2042-04-11,24.4645,0.0217,39.5844,5.1109,153.8543,53.6457,89.6234,5.2551,57.3230,14.8753
2042-04-12,25.1737,0.0156,39.9324,5.4565,159.3395,57.4717,89.9874,5.6339,60.4419,16.1479
2042-04-13,26.5270,0.0005,37.4017,7.9049,165.0684,61.6643,90.6591,7.0164,63.7713,19.5545
2042-04-14,22.7015,0.0002,44.1307,11.8304,170.1087,64.8881,90.4718,8.3253,66.4284,22.5883
2042-04-15,23.1403,0.0000,27.9623,12.7271,175.2279,69.1215,91.8671,10.6231,69.6030,27.4182
2042-04-16,25.4069,0.0000,24.6310,12.7477,180.7552,73.9648,93.0460,12.5543,73.9458,31.6469
2042-04-17,25.5100,0.0957,29.3729,6.0621,186.3010,78.5210,93.0964,9.0271,78.4753,26.0476
2042-04-18,27.8853,0.0000,26.7156,8.1198,192.2743,83.6707,93.1600,10.1028,83.5931,29.0469
2042-04-19,26.0702,0.0022,29.7345,7.6590,197.9210,88.2990,93.2104,9.9408,88.1938,29.5163
2042-04-20,28.3299,0.0553,27.1934,6.7231,203.9743,93.4936,93.2608,9.5498,93.3553,29.5453
2042-04-21,25.9343,0.0920,26.7744,9.5580,209.5965,98.2928,93.3112,11.0942,98.1235,33.4617
2042-04-22,29.6995,0.0041,20.4137,6.5315,215.8964,104.2353,94.7024,11.5498,104.0233,35.2981
2042-04-23,27.9941,0.1493,35.4168,6.7970,221.8894,108.7906,93.3264,9.6737,108.5511,31.9780
2042-04-24,29.5289,0.0000,36.3770,4.9067,228.1586,113.5149,93.0830,8.5006,113.2465,29.8583
2042-04-25,31.0889,0.0144,31.4275,8.2874,234.7086,118.8660,93.1333,10.1506,118.5612,34.2668
2042-04-26,29.6888,0.0003,28.6363,12.0630,241.0065,124.1927,93.1837,12.3646,123.8493,39.6533
2042-04-27,23.6984,0.7472,48.4753,14.3256,246.2263,127.2904,87.9950,6.6185,126.9328,26.3594
2042-04-28,21.0454,1.6982,49.9920,12.9418,250.9684,116.1183,81.5341,2.5884,115.9344,12.6861
2042-04-29,23.6685,0.6599,48.9887,9.3099,256.1828,119.1814,86.0252,3.8849,118.9851,17.5307
2042-04-30,24.4022,0.1705,46.5056,9.2838,261.5292,122.4887,88.2373,5.3151,122.2774,22.2719
2042-05-01,24.3527,0.0000,38.0685,16.6949,268.3167,126.6386,90.0111,9.9592,126.4086,34.6818
2042-05-02,26.1861,0.0601,38.2419,18.7507,275.4342,131.0750,90.4981,11.8434,130.8238,39.3256
2042-05-03,29.2913,0.6947,31.7684,12.6040,283.1106,136.5342,91.6891,10.2946,136.2506,36.3837
2042-05-04,24.5422,3.1570,58.6709,8.7886,284.5736,92.7223,74.7507,1.1768,102.1974,5.9644
2042-05-05,21.1335,6.9953,66.9581,10.3147,272.9948,55.0642,57.8480,0.5939,73.2110,1.9914
2042-05-06,20.2450,6.3566,65.2841,5.8700,263.7354,35.1579,51.7667,0.2708,52.7394,0.4734
2042-05-07,22.2141,3.5944,55.9346,6.2849,263.6694,28.4593,62.6318,0.6512,44.8235,1.1054
2042-05-08,24.1814,2.0473,47.3821,5.4878,270.4261,28.7534,74.8458,1.0015,45.4307,2.5877
2042-05-09,26.5428,0.0236,36.2023,8.8357,277.6078,33.3962,88.4930,5.3905,51.3492,14.2737
2042-05-10,28.2888,0.0323,28.8419,11.6862,285.1037,38.9018,92.3412,10.7786,58.0139,25.2710
2042-05-11,26.4494,2.9509,38.7540,12.2297,287.5617,35.2659,83.1227,3.0379,53.9814,9.2312
2042-05-12,26.2318,2.6126,45.0519,8.6470,294.6874,32.9825,80.1966,1.7949,51.5428,5.5425
2042-05-13,23.0348,6.6470,67.9146,10.7945,284.1432,20.7651,61.0277,0.7501,35.1148,0.9857
2042-05-14,23.0169,3.2510,58.5675,10.8723,285.0098,17.9391,68.5622,1.0336,31.0002,1.8174
2042-05-15,20.8566,7.2273,68.8306,12.4817,272.6235,11.5514,56.5646,0.5992,20.8900,0.5584
2042-05-16,19.6815,4.7844,68.1074,13.3323,268.1943,8.5876,57.6457,0.6810,15.9022,0.5359
2042-05-17,19.8740,8.7508,65.1141,15.9128,251.7498,5.9878,55.8935,0.6734,11.3035,0.4345
2042-05-18,20.7747,4.0021,60.5679,14.8120,250.3856,5.5470,64.4113,1.0859,10.5118,0.6731
2042-05-19,21.6887,0.5247,51.3733,8.1858,256.6936,8.4644,81.0717,1.9307,15.6395,2.4293
2042-05-20,22.5341,0.7017,48.6967,7.8839,263.1537,11.6565,85.3340,3.2830,20.9887,5.5107
2042-05-21,21.1475,2.1017,52.8942,11.2722,269.3643,12.3918,78.1982,1.6907,22.2273,2.7307
2042-05-22,20.5968,3.3175,55.1064,11.7725,269.7898,11.0815,71.1862,1.1773,20.0991,1.3216
2042-05-23,22.8124,0.1474,49.0622,7.0636,276.3000,14.2882,83.8329,2.5693,25.3050,4.8632
2042-05-24,25.7266,0.0031,40.9198,4.6786,283.3348,18.4608,88.7563,4.5401,31.7499,9.4778
2042-05-25,28.6428,0.0013,32.7408,9.0958,290.8945,23.7273,91.6657,8.5979,39.4169,17.6492
2042-05-26,27.7377,0.4294,37.2624,7.9423,298.2913,28.4904,91.7156,8.1700,45.9975,18.4110
2042-05-27,23.3681,6.2473,66.8349,11.0980,288.9764,18.7562,64.3697,0.8990,32.2753,1.4591
2042-05-28,26.4710,0.4977,48.9962,9.4606,296.1451,22.4583,83.9786,2.9558,37.7581,7.2186
2042-05-29,26.2160,0.0000,35.8658,11.4694,303.2680,27.0704,90.0630,7.7107,44.2632,17.2888
2042-05-30,26.7541,0.0000,30.8829,6.6705,310.4878,32.1388,91.8086,7.7645,51.0635,18.7295
2042-05-31,24.6666,5.2291,51.1919,10.2208,304.4087,23.4734,72.7900,1.1552,39.3591,2.7376
2042-06-01,26.4159,0.6594,46.0736,9.4599,312.5676,27.3798,85.6699,3.7243,44.9220,9.8194
2042-06-02,26.4667,0.0003,35.6729,9.0998,320.7356,32.0482,90.3177,7.0969,51.2853,17.5675
2042-06-03,28.6643,0.0000,28.1355,4.7230,329.2992,37.6795,92.6328,7.9069,58.5969,20.3952
2042-06-04,29.3697,0.0679,32.2189,9.0511,337.9897,43.1167,92.6831,9.9035,65.3818,25.3089
2042-06-05,27.7388,0.0000,30.1045,11.8094,346.3867,48.4233,92.7333,11.4609,71.7654,29.3216
2042-06-06,28.7511,0.0000,26.0278,7.6911,354.9659,54.2366,93.3805,10.1962,78.4909,28.3239
2042-06-07,31.9756,0.0003,22.6032,4.6952,364.1255,60.9761,94.6165,10.4054,85.9637,30.0551
2042-06-08,33.6849,0.0000,24.0249,6.9739,373.5928,67.9337,94.7205,11.8397,93.4055,34.1305
2042-06-09,35.0349,0.0000,21.8318,11.9024,383.3031,75.3699,95.3973,16.6506,101.0603,44.1686
2042-06-10,35.4402,0.0000,18.5969,13.5952,393.0863,83.2007,96.1761,20.1544,108.8195,51.4174
2042-06-11,35.7881,0.0000,20.4271,10.9235,402.9322,90.9283,96.2275,17.7385,116.2642,48.7359
2042-06-12,35.4239,0.0000,18.8037,10.0194,412.7125,98.7357,96.2789,17.0664,123.5671,48.6649
2042-06-13,35.5438,0.0000,17.1834,9.1537,422.5143,106.7251,96.5270,16.8929,130.8316,49.3231
2042-06-14,35.8433,0.0054,16.2805,11.2890,432.3701,114.8676,96.7764,19.4524,138.0476,54.7808
2042-06-15,32.5824,1.1712,30.6524,10.5989,441.6390,121.0169,92.0312,9.7669,143.6365,35.7337
2042-06-16,31.1972,0.0481,41.0044,9.2121,450.6585,126.0332,92.0812,9.1723,148.3475,34.6073
2042-06-17,33.3301,0.0406,34.4008,9.4535,460.0619,131.9793,92.4881,9.8330,153.7161,36.5802
2042-06-18,30.3854,0.0002,36.7588,12.9529,468.9352,137.2214,92.5383,11.8123,158.4947,41.5223
2042-06-19,28.0790,2.2376,46.9608,12.9625,477.3935,108.5996,84.1970,3.6307,138.4571,17.7265
2042-06-20,26.9283,2.9155,53.5150,11.3845,478.2471,83.2257,78.5743,1.7575,115.9895,9.2329
2042-06-21,27.3827,1.0140,48.0007,10.3246,486.5800,87.1249,85.4498,3.7728,120.3683,17.2415
2042-06-22,30.0509,0.1854,42.0814,6.0787,495.3931,91.8748,89.7872,5.6489,125.5424,23.5020
2042-06-23,36.2658,0.0000,26.0806,6.9439,505.3250,99.1464,94.4309,11.3598,133.0370,38.4945
2042-06-24,35.4953,0.0000,29.0469,7.6362,515.1181,105.9822,94.4818,11.8457,139.9697,40.2077
2042-06-25,35.9149,0.0056,26.9418,8.6492,524.9868,113.1015,94.5326,12.5538,147.0195,42.3455
2042-06-26,33.2990,0.1202,30.2301,11.0690,534.3846,119.4200,94.5834,14.2813,153.2322,46.4799
2042-06-27,34.5249,0.0036,25.5612,8.6265,544.0031,126.4015,94.6343,12.7162,159.9122,43.6232
2042-06-28,36.7583,0.0000,23.2293,7.0584,554.0236,134.0530,95.3791,13.0120,167.0540,44.6958
2042-06-29,38.0004,0.0000,22.0394,8.7849,564.2677,142.0781,95.8657,15.1656,174.3846,49.6518
2042-06-30,37.3150,0.0000,21.8853,9.9298,574.3884,149.9782,95.9170,16.1783,181.4867,52.0573
2042-07-01,36.6216,0.0000,23.9173,9.9624,584.6843,156.7184,95.9683,16.3180,187.6757,52.6093
2042-07-02,35.2376,0.0000,27.9582,10.7845,594.7310,162.8666,95.6808,16.3576,193.3567,52.9098
2042-07-03,33.7469,0.0000,28.5901,12.5441,604.5095,168.7108,95.3092,16.9924,198.7501,54.3651
2042-07-04,31.3524,0.0000,32.8534,13.8899,613.8569,173.8284,94.1853,15.5829,203.5539,51.6617
2042-07-05,30.9707,0.0004,33.3552,13.5045,623.1356,178.8481,93.8840,14.6584,208.2616,49.8479
2042-07-06,30.5523,0.0150,31.9872,12.6236,632.3391,183.9040,93.9347,14.1209,212.9654,48.8022
2042-07-07,34.6337,0.0000,23.8745,7.5319,642.2771,190.2927,94.8574,12.4084,218.6398,45.0825
2042-07-08,37.8462,0.0000,19.9392,7.6255,652.7934,197.6156,96.2485,15.0651,224.9713,51.0647
2042-07-09,38.0010,0.0000,23.7245,8.7111,663.3376,204.6201,96.2999,16.0229,231.0556,53.1670
2042-07-10,38.8452,0.0421,22.3147,8.5822,674.0338,211.9080,96.3513,16.0299,237.3031,53.2743
2042-07-11,37.5548,0.1249,28.9910,10.7661,684.4976,218.3544,95.8976,16.8304,242.9536,54.9828
2042-07-12,34.4820,0.0000,38.9158,14.1158,694.4084,223.4590,93.6348,14.6025,247.6694,50.3868
2042-07-13,35.0806,0.0005,35.2724,11.4660,704.4269,228.9591,93.6854,12.8674,252.6344,46.5776
2042-07-14,38.5692,0.0000,27.9718,9.8841,715.0733,235.6696,94.6917,13.6555,258.4189,48.4066
2042-07-15,38.9202,0.0000,28.3601,10.2606,725.7830,242.4031,94.7426,14.0148,264.2037,49.2467
2042-07-16,38.2850,0.0000,30.5085,11.7356,736.3783,248.8309,94.7935,15.2020,269.7676,51.8548
2042-07-17,34.3229,0.0276,38.3630,14.9488,746.2604,253.9586,93.5974,15.1492,274.4355,51.7710
2042-07-18,33.3155,0.0068,30.9594,12.2802,755.9612,259.5390,93.6479,13.3366,279.3283,47.8213
2042-07-19,36.6952,0.0000,21.1188,8.9703,766.2703,266.5408,95.7611,15.0924,285.1307,51.7049
2042-07-20,36.6817,0.0042,22.2253,8.9529,776.5770,273.4419,95.8124,15.1844,290.8524,51.9255
2042-07-21,36.6294,0.0845,22.1917,9.8047,786.8743,280.3365,95.8637,15.9610,296.5481,53.5831
2042-07-22,37.3046,0.0000,18.2686,9.9646,797.2931,287.7083,96.5565,17.6675,302.5100,57.0747
2042-07-23,37.8482,0.0000,21.8539,10.8392,807.8098,294.8565,96.6080,18.5918,308.3437,58.9081
2042-07-24,36.5021,0.0000,27.2372,12.4955,818.0842,301.2822,96.0728,18.8037,313.7222,59.3336
2042-07-25,34.2421,0.0000,29.8039,12.7744,827.9518,307.1087,95.2261,16.9968,318.6908,55.7739
2042-07-26,35.7088,0.0000,25.8129,10.3240,838.0834,313.5221,95.2772,15.1276,324.0144,51.8973
2042-07-27,34.8747,0.0000,29.0463,12.5789,848.0648,319.5168,95.3283,17.0667,329.0765,55.9360
2042-07-28,34.1807,0.0000,31.7245,11.4006,857.9213,325.1741,94.7931,14.9466,333.9291,51.5256
2042-07-29,37.0557,0.0000,25.1415,8.5083,868.2954,331.8822,95.0512,13.3850,339.4248,48.0894
2042-07-30,38.8297,0.0000,20.9560,7.2235,878.9887,339.2947,96.2091,14.6847,345.3356,50.9748
2042-07-31,40.1016,0.0000,18.1594,8.2592,889.9110,347.2140,97.0378,17.2926,351.5348,56.4228
2042-08-01,35.5095,0.0000,27.3871,13.1626,899.3067,352.7020,95.9564,19.1425,356.1778,60.0578
2042-08-02,35.3896,0.0000,21.3434,10.4859,908.6809,358.6273,96.0077,16.8437,361.0336,55.5240
2042-08-03,38.3229,0.0000,16.7775,7.9060,918.5830,365.4006,97.0301,16.9702,366.4141,55.7851
2042-08-04,39.6075,0.0000,18.0375,8.7533,928.7163,372.2886,97.0818,17.8331,372.2750,57.5195
2042-08-05,38.1848,0.0098,27.0133,9.7314,938.5936,378.2080,96.4332,17.1738,378.1605,56.2047
2042-08-06,38.9798,0.0000,24.2033,8.5412,948.6139,384.4796,96.4847,16.2865,384.3923,54.3960
2042-08-07,38.9301,0.0000,24.6893,9.3439,958.6254,390.7033,96.5362,17.0766,390.5760,56.0147
2042-08-08,37.6734,0.0000,31.0434,11.3121,968.4106,396.2230,95.5724,16.5527,396.0659,54.9494
2042-08-09,37.1346,0.0000,28.0307,9.6085,978.0988,401.9038,95.6236,15.2972,401.7127,52.3270
2042-08-10,38.7841,0.0000,23.6686,7.7559,988.0839,408.1889,95.6748,14.0311,407.9539,49.5791
2042-08-11,39.7690,0.0000,24.3535,8.3564,998.2464,414.5714,95.7260,14.5631,414.2911,50.7496
2042-08-12,37.1206,0.0000,29.8201,13.2176,1007.9321,420.1089,95.6096,18.3133,419.7951,58.4850
2042-08-13,34.7435,0.0000,34.1791,14.4350,1017.1899,424.9795,94.4695,16.6576,424.6413,55.1723
2042-08-14,34.8315,0.0000,34.2231,12.4733,1026.4636,429.8588,94.3565,14.8565,429.4958,51.3888
2042-08-15,34.4058,0.0000,35.1743,11.9228,1035.6606,434.6105,94.1182,13.9819,434.2244,49.4753
2042-08-16,35.0602,0.0002,30.9953,10.2718,1044.9755,439.7618,94.1689,12.9564,439.3452,47.1596
2042-08-17,37.2957,0.0000,19.7440,7.8719,1054.6927,446.1234,96.1668,15.0860,445.6542,51.8847
2042-08-18,37.0074,0.0000,17.2079,9.3827,1064.3580,452.6368,96.7432,17.5924,452.1103,57.0653
2042-08-19,36.4481,0.0000,23.2778,11.6575,1073.9227,458.5840,96.7661,19.7898,458.0104,61.3294
2042-08-20,35.5845,0.0000,23.8535,11.6904,1083.3319,464.3509,96.5492,19.2537,463.7318,60.3113
2042-08-21,35.7468,0.0000,25.9056,8.1562,1092.7703,469.9872,96.2026,15.3777,469.3250,52.5093
2042-08-22,36.7249,0.0238,30.3535,8.4618,1102.3848,475.4257,95.5318,14.2592,474.7256,50.0917
2042-08-23,32.5524,0.0239,47.5353,12.3463,1111.2482,479.0706,91.8932,10.4598,478.3653,41.1447
2042-08-24,34.8654,0.0000,33.6327,9.9805,1120.5280,483.9984,92.8722,10.6576,483.2629,41.6440
2042-08-25,37.3466,0.0000,22.4123,5.4711,1130.2544,490.1566,95.5371,12.2732,489.3669,45.5732
2042-08-26,37.0751,0.0489,30.6262,11.2602,1139.9319,495.6240,95.4435,16.2223,494.7945,54.2824
2042-08-27,36.7452,0.0003,34.9111,8.8198,1149.5500,500.7094,94.6541,12.8757,499.8477,46.9779
2042-08-28,37.1369,0.0000,30.7344,9.3656,1159.2387,506.1771,94.7050,13.3277,505.2748,48.0119
2042-08-29,37.2066,0.0000,18.0829,8.9241,1168.9399,512.6553,96.5283,16.7015,511.6881,55.2695
2042-08-30,35.8271,0.0000,18.2896,9.5713,1178.3927,518.8845,96.5798,17.3750,517.8550,56.6339
2042-08-31,34.0437,0.0000,21.6707,9.2876,1187.5246,524.5675,96.6313,17.2473,523.4851,56.3773
2042-09-01,35.2170,0.0000,23.0515,9.1257,1195.5677,529.5428,96.6107,17.0600,528.4138,55.9990
2042-09-02,34.3437,0.0049,22.3407,8.9263,1203.4535,534.4433,96.6021,16.8700,533.2677,55.6135
2042-09-03,33.7043,0.0000,16.3144,8.8633,1211.2243,539.6288,96.6537,16.9333,538.3978,55.7424
2042-09-04,37.0218,0.0000,15.7124,4.8944,1219.5922,545.3494,97.0732,14.6650,544.0546,50.9808
2042-09-05,36.5608,0.0000,25.1516,8.9582,1227.8772,550.3680,96.5276,16.7287,549.0256,55.3256
2042-09-06,36.7832,0.0000,23.5110,8.5594,1236.2022,555.5269,96.5791,16.5097,554.1331,54.8769
2042-09-07,36.5900,0.0000,24.9310,6.4332,1244.4924,560.5641,96.4908,14.6574,559.1212,50.9645
2042-09-08,36.9554,0.0000,27.3889,6.7106,1252.8483,565.4837,96.1218,14.1423,563.9949,49.8362
2042-09-09,37.1657,0.0000,26.5272,7.5337,1261.2422,570.4892,96.1731,14.8438,568.9520,51.3682
2042-09-10,36.8944,0.0000,19.7581,8.2240,1269.5872,575.9170,96.2245,15.4762,574.3195,52.7208
2042-09-11,38.3567,0.0000,14.5277,5.4770,1278.1954,581.9212,97.4981,15.9812,580.2497,53.7825
2042-09-12,36.2407,0.0000,24.5146,6.7630,1286.4227,586.9395,96.6896,15.3064,585.2159,52.3601
2042-09-13,37.0203,0.0000,24.2364,7.7079,1294.7904,592.0814,96.6827,16.0379,590.3033,53.9009
2042-09-14,36.6672,0.0000,22.0185,6.7936,1303.0944,597.3248,96.7343,15.4221,595.4882,52.6062
2042-09-15,37.5191,0.0000,21.5068,5.0809,1311.5519,602.7217,96.7859,14.2452,600.8233,50.0633
2042-09-16,37.0111,0.0000,25.3715,7.8254,1319.9179,607.7853,96.5109,15.7651,605.8330,53.3302
2042-09-17,36.8227,0.0000,22.9332,6.6737,1328.2500,612.9886,96.5624,14.9795,610.9774,51.6609
2042-09-18,35.9518,0.0000,25.2350,7.3452,1336.4253,617.9205,96.3473,15.0531,615.8560,51.8190
2042-09-19,36.2855,0.0000,26.9825,6.3678,1344.6607,622.7805,96.0716,13.8060,620.6649,49.0898
2042-09-20,37.1659,0.0000,22.8512,5.8438,1353.0546,628.0364,96.1229,13.5400,625.8595,48.4930
2042-09-21,36.5831,0.0000,19.9597,5.3820,1361.3435,633.4063,96.1743,13.3206,631.1631,47.9970
2042-09-22,33.4642,0.1188,33.1300,12.1135,1369.0711,637.5213,94.5589,15.0023,635.2418,51.7099
2042-09-23,31.6188,0.0000,36.1966,11.8075,1376.4665,641.2379,93.5685,12.8796,638.9301,46.9880
2042-09-24,31.3313,0.0000,35.5310,11.2866,1383.8101,644.9603,93.4935,12.4156,642.6232,45.9094
2042-09-25,30.6097,0.0000,34.4901,10.0368,1391.0238,648.6586,93.5423,11.7372,646.2914,44.2989
2042-09-26,30.2424,0.0019,36.5379,6.8028,1398.1715,652.1999,93.1890,9.4925,649.8064,38.6424
2042-09-27,30.0587,0.0136,40.6176,9.0392,1405.2860,655.4940,92.4549,9.5850,653.0811,38.8865
2042-09-28,25.7993,0.3025,46.2152,16.0379,1411.6339,658.0698,90.8557,10.8712,655.6504,42.1800
2042-09-29,24.6799,0.0013,31.3544,11.5468,1417.7803,661.2205,91.5461,9.5645,658.7751,38.8325
2042-09-30,26.6209,0.0000,21.9015,5.8414,1424.2760,665.0749,93.6738,9.6762,662.5860,39.1264
2042-10-01,28.6664,0.0000,19.5164,4.5570,1430.1400,668.7048,94.7492,10.5236,666.1720,41.3079
2042-10-02,30.5739,0.0001,20.6856,6.9273,1436.3473,672.5113,94.9278,12.1527,669.9327,45.2903
2042-10-03,28.7508,1.3139,29.8818,8.0648,1442.2264,675.6828,90.3573,6.7746,673.0738,30.9167
2042-10-04,26.2590,1.3156,45.9872,9.7867,1447.6570,677.9218,86.0086,3.9701,675.3060,21.3409
2042-10-05,24.4642,0.0000,28.3581,8.0976,1452.7646,680.6969,91.2463,7.7034,678.0539,33.6886
2042-10-06,24.1793,0.0000,31.1597,7.4249,1457.8209,683.3337,91.5531,7.7784,680.6672,33.9060
2042-10-07,24.8102,0.0128,27.8931,5.0217,1462.9907,686.1645,92.2546,7.6105,683.4698,33.4182
2042-10-08,26.4995,0.0001,25.3838,5.6725,1468.4646,689.2849,93.0827,8.8346,686.5562,36.8734
2042-10-09,26.6421,0.0005,32.7703,6.5375,1473.9642,692.1109,93.1331,9.2935,689.3576,38.1133
2042-10-10,27.5473,0.0000,34.5945,5.7899,1479.6267,694.9499,93.0368,8.8302,692.1734,36.8612
2042-10-11,28.2450,0.0000,37.9633,7.7159,1485.4148,697.7083,92.6013,9.1533,694.9126,37.7374
2042-10-12,27.3143,0.2794,46.2674,4.6869,1491.0354,700.0216,91.2054,6.4493,697.2187,29.9071
2042-10-13,29.1722,0.0347,38.4107,4.7365,1496.9904,702.8466,91.2551,6.5113,700.0242,30.1014
2042-10-14,27.6744,0.1996,41.6123,10.7247,1502.6758,705.3923,91.3049,8.8673,702.5560,36.9625
2042-10-15,27.0896,0.0000,36.2997,9.3649,1508.2559,708.1131,91.3547,8.3388,705.2562,35.5013
2042-10-16,28.4626,0.0000,28.3115,7.5002,1514.0832,711.3243,92.7403,9.2329,708.4339,37.9511
2042-10-17,28.5629,0.0000,26.0539,10.6436,1519.9285,714.6478,93.3556,11.7908,711.7204,44.4275
2042-10-18,28.0865,0.0000,32.9955,7.7668,1525.6881,717.6110,93.3914,10.2507,714.6570,40.6145
2042-10-19,28.0269,0.0134,38.2338,7.0976,1531.4369,720.3369,92.6105,8.8840,717.3637,37.0080
2042-10-20,25.7186,0.6913,47.7660,13.0455,1536.7703,722.4594,88.5518,6.7209,719.4816,30.7517
2042-10-21,23.1747,2.5542,66.3783,14.5692,1541.6457,129.6988,75.1857,1.6127,214.3206,10.4440
2042-10-22,24.1173,0.3888,63.1585,8.9962,1546.6908,131.1065,83.0291,2.5503,216.3626,15.0509
2042-10-23,23.1872,1.7546,69.4811,7.8540,1551.5685,115.3257,75.3978,1.1639,194.5077,7.7775
2042-10-24,22.8940,1.7711,64.9161,9.2798,1556.3934,103.6798,75.0246,1.2243,177.7562,7.9779
2042-10-25,21.6897,1.4001,66.9250,7.6542,1561.0016,104.8219,75.4324,1.1546,179.5086,7.5900
2042-10-26,24.0940,0.0232,49.6630,5.9056,1566.0425,106.7434,85.0800,2.8691,182.4045,16.0423
2042-10-27,24.4377,0.0000,43.9517,5.9363,1571.1453,108.9122,88.3519,4.5645,185.6510,22.6011
2042-10-28,24.9159,0.0000,43.4340,8.5915,1576.3341,111.1420,89.2008,5.8941,188.9742,27.0958
2042-10-29,26.2937,0.0001,40.4144,8.0413,1581.7710,113.6152,90.0162,6.4441,192.6384,28.8853
2042-10-30,26.7221,0.0004,40.1030,7.0188,1587.2850,116.1402,90.2547,6.3331,196.3615,28.6245
2042-10-31,26.0501,0.0000,43.1978,5.0635,1592.6780,118.4770,90.3041,5.7796,199.7973,26.9509
2042-11-01,26.6279,0.0000,40.0623,7.0120,1597.1750,120.6804,90.3536,6.4211,203.0124,29.0217
2042-11-02,25.1649,0.0000,42.1028,8.0471,1601.4087,122.6965,90.4031,6.8130,205.9452,30.2624
2042-11-03,25.7003,0.0000,40.3258,5.5024,1605.7388,124.8168,90.4526,6.0356,209.0157,27.9182
2042-11-04,28.1447,0.0000,33.5512,5.8732,1610.5088,127.3932,91.6136,7.2554,212.7203,31.6836
2042-11-05,27.5040,0.0000,35.6112,6.8562,1615.1636,129.8350,91.6635,7.6779,216.2182,32.9587
2042-11-06,26.1572,0.0000,41.2944,8.6227,1619.5758,131.9565,91.5492,8.2577,219.2533,34.6350
2042-11-07,23.7813,0.0000,44.4200,9.4509,1623.5605,133.7899,90.7687,7.7045,221.8714,33.1131
2042-11-08,23.8847,0.0000,39.4291,6.7300,1627.5637,135.7963,90.8183,6.7651,224.7189,30.3831
2042-11-09,23.9522,0.0667,40.7420,8.9414,1631.5791,137.7645,90.8680,7.6163,227.5049,32.9287
2042-11-10,22.1516,0.0442,50.8977,4.3196,1635.2704,139.2782,89.6061,5.0371,229.6561,24.8634
2042-11-11,21.8188,0.0115,48.4790,7.0117,1638.9018,140.8437,89.5367,5.7118,231.8712,27.1439
2042-11-12,21.2586,0.0087,52.9278,4.9412,1642.4323,142.2391,88.8873,4.6880,233.8484,23.6765
2042-11-13,21.5341,0.0000,47.1373,5.5773,1646.0125,143.8254,88.9363,4.8749,236.0802,24.3515
2042-11-14,22.5223,0.0000,44.9984,5.9427,1649.7705,145.5480,88.9853,5.0005,238.4942,24.8059
2042-11-15,23.3325,0.0000,44.9409,8.0150,1653.6743,147.3315,89.0343,5.5901,240.9871,26.8166
2042-11-16,22.7542,0.0000,45.0882,5.2070,1657.4741,149.0681,89.0834,4.8868,243.4078,24.4430
2042-11-17,22.8255,0.0000,44.1719,5.0635,1661.2867,150.8390,89.1324,4.8859,245.8681,24.4547
2042-11-18,23.0608,0.0000,41.9150,5.7877,1665.1416,152.6996,89.3047,5.1943,248.4417,25.5356
2042-11-19,22.1992,0.0000,47.9679,6.7983,1668.8415,154.3069,89.3538,5.5044,250.6694,26.5937
2042-11-20,21.7000,0.0494,51.6108,5.8978,1672.4515,155.7696,89.0549,5.0393,252.6992,25.0261
2042-11-21,18.6462,3.8576,64.7122,12.1400,1482.0164,90.0673,66.8445,1.0411,156.3759,6.6282
2042-11-22,15.4339,0.0254,52.1755,8.2431,1484.4985,91.1157,79.4085,1.6227,157.9887,9.8388
2042-11-23,16.3436,0.0001,50.7350,4.5020,1487.1444,92.2550,84.0899,2.3367,159.7368,13.2699
2042-11-24,18.6342,0.0016,49.3771,6.7608,1490.2025,93.5795,86.3705,3.5868,161.7635,18.4365
2042-11-25,16.3897,7.7076,72.0518,8.8606,1206.3151,52.7810,50.7567,0.2807,95.1537,0.7550
2042-11-26,16.2622,0.0000,54.6497,3.5662,1208.9463,53.8250,70.3478,0.7572,96.8680,3.6189
2042-11-27,17.5596,0.1129,53.8675,4.5870,1211.8110,54.9662,80.4716,1.5066,98.7361,7.3425
2042-11-28,17.7916,2.0585,66.3216,7.3962,1214.7175,49.8538,70.7696,0.9312,90.4293,4.3082
2042-11-29,18.3111,2.0538,81.2551,5.4139,1217.7175,45.0405,61.1359,0.5756,82.4563,2.1732
2042-11-30,20.8793,0.1251,64.0634,7.9260,1221.1798,46.0877,76.8829,1.2871,84.2283,5.6824
2042-12-01,16.3796,8.2931,77.1431,8.2931,1039.5943,25.6012,44.8365,0.1218,48.2329,0.1997
2042-12-02,16.2070,4.4999,75.5193,8.7534,981.7606,17.4097,44.7421,0.1228,33.3413,0.1558
2042-12-03,16.5275,2.7532,64.7731,8.3752,984.4396,14.1537,55.6129,0.4495,27.3253,0.4987
2042-12-04,16.4087,9.6089,69.2464,11.6061,856.3354,7.5709,46.1507,0.1756,14.8144,0.1324
2042-12-05,15.4317,2.7387,60.8549,10.8953,858.8171,5.9076,58.1455,0.6251,11.6155,0.4096
2042-12-06,15.8270,1.9199,75.8292,7.5614,861.3700,5.1352,59.3414,0.5743,10.1195,0.3487
2042-12-07,17.7541,0.0500,77.8197,5.9612,864.2697,5.6104,70.3106,0.8533,11.0416,0.5434
2042-12-08,18.4844,0.0056,66.9109,4.5905,867.3009,6.3468,78.3954,1.2283,12.4656,0.8376
2042-12-09,19.1000,0.0000,58.3031,4.9100,870.4429,7.3040,83.2608,2.1386,14.3078,2.6001
2042-12-10,19.6560,0.0016,59.3541,4.8372,873.6850,8.2627,84.9160,2.6581,16.1437,3.7152
2042-12-11,18.5666,0.0459,58.6568,6.5790,876.7310,9.1867,85.4486,3.1234,17.9044,4.7387
2042-12-12,18.2161,0.0530,58.3423,6.3762,879.7139,10.1011,85.6189,3.1657,19.6385,5.0961
2042-12-13,15.2532,0.0000,54.9960,10.9016,882.1635,10.9375,85.7378,4.0432,21.2173,6.7665
2042-12-14,17.0153,0.0243,55.1387,8.6324,884.9302,11.8610,85.9540,3.7171,22.9529,6.5581
2042-12-15,17.6832,0.0043,61.7117,3.5565,887.8172,12.6783,86.0020,2.8977,24.4825,5.3726
2042-12-16,16.2346,0.2965,73.9537,3.7868,890.4434,13.1914,84.6388,2.4274,25.4405,4.6017
2042-12-17,16.2534,0.1358,72.4751,3.9599,893.0730,13.7342,84.4671,2.3922,26.4514,4.6551
2042-12-18,15.2959,0.0685,74.8864,5.0030,895.5303,14.2021,83.9578,2.3546,27.3210,4.6822
2042-12-19,16.2028,2.2852,82.1508,9.6106,898.1508,11.9169,64.4335,0.8363,23.0686,0.8304
2042-12-20,17.1297,0.3437,71.4317,8.1918,900.9381,12.5087,75.1217,1.1653,24.1782,1.6749
2042-12-21,18.2866,1.1095,75.9230,10.8436,903.9337,13.0391,74.4425,1.2844,25.1706,2.0695
2042-12-22,19.3798,0.5508,73.5541,4.6092,907.1261,13.6546,78.7595,1.2703,26.3188,2.1291
2042-12-23,19.2741,0.1706,68.6234,6.7612,910.2994,14.3811,82.0834,2.0245,27.6694,4.0197
2042-12-24,20.5430,0.0427,61.0035,4.2025,913.7012,15.3402,84.3979,2.3990,29.4446,5.0242
2042-12-25,19.4630,0.0068,59.9869,4.9707,916.9085,16.2752,85.2065,2.7852,31.1674,6.0434
2042-12-26,19.3391,0.7427,59.6268,8.4030,920.0936,17.2130,83.7552,2.7205,32.8878,6.1185
2042-12-27,15.0032,0.9711,63.8465,7.1343,922.4981,17.8746,79.7532,1.5883,34.0975,3.5838
2042-12-28,15.0731,0.0000,52.4152,6.0169,924.9153,18.7491,83.8759,2.4512,35.6896,5.8409
2042-12-29,15.9897,0.0000,49.8055,9.2088,927.4974,19.7240,85.9103,3.8033,37.4566,8.9744
2042-12-30,15.8935,0.0000,57.6766,9.3497,930.0622,20.5413,85.9583,3.8562,38.9329,9.2915
2042-12-31,15.4072,0.0000,59.0525,6.3238,932.5395,21.3094,86.0063,3.3333,40.3157,8.3674
2043-01-01,15.7185,0.0000,55.0970,5.3906,935.0729,22.2391,86.0543,3.2017,41.9821,8.2801
2043-01-02,15.8836,0.0604,60.8915,5.0818,937.6359,23.0568,86.1024,3.1736,43.4430,8.3909
2043-01-03,15.0614,1.0099,80.5954,6.7636,940.0510,23.4429,77.4038,1.2623,44.1343,3.3777
2043-01-04,16.8064,0.6229,73.7882,5.2256,942.7801,24.0207,78.9642,1.3355,45.1646,3.6753
2043-01-05,16.4964,0.0686,65.2043,3.4095,945.4535,24.7745,81.9216,1.6767,46.5027,4.8080
2043-01-06,17.0692,0.0055,57.2297,5.0857,948.2299,25.7312,84.3405,2.4889,48.1930,7.2134
2043-01-07,18.1377,0.0000,53.9770,9.5999,951.1987,26.8212,85.8336,3.8375,50.1100,10.7367
2043-01-08,17.7535,0.0001,57.7820,8.7646,954.0983,27.8011,85.8816,3.7042,51.8268,10.6371
2043-01-09,18.5202,0.0847,56.9925,5.3405,957.1360,28.8399,85.9479,3.1463,53.6393,9.4737
2043-01-10,18.3569,0.1360,56.2486,5.5921,960.1442,29.8879,86.0371,3.2265,55.4599,9.8747
2043-01-11,17.4508,0.0003,53.6066,7.8433,962.9893,30.9474,86.2759,3.7377,57.2919,11.3665
2043-01-12,16.5319,0.0004,55.5499,9.6412,965.6691,31.9123,86.3240,4.1200,58.9540,12.4976
2043-01-13,16.1964,0.0000,55.9376,7.7934,968.2884,32.8505,86.3722,3.7793,60.5643,11.8474
2043-01-14,15.4428,0.0000,54.1744,9.7409,970.7721,33.7838,86.4203,4.1975,62.1596,13.0746
2043-01-15,16.8339,0.0000,53.4805,13.0860,973.5062,34.8109,86.4685,5.0021,63.9086,15.2151
2043-01-16,17.5568,0.0000,53.9821,10.4205,976.3705,35.8679,86.5167,4.4033,65.7017,14.0086
2043-01-17,16.8585,0.0032,55.9063,7.4124,979.1090,36.8427,86.5649,3.8099,67.3497,12.6837
2043-01-18,17.1254,0.0091,53.5009,5.7533,981.8956,37.8860,86.6131,3.5283,69.1060,12.1116
2043-01-19,17.6618,0.0010,52.2705,5.5747,984.7787,38.9885,86.6614,3.5207,70.9541,12.2794
2043-01-20,18.0149,0.0000,51.2009,7.7601,987.7254,40.1368,86.8179,4.0189,72.8708,13.8414
2043-01-21,16.0041,0.0000,55.9378,11.6317,990.3101,41.0646,86.8662,4.9183,74.4149,16.3465
2043-01-22,17.3898,0.0373,54.8253,12.3718,993.1443,42.0929,86.9146,5.1403,76.1202,17.1094
2043-01-23,17.3234,0.3266,60.0085,8.9645,995.9665,43.0000,86.8342,4.2802,77.6218,15.0626
2043-01-24,18.6797,0.0334,51.9798,7.3018,999.0328,44.1693,86.8825,3.9633,79.5463,14.3971
2043-01-25,17.6184,0.2611,55.0972,9.3460,1001.9081,45.2041,86.9309,4.4236,81.2442,15.8393
2043-01-26,17.6574,0.1258,56.2743,11.1509,1004.7905,46.2138,86.9792,4.8783,82.8959,17.2410
2043-01-27,18.2044,0.0235,55.7897,6.7782,1007.7713,47.2645,87.0276,3.9406,84.6086,14.8424
2043-01-28,17.5325,0.0923,55.5753,5.6623,1010.6311,48.2835,87.0759,3.7509,86.2637,14.4488
2043-01-29,16.0238,0.0586,52.2267,9.1169,1013.2194,49.2906,87.1243,4.4950,87.8919,16.7547
2043-01-30,14.1493,0.0004,44.8177,7.5591,1015.4703,50.3266,87.2877,4.2535,89.5571,16.2416
2043-01-31,13.1351,0.0001,41.7093,6.0914,1017.5386,51.3481,87.5978,4.1292,91.1917,16.0417
2043-02-01,13.5284,0.0009,43.8332,7.2021,1019.6777,52.5152,87.6464,4.3973,93.0499,17.0042
2043-02-02,11.3641,18.7631,76.6008,9.7705,764.5235,22.6757,37.2954,0.0330,42.2207,0.0493
2043-02-03,10.8379,9.9529,90.4338,5.6081,682.5158,11.3293,18.0206,0.0001,21.7557,0.0001
2043-02-04,15.5490,0.1239,60.9020,5.3909,685.0186,12.2539,48.5744,0.1798,23.4587,0.1805
2043-02-05,15.4697,3.6256,62.2931,7.1628,668.9656,9.0068,53.0168,0.3303,17.4270,0.2749
2043-02-06,13.1507,10.8607,86.3351,6.2752,597.1269,4.3785,26.4402,0.0017,8.5993,0.0009
2043-02-07,12.6699,4.4835,80.1357,10.3307,578.1969,2.4502,33.4399,0.0141,4.8490,0.0060
2043-02-08,11.2246,9.6020,83.9753,10.3169,527.5363,0.8907,25.7346,0.0016,1.7738,0.0005
2043-02-09,14.2294,24.7136,92.1576,11.0449,408.5536,0.1708,13.8336,0.0000,0.3412,0.0000
2043-02-10,14.8052,4.8426,82.1173,7.6889,396.1684,0.4040,27.1110,0.0022,0.8060,0.0006
2043-02-11,16.4992,0.5879,66.7774,6.7435,398.8422,1.2346,54.2736,0.3664,2.4502,0.1206
2043-02-12,15.7460,3.1529,76.2506,11.8632,394.2581,0.7137,53.1845,0.4259,1.4210,0.1206
2043-02-13,12.7507,0.0848,50.3910,9.6632,396.2572,1.6898,72.9968,1.1327,3.3439,0.4148
2043-02-14,11.5035,0.0000,44.4951,7.9559,398.0319,2.6835,81.7392,2.0628,5.2780,0.9086
2043-02-15,12.7215,0.0000,37.4990,8.2853,400.0257,3.9106,86.2844,3.8265,7.6346,3.5031
2043-02-16,13.6360,0.0000,37.9822,8.2713,402.1842,5.2088,87.8378,4.7697,10.0908,5.1947
2043-02-17,15.6091,0.0000,34.9044,6.1865,404.6979,6.7538,88.9746,5.0545,12.9667,6.3012
2043-02-18,18.6881,0.0000,38.7044,7.8940,407.7657,8.4768,89.1605,5.6577,16.1160,7.8591
2043-02-19,18.5576,0.0001,47.2291,9.1607,410.8101,9.9504,89.1778,6.0456,18.7645,9.0347
2043-02-20,19.4485,0.0384,51.7056,7.4678,414.0148,11.3600,88.7255,5.2023,21.2616,8.4936
2043-02-21,20.2737,0.0397,50.0176,5.8119,417.3681,12.8776,88.7744,4.8195,23.9107,8.4874
2043-02-22,20.2767,0.0303,48.9662,9.7346,420.7219,14.4272,88.8234,5.9143,26.5761,10.7016
2043-02-23,18.2949,0.0148,48.6737,11.7595,423.7190,15.8413,88.8724,6.5958,28.9745,12.2483
2043-02-24,18.0886,0.0000,49.0675,15.3061,426.6789,17.2296,88.8062,7.8118,31.2994,14.5671
2043-02-25,17.7221,0.0000,49.3055,13.8387,429.5729,18.5850,88.7149,7.1606,33.5421,14.1231
2043-02-26,18.1374,0.0000,48.2438,10.2017,432.5416,19.9993,88.7638,6.0036,35.8542,12.7497
2043-02-27,20.6354,0.0000,40.3753,7.5171,435.9600,21.8402,89.1256,5.5235,38.8187,12.4649
2043-02-28,22.0917,0.0000,34.5080,7.6098,439.6405,23.9978,90.3050,6.5716,42.2324,14.9458
2043-03-01,20.9301,0.0597,35.7995,9.7218,443.1119,26.4087,90.3544,7.3615,45.9683,17.0369
2043-03-02,19.1181,0.0124,45.8326,11.5841,446.2572,28.2755,89.7308,7.3949,48.8180,17.6457
2043-03-03,18.0214,0.0002,51.5392,11.0372,449.2050,29.8550,88.7021,6.2064,51.2025,15.8741
2043-03-04,18.1431,0.0000,50.0473,10.6823,452.1748,31.4936,88.6483,6.0496,53.6461,15.9679
2043-03-05,17.9225,0.0000,46.5006,11.4049,455.1048,33.2283,88.6972,6.3181,56.1987,16.9178
2043-03-06,18.4363,0.0000,46.8964,12.1415,458.1274,34.9968,88.7461,6.6032,58.7698,17.9072
2043-03-07,19.1193,0.0000,44.0469,10.6361,461.2728,36.9252,88.7951,6.1640,61.5356,17.4420
2043-03-08,19.6454,0.0000,43.3419,9.0670,464.5130,38.9288,88.8440,5.7356,64.3710,16.9390
2043-03-09,19.7421,0.0000,41.2392,6.0137,467.7706,41.0164,88.9050,4.9609,67.2835,15.5584
2043-03-10,20.4812,0.0000,37.1841,6.0619,471.1612,43.3273,89.5959,5.4914,70.4568,17.2267
2043-03-11,20.2724,0.0002,36.5314,7.8652,474.5142,45.6395,89.8301,6.2191,73.5852,19.3310
2043-03-12,21.0877,0.0000,34.8881,5.0832,478.0140,48.1021,90.2322,5.7261,76.8667,18.6310
2043-03-13,22.0079,0.0000,31.9377,6.7622,481.6794,50.7831,90.9219,6.8768,80.3801,21.7741
2043-03-14,21.1383,0.0000,34.5968,8.9178,485.1883,53.2623,90.9715,7.7203,83.5854,24.1253
2043-03-15,20.0565,0.0000,36.0658,11.9400,488.5025,55.5680,91.0212,9.0542,86.5290,27.4298
2043-03-16,20.1712,0.0000,32.9248,11.9255,491.8373,58.0001,91.0709,9.1118,89.5884,28.0373
2043-03-17,21.1341,0.0000,34.7635,10.0931,495.3455,60.4726,91.1206,8.3672,92.6638,26.8955
2043-03-18,21.1369,0.0000,37.1697,10.5443,498.8541,62.8542,91.1703,8.6204,95.5962,27.8774
2043-03-19,21.1702,0.0000,39.4436,12.7105,502.3687,65.1530,91.0443,9.4436,98.4014,30.0781
2043-03-20,22.0645,0.0002,40.2923,9.5111,506.0443,67.5106,91.0134,8.0022,101.2517,27.2366
2043-03-21,23.6424,0.0000,36.8321,7.2260,510.0040,70.1748,91.0631,7.1825,104.4274,25.6510
2043-03-22,23.8668,0.0043,37.2140,8.1476,514.0040,72.8468,91.1128,7.5774,107.5777,26.9861
2043-03-23,22.1485,0.0062,45.6537,8.3028,517.6947,75.0006,90.3144,6.8144,110.1180,25.3436
2043-03-24,21.7524,0.8104,53.1465,4.4114,521.3141,76.8257,85.7926,2.9378,112.2835,13.7935
2043-03-25,25.4198,0.0000,36.9575,5.6841,525.5937,79.6756,89.7878,5.5381,115.5574,22.3845
2043-03-26,25.8462,0.0000,34.2159,8.0377,529.9500,82.6972,91.0562,7.4751,118.9787,27.9314
2043-03-27,28.1376,0.0000,24.9210,7.4932,534.7188,86.4390,93.2969,9.9779,123.1208,34.3832
2043-03-28,28.2639,0.1310,27.4944,8.3270,539.5103,90.0682,93.3473,10.4796,127.0928,35.9368
2043-03-29,28.6207,0.1060,25.5366,8.2165,544.3660,93.8407,93.5243,10.6818,131.1573,36.7995
2043-03-30,28.2382,0.0002,23.7046,7.7084,549.1529,97.6562,93.8422,10.8824,135.2039,37.6347
2043-03-31,29.1093,0.0000,21.0637,7.6697,554.0966,101.7210,94.5391,11.9598,139.4441,40.4105
2043-04-01,29.8757,0.0000,19.8273,8.7742,560.4282,107.7416,94.9826,13.4388,145.5356,44.1051
2043-04-02,27.1418,0.0637,28.8975,8.8870,566.2678,112.6098,94.2788,12.2681,150.4314,41.9867
2043-04-03,24.3859,0.0002,33.5142,10.3749,571.6112,116.7176,93.0614,11.1636,154.5441,39.7877
2043-04-04,23.7948,0.0000,30.7079,9.3899,576.8483,120.8996,93.0946,10.6725,158.6644,38.8963
2043-04-05,25.3128,0.0000,28.8971,9.1654,582.3586,125.4526,93.1450,10.6271,163.0785,39.0378
2043-04-06,27.7440,0.0000,23.9253,8.2799,588.3065,130.7722,93.6814,10.9528,168.1185,40.0726
2043-04-07,28.8413,0.0077,23.2857,7.6339,594.4519,136.3407,94.0337,11.1333,173.3084,40.7451
2043-04-08,29.1479,0.0238,24.7533,6.6405,600.6525,141.8586,94.0844,10.6643,178.3897,39.8401
2043-04-09,25.9940,0.0735,41.3422,10.8468,606.2855,145.7115,91.9733,9.8092,182.0442,37.8673
2043-04-10,22.8991,1.1967,51.3228,11.5416,611.3613,148.5436,84.9568,3.7473,184.8213,19.6011
2043-04-11,22.7994,0.1169,47.0146,9.1016,616.4192,151.6136,87.6726,4.8572,187.7688,23.6609
2043-04-12,18.7960,6.9926,62.2069,14.6164,581.1129,75.4944,61.9298,0.9559,113.9724,5.2203
2043-04-13,20.1596,0.2028,46.6372,9.3056,585.6957,78.2447,80.9455,2.0138,117.3100,10.4127
2043-04-14,20.9823,1.9239,49.9438,10.1816,590.4265,72.8780,78.4948,1.6424,111.3847,8.5202
2043-04-15,21.7057,0.2061,40.7715,7.5104,595.2875,76.1527,86.8754,4.0011,115.3990,17.6714
2043-04-16,18.6369,2.3889,58.9164,11.1841,599.5962,65.6243,74.1374,1.2870,103.0517,6.5282
2043-04-17,19.7359,0.2399,45.8629,8.1881,604.1026,68.3589,84.3898,2.9294,106.5698,13.4008
2043-04-18,21.9409,0.0809,39.7829,6.8465,609.0060,71.7226,88.4208,4.8262,110.8177,19.8972
2043-04-19,22.7040,0.0141,39.1124,11.1222,614.0467,75.2363,89.5651,7.0551,115.1888,26.4807
2043-04-20,16.8482,7.3569,77.5333,11.3528,576.1171,44.0765,50.6030,0.3125,73.9995,0.6988
2043-04-21,16.8117,11.7972,79.0084,11.3012,514.8903,22.0288,37.5892,0.0379,39.8006,0.0543
2043-04-22,19.7472,4.4318,57.4848,12.1009,502.5825,16.6522,57.8019,0.6476,30.7568,0.7776
2043-04-23,21.2758,0.8868,48.9494,8.6220,507.3661,19.4215,77.6698,1.4157,35.4505,3.2287
2043-04-24,22.9780,0.0063,40.7738,5.7213,512.4562,22.8787,86.8328,3.6342,41.1631,9.1302
2043-04-25,26.7369,0.0000,30.6911,4.1440,518.2228,27.5561,91.2439,6.3097,48.6454,15.6351
2043-04-26,30.9843,0.0000,23.2748,6.4541,524.7540,33.5240,94.1244,10.6233,57.8142,24.9737
2043-04-27,28.8173,0.0852,31.5445,8.8663,530.8951,38.4890,93.8772,11.5924,65.1668,28.1629
2043-04-28,25.3115,1.0723,40.2030,11.2617,536.4052,42.3178,88.3514,5.9690,70.6929,18.3575
2043-04-29,22.2607,2.9823,52.9828,13.2148,532.3973,36.1608,76.3730,1.6213,61.8239,5.7043
2043-04-30,20.9823,6.9017,61.4576,16.3349,505.2185,22.5521,63.7900,1.1413,40.5762,2.7704
2043-05-01,20.2767,7.9695,61.3728,13.7704,475.6978,14.1470,58.6524,0.7492,26.3360,0.8112
2043-05-02,18.9901,8.3157,70.7757,12.0831,446.6681,8.7787,50.1427,0.3069,16.7351,0.2491
2043-05-03,20.2607,2.7189,53.0218,12.3344,452.7190,8.8352,67.5565,1.0770,16.8483,0.8777
2043-05-04,20.9806,0.8101,47.7878,6.3608,458.8995,11.8703,80.4563,1.6447,22.2986,2.6396
2043-05-05,22.7748,0.5802,43.9161,8.6709,465.4030,15.3954,86.7580,4.1720,28.4389,8.2673
2043-05-06,24.3329,0.0000,37.1765,5.7491,472.1869,19.6018,89.7382,5.5169,35.5176,11.8563
2043-05-07,28.3836,0.0000,30.7068,7.8471,479.6999,24.9804,92.0903,8.5737,44.2057,18.6862
2043-05-08,30.5230,0.0003,27.1395,5.5056,487.5981,31.0462,93.3661,9.1146,53.5658,21.5625
2043-05-09,32.1548,0.0000,26.5762,5.1986,495.7899,37.4744,93.8685,9.6246,63.0371,24.3533
2043-05-10,31.1705,0.0325,32.5748,8.8503,503.8046,43.2026,93.9191,11.6505,71.1516,29.5232
2043-05-11,29.3109,0.7843,36.0916,14.4620,511.4846,48.3192,91.0112,10.2665,78.1756,28.3994
2043-05-12,27.1619,0.3090,33.3586,16.2984,518.7777,53.2776,91.6062,12.2561,84.7866,33.3112
2043-05-13,28.0629,0.0004,22.1081,17.1783,526.2330,59.2579,93.9982,17.9208,92.4806,44.4641
2043-05-14,28.0113,0.2041,22.4060,12.1144,533.6791,65.2047,94.1210,14.1229,99.8962,39.5283
2043-05-15,29.3464,0.0389,21.7995,5.8898,541.3654,71.4728,94.4514,10.8025,107.4733,34.2651
2043-05-16,31.3647,0.0000,24.5138,7.2484,549.4151,77.9245,94.5022,11.6492,115.0535,37.0651
2043-05-17,32.2749,0.0005,23.8935,9.5355,557.6286,84.6116,94.5530,13.1641,122.6845,41.1460
2043-05-18,30.2656,0.0006,27.2465,10.0626,565.4804,90.6192,94.6039,13.6134,129.3979,42.8558
2043-05-19,33.9055,0.0000,23.2527,6.6584,573.9874,97.6921,94.9093,11.9588,137.0638,40.1901
2043-05-20,31.7602,0.0000,24.7683,14.5080,582.1082,104.2003,94.9603,17.8857,143.9716,52.6423
2043-05-21,33.4741,0.0000,15.6782,12.0155,590.5375,111.8755,96.4683,19.3599,151.8379,56.0783
2043-05-22,35.2199,0.0000,15.0027,9.1427,599.2811,120.0027,96.9501,17.8693,159.9385,54.0342
2043-05-23,35.8649,0.0000,19.1598,7.9624,608.1408,127.8698,97.0018,16.9542,167.6257,52.8269
2043-05-24,36.0789,0.1017,23.1584,6.4049,617.0390,135.3910,96.7922,15.2409,174.8615,49.8310
2043-05-25,33.1881,0.0050,20.2430,12.8431,625.4168,142.5906,96.8210,21.1632,181.6461,61.4309
2043-05-26,34.0386,0.0000,23.5629,6.6019,633.9478,149.6616,96.4240,14.6502,188.2303,49.2031
2043-05-27,36.0544,0.0000,21.7170,8.2009,642.8416,157.3189,96.4755,15.9899,195.2076,52.2323
2043-05-28,36.5221,0.0000,19.1388,9.1951,651.8196,165.3279,96.5270,16.9282,202.3471,54.3529
2043-05-29,37.2103,0.0654,19.3447,7.2182,660.9214,173.4626,96.5785,15.4296,209.4783,51.5028
2043-05-30,35.4930,0.6258,26.0922,8.6377,669.7141,180.5826,94.5018,12.4934,215.7365,45.2237
2043-05-31,27.4056,0.0000,29.7356,18.1108,677.0512,185.8556,94.0204,18.8410,220.4342,58.5478
2043-06-01,24.8739,0.0000,18.8026,14.0500,684.9325,191.4080,94.4119,16.2083,225.3664,53.4512
2043-06-02,28.6469,0.0000,15.6639,9.4069,693.4929,198.0126,95.6813,15.2618,231.0770,51.5812
2043-06-03,31.4191,0.0000,18.6250,8.3616,702.5523,204.9793,95.7326,14.5798,237.0512,50.2130
2043-06-04,34.8958,0.0000,14.2965,9.2874,712.2376,213.1009,97.0150,18.1569,243.8229,57.6258
2043-06-05,34.7010,0.0013,18.1654,7.6067,721.8878,220.8140,97.0667,16.7981,250.2552,55.0018
2043-06-06,32.8066,0.0981,28.6518,10.7931,731.1970,227.1829,95.4076,15.7676,255.7286,52.9378
2043-06-07,29.6838,0.0000,30.4796,13.2349,739.9440,232.8170,94.3861,15.5008,260.6253,52.4207
2043-06-08,30.6354,0.0000,29.6100,10.9664,748.8624,238.6980,94.4369,13.9237,265.6822,49.0557
2043-06-09,30.8007,0.0187,32.5236,10.4201,757.8105,244.3649,94.0460,12.8332,270.5914,46.6277
2043-06-10,31.3880,0.0003,26.3357,11.0805,766.8644,250.6654,94.0967,13.3610,275.8845,47.8590
2043-06-11,28.9811,0.0000,27.4261,13.4484,775.4850,256.4128,94.1474,15.1602,280.7510,51.8285
2043-06-12,28.3251,0.0000,29.3787,12.1142,783.9875,261.8836,94.1465,14.1727,285.4159,49.7131
2043-06-13,32.5554,0.0000,20.6001,7.6167,793.2515,268.9186,95.2039,13.0671,291.1131,47.2590
2043-06-14,36.8836,0.0000,14.9712,7.6117,803.2945,277.4213,97.1431,16.9745,297.7604,55.6683
2043-06-15,38.6458,0.0000,14.2953,8.7274,813.6547,286.3892,97.6341,19.1681,304.6780,60.0069
2043-06-16,37.2638,0.0000,19.1276,10.0431,823.7662,294.5573,97.6860,20.6233,311.0533,62.7628
2043-06-17,38.0173,0.0000,16.4341,8.0397,834.0133,303.1631,97.7379,18.7715,317.6565,59.2814
2043-06-18,38.4330,0.0000,17.4480,8.5146,844.3353,311.7549,97.7898,19.3587,324.2249,60.4230
2043-06-19,38.3824,0.0000,16.2874,9.7026,854.6481,320.4563,97.8417,20.6947,330.8119,62.9420
2043-06-20,35.7573,0.0000,20.6178,11.8807,864.4884,328.1589,97.3074,21.5146,336.7464,64.4529
2043-06-21,32.2258,0.0000,32.1110,15.8925,873.6931,334.1152,94.6773,18.4473,341.6236,58.6965
2043-06-22,30.7141,0.0000,25.2634,14.3978,882.6256,340.3748,94.7282,17.2291,346.5967,56.2895
2043-06-23,29.2100,0.0126,27.5210,13.8142,891.2874,346.1584,94.6799,16.6192,351.2603,55.0562
2043-06-24,30.9233,0.0000,23.2977,10.6235,900.2576,352.6249,94.7308,14.2503,356.3247,50.0370
2043-06-25,32.7852,0.0000,19.7934,10.8378,909.5629,359.7799,95.4604,15.9172,361.7913,53.6140
2043-06-26,28.3608,0.0000,31.1119,18.1154,918.0719,365.1229,94.0780,18.9962,366.1728,59.7860
2043-06-27,26.5348,0.0047,31.9628,14.5313,926.2522,370.0728,93.4788,14.5908,370.2867,50.7924
2043-06-28,30.4036,0.0000,23.5932,6.4673,935.1288,376.4099,94.1896,10.7267,376.3696,41.7988
2043-06-29,33.5410,0.0000,20.6189,10.3771,944.5702,383.6493,95.3737,15.3693,383.5483,52.4734
2043-06-30,35.0368,0.0000,14.9781,13.0107,954.2808,391.7379,96.8852,21.5270,391.5610,64.5279
2043-07-01,33.8495,0.1227,22.3754,10.9243,964.0777,398.1094,96.5833,18.6097,397.8865,59.0566
2043-07-02,36.3169,0.0000,25.1495,5.8078,974.3188,404.6870,96.4208,14.0695,404.4163,49.6633
2043-07-03,38.6725,0.0000,19.3354,7.5900,984.9838,412.2217,96.5730,15.7098,411.8870,53.2031
2043-07-04,39.8341,0.0000,16.6183,9.1022,995.8579,420.2377,97.3233,18.7433,419.8294,59.3223
2043-07-05,40.3932,0.0000,15.7657,8.8152,1006.8327,428.4463,97.6053,19.1796,427.9592,60.1646
2043-07-06,40.3854,0.0000,16.0172,8.1430,1017.8061,436.6288,97.6572,18.6688,436.0613,59.1811
2043-07-07,38.6243,0.0000,20.8312,10.6445,1028.4625,444.0148,97.6332,21.1097,443.3789,63.7817
2043-07-08,37.0222,0.0000,23.4038,10.8021,1038.8305,450.8727,96.9699,19.4791,450.1757,60.7398
2043-07-09,37.9091,0.0000,16.2157,10.0711,1049.3581,458.5486,97.1214,19.1584,457.7728,60.1282
2043-07-10,39.4438,0.0000,14.5420,10.2539,1060.1620,466.6859,97.7039,20.8932,465.8216,63.3867
2043-07-11,38.1895,0.0000,16.0538,12.4457,1070.7401,474.4319,97.7558,23.4940,473.4839,68.0404
2043-07-12,36.5705,0.0000,20.1633,12.4485,1081.0268,481.4952,97.4732,22.6326,480.4748,66.5282
2043-07-13,36.8411,0.0000,21.0104,9.4127,1091.3622,488.5337,97.3262,19.0461,487.4407,59.9148
2043-07-14,37.5466,0.0000,19.0554,9.6302,1101.8246,495.8805,97.3779,19.3892,494.7073,60.5718
2043-07-15,38.1977,0.0000,17.2873,9.1185,1112.4042,503.5143,97.4297,19.0262,502.2534,59.8770
2043-07-16,39.3632,0.0000,14.6311,9.0489,1123.1936,511.6270,97.6822,19.6057,510.2668,60.9840
2043-07-17,37.8407,0.0000,17.3948,11.8247,1133.7089,519.1816,97.7341,22.7045,517.7315,66.6572
2043-07-18,38.0506,0.0000,18.6481,10.6308,1144.2620,526.6617,97.7860,21.5263,525.1223,64.5465
2043-07-19,38.7417,0.0000,15.5265,10.0633,1154.9395,534.5659,97.8379,21.0636,532.9259,63.7028
2043-07-20,40.2382,0.0000,16.7568,6.7978,1165.8864,542.6476,97.8898,17.9910,540.9031,57.8606
2043-07-21,42.2317,0.0000,16.5487,9.4995,1177.1921,551.1402,97.9418,20.7569,549.2817,63.1387
2043-07-22,42.9420,0.0000,16.4417,6.3600,1188.6256,559.7831,97.9938,17.8418,557.8056,57.5655
2043-07-23,43.9820,0.0000,14.3455,7.4563,1200.2464,568.8520,98.4466,20.0131,566.7433,61.7539
2043-07-24,42.5802,0.0000,14.1807,8.6075,1211.6148,577.6558,98.4988,21.3540,575.4182,64.2338
2043-07-25,41.1096,0.0000,18.1334,7.8743,1222.7186,585.7714,98.5509,20.7207,583.4194,63.0721
2043-07-26,43.4445,0.0000,13.0906,8.8033,1234.2426,594.8635,98.6110,21.8854,592.3712,65.1962
2043-07-27,42.5767,0.0000,13.6675,10.0762,1245.6104,603.7192,98.6632,23.4952,601.0894,68.0456
2043-07-28,40.0876,0.0000,22.3342,9.8672,1256.5301,611.2320,97.7385,20.5839,608.4976,62.8192
2043-07-29,39.4320,0.0000,19.5284,11.9037,1267.3319,618.8922,97.7904,22.9657,616.0460,67.1190
2043-07-30,40.2839,0.0000,14.9684,7.7431,1278.2870,627.1566,97.8423,18.7505,624.1802,59.3463
2043-07-31,39.1776,0.0000,22.4404,11.4584,1289.0430,634.4933,97.4676,21.5151,631.4114,64.5270
2043-08-01,39.9718,0.0000,16.0110,12.5641,1299.2419,641.6149,97.5194,22.9050,638.4264,67.0122
2043-08-02,39.7058,0.0000,11.0299,12.2642,1309.3929,649.1099,98.4533,25.5219,645.8011,71.5037
2043-08-03,40.2810,0.0000,9.3908,11.3770,1319.6475,656.8506,98.8590,25.7373,653.4132,71.8634
2043-08-04,40.4124,0.0000,9.0674,13.1479,1329.9258,664.6436,98.9433,28.4509,661.0744,76.2766
2043-08-05,39.6993,0.4507,12.1030,10.3320,1340.0756,672.0470,98.9956,24.8562,668.3557,70.3829
2043-08-06,39.5670,0.1152,16.1620,8.7475,1350.2017,679.0856,98.7524,22.2314,675.2827,65.8171
2043-08-07,37.1275,0.0000,33.9744,11.3795,1359.8886,684.2963,95.1892,15.7634,680.4367,53.3267
2043-08-08,36.4824,0.0000,34.6665,11.1014,1369.4595,689.3654,94.6171,14.3711,685.4522,50.3399
2043-08-09,38.5341,0.2807,29.2448,9.4811,1379.3996,695.1548,94.6680,13.3374,691.1677,48.0350
2043-08-10,39.1906,0.0342,26.1028,9.2319,1389.4579,701.3014,95.2092,14.1853,697.2292,49.9315
2043-08-11,38.9160,0.0199,22.3437,8.2111,1399.4668,707.7167,95.9472,14.8971,703.5486,51.4834
2043-08-12,35.9445,0.0164,23.9898,5.7036,1408.9408,713.5298,95.9985,13.2204,709.2792,47.7691
2043-08-13,36.1383,0.8273,26.2846,11.3175,1418.4497,719.1968,94.2948,13.8970,714.8687,49.2927
2043-08-14,31.3444,0.0000,27.0487,14.1290,1427.0957,724.0831,94.3455,16.1247,719.6934,54.0817
2043-08-15,34.0309,0.0000,21.8584,6.7830,1436.2253,729.7504,95.1940,12.5126,725.2774,46.1365
2043-08-16,36.8240,0.0000,17.5362,8.4793,1445.8576,736.2067,96.6003,16.4901,731.6279,54.8371
2043-08-17,35.7791,0.0000,17.6642,10.0833,1455.3018,742.4754,96.6518,18.0025,737.7942,57.8839
2043-08-18,35.8087,0.0000,17.0099,9.5141,1464.7514,748.7989,96.7034,17.6150,744.0126,57.1149
2043-08-19,36.7419,0.0000,15.7519,7.9751,1474.3689,755.3806,97.0293,17.0277,750.4810,55.9344
2043-08-20,37.3282,0.0000,19.2245,7.3024,1484.0920,761.7888,97.0810,16.5741,756.7827,55.0097
2043-08-21,36.9428,0.0000,25.6687,11.1718,1493.7457,767.6267,96.4806,18.5849,762.5335,59.0250
2043-08-22,37.0446,0.0000,22.3539,12.5777,1503.4177,773.7411,96.5321,20.0880,768.5502,61.8947
2043-08-23,37.6268,0.0037,20.0014,10.5180,1513.1945,780.1370,96.5836,18.2334,774.8384,58.3383
2043-08-24,39.1094,0.0004,20.9622,7.9754,1523.2382,786.6980,96.6352,16.1522,781.2882,54.1387
2043-08-25,39.4316,0.0056,24.2433,7.1780,1533.3399,793.0370,96.6867,15.6238,787.5245,53.0329
2043-08-26,39.3755,0.0000,22.0293,8.8217,1543.4315,799.5522,96.7383,17.0907,793.9293,56.0621
2043-08-27,37.5156,0.0000,21.5366,8.1832,1553.1883,805.8074,96.7899,16.6645,800.0785,55.1948
2043-08-28,37.2908,0.0000,23.3381,7.5153,1562.9047,811.8833,96.8415,16.2247,806.0542,54.2891
2043-08-29,38.0294,0.0000,22.0871,6.7241,1572.7540,818.1772,96.8931,15.6987,812.2405,53.1908
2043-08-30,38.1290,0.0000,22.3871,7.1725,1582.6212,824.4628,96.9447,16.1688,818.4183,54.1732
2043-08-31,39.6453,0.0000,16.0991,6.6376,1592.7613,831.5203,97.4087,16.7435,825.3403,55.3563
2043-09-01,37.9596,0.0000,16.6357,10.8543,1601.2981,837.3175,97.4605,20.8505,831.0283,63.3118
2043-09-02,36.4866,0.0000,21.5906,9.2996,1609.5696,842.5644,97.1817,18.5768,836.1838,59.0093
2043-09-03,36.6446,0.0000,25.4985,7.1075,1617.8697,847.5709,96.5134,15.2102,841.1084,52.1552
2043-09-04,38.3461,0.0000,22.7236,6.1054,1626.4760,852.9979,96.5649,14.5617,846.4405,50.7565
2043-09-05,35.0057,0.0000,28.8310,15.3106,1634.4810,857.5727,95.5541,20.1972,850.9460,62.0993
2043-09-06,34.0555,0.0000,21.0957,13.1172,1642.3150,862.5113,95.6053,18.2103,855.7973,58.2930
2043-09-07,35.3538,0.0000,12.8044,9.0509,1650.3827,868.1703,97.3948,18.8737,861.3424,59.5846
2043-09-08,36.7081,0.0000,13.8670,7.7808,1658.6941,873.9681,97.4499,17.8337,867.0233,57.5498
2043-09-09,36.7208,0.0000,16.1663,9.0553,1667.0079,879.6130,97.5017,19.1479,872.5569,60.1123
2043-09-10,36.3470,0.0000,17.8351,12.1583,1675.2543,885.0909,97.5535,22.5432,877.9289,66.3725
2043-09-11,34.2958,0.0000,26.7524,10.9015,1683.1316,889.7067,96.0077,17.2001,882.4692,56.2829
2043-09-12,33.2945,0.0000,36.8551,9.3879,1690.8286,893.5734,93.9089,11.9535,886.2891,44.8169
2043-09-13,33.2835,0.0000,35.6370,8.0136,1698.5236,897.5134,93.8195,11.0162,890.1790,42.5399
2043-09-14,35.8372,0.0000,25.7730,5.9250,1706.6783,902.3946,94.6627,11.1413,894.9769,42.8488
2043-09-15,36.4561,0.0000,27.7563,7.1374,1714.9444,907.2251,94.7136,11.9263,899.7275,44.7521
2043-09-16,35.2877,0.0000,20.8622,9.3750,1723.0002,912.3519,95.6347,15.1410,904.7580,52.0074
2043-09-17,32.9165,0.0000,22.6630,9.3264,1730.6291,917.0355,95.6859,15.2094,909.3574,52.1536
2043-09-18,33.1437,0.0000,20.2844,5.4993,1738.2990,921.8955,95.7371,12.6294,914.1257,46.4089
2043-09-19,33.6625,0.0000,27.5725,6.9256,1746.0623,926.3780,95.4958,13.1325,918.5342,47.5687
2043-09-20,32.9142,0.0000,23.8329,11.6210,1753.6908,930.9905,95.5470,16.7543,923.0645,55.3785
2043-09-21,33.4892,0.0000,17.5414,11.3062,1761.4229,936.0684,96.0989,17.7723,928.0409,57.4281
2043-09-22,33.2085,0.0000,18.6258,9.9854,1769.1044,941.0389,96.1502,16.7438,932.9134,55.3570
2043-09-23,33.1530,0.0000,19.8103,7.5838,1776.7759,945.9290,96.2016,14.9386,937.7085,51.5730
2043-09-24,34.0590,0.0000,17.4930,4.8485,1784.6106,951.0936,96.2530,13.1058,942.7680,47.5077
2043-09-25,35.2274,0.0000,15.8331,5.9087,1792.6555,956.5372,96.7582,14.7969,948.0967,51.2672
2043-09-26,34.0184,0.0000,16.8622,6.5952,1800.4828,961.7353,96.8098,15.4241,953.1869,52.6105
2043-09-27,32.6725,0.0000,23.1025,6.7975,1808.0678,966.3589,96.3258,14.6009,957.7242,50.8420
2043-09-28,32.3977,0.0030,27.4490,6.8710,1815.6034,970.6857,95.4773,13.0634,961.9771,47.4106
2043-09-29,27.4548,24.7708,48.7426,12.7197,905.8333,91.5868,70.5574,1.2092,146.2149,7.4121
2043-09-30,26.6270,8.4658,65.3379,12.5584,815.8636,51.6142,64.1440,0.9583,89.1316,4.3925
2043-10-01,25.3500,0.2927,60.0620,7.1095,821.1306,53.2148,80.5580,1.7269,91.5905,7.9069
2043-10-02,27.7832,0.0012,46.4063,3.7326,826.8356,55.5603,87.5310,3.6316,95.1383,14.8915
2043-10-03,29.6808,0.0000,45.9601,8.0601,832.8822,58.0807,89.4252,5.9261,98.9166,21.8238
2043-10-04,29.9092,0.0563,46.4689,7.0335,838.9698,60.5958,89.6366,5.8006,102.6556,21.8920
2043-10-05,30.4584,0.0199,44.6115,5.5161,845.1563,63.2444,90.0338,5.6885,106.5546,21.9816
2043-10-06,29.4928,0.0000,45.9039,7.9122,851.1690,65.7520,90.0832,6.4640,110.2183,24.4379
2043-10-07,28.7722,0.3046,50.5633,12.3143,857.0520,67.9896,90.1326,8.1267,113.4745,28.9861
2043-10-08,27.9017,0.1010,58.7584,10.6739,862.7783,69.8019,88.9308,6.2973,116.1179,24.5563
2043-10-09,26.0892,5.5002,67.5958,9.5456,815.7027,45.3206,66.5853,0.9053,79.5865,3.7659
2043-10-10,26.0605,1.7619,60.0875,6.6017,821.0976,44.0389,75.2242,1.0818,77.6642,4.4847
2043-10-11,25.7807,0.0453,52.6248,5.7957,826.4421,45.9685,84.9738,2.8119,80.7133,11.0513
2043-10-12,25.4881,0.0027,49.2657,7.7344,831.7340,48.0124,87.7660,4.5948,83.9147,16.5994
2043-10-13,26.5817,0.0026,40.3049,4.7210,837.2227,50.5162,89.7862,5.2746,87.7898,18.8498
2043-10-14,26.4268,0.0034,40.4357,6.3926,842.6835,53.0005,90.1207,6.0198,91.5984,21.2181
2043-10-15,21.7811,0.0282,41.1553,12.7765,847.3081,55.0406,90.1701,8.3630,94.7018,27.1781
2043-10-16,22.2157,0.0088,30.7645,6.5496,852.0109,57.4866,91.1325,7.0108,98.3787,24.5075
2043-10-17,23.1470,0.2667,49.4060,7.9060,856.8814,59.3454,89.9160,6.3091,101.1732,23.0721
2043-10-18,25.3907,0.0027,43.2380,5.1351,862.1557,61.6237,89.9653,5.5258,104.5630,21.3363
2043-10-19,26.3429,0.0000,41.0149,6.5340,867.6014,64.0764,90.0494,6.0012,108.1790,22.9957
2043-10-20,24.5719,0.0000,43.3993,8.2490,872.7283,66.2780,90.0987,6.5893,111.4049,24.8878
2043-10-21,26.6059,0.0000,34.6266,5.9494,878.2214,69.0224,91.1355,6.8048,115.3755,25.8456
2043-10-22,27.3521,0.0000,36.3464,4.9994,883.8488,71.7666,91.1852,6.5328,119.3132,25.4842
2043-10-23,27.2679,0.0000,37.1755,5.6601,889.4610,74.4670,91.2349,6.8020,123.1568,26.5467
2043-10-24,25.1293,0.0000,40.1640,4.9853,894.6883,76.8450,91.2847,6.6212,126.5224,26.3343
2043-10-25,25.1330,0.0091,42.5523,4.2236,899.9162,79.1284,91.1643,6.2637,129.7377,25.5836
2043-10-26,26.6183,0.0006,40.6769,5.9149,905.4115,81.6199,91.2140,6.8694,133.2171,27.5292
2043-10-27,30.0316,0.0443,28.6906,9.1392,911.5212,84.9836,92.9287,10.2965,137.8394,36.5252
2043-10-28,27.0628,0.0173,39.6389,9.1372,917.0965,87.5594,92.1642,9.2456,141.3746,34.2971
2043-10-29,27.0716,0.1065,47.6216,5.6534,922.6734,89.7952,90.8712,6.4564,144.4464,27.1007
2043-10-30,28.2893,0.0154,42.2068,5.0732,928.4695,92.3688,90.9208,6.3149,147.9424,26.8847
2043-10-31,27.0227,0.1632,41.5849,8.6338,934.0375,94.8579,90.9705,7.6095,151.3016,30.7212
2043-11-01,25.2215,0.1532,47.4067,9.1226,938.2814,96.6933,90.4059,7.1953,153.7701,29.7124
2043-11-02,24.4834,0.4813,53.3020,8.6373,942.3924,98.2772,89.3656,6.0491,155.9074,26.4873
2043-11-03,24.6905,0.1329,52.4434,8.8535,946.5407,99.9033,89.3197,6.0752,158.0918,26.6628
2043-11-04,24.3154,0.1187,51.5715,9.5398,950.6215,101.5351,89.3688,6.3335,160.2735,27.5322
2043-11-05,24.0827,0.3645,51.6717,10.9404,954.6604,103.1487,89.3446,6.7730,162.4237,28.9166
2043-11-06,22.9075,0.0116,51.8560,14.2103,958.4877,104.6811,89.1510,7.7674,164.4588,31.8098
2043-11-07,20.8541,0.0023,51.4692,11.4245,961.9454,106.0936,88.9035,6.5145,166.3266,28.3158
2043-11-08,20.6042,0.0068,50.3082,8.7504,965.3582,107.5235,88.9525,5.7334,168.2086,26.0020
2043-11-09,20.4413,0.0819,47.9728,7.7430,968.7416,109.0094,89.0015,5.4881,170.1521,25.2889
2043-11-10,20.1234,0.0955,50.2273,8.3720,972.0679,110.4099,88.9469,5.6206,171.9839,25.7701
2043-11-11,20.7926,0.0000,49.0293,6.6373,975.5145,111.8894,88.9959,5.1865,173.9108,24.4241
2043-11-12,21.4565,0.0000,47.3015,6.2848,979.0807,113.4653,89.0449,5.1312,175.9528,24.2990
2043-11-13,21.9936,0.0000,44.7892,7.4248,982.7435,115.1557,89.0939,5.4729,178.1294,25.4778
2043-11-14,22.5110,0.0000,42.0809,6.8756,986.4995,116.9688,89.2006,5.4057,180.4484,25.3215
2043-11-15,22.7271,0.0000,39.7583,3.7235,990.2944,118.8718,89.5793,4.8694,182.8668,23.5942
2043-11-16,22.9570,0.0000,41.3728,4.4009,994.1307,120.7417,89.6285,5.0741,185.2384,24.3413
2043-11-17,19.7707,0.1626,59.0993,5.5744,997.3934,121.8735,87.9351,4.2220,186.7106,21.4007
2043-11-18,21.7280,0.0644,56.2510,4.0440,1001.0084,123.1976,87.9837,3.9360,188.4210,20.3799
2043-11-19,22.2314,0.0419,54.2888,6.4240,1004.7141,124.6115,88.0324,4.4686,190.2369,22.3541
2043-11-20,21.9624,0.0163,51.4319,7.5649,1008.3713,126.0966,88.0811,4.7662,192.1289,23.4339
2043-11-21,21.4577,0.0558,48.7462,9.4076,1011.9377,127.6294,88.1299,5.2666,194.0675,25.1688
2043-11-22,21.4606,0.0608,52.1316,10.3819,1015.5046,129.0612,88.1786,5.5704,195.8846,26.2027
2043-11-23,21.3351,0.0449,52.8665,7.3595,1019.0489,130.4631,88.2274,4.8170,197.6623,23.7088
2043-11-24,20.6068,0.1225,57.1832,4.2249,1022.4621,131.6954,87.9326,3.9431,199.2357,20.5829
2043-11-25,19.1395,0.0982,65.0208,5.4910,1025.6112,132.6340,86.6557,3.5031,200.4587,18.9041
2043-11-26,20.6060,0.0050,51.2756,6.8508,1029.0243,134.0362,87.1213,4.0082,202.2212,20.8695
2043-11-27,19.7783,0.0000,50.0169,8.1453,1032.2884,135.4197,87.3062,4.3926,203.9515,22.3063
2043-11-28,19.1906,0.0000,49.4212,8.1845,1035.4467,136.7803,87.3593,4.4348,205.6469,22.4815
2043-11-29,19.2129,0.0000,51.3290,5.6918,1038.6090,138.0911,87.4077,3.9385,207.2826,20.6729
2043-11-30,17.7858,0.1007,55.9826,4.9687,1041.5145,139.1932,87.4562,3.8239,208.6679,20.2537
2043-12-01,18.8420,0.7418,68.3994,3.5536,1044.6100,139.9094,82.9882,1.9284,209.6278,12.0473
2043-12-02,20.0323,0.3246,57.4380,7.6217,1047.9199,140.9315,85.2221,3.1901,210.9410,17.7615
2043-12-03,18.3133,0.0000,51.5094,7.1586,1050.9203,142.0013,86.3903,3.6697,212.2904,19.6978
2043-12-04,18.5799,0.0002,49.4877,7.0316,1053.9686,143.1309,87.0192,3.9865,213.7072,20.9276
2043-12-05,19.2147,0.0404,51.2888,6.3845,1057.1313,144.2555,87.0676,3.8852,215.1223,20.5584
2043-12-06,18.9441,0.1125,54.6313,6.5573,1060.2452,145.2889,87.1159,3.9463,216.4318,20.8040
2043-12-07,19.1728,0.2630,55.6312,6.0035,1063.4003,146.3110,87.1644,3.8643,217.7296,20.5041
2043-12-08,19.7018,0.1852,54.1049,6.5763,1066.6507,147.3960,87.2128,4.0050,219.1005,21.0519
2043-12-09,20.2867,0.2121,53.2243,8.2517,1070.0063,148.5328,87.2612,4.3880,220.5326,22.4842
2043-12-10,21.0711,0.1222,52.3294,5.7030,1073.5031,149.7339,87.3097,3.8859,222.0411,20.6264
2043-12-11,21.5588,0.0006,45.6851,7.4449,1077.0876,151.1324,88.1652,4.7949,223.7690,23.9681
2043-12-12,21.4009,0.0763,42.6116,6.0626,1080.6438,152.5999,88.7640,4.8735,225.5676,24.2601
2043-12-13,18.1991,0.8148,68.5393,7.0936,1083.6236,153.2898,82.8115,2.2538,226.4836,13.7452
2043-12-14,18.2342,2.8017,78.8667,12.1263,1056.5709,100.8793,64.0141,0.9324,162.8799,6.0574
2043-12-15,19.8191,2.4425,80.8512,9.8531,1059.8423,81.0072,59.2428,0.6404,136.0228,3.7975
2043-12-16,19.7839,0.3609,72.8157,6.0185,1063.1074,81.6524,72.6464,0.9294,136.9991,5.6271
2043-12-17,18.6314,0.0408,70.5310,4.3291,1066.1651,82.3131,78.7595,1.2525,137.9921,7.4684
2043-12-18,17.9637,0.1434,65.2618,7.1574,1069.1025,83.0657,82.3731,2.1402,139.1104,11.8117
2043-12-19,14.8285,0.0000,46.3951,7.5863,1071.4757,84.0360,85.6338,3.3718,140.5196,16.8651
2043-12-20,14.1977,0.5787,55.9751,9.3768,1073.7353,84.8014,84.8557,3.3138,141.6372,16.6939
2043-12-21,13.9241,0.6830,56.9284,11.8617,1075.9456,85.5367,83.6525,3.1949,142.7101,16.2847
2043-12-22,11.6445,0.0000,46.2187,8.2268,1077.7456,86.3156,85.6186,3.4750,143.8327,17.3885
2043-12-23,12.1351,0.0000,37.9325,8.9099,1079.6339,87.2492,87.4287,4.6457,145.1692,21.5523
2043-12-24,15.5745,0.0000,39.5911,8.2151,1082.1413,88.3938,88.2257,5.0281,146.8080,22.8797
2043-12-25,15.2947,1.0308,69.1472,4.9036,1084.5984,88.9687,79.8224,1.4295,147.6569,8.6275
2043-12-26,14.9312,1.2023,71.7373,9.0654,1086.9900,89.4835,75.0640,1.2138,148.4212,7.4814
2043-12-27,14.2568,2.5160,61.9421,11.5379,1089.2602,72.7969,67.1023,1.0190,124.7506,5.8631
2043-12-28,13.9317,0.0000,52.7283,6.5188,1091.4719,73.6044,78.5333,1.3703,125.9713,7.7549
2043-12-29,14.3470,0.0002,50.8274,6.7515,1093.7584,74.4676,83.5487,2.4362,127.2721,12.6271
2043-12-30,14.3763,0.0052,52.6642,6.3405,1096.0501,75.3001,85.1468,2.9598,128.5255,14.7612
2043-12-31,14.7731,0.0255,56.5484,3.3089,1098.4133,76.0839,85.3341,2.6071,129.7067,13.4294
2044-01-01,15.6558,0.7731,70.4668,7.7260,1100.9353,76.6931,81.3658,1.9514,130.6354,10.6751
2044-01-02,16.6144,2.4786,69.1053,8.0134,1103.6299,63.9458,67.0207,0.8508,111.7100,4.5726
2044-01-03,16.1808,1.4838,73.4288,11.2318,1106.2464,64.5111,68.5428,1.0519,112.6056,5.6949
2044-01-04,16.7044,4.4060,79.1984,11.3885,1040.5058,44.3947,51.5969,0.3510,80.2315,0.8324
2044-01-05,17.5902,1.7562,81.3299,12.1509,1043.3760,41.9982,57.7551,0.6470,76.3167,2.3744
2044-01-06,18.3703,1.0004,75.4050,13.9824,1046.3866,42.5878,69.3196,1.2384,77.3094,5.1379
2044-01-07,16.3613,8.4282,83.0575,16.0809,918.6222,23.2752,42.9287,0.1322,43.7775,0.2025
2044-01-08,17.7886,1.2754,66.7832,11.4833,921.5281,24.0477,63.5356,0.8835,45.1498,2.1484
2044-01-09,17.1101,3.3740,84.0381,10.2396,895.2323,18.0465,50.3719,0.2875,34.3613,0.3722
2044-01-10,18.9740,1.2304,75.8501,7.6919,898.3516,18.6433,62.3729,0.6901,35.4475,0.9126
2044-01-11,16.9524,0.2396,81.0427,6.7130,901.1070,19.0646,70.9207,0.9042,36.2138,1.7293
2044-01-12,16.8987,1.2789,63.5359,11.2565,903.8528,19.8726,74.5186,1.3165,37.6744,3.1100
2044-01-13,13.7501,0.0000,42.9355,8.2902,906.0318,20.9158,83.2369,2.5278,39.5492,6.4359
2044-01-14,15.8687,0.0005,45.1284,8.5675,908.5922,22.0621,86.2957,3.8874,41.5990,9.7279
2044-01-15,17.8571,0.0075,49.9216,6.2437,911.5105,23.2309,86.8406,3.7352,43.6787,9.6812
2044-01-16,18.5958,0.0002,52.7664,5.3777,914.5617,24.3762,86.8889,3.6004,45.7067,9.6422
2044-01-17,18.1197,0.0416,49.3109,5.3230,917.5272,25.5755,87.1227,3.7119,47.8188,10.1610
2044-01-18,17.3827,0.0100,48.0415,7.7076,920.3601,26.7578,87.2664,4.2725,49.8895,11.6883
2044-01-19,16.8501,0.0000,50.7443,9.1000,923.0971,27.8463,87.3149,4.6148,51.7870,12.6993
2044-01-20,17.2242,0.0000,51.8482,6.5211,925.9015,28.9325,87.3633,4.0806,53.6722,11.7480
2044-01-21,19.7720,0.0000,48.2345,7.3486,929.1645,30.2627,87.5974,4.3990,55.9681,12.7783
2044-01-22,20.1939,0.0040,46.9436,5.8019,932.5034,31.6535,87.8753,4.2343,58.3550,12.6974
2044-01-23,18.4246,0.0947,51.1006,5.2639,935.5238,32.8289,87.9240,4.1499,60.3623,12.7411
2044-01-24,17.7999,0.0091,52.2266,3.9091,938.4318,33.9405,87.9727,3.9031,62.2522,12.3532
2044-01-25,18.1732,0.0000,47.9144,8.5378,941.4070,35.1763,88.0213,4.9629,64.3422,15.1811
2044-01-26,17.1456,0.0000,51.7635,7.4164,944.1972,36.2598,88.0701,4.7231,66.1671,14.8464
2044-01-27,17.2462,0.0028,53.2649,7.8449,947.0055,37.3154,87.9743,4.7604,67.9383,15.1586
2044-01-28,16.2249,0.0054,57.7497,5.3591,949.6300,38.2165,87.3092,3.8189,69.4462,12.9350
2044-01-29,15.8511,0.0215,52.4122,5.8155,952.1871,39.2096,87.3576,3.9348,71.0998,13.4240
2044-01-30,16.2929,0.0130,53.4936,6.8061,954.8239,40.2054,87.4061,4.1650,72.7523,14.2172
2044-01-31,16.7821,0.3973,62.1683,7.0698,957.5487,41.0383,86.6371,3.7832,74.1336,13.3341
2044-02-01,15.5039,1.3463,65.0081,6.8837,960.0434,41.8636,77.3533,1.2650,75.4969,5.1573
2044-02-02,17.6262,0.0120,51.6674,8.4276,962.9201,43.1493,83.8892,2.7727,77.6047,10.6736
2044-02-03,15.9177,0.2082,65.4433,6.1642,965.4893,43.9846,84.0301,2.5207,78.9747,9.9681
2044-02-04,17.2948,2.0176,64.5131,13.1997,968.3063,40.4708,73.9204,1.4099,73.2842,5.6197
2044-02-05,16.9773,6.7630,64.4852,14.0250,884.8424,24.4337,56.9491,0.6681,45.7117,1.2690
2044-02-06,17.0109,0.0662,63.0628,6.0652,887.6084,25.3839,72.9581,0.9434,47.3804,2.4831
2044-02-07,18.9930,0.2838,67.7134,4.2415,890.7311,26.3055,79.4792,1.3356,48.9937,3.9223
2044-02-08,21.5077,0.0001,55.2204,5.8220,894.3065,27.7435,84.6561,2.6958,51.4934,8.0826
2044-02-09,20.5388,0.0013,56.4049,7.0844,897.7075,29.0835,85.9047,3.4145,53.8089,10.1672
2044-02-10,20.2741,0.0014,53.2545,5.1169,901.0608,30.5028,86.6032,3.4122,56.2456,10.4337
2044-02-11,20.2586,0.0006,49.0231,6.0062,904.4113,32.0495,87.3465,3.9665,58.8824,12.1161
2044-02-12,16.0914,0.9669,57.5719,10.6966,907.0118,33.0856,82.5009,2.5989,60.6411,8.6767
2044-02-13,11.9512,0.0417,48.7940,11.0109,908.8670,34.0349,85.0160,3.6783,62.2427,11.7784
2044-02-14,13.4917,0.4720,57.6745,9.8914,910.9995,34.9122,85.0638,3.4994,63.7196,11.4704
2044-02-15,16.1347,1.1141,58.1194,9.8328,913.6078,35.9375,80.5872,1.9873,65.4397,7.1826
2044-02-16,15.8576,0.0016,49.2085,5.9629,916.1661,37.1610,84.7476,2.7491,67.4793,9.7284
2044-02-17,17.2889,0.0031,53.7524,4.2157,918.9822,38.3691,85.7759,2.9021,69.4853,10.3630
2044-02-18,20.3060,0.0000,41.8128,8.0107,922.3412,40.1384,88.1800,4.9440,72.4000,16.1630
2044-02-19,21.0806,0.0000,40.8738,8.5578,925.8398,42.0013,88.9907,5.7093,75.4459,18.4035
2044-02-20,20.5723,0.0000,38.8384,7.6426,929.2468,43.8842,89.3925,5.7757,78.5003,18.9638
2044-02-21,19.8593,0.0000,40.8780,11.2712,932.5255,45.6444,89.4417,6.9835,81.3359,22.1538
2044-02-22,18.0295,0.0002,45.3524,13.2758,935.4748,47.1294,89.4258,7.7082,83.7148,24.1181
2044-02-23,17.9423,0.0796,44.8259,10.6806,938.4084,48.6218,89.4749,6.8111,86.0919,22.4300
2044-02-24,18.8972,0.0004,45.4811,8.2856,941.5139,50.1705,89.5241,6.0796,88.5452,20.9913
2044-02-25,19.8761,0.0533,44.9575,9.1190,944.7956,51.8106,89.5733,6.3852,91.1280,22.0710
2044-02-26,20.5032,0.0027,43.0534,9.1219,948.1902,53.5581,89.6225,6.4314,93.8618,22.5251
2044-02-27,20.5083,0.0000,41.3209,11.0494,951.5857,55.3592,89.6718,7.1376,96.6602,24.6010
2044-02-28,19.8847,0.0000,42.0066,13.2745,954.8689,57.0879,89.7210,8.0411,99.3295,27.0778
2044-02-29,19.7657,0.0000,42.0115,13.9793,958.1307,58.8067,89.7703,8.3909,101.9674,28.2295
2044-03-01,19.6467,0.0000,42.0164,14.6840,961.3711,60.8573,89.8196,8.7558,105.0843,29.4684
2044-03-02,21.2073,0.0006,42.3996,11.2793,964.8925,63.0475,89.8689,7.4277,108.3893,26.7091
2044-03-03,21.9917,0.0001,43.2466,13.0219,968.5550,65.2815,89.9182,8.1670,111.7353,28.8899
2044-03-04,21.4578,2.3899,50.8389,9.2778,972.1214,56.9997,77.8238,1.4817,99.4251,7.2649
2044-03-05,19.7910,0.1104,58.5352,7.5339,975.3877,58.4763,83.4218,2.4925,101.7086,11.4887
2044-03-06,20.7039,0.0001,41.9217,11.3420,978.8184,60.6349,87.8019,5.5393,105.0075,21.4175
2044-03-07,20.8569,0.0661,39.4245,15.5867,982.2767,62.9021,89.1539,8.3287,108.4432,28.8932
2044-03-08,22.2088,0.2658,40.2748,14.5158,985.9783,65.2751,89.4498,8.2335,112.0114,29.0810
2044-03-09,23.1294,0.3529,38.8096,11.2281,989.8456,67.8024,89.8550,7.3939,115.7783,27.4090
2044-03-10,24.6705,0.4763,29.5108,12.0131,993.9903,70.8988,91.7402,10.0653,120.3390,34.2773
2044-03-11,24.7137,0.0895,27.5765,13.0780,998.1427,74.0856,92.3596,11.5916,124.9801,38.1532
2044-03-12,21.9840,0.5630,41.1907,10.3289,1001.8038,76.3997,90.6970,7.9710,128.3322,30.0532
2044-03-13,22.5236,0.0701,43.1490,4.4418,1005.5621,78.6890,90.6080,5.8500,131.6272,24.5257
2044-03-14,25.0919,0.0040,32.2743,7.7228,1009.7826,81.7128,91.3952,7.7209,135.9271,30.0174
2044-03-15,25.4047,0.0625,36.6786,9.5576,1014.0595,84.5736,91.4450,8.5289,139.9643,32.4034
2044-03-16,27.0115,0.1945,33.4566,9.9700,1018.6256,87.7623,91.6059,8.9092,144.4179,33.6825
2044-03-17,27.6608,0.0445,26.8763,10.7323,1023.3085,91.3472,92.9331,11.1641,149.3619,39.4323
2044-03-18,27.4560,0.2006,29.4286,10.2455,1027.9546,94.7824,92.9834,10.9706,154.0536,39.3088
2044-03-19,22.2024,0.6840,46.4774,12.7134,1031.6550,96.9084,88.3211,6.3941,156.9574,27.5657
2044-03-20,17.6161,0.7075,45.6933,13.5305,1034.5299,98.6410,86.6508,5.2491,159.3076,24.1351
2044-03-21,16.2653,0.0800,34.2882,10.6884,1037.1617,100.5861,88.9186,6.2909,161.9150,27.4738
2044-03-22,20.2108,0.0000,21.4885,9.2176,1040.5036,103.4381,92.2867,9.4450,165.6960,36.2741
2044-03-23,23.4488,0.0000,20.1783,8.3247,1044.4284,106.7784,93.6554,10.9379,170.0847,40.1329
2044-03-24,25.1675,0.0000,19.9368,6.1765,1048.6625,110.3632,94.1530,10.5173,174.7491,39.3344
2044-03-25,22.6678,0.1670,38.5583,12.2974,1052.4468,112.8525,92.0461,10.6622,177.9907,39.8191
2044-03-26,16.9622,0.0171,28.0076,15.7588,1055.2040,115.0691,92.0962,12.7840,180.8377,44.8598
2044-03-27,18.7542,0.0000,19.3077,9.3563,1058.2837,117.8000,93.1153,10.6854,184.3100,40.1126
2044-03-28,20.9211,0.1448,20.5786,10.3807,1061.7535,120.7812,93.3536,11.6323,188.0755,42.5002
2044-03-29,20.8205,0.2057,33.9600,10.8908,1065.2052,123.2489,92.3646,10.3894,191.1931,39.6115
2044-03-30,17.2835,10.2451,69.1557,12.9457,903.0572,61.0943,53.7026,0.4738,104.5123,2.0955
2044-03-31,17.4518,3.8822,64.5932,10.9877,870.7519,44.8914,57.1912,0.5844,79.5322,2.1370
2044-04-01,13.7872,2.1612,59.3020,15.5609,874.1876,40.9901,65.3754,1.1724,73.3785,4.6698
2044-04-02,13.8736,10.2808,73.4116,12.4025,767.2133,21.3351,43.1769,0.1145,39.8965,0.1644
2044-04-03,14.9467,0.2548,53.9483,8.2379,770.8577,23.1266,68.1111,0.8921,43.0261,2.0694
2044-04-04,19.1280,0.3321,51.2679,7.5901,775.2547,25.5164,81.2760,1.9180,47.1528,5.5588
2044-04-05,21.3323,0.7287,52.1713,8.7027,780.0486,28.1174,84.4164,3.0172,51.5862,8.9254
2044-04-06,21.1800,1.5105,53.1428,8.3034,784.8150,29.9160,80.3442,1.7920,54.6263,5.7638
2044-04-07,17.0823,7.0400,74.2810,12.4064,729.4402,17.7669,52.1513,0.3927,33.4943,0.4995
2044-04-08,19.5252,6.0370,63.1709,12.9911,690.7159,12.0955,56.5176,0.6124,23.1764,0.6100
2044-04-09,17.5718,16.5169,76.6826,13.6043,576.5168,6.3140,40.8886,0.0814,12.2915,0.0551
2044-04-10,17.6010,12.1559,73.0444,13.6912,513.2736,3.8485,42.1458,0.1024,7.5554,0.0534
2044-04-11,18.2737,4.9997,72.6230,11.1119,497.5691,2.9303,48.2142,0.2287,5.7756,0.1049
2044-04-12,18.5881,10.4217,79.8606,12.4950,454.4015,1.8217,39.7029,0.0616,3.6073,0.0232
2044-04-13,18.4907,0.5403,46.5230,10.0537,458.6838,4.3616,71.7121,1.0996,8.5206,0.6095
2044-04-14,22.0380,0.0000,34.3538,4.7953,463.6047,8.0439,86.0148,3.0899,15.4190,4.2559
2044-04-15,26.3504,0.0000,32.5948,8.2115,469.3017,12.5296,90.8638,7.3368,23.4913,11.9415
2044-04-16,28.3026,0.0000,33.8034,10.2490,475.3502,17.2482,91.6751,9.1244,31.6274,16.4820
2044-04-17,29.6731,0.0000,30.2871,11.4999,481.6454,22.4491,92.6257,11.1142,40.2125,21.4930
2044-04-18,30.6778,0.0173,31.2080,9.6192,488.1214,27.7488,92.6990,10.2140,48.5917,22.2539
2044-04-19,25.5152,0.1158,45.4642,11.0764,493.6681,31.2676,91.0287,8.6779,53.9868,20.9007
2044-04-20,21.7684,0.0154,36.3225,12.9006,498.5404,34.7979,91.0784,9.5810,59.2558,23.5227
2044-04-21,25.9084,0.0356,24.6422,8.0211,504.1579,39.7321,92.9853,9.8099,66.3850,25.3374
2044-04-22,26.5517,0.0672,28.8953,8.5735,509.8912,44.4988,93.0356,10.1582,73.0579,27.2463
2044-04-23,25.7963,0.0000,27.4300,8.8018,515.4886,49.2307,93.0860,10.3484,79.4840,28.7934
2044-04-24,29.6451,0.0002,22.0816,8.9451,521.7787,55.0384,94.3463,12.4192,87.1064,34.0552
2044-04-25,30.5603,0.0000,19.1727,9.0257,528.2335,61.2423,95.2089,14.0380,94.9607,38.4671
2044-04-26,30.9778,0.0071,23.2989,7.1455,534.7635,67.2071,95.2599,12.8585,102.2791,37.5865
2044-04-27,29.1104,0.0000,23.3364,10.4203,540.9574,72.8219,95.3110,15.2716,108.9707,43.1772
2044-04-28,22.9346,0.0011,26.6818,14.1227,546.0396,77.0940,94.1939,15.7853,113.9627,44.9154
2044-04-29,26.7348,0.0001,23.8126,6.3081,551.8059,82.2351,94.2446,10.7222,119.8263,35.6782
2044-04-30,28.1560,0.0024,27.4831,6.2734,557.8280,87.3785,94.2954,10.7788,125.5797,36.4470
2044-05-01,29.9483,0.0040,25.5667,6.7427,565.6227,93.4626,94.3461,11.1144,132.2806,37.8776
2044-05-02,30.8526,0.0000,22.9889,7.1729,573.5802,99.9408,94.4659,11.5471,139.2320,39.4840
2044-05-03,31.7441,0.0000,23.4712,6.0350,581.6981,106.5581,94.5168,10.9805,146.1741,38.7755
2044-05-04,32.9970,0.0000,21.7824,5.6300,590.0415,113.5793,95.0540,11.5823,153.3577,40.6656
2044-05-05,33.1214,0.0010,21.6356,7.9546,598.4074,120.6394,95.1483,13.1907,160.4245,44.6871
2044-05-06,32.7074,0.0000,21.6094,10.8042,606.6987,127.6165,95.1993,15.3341,167.2711,49.5945
2044-05-07,28.8317,0.0828,27.8452,17.8831,614.2924,133.3022,94.6527,20.3250,172.8389,59.4265
2044-05-08,29.0482,0.3993,18.3609,18.0082,621.9251,139.7819,95.1923,22.0240,178.9905,62.7886
2044-05-09,28.4451,0.0917,21.5146,13.2368,629.4492,145.8867,95.2433,17.4384,184.7343,54.6917
2044-05-10,28.6274,0.0000,26.5727,7.3484,637.0062,151.6333,94.8923,12.3533,190.1237,44.2364
2044-05-11,28.7357,0.0883,32.9401,8.0556,644.5826,156.9006,93.8219,11.0432,195.0850,41.3199
2044-05-12,23.9586,4.9769,55.2261,12.2022,624.0350,85.1347,72.4048,1.2573,126.9657,7.2048
2044-05-13,23.2514,4.8635,60.4261,9.1418,605.5091,57.7017,65.3445,0.8474,93.1998,3.9822
2044-05-14,23.4861,11.4932,65.6996,5.6635,544.2723,30.5469,51.6564,0.2648,53.5765,0.4681
2044-05-15,21.0973,12.4613,75.2774,6.5540,486.2789,15.0340,40.7405,0.0555,27.9107,0.0625
2044-05-16,21.5996,9.1980,71.9177,7.8505,452.4035,9.1874,44.5861,0.1145,17.4871,0.0955
2044-05-17,23.8211,5.7358,61.9647,9.2515,438.3496,7.4202,58.4530,0.5883,14.2378,0.4334
2044-05-18,24.4710,1.0875,59.6354,10.2087,445.1583,10.1375,76.6667,1.4219,19.1829,1.8374
2044-05-19,25.7002,0.0323,48.3520,6.8867,452.1884,13.7816,86.1727,3.5104,25.6117,6.6452
2044-05-20,27.3826,0.0003,45.8107,6.6274,459.5212,17.8450,88.8183,5.0534,32.5316,10.5106
2044-05-21,30.4852,0.0000,38.6403,5.0171,467.4126,22.9472,90.8907,6.2700,40.8773,14.1634
2044-05-22,31.5353,0.0000,34.2682,5.4805,475.4929,28.5947,92.0889,7.6083,49.7152,18.1944
2044-05-23,33.0908,0.0000,28.7782,5.0666,483.8533,35.0056,93.4763,9.0533,59.2879,22.6061
2044-05-24,34.4825,0.0000,22.9985,7.3687,492.4641,42.2189,94.9787,12.5132,69.5347,30.6321
2044-05-25,35.2970,0.0000,19.8832,8.6965,501.2216,49.8957,95.8526,15.0714,79.9054,37.0970
2044-05-26,34.7716,0.9069,26.5097,9.0916,509.8845,56.8360,93.7740,11.5579,88.8985,32.7927
2044-05-27,36.1272,0.1955,25.4811,11.3608,518.7914,64.1393,94.7839,14.8979,97.9914,40.5616
2044-05-28,33.3425,0.4048,25.5231,12.0415,527.1970,70.8925,94.8349,15.5260,106.1125,43.1467
2044-05-29,32.8053,0.1114,34.7539,9.8110,535.5060,76.7165,94.0269,12.4126,112.9721,38.3440
2044-05-30,25.6464,0.1912,40.1588,19.5248,542.5263,80.9301,91.9971,15.2406,117.8939,44.5131
2044-05-31,19.7966,0.8006,34.8338,18.8193,548.4937,84.5152,89.1302,9.7688,122.0246,33.7876
2044-06-01,21.4308,0.0293,28.2627,11.7890,555.7553,88.7703,91.3114,9.3644,126.8761,33.3400
2044-06-02,22.8839,0.0006,30.5075,12.5533,563.2784,93.1582,91.4957,9.9904,131.8154,35.2778
2044-06-03,25.8772,0.0000,29.2650,7.2787,571.3403,98.1819,92.1746,8.4314,137.3546,31.9598
2044-06-04,30.4322,0.0000,25.8979,5.6035,580.2220,104.3334,93.5991,9.4620,143.9537,35.0178
2044-06-05,33.8300,0.0000,23.5689,5.1045,589.7155,111.3619,94.7493,10.8180,151.2967,38.7693
2044-06-06,36.3824,0.0000,17.5159,9.9825,599.6683,119.5013,96.5193,17.5952,159.5268,53.4875
2044-06-07,35.8711,0.0000,19.3350,12.6841,609.5291,127.3526,96.5708,20.3012,167.3116,59.0153
2044-06-08,36.1357,0.0259,19.1313,13.5043,619.4375,135.2801,96.6223,21.3048,175.0089,61.2971
2044-06-09,35.7395,2.0352,26.4264,14.8860,629.2746,115.5156,92.8939,13.6878,158.3573,45.6119
2044-06-10,34.4428,0.1097,32.9504,9.2900,638.8783,121.7896,92.9950,10.4719,164.9622,38.7655
2044-06-11,33.0006,0.0021,28.9431,11.7328,648.2224,128.1687,93.5317,12.7656,171.5425,44.3916
2044-06-12,31.8165,0.0000,32.2109,13.6463,657.3534,134.0432,93.5822,14.1570,177.5661,47.7037
2044-06-13,31.5092,0.0000,24.2429,12.1322,666.4290,140.5468,94.2610,14.4120,184.0535,48.5325
2044-06-14,33.7483,0.0018,18.8755,8.1910,675.9077,147.9895,95.7681,14.5250,191.2784,49.0516
2044-06-15,32.0952,0.4857,27.5693,8.3594,685.0889,154.3193,95.2865,13.7192,197.4484,47.5215
2044-06-16,33.6853,0.0036,22.0140,7.8644,694.5562,161.4611,95.3376,13.4749,204.2304,47.1762
2044-06-17,33.1658,0.0009,25.0110,10.3010,703.9301,168.2259,95.3887,15.3418,210.6177,51.3478
2044-06-18,35.4168,0.0006,22.2924,7.9245,713.7091,175.6964,95.4399,13.7056,217.5222,47.9884
2044-06-19,35.5272,0.0000,17.7154,9.7752,723.5080,183.6309,96.3715,17.0693,224.6915,55.1795
2044-06-20,36.2680,0.0000,15.9346,10.8918,733.4402,191.9010,96.9074,19.4046,232.0289,59.8419
2044-06-21,35.3952,0.0000,19.7724,10.3841,743.2154,199.6092,96.9591,19.0456,238.8473,59.2702
2044-06-22,34.2627,0.0009,23.9338,10.0654,752.7866,206.6908,96.3966,17.3794,245.1239,56.1104
2044-06-23,35.4040,0.0002,19.3351,8.6090,762.5634,214.4429,96.4480,16.2619,251.8365,53.9244
2044-06-24,36.4643,0.0000,15.9462,7.7124,772.5309,222.7553,96.9343,16.5916,258.8880,54.6652
2044-06-25,34.9790,0.1459,24.4704,10.9913,782.2311,229.9294,96.3913,18.1966,265.0710,57.9192
2044-06-26,30.4867,3.1729,47.7498,12.2611,772.5884,112.6807,83.3704,3.1417,165.1458,16.7991
2044-06-27,32.9257,0.0028,30.4720,11.7430,781.9191,118.9089,92.5322,11.1042,172.3089,40.6307
2044-06-28,33.4891,0.0000,26.3991,9.2824,791.3511,125.6111,94.0731,12.1639,179.8523,43.4195
2044-06-29,36.9312,0.0000,21.8610,6.6869,801.4027,133.4346,95.6558,13.2610,188.4332,46.2144
2044-06-30,39.5070,0.0000,18.1570,5.7450,811.9180,142.1840,96.9149,14.9866,197.7795,50.2454
2044-07-01,41.8540,0.0000,15.8101,5.4430,823.1557,150.6770,97.8067,16.6201,206.7439,53.8654
2044-07-02,42.7796,0.0000,14.6812,8.3974,834.5600,159.4695,98.1968,20.3070,215.8339,61.1808
2044-07-03,41.7607,0.0000,17.3206,9.7243,845.7809,167.7921,98.2488,21.8604,224.3258,64.1867
2044-07-04,39.5556,0.1228,22.7249,12.5245,856.6050,175.1705,97.5211,22.8645,231.8243,66.1071
2044-07-05,33.7006,0.1023,24.7521,15.5825,866.3751,181.3206,96.2319,22.4456,238.0760,65.4824
2044-07-06,29.7268,0.0000,27.0719,15.2486,875.4299,186.6005,95.1017,18.9288,243.4635,59.1114
2044-07-07,33.2933,0.0000,22.0599,7.7314,885.1267,192.8961,95.1527,13.0511,249.7317,46.9707
2044-07-08,36.5866,0.0000,17.6658,8.4911,895.4163,200.1834,96.5330,16.3515,256.8246,54.1560
2044-07-09,35.3389,0.0000,22.9154,13.0835,905.4813,206.7802,96.5846,20.7523,263.2613,62.7431
2044-07-10,35.3476,0.0000,18.8285,10.2814,915.5478,213.7284,96.6361,18.1447,269.9259,57.8540
2044-07-11,36.2330,0.0000,18.6536,10.8524,925.7738,220.8608,96.6876,18.8040,276.6947,59.1792
2044-07-12,36.0677,0.0000,20.3292,12.3974,935.9700,227.8153,96.7392,20.4676,283.2642,62.3597
2044-07-13,36.2595,0.0000,19.2480,10.3019,946.2007,234.9006,96.7908,18.5443,289.8859,58.7473
2044-07-14,37.1774,0.0000,19.1294,8.8309,956.5966,242.1706,96.8424,17.3389,296.6148,56.3981
2044-07-15,37.5835,0.0000,21.5483,8.7161,967.0657,249.2979,96.8940,17.3585,303.1955,56.4603
2044-07-16,39.5292,0.0000,17.3926,7.9651,977.8849,257.1804,97.1259,17.2398,310.3248,56.2434
2044-07-17,40.8680,0.0000,16.1490,8.4486,988.9451,265.4451,97.5958,18.8048,317.7022,59.3457
2044-07-18,40.7629,0.0000,16.7446,7.6309,999.9865,273.6305,97.6476,18.1703,324.9604,58.1265
2044-07-19,41.7378,0.0000,16.3470,6.7721,1011.2033,282.0466,97.7049,17.5332,332.3465,56.8790
2044-07-20,41.3355,0.0000,18.6058,8.7500,1022.3477,290.1586,97.7568,19.5044,339.4581,60.7275
2044-07-21,39.6964,0.0000,23.1475,10.4042,1033.1970,297.5220,97.4131,20.2547,345.9747,62.1493
2044-07-22,38.1302,0.0000,26.7115,11.4171,1043.7645,304.2744,96.5098,18.8899,352.0083,59.5678
2044-07-23,38.1052,0.0000,22.8783,10.3706,1054.3274,311.3754,96.5613,18.0442,358.2472,57.9253
2044-07-24,39.1412,0.0000,19.8392,9.3194,1065.0768,318.9513,96.6128,17.2321,364.7955,56.3133
2044-07-25,38.2812,0.0000,19.5806,10.5812,1075.6714,326.3892,96.6643,18.4909,371.1983,58.8113
2044-07-26,39.1218,0.0000,16.1156,7.9896,1086.4173,334.3132,97.3162,17.7047,377.9041,57.2679
2044-07-27,39.9025,0.0013,16.2893,9.4314,1097.3038,342.3743,97.4233,19.3121,384.6826,60.4035
2044-07-28,36.5870,0.0000,22.2925,12.7440,1107.5934,349.2522,97.0586,21.7377,390.5940,64.9087
2044-07-29,37.3226,0.0000,22.6045,10.1422,1118.0155,356.2362,97.0564,19.0611,396.5712,59.9283
2044-07-30,37.8286,0.0000,24.3291,10.6968,1128.5286,363.1545,96.8383,19.0378,402.5017,59.8857
2044-07-31,37.9200,0.0000,23.7306,9.5100,1139.0583,370.1439,96.8899,18.0570,408.4594,57.9786
2044-08-01,39.4921,0.0000,17.3210,7.2520,1149.1708,377.0725,97.1342,16.6499,414.2938,55.1543
2044-08-02,43.4911,0.0000,10.8440,5.9116,1160.0032,385.2799,98.9852,19.8659,420.9922,61.4671
2044-08-03,44.4104,0.0000,10.5482,7.6650,1171.0011,393.6842,99.1988,22.3130,427.8045,65.9535
2044-08-04,40.5864,0.0606,19.3796,9.1914,1181.3106,400.6224,98.4027,21.7162,433.6129,64.8833
2044-08-05,40.9919,0.0059,20.8610,10.0200,1191.6932,407.4994,98.0808,21.7030,439.3821,64.8605
2044-08-06,38.8606,0.1428,24.2631,11.5542,1201.6921,413.7474,97.1335,20.6786,444.7080,62.9886
2044-08-07,36.3814,0.2866,33.1213,11.0714,1211.2447,418.9224,95.0842,15.2992,449.3302,52.3405
2044-08-08,36.6137,0.0000,32.6789,11.9710,1220.8392,424.1639,94.9666,15.7531,453.9934,53.3010
2044-08-09,38.5082,0.0000,24.9740,8.6625,1230.7747,430.2988,95.3337,14.0204,459.2204,49.5634
2044-08-10,39.3538,0.0000,20.4515,8.6559,1240.8624,436.9423,96.4151,16.2283,464.7532,54.2933
2044-08-11,40.4290,0.0000,13.5831,9.5541,1251.1436,444.3513,98.0242,21.0418,470.7384,63.6601
2044-08-12,39.4760,0.0000,20.4628,10.4757,1261.2533,451.0139,97.8738,21.6083,476.2605,64.6931
2044-08-13,35.6548,0.0000,29.6606,14.1945,1270.6751,456.3512,95.6566,19.3605,480.9134,60.5165
2044-08-14,32.6237,0.0000,32.9647,12.3620,1279.5514,461.0182,94.4011,14.8646,485.0929,51.4115
2044-08-15,34.6754,0.0000,26.5953,8.6271,1288.7970,466.4397,94.4519,12.4011,489.7527,45.8741
2044-08-16,35.0335,0.0000,30.7914,10.1959,1298.1070,471.6024,94.5028,13.5156,494.2773,48.4367
2044-08-17,35.1839,0.4251,37.4957,10.4546,1307.4441,476.2844,93.8662,12.5392,498.5401,46.1973
2044-08-18,35.7286,0.3369,37.9375,8.6760,1316.8793,481.0031,93.8078,11.3716,502.8390,43.4121
2044-08-19,37.3505,0.0000,33.2526,8.5898,1326.6063,486.3014,93.8584,11.4021,507.5053,43.4866
2044-08-20,37.5217,0.0288,30.8250,9.7891,1336.3642,491.8170,93.9600,12.2844,512.2919,45.6002
2044-08-21,32.4596,0.0293,44.9653,13.8424,1345.2110,495.6299,92.1409,11.6807,515.9853,44.1621
2044-08-22,31.5598,0.0018,39.6491,14.9737,1353.8957,499.6990,92.1909,12.4537,519.7873,45.9980
2044-08-23,31.4624,0.0025,34.8773,12.2151,1362.5630,504.0768,92.2410,10.9144,523.7519,42.2866
2044-08-24,34.6811,0.0000,27.0696,6.8565,1371.8096,509.4641,94.1074,10.8154,528.3657,42.0403
2044-08-25,35.3743,0.4155,31.0699,8.3845,1381.1809,514.6545,94.1581,11.7633,532.8933,44.3610
2044-08-26,35.8160,0.0710,36.4353,6.8590,1390.6318,519.4989,94.1064,10.8153,537.2480,42.0399
2044-08-27,38.1595,0.0000,28.9194,8.4286,1400.5045,525.2600,94.4497,12.2739,542.1685,45.5761
2044-08-28,38.2020,0.0000,26.9648,8.8270,1410.3849,531.1858,94.8603,13.2504,547.1738,47.8369
2044-08-29,35.6680,0.0019,36.8195,13.1920,1419.8091,535.9816,94.0802,14.8270,551.4905,51.3319
2044-08-30,30.3754,0.0018,44.2269,16.8171,1428.2807,539.6057,91.9651,13.2369,555.0065,47.8063
2044-08-31,30.6443,0.0006,36.3220,11.7717,1436.8007,543.7789,92.0152,10.3381,558.8216,40.8371
2044-09-01,32.9869,0.0000,26.7308,8.1089,1444.4423,548.2253,93.8753,11.1554,562.6133,42.8832
2044-09-02,32.3217,0.0000,26.2552,11.4127,1451.9642,552.6133,94.0082,13.4210,566.3494,48.2243
2044-09-03,32.5573,0.0000,28.9557,10.2807,1459.5285,556.8705,94.0588,12.7662,570.0228,46.7259
2044-09-04,31.5939,0.0000,32.8715,12.3124,1466.9194,560.7778,94.0369,14.0994,573.4785,49.7415
2044-09-05,29.2645,0.0258,38.2709,13.0759,1473.8911,564.1149,92.8232,12.3713,576.5551,45.8055
2044-09-06,29.6942,1.0371,36.5095,12.6625,1480.9400,567.5957,90.2318,8.3888,579.7212,35.6409
2044-09-07,29.0571,0.0000,25.4387,11.5306,1487.8743,571.5990,93.3210,12.2702,583.1366,45.5677
2044-09-08,32.1004,0.0000,17.5009,11.7154,1495.3564,576.4754,95.7528,17.3117,587.1091,56.5076
2044-09-09,34.3385,0.0000,18.7860,10.8225,1503.2413,581.5994,95.9762,17.0589,591.2840,55.9975
2044-09-10,34.6285,0.0000,23.1814,9.8144,1511.1784,586.4858,96.0275,16.3270,595.3428,54.5007
2044-09-11,33.4718,0.0000,26.2376,11.8639,1518.9073,591.0259,95.7255,17.3772,599.1804,56.6390
2044-09-12,32.4983,0.0000,25.4335,13.6292,1526.4610,595.4863,95.6675,18.8449,602.9408,59.5288
2044-09-13,29.3455,3.7546,47.1619,15.9320,1395.2236,112.6529,82.5526,3.4054,187.4651,18.3219
2044-09-14,27.6791,7.5807,57.8564,15.1001,1164.8641,62.7200,72.0641,1.4363,110.5580,7.5359
2044-09-15,29.7458,2.0126,55.6915,10.2143,1171.9223,58.5107,80.4478,1.9953,104.0359,9.6831
2044-09-16,30.0608,0.1921,49.7652,5.0160,1179.0372,61.2976,87.6079,3.9171,108.4938,16.8899
2044-09-17,31.0108,1.3496,48.5016,7.8204,1186.3232,64.2417,86.4387,3.8202,113.1634,16.9176
2044-09-18,27.9569,5.7313,57.9434,14.8743,1078.0611,41.9572,74.3410,1.5657,76.4737,6.4038
2044-09-19,23.4969,6.5149,81.1970,16.2337,978.5863,25.6624,54.8122,0.6216,48.1670,1.1268
2044-09-20,26.5139,0.9802,62.0254,14.8782,985.0628,27.5293,78.0227,1.9976,51.4631,6.1406
2044-09-21,27.8048,0.6730,57.3170,10.1817,991.7717,29.7258,85.0041,3.5219,55.3074,10.6037
2044-09-22,26.8977,2.4559,61.6811,8.7717,998.3172,26.7550,76.9428,1.3490,50.1499,4.0393
2044-09-23,28.1783,0.0199,46.4661,3.9565,1005.0933,29.5455,86.8740,3.3445,55.0457,10.1299
2044-09-24,29.8452,0.1298,45.9295,7.8252,1012.1695,32.5244,89.3632,5.8046,60.2118,16.4807
2044-09-25,30.5267,0.0798,46.3361,9.8857,1019.3683,35.5461,89.7469,6.8041,65.3915,19.3782
2044-09-26,31.1081,0.0001,46.8589,5.9487,1026.6717,38.5933,89.7962,5.6192,70.5560,17.5375
2044-09-27,32.9490,0.0000,38.6182,4.1308,1034.3066,42.3142,91.4210,6.4663,76.7760,20.3425
2044-09-28,33.6452,0.0000,32.2899,6.1032,1042.0667,46.5027,92.8590,8.7499,83.6708,26.3347
2044-09-29,33.5247,0.0000,28.1898,4.7963,1049.8051,50.9294,93.7301,9.2519,90.8413,28.5282
2044-09-30,33.9043,0.0000,29.6713,5.8876,1057.6119,55.3123,93.7807,9.8439,97.8331,30.8469
2044-10-01,34.7789,0.0000,26.2732,6.7317,1064.5761,59.3204,94.3893,11.1746,104.1343,34.5535
2044-10-02,34.8472,0.0009,23.4950,9.9907,1071.5526,63.4874,95.0034,14.3291,110.5936,41.7059
2044-10-03,34.4569,0.0020,27.9717,9.7787,1078.4588,67.3680,95.0544,14.2762,116.5367,42.4996
2044-10-04,33.4358,0.0375,34.0195,7.8148,1085.1813,70.8206,94.2850,11.6327,121.7734,37.8701
2044-10-05,32.1927,0.2073,42.0503,7.3838,1091.6800,73.7439,92.6946,9.1202,126.1791,32.6916
2044-10-06,27.9890,0.4996,47.4227,8.5819,1097.4220,76.0613,91.0593,7.6863,129.6566,29.4331
2044-10-07,25.0780,0.2763,44.8764,8.3807,1102.6401,78.2478,90.7697,7.3010,132.9151,28.6765
2044-10-08,25.5841,0.1999,45.0536,5.7570,1107.9492,80.4694,90.7546,6.3831,136.2072,26.3768
2044-10-09,27.1020,0.0440,38.2974,9.6791,1113.5315,83.1060,90.8042,7.8331,140.0763,30.6131
2044-10-10,25.9881,0.0001,31.1827,13.0576,1118.9134,85.9305,91.7802,10.6694,144.1793,37.9056
2044-10-11,24.8901,0.1542,38.1789,16.6973,1124.0976,88.3651,91.8302,12.9082,147.7029,43.1630
2044-10-12,25.1052,0.2624,44.9630,18.2562,1129.3206,90.5504,90.8518,12.1503,150.8603,41.7590
2044-10-13,25.8360,0.5485,48.7729,15.9560,1134.6750,92.6411,89.6087,9.0573,153.8744,34.6636
2044-10-14,24.9505,0.9861,57.5476,11.7758,1139.8701,94.3168,85.0595,3.8457,156.3013,19.2231
2044-10-15,26.5257,0.3698,55.8998,7.8303,1145.3488,96.1628,86.9746,4.1239,158.9601,20.3166
2044-10-16,27.4728,0.4412,52.0794,5.5090,1150.9979,98.2374,88.0184,4.2586,161.9243,20.8929
2044-10-17,25.9690,0.0217,51.0680,6.4551,1156.3763,100.2444,88.1659,4.5621,164.7779,22.0427
2044-10-18,23.7000,0.2799,46.5016,7.9683,1161.3463,102.2547,88.5361,5.1920,167.6140,24.2476
2044-10-19,23.1871,0.3071,44.0501,6.2031,1166.2240,104.3136,88.8875,4.9959,170.5008,23.6913
2044-10-20,23.4365,0.0243,43.8272,4.1657,1171.1465,106.4020,89.0257,4.5988,173.4157,22.4262
2044-10-21,24.6661,0.2241,41.4111,5.0349,1176.2904,108.6893,89.5733,5.1975,176.5870,24.5360
2044-10-22,21.1500,2.9009,67.4317,10.6248,1140.5064,81.0920,71.0391,1.1056,137.7061,6.6563
2044-10-23,20.9923,0.0834,43.9538,6.4873,1144.9890,82.9681,83.9956,2.5503,140.4864,13.6236
2044-10-24,25.4894,0.0113,41.9311,9.3562,1150.2811,85.3076,88.7978,5.7813,143.9297,25.0793
2044-10-25,25.9115,0.0000,50.0870,6.7560,1155.6492,87.3504,88.8468,5.1071,146.9353,23.1396
2044-10-26,26.9742,0.0134,45.2927,5.1271,1161.2085,89.6776,89.2906,5.0142,150.3308,22.9988
2044-10-27,27.1923,0.1650,45.4101,6.9305,1166.8071,92.0177,89.3868,5.5675,153.7271,24.9109
2044-10-28,25.4579,0.1695,49.9160,7.6132,1172.0935,94.0331,89.4360,5.8032,156.6479,25.7701
2044-10-29,22.9453,0.8210,61.6361,8.2912,1176.9277,95.4309,84.7014,3.0719,158.6928,16.3442
2044-10-30,19.9047,6.7368,75.5691,10.6843,1045.7051,55.7892,54.2518,0.4459,98.4477,1.7690
2044-10-31,20.1314,5.7473,68.2874,7.2371,965.5224,35.8979,51.5106,0.2820,65.6900,0.5778
2044-11-01,21.0528,0.0040,56.6817,4.9008,969.0160,37.1702,73.7604,0.9212,67.8352,3.3531
2044-11-02,21.9017,0.0011,49.0710,5.7111,972.6623,38.7233,84.0474,2.4694,70.4362,9.1219
2044-11-03,22.2843,0.0076,48.4283,8.1529,976.3774,40.3222,87.1454,4.2947,73.0975,14.5970
2044-11-04,22.6604,0.0118,53.5957,8.0323,980.1603,41.7840,87.2052,4.3052,75.5196,14.8968
2044-11-05,22.9397,0.0001,56.8477,8.8350,983.9935,43.1593,87.2537,4.5140,77.7889,15.7043
2044-11-06,23.2907,0.0010,60.2915,10.4419,987.8898,44.4434,87.3021,4.9287,79.9004,17.0303
2044-11-07,23.1748,0.0654,61.7529,12.4903,991.7652,45.6743,87.3506,5.5025,81.9172,18.7225
2044-11-08,23.4978,0.5390,60.4483,9.4792,995.6989,46.9642,86.4126,4.1379,84.0208,15.3464
2044-11-09,20.6792,2.4056,75.0092,7.4047,999.1251,40.6941,68.7333,0.8727,73.8668,3.3867
2044-11-10,21.7999,0.0369,65.8389,5.1154,1002.7531,41.7313,79.0657,1.3409,75.5973,5.4709
2044-11-11,21.6362,0.0507,60.1198,6.7076,1006.3516,42.9334,83.8931,2.5438,77.5912,9.9354
2044-11-12,21.7235,0.0000,45.8716,7.7778,1009.9658,44.5713,87.3732,4.3535,80.2849,15.5428
2044-11-13,18.7923,0.0000,39.7182,9.8070,1013.0525,46.1611,88.6584,5.7970,82.8808,19.5739
2044-11-14,21.0867,0.1546,46.5828,9.4815,1016.5521,47.7324,88.7073,5.7428,85.4357,19.7636
2044-11-15,21.1150,0.0098,51.6569,8.5868,1020.0568,49.1562,88.7563,5.5284,87.7418,19.5022
2044-11-16,21.0594,0.0694,54.7960,10.3656,1023.5515,50.4843,88.3983,5.7440,89.8851,20.3109
2044-11-17,21.5951,0.0327,53.1293,11.6006,1027.1426,51.8946,88.4471,6.1558,92.1499,21.6273
2044-11-18,20.3351,0.0083,50.3083,12.3706,1030.5069,53.3067,88.4960,6.4443,94.4049,22.6237
2044-11-19,20.4473,0.0044,47.6833,11.3979,1033.8914,54.8013,88.5448,6.1793,96.7783,22.2377
2044-11-20,20.8504,0.2434,49.6096,10.9183,1037.3485,56.2678,88.5937,6.0742,99.0974,22.2310
2044-11-21,20.8390,0.1628,49.2549,6.4233,1040.8035,57.7438,88.6426,4.8771,101.4205,19.2020
2044-11-22,20.3467,0.0001,49.3261,6.9575,1044.1699,59.1846,88.6915,5.0455,103.6778,19.8999
2044-11-23,20.8543,0.0018,47.1592,11.1541,1047.6277,60.7227,88.7404,6.2776,106.0746,23.5199
2044-11-24,20.4219,0.2226,51.6323,9.3603,1051.0076,62.1028,88.7376,5.7327,108.2192,22.2655
2044-11-25,20.2997,0.3876,56.2787,4.7925,1054.3656,63.3432,88.1431,4.1817,110.1437,17.8623
2044-11-26,20.8491,0.2774,53.4601,6.4687,1057.8224,64.6975,88.1918,4.5822,112.2342,19.2744
2044-11-27,20.2249,1.9202,67.4287,7.7586,1061.1669,59.5487,74.8284,1.1219,104.4447,5.7780
2044-11-28,17.9924,9.7915,88.0261,7.2147,907.5584,31.0666,34.1146,0.0142,57.2352,0.0263
2044-11-29,22.1794,0.5508,58.2865,8.5880,911.2547,32.3541,68.0267,0.9055,59.4328,2.9173
2044-11-30,19.8028,0.0112,65.4737,10.8911,914.5232,33.3109,79.3018,1.8350,61.0615,6.3675
2044-12-01,21.1978,0.0171,57.5274,8.0301,918.0428,34.3871,84.3603,2.8946,62.8855,9.7296
2044-12-02,22.3826,0.1023,55.0814,10.2329,921.7757,35.5858,86.3343,4.2508,64.9071,13.5353
2044-12-03,21.7949,2.8529,59.2827,9.6649,904.3167,29.4731,73.2645,1.1457,54.5052,3.5942
2044-12-04,19.1158,2.2578,76.6948,7.7936,907.4615,25.8800,64.3816,0.7614,48.3153,1.8241
2044-12-05,21.8339,0.1648,60.1766,7.4420,911.0956,26.9179,79.2467,1.5341,50.1330,4.6341
2044-12-06,19.4488,4.1776,73.4298,7.4703,874.1869,18.9914,58.2311,0.5293,36.0261,0.7078
2044-12-07,17.7542,0.2644,68.1557,3.4400,877.0866,19.6737,71.5040,0.7822,37.2580,1.3217
2044-12-08,18.1333,0.1471,64.5080,8.9495,880.0546,20.4494,79.9788,1.7812,38.6534,4.4734
2044-12-09,20.0516,7.4376,71.1868,11.4656,804.5490,11.7797,55.5588,0.5228,22.7275,0.5142
2044-12-10,16.5752,23.7403,84.0468,14.7413,600.1941,5.1794,32.3013,0.0133,10.1400,0.0081
2044-12-11,17.8793,1.5880,71.2282,8.3534,603.1163,5.2237,53.3655,0.3635,10.2260,0.2219
2044-12-12,16.4025,16.7542,82.7655,11.6152,506.7564,2.3109,32.7513,0.0127,4.5697,0.0053
2044-12-13,16.5438,0.2998,64.2936,7.5086,509.4382,3.0268,59.8318,0.5913,5.9650,0.2752
2044-12-14,16.8601,3.1615,77.8150,8.0145,502.7632,1.8573,52.9005,0.3407,3.6806,0.1293
2044-12-15,18.3545,6.2705,76.8253,15.6666,479.4368,0.8592,48.8398,0.3124,1.7107,0.0927
2044-12-16,16.9423,20.6984,81.5477,14.1591,389.8778,0.3783,34.1177,0.0202,0.7548,0.0050
2044-12-17,14.9424,4.1720,84.6146,8.0082,380.9918,0.2805,33.6482,0.0132,0.5599,0.0032
2044-12-18,15.7012,0.0594,68.0541,3.0094,383.5220,0.8904,54.8266,0.3197,1.7706,0.0957
2044-12-19,16.7692,0.0727,66.4309,4.6383,386.2445,1.5721,70.2969,0.7979,3.1125,0.2847
2044-12-20,18.8876,0.0953,64.6842,5.9062,389.3482,2.3743,79.2037,1.4140,4.6772,0.5911
2044-12-21,18.6822,0.0027,63.8012,10.5605,392.4150,3.1880,83.0578,2.7696,6.2491,1.9909
2044-12-22,18.6608,0.1239,64.5370,7.6471,395.4780,3.9844,84.1441,2.7579,7.7730,2.3255
2044-12-23,18.4911,0.0553,62.8213,6.4116,398.5104,4.8121,84.6900,2.7900,9.3422,2.6948
2044-12-24,18.7248,0.2138,63.6694,5.3609,401.5848,5.6306,84.8067,2.6886,10.8798,2.8596
2044-12-25,18.8545,0.1911,62.1969,3.8753,404.6826,6.4878,85.0214,2.5692,12.4756,2.9766
2044-12-26,17.5970,0.0462,66.8653,4.5396,407.5541,7.1918,85.0691,2.6742,13.7760,3.3527
2044-12-27,17.2867,0.0000,58.9781,9.4610,410.3697,8.0490,85.3264,3.5508,15.3455,4.9097
2044-12-28,15.6303,0.0000,60.2649,9.1270,412.8872,8.8044,85.3742,3.5148,16.7177,5.1214
2044-12-29,16.5011,0.0001,59.5034,6.2894,415.5614,9.6145,85.4220,3.0668,18.1775,4.6951
2044-12-30,15.6001,0.0001,58.9961,7.1034,418.0734,10.3926,85.4699,3.2165,19.5691,5.1669
2044-12-31,15.9985,0.0000,52.2819,7.5447,420.6571,11.3198,86.0814,3.5824,21.2126,6.0374
2045-01-01,14.3594,0.0000,48.3956,9.2942,422.9458,12.3020,86.5547,4.1828,22.9361,7.3069
2045-01-02,13.8308,0.0000,51.2023,8.2053,425.1393,13.1989,86.6029,3.9866,24.4965,7.2717
2045-01-03,14.6405,0.0000,50.5971,7.7692,427.4786,14.1563,86.6512,3.9267,26.1478,7.4556
2045-01-04,15.9264,0.0001,54.3677,7.9400,430.0494,15.1128,86.6994,3.9878,27.7845,7.8362
2045-01-05,15.4664,0.0459,58.9078,6.6637,432.5373,15.9508,86.6965,3.7379,29.2088,7.6199
2045-01-06,15.9363,0.0669,55.8547,8.5334,435.1099,16.8767,86.7448,4.1354,30.7697,8.5909
2045-01-07,14.2115,0.4841,65.0819,7.5749,437.3719,17.5349,85.8191,3.4582,31.8750,7.4915
2045-01-08,16.8070,0.0568,60.1535,6.7056,440.1012,18.4134,85.8671,3.3324,33.3395,7.4473
2045-01-09,17.1373,1.3429,75.7257,8.6987,442.8899,18.9584,75.6537,1.2332,34.2513,2.6288
2045-01-10,18.0574,1.8608,78.5672,9.1659,445.8443,17.5875,67.2123,0.9076,32.0175,1.4724
2045-01-11,18.6777,1.7592,67.0951,9.3756,448.9102,16.9164,69.6593,0.9925,30.9199,1.6832
2045-01-12,15.7368,0.6615,75.1075,7.5066,451.4469,17.4324,74.7696,1.1043,31.7954,2.0843
2045-01-13,16.7615,3.0044,68.2548,11.5360,446.7901,13.7181,64.2281,0.9135,25.4804,0.9677
2045-01-14,12.8194,0.1015,58.5301,7.8845,448.8016,14.4287,76.1088,1.2179,26.7107,2.0239
2045-01-15,13.4899,0.0018,58.1714,5.5950,450.9338,15.1801,81.2893,1.7372,28.0034,3.4076
2045-01-16,13.5665,0.0215,60.7762,3.6439,453.0797,15.8883,83.0992,1.9650,29.2153,4.0481
2045-01-17,14.3958,0.0374,57.6559,4.0320,455.3750,16.6961,84.3444,2.3614,30.5884,5.0743
2045-01-18,15.6479,0.2920,65.5051,6.5084,457.8956,17.4073,84.3919,2.6925,31.7930,5.9261
2045-01-19,15.8505,0.0022,56.3520,4.5168,460.4527,18.3181,85.1844,2.7139,33.3221,6.1566
2045-01-20,17.2836,0.0000,52.2050,8.8388,463.2677,19.3998,86.1769,3.8755,35.1227,8.7796
2045-01-21,17.6859,0.2283,60.9502,9.6406,466.1552,20.3029,86.2250,4.0627,36.6187,9.3690
2045-01-22,17.7928,2.7814,75.3416,18.5123,469.0619,16.4212,68.1619,1.4997,30.1993,3.0314
2045-01-23,17.1463,12.7070,84.5373,16.6788,416.8228,7.9203,38.7699,0.0633,15.1223,0.0483
2045-01-24,15.4509,6.4615,81.4862,12.2997,397.0941,4.3558,36.6221,0.0324,8.4791,0.0179
2045-01-25,12.6900,4.7783,74.2411,9.5951,385.0110,2.4370,39.6516,0.0527,4.7981,0.0223
2045-01-26,14.2543,0.0041,55.5797,6.2117,387.2808,3.2767,64.2367,0.6988,6.4176,0.3366
2045-01-27,15.8931,0.0681,69.8165,8.9850,389.8455,3.9081,75.1503,1.2147,7.6252,0.6363
2045-01-28,17.1782,0.1568,74.6610,5.5152,392.6416,4.4783,79.0874,1.3710,8.7083,0.7686
2045-01-29,17.6857,0.0699,66.5381,4.5023,395.5290,5.2522,82.0855,1.8072,10.1669,1.4139
2045-01-30,17.9906,0.0007,57.5329,6.5889,398.4713,6.2503,84.5701,2.7694,12.0288,3.1833
2045-01-31,17.2075,0.1395,64.5881,7.8317,401.2727,7.0484,84.6176,2.9676,13.5038,3.7325
2045-02-01,17.9934,1.8090,68.6765,10.4304,404.2155,6.7785,74.0264,1.2325,13.0115,0.8614
2045-02-02,15.4926,1.9494,81.0596,12.3568,406.7082,5.8722,64.5848,0.9665,11.3353,0.6246
2045-02-03,18.7928,0.3441,70.5268,8.5738,409.7949,6.7051,76.0668,1.2575,12.8831,0.8740
2045-02-04,16.2295,0.0501,71.8947,5.8391,412.4202,7.3969,79.8458,1.5021,14.1590,1.4228
2045-02-05,18.5265,0.1596,64.0947,4.1470,415.4590,8.3979,82.8313,1.9477,15.9880,2.5052
2045-02-06,19.7495,0.0001,55.6789,6.7165,418.7179,9.7106,85.3333,3.0952,18.3569,4.7701
2045-02-07,17.3163,0.8497,63.9665,7.5151,421.5388,10.6532,81.8740,2.0503,20.0403,3.2048
2045-02-08,13.6564,0.0922,53.1216,9.3385,423.7010,11.6359,84.4778,3.1414,21.7767,5.3998
2045-02-09,15.8426,0.6144,60.7552,10.3723,426.2566,12.5804,83.8458,3.0406,23.4319,5.4780
2045-02-10,16.3245,1.5885,64.6490,12.7265,428.8990,12.7035,76.0861,1.5522,23.6554,2.5701
2045-02-11,15.2352,3.6095,65.2581,16.8519,421.5395,9.2848,63.9047,1.1774,17.6005,0.9856
2045-02-12,11.6586,2.7177,68.0460,12.4389,423.3421,7.1968,59.2421,0.7294,13.8069,0.5277
2045-02-13,13.1616,0.0018,45.7622,7.5257,425.4152,8.2956,76.3031,1.2115,15.8200,0.9503
2045-02-14,16.1047,0.2818,57.6745,7.9640,428.0180,9.3300,82.2477,2.1947,17.6957,3.1678
2045-02-15,17.2666,0.0004,49.1727,6.5418,430.8300,10.6561,85.5983,3.1831,20.0711,5.1957
2045-02-16,19.5199,0.0095,49.8445,5.4185,434.0476,12.1252,86.8476,3.5866,22.6673,6.2936
2045-02-17,17.3331,0.0310,58.3667,7.3263,436.8716,13.2153,86.8959,3.9758,24.5723,7.2671
2045-02-18,17.1803,0.0037,53.3152,4.2561,439.6680,14.4276,86.9442,3.4294,26.6675,6.6654
2045-02-19,17.5093,0.0013,50.0465,6.9379,442.5237,15.7481,86.9926,3.9527,28.9230,7.9618
2045-02-20,19.1757,0.0005,47.8442,6.2202,445.6793,17.2503,87.4681,4.0798,31.4566,8.6011
2045-02-21,17.3494,0.0000,50.1919,8.7984,448.5062,18.5556,87.5166,4.6781,33.6326,10.0450
2045-02-22,18.3475,0.0000,41.8270,10.7481,451.5128,20.1626,88.3331,5.8012,36.2755,12.4869
2045-02-23,17.0998,0.0000,44.1876,8.9882,454.2947,21.6055,88.3819,5.3462,38.6194,12.1099
2045-02-24,19.0126,0.0000,41.5616,5.8788,457.4210,23.2751,88.6498,4.7500,41.2969,11.4313
2045-02-25,20.5087,0.0001,34.9585,7.4697,460.8166,25.2716,89.8947,6.1531,44.4491,14.6069
2045-02-26,21.6888,0.0002,34.8603,6.4176,464.4245,27.3802,90.3389,6.2186,47.7262,15.3044
2045-02-27,20.5277,0.0000,40.2587,5.6801,467.8235,29.2156,90.3884,6.0343,50.5406,15.4296
2045-02-28,21.9066,0.0000,35.3343,6.1892,471.4707,31.3290,90.4379,6.2351,53.7318,16.3500
2045-03-01,23.3066,0.0000,32.2116,7.8034,475.3699,34.1492,91.1104,7.4446,57.9000,19.4010
2045-03-02,23.3295,0.0000,34.2570,5.9407,479.2732,36.8869,91.1601,6.8258,61.8695,18.8596
2045-03-03,22.6238,0.0000,42.0043,9.2402,483.0495,39.2322,90.8785,7.7434,65.2216,21.2473
2045-03-04,20.5189,0.0098,46.9455,7.8555,486.4469,41.1874,89.9050,6.2831,67.9842,18.6656
2045-03-05,20.8983,0.0000,46.9770,4.9652,489.9126,43.1756,89.7040,5.2774,70.7610,16.7621
2045-03-06,18.7793,1.1710,54.1872,12.3609,492.9969,44.7281,83.0711,3.0378,72.9172,11.0783
2045-03-07,19.0962,0.0002,40.4921,10.9879,496.1382,46.7767,87.6147,5.2975,75.7086,17.4453
2045-03-08,19.6190,0.0136,41.2485,9.2010,499.3736,48.8517,88.6062,5.5807,78.5040,18.4926
2045-03-09,20.9352,0.0246,37.9573,7.5065,502.8460,51.1821,89.4885,5.8157,81.6000,19.4540
2045-03-10,22.4915,0.0000,29.0677,11.0480,506.5984,54.0346,91.3940,9.1278,85.3186,27.3853
2045-03-11,22.0026,0.0247,29.5961,11.2549,510.2629,56.8071,91.5410,9.4180,88.8776,28.5626
2045-03-12,22.0661,0.0000,30.3805,9.6605,513.9388,59.5563,91.5909,8.7526,92.3565,27.6942
2045-03-13,20.9795,0.0000,36.2393,12.7465,517.4191,61.9560,91.5705,10.1957,95.3646,31.2002
2045-03-14,20.8966,0.0000,36.8390,14.2569,520.8845,64.3243,91.4697,10.8457,98.3006,32.9891
2045-03-15,21.1839,0.0000,36.6971,10.3741,524.4016,66.7288,91.5020,8.9594,101.2486,29.4193
2045-03-16,21.9790,0.0003,35.5064,6.0340,528.0618,69.2661,91.5518,7.2506,104.3222,25.8070
2045-03-17,23.1044,0.0223,31.8947,4.7030,531.9246,72.0760,91.6017,6.8284,107.6765,25.1214
2045-03-18,23.9074,0.2005,30.1510,5.7161,535.9319,75.0535,91.7452,7.3337,111.1815,26.7798
2045-03-19,20.5499,6.7937,50.7582,10.7002,507.7752,45.9024,66.7361,0.9646,74.8817,3.8449
2045-03-20,19.4386,5.7914,61.4131,7.0245,486.9372,29.9484,56.6172,0.4571,51.9144,0.7901
2045-03-21,16.8415,4.1622,72.4804,12.3269,475.4025,21.4055,53.6397,0.4564,38.4795,0.6387
2045-03-22,15.2928,0.0746,57.8951,13.2690,477.8592,22.5820,73.8785,1.4121,40.3921,3.5812
2045-03-23,13.6248,15.7356,78.5829,12.1099,409.8904,10.2466,38.0979,0.0439,19.2879,0.0389
2045-03-24,15.2657,6.8808,72.7473,15.0437,388.6965,6.0675,43.5098,0.1383,11.6792,0.0909
2045-03-25,17.8886,0.0385,47.7641,13.8995,391.6204,7.7582,73.9985,1.4659,14.7843,1.4267
2045-03-26,17.5351,0.0231,46.2742,14.3546,394.4807,9.4649,84.2112,3.9020,17.8585,5.9082
2045-03-27,16.7399,0.0981,52.3013,17.6604,397.1979,10.9154,85.9229,5.8329,20.4273,9.1711
2045-03-28,19.2242,0.0627,53.3605,17.7060,400.3623,12.5312,86.5334,6.3715,23.2436,10.5865
2045-03-29,17.9359,0.2440,61.3378,14.3238,403.2947,13.7857,86.5816,5.4099,25.4007,9.6926
2045-03-30,20.5390,0.0008,55.5802,7.0902,406.6957,15.4242,86.6299,3.7832,28.1768,7.5385
2045-03-31,20.2446,0.0000,54.8068,10.9466,410.0438,17.0685,86.6781,4.6262,30.9193,9.4847
2045-04-01,20.8535,0.0000,51.9482,14.1759,414.7514,19.6259,87.0975,5.7780,35.0995,12.2242
2045-04-02,21.9761,0.0003,52.4768,14.8715,419.6611,22.2845,87.2613,6.1255,39.3458,13.6241
2045-04-03,21.5459,0.0225,56.4492,8.6281,424.4933,24.6755,87.3098,4.5031,43.0891,11.2138
2045-04-04,23.6537,0.2042,50.9277,6.7874,429.7050,27.6204,87.7254,4.3553,47.5929,11.5540
2045-04-05,20.9268,3.9581,60.4822,11.8625,422.9766,21.3855,69.4459,1.1174,37.9714,2.5321
2045-04-06,19.7625,3.5590,63.4835,10.5744,418.0563,17.1182,64.5048,0.8805,31.0571,1.3008
2045-04-07,18.7193,3.5330,67.5597,7.3472,413.1801,13.5447,58.9196,0.5522,25.0374,0.5783
2045-04-08,20.1411,4.9013,62.4185,13.3159,402.5775,10.0840,61.0042,0.8506,18.9794,0.7462
2045-04-09,14.6022,9.0981,75.4633,17.9199,373.6857,5.7834,45.5516,0.2208,11.1360,0.1413
2045-04-10,14.4950,4.0494,70.4536,14.3301,366.9074,4.2352,50.5676,0.3616,8.2328,0.1969
2045-04-11,20.2641,0.4304,51.9031,8.4052,371.5089,6.7263,75.6073,1.2116,12.8700,0.8416
2045-04-12,19.2397,0.2264,59.2224,6.1432,375.9261,8.7370,82.2982,2.0148,16.5145,2.6932
2045-04-13,25.0532,0.0897,43.8555,9.2887,381.3896,12.2968,88.0849,5.2015,22.7591,8.8197
2045-04-14,21.7675,0.2821,52.7906,9.7065,386.2618,14.9140,88.1336,5.3494,27.2022,9.9727
2045-04-15,17.8603,3.3961,72.3193,13.3079,382.5020,11.6982,65.4478,1.0495,21.7346,1.0375
2045-04-16,19.5661,1.3635,67.6088,12.0055,386.9779,13.3210,72.6851,1.2586,24.5309,1.9497
2045-04-17,21.1016,0.0208,50.2305,6.1576,391.7302,15.9998,83.3496,2.3037,29.0348,4.7737
2045-04-18,21.5690,0.1721,51.8346,7.9881,396.5666,18.6468,86.3544,3.8070,33.3708,8.3860
2045-04-19,23.1728,0.0335,47.9438,8.5204,401.6917,21.7100,87.8823,4.8608,38.2517,11.1534
2045-04-20,28.2188,0.0000,31.4452,9.3799,407.7251,26.5828,91.7251,8.7956,45.7144,19.3711
2045-04-21,27.6335,0.0000,28.8705,11.3462,413.6532,31.5376,92.5668,10.9374,52.9775,24.3924
2045-04-22,29.4168,0.0000,21.5976,9.7176,419.9022,37.3380,94.3642,12.9441,61.0946,29.4035
2045-04-23,30.5160,0.0000,21.5218,5.2355,426.3491,43.3532,94.7084,10.8287,69.1321,27.6862
2045-04-24,31.4051,0.0000,27.2869,6.3921,432.9560,49.0832,94.7593,11.5591,76.4881,30.4432
2045-04-25,29.0777,0.0017,31.9016,8.6449,439.1439,54.0653,93.9926,11.6487,82.6820,31.7994
2045-04-26,29.7267,0.0135,29.6828,8.4919,445.4488,59.3203,94.0433,11.6407,89.0078,32.9688
2045-04-27,29.7710,0.0000,26.7847,8.8019,451.7615,64.7998,94.0940,11.9073,95.3924,34.6044
2045-04-28,27.7566,0.0000,28.0728,10.4376,457.7117,69.8317,94.1447,13.0213,101.1015,37.6993
2045-04-29,28.5997,0.0000,18.1858,8.2286,463.8137,75.7224,95.0944,13.2759,107.5487,39.2337
2045-04-30,31.1927,0.0000,16.9871,6.3686,470.3823,82.2213,95.8242,13.3518,114.4353,40.4130
2045-05-01,29.9933,0.0000,20.5251,9.5378,478.1851,88.7270,95.8755,15.7730,121.2222,45.9785
2045-05-02,28.5019,0.0000,21.5137,7.4410,485.7195,94.8436,95.8152,14.0760,127.4642,43.5520
2045-05-03,27.4741,0.0178,22.1413,12.6437,493.0688,100.7006,95.5685,17.6921,133.3270,51.0867
2045-05-04,24.6219,0.0000,22.1731,11.6428,499.9048,105.9708,95.1759,15.9450,138.5280,48.4417
2045-05-05,28.1547,0.0000,16.9828,5.7364,507.3766,112.3646,95.3918,12.1947,144.6455,41.3714
2045-05-06,28.5571,0.4837,24.2692,9.9938,514.9209,118.2774,95.2643,14.8518,150.2650,47.4049
2045-05-07,21.4231,25.5764,63.7617,11.2495,399.4088,52.9099,55.2461,0.5030,79.4935,1.6561
2045-05-08,17.4277,8.9491,78.4597,12.4393,373.3318,29.3228,42.3137,0.0990,49.0201,0.1643
2045-05-09,23.5040,3.8307,59.2386,10.2722,370.5203,23.4222,62.6891,0.7984,40.4515,1.5778
2045-05-10,21.2756,9.4067,74.0670,8.1694,345.5099,13.2728,47.4461,0.1777,24.2196,0.1821
2045-05-11,24.0336,5.0360,60.4435,5.7146,338.8782,10.5048,57.9424,0.4744,19.4984,0.4232
2045-05-12,27.8972,0.0047,42.6534,5.4256,346.3037,14.8826,83.5640,2.2833,26.8775,4.4824
2045-05-13,28.7462,0.0001,41.0722,4.1916,353.8820,19.5128,89.2831,4.7781,34.2978,10.3381
2045-05-14,29.5929,0.0107,40.8681,8.9759,361.6127,24.2909,90.4777,7.2160,41.5964,15.9197
2045-05-15,28.8320,0.0180,30.5412,14.7350,369.2065,29.7643,92.3438,12.5731,49.5435,25.9958
2045-05-16,28.9830,0.6681,30.1761,15.0585,376.8274,35.2943,92.2076,12.5365,57.1959,27.8492
2045-05-17,26.9799,3.4211,43.1984,13.1677,376.2397,30.5508,81.5539,2.6241,50.7910,7.8235
2045-05-18,27.7703,1.3793,44.8389,8.7160,383.6424,34.7433,85.1432,3.3344,56.6589,10.2811
2045-05-19,28.9543,1.2605,48.1839,6.1125,391.2581,38.8432,85.4230,3.0400,62.2390,10.0739
2045-05-20,28.8972,3.3468,55.7039,9.8988,391.0466,32.9196,77.8677,1.5344,54.3919,4.9231
2045-05-21,28.7582,6.3435,50.2013,9.3089,378.2506,22.9747,73.7332,1.1489,39.8918,2.7516
2045-05-22,26.5370,0.3151,38.6583,11.0207,385.4313,27.4378,88.0430,5.6419,46.5850,14.0142
2045-05-23,29.6152,0.0008,25.6775,5.7752,393.1660,33.4477,93.0145,8.7962,55.1633,21.3406
2045-05-24,32.4282,0.0000,24.9317,8.3725,401.4071,40.0739,94.2178,11.8537,64.1396,28.3695
2045-05-25,34.5909,0.0000,21.5018,5.3516,410.0375,47.4498,95.3416,11.8788,73.6054,30.4217
2045-05-26,35.8561,0.0000,21.6299,6.2559,418.8956,55.0746,95.5977,12.8740,82.9006,34.0353
2045-05-27,36.8395,0.0000,20.6579,7.3058,427.9307,62.9994,95.9698,14.2764,92.1013,38.3359
2045-05-28,37.0534,0.0000,19.6139,7.8663,437.0043,71.0738,96.2385,15.2283,101.0578,41.7144
2045-05-29,38.0071,0.0000,17.7630,8.9608,446.2496,79.5406,96.7868,17.3233,110.0446,46.9707
2045-05-30,36.5134,0.0033,20.6010,9.7621,455.2260,87.4029,96.8384,18.1621,118.1123,49.7637
2045-05-31,30.6609,2.6508,43.1253,13.3581,463.1489,74.1549,85.8660,4.6587,105.9147,18.9752
2045-06-01,27.9652,1.1891,46.6100,14.6146,471.5867,78.2402,86.7997,5.6622,110.6048,22.2950
2045-06-02,27.9116,0.0000,34.2809,9.7427,480.0148,83.2597,91.0231,8.1074,116.1522,29.2274
2045-06-03,31.9662,0.0000,24.8979,6.2063,489.1727,89.7975,93.9493,10.2400,123.1009,34.9754
2045-06-04,33.8152,0.0000,22.8259,6.7994,498.6634,96.8913,94.9334,12.0840,130.4270,39.7996
2045-06-05,34.6945,0.0000,26.5660,7.4038,508.3124,103.8113,94.9844,12.5450,137.4467,41.4864
2045-06-06,34.5884,0.2945,25.4532,7.0021,517.9423,110.8154,95.0354,12.3798,144.3959,41.7535
2045-06-07,33.6596,0.6202,30.8024,13.3719,527.4051,117.1477,93.2042,13.2453,150.6430,44.1138
2045-06-08,26.1192,0.7495,47.5858,17.0052,535.5105,120.9037,88.5379,8.1887,154.5656,32.4563
2045-06-09,23.3628,3.5199,51.0950,16.8982,530.9074,83.3616,77.1675,2.0659,119.7257,10.7432
2045-06-10,24.0499,1.7954,45.8842,11.7202,538.6404,79.8085,81.4206,2.4017,116.4734,11.9781
2045-06-11,25.7113,0.0095,39.7363,10.5776,546.6724,84.0622,88.8419,6.1873,121.4397,24.7177
2045-06-12,28.4701,0.0040,32.9867,10.2525,555.2010,89.2791,91.6177,9.0522,127.3584,32.6411
2045-06-13,28.7838,0.0011,32.3402,9.6727,563.7861,94.6021,92.0950,9.4060,133.2898,34.0301
2045-06-14,33.7428,0.0000,23.9697,6.2488,573.2638,101.5763,94.5438,11.1406,140.7875,38.7091
2045-06-15,36.1763,0.0000,22.4658,11.7005,583.1795,109.1852,95.4454,16.5904,148.7476,50.6824
2045-06-16,33.8641,0.0011,27.8973,12.2292,592.6790,115.8221,95.4082,16.9523,155.6170,51.9610
2045-06-17,31.0316,0.0432,42.8882,12.1634,601.6687,120.6533,92.4798,11.2585,160.7288,40.3899
2045-06-18,32.6764,0.0847,37.2320,10.8202,610.9545,126.2348,92.5300,10.5963,166.4765,39.1416
2045-06-19,32.4686,0.0000,31.7613,12.9029,620.2028,132.2653,92.8753,12.3539,172.5402,43.5217
2045-06-20,32.9713,0.0000,28.2004,9.9781,629.5417,138.7056,93.6593,11.8947,178.8804,42.7622
2045-06-21,35.2711,0.0000,26.5531,8.7289,639.2945,145.7384,94.4125,12.3973,185.6636,44.1789
2045-06-22,32.1635,3.5324,39.7864,13.5145,632.6312,94.4812,85.9652,4.7614,137.5907,21.5442
2045-06-23,32.2120,0.7433,41.0660,6.3423,641.8333,99.6497,89.7473,5.6918,143.5724,24.7884
2045-06-24,35.1966,0.2298,33.5368,5.8053,651.5727,106.0006,92.7531,8.4924,150.7071,33.0287
2045-06-25,37.3022,0.0000,24.5059,8.6673,661.6911,113.6331,95.1249,13.6294,159.0021,45.5318
2045-06-26,36.8848,0.0000,17.0130,13.9154,671.7344,121.9319,96.7349,22.0819,167.7429,62.1541
2045-06-27,37.0424,0.0859,15.5666,11.7552,681.8060,130.4104,97.1177,20.8450,176.4472,60.5735
2045-06-28,36.1031,0.0071,24.9743,9.0971,691.7086,137.7586,96.5016,16.7874,183.9366,53.3814
2045-06-29,32.8101,0.1711,39.8798,16.0142,701.0184,143.1258,93.2775,15.2875,189.5177,50.5836
2045-06-30,29.6119,0.6340,41.9023,15.8773,709.7525,147.8232,90.3745,10.0675,194.4165,38.9027
2045-07-01,32.7108,0.1923,33.0345,10.0277,719.3445,153.1407,92.5051,10.1460,199.8935,39.2422
2045-07-02,35.9369,0.8230,31.1667,9.5176,729.5171,159.1280,93.0525,10.6783,205.9484,40.7056
2045-07-03,36.2525,0.8474,31.0046,9.9926,739.7466,165.1806,93.1619,11.1056,212.0101,41.8759
2045-07-04,38.1933,0.0160,24.7198,10.9884,750.3254,172.1277,95.2679,15.6230,218.7818,52.1167
2045-07-05,37.7062,0.5741,23.0455,10.5788,760.8165,179.1412,95.5254,15.8504,225.5267,52.7176
2045-07-06,35.7864,1.7583,30.2063,8.5573,770.9620,146.6697,91.8232,8.5566,198.7925,35.0790
2045-07-07,35.0634,1.8526,32.4864,8.9215,780.9774,126.0647,90.7329,7.4634,179.6372,31.5331
2045-07-08,36.7400,0.1097,20.3995,7.9741,791.2946,133.1388,95.7634,14.3578,187.4355,48.5531
2045-07-09,37.5526,0.0000,19.9527,7.2817,801.7581,140.4053,96.2379,14.7852,195.3052,49.7411
2045-07-10,37.9890,0.0000,20.9397,8.2122,812.3001,147.6633,96.2893,15.6028,203.0489,51.6883
2045-07-11,38.2589,0.0100,27.6488,10.0909,822.8907,154.3512,96.2310,17.0177,210.1546,54.7522
2045-07-12,38.9816,0.0000,28.1620,10.7608,833.6114,161.1136,96.2474,17.6408,217.2543,56.1565
2045-07-13,38.1451,0.1954,29.3763,11.8985,844.1815,167.6229,95.9050,17.8366,224.0339,56.6836
2045-07-14,36.1373,0.0224,33.2626,12.8900,854.3902,173.4594,94.8758,16.2956,230.1204,53.7118
2045-07-15,33.1478,0.0000,37.6312,15.4037,864.0608,178.4759,93.5567,15.4131,235.3962,51.9635
2045-07-16,31.2808,0.0062,35.9658,14.3922,873.3954,183.3456,93.4105,14.3517,240.4837,49.7625
2045-07-17,35.2806,0.0000,26.9840,10.2303,883.4499,189.5842,94.3179,13.1983,246.7760,47.2756
2045-07-18,34.7546,0.0000,29.1618,12.1803,893.4097,195.5493,94.3687,14.6634,252.7784,50.5687
2045-07-19,38.6625,0.0000,23.4357,7.2525,904.0730,202.6992,95.6441,13.6227,259.7847,48.3441
2045-07-20,37.4469,0.0000,27.2974,11.4905,914.5174,209.2809,95.6953,16.9836,266.2425,55.5195
2045-07-21,36.9782,0.0000,23.2050,10.7821,924.8775,216.1486,95.7466,16.5025,272.8696,54.5870
2045-07-22,34.7735,0.0076,21.9386,12.2521,934.8407,222.7254,95.7978,17.8953,279.1703,57.4229
2045-07-23,35.4760,0.0000,18.2003,9.5884,944.9304,229.7520,96.2784,16.6987,285.7871,55.0584
2045-07-24,41.6491,0.0000,12.4841,7.0653,956.1312,238.5385,98.4074,19.5220,293.8195,60.6399
2045-07-25,40.7687,0.0000,18.4041,11.3972,967.1736,246.5619,98.4492,24.4177,301.1764,69.4595
2045-07-26,41.3504,0.0000,16.6822,8.6552,978.3206,254.8685,98.5013,21.4126,308.6900,64.2015
2045-07-27,41.3862,0.0000,15.2358,8.4615,989.4742,263.3264,98.5535,21.3501,316.2474,64.1102
2045-07-28,40.3073,0.0000,14.6479,8.8238,1000.4335,271.6267,98.6057,21.8927,323.6015,65.1095
2045-07-29,40.2984,0.0000,14.4964,8.6931,1011.3912,279.9399,98.6579,21.8981,330.9046,65.1347
2045-07-30,39.3667,0.0000,17.6082,10.7319,1022.1812,287.7703,98.4290,23.5503,337.7954,68.0666
2045-07-31,37.8679,0.0000,22.0703,10.6694,1032.7014,294.9023,97.4433,20.6099,344.1281,62.8068
2045-08-01,36.7582,0.0000,22.4169,9.8677,1042.3219,300.9659,97.0755,18.8473,349.5815,59.4828
2045-08-02,39.2038,0.0000,18.4561,6.7503,1052.3826,307.7508,97.1272,16.2191,355.5591,54.2366
2045-08-03,42.1843,0.0000,15.3866,8.3461,1062.9797,315.3118,97.9527,19.6130,362.0995,60.9603
2045-08-04,42.7134,0.0000,13.4902,10.0428,1073.6722,323.1367,98.4185,22.7150,368.7912,66.6408
2045-08-05,42.6699,0.0000,12.8721,10.0691,1084.3567,331.0097,98.5370,23.1015,375.4759,67.3266
2045-08-06,41.3789,0.0000,15.9833,9.3448,1094.8089,338.3776,98.5892,22.4265,381.7681,66.1384
2045-08-07,40.0547,0.0004,20.2400,10.2916,1105.0228,345.1542,98.0807,22.0018,387.6230,65.3827
2045-08-08,36.8719,0.0000,21.6798,12.6795,1114.6637,351.2938,97.3077,22.3992,392.9699,66.0958
2045-08-09,36.5481,0.0000,23.3380,10.7463,1124.2464,357.2522,96.8638,19.1506,398.1799,60.1007
2045-08-10,37.3170,0.0000,23.0285,9.9383,1133.9675,363.3568,96.9154,18.5140,403.4890,58.8724
2045-08-11,38.0073,0.0000,19.8275,9.4250,1143.8128,369.8296,96.9671,18.1664,409.0297,58.1940
2045-08-12,36.5916,0.0011,23.1601,10.3487,1153.4033,375.8087,96.8444,18.7221,414.2136,59.2799
2045-08-13,36.0817,0.0053,25.3991,10.3719,1162.9020,381.5351,96.3737,17.5956,419.2182,57.0664
2045-08-14,36.7218,0.0000,23.0052,8.7971,1172.5159,387.5470,96.4252,16.3663,424.4032,54.5736
2045-08-15,39.5332,0.0000,17.5359,7.1452,1182.6359,394.4645,97.0798,16.4408,430.1997,54.7282
2045-08-16,38.9417,0.0000,15.3185,10.4609,1192.6494,401.4647,97.4682,20.4622,436.0098,62.5860
2045-08-17,35.7754,0.0000,21.6838,11.7531,1202.0929,407.4267,97.0622,20.6889,441.0985,63.0071
2045-08-18,35.5542,0.0000,22.4111,10.7132,1211.4967,413.2980,96.8407,19.0597,446.1174,59.9373
2045-08-19,35.7630,0.0000,21.7038,11.0469,1220.9380,419.2565,96.8923,19.5172,451.1841,60.8123
2045-08-20,34.4610,0.0000,20.5302,11.8243,1230.1450,425.0907,96.9439,20.4377,456.1295,62.5432
2045-08-21,35.3989,0.0000,15.0870,9.1141,1239.5208,431.4889,96.9956,17.9524,461.4180,57.7810
2045-08-22,36.7274,0.0000,15.7131,10.3677,1249.1358,438.0712,97.0488,19.2594,466.8406,60.3223
2045-08-23,36.2947,0.0000,19.0572,13.6642,1258.6728,444.3199,97.1005,22.8971,472.0488,66.9951
2045-08-24,36.6039,0.0000,22.9282,16.4553,1268.2655,450.3191,96.8960,25.6443,477.1170,71.7051
2045-08-25,38.1015,0.0000,19.4605,14.6912,1278.1278,456.8371,96.9476,23.6258,482.5149,68.2701
2045-08-26,38.9623,0.0000,17.1257,10.1346,1288.1450,463.6914,97.0945,19.1511,488.1166,60.1162
2045-08-27,38.5861,0.0041,16.7192,10.5232,1298.0945,470.5146,97.1462,19.6650,493.6769,61.0959
2045-08-28,38.3380,0.0255,20.0185,12.6492,1307.9993,477.0266,97.1979,22.0401,499.0474,65.4728
2045-08-29,36.7888,0.0027,26.2392,13.8955,1317.6253,482.7961,96.3586,20.9715,503.9535,63.5328
2045-08-30,31.6427,0.0815,42.0397,14.0072,1326.3250,486.7140,92.7741,12.8766,507.6784,46.9801
2045-08-31,31.8996,0.0005,32.5211,9.2172,1335.0709,491.3111,92.8243,10.1868,511.7799,40.4500
2045-09-01,34.5564,0.0000,22.8167,6.7700,1342.9950,496.2108,94.9790,12.1418,515.8916,45.2635
2045-09-02,36.9962,0.0000,16.3564,5.2704,1351.3584,501.8839,96.8445,14.4953,520.4968,50.6108
2045-09-03,37.3545,0.0000,19.9025,7.0085,1359.7862,507.3676,96.8961,15.9318,525.0058,53.6788
2045-09-04,37.5066,0.0000,21.3389,8.8636,1368.2414,512.7743,96.9478,17.6142,529.4733,57.1126
2045-09-05,37.5297,0.0000,22.4076,12.4155,1376.7007,518.1107,96.9994,21.2125,533.8992,63.9752
2045-09-06,37.3609,0.0000,17.3711,12.3278,1385.1297,523.7686,97.0511,21.2653,538.4848,64.0717
2045-09-07,37.0852,0.0000,15.6000,9.2198,1393.5090,529.5064,97.1282,18.3709,543.0970,58.6070
2045-09-08,36.8289,0.0000,18.0993,7.8087,1401.8422,535.0369,97.1800,17.2284,547.5855,56.3395
2045-09-09,37.2064,0.0002,19.5858,8.7445,1410.2433,540.5211,97.2317,18.1853,552.0576,58.2434
2045-09-10,37.6207,0.0060,20.0536,10.2874,1418.7191,546.0324,97.2834,19.7915,556.5533,61.3365
2045-09-11,37.0186,0.0393,24.3477,9.4243,1427.0864,551.1665,96.7596,17.6681,560.8281,57.2205
2045-09-12,34.9902,1.1013,35.6754,9.9699,1435.0886,555.2996,91.7432,9.0843,564.5121,37.5511
2045-09-13,31.9156,1.6321,45.8928,10.4572,1442.5374,184.5552,87.2979,4.9295,279.6620,24.7471
2045-09-14,28.5590,0.3144,49.1496,11.0527,1449.3821,187.2403,88.7385,6.2439,283.0615,29.1307
2045-09-15,27.6248,0.0272,41.0797,9.7637,1456.0585,190.2535,90.0613,7.0739,286.8161,31.7014
2045-09-16,30.7324,0.0427,36.3526,8.6050,1463.2944,193.8606,91.5233,8.2201,291.2557,35.0437
2045-09-17,33.1479,0.0259,29.5026,6.8889,1470.9650,198.1591,93.3145,9.7025,296.4713,39.0750
2045-09-18,34.0155,0.0101,27.0742,7.1434,1478.7917,202.7183,94.0744,10.9229,301.9541,42.1952
2045-09-19,33.7144,0.0032,26.2841,5.6657,1486.5643,207.2874,94.2363,10.3688,307.4109,40.8183
2045-09-20,34.8566,0.0000,24.4562,4.1887,1494.5425,212.1233,94.7872,10.3841,313.1365,40.8692
2045-09-21,35.2243,0.0005,27.0366,8.1972,1502.5869,216.8419,94.8382,12.7976,318.7021,46.7148
2045-09-22,32.5790,1.4892,40.2252,9.7863,1510.1551,220.4260,89.2192,6.2763,322.9907,29.3102
2045-09-23,29.3897,3.7906,60.4908,8.0055,1381.7912,102.2942,75.2078,1.1600,172.6374,7.5464
2045-09-24,30.5918,0.7168,51.9893,6.8932,1389.0017,105.0031,85.8215,3.3426,176.6256,17.8664
2045-09-25,30.9075,0.4861,46.7649,7.2777,1396.2690,108.0367,89.2600,5.5636,181.0511,25.8483
2045-09-26,34.0701,0.0002,33.1142,6.6265,1404.1057,112.2247,92.5987,8.6612,187.0700,35.0544
2045-09-27,33.4490,0.0000,33.8179,10.4349,1411.8305,116.2956,92.6535,10.5748,192.8728,40.1175
2045-09-28,32.1374,0.0001,40.4330,9.4443,1419.3192,119.8204,92.7010,10.1272,197.8782,39.1444
2045-09-29,32.2449,0.0011,31.0003,8.5925,1426.8273,123.9167,92.9909,10.1043,203.6229,39.2253
2045-09-30,32.2934,0.0290,20.4593,6.4842,1434.3441,128.6455,95.0875,12.1474,210.1667,44.3090
2045-10-01,30.6254,0.0214,22.5501,4.6201,1440.5607,132.3686,95.1386,11.1358,215.2830,42.0116
2045-10-02,29.8750,0.0001,26.3752,8.3844,1446.6422,135.8240,95.0464,13.2929,220.0073,47.1187
2045-10-03,29.5449,0.0000,24.8892,6.6859,1452.6643,139.3117,95.0974,12.2880,224.7412,44.9076
2045-10-04,28.6733,0.0000,28.1901,7.8919,1458.5294,142.5512,94.6083,12.2103,229.1192,44.7925
2045-10-05,24.8448,1.5909,46.9276,13.5501,1463.7055,131.2187,85.2535,4.3195,214.3885,22.1708
2045-10-06,22.4076,0.2397,44.2666,8.6842,1468.4429,133.2038,88.0691,5.0340,217.1606,24.7286
2045-10-07,23.8849,0.0755,32.4750,8.1508,1473.4462,135.7601,90.7491,7.1958,220.6864,31.6209
2045-10-08,26.2671,0.0026,26.9757,7.9584,1478.8782,138.7882,92.5550,9.2057,224.8279,37.2800
2045-10-09,26.2631,0.0100,36.9673,13.1319,1484.3096,141.4016,92.3734,11.6458,228.4059,43.4507
2045-10-10,27.0051,0.0000,38.3571,10.8195,1489.8745,144.0266,92.2344,10.1637,231.9875,39.8541
2045-10-11,27.3326,0.0000,38.8935,6.9545,1495.4984,146.6592,92.1773,8.2980,235.5653,34.9438
2045-10-12,28.6773,0.0000,31.8353,7.7491,1501.3643,149.7347,92.2311,8.7027,239.7038,36.0978
2045-10-13,27.4329,0.0006,41.0108,6.2681,1507.0062,152.2850,91.8857,7.6921,243.1447,33.2985
2045-10-14,26.0760,0.0996,44.5347,11.4445,1512.4039,154.5689,91.0912,8.9193,246.2264,36.7425
2045-10-15,23.0535,0.0011,40.9581,8.7268,1517.2575,156.7296,91.0606,7.7441,249.1242,33.4936
2045-10-16,25.2849,0.0000,32.2097,4.8812,1522.5128,159.4398,91.4958,6.7872,252.7173,30.6875
2045-10-17,24.0996,0.0595,44.4847,8.9531,1527.5547,161.5595,90.7907,7.5372,255.5495,32.9376
2045-10-18,24.7516,0.0001,33.3618,5.2871,1532.7140,164.1697,91.1816,6.6248,258.9885,30.2256
2045-10-19,23.6419,0.0011,28.0118,8.5968,1537.6736,166.8685,92.0187,8.8142,262.5163,36.5694
2045-10-20,22.4200,0.0000,26.1838,9.6334,1542.4132,169.4991,92.3102,9.6770,265.9372,38.8869
2045-10-21,22.2544,0.0000,25.1473,11.4102,1547.1230,172.1479,92.5273,10.9119,269.3653,42.0426
2045-10-22,22.6294,0.0000,27.4967,7.7600,1551.9003,174.7547,92.5775,9.1430,272.7310,37.5091
2045-10-23,24.2403,0.1341,39.7301,5.7011,1556.9675,177.0688,91.7706,7.3546,275.7401,32.5002
2045-10-24,25.6774,0.0553,38.0564,3.8655,1562.2934,179.5821,91.8206,6.7525,278.9908,30.7021
2045-10-25,23.1330,0.1422,50.4924,8.2582,1567.1614,181.3999,89.9008,6.4081,281.3761,29.6432
2045-10-26,23.1096,0.0195,49.3108,5.5744,1572.0251,183.2593,89.6635,5.4103,283.8065,26.4101
2045-10-27,23.0638,0.0054,41.0570,5.6576,1576.8806,185.4174,89.7128,5.4716,286.5885,26.6232
2045-10-28,23.4500,0.0728,39.4492,5.6143,1581.8056,187.6698,89.8407,5.5607,289.4783,26.9283
2045-10-29,23.2772,0.0000,35.4597,6.5099,1586.6995,190.0536,90.4590,6.3558,292.5144,29.5092
2045-10-30,22.8955,0.0442,32.6571,5.0908,1591.5247,192.5021,90.9673,6.3625,295.6144,29.5372
2045-10-31,20.9823,0.2819,48.8708,5.3206,1596.0055,194.2128,89.7615,5.4172,297.8229,26.4649
2045-11-01,22.5296,0.0659,48.5045,4.7871,1599.7648,195.8261,89.6650,5.2010,299.8815,25.7337
2045-11-02,25.5289,0.0622,46.0055,5.0627,1604.0640,197.7323,89.7143,5.3111,302.3028,26.1140
2045-11-03,25.1107,0.1764,55.3782,7.0697,1608.2880,199.2830,89.0325,5.3287,304.3011,26.1769
2045-11-04,22.4265,0.2702,61.7003,5.7135,1612.0287,200.4776,87.7063,4.1147,305.8605,21.8338
2045-11-05,24.1429,0.0818,53.5380,3.2183,1616.0784,202.0325,87.7549,3.6538,307.8508,20.0497
2045-11-06,25.2505,0.0362,47.8569,9.4131,1620.3275,203.8542,88.4874,5.5452,310.1561,26.9154
2045-11-07,25.7755,0.0905,47.8214,13.9641,1624.6711,205.7134,88.7007,7.1914,312.5046,32.1095
2045-11-08,26.5831,0.0757,47.6731,13.7185,1629.1601,207.6339,88.8705,7.2781,314.9258,32.3716
2045-11-09,22.5950,1.4713,59.8637,9.8514,1632.9312,208.8948,81.0161,2.0865,316.5514,13.1490
2045-11-10,20.3133,0.4379,62.4445,4.9758,1636.2916,209.9610,83.8408,2.3151,317.9329,14.2609
2045-11-11,22.0140,2.6507,61.6531,7.0111,1639.9581,116.7239,71.9737,0.9523,198.1836,6.4985
2045-11-12,20.1689,10.2182,81.2314,8.0970,1185.4612,58.4839,41.9329,0.0744,104.1254,0.2133
2045-11-13,19.6699,8.4095,80.3507,11.4151,1014.8892,32.3947,39.7230,0.0585,60.0014,0.1123
2045-11-14,21.1501,2.0331,65.7562,12.4750,1018.4003,29.9196,62.9016,0.9015,55.7448,2.7322
2045-11-15,22.3959,0.3464,50.7725,12.2903,1022.1355,31.4531,81.9612,2.6356,58.4125,8.5787
2045-11-16,22.0107,0.1702,51.3758,9.6158,1025.8015,32.9429,86.2241,4.0571,60.9893,12.5895
2045-11-17,22.2389,0.0000,47.9974,8.3570,1029.5085,34.5520,87.7020,4.6981,63.7547,14.4810
2045-11-18,21.6632,0.0000,51.6037,9.3996,1033.1118,36.0126,87.7506,4.9861,66.2516,15.4848
2045-11-19,21.5215,0.0001,54.2289,10.9527,1036.6897,37.3853,87.7992,5.4296,68.5872,16.8320
2045-11-20,21.2960,0.0024,56.0466,12.5221,1040.2270,38.6904,87.8479,5.9175,70.7977,18.2552
2045-11-21,21.5294,0.0015,57.2043,11.9750,1043.8063,39.9744,87.8965,5.7968,72.9632,18.2760
2045-11-22,21.3752,0.0650,59.4810,7.8747,1047.3578,41.1818,87.6293,4.5379,74.9919,15.4467
2045-11-23,21.6456,0.0168,53.8304,9.4216,1050.9580,42.5741,87.6779,4.9399,77.3178,16.7520
2045-11-24,20.8619,0.1024,54.4800,11.6713,1054.4172,43.8995,87.7265,5.5715,79.5219,18.6001
2045-11-25,20.4674,0.3638,54.4925,9.0247,1057.8053,45.2007,87.7751,4.9099,81.6762,17.1817
2045-11-26,17.6638,0.3882,67.7148,4.6837,1060.6888,46.0039,86.1230,3.1197,83.0073,12.2247
2045-11-27,14.6611,4.7356,74.6477,10.7403,994.9184,31.4227,55.5200,0.5023,58.2464,0.9431
2045-11-28,14.3885,0.9151,62.1051,10.9357,997.2123,32.2009,70.0143,1.0859,59.5911,3.6391
2045-11-29,15.1331,0.0040,51.7989,6.1514,999.6403,33.2382,80.2341,1.5891,61.3747,5.5645
2045-11-30,15.3222,0.3210,57.2392,5.8482,1002.1023,34.1692,83.4679,2.3033,62.9706,7.9959
2045-12-01,15.5362,0.2164,63.5122,6.9660,1004.6028,34.8591,84.0404,2.6282,64.1530,9.0750
2045-12-02,15.6139,0.0000,55.8648,4.9846,1007.1173,35.6974,85.0870,2.7416,65.5832,9.5368
2045-12-03,18.6150,0.0000,50.0881,6.9677,1010.1720,36.8156,86.5709,3.7286,67.4827,12.4826
2045-12-04,19.4734,0.0000,53.3950,5.6002,1013.3812,37.9052,86.6921,3.5406,69.3275,12.1683
2045-12-05,19.7159,0.0018,55.6906,6.7810,1016.6341,38.9533,86.7404,3.7835,71.0964,13.0162
2045-12-06,19.9089,0.0000,56.5757,6.8321,1019.9217,39.9901,86.7887,3.8194,72.8402,13.2982
2045-12-07,19.0166,0.0101,59.4303,8.6315,1023.0487,40.9175,86.8369,4.2106,74.3962,14.5207
2045-12-08,18.9456,0.0000,57.2389,8.5526,1026.1629,41.8916,86.8853,4.2228,76.0243,14.7329
2045-12-09,18.9385,0.0001,54.9829,6.0703,1029.2758,42.9167,86.9336,3.7520,77.7308,13.6156
2045-12-10,18.2772,0.0116,57.1913,7.6891,1032.2697,43.8594,86.9819,4.0990,79.2959,14.7486
2045-12-11,18.3056,0.0202,54.2753,8.3152,1035.2687,44.8677,87.0303,4.2596,80.9632,15.3606
2045-12-12,16.3134,0.0011,54.3119,6.5121,1037.9091,45.7718,87.0787,3.9165,82.4532,14.5553
2045-12-13,15.9132,0.0004,51.0279,4.6043,1040.4775,46.7186,87.1271,3.5821,84.0072,13.7304
2045-12-14,16.2559,0.0574,52.8565,6.5127,1043.1076,47.6485,87.1755,3.9710,85.5296,15.0226
2045-12-15,15.9654,0.0016,49.4309,9.0974,1045.6854,48.6292,87.2239,4.5547,87.1286,16.8397
2045-12-16,17.0659,0.0007,50.0144,6.8005,1048.4612,49.6611,87.2723,4.0850,88.8062,15.6793
2045-12-17,17.1212,0.0004,53.0101,6.5233,1051.2470,50.6341,87.3208,4.0563,90.3845,15.7493
2045-12-18,16.4407,0.0001,51.1441,7.7736,1053.9104,51.6079,87.3693,4.3501,91.9583,16.7597
2045-12-19,16.2310,0.0000,51.5612,6.1958,1056.5359,52.5619,87.4178,4.0455,93.4955,16.0132
2045-12-20,16.0549,0.0000,51.2520,6.4257,1059.1298,53.5122,87.4663,4.1211,95.0221,16.3817
2045-12-21,16.7155,0.0000,52.7565,5.9639,1061.8426,54.4687,87.5148,4.0544,96.5551,16.3214
2045-12-22,16.9115,0.0051,53.3377,7.8250,1064.5907,55.4238,87.5633,4.4840,98.0820,17.7432
2045-12-23,16.4221,0.0283,54.7235,7.8172,1067.2506,56.3254,87.5575,4.4785,99.5200,17.8618
2045-12-24,17.5174,0.0000,49.8131,7.4702,1070.1078,57.3871,87.6060,4.4315,101.2058,17.8771
2045-12-25,17.5786,0.0006,53.1703,7.1978,1072.9759,58.3812,87.6546,4.4015,102.7814,17.9283
2045-12-26,16.6372,0.0015,53.5886,7.8939,1075.6746,59.3167,87.7032,4.5905,104.2601,18.6254
2045-12-27,16.3032,0.0000,50.7082,8.4054,1078.3132,60.2915,87.7518,4.7432,105.7948,19.2154
2045-12-28,16.4803,0.0000,52.7588,9.3050,1080.9836,61.2353,87.8004,4.9978,107.2780,20.0952
2045-12-29,15.8554,0.1648,56.7588,7.4837,1083.5416,62.0685,87.3199,4.2569,108.5866,17.9752
2045-12-30,16.0514,0.0954,57.9602,6.8910,1086.1349,62.8879,87.0584,3.9805,109.8717,17.1994
2045-12-31,16.3273,0.0829,55.1398,6.8387,1088.7778,63.7763,87.1068,3.9974,111.2597,17.3587
