valid_time,tasmax_c,pr_mm,hurs_noon,wind_kmh,dc,dmc,ffmc,isi,bui,fwi
2027-01-01,6.4062,0.0014,45.6971,4.3021,372.5099,3.1488,82.7454,1.9417,6.1672,0.9179
2027-01-02,7.6525,1.7197,73.0845,4.2770,373.5913,2.7023,67.3679,0.7131,5.3087,0.3149
2027-01-03,7.1442,0.5660,49.8545,5.2498,374.5813,3.2113,75.9568,1.0561,6.2878,0.5038
2027-01-04,5.2093,1.8607,66.7134,12.1766,375.2229,2.5422,65.9190,1.0091,4.9997,0.4341
2027-01-05,3.7308,0.0530,56.7312,8.5120,375.5985,2.7995,74.3658,1.1376,5.4966,0.5102
2027-01-06,3.7475,0.0176,64.5321,5.8443,375.9770,3.0112,77.8462,1.2486,5.9042,0.5785
2027-01-07,4.7300,0.0085,62.4960,4.7807,376.5324,3.2804,80.1065,1.4632,6.4209,0.7049
2027-01-08,4.8314,0.0084,60.0811,4.0661,377.1061,3.5719,81.5646,1.6609,6.9785,0.8328
2027-01-09,5.1355,0.0002,56.9056,3.3715,377.7345,3.9027,82.6426,1.8289,7.6088,0.9570
2027-01-10,5.4880,0.0001,53.7290,2.7998,378.4263,4.2780,83.5075,1.9856,8.3208,1.3745
2027-01-11,7.1470,0.0068,61.7842,4.3618,379.4168,4.6660,83.5548,2.1615,9.0536,1.7889
2027-01-12,9.6483,15.3947,83.1984,10.7620,326.2696,1.9260,32.9060,0.0127,3.7960,0.0049
2027-01-13,7.7203,2.9919,61.1433,6.3037,322.0001,1.0750,42.1024,0.0701,2.1321,0.0221
2027-01-14,7.4623,0.0426,43.5961,4.2547,323.0473,1.6695,62.8355,0.5938,3.2965,0.2163
2027-01-15,6.5302,2.9702,75.2125,3.9248,318.6846,0.7080,47.4930,0.1444,1.4081,0.0408
2027-01-16,5.2855,0.6320,63.8665,8.4816,319.3400,0.9920,61.5052,0.6858,1.9688,0.2114
2027-01-17,5.4170,0.0010,54.7973,4.0380,320.0190,1.3547,71.6361,0.8099,2.6810,0.2746
2027-01-18,7.1611,0.7303,81.4811,3.9628,321.0120,1.5430,71.1487,0.7933,3.0494,0.2810
2027-01-19,9.8919,0.0022,51.8331,3.7541,322.4966,2.1948,78.7022,1.2104,4.3162,0.4894
2027-01-20,12.2839,0.0200,62.3343,5.5418,324.4117,2.8155,81.6824,1.8142,5.5113,0.8146
2027-01-21,12.4783,0.3645,73.3713,8.8199,326.3618,3.2606,81.9161,2.2008,6.3623,1.2718
2027-01-22,12.1807,11.7950,79.4273,13.9839,292.0263,1.3542,40.7120,0.0803,2.6773,0.0272
2027-01-23,6.7962,1.6300,57.0697,4.7895,292.9536,1.2774,51.6696,0.2537,2.5273,0.0844
2027-01-24,6.9023,0.3953,43.7452,4.7583,293.9000,1.8316,68.6159,0.7609,3.6070,0.2866
2027-01-25,8.4298,0.5325,56.9942,5.9923,295.1214,2.3362,76.3991,1.1287,4.5817,0.4678
2027-01-26,10.6860,7.0857,88.0772,5.7787,278.2025,0.7739,33.6723,0.0119,1.5372,0.0034
2027-01-27,9.8549,24.4091,92.4806,9.6363,210.9921,0.1014,12.3181,0.0000,0.2026,0.0000
2027-01-28,9.0269,17.8501,91.7503,8.0453,169.5089,0.1029,10.4821,0.0000,0.2054,0.0000
2027-01-29,8.0302,0.0345,71.6595,4.7482,170.6584,0.4214,30.5171,0.0050,0.8376,0.0013
2027-01-30,6.7045,0.0193,65.6831,9.8261,171.5692,0.7511,51.6155,0.3251,1.4860,0.0930
2027-01-31,5.1411,0.0139,58.8607,7.9613,172.1986,1.0672,65.9748,0.8177,2.1019,0.2569
2027-02-01,4.5366,0.0023,54.0720,7.4500,172.7192,1.4349,74.8408,1.1053,2.8115,0.3807
2027-02-02,10.6444,0.0022,49.9692,5.1997,174.3391,2.2696,81.1568,1.6772,4.3961,0.6833
2027-02-03,8.7326,0.5944,52.6811,8.0310,175.6150,2.9305,82.5361,2.2823,5.6263,1.1938
2027-02-04,5.4342,0.0002,44.5115,6.9629,176.2972,3.4456,84.4603,2.7804,6.5701,2.0801
2027-02-05,8.9987,0.0036,47.6298,5.8707,177.6209,4.1968,85.3851,2.9874,7.9255,2.6347
2027-02-06,11.5132,0.0026,40.4410,5.1756,179.3973,5.2639,86.8566,3.5476,9.8084,3.7294
2027-02-07,12.2314,0.0002,41.6412,3.8390,181.3030,6.3691,87.3343,3.5500,11.7098,4.1592
2027-02-08,13.5547,0.0722,72.6955,5.9620,183.4468,6.9375,84.9397,2.8223,12.6765,3.3754
2027-02-09,14.7442,6.2845,71.3819,6.3576,173.7017,4.0495,50.2129,0.2319,7.6530,0.1217
2027-02-10,8.3235,1.1448,44.2173,7.2680,174.9039,4.7962,65.1291,0.7646,8.9770,0.4354
2027-02-11,10.1506,3.1371,66.1447,5.7495,172.3899,3.2639,53.8693,0.3351,6.2328,0.1592
2027-02-12,11.4430,13.9131,88.7231,9.1103,144.1737,1.1944,23.3720,0.0007,2.3403,0.0002
2027-02-13,12.2258,12.0981,84.5942,5.6761,122.0550,0.2916,19.6107,0.0001,0.5798,0.0000
2027-02-14,7.3281,0.4308,61.6914,7.0888,123.0781,0.7503,43.4694,0.0920,1.4780,0.0263
2027-02-15,10.0819,2.6881,69.3097,6.7522,124.5968,0.4875,47.1369,0.1584,0.9655,0.0413
2027-02-16,10.2926,0.0080,36.7617,4.9421,126.1535,1.5109,69.4902,0.7895,2.9339,0.2760
2027-02-17,10.5985,13.8002,79.0460,7.7524,101.1872,0.4112,32.8238,0.0107,0.8141,0.0027
2027-02-18,10.9296,17.0073,85.6620,7.8902,71.5501,0.2450,19.7238,0.0002,0.4859,0.0000
2027-02-19,10.3599,4.5070,62.4570,6.3266,67.3443,0.6112,35.4388,0.0185,1.1952,0.0050
2027-02-20,9.0928,2.7988,56.4837,6.6706,68.6850,0.6301,46.8362,0.1512,1.2319,0.0414
2027-02-21,9.7774,6.5944,70.9900,7.0737,60.4433,0.4482,37.0527,0.0274,0.8802,0.0070
2027-02-22,10.0344,6.0127,76.7234,5.8821,53.5243,0.3682,31.4907,0.0069,0.7239,0.0017
2027-02-23,9.6782,4.6134,74.4421,5.4572,49.2526,0.3913,32.7165,0.0092,0.7674,0.0023
2027-02-24,6.8836,0.2088,44.7242,8.0460,50.1957,1.0182,57.9961,0.5356,1.9381,0.1644
2027-02-25,3.9670,0.0459,50.8375,8.1034,50.6137,1.3720,70.7576,0.9646,2.5699,0.3225
2027-02-26,6.2489,0.0016,52.7931,4.5711,51.4425,1.8648,77.5841,1.1464,3.4197,0.4233
2027-02-27,6.8439,0.0016,49.1234,4.7763,52.3784,2.4389,81.7055,1.7504,4.3692,0.7113
2027-02-28,4.9389,0.0713,64.4086,5.9991,52.9714,2.7442,82.1282,1.9589,4.8591,0.8324
2027-03-01,7.2751,0.3727,64.5133,7.7003,53.9849,3.2509,82.5485,2.2481,5.6510,1.1376
2027-03-02,7.3708,0.1010,51.9451,8.3772,55.0157,3.9447,83.9750,2.7974,6.6902,2.1282
2027-03-03,8.4099,0.1154,44.3399,6.6904,56.2335,4.8470,85.4830,3.1560,7.9754,2.8436
2027-03-04,8.7449,0.0320,41.2555,6.7669,57.5115,5.8328,86.4824,3.6451,9.3061,3.7254
2027-03-05,8.8990,0.0058,35.9636,5.6043,58.8174,6.9243,87.4961,3.9709,10.6996,4.4445
2027-03-06,12.6789,0.0000,14.3627,4.4238,60.8036,8.9357,91.8080,6.9328,13.0696,8.4271
2027-03-07,13.5004,1.4397,56.3814,5.1569,62.9376,10.0213,78.7462,1.3043,14.3359,0.9647
2027-03-08,13.5981,1.7892,51.0436,7.7360,65.0893,10.0198,73.6825,1.0589,14.4706,0.7876
2027-03-09,8.2217,0.3722,37.1983,9.0966,66.2732,11.0177,82.2749,2.3314,15.5659,3.1001
2027-03-10,9.5064,0.0908,44.3484,8.4409,67.6883,12.0239,85.0110,3.2292,16.6525,4.6842
2027-03-11,10.7467,0.0352,37.2606,8.7501,69.3268,13.2908,87.1054,4.4007,17.9693,6.6448
2027-03-12,10.1701,0.0004,30.0704,5.8334,70.8614,14.6342,88.6616,4.7472,19.3026,7.4193
2027-03-13,8.6040,0.0032,43.7275,5.9508,72.1141,15.5651,88.3856,4.5899,20.2196,7.3892
2027-03-14,11.0623,0.0000,29.7359,4.7449,73.8093,17.0218,89.2615,4.8980,21.5937,8.1272
2027-03-15,14.6037,0.0000,29.5652,4.2449,76.1420,18.9072,90.0149,5.3211,23.3309,9.1183
2027-03-16,14.9050,0.0059,42.1165,4.7882,78.5289,20.4864,89.6885,5.2188,24.7990,9.2776
2027-03-17,15.2093,0.3100,55.5897,5.2749,80.9705,21.7210,88.0200,4.2096,26.0031,7.9082
2027-03-18,20.1451,0.1280,45.2328,7.5770,84.3006,23.7044,88.2084,4.8569,27.8388,9.3120
2027-03-19,21.3065,0.0018,49.5785,5.6728,87.8398,25.6302,88.2572,4.4435,29.6396,8.9444
2027-03-20,23.8010,0.0003,44.6039,5.2205,91.8280,27.9815,88.8263,4.7129,31.7648,9.7840
2027-03-21,23.6207,0.0000,41.0198,5.4820,95.7837,30.4669,89.4454,5.2193,33.9426,11.0531
2027-03-22,24.2065,0.0037,41.7736,4.9804,99.8449,32.9786,89.5435,5.1612,36.1262,11.3410
2027-03-23,25.3383,0.0071,36.3332,4.7994,104.1098,35.8479,90.5534,5.9101,38.5291,13.0966
2027-03-24,25.4671,0.0011,35.2407,5.1300,108.3979,38.7806,90.9353,6.3460,40.9423,14.3084
2027-03-25,27.4990,0.0321,35.4998,5.2032,113.0517,41.9250,91.2526,6.6639,43.5105,15.3493
2027-03-26,27.9137,0.1904,39.5605,8.0452,117.7801,44.9141,91.3024,7.7446,45.9868,17.6959
2027-03-27,16.3648,0.7047,66.3930,11.9559,120.4298,45.9146,85.6424,4.2074,47.0162,11.1555
2027-03-28,15.1393,1.2918,76.2578,8.2285,122.8589,46.5718,75.3246,1.1810,47.8231,3.3384
2027-03-29,16.2642,7.7943,76.3824,6.0629,111.8124,26.7116,43.8623,0.0932,33.4471,0.1184
2027-03-30,16.9717,10.2076,76.5570,5.4092,96.2472,13.6722,34.2228,0.0133,20.1784,0.0121
2027-03-31,15.6434,4.2179,68.7746,4.5265,93.2196,9.5870,41.3963,0.0565,15.2525,0.0434
2027-04-01,18.0171,0.0579,47.6753,4.3658,97.4167,12.0120,69.0440,0.7562,18.3633,0.6498
2027-04-02,18.1738,0.0552,53.0959,5.0295,101.6419,14.2037,80.4052,1.5295,21.0525,2.2643
2027-04-03,16.9560,0.1266,56.2218,4.5797,105.6480,16.1200,83.8529,2.2730,23.3377,4.0378
2027-04-04,14.3416,30.5466,87.5366,8.1656,51.7689,6.8191,27.2152,0.0023,10.2597,0.0014
2027-04-05,14.7158,7.4045,71.3559,5.6058,44.5943,4.2916,33.6279,0.0117,6.9186,0.0058
2027-04-06,16.9623,1.8324,52.9620,3.9452,48.6015,5.3698,56.0526,0.3735,8.4152,0.2057
2027-04-07,16.3402,4.4377,62.5360,6.0613,47.1680,4.3176,52.7336,0.3035,7.0271,0.1527
2027-04-08,15.1346,2.2660,66.0951,6.6440,50.8462,4.1901,58.0661,0.5017,6.9487,0.2510
2027-04-09,17.3778,0.5268,47.5928,4.9949,54.9282,6.5377,76.5521,1.0847,10.0770,0.6570
2027-04-10,13.5299,5.8231,62.0719,9.4700,50.3510,4.5750,54.2914,0.4210,7.4563,0.2181
2027-04-11,10.4231,7.2035,69.6658,7.3284,42.8039,2.7450,39.4803,0.0455,4.7315,0.0191
2027-04-12,15.3234,0.3607,42.5731,7.5825,46.5161,5.0315,69.1176,0.8913,7.9210,0.4759
2027-04-13,17.5323,0.0016,34.4316,5.4081,50.6260,7.9933,83.6241,2.2994,11.4622,2.4095
2027-04-14,21.1540,0.0000,30.2301,5.0663,55.3877,11.7574,89.5510,5.1891,15.3623,7.0838
2027-04-15,23.5861,0.0000,32.2396,4.3514,60.5872,15.8127,90.9431,6.1087,19.1382,9.2118
2027-04-16,23.7471,0.0079,38.2641,4.2167,65.8156,19.5315,90.9928,6.1104,22.4255,10.0305
2027-04-17,21.4975,0.8437,53.0078,5.1073,70.6392,22.1059,85.7512,3.0250,24.8053,5.6525
2027-04-18,21.9918,0.9217,50.3320,4.1926,75.5517,24.8864,84.2804,2.3601,27.2954,4.6906
2027-04-19,24.0286,0.0267,42.7646,3.5977,80.8309,28.3732,88.1544,3.9438,30.2236,8.1556
2027-04-20,25.9208,0.0000,37.3483,3.9147,86.4506,32.4773,90.1999,5.3738,33.4958,11.2361
2027-04-21,27.0155,0.0064,35.5568,3.4793,92.2674,36.8698,91.0365,5.9243,36.8884,12.8134
2027-04-22,24.9866,0.1179,43.2432,5.6690,97.7190,40.4592,90.9869,6.5688,40.4387,14.5969
2027-04-23,22.9456,0.5542,52.0204,4.3451,102.8032,43.2562,89.2064,4.7625,43.2253,11.7556
2027-04-24,24.8982,0.0577,46.6086,4.0928,108.2389,46.6213,89.2555,4.7356,46.5747,12.2072
2027-04-25,26.1654,0.1017,42.5649,4.8660,113.9027,50.4178,89.6575,5.2161,50.3515,13.7633
2027-04-26,26.5625,0.2726,39.4295,4.9681,119.6379,54.4798,90.2688,5.7229,54.3915,15.4248
2027-04-27,25.2535,0.3636,51.4679,5.9293,125.1376,57.5805,89.7169,5.5502,57.4820,15.5328
2027-04-28,21.9568,0.0680,39.7746,12.8282,130.0438,60.9469,89.7661,7.9133,60.8316,20.8096
2027-04-29,22.7850,0.0214,41.0293,8.7396,135.0991,64.3616,89.8154,6.4856,64.2299,18.5321
2027-04-30,24.9970,0.0000,42.7828,3.9284,140.5525,67.9816,89.8647,5.1254,67.8331,16.0200
2027-05-01,28.5619,0.0000,35.1223,1.9269,148.0977,73.0479,91.2551,5.6518,72.8754,17.9256
2027-05-02,29.3495,0.0013,30.9269,3.6267,155.7846,78.5850,92.3549,7.1949,78.3830,22.2025
2027-05-03,29.5766,0.0059,26.0818,5.7636,163.5124,84.5547,93.4467,9.3382,84.3173,27.6494
2027-05-04,29.4232,0.0000,25.9918,7.3258,171.2125,90.5018,93.5689,10.2765,90.2284,30.5307
2027-05-05,29.0128,0.0000,22.8712,7.1465,178.8388,96.6163,94.1288,11.0071,96.3033,32.9941
2027-05-06,29.1478,0.0001,19.3226,5.3327,186.4895,103.0408,94.9230,11.2071,102.6830,34.4011
2027-05-07,29.8079,0.0000,20.3810,4.5810,194.2589,109.5194,94.9740,10.8662,109.1153,34.6268
2027-05-08,29.7544,0.0016,21.1043,5.1826,202.0187,115.9281,95.0250,11.2792,115.4771,36.3438
2027-05-09,23.6982,3.6602,42.4249,10.4654,202.9625,80.7027,78.2300,1.6278,80.9432,6.9004
2027-05-10,23.7234,0.0236,26.6928,11.1470,209.6367,85.4935,90.2544,7.7972,85.4753,24.5781
2027-05-11,21.2602,0.0000,22.8481,13.0229,215.8676,90.0352,92.5010,11.7921,89.9941,33.4329
2027-05-12,21.5132,0.0003,18.8532,9.8148,222.1440,94.8661,93.6836,11.8373,94.7986,34.3678
2027-05-13,23.7890,0.0000,14.1874,6.4006,228.8300,100.4889,95.1860,12.2604,100.3872,36.1254
2027-05-14,24.4382,0.0294,22.3998,6.1479,235.6329,105.7062,95.0237,11.8392,105.5749,36.1148
2027-05-15,21.6403,0.4782,38.2191,6.0801,241.9321,109.4049,92.4205,8.2173,109.2593,28.7256
2027-05-16,22.1960,2.0580,52.3497,5.5531,248.3314,94.8696,78.8148,1.3390,97.0498,6.5144
2027-05-17,25.0606,0.7636,47.0599,6.0719,255.2463,98.5157,85.3066,2.9852,100.2751,13.1639
2027-05-18,26.2681,0.0115,43.3790,5.6214,262.3786,102.5953,88.8095,4.7976,103.7600,19.1910
2027-05-19,27.0127,0.0125,39.3867,4.8362,269.6449,107.0814,90.1925,5.6232,107.4683,21.8900
2027-05-20,28.1339,0.0049,32.1274,5.0151,277.1130,112.3051,91.8114,7.1460,112.2891,26.4208
2027-05-21,28.5386,0.0021,32.5660,4.4010,284.6539,117.5668,92.0313,7.1471,117.5258,26.9470
2027-05-22,30.4464,0.0000,27.4861,4.0236,292.5383,123.5892,93.2660,8.3413,123.5151,30.5433
2027-05-23,31.7047,0.0099,24.4627,4.8639,300.6491,130.1129,94.1948,9.9012,129.9997,34.8999
2027-05-24,31.1012,0.0012,26.6966,5.0544,308.6513,136.3272,94.2455,10.0671,136.1768,35.8473
2027-05-25,32.2972,0.0001,21.9967,4.5749,316.8688,143.1855,94.8730,10.7135,142.9894,37.9141
2027-05-26,33.7287,0.0003,14.0185,5.6979,325.3440,151.0693,96.8220,14.7663,150.8133,47.2776
2027-05-27,30.0053,0.0555,24.1772,8.6866,333.1489,157.2784,95.8249,15.0075,156.9793,48.2440
2027-05-28,26.2660,0.0120,28.7153,11.6923,340.2808,162.4141,94.3789,14.3274,162.0820,47.2009
2027-05-29,26.6078,0.0000,15.7684,5.5443,347.4742,168.5584,95.3316,11.9783,168.1781,42.4528
2027-05-30,28.2161,0.0000,17.0000,5.0587,354.9571,174.9643,95.4151,11.8226,174.5320,42.4067
2027-05-31,29.8491,0.0000,16.0481,5.2175,362.7339,181.8046,95.8562,12.6542,181.3136,44.5889
2027-06-01,30.2822,0.0000,17.1400,5.6476,371.5887,188.6503,95.9075,13.0216,188.1051,45.6720
2027-06-02,30.6247,0.0000,19.3812,6.1550,380.5052,195.3837,95.9588,13.4520,194.7847,46.8520
2027-06-03,30.6979,0.0000,22.2319,4.9673,389.4348,201.8939,95.9935,12.7302,201.2433,45.4301
2027-06-04,33.0645,0.0042,22.3016,4.4764,398.7904,208.8823,96.0449,12.5058,208.1733,45.0916
2027-06-05,30.6796,4.5848,36.1759,6.7215,394.4148,98.0754,82.3513,2.0880,120.9574,10.8920
2027-06-06,21.9575,0.2317,47.4801,8.0499,401.7711,101.2635,86.8220,4.0803,124.2415,18.5215
2027-06-07,23.7124,0.0953,33.0003,7.2503,409.4434,105.6401,90.3814,6.5246,128.4360,26.2177
2027-06-08,25.9934,0.0047,25.4587,5.5917,417.5262,110.9570,92.7023,8.3418,133.3320,31.4146
2027-06-09,28.3302,0.0805,28.0795,5.0173,426.0296,116.5293,92.9212,8.3565,138.4115,31.8493
2027-06-10,28.8791,0.2860,35.8642,6.0495,434.6318,121.5912,92.9715,8.8650,143.0997,33.4786
2027-06-11,30.8566,0.0110,33.5875,7.3116,443.5900,127.1786,93.0218,9.5139,148.1614,35.4400
2027-06-12,30.4716,0.0000,28.6231,7.8180,452.4789,133.1112,93.1862,9.9869,153.4021,36.9346
2027-06-13,30.9007,0.0000,28.1916,5.9353,461.4450,139.1608,93.3491,9.2921,158.6836,35.5292
2027-06-14,31.6324,0.0001,29.9534,3.9232,470.5429,145.1970,93.3996,8.4554,163.9316,33.6377
2027-06-15,32.2746,0.0001,28.2172,5.6520,479.7563,151.5041,93.5787,9.4583,169.3271,36.4760
2027-06-16,32.7826,0.0011,25.4125,5.1796,489.0612,158.1574,94.2138,10.0864,174.9070,38.2863
2027-06-17,33.8961,0.0075,22.5904,4.6332,498.5665,165.2894,95.0045,10.9406,180.7604,40.5973
2027-06-18,33.7942,0.0000,22.3085,4.7715,508.0534,172.4265,95.1114,11.1794,186.5617,41.3787
2027-06-19,32.1194,0.0392,27.6010,5.2906,517.2389,178.7582,95.1497,11.5360,191.8004,42.3956
2027-06-20,32.7581,0.0047,20.7311,6.8997,526.5394,185.8240,95.2847,12.7432,197.4447,45.3525
2027-06-21,31.0335,0.2615,31.3671,6.9067,535.5294,191.6301,94.4518,11.3711,202.2927,42.2980
2027-06-22,30.5649,0.2308,36.6428,5.7986,544.4351,196.9117,93.4038,9.2990,206.8181,37.2265
2027-06-23,31.6795,0.1031,32.4040,5.6222,553.5414,202.7451,93.4543,9.2818,211.6699,37.2742
2027-06-24,33.4812,0.0043,22.3484,5.4401,562.9720,209.8145,94.9279,11.2755,217.2300,42.3847
2027-06-25,34.2513,0.0279,22.3448,5.1550,572.5413,217.0417,95.1694,11.4883,222.8684,42.9911
2027-06-26,36.0745,0.0000,18.6160,4.6806,582.4387,225.0066,96.2362,12.9659,228.9217,46.5290
2027-06-27,37.5396,0.0488,21.4904,3.5675,592.5998,232.9930,96.2876,12.3440,234.9990,45.1833
2027-06-28,35.8668,0.1030,28.4303,4.6571,602.4598,239.9582,95.7799,12.1751,240.4700,44.8538
2027-06-29,36.1227,0.0708,27.2384,4.6570,612.3659,247.0885,95.8311,12.2600,247.0591,45.1207
2027-06-30,36.2004,0.0465,26.6621,4.6356,622.2860,254.2902,95.8824,12.3322,254.2151,45.3532
2027-07-01,34.5580,0.0014,27.8261,4.2542,632.2104,260.3344,95.6203,11.6745,260.2288,43.8429
2027-07-02,35.2414,0.0095,22.8808,3.1710,642.2579,266.9165,95.6715,11.1316,266.7722,42.5689
2027-07-03,36.2045,0.0004,20.6013,4.5720,652.4787,273.8728,95.8820,12.2921,273.6838,45.3886
2027-07-04,32.2212,0.2694,32.1754,5.9542,661.9825,279.1806,94.6046,11.0688,278.9669,42.4768
2027-07-05,31.0676,0.1111,42.1953,7.8228,671.2787,283.5476,92.5690,9.1610,283.3224,37.6005
2027-07-06,33.0260,0.1647,41.9914,4.6262,680.9274,288.1968,92.5792,7.8093,287.9575,33.8657
2027-07-07,35.8743,0.2298,31.9133,5.8380,691.0887,294.1092,93.3956,9.3068,293.8384,38.0238
2027-07-08,34.5698,0.0632,32.2544,7.8712,701.0153,299.7844,93.4461,10.3837,299.4839,40.8368
2027-07-09,34.5815,0.0000,28.6537,6.7690,710.9440,305.7633,93.8691,10.4180,305.4272,40.9387
2027-07-10,35.4239,0.0000,23.0743,5.8004,721.0243,312.3618,95.1376,11.8165,311.9798,44.3954
2027-07-11,36.8966,0.0000,21.9752,4.6354,731.3697,319.3246,95.6790,11.9964,318.8907,44.8383
2027-07-12,39.3444,0.0000,20.6836,4.2369,742.1557,326.8585,96.3681,12.9068,326.3643,46.9801
2027-07-13,39.4141,0.0000,21.0631,3.9203,752.9542,334.3693,96.4196,12.7909,333.8134,46.7240
2027-07-14,41.2102,0.0000,18.6102,3.7609,764.0760,342.4569,97.1228,13.9428,341.8290,49.3428
2027-07-15,43.4948,0.0000,15.9802,4.1785,775.6091,351.2566,98.0341,16.0697,350.5439,53.9214
2027-07-16,40.7543,0.0000,19.4266,5.7296,786.6489,359.1767,98.0861,17.4957,358.3903,56.8367
2027-07-17,37.5946,0.0000,27.4317,4.8446,797.1199,365.7715,96.5073,13.5599,364.9319,48.5079
2027-07-18,39.5785,0.0000,26.3758,4.1727,807.9481,372.8052,96.5588,13.1996,371.9053,47.6965
2027-07-19,41.5034,0.0000,22.9492,4.4488,819.1227,380.5147,96.6104,13.4774,379.5415,48.3307
2027-07-20,40.9992,0.0000,24.7104,7.4679,830.2065,387.9588,96.6619,15.8010,386.9157,53.3861
2027-07-21,33.1814,0.0000,31.0984,14.2701,839.8832,393.5062,94.9188,17.5724,392.4215,57.0116
2027-07-22,29.6631,0.0000,30.3414,12.7291,848.9265,398.5389,94.3218,14.9772,397.4182,51.6410
2027-07-23,30.9830,0.0000,25.5705,5.8492,858.2075,404.1471,94.3726,10.6639,402.9791,41.6504
2027-07-24,31.4988,0.0000,28.3307,5.1452,867.5813,409.6342,94.4234,10.3646,408.4217,40.8954
2027-07-25,30.8937,0.0903,32.5089,5.7322,876.8461,414.7054,94.0816,10.1833,413.4565,40.4333
2027-07-26,27.3332,5.0602,45.5293,8.8638,836.8986,102.2035,76.8889,1.3500,156.5972,8.3809
2027-07-27,28.9368,1.2345,42.6751,11.9118,845.8112,106.2474,86.4492,4.7019,161.7111,22.4168
2027-07-28,33.2728,0.0005,28.0976,6.1586,855.5043,112.0518,93.1414,9.1284,168.8235,35.6130
2027-07-29,34.8857,0.0000,26.2439,3.2992,865.4877,118.2853,94.3425,9.3392,176.3252,36.4635
2027-07-30,35.7283,0.0000,25.0264,2.5112,875.6228,124.7700,94.8175,9.5822,183.9951,37.3593
2027-07-31,36.6247,0.0000,21.1279,4.0822,885.9193,131.7580,95.7839,11.8340,192.0934,43.1032
2027-08-01,36.4988,0.0000,21.8069,4.0365,895.4930,137.8274,95.8352,11.8891,199.0603,43.4365
2027-08-02,38.2167,0.0377,23.4024,3.8447,905.3760,144.0447,95.8865,11.8570,206.1096,43.5395
2027-08-03,36.7292,0.2896,33.7708,4.3445,914.9913,149.2170,94.9507,10.7033,212.0010,40.8930
2027-08-04,36.0148,0.2616,36.9875,4.4615,924.4780,154.0451,94.1734,9.6738,217.4898,38.3949
2027-08-05,32.6803,3.0666,54.5182,4.5335,908.8124,100.0443,80.1814,1.4565,156.9069,8.9566
2027-08-06,33.9633,6.6774,53.8330,5.8882,843.6963,60.6370,75.4321,1.0562,102.8027,5.3887
2027-08-07,35.7028,0.2540,43.6221,5.2008,853.1268,64.9204,89.5266,5.2061,109.0877,20.8617
2027-08-08,36.9510,0.0174,32.4269,3.9515,862.7820,70.2286,93.2296,8.2690,116.7078,29.6801
2027-08-09,35.1070,0.0000,33.7748,6.3529,872.1053,75.1788,93.2801,9.3986,123.6992,33.1043
2027-08-10,33.3159,0.0008,37.1043,4.9984,881.1061,79.6476,93.3305,8.8406,129.9321,32.3642
2027-08-11,30.9386,5.9362,45.7227,6.4561,829.3209,52.3188,77.6595,1.2683,90.3828,5.8926
2027-08-12,31.2337,0.0024,41.9260,5.2654,837.9469,56.1954,88.8772,4.7583,96.2531,18.3568
2027-08-13,30.6281,10.0189,48.2937,4.9410,747.1888,32.2666,71.6797,0.8489,58.2451,2.6309
2027-08-14,27.0347,11.4369,62.5208,5.9903,661.9736,16.8868,59.1043,0.5222,31.7488,0.6406
2027-08-15,29.7308,0.0080,42.0275,4.9538,670.3291,20.5766,84.7802,2.6245,38.2202,6.5196
2027-08-16,31.3400,0.0000,36.3803,4.1588,678.9743,24.8373,90.8592,5.9777,45.5125,14.4698
2027-08-17,32.6293,0.0000,35.2842,4.2720,687.8516,29.3437,92.0733,7.1431,53.0315,17.9683
2027-08-18,32.6879,0.0000,35.4123,5.3655,696.7394,33.8489,92.1992,7.6831,60.3661,20.2897
2027-08-19,32.9275,0.0000,30.8066,6.2413,705.6704,38.7096,93.0864,9.0962,68.0826,24.3488
2027-08-20,32.8266,0.0000,26.5649,6.1435,714.5831,43.8530,93.9565,10.2179,76.0399,27.9144
2027-08-21,33.3401,0.0000,25.8486,4.9528,723.5884,49.1252,94.2510,10.0232,83.9943,28.9613
2027-08-22,34.3850,0.0000,29.5518,3.6535,732.7817,54.2861,94.3017,9.4540,91.6062,29.0717
2027-08-23,32.8058,0.0000,41.0695,4.7868,741.6907,58.4110,92.9778,8.3259,97.6051,27.4987
2027-08-24,31.3448,0.0000,46.8874,4.7702,750.3368,61.9686,91.6656,6.9140,102.7271,24.7860
2027-08-25,32.2914,0.0049,41.3366,3.7591,759.1532,66.0125,91.7156,6.6172,108.4494,24.6581
2027-08-26,31.5149,0.6317,45.6418,4.5077,767.8299,69.6726,89.8199,5.2435,113.5797,21.3633
2027-08-27,29.8982,0.2987,53.7945,4.9470,776.2156,72.6295,89.8692,5.3989,117.7214,22.1618
2027-08-28,29.9296,3.7262,53.1604,4.2970,760.3735,55.3072,76.1332,1.0181,93.5949,4.8571
2027-08-29,31.1518,0.1998,44.7049,5.1191,768.9848,58.9889,88.0714,4.2076,98.9933,17.0052
2027-08-30,30.5868,0.0020,39.7118,5.3440,777.4945,62.9327,90.6323,6.1434,104.6822,23.0192
2027-08-31,30.2932,0.1513,36.8205,4.6840,785.9512,67.0273,91.4092,6.6379,110.4964,24.9236
2027-09-01,34.1625,0.0416,34.2727,3.5547,793.8045,71.1537,92.5584,7.3772,116.2556,27.4143
2027-09-02,33.6425,0.0269,40.3697,3.3642,801.5642,74.8421,92.6086,7.3585,121.3565,27.8559
2027-09-03,34.6652,0.0018,35.3419,3.0615,809.5079,78.9592,92.6588,7.2984,126.9594,28.1927
2027-09-04,34.7850,0.0010,34.0457,3.2642,817.4732,83.1729,92.8266,7.5492,132.6141,29.3123
2027-09-05,32.0230,0.0294,43.3199,5.0978,824.9413,86.5154,92.2748,7.6615,137.0881,29.9464
2027-09-06,29.6571,0.1000,48.0598,3.6484,831.9836,89.3595,91.1755,6.0945,140.8886,25.8374
2027-09-07,30.9028,0.0443,36.2405,4.6205,839.2501,92.9923,91.6736,6.8697,145.6407,28.3487
2027-09-08,29.7292,0.0006,36.3647,6.1601,846.3054,96.4851,91.7235,7.4767,150.1692,30.2948
2027-09-09,29.7902,0.0000,34.0048,4.6260,853.3716,100.1145,91.9587,7.1548,154.8213,29.6529
2027-09-10,30.5864,0.0000,32.4781,4.6411,860.5812,103.9237,92.3766,7.5954,159.6493,31.1160
2027-09-11,31.7476,0.0000,30.4179,4.6252,867.9997,107.9929,92.9778,8.2584,164.7439,33.1517
2027-09-12,32.4812,0.0000,29.4930,4.2485,875.5504,112.2082,93.3275,8.5091,169.9618,34.0461
2027-09-13,33.3557,0.0000,28.7436,3.8393,883.2584,116.5794,93.6393,8.7058,175.3113,34.7785
2027-09-14,32.9944,0.0000,29.8724,4.5842,890.9014,120.8361,93.6899,9.1025,180.4758,36.0052
2027-09-15,31.9831,0.0000,30.4087,6.9263,898.3623,124.9350,93.7405,10.3151,185.4083,39.2441
2027-09-16,30.3230,0.0000,31.8620,6.4955,905.5245,128.7470,93.7911,10.1647,189.9695,39.0174
2027-09-17,29.6243,0.0000,34.4451,5.2002,912.5608,132.3328,93.4856,9.1263,194.2455,36.4845
2027-09-18,27.9060,0.0000,42.0750,6.4958,919.2879,135.3242,92.0417,7.9545,197.8404,33.4034
2027-09-19,26.3767,0.0282,47.6351,6.2546,925.7397,137.8858,90.7534,6.5440,200.9460,29.3598
2027-09-20,25.2205,1.0800,57.1801,4.3463,931.9834,139.8923,84.2029,2.3539,203.4421,14.0409
2027-09-21,26.4637,0.9338,58.1781,3.7286,938.4509,141.9446,83.5971,2.1053,205.9952,12.8884
2027-09-22,26.9936,0.6332,58.7406,3.0601,945.0137,144.0083,85.2561,2.5470,208.5613,14.9706
2027-09-23,27.1403,0.6959,53.9784,3.8427,951.6030,146.3222,86.1618,3.0066,211.3856,16.9999
2027-09-24,25.0148,14.3153,63.8123,5.4425,778.9876,64.5634,55.9721,0.4000,106.9636,1.6048
2027-09-25,25.5689,3.7920,63.0096,4.9797,760.1888,48.1819,62.3809,0.6021,83.1832,2.3455
2027-09-26,24.2752,4.1242,68.2269,5.8813,738.8719,35.4988,60.0260,0.5515,63.3844,1.4166
2027-09-27,25.4563,0.6903,59.9551,4.2998,745.1580,37.3921,77.3031,1.1063,66.4482,4.0609
2027-09-28,26.2467,0.6260,56.7310,3.1147,751.5864,39.4987,83.7299,2.0772,69.8237,7.8005
2027-09-29,26.3435,0.4268,57.0989,2.9916,758.0323,41.5948,86.2821,2.9296,73.1544,10.7751
2027-09-30,27.1679,0.1180,52.6477,4.0789,764.6265,43.9779,87.7196,3.7966,76.8987,13.6567
2027-10-01,31.6756,0.0023,42.5990,5.1760,771.0321,46.8286,90.2882,5.7993,81.3111,19.3764
2027-10-02,27.3280,0.8943,71.1372,6.5886,776.6551,48.0718,83.6101,2.4358,83.2600,10.0052
2027-10-03,25.0018,5.9282,86.8848,6.6772,734.6700,30.2610,47.6128,0.1686,54.8716,0.3033
2027-10-04,25.1676,15.5701,87.6403,6.3540,616.9404,12.9571,29.8375,0.0045,24.6214,0.0047
2027-10-05,24.3004,11.8993,88.3968,5.6903,549.7471,6.4650,25.1000,0.0011,12.5606,0.0007
2027-10-06,27.3673,0.1142,63.1521,7.7052,555.3772,8.0543,66.3608,0.8186,15.5451,0.6354
2027-10-07,26.6630,0.0023,44.0397,8.7452,560.8806,10.4084,85.3839,3.4525,19.8939,5.6003
2027-10-08,26.2001,0.0010,33.9451,7.5198,566.3006,13.1408,90.4681,6.6964,24.8405,11.4229
2027-10-09,27.6607,0.0000,33.4048,7.1241,571.9835,16.0429,91.5751,7.6853,29.9833,14.0661
2027-10-10,28.0101,0.0006,38.2162,6.4910,577.7293,18.7680,91.6250,7.4969,34.7165,14.8993
2027-10-11,26.0055,0.0000,40.7490,6.7648,583.1143,21.2015,91.6009,7.5752,38.8697,15.9357
2027-10-12,23.9547,0.0000,39.4725,6.8930,588.1302,23.4992,91.5084,7.5247,42.7302,16.6648
2027-10-13,22.7591,0.0025,40.6450,7.9479,592.9308,25.6450,91.1737,7.5669,46.2853,17.4528
2027-10-14,20.0681,0.1421,55.6347,9.0764,597.2471,27.0680,88.7191,5.6363,48.6264,14.3373
2027-10-15,21.4471,0.7576,62.1005,6.5010,601.8116,28.3628,84.5705,2.7574,50.7464,8.1694
2027-10-16,23.8837,0.0014,44.5763,5.0218,606.8146,30.4608,88.0030,4.1462,54.1288,11.9581
2027-10-17,23.9962,0.0473,45.4810,3.8379,611.8379,32.5340,88.6593,4.2917,57.4330,12.7171
2027-10-18,22.8870,0.1907,60.0956,4.8268,616.6616,33.9843,87.9127,4.0529,59.7381,12.4296
2027-10-19,24.0540,0.4939,66.2884,6.6249,621.6953,35.2691,86.9980,3.8938,61.7767,12.2750
2027-10-20,24.4844,4.2655,65.9561,7.6056,606.2004,25.5001,67.1914,0.8383,46.1472,2.0278
2027-10-21,23.0304,3.3740,63.0479,5.0772,597.5668,20.1826,64.1096,0.6564,37.2223,0.8977
2027-10-22,22.7159,4.7035,69.7170,4.1529,579.9060,13.9901,54.8505,0.3394,26.3887,0.3679
2027-10-23,22.2822,1.7594,72.4367,2.1499,584.6208,13.6437,60.4007,0.4676,25.7832,0.4992
2027-10-24,24.5051,0.1481,63.0566,4.4830,589.7358,15.0770,77.3324,1.1191,28.3426,1.8788
2027-10-25,24.6372,0.0951,61.7388,7.8403,594.8744,16.5691,83.8800,2.6885,30.9809,5.8187
2027-10-26,23.3059,0.0092,64.3864,7.3471,599.7735,17.8861,85.0194,3.0596,33.2903,6.8835
2027-10-27,22.4437,0.0024,61.3060,8.5473,604.5174,19.2664,85.6421,3.5432,35.6893,8.1982
2027-10-28,20.0613,0.0046,61.2449,7.3591,608.8324,20.5091,85.6900,3.3597,37.8321,8.1052
2027-10-29,16.1892,0.0542,64.6166,5.4214,612.4505,21.4360,85.7379,3.0676,39.4225,7.6686
2027-10-30,16.0920,0.2430,56.5708,5.2649,616.0510,22.5673,85.7859,3.0640,41.3479,7.8908
2027-10-31,16.3149,0.1063,47.4154,4.4900,619.6917,23.9548,86.7665,3.3835,43.6877,8.9003
2027-11-01,19.0779,0.7500,51.4001,3.5458,622.8297,25.2550,84.9073,2.4877,45.8609,6.9824
2027-11-02,14.8102,0.3095,47.3424,6.8460,625.1996,26.3657,86.3289,3.5812,47.7022,9.8464
2027-11-03,13.2807,0.0092,36.1565,5.3675,627.2941,27.5830,87.9851,4.2083,49.7022,11.5211
2027-11-04,16.2485,0.6026,65.2004,4.0814,629.9228,28.3834,85.4421,2.7515,51.0196,8.1818
2027-11-05,15.9672,0.0019,43.3979,3.5220,632.5009,29.6641,87.0695,3.3643,53.1021,9.9629
2027-11-06,19.4689,0.0057,54.5005,3.5714,635.7093,30.9049,87.1179,3.3960,55.1117,10.2671
2027-11-07,22.4019,0.7464,71.6394,4.1525,639.4456,31.7886,82.8733,1.9586,56.5492,6.4256
2027-11-08,24.8960,0.4744,64.3642,4.2896,643.6309,33.0168,84.8612,2.5664,58.5278,8.3925
2027-11-09,25.0935,0.5945,66.8113,4.3241,647.8517,34.1694,84.4582,2.4336,60.3776,8.1703
2027-11-10,19.3178,8.2565,88.7785,5.3612,599.0495,18.0655,36.7661,0.0236,33.5980,0.0301
2027-11-11,17.8551,25.6747,92.2929,6.2597,455.8483,7.3937,14.7225,0.0000,14.2112,0.0000
2027-11-12,19.6696,2.3431,72.4360,4.2091,459.0929,6.1882,38.8183,0.0341,11.9729,0.0227
2027-11-13,19.7803,0.6706,63.7309,4.4501,462.3573,7.1922,63.1428,0.6087,13.8460,0.4411
2027-11-14,16.1510,0.0003,34.2739,5.0222,464.9685,8.6955,80.8111,1.5985,16.6142,1.9277
2027-11-15,16.1655,0.0001,40.2793,3.8305,467.5823,10.0625,85.9442,2.9142,19.0976,4.5967
2027-11-16,16.5735,0.0007,46.8647,3.7723,470.2695,11.3076,86.9053,3.3283,21.3328,5.6423
2027-11-17,15.4090,0.0065,54.6252,2.9454,472.7471,12.3007,86.9536,3.2145,23.0989,5.7326
2027-11-18,17.8219,0.0041,52.8295,2.9412,475.6591,13.4841,87.0020,3.2360,25.1834,6.0907
2027-11-19,18.1785,0.0080,59.7243,4.0069,478.6352,14.5135,86.9991,3.4132,26.9816,6.6840
2027-11-20,13.7423,0.0002,45.5329,4.7638,480.8128,15.5853,87.1129,3.6038,28.8340,7.3160
2027-11-21,12.8791,0.0333,51.4639,4.1800,482.8350,16.4848,87.1614,3.5235,30.3769,7.3988
2027-11-22,14.4510,3.1811,74.8666,4.8528,476.2210,12.4859,59.3859,0.5025,23.4357,0.5041
2027-11-23,16.6833,0.3988,67.9413,5.2088,478.9280,13.2418,72.4941,0.8869,24.7713,0.9224
2027-11-24,16.1232,0.0003,53.3096,3.8300,481.5342,14.3079,80.8352,1.5094,26.6372,2.7467
2027-11-25,15.3942,0.0004,47.0791,4.0919,484.0092,15.4652,84.8860,2.5496,28.6424,5.2435
2027-11-26,14.8598,0.0004,45.4825,2.7677,486.3879,16.6188,86.4327,2.9590,30.6218,6.3292
2027-11-27,15.5933,0.0045,56.4596,2.9435,488.8987,17.5824,86.4809,3.0057,32.2640,6.6391
2027-11-28,16.2470,1.1088,79.3508,3.6646,491.5272,18.0573,76.4691,1.0086,33.0768,1.8791
2027-11-29,16.9977,5.0482,82.6394,3.7734,475.1157,11.5408,44.5032,0.0920,21.7602,0.0880
2027-11-30,18.6437,0.0013,57.7707,3.8365,478.1756,12.6462,67.8653,0.7090,23.7239,0.7169
2027-12-01,18.0987,0.0007,56.3908,3.8281,481.1374,13.5976,78.9847,1.2471,25.4006,1.9935
2027-12-02,17.5913,0.0017,52.2779,3.4372,484.0078,14.6113,83.8518,2.1455,27.1719,4.2265
2027-12-03,16.0201,0.0048,62.0753,4.4269,486.5954,15.3491,84.3717,2.4178,28.4544,4.9475
2027-12-04,15.5700,0.0421,58.0356,3.7442,489.1020,16.1441,84.9514,2.5279,29.8269,5.3416
2027-12-05,12.6267,0.0000,32.2328,7.1061,491.0788,17.2012,88.0312,4.6240,31.6324,9.6053
2027-12-06,10.1724,0.0000,27.2799,4.9039,492.6139,18.1327,89.3702,5.0150,33.2094,10.5664
2027-12-07,13.0385,0.0000,30.9114,3.2753,494.6648,19.2428,89.6647,4.8193,35.0745,10.5448
2027-12-08,11.4950,0.0000,57.0565,3.1163,496.4379,19.8574,87.6843,3.5986,36.1044,8.3686
2027-12-09,12.9684,0.0002,58.7082,3.4459,498.4762,20.5176,86.8339,3.2410,37.2065,7.7711
2027-12-10,10.3894,0.0058,69.4910,3.5289,500.0503,20.9159,85.0905,2.5489,37.8716,6.3053
2027-12-11,9.0349,0.0020,66.2230,4.1264,501.3805,21.3049,84.6887,2.4861,38.5180,6.2267
2027-12-12,8.9289,0.0030,65.2421,3.6183,502.6917,21.7011,84.6253,2.4024,39.1743,6.0947
2027-12-13,10.3386,0.0082,71.9618,3.0317,504.2567,22.0655,83.9757,2.1370,39.7793,5.4973
2027-12-14,13.9594,10.8181,88.6905,5.0656,456.2318,10.7830,30.8010,0.0055,20.3628,0.0051
2027-12-15,13.9464,13.4907,91.6904,4.6397,401.5528,4.9604,14.1917,0.0000,9.6235,0.0000
2027-12-16,14.2572,3.9057,84.1169,5.0903,393.3693,2.8599,24.1907,0.0008,5.6177,0.0003
2027-12-17,12.8700,0.1572,57.0584,4.4755,395.3899,3.5416,51.2726,0.2388,6.9281,0.1193
2027-12-18,12.6756,0.0171,54.5580,3.6051,397.3755,4.2530,68.6800,0.7194,8.2843,0.3930
2027-12-19,14.0127,0.2501,52.2960,5.4492,399.6018,5.0723,79.0857,1.3663,9.8325,0.8167
2027-12-20,8.5252,0.0544,55.9590,5.2081,400.8403,5.5540,81.9887,1.8507,10.7361,1.5877
2027-12-21,9.6275,1.8522,75.0908,7.0462,402.2773,4.7542,66.7345,0.8024,9.2356,0.4639
2027-12-22,8.9233,0.0146,64.3575,6.1513,403.5875,5.1602,74.7293,1.0292,10.0007,0.6209
2027-12-23,7.8357,0.2475,72.4626,4.3649,404.7019,5.4398,77.5876,1.1349,10.5260,0.7040
2027-12-24,8.0782,0.1092,70.3107,4.3060,405.8600,5.7495,79.5373,1.3477,11.1057,0.8611
2027-12-25,9.5538,0.0002,52.7265,4.0400,407.2836,6.3218,82.6328,1.8893,12.1714,1.8760
2027-12-26,12.5232,0.0001,48.0526,2.9929,409.2418,7.1261,84.9158,2.4221,13.6576,2.9518
2027-12-27,11.9334,0.3076,76.3902,2.4432,411.0938,7.4757,83.6297,1.9817,14.3013,2.3371
2027-12-28,12.6483,0.6111,70.0820,3.3669,413.0745,7.9432,81.8697,1.6627,15.1577,1.8767
2027-12-29,11.6542,10.9154,87.6636,4.7363,373.9732,3.7174,29.8751,0.0042,7.2544,0.0022
2027-12-30,13.9703,3.7494,88.6595,4.2842,367.0612,1.9483,26.3481,0.0015,3.8456,0.0006
2027-12-31,14.3865,8.5738,89.3319,3.6865,341.5349,0.5351,17.4793,0.0001,1.0661,0.0000
2028-01-01,18.9784,0.3543,66.1262,3.8985,344.6550,1.3724,47.5672,0.1457,2.7178,0.0496
2028-01-02,13.9175,0.0058,60.4281,4.0667,346.8642,2.1041,66.0459,0.6738,4.1453,0.2680
2028-01-03,15.3087,0.0023,57.8118,2.9136,349.3238,2.9563,76.6192,0.9812,5.7901,0.4506
2028-01-04,15.4502,0.0087,64.9875,2.7879,351.8088,3.6697,80.5978,1.3950,7.1528,0.7080
2028-01-05,17.4619,0.0113,70.0502,3.2763,354.6559,4.3541,82.1826,1.7192,8.4488,0.9487
2028-01-06,17.8159,0.0096,63.1505,3.5900,357.5668,5.2122,83.7575,2.1353,10.0579,1.9288
2028-01-07,13.2703,0.0008,64.9821,2.8348,359.6594,5.8317,83.8048,2.0685,11.2090,2.0178
2028-01-08,12.8847,8.3805,84.1137,4.6364,335.0813,2.8172,36.3825,0.0209,5.5184,0.0094
2028-01-09,13.2547,3.3008,72.1457,4.9672,330.5405,1.7130,41.5019,0.0589,3.3822,0.0217
2028-01-10,12.1825,0.0477,55.3372,3.4992,332.4373,2.4434,62.2602,0.5554,4.7985,0.2347
2028-01-11,11.8778,0.0001,45.5674,4.2209,334.2793,3.3130,76.1512,1.0154,6.4658,0.4908
2028-01-12,12.9037,0.0041,52.8357,3.9950,336.3060,4.1261,81.6996,1.6816,8.0067,0.9028
2028-01-13,12.2741,1.2735,82.0511,5.4039,338.2194,4.4217,71.2073,0.8547,8.5634,0.4750
2028-01-14,16.1743,7.7367,84.3546,5.9135,317.8858,2.1101,37.2479,0.0269,4.1513,0.0107
2028-01-15,12.9230,28.5072,93.5109,7.5163,232.6013,0.4519,11.6287,0.0000,0.8994,0.0000
2028-01-16,11.8963,28.6781,92.3870,5.3763,162.0681,0.1218,8.9805,0.0000,0.2432,0.0000
2028-01-17,11.8546,0.1339,73.8520,3.9428,163.9059,0.5388,30.1287,0.0044,1.0689,0.0012
2028-01-18,11.8012,0.0005,44.8067,4.1245,165.7342,1.4154,57.8900,0.4361,2.7717,0.1495
2028-01-19,13.0166,0.0019,53.0797,4.3349,167.7812,2.2309,73.1003,0.8697,4.3182,0.3517
2028-01-20,11.9182,1.4321,81.1578,3.4511,169.6304,2.5328,64.6717,0.6193,4.8834,0.2637
2028-01-21,10.2987,36.6645,89.5441,13.3660,91.8738,0.6905,21.4832,0.0004,1.3555,0.0001
2028-01-22,7.1830,25.9608,88.4243,18.8747,45.5596,0.1180,16.6078,0.0001,0.2346,0.0000
2028-01-23,6.0921,0.0651,81.3151,13.4147,46.3602,0.2835,34.7168,0.0224,0.5584,0.0053
2028-01-24,6.5010,0.0358,81.1809,10.2015,47.2344,0.4596,48.8658,0.2380,0.8973,0.0612
2028-01-25,6.6794,0.0146,78.1252,9.9564,48.1407,0.6691,60.5857,0.7007,1.2932,0.1942
2028-01-26,6.9222,0.0058,74.9974,4.7547,49.0906,0.9160,68.0639,0.7474,1.7504,0.2231
2028-01-27,7.0278,0.0161,76.3525,4.0162,50.0597,1.1526,72.6256,0.8395,2.1798,0.2666
2028-01-28,7.6419,0.0729,78.2121,4.1606,51.1392,1.3871,75.4385,0.9685,2.5981,0.3250
2028-01-29,8.3008,0.0563,80.9181,4.0887,52.3373,1.6080,76.9647,1.0672,2.9865,0.3753
2028-01-30,9.7537,0.0006,49.7422,3.7115,53.7970,2.2795,81.7697,1.6717,4.1223,0.6635
2028-01-31,11.1264,0.0026,50.7987,3.4705,55.5037,3.0201,84.0641,2.2107,5.3169,0.9769
2028-02-01,11.0135,0.0028,42.7137,7.6949,57.1902,4.0058,86.0889,3.6134,6.8178,3.0587
2028-02-02,7.8783,0.0003,32.4394,5.3619,58.3123,4.8675,87.6418,4.0053,8.0542,3.8070
2028-02-03,11.3385,0.0001,33.8860,4.6628,60.0572,6.0356,88.4733,4.3560,9.6474,4.6178
2028-02-04,13.6113,0.0002,40.9792,3.2261,62.2112,7.2690,88.5221,4.0803,11.2514,4.7086
2028-02-05,14.1444,0.0004,43.6286,2.7271,64.4612,8.4897,88.5710,4.0070,12.7736,4.9761
2028-02-06,12.1924,0.0000,50.3122,3.8423,66.3598,9.4279,88.0035,3.9072,13.9139,5.1010
2028-02-07,13.5274,0.0004,45.3983,3.6772,68.4988,10.5624,88.0522,3.9020,15.2471,5.3783
2028-02-08,14.7241,0.0039,48.1023,4.7692,70.8531,11.7290,88.1009,4.1516,16.5916,6.0049
2028-02-09,13.8459,0.0044,45.5383,5.7897,73.0494,12.8852,88.1496,4.4013,17.8840,6.6275
2028-02-10,12.3325,0.0000,37.8133,3.8970,74.9732,14.0718,88.2762,4.0743,19.1554,6.4168
2028-02-11,13.9420,0.0070,39.3615,2.6778,77.1868,15.3675,88.3250,3.8584,20.5209,6.3502
2028-02-12,14.3008,0.6527,53.3013,3.3751,79.4649,16.3891,85.3494,2.6214,21.6271,4.4667
2028-02-13,14.5587,0.3590,54.9619,5.0120,81.7895,17.3909,85.5628,2.9324,22.7098,5.1786
2028-02-14,11.9556,0.0122,48.8262,6.0540,83.6455,18.3399,86.0305,3.2995,23.6928,5.9732
2028-02-15,8.8306,0.2474,46.7135,10.0724,84.9390,19.0916,86.1222,4.0924,24.4463,7.4371
2028-02-16,6.5141,0.6479,73.3689,13.1379,85.8156,19.3797,82.5673,2.9636,24.7731,5.5354
2028-02-17,6.9626,0.2208,72.7586,9.8487,86.7728,19.6917,82.6142,2.5258,25.1276,4.7557
2028-02-18,9.7237,0.0021,49.3250,8.3013,88.2271,20.4708,84.5908,3.0276,25.9114,5.8167
2028-02-19,8.6170,0.0012,60.4376,5.3498,89.4821,21.0169,84.6384,2.6261,26.4833,5.1265
2028-02-20,11.0303,0.0058,54.4602,4.3055,91.1716,21.8016,84.9678,2.6063,27.2892,5.1901
2028-02-21,15.8550,0.0414,55.0631,4.5137,93.7295,22.8839,85.5434,2.8520,28.4206,5.8251
2028-02-22,17.2984,0.0011,54.2251,4.1077,96.5472,24.0802,86.0037,2.9800,29.6639,6.2442
2028-02-23,19.2970,0.9371,71.4006,6.7734,99.7247,24.9088,80.4971,1.6867,30.6676,3.5349
2028-02-24,21.9156,0.6852,53.7112,8.1324,103.3735,26.4222,84.3191,2.8935,32.2419,6.4040
2028-02-25,17.1183,0.0003,36.3555,4.3949,106.1588,28.0692,87.8904,3.9530,33.7976,8.7302
2028-02-26,18.8436,0.0002,39.9670,4.9290,109.2546,29.7700,88.7057,4.5645,35.4150,10.1357
2028-02-27,20.7157,0.0013,52.1531,6.2005,112.6875,31.2527,88.7005,4.8630,36.9123,10.9350
2028-02-28,20.8595,2.4836,64.5835,7.5849,116.1462,27.1706,72.5509,1.0019,34.2882,1.9364
2028-03-01,18.5780,0.0685,26.5133,5.2371,119.1942,29.6356,86.5503,3.4073,36.5515,8.0360
2028-03-02,17.0534,1.8384,47.8404,9.1847,121.9678,28.8567,78.2732,1.5318,36.2639,3.6088
2028-03-03,17.5498,14.7124,74.6182,7.5116,96.6319,13.0309,42.3418,0.0776,19.4909,0.0692
2028-03-04,14.8153,6.8662,67.4951,8.8529,88.0531,7.8661,43.0617,0.0939,12.8601,0.0652
2028-03-05,12.4231,0.0016,44.4100,8.9245,89.9933,9.1476,68.8636,0.9460,14.5880,0.7070
2028-03-06,8.9876,0.0018,46.9669,4.7546,91.3150,10.0595,78.2329,1.2211,15.7745,0.9562
2028-03-07,13.0681,0.4686,51.7384,3.7415,93.3713,11.2250,82.7533,1.8895,17.2620,2.5621
2028-03-08,15.7607,2.7134,62.8898,3.5735,95.9122,9.3229,64.9967,0.6314,15.0005,0.4797
2028-03-09,18.7396,0.2829,44.2471,5.0630,98.9893,11.2083,80.7719,1.5949,17.4711,2.0191
2028-03-10,13.7645,10.1304,52.9980,12.4152,83.5670,6.5195,54.5723,0.5015,10.9110,0.3173
2028-03-11,13.5268,0.6806,39.3602,12.2157,85.7058,8.0315,75.9438,1.4990,13.0141,1.2442
2028-03-12,18.2510,0.0000,27.5173,5.1794,88.6950,10.4224,87.2340,3.7441,16.1116,5.3349
2028-03-13,23.2528,0.0000,36.6731,3.6190,92.5845,13.0512,89.6566,4.8978,19.3006,7.6300
2028-03-14,26.3278,0.0001,39.9682,4.2539,97.0275,15.8579,90.1467,5.4249,22.5159,9.0901
2028-03-15,21.0454,0.0094,51.9601,5.6580,100.5197,17.6713,89.1384,5.0388,24.5520,8.9529
2028-03-16,15.8169,13.4342,66.4358,9.5813,78.8150,9.0035,48.9367,0.2328,14.0068,0.1698
2028-03-17,9.4619,14.2490,71.5983,14.8174,55.6838,4.4192,35.7225,0.0302,7.3751,0.0156
2028-03-18,15.0029,0.0333,28.1408,10.5644,58.0883,6.3916,71.8147,1.1325,10.0254,0.6841
2028-03-19,19.3697,0.0000,33.1945,5.5948,61.2788,8.7227,85.4389,2.9683,12.8666,3.6160
2028-03-20,23.7927,0.0000,39.3252,3.8454,65.2655,11.2972,88.9333,4.4655,15.7701,6.2511
2028-03-21,26.6324,0.0000,37.6253,3.6011,69.7633,14.2458,90.4127,5.4530,18.8623,8.2853
2028-03-22,23.7545,0.0028,40.5093,5.5941,73.7431,16.7663,90.4622,6.0720,21.3801,9.7249
2028-03-23,20.4847,1.8245,47.6560,6.3441,77.1344,17.0457,80.1783,1.5951,21.9595,2.4982
2028-03-24,17.2614,0.0320,35.8308,5.9090,79.9454,19.0541,86.8694,3.6878,23.8796,6.6673
2028-03-25,15.5716,3.9350,53.9529,5.3112,77.6824,14.2620,63.7083,0.6525,19.5506,0.5831
2028-03-26,15.7424,5.9106,70.5799,6.7794,71.6220,8.9478,47.7391,0.1724,13.6365,0.1239
2028-03-27,9.9763,0.0039,32.0203,8.5242,73.1217,10.2313,72.0223,1.0296,15.1597,0.7873
2028-03-28,11.4265,0.0246,30.3272,5.5313,74.8825,11.7190,83.1677,2.1802,16.8467,3.0273
2028-03-29,9.4194,4.6765,64.8299,4.3941,70.1305,7.6448,51.5357,0.2450,12.0151,0.1636
2028-03-30,12.9874,1.5533,51.7729,4.5718,72.1722,8.2581,63.2175,0.6146,12.8426,0.4263
2028-03-31,13.6076,5.3313,55.5664,4.7926,66.9553,5.5460,51.3711,0.2454,9.1892,0.1415
2028-04-01,11.9108,16.7114,85.8993,8.5983,41.7546,2.5751,24.3956,0.0010,4.4622,0.0004
2028-04-02,14.3390,0.0276,40.7366,7.3109,45.2896,4.7933,60.0315,0.5929,7.5808,0.3096
2028-04-03,16.4612,0.6558,41.7458,5.6668,49.2067,7.2734,77.5309,1.2064,10.6217,0.7521
2028-04-04,19.5259,1.2524,47.6030,7.3945,53.6753,9.8934,80.3561,1.7140,13.5452,1.7624
2028-04-05,17.4717,0.0000,26.1193,6.0147,57.7742,13.2198,88.6238,4.7649,16.8186,6.8882
2028-04-06,19.0581,0.0457,37.6060,5.6556,62.1587,16.2690,89.2681,5.1329,19.6684,8.0390
2028-04-07,19.6682,0.5954,56.1117,8.4335,66.6530,18.4787,86.8563,4.1803,21.8283,7.0946
2028-04-08,16.1613,0.6325,39.2131,11.2884,70.5160,21.0225,87.3803,5.2012,24.0903,9.1027
2028-04-09,12.3881,31.1656,64.3895,15.9326,19.7522,9.0775,45.5457,0.1995,9.0123,0.1139
2028-04-10,12.7860,0.9077,51.1170,14.6219,23.0077,10.7231,68.5141,1.2467,10.6508,0.7784
2028-04-11,16.4706,0.0090,35.6063,6.5311,26.9264,13.4661,83.0241,2.2509,13.3592,2.6390
2028-04-12,20.8110,0.0041,43.6299,4.7897,31.6264,16.4604,87.1635,3.6346,16.3324,5.2219
2028-04-13,23.2921,0.0452,46.9641,4.3234,36.7730,19.5967,88.1593,4.0935,19.4544,6.5042
2028-04-14,22.0980,0.0039,48.2766,4.6178,41.7046,22.5055,88.2080,4.1838,22.3541,7.1996
2028-04-15,21.1228,0.9473,61.2786,6.0948,46.4607,24.5917,83.0530,2.2102,24.4477,4.0474
2028-04-16,21.0450,0.4584,58.5945,5.9332,51.2028,26.8146,85.1866,2.9156,26.6735,5.7128
2028-04-17,18.6245,0.5275,71.1100,6.5229,55.5092,28.1961,84.5618,2.7572,28.0694,5.5911
2028-04-18,20.1012,0.8336,56.4387,7.7849,60.0815,30.4351,83.5370,2.5625,30.3075,5.4720
2028-04-19,18.5922,1.7152,62.1334,5.5176,64.3821,30.3966,74.8590,1.0037,30.3069,1.6761
2028-04-20,16.4236,4.5366,69.8966,5.0737,62.5636,21.4586,53.5255,0.3131,23.1052,0.3112
2028-04-21,15.2389,2.8365,52.3217,6.4837,63.7726,18.5918,60.2960,0.5780,21.5079,0.5487
2028-04-22,17.4282,0.1164,40.2417,4.8531,67.8637,21.2760,79.1130,1.3293,23.8550,2.0672
2028-04-23,17.1722,5.2354,54.6541,8.5662,64.7990,15.1265,61.5566,0.6907,19.1040,0.6083
2028-04-24,17.4265,11.6989,62.3462,8.6862,49.8157,8.7961,48.4011,0.2075,12.2046,0.1398
2028-04-25,18.6029,2.5643,46.1132,4.7000,54.1182,8.9512,63.4844,0.6263,12.6652,0.4310
2028-04-26,16.8708,8.4223,61.3176,5.6771,45.4202,5.9877,48.4822,0.1802,9.0069,0.1028
2028-04-27,13.5904,4.3156,79.4015,8.4711,43.7543,3.9178,41.6873,0.0726,6.4024,0.0349
2028-04-28,13.7625,1.2924,63.7006,5.9606,47.1856,5.2257,57.9065,0.4790,8.1852,0.2601
2028-04-29,13.8402,3.4092,65.1112,4.9542,47.1911,4.1972,52.6507,0.2845,6.8674,0.1415
2028-04-30,14.5028,1.9276,60.0605,5.4449,50.7556,4.6065,60.7436,0.5635,7.5092,0.2929
2028-05-01,15.7036,0.1174,54.1575,4.3933,55.9863,6.6345,75.5164,0.9845,10.2364,0.6015
2028-05-02,20.2654,0.0327,41.6609,5.5186,62.0380,9.9159,85.3043,2.9022,14.1698,3.7576
2028-05-03,19.1586,5.1441,53.0420,10.5877,61.0540,8.0867,66.3804,0.9472,12.1502,0.6366
2028-05-04,18.6713,0.0000,28.6394,4.9845,66.8188,11.8011,84.2102,2.4332,16.3730,3.3867
2028-05-05,22.8740,0.0000,35.2668,4.9856,73.3401,15.8868,89.1969,4.9120,20.6115,7.9372
2028-05-06,24.3926,0.0001,38.1746,4.5199,80.1348,20.0361,90.0532,5.4250,24.6587,9.5576
2028-05-07,22.5894,0.0580,45.4674,5.6238,86.6049,23.4371,90.1026,5.7761,27.9587,10.7898
2028-05-08,17.2671,75.4994,83.3732,10.5192,5.5121,8.4531,33.4791,0.0144,7.9027,0.0077
2028-05-09,18.0222,16.0329,89.4298,6.3010,5.6480,4.1063,19.4951,0.0001,3.8378,0.0001
2028-05-10,21.4426,1.7123,80.8397,4.4158,11.9117,4.4625,38.8933,0.0350,4.6087,0.0145
2028-05-11,26.2981,0.0017,46.8407,3.5301,19.0493,8.2969,74.2274,0.8790,8.2570,0.4794
2028-05-12,25.9879,1.6841,49.2995,6.1363,26.1311,11.0107,80.0101,1.5509,10.9860,0.9850
2028-05-13,17.5437,18.2299,74.9055,11.4648,5.5619,5.9244,44.0949,0.1270,5.5021,0.0570
2028-05-14,16.8944,18.0134,83.0945,6.7097,5.4450,3.1002,27.2004,0.0022,2.9389,0.0008
2028-05-15,16.8159,13.8107,84.1015,7.7011,5.4309,1.6580,24.8701,0.0011,1.8807,0.0003
2028-05-16,22.4277,0.2171,47.0696,5.3090,11.8719,4.9366,65.4498,0.7014,4.9186,0.2996
2028-05-17,25.4625,0.0000,37.6657,4.9007,18.8591,9.2956,85.1568,2.7564,9.1976,2.6225
2028-05-18,27.1746,0.0180,40.1553,4.0714,26.1545,13.7503,89.3983,4.8285,13.6195,6.1991
2028-05-19,27.9733,1.1188,44.6311,4.9138,33.5937,17.9882,86.8377,3.4917,17.8452,5.2962
2028-05-20,23.9459,8.1925,71.5466,5.8840,28.6407,11.2685,55.1669,0.3811,11.3616,0.2466
2028-05-21,27.9396,0.0134,46.3203,5.0556,36.0739,15.3724,81.8606,1.8084,15.3416,2.1714
2028-05-22,26.0263,5.2186,62.4169,4.5315,36.6212,11.8794,64.4999,0.6493,13.1194,0.4560
2028-05-23,27.9807,0.6968,46.5284,5.0497,44.0617,15.9732,83.4061,2.1947,16.7583,3.0402
2028-05-24,28.5666,0.0019,39.8959,7.8376,51.6077,20.6674,89.6358,6.0399,20.6668,9.5067
2028-05-25,27.3068,0.0024,48.8417,7.8853,58.9269,24.4933,89.6851,6.0973,24.4735,10.4951
2028-05-26,27.3147,0.0063,51.0197,4.2153,66.2476,28.1573,89.7343,5.1038,28.1250,9.7670
2028-05-27,27.8258,0.3627,46.2706,5.3097,73.6602,32.2489,89.7836,5.4314,32.1992,11.0887
2028-05-28,28.7184,0.0000,35.4313,4.9854,81.2336,37.3177,91.2762,6.6133,37.2380,14.0382
2028-05-29,29.7211,0.0024,35.9057,4.2956,88.9873,42.5184,91.5630,6.6530,42.4110,15.1214
2028-05-30,29.9199,0.0180,36.1123,3.9126,96.7769,47.7358,91.6129,6.5722,47.6026,15.9386
2028-05-31,31.1061,0.0000,33.2595,3.5938,104.7800,53.3945,92.2704,7.0979,53.2319,17.9199
2028-06-01,31.1073,0.0168,31.2590,3.6794,113.7833,59.2231,92.7088,7.5824,59.0356,19.8632
2028-06-02,32.1988,0.0188,32.7750,4.6265,122.9831,65.1164,92.7591,8.0094,64.9043,21.7116
2028-06-03,32.8101,0.0000,29.9629,4.4484,132.2929,71.3689,93.2702,8.5269,71.1277,23.7994
2028-06-04,30.8898,0.1201,35.8388,6.7400,141.2571,76.7724,93.3207,9.6382,76.5113,26.9021
2028-06-05,28.9045,0.0813,38.3756,4.2087,149.8639,81.6402,92.7157,7.7949,81.3637,23.9473
2028-06-06,30.7363,0.1861,34.9605,3.7875,158.8005,87.0915,92.7660,7.6852,86.7929,24.5248
2028-06-07,31.8624,0.0000,30.9372,3.9047,167.9397,93.0847,92.9434,7.9255,92.7571,25.9202
2028-06-08,33.6445,0.0006,28.9920,4.8271,177.3997,99.5798,93.6053,9.1068,99.2172,29.4631
2028-06-09,32.9552,0.0000,29.6976,8.6351,186.7356,105.8828,93.6558,11.1110,105.4861,34.6224
2028-06-10,32.5764,0.0000,29.8725,6.2726,196.0034,112.1002,93.7064,9.9336,111.6691,32.9517
2028-06-11,32.4515,0.0000,28.5744,7.5530,205.2486,118.4092,93.7570,10.6704,117.9410,35.3417
2028-06-12,31.2965,0.0004,31.1519,6.6089,214.2860,124.2812,93.8075,10.2464,123.7801,35.0629
2028-06-13,31.3694,0.0056,30.0011,4.4857,223.3365,130.2647,93.8582,9.2717,129.7282,33.3887
2028-06-14,31.7297,0.0254,31.5773,4.8283,232.4519,136.1785,93.9088,9.4997,135.6069,34.4538
2028-06-15,35.1901,0.0210,28.0041,4.0095,242.1901,143.0569,94.1236,9.3911,142.4378,34.7331
2028-06-16,36.9494,0.0403,22.0869,6.2276,252.2450,150.8616,95.6126,12.8817,150.1801,43.3013
2028-06-17,35.5543,0.0341,32.6064,3.9423,262.0487,157.3650,94.9410,10.4747,156.6393,38.3055
2028-06-18,31.1774,0.0862,40.6926,5.6828,271.0647,162.4046,92.9275,8.6492,161.6534,34.0367
2028-06-19,29.5908,0.4411,40.9430,4.5432,279.7950,167.1763,92.3338,7.5126,166.4016,31.1883
2028-06-20,31.3789,0.1738,31.4430,5.1357,288.8472,173.0384,92.7305,8.1846,172.2227,33.2680
2028-06-21,31.6752,0.0753,29.9484,4.4750,297.9527,179.0828,93.0914,8.3274,178.2223,33.8746
2028-06-22,32.6944,0.0394,28.0075,4.7871,307.2417,185.4880,93.6528,9.1487,184.5763,36.2625
2028-06-23,32.0639,0.0734,30.7274,4.7328,316.4172,191.5361,93.7033,9.1881,190.5778,36.5463
2028-06-24,32.6149,0.0000,31.4806,5.4176,325.6919,197.6179,93.7539,9.5778,196.6120,37.7174
2028-06-25,32.3802,0.1370,34.7448,4.4755,334.9244,203.3696,93.8041,9.1976,202.3211,36.8660
2028-06-26,30.2986,0.6556,40.9011,4.8122,343.7821,208.2548,90.5859,5.9415,207.1769,27.5914
2028-06-27,28.5547,5.8574,47.5736,7.0181,335.9664,90.4052,74.9132,1.0858,108.0933,5.7236
2028-06-28,29.0999,0.1707,41.8694,6.2121,344.6084,95.0269,87.9273,4.3550,112.4990,18.5907
2028-06-29,32.0131,0.0009,32.6876,3.9269,353.7748,100.8949,92.0711,7.0178,117.7999,26.6363
2028-06-30,33.9878,0.0000,29.9152,4.4745,363.2966,107.3689,93.4045,8.6997,123.4941,31.4178
2028-07-01,31.9326,0.5263,40.3353,4.6405,372.7484,111.9977,92.6903,7.9380,127.9125,29.9328
2028-07-02,30.7355,0.0849,39.1078,6.6835,381.9848,116.5504,92.7069,8.8192,132.2337,32.5132
2028-07-03,31.1224,0.0000,33.1143,5.0064,391.2909,121.6121,92.7571,8.1619,136.8740,31.2349
2028-07-04,31.7617,0.0000,30.2645,4.6531,400.7120,126.9941,93.0503,8.3544,141.7106,32.0838
2028-07-05,33.8350,0.0000,28.5689,4.2399,410.5063,132.8548,93.7233,8.9876,146.8746,34.0472
2028-07-06,33.3823,0.0000,33.0639,4.6825,420.2191,138.2756,93.7738,9.2551,151.7311,35.0308
2028-07-07,32.8529,0.0000,40.1684,6.2612,429.8366,143.0465,93.0223,9.0241,156.1659,34.7117
2028-07-08,33.3339,0.0000,40.7723,6.4810,439.5407,147.8363,92.8808,8.9454,160.6168,34.7507
2028-07-09,37.6756,0.0000,32.3907,3.9443,450.0263,153.9933,93.6197,8.7281,165.9886,34.4488
2028-07-10,36.7471,0.0000,31.2183,9.6187,460.3448,160.1070,93.7438,11.8192,171.2837,42.2461
2028-07-11,34.3667,0.0000,24.9946,10.5048,470.2348,166.3546,94.5839,13.8820,176.5576,47.0691
2028-07-12,34.7063,0.0000,18.4636,7.2612,480.1859,173.2113,96.0254,14.3518,182.1558,48.3244
2028-07-13,35.5692,0.0000,24.8570,5.0657,490.2924,179.6826,96.0767,12.9383,187.5404,45.4658
2028-07-14,33.8577,0.0578,32.5764,4.3696,500.0908,185.2181,94.8113,10.5138,192.3422,39.9523
2028-07-15,36.2558,0.0000,27.4785,4.9245,510.3208,191.5806,94.8622,10.8878,197.6555,41.0152
2028-07-16,36.6616,0.0005,28.5736,4.2187,520.6239,197.9151,94.9132,10.5811,202.9508,40.3978
2028-07-17,37.5166,0.0000,27.8729,3.4629,531.0809,204.4565,94.9641,10.2571,208.3681,39.7116
2028-07-18,35.4446,0.3834,32.1428,5.5439,541.1649,210.2805,94.8721,11.2482,213.3284,42.2462
2028-07-19,29.1857,11.7638,50.3325,7.1314,490.1637,78.6210,70.8410,0.9210,112.2360,4.9785
2028-07-20,27.4749,10.6308,55.9556,8.4134,451.1333,43.5176,65.4832,0.8212,70.1243,3.0026
2028-07-21,30.9458,0.2690,42.3978,5.5848,460.4075,47.8529,86.7135,3.5486,75.9666,12.8599
2028-07-22,32.9467,0.0205,36.4868,5.1978,470.0419,52.9314,91.4698,6.8709,82.6069,22.0808
2028-07-23,31.5934,0.0923,43.3542,5.0759,479.4327,57.2808,91.5197,6.8774,88.2132,22.8746
2028-07-24,33.1859,0.1801,41.1377,4.8644,489.1102,62.0205,91.5695,6.8528,94.1841,23.5992
2028-07-25,35.0495,0.0022,34.9367,4.6416,499.1231,67.5444,92.6116,7.8511,100.9394,26.8422
2028-07-26,38.2608,0.0000,29.5826,4.1112,509.7140,74.0539,94.2377,9.5895,108.6461,31.8035
2028-07-27,40.0692,0.0000,24.8112,4.2446,520.6305,81.3237,95.5853,11.6135,116.9700,37.2386
2028-07-28,40.4738,0.0000,23.3094,4.1257,531.6198,88.8117,96.0182,12.2425,125.2946,39.5679
2028-07-29,40.5098,0.0024,23.6226,4.4532,542.6156,96.2755,96.0696,12.5329,133.3852,41.0592
2028-07-30,41.2490,0.0000,24.8220,5.1673,553.7444,103.7527,96.1209,13.0826,141.3126,42.9843
2028-07-31,38.5130,0.0000,25.8106,5.0134,564.3807,110.6548,96.1723,13.0720,148.5140,43.5777
2028-08-01,38.1985,0.0000,28.0747,5.7152,574.2605,116.4901,96.1379,13.4798,154.5853,44.9065
2028-08-02,36.3962,0.0000,30.9862,6.0143,583.8158,121.8324,95.3888,12.3616,160.1260,42.8545
2028-08-03,37.1062,0.0000,23.6770,5.1940,593.4989,127.8524,95.4400,11.9440,166.1982,42.2697
2028-08-04,39.1419,0.0000,18.8552,4.1355,603.5484,134.5938,96.6949,13.4178,172.8319,45.8861
2028-08-05,37.1679,0.0000,27.6845,4.7880,613.2427,140.3069,96.1534,12.8914,178.5089,44.9991
2028-08-06,36.0550,0.0000,28.8096,6.4519,622.7365,145.7675,95.7033,13.1898,183.9118,45.8853
2028-08-07,34.4804,0.0000,34.2989,6.2012,631.9470,150.5936,94.5029,11.0515,188.7430,41.1461
2028-08-08,33.5634,0.0769,34.2647,5.4737,640.9924,155.2977,94.1857,10.1973,193.4339,39.2002
2028-08-09,33.0741,0.0000,30.6925,5.6404,649.9498,160.1874,94.2364,10.3557,198.2330,39.7240
2028-08-10,34.2049,0.0000,24.5727,4.6591,659.1107,165.6849,94.6614,10.4508,203.4890,40.0883
2028-08-11,36.0837,0.0000,24.0427,3.9957,668.6097,171.5158,95.0988,10.7322,208.9980,40.9038
2028-08-12,36.0970,0.0000,25.6801,3.9577,678.1112,177.2229,95.1498,10.7868,214.3778,41.1435
2028-08-13,32.8329,0.0000,34.2632,7.6681,687.0251,181.8280,94.1802,11.3810,218.8523,42.6672
2028-08-14,31.3582,0.1503,35.2176,5.4395,695.6736,186.1689,93.6766,9.4859,223.0872,37.9923
2028-08-15,31.5675,3.2330,44.6412,4.1162,688.8265,105.8171,81.5675,1.6657,152.9095,9.9507
2028-08-16,33.4095,0.1539,36.5294,4.6529,697.8442,110.3390,90.9364,6.1962,158.1597,27.0303
2028-08-17,31.9933,0.5107,36.9141,6.5252,706.6070,114.6490,91.6798,7.5684,163.1280,31.2025
2028-08-18,32.6013,0.1306,36.6001,4.7284,715.4792,119.0600,91.9356,7.1684,168.1621,30.2886
2028-08-19,35.5966,0.0000,32.5172,4.0699,724.8906,124.1724,93.1735,8.2535,173.8811,33.5176
2028-08-20,37.4127,0.0000,28.6081,4.3854,734.6289,129.8487,94.3201,9.8341,180.1096,37.8607
2028-08-21,36.3978,0.0000,28.7502,4.8797,744.1845,135.3643,94.3709,10.1531,186.1010,38.8659
2028-08-22,33.4755,0.0000,32.3733,5.2369,753.2141,140.1915,94.4217,10.4102,191.3471,39.6676
2028-08-23,35.0743,0.0000,30.8262,3.9856,762.5315,145.3574,94.4725,9.8428,196.8863,38.4012
2028-08-24,34.8432,0.6908,37.0007,3.6550,771.8073,150.0322,91.9620,6.8163,201.9307,30.2001
2028-08-25,29.5655,0.4943,45.8554,10.8070,780.1331,153.4599,91.3786,8.9980,205.7414,36.4113
2028-08-26,29.8626,0.0000,36.3974,10.5644,788.5124,157.5255,91.5205,9.0695,210.1126,36.6857
2028-08-27,30.4886,0.0000,29.7078,9.9696,797.0043,162.1095,92.8477,10.6152,214.9286,40.7305
2028-08-28,31.0115,0.0000,22.3195,9.0285,805.5904,167.2592,94.5007,12.7399,220.2143,45.8721
2028-08-29,30.0703,0.0000,21.6594,7.0353,814.0070,172.3004,94.6297,11.7289,225.3510,43.6037
2028-08-30,30.1067,0.0000,21.4219,5.9339,822.4302,177.3628,94.6960,11.1973,230.4696,42.4001
2028-08-31,30.9733,0.0000,21.9923,4.6766,831.0094,182.5280,94.7469,10.5837,235.6545,40.9540
2028-09-01,32.5015,0.0000,26.3024,4.4794,838.5637,186.9368,94.7978,10.5526,240.0761,40.9246
2028-09-02,33.4464,0.0002,27.1286,4.4723,846.2881,191.4187,94.8487,10.6228,244.5518,41.1442
2028-09-03,32.1090,0.0000,33.7843,4.7030,853.7717,195.3336,94.1424,9.7503,248.5204,38.9598
2028-09-04,32.5406,0.0503,35.1878,4.4669,861.3330,199.2154,93.8384,9.2375,252.4561,37.6432
2028-09-05,30.4448,0.6156,44.6988,4.5258,868.5170,202.3212,90.7085,5.9598,255.7183,28.1134
2028-09-06,31.0175,0.0000,37.7618,4.9846,875.8042,205.8800,91.3756,6.7072,259.3456,30.4805
2028-09-07,30.1275,0.0000,41.6212,4.2207,882.9311,209.1256,91.4254,6.4997,262.6984,29.8570
2028-09-08,31.7088,0.0000,38.2211,3.4846,890.3427,212.7342,91.4933,6.3237,266.3610,29.3232
2028-09-09,32.4901,0.0020,34.5677,4.2949,897.8950,216.6473,92.2497,7.3317,270.2671,32.4104
2028-09-10,31.7832,0.0100,44.4811,4.1019,905.3199,219.8976,91.9745,6.9839,273.6342,31.3862
2028-09-11,31.3165,0.0001,41.7232,4.1624,912.6609,223.2609,92.0245,7.0549,277.0733,31.6129
2028-09-12,30.9306,0.0036,37.1888,3.8825,919.9324,226.8428,92.0745,7.0055,280.6651,31.4764
2028-09-13,31.2856,0.0719,39.4785,4.1489,927.2678,230.3323,92.1246,7.1505,284.1859,31.9230
2028-09-14,28.9510,0.8335,52.5652,5.0939,934.1830,232.8701,87.4972,3.8707,286.9287,20.8676
2028-09-15,30.1176,0.0064,50.3289,3.2051,941.3082,235.6308,88.7333,4.2014,289.8632,22.1338
2028-09-16,29.0195,0.8575,56.6578,4.3521,948.2357,237.9550,86.0480,3.0358,292.4425,17.4818
2028-09-17,28.8637,0.7650,61.9359,3.7836,955.1351,239.9855,85.0089,2.5530,294.7962,15.3491
2028-09-18,30.2980,0.0592,50.7793,3.3403,962.2928,242.7369,88.2207,3.9301,297.7233,21.1168
2028-09-19,31.1755,0.0590,40.9600,3.7182,969.6084,246.1295,90.5052,5.5583,301.1476,26.9444
2028-09-20,30.3789,0.0989,47.7843,6.8005,976.7806,249.0559,90.5547,6.5384,304.2014,30.1051
2028-09-21,26.1832,0.0107,34.0528,9.8363,983.1976,252.2592,91.2592,8.4241,307.3660,35.6531
2028-09-22,25.0176,0.0000,28.5430,5.1105,989.4047,255.5819,92.1208,7.5016,310.5873,33.0239
2028-09-23,26.1912,0.0000,28.7133,4.0404,995.8232,259.0455,92.4043,7.3977,313.9318,32.7242
2028-09-24,27.2656,0.0000,33.5044,3.5690,1002.4350,262.4036,92.4544,7.2753,317.2161,32.3667
2028-09-25,25.1699,7.2780,51.7150,3.9127,907.5050,88.2480,65.7008,0.6600,141.9798,4.0191
2028-09-26,24.9388,1.6347,56.7163,5.4764,913.6979,85.0764,75.3091,1.0272,138.0236,6.2182
2028-09-27,27.0223,0.0000,44.3055,4.1025,920.2660,87.8649,86.5901,3.2361,141.8670,16.4087
2028-09-28,27.7199,0.0006,47.5089,4.2877,926.9595,90.5582,88.6269,4.3697,145.5645,20.6434
2028-09-29,26.3336,2.6895,55.3018,4.5069,933.4036,73.3404,76.1846,1.0324,122.5984,5.8807
2028-09-30,23.1336,0.8017,60.0055,6.7250,939.2716,75.0659,81.5012,1.8849,125.1309,10.1721
2028-10-01,23.8792,1.0022,53.3084,4.6412,944.2739,76.8331,82.8117,1.9918,127.6914,10.7473
2028-10-02,24.7910,0.0788,30.6083,5.8146,949.4403,79.5554,90.2122,5.9241,131.5530,24.7370
2028-10-03,21.9726,0.9955,36.0363,8.4313,954.0993,81.7915,87.7549,4.7516,134.7121,21.3505
2028-10-04,20.5230,0.0042,29.6848,6.9770,958.4975,84.0953,90.5511,6.5934,137.9355,27.0885
2028-10-05,24.1674,0.0000,28.6339,3.8963,963.5516,86.8275,91.8307,6.7727,141.7268,27.8378
2028-10-06,26.7248,0.0000,30.3324,3.6657,969.0661,89.7647,92.1506,7.0042,145.7722,28.7336
2028-10-07,27.4831,0.0000,35.9015,3.8789,974.7170,92.5408,92.2007,7.1301,149.5786,29.3043
2028-10-08,27.9760,0.0000,37.8384,3.8234,980.4567,95.2793,92.2508,7.1606,153.3121,29.5915
2028-10-09,29.0906,0.0003,33.7436,3.4172,986.3970,98.3102,92.3009,7.0653,157.4015,29.5280
2028-10-10,29.4533,0.0009,33.7157,3.1722,992.4026,101.3788,92.3510,7.0281,161.5100,29.6113
2028-10-11,29.4528,0.0013,33.7283,3.5340,998.4081,104.4468,92.4011,7.2081,165.5870,30.2981
2028-10-12,29.2913,0.0164,32.1851,3.9657,1004.3845,107.5696,92.4513,7.4189,169.7016,31.0584
2028-10-13,29.5518,0.0014,30.9001,4.6600,1010.4079,110.7788,92.5621,7.8038,173.8942,32.2901
2028-10-14,29.4984,0.0003,33.2727,7.5534,1016.4216,113.8725,92.6123,9.0927,177.9144,35.8880
2028-10-15,27.6952,0.0001,36.7545,7.0842,1022.1107,116.6319,92.6193,8.8891,181.4898,35.4819
2028-10-16,24.0475,0.0000,32.2087,6.9507,1027.1433,119.2150,92.6696,8.8920,184.8063,35.5976
2028-10-17,23.1596,0.0007,40.7472,4.4833,1032.0160,121.3930,91.5638,6.7170,187.6146,29.5892
2028-10-18,23.6946,0.0013,47.1689,3.3341,1036.9850,123.3778,90.4707,5.4250,190.1860,25.6133
2028-10-19,24.1460,0.0355,49.7045,2.9913,1042.0353,125.3018,89.9000,4.9138,192.6804,23.9526
2028-10-20,24.8895,0.1951,48.0502,3.4245,1047.2194,127.3475,89.9493,5.0579,195.3163,24.4920
2028-10-21,26.3930,0.0126,44.7350,3.2207,1052.6741,129.6497,89.9987,5.0417,198.2554,24.4892
2028-10-22,25.6989,0.1185,47.1870,3.8567,1058.0040,131.7942,90.0480,5.2428,200.9944,25.2132
2028-10-23,21.1350,28.9617,83.1574,7.7156,683.7009,54.8444,37.3558,0.0301,91.3661,0.0787
2028-10-24,19.0463,64.1450,95.9350,8.8959,335.4806,18.5817,8.9698,0.0000,32.6432,0.0000
2028-10-25,19.9204,25.3769,87.3301,6.0962,258.4848,7.7958,19.1631,0.0001,14.4985,0.0001
2028-10-26,22.9171,0.4448,65.2946,3.6515,263.3139,9.0588,52.9003,0.2735,16.6827,0.2215
2028-10-27,22.6391,3.0796,74.7991,4.6637,263.2327,6.9916,54.5203,0.3377,13.1124,0.2371
2028-10-28,21.1489,8.2399,81.5369,6.0436,247.1147,3.8346,38.8734,0.0378,7.3829,0.0195
2028-10-29,19.8558,0.1012,53.1312,3.2799,251.3928,5.3228,66.7003,0.6629,10.1105,0.4023
2028-10-30,20.6008,8.3991,72.2242,5.2598,235.2992,3.1679,46.9183,0.1425,6.1295,0.0672
2028-10-31,19.2367,9.9481,91.2371,5.5848,215.4343,1.2693,23.2946,0.0006,2.5018,0.0002
2028-11-01,19.5430,7.9022,87.9558,6.5394,201.2023,0.3296,23.8340,0.0007,0.6566,0.0002
2028-11-02,19.5317,2.4268,78.1541,6.6901,204.4220,0.5976,41.9019,0.0690,1.1865,0.0188
2028-11-03,15.9427,0.1965,58.3388,7.9705,206.9957,1.5389,66.8175,0.8431,3.0216,0.2977
2028-11-04,10.4409,0.0028,43.4011,4.8905,208.5791,2.4049,78.3233,1.2391,4.6751,0.5179
2028-11-05,13.2388,0.0000,34.2697,4.5407,210.6660,3.6545,85.3486,2.7797,7.0052,2.1803
2028-11-06,10.5419,0.0461,54.3364,7.1746,212.2676,4.3593,85.3964,3.1953,8.2928,2.9629
2028-11-07,10.3672,0.0009,46.1261,6.6516,213.8377,5.1783,86.0907,3.4293,9.7655,3.5777
2028-11-08,11.3232,0.0004,43.3962,4.1458,215.5799,6.1106,86.7419,3.3138,11.4126,3.7931
2028-11-09,13.7944,0.0000,35.9850,3.2973,217.7669,7.3748,88.1630,3.8893,13.5982,5.0088
2028-11-10,15.5760,0.0000,29.8410,3.1141,220.2745,8.9259,89.7339,4.8280,16.2097,6.8296
2028-11-11,15.3403,0.0030,44.1399,3.1126,222.7398,10.1435,89.4132,4.6106,18.2133,6.9907
2028-11-12,14.0737,0.0346,50.9224,2.9555,224.9771,11.1308,88.4442,3.9803,19.8111,6.4034
2028-11-13,14.3381,0.2698,63.2159,3.8211,227.2619,11.8837,86.6687,3.2263,21.0195,5.4217
2028-11-14,14.4836,0.0190,48.5244,3.8379,229.5730,12.9472,86.7370,3.2605,22.6946,5.7482
2028-11-15,15.5903,0.0124,48.4944,3.9042,232.0832,14.0869,86.8809,3.3389,24.4618,6.1626
2028-11-16,19.3155,1.9441,62.9414,8.0772,235.2640,13.2521,75.1650,1.1614,23.2326,1.5820
2028-11-17,11.5128,0.0139,42.5754,4.6833,237.0403,14.2124,82.4614,1.9101,24.7194,3.4586
2028-11-18,10.1857,0.0058,40.5010,4.6802,238.5777,15.1026,85.4855,2.8530,26.0782,5.5116
2028-11-19,11.9735,0.0212,56.1136,4.0511,240.4370,15.8633,85.5333,2.7824,27.2345,5.5313
2028-11-20,14.1189,0.1592,65.3289,3.1152,242.6824,16.5629,85.4351,2.6182,28.2975,5.3411
2028-11-21,13.5126,18.0274,92.2093,5.1091,198.1997,7.2320,23.2944,0.0006,13.2548,0.0004
2028-11-22,14.7600,7.4593,82.7352,4.8353,184.9683,3.7916,24.4282,0.0008,7.2136,0.0004
2028-11-23,12.2420,2.6185,67.6283,5.5392,186.8759,2.7612,40.1200,0.0470,5.3257,0.0208
2028-11-24,11.1598,0.3153,60.1164,6.6463,188.5887,3.4095,61.3343,0.6193,6.5241,0.3006
2028-11-25,10.4111,0.0052,57.6594,4.3242,190.1667,4.0557,72.9455,0.8637,7.7008,0.4547
2028-11-26,14.0581,6.7855,62.6953,8.2954,178.8214,2.3689,51.2855,0.2899,4.5859,0.1202
2028-11-27,11.9425,0.5386,39.8423,7.8937,180.6750,3.4091,73.0169,1.0369,6.5111,0.5029
2028-11-28,11.6510,0.0116,45.4985,4.1384,182.4762,4.3305,81.0542,1.5713,8.1759,0.8526
2028-11-29,13.9111,0.1884,60.2391,4.6401,184.6842,5.1218,83.1551,2.0811,9.5794,1.7636
2028-11-30,14.3451,14.2791,86.4774,8.5871,155.2124,2.2321,32.5450,0.0104,4.3093,0.0042
2028-12-01,14.0981,12.0504,70.1847,6.3896,132.8868,0.9766,32.8502,0.0100,1.9180,0.0031
2028-12-02,11.7933,5.5864,66.7822,4.2289,125.5798,0.4867,35.5293,0.0170,0.9641,0.0044
2028-12-03,10.6795,0.9276,47.1673,5.5456,127.2061,1.1939,58.6652,0.4955,2.3331,0.1606
2028-12-04,9.3704,0.0031,46.1530,3.2697,128.5967,1.8346,72.7199,0.8115,3.5429,0.3037
2028-12-05,10.1248,2.0460,57.5205,3.2819,130.1232,1.4593,64.4392,0.6081,2.8391,0.2102
2028-12-06,10.1475,8.7195,77.4461,5.9788,115.7132,0.3600,35.0329,0.0165,0.7144,0.0041
2028-12-07,8.1449,21.0030,75.1123,5.3743,76.5028,0.2615,22.4953,0.0004,0.5185,0.0001
2028-12-08,8.0790,2.1702,55.4905,6.9245,77.6610,0.4643,42.3725,0.0758,0.9149,0.0196
2028-12-09,8.0262,2.7224,71.1425,4.6679,78.8097,0.2993,42.8980,0.0740,0.5929,0.0178
2028-12-10,7.3815,5.8840,86.4766,3.9019,71.2722,0.1303,24.8976,0.0009,0.2595,0.0002
2028-12-11,6.8658,2.3769,84.7253,7.9537,72.2120,0.1383,29.9966,0.0051,0.2752,0.0011
2028-12-12,6.0859,0.6448,78.7392,8.0465,73.0115,0.3119,44.3444,0.1113,0.6172,0.0270
2028-12-13,4.2597,0.0243,80.6310,4.3614,73.4823,0.4299,53.5286,0.3021,0.8473,0.0770
2028-12-14,5.8331,0.8356,55.8052,5.0507,74.2362,0.7781,64.3166,0.6613,1.5164,0.1902
2028-12-15,11.2341,23.3753,83.3803,10.0361,35.1469,0.2330,27.7631,0.0030,0.4583,0.0007
2028-12-16,10.2866,2.2810,53.8789,5.6035,36.7025,0.5968,46.2739,0.1321,1.1470,0.0357
2028-12-17,9.1479,5.8148,66.6627,3.7746,30.4526,0.3882,36.7605,0.0218,0.7525,0.0054
2028-12-18,7.0016,3.8369,81.1227,6.1318,27.3703,0.1738,31.9976,0.0080,0.3422,0.0018
2028-12-19,3.2942,0.0145,52.0635,5.7148,27.6672,0.4132,51.9925,0.2755,0.7966,0.0694
2028-12-20,2.7883,0.0106,48.7162,6.2707,27.8731,0.6398,66.4367,0.7636,1.2101,0.2085
2028-12-21,5.5182,1.2380,50.4135,5.3950,28.5704,1.0127,68.7043,0.7879,1.8605,0.2391
2028-12-22,10.2103,10.0419,82.7483,6.6186,15.4477,0.2217,31.9294,0.0080,0.4281,0.0019
2028-12-23,9.4775,0.7126,50.2242,4.4626,16.8576,0.8201,54.9676,0.3484,1.4623,0.0993
2028-12-24,10.5241,1.5124,74.1377,7.0275,18.4560,0.8672,58.2213,0.5173,1.5521,0.1497
2028-12-25,12.4092,0.4895,59.2737,3.4113,20.3936,1.4925,71.3322,0.7764,2.5233,0.2580
2028-12-26,11.6601,4.9371,88.8552,3.8990,16.3813,0.3399,36.5862,0.0211,0.6462,0.0051
2028-12-27,12.9547,1.2838,79.9386,3.6710,18.4171,0.6603,45.7812,0.1115,1.2119,0.0304
2028-12-28,13.4881,1.3096,76.6594,4.8370,20.5490,1.0472,54.0787,0.3266,1.8578,0.0991
2028-12-29,14.6835,0.8615,70.2818,6.2011,22.8960,1.5803,65.7699,0.7426,2.6954,0.2522
2028-12-30,12.8110,11.8496,86.3978,4.3015,7.4393,0.3259,26.9653,0.0018,0.5875,0.0004
2028-12-31,11.0979,0.0032,69.5250,5.8127,9.1409,0.7484,48.4582,0.1809,1.2424,0.0497
2029-01-01,7.5889,0.0047,49.3926,4.7867,10.2109,1.2897,65.9760,0.6969,1.9604,0.2146
2029-01-02,7.2891,0.0000,36.9295,4.1514,11.2269,1.9411,77.5682,1.1210,2.7106,0.3814
2029-01-03,11.0759,0.0073,49.8659,6.1458,12.9246,2.6926,82.5631,2.0825,3.5410,0.7791
2029-01-04,9.0171,0.0004,40.7920,4.2510,14.2517,3.4300,85.2813,2.7140,4.2830,1.3955
2029-01-05,10.3033,0.0000,42.7946,4.0514,15.8103,4.2331,86.3626,3.1256,5.0715,2.0767
2029-01-06,7.4806,0.0008,64.8380,3.8348,16.8608,4.6046,85.2401,2.6425,5.4727,1.6481
2029-01-07,6.4755,0.0065,69.4622,4.7716,17.7304,4.8894,84.1880,2.4000,5.7883,1.4195
2029-01-08,6.1606,0.0165,51.3611,7.5699,18.5433,5.3241,84.6178,2.9287,6.1988,2.1601
2029-01-09,6.1208,0.0019,49.7120,4.9973,19.3490,5.7712,84.9488,2.6917,6.6120,1.9851
2029-01-10,5.7966,0.0254,68.8842,4.6919,20.0964,6.0353,84.0858,2.3579,6.8944,1.6281
2029-01-11,6.1239,0.0096,66.2677,2.7661,20.9027,6.3353,84.0223,2.1218,7.2086,1.3549
2029-01-12,7.8472,6.0974,78.3569,4.6216,14.2330,3.3008,41.4374,0.0572,4.1788,0.0228
2029-01-13,10.7042,3.3607,84.2154,4.3486,12.7764,1.7799,34.5301,0.0136,2.6403,0.0046
2029-01-14,10.4073,0.3302,62.3520,3.3961,14.3537,2.3133,54.2761,0.3096,3.2978,0.1128
2029-01-15,10.0079,0.0079,58.1680,4.2308,15.8591,2.8853,68.6189,0.7410,3.9665,0.2896
2029-01-16,11.2292,0.0213,45.1305,4.9930,17.5844,3.7182,79.1828,1.3476,4.8647,0.5729
2029-01-17,9.8045,0.0000,43.7652,3.6307,19.0532,4.4731,83.5253,2.0753,5.6374,0.9414
2029-01-18,12.4661,0.0000,44.3214,3.6503,21.0011,5.4030,85.7475,2.8094,6.5763,2.1154
2029-01-19,13.5489,0.0000,53.7248,4.0965,23.1439,6.2375,85.7954,2.8926,7.4532,2.4159
2029-01-20,14.4637,0.0003,49.9596,4.0054,25.4514,7.1963,86.2520,3.0701,8.4322,2.8468
2029-01-21,12.5717,0.0000,45.2847,3.5552,27.4183,8.1172,86.7276,3.2101,9.3295,3.2149
2029-01-22,12.9694,0.0001,49.6935,3.6297,29.4568,8.9886,86.7759,3.2443,10.1977,3.4468
2029-01-23,10.0629,0.0458,68.0333,3.9133,30.9721,9.4279,85.2106,2.6422,10.7074,2.7642
2029-01-24,9.9776,0.0039,48.8011,3.9612,32.4721,10.1261,85.6643,2.8208,11.3802,3.1338
2029-01-25,11.9999,0.0000,41.9163,3.7875,34.3360,11.0629,86.8151,3.2885,12.2547,3.9336
2029-01-26,11.8675,0.0002,49.7241,3.4442,36.1762,11.8655,86.8634,3.2543,13.0391,4.0445
2029-01-27,9.6860,0.5345,77.4501,2.6203,37.6237,12.1649,83.7237,2.0244,13.4543,2.2886
2029-01-28,11.4595,2.3384,76.0926,4.2683,39.3904,10.0125,62.2797,0.5779,12.2442,0.3901
2029-01-29,12.2771,5.8465,80.8632,5.8170,33.5968,5.7351,38.4084,0.0340,8.0394,0.0183
2029-01-30,11.9019,12.5698,87.3559,6.2928,16.2914,2.5139,20.4688,0.0002,3.6282,0.0001
2029-01-31,9.6601,17.8785,88.6671,5.6945,1.4428,0.7243,13.2747,0.0000,0.6202,0.0000
2029-02-01,7.1504,3.2809,71.9289,12.7267,0.9911,0.3290,31.7704,0.0105,0.3596,0.0024
2029-02-02,6.8848,0.0039,46.5849,8.2168,1.9343,0.9348,57.0063,0.5009,0.8480,0.1276
2029-02-03,9.9183,0.0000,31.2387,5.0319,3.4236,2.0111,75.5186,1.0168,1.8361,0.3074
2029-02-04,13.6068,0.0019,32.4820,3.6278,5.5769,3.4216,84.5216,2.3699,3.2269,0.8567
2029-02-05,13.6625,4.8202,65.6419,6.7008,2.3259,2.1130,55.7095,0.4167,1.7548,0.1244
2029-02-06,10.8194,9.3785,77.6325,6.8292,1.6515,0.8056,33.2786,0.0114,0.7146,0.0028
2029-02-07,11.5155,0.0056,46.7000,7.4027,3.4283,1.7608,61.3362,0.6435,1.6462,0.1890
2029-02-08,18.5346,0.0649,56.7571,7.4051,6.4685,2.9669,77.4393,1.3074,2.9038,0.4554
2029-02-09,17.8620,0.0008,57.1840,6.4980,9.3877,4.1201,82.9811,2.2349,4.0772,0.8831
2029-02-10,19.1459,2.0115,64.6179,7.0635,12.5379,3.9457,72.8507,0.9877,4.4166,0.4032
2029-02-11,14.4610,12.9508,86.1374,5.6348,2.3070,1.6713,29.8438,0.0044,1.4055,0.0012
2029-02-12,11.8544,2.9796,69.3274,6.9477,1.8378,1.0391,41.5616,0.0658,0.8814,0.0169
2029-02-13,12.5358,0.0000,43.2276,4.9370,3.7982,2.1388,66.5116,0.7159,1.9827,0.2211
2029-02-14,15.5464,0.0005,50.4827,6.3018,6.3006,3.3097,79.2228,1.4451,3.1846,0.5199
2029-02-15,16.0946,0.0039,54.5380,7.1471,8.9016,4.4201,83.6761,2.5272,4.3204,1.1436
2029-02-16,18.6420,0.0008,52.9272,6.7117,11.9612,5.7402,85.7797,3.2929,5.6558,2.4109
2029-02-17,14.9081,0.0013,58.3245,5.9075,14.3486,6.6879,85.8277,3.1834,6.6167,2.5460
2029-02-18,18.5959,1.5843,52.5912,7.3756,17.3999,7.4084,79.0030,1.4938,7.3792,0.7698
2029-02-19,13.7028,0.8783,46.7727,5.5530,19.5704,8.5276,80.9081,1.6598,8.4874,0.9181
2029-02-20,11.0795,0.0738,37.7897,6.3887,21.2687,9.6039,85.5024,3.1168,9.5468,3.1482
2029-02-21,13.6600,0.0582,43.8362,4.8283,23.4315,10.7815,86.7639,3.4404,10.7152,3.8038
2029-02-22,15.2819,0.9425,58.4731,7.6418,25.8863,11.7478,81.9546,2.0836,11.6877,2.1175
2029-02-23,17.3379,2.6236,57.1845,7.1880,28.7111,9.9452,69.9733,0.8979,10.6595,0.5608
2029-02-24,16.8590,0.0053,44.9847,4.9706,31.4497,11.3487,81.7052,1.7675,11.9326,1.6292
2029-02-25,17.5526,0.0054,60.9459,6.5721,34.3132,12.3834,83.9360,2.5409,13.0199,3.0272
2029-02-26,22.3356,0.0348,46.6143,6.3495,38.0376,14.1607,87.3272,4.0247,14.6689,5.4207
2029-02-27,22.6896,0.0004,47.9123,5.7681,41.8257,15.9209,88.0033,4.3053,16.3155,6.1569
2029-02-28,21.5133,0.0006,55.2389,3.4015,45.4021,17.3587,88.0520,3.8481,17.7507,5.8083
2029-03-01,22.5002,0.0352,49.2659,6.3972,49.1561,19.3997,88.1007,4.5064,19.5302,7.1244
2029-03-02,24.4349,0.3185,43.7711,5.5100,53.2584,21.8471,89.0051,4.9066,21.8344,8.1906
2029-03-03,20.8927,0.0084,54.2221,10.9435,56.7231,23.5633,88.5058,6.0056,23.5439,10.1494
2029-03-04,20.4854,0.3977,58.4054,5.3292,60.1145,25.0938,87.8241,4.1044,25.0716,7.5682
2029-03-05,18.3549,3.0867,60.0597,5.2388,60.1775,20.4671,67.7998,0.7593,22.1232,0.7339
2029-03-06,14.0461,5.3106,61.3662,8.5913,55.2939,13.5127,53.6916,0.3800,16.7761,0.3089
2029-03-07,15.5193,0.8795,48.1211,6.3549,57.7913,14.9824,71.9021,0.9189,18.1812,0.7848
2029-03-08,13.9469,0.2399,44.3188,4.5267,60.0058,16.4106,81.5107,1.6892,19.4934,2.4354
2029-03-09,12.5559,0.3684,51.9458,4.5468,61.9698,17.5292,84.0993,2.3449,20.5360,3.8164
2029-03-10,12.4539,1.1425,56.9319,6.4530,63.9155,18.5242,78.6671,1.3823,21.4829,1.9758
2029-03-11,13.5531,0.0002,24.7197,5.0661,66.0591,20.4046,87.1693,3.6886,23.0273,6.5237
2029-03-12,15.1589,0.0024,37.2414,5.8453,68.4917,22.1439,88.3822,4.5634,24.4918,8.2030
2029-03-13,18.3457,0.0000,40.6291,8.0637,71.4979,24.1119,88.6993,5.3407,26.1645,9.7467
2029-03-14,18.9985,0.0024,51.4730,6.9210,74.6216,25.7744,88.5766,4.9539,27.6623,9.4359
2029-03-15,15.7147,3.6682,76.6011,6.5202,72.9666,19.1209,58.0112,0.4965,23.1051,0.4935
2029-03-16,16.5400,0.0104,33.6330,8.5492,75.6478,21.1165,80.2371,1.7937,24.8743,3.2248
2029-03-17,16.5492,0.0068,35.4076,4.4879,78.3307,23.0598,86.6397,3.3229,26.5669,6.4568
2029-03-18,10.5569,0.8786,64.9891,7.5740,79.9349,23.7554,80.7565,1.8069,27.2587,3.4943
2029-03-19,12.1915,0.1837,47.5044,8.0677,81.8334,24.9448,84.4800,2.9475,28.3132,5.9983
2029-03-20,9.6275,0.0059,49.5325,7.6600,83.2703,25.8677,85.2889,3.2260,29.1201,6.6491
2029-03-21,8.8522,0.0096,58.4499,10.5336,84.5677,26.5725,85.3367,3.7534,29.7641,7.7349
2029-03-22,9.3159,0.7181,75.8171,13.0401,85.9486,27.0019,80.6535,2.3529,30.2473,5.0173
2029-03-23,13.6530,7.4754,79.0005,8.5229,76.2456,15.2135,43.6307,0.1016,20.3005,0.0929
2029-03-24,15.4093,7.1998,74.8388,5.9396,67.6687,8.8785,37.1376,0.0263,13.3711,0.0187
2029-03-25,12.9893,3.7459,72.0986,8.2077,65.4460,6.1529,42.7894,0.0868,9.9640,0.0523
2029-03-26,13.8551,1.0348,51.9227,6.4709,67.6439,7.3785,63.8717,0.6968,11.5951,0.4561
2029-03-27,11.6138,0.4210,51.7513,7.7999,69.4384,8.4242,76.6791,1.2605,12.9275,0.8777
2029-03-28,12.6633,0.0016,47.6445,5.5355,71.4218,9.6525,82.7750,2.0740,14.4297,2.5106
2029-03-29,13.7756,0.0031,45.0515,4.5012,73.6054,11.0458,85.6174,2.8798,16.0647,4.0495
2029-03-30,17.3268,0.0000,37.2143,4.3007,76.4283,13.0180,88.1920,4.1080,18.2603,6.2878
2029-03-31,17.9151,0.0098,42.1102,4.4533,79.3570,14.8943,88.3857,4.2564,20.2752,6.9090
2029-04-01,15.5397,1.4472,57.6375,4.4684,83.1081,16.6032,77.8580,1.1661,22.1458,1.4959
2029-04-02,16.7296,0.8900,56.9699,4.1822,87.0735,18.4632,79.3724,1.3177,24.1333,2.0633
2029-04-03,19.4659,0.0588,43.4401,3.6914,91.5313,21.2832,85.7187,2.8040,26.9184,5.5313
2029-04-04,20.2199,0.0000,46.6586,3.4818,96.1249,24.0402,87.3450,3.4920,29.5837,7.2216
2029-04-05,20.0453,0.0001,47.5598,4.0977,100.6870,26.7284,87.6999,3.7895,32.1323,8.1660
2029-04-06,21.1092,0.0000,41.1959,4.1686,105.4407,29.8946,88.7851,4.4433,34.9890,9.8414
2029-04-07,21.3596,0.0005,38.8239,4.1079,110.2394,33.2256,89.4313,4.8603,37.8966,11.0938
2029-04-08,20.4662,2.0044,48.8416,4.0852,114.8773,32.4718,77.8151,1.1398,38.0530,2.6066
2029-04-09,15.0356,6.8997,47.3483,13.6873,107.0136,20.2214,61.2453,0.8787,27.4673,0.9782
2029-04-10,13.2965,0.0398,30.4268,10.8960,110.3610,22.6497,80.8424,2.1567,29.9385,4.5531
2029-04-11,13.5114,0.0387,32.1280,5.8313,113.7470,25.0539,86.7746,3.6243,32.3140,7.8772
2029-04-12,11.1590,0.3387,47.5987,5.3867,116.7097,26.6112,86.8228,3.5683,33.8990,7.9971
2029-04-13,11.6482,0.6470,60.2760,4.9377,119.7603,27.8389,83.8369,2.3095,35.2138,5.4613
2029-04-14,16.9211,0.0092,37.4013,6.4824,123.7601,30.5738,87.6709,4.2556,37.8014,9.9251
2029-04-15,17.8123,1.6819,52.6678,5.1582,127.9203,31.0592,77.8423,1.2058,38.6548,2.8477
2029-04-16,16.9329,7.8899,74.0941,5.5317,117.8654,17.6052,45.6683,0.1204,25.6371,0.1280
2029-04-17,15.6388,1.7195,72.5206,6.1155,121.6344,17.3823,55.4636,0.3959,25.6137,0.4209
2029-04-18,14.6358,2.4417,57.6660,8.2982,125.2228,15.6773,61.6192,0.6838,23.8803,0.6943
2029-04-19,13.7621,5.0187,70.1486,9.2293,120.9340,10.6062,49.3741,0.2417,17.3978,0.2009
2029-04-20,14.0267,0.0097,61.7743,9.9757,124.4128,12.0080,69.3143,1.0118,19.3476,0.8983
2029-04-21,14.0015,0.0077,54.1346,7.9516,127.8870,13.6872,79.5127,1.6156,21.5960,2.5053
2029-04-22,17.1006,0.0003,39.1337,5.0086,131.9191,16.3728,86.0198,3.1255,24.9913,5.8625
2029-04-23,20.1734,0.0060,45.0364,4.4902,136.5043,19.2075,87.6736,3.8507,28.4182,7.6979
2029-04-24,19.2521,3.4241,71.6369,4.9283,136.5942,15.1800,62.3741,0.6004,23.7590,0.6077
2029-04-25,17.4187,19.0838,74.3014,5.4495,102.2378,7.6001,36.2990,0.0214,12.8180,0.0148
2029-04-26,18.1501,2.4899,47.6065,10.1807,106.4588,7.8857,62.5610,0.7897,13.3072,0.5592
2029-04-27,21.3967,0.0000,35.1024,4.6282,111.2642,11.4252,82.8767,2.0070,18.1826,2.8936
2029-04-28,22.8916,0.0436,39.0786,4.9196,116.3387,14.9686,88.2650,4.2828,22.6512,7.4105
2029-04-29,23.7130,0.0463,38.6099,3.8688,121.5611,18.6615,89.6751,4.9730,26.9716,9.3329
2029-04-30,24.6037,0.5377,36.6680,4.6570,126.9437,22.6079,90.2188,5.5937,31.2862,11.1793
2029-05-01,22.5195,0.0596,57.2121,6.6156,133.4012,25.2686,88.5805,4.8810,34.2963,10.5218
2029-05-02,20.8466,3.3923,66.2554,5.4190,135.3330,20.5611,66.2675,0.7271,29.8025,0.8547
2029-05-03,23.8388,0.0000,35.1519,5.1013,142.0280,24.8187,85.2167,2.8076,34.5457,6.5063
2029-05-04,23.4838,0.0073,33.8751,5.9593,148.6591,29.0984,89.8256,5.6460,39.0753,12.7301
2029-05-05,22.8312,0.0002,32.3047,5.7870,155.1727,33.3634,90.8935,6.5207,43.3989,15.0760
2029-05-06,22.9448,0.5899,45.5131,5.6909,161.7067,36.8125,88.6442,4.7015,46.9211,12.1880
2029-05-07,21.0372,16.3130,62.8075,4.3266,133.2555,17.2572,50.1825,0.2086,26.0729,0.2244
2029-05-08,14.1933,47.8209,87.9995,6.9607,44.5548,6.8923,19.1084,0.0001,9.9404,0.0001
2029-05-09,20.6429,0.1772,36.0738,6.4051,50.6746,10.5516,64.8018,0.7225,13.8786,0.5243
2029-05-10,21.9504,0.0058,40.3524,6.7347,57.0296,14.1712,83.3242,2.3639,17.4822,3.4316
2029-05-11,23.7242,0.0015,39.6467,5.8121,63.7040,18.1155,88.5116,4.6411,21.1763,7.6626
2029-05-12,22.5153,2.8020,69.7433,8.8428,67.7312,15.8351,70.6473,0.9975,19.9877,0.9039
2029-05-13,26.1790,0.1644,49.1779,7.1457,74.8475,19.4850,84.8521,2.9599,23.6064,5.3596
2029-05-14,25.1472,0.1243,50.4580,6.2337,81.7780,22.9083,87.4598,4.0777,26.9459,7.8499
2029-05-15,23.5335,0.0057,39.8547,7.4082,88.4180,26.8089,89.3560,5.6780,30.4990,11.1589
2029-05-16,20.8835,0.2308,40.8359,6.0621,94.5810,30.2330,89.4052,5.3432,33.6085,11.2048
2029-05-17,20.9332,0.5490,44.5952,7.4058,100.7530,33.4468,88.4229,4.9656,36.5555,11.0626
2029-05-18,23.4937,0.0073,41.4243,4.6418,107.3859,37.2394,89.2725,4.8804,39.8932,11.4586
2029-05-19,25.7252,0.0000,37.1697,3.3592,114.4204,41.6766,90.4062,5.3820,43.6266,13.0262
2029-05-20,26.8161,0.0000,31.8590,5.7790,121.6513,46.6845,91.6875,7.2971,47.6520,17.2503
2029-05-21,24.8023,0.1745,40.0404,5.5288,128.5197,50.7732,91.5624,7.0790,51.0886,17.4988
2029-05-22,23.1854,1.6374,40.8991,7.3947,135.0971,52.2384,84.2198,2.7509,53.1234,8.3901
2029-05-23,20.8510,9.2314,56.6904,6.7839,123.9939,30.1134,58.5867,0.5245,37.4742,0.7207
2029-05-24,23.0122,2.1055,49.0287,5.0392,130.5401,29.7571,71.8329,0.8578,37.9099,1.6626
2029-05-25,25.6694,0.9218,43.8791,4.6916,137.5646,33.7122,83.5186,2.1873,41.8094,5.8178
2029-05-26,27.2012,0.0110,39.3691,4.9627,144.8648,38.2297,89.2856,4.9692,46.0668,12.6064
2029-05-27,24.6588,0.0559,45.8164,10.7479,151.7074,41.9041,89.3347,6.6981,49.5747,16.5237
2029-05-28,22.2228,1.2979,70.5605,13.2947,158.1115,43.7117,80.2597,2.2838,51.6945,6.9799
2029-05-29,23.8451,0.5876,68.7358,4.9214,164.8076,45.7649,82.5615,1.9575,54.0248,6.2259
2029-05-30,26.0765,0.9558,54.8805,5.7871,171.9054,48.9930,83.9759,2.4554,57.2181,7.9572
2029-05-31,28.0485,0.0000,32.0808,6.5182,179.3581,54.2050,90.9440,6.8143,61.7530,18.8175
2029-06-01,28.4052,0.0000,27.9924,5.7278,187.8750,59.7984,92.7184,8.4182,66.6010,22.7971
2029-06-02,29.9886,0.0000,29.2922,4.2797,196.6770,65.5855,92.9504,8.0847,71.5347,22.9905
2029-06-03,30.3368,0.0448,32.4504,4.4962,205.5416,71.1761,93.0007,8.2312,76.2990,24.0747
2029-06-04,29.0273,0.0178,32.6386,5.3578,214.1705,76.5188,93.0510,8.6572,80.8355,25.6784
2029-06-05,27.5462,0.0524,34.3105,5.3338,222.5329,81.4728,93.0571,8.6541,85.0762,26.3605
2029-06-06,27.4798,0.1153,37.0467,4.6823,230.8832,86.2095,92.6642,7.9256,89.1757,25.4084
2029-06-07,25.9654,0.4721,46.5911,5.4399,238.9610,90.0151,91.0047,6.5100,92.7162,22.5773
2029-06-08,25.3908,0.4658,45.6208,5.4297,246.9353,93.8076,90.7064,6.2356,96.2268,22.3172
2029-06-09,28.5853,0.1013,39.0647,5.3015,255.4847,98.5697,90.7951,6.2744,100.3491,22.8903
2029-06-10,28.4630,0.0379,39.8461,7.4450,264.0120,103.2515,90.8447,7.0397,104.4149,25.2942
2029-06-11,28.5666,0.0000,29.3247,4.7095,272.5580,108.7714,92.4719,7.7247,108.8971,27.4966
2029-06-12,29.7979,0.0000,25.5861,4.1167,281.3256,114.8244,93.5760,8.7508,114.7992,30.6257
2029-06-13,32.4300,0.0000,24.5755,4.0545,290.5670,121.4824,94.3151,9.6649,121.4236,33.4842
2029-06-14,33.2899,0.0000,25.8478,5.2381,299.9632,128.1959,94.3659,10.3310,128.1024,35.7031
2029-06-15,32.8054,0.0000,28.4128,5.6333,309.2722,134.5859,94.4167,10.6129,134.4600,36.9552
2029-06-16,32.0341,0.0000,23.0876,5.5398,318.4423,141.2950,94.6328,10.8822,141.1309,38.1510
2029-06-17,31.8571,0.0000,17.2670,4.7571,327.5806,148.4734,95.8139,12.2932,148.2633,41.8768
2029-06-18,34.7143,0.0000,18.7745,3.5694,337.2332,156.1318,96.0347,11.9306,155.8702,41.6197
2029-06-19,36.9452,0.0000,15.8068,3.6155,347.2873,164.5646,97.0008,13.6174,164.2406,45.8399
2029-06-20,42.2655,0.0000,12.4304,4.0069,358.2991,174.5622,98.5147,16.9710,174.1551,53.2488
2029-06-21,42.3518,0.0057,18.9649,4.8664,369.3264,183.8321,98.5669,17.8438,183.3489,55.4094
2029-06-22,31.6791,0.0975,31.3886,11.5719,378.4327,189.7530,95.0137,15.5394,189.2318,51.0918
2029-06-23,30.7108,0.0000,29.9393,10.6922,387.3646,195.6204,94.5560,13.9599,195.0600,47.9698
2029-06-24,32.6229,0.0000,22.0576,7.7265,396.6407,202.5402,94.9469,12.6854,201.9245,45.3467
2029-06-25,33.9289,0.0378,20.0732,5.3730,406.1519,209.9110,95.5833,12.2896,209.2321,44.6181
2029-06-26,36.0266,0.0002,20.1868,4.6343,416.0407,217.7120,95.9329,12.4161,216.9629,45.0692
2029-06-27,35.5423,0.0459,26.9659,4.1294,425.8423,224.7574,95.8962,12.0441,223.9488,44.3254
2029-06-28,36.4474,0.0000,17.0976,5.3680,435.8069,232.9523,96.6570,14.2050,232.0624,49.3312
2029-06-29,38.8517,0.0000,16.4195,4.4686,446.2042,241.7432,97.2056,14.6095,240.7612,50.3241
2029-06-30,39.3616,0.0000,22.1074,5.4070,456.6933,250.0405,97.2574,15.4230,248.9734,52.1498
2029-07-01,31.4611,0.0000,35.2144,6.0440,466.0603,254.9947,94.2747,10.6246,253.8987,41.2280
2029-07-02,30.8182,0.0000,35.8596,5.8336,475.3115,259.8028,93.5220,9.4702,258.6795,38.3015
2029-07-03,29.9725,0.0000,38.9322,5.7352,484.4106,264.2593,92.7920,8.5088,263.1143,35.7356
2029-07-04,29.5384,0.0000,37.8234,5.5478,493.4315,268.7332,92.7526,8.3823,267.5654,35.4080
2029-07-05,29.3621,0.0340,38.0926,5.5143,502.4207,273.1622,92.6808,8.2842,271.9720,35.1549
2029-07-06,29.3222,1.1964,43.0131,5.5618,511.4027,277.2339,87.8167,4.1484,276.0283,21.9025
2029-07-07,31.0127,0.0571,42.2101,4.3646,520.6890,281.5923,90.2293,5.5202,280.3676,26.7690
2029-07-08,32.9395,0.0000,30.9203,4.7601,530.3221,287.1148,92.8577,8.1758,285.8491,34.9028
2029-07-09,33.8538,0.0000,25.0384,4.2736,540.1198,293.2685,94.3904,9.8742,291.9491,39.5088
2029-07-10,34.7287,0.0000,19.9397,3.8977,550.0750,300.0052,95.6856,11.5689,298.6198,43.7666
2029-07-11,36.5377,0.0000,22.4975,5.0053,560.3557,306.8560,95.7368,12.3184,305.4035,45.5695
2029-07-12,35.0721,0.0000,29.3029,5.4794,570.3727,312.8619,95.4170,12.0791,311.3577,45.0194
2029-07-13,34.4012,0.0000,28.4067,5.8973,580.2689,318.8311,95.4026,12.3119,317.2743,45.5809
2029-07-14,35.3888,0.0000,27.4145,4.7108,590.3429,325.0514,95.4537,11.6785,323.4370,44.0857
2029-07-15,39.4737,0.0000,21.2624,3.8799,601.1522,332.5543,96.2594,12.4924,330.8577,46.0265
2029-07-16,39.7562,0.0000,19.7618,4.4051,612.0123,340.2534,96.6499,13.5195,338.4689,48.3919
2029-07-17,39.3523,0.0000,20.4485,4.4662,622.7997,347.8112,96.7015,13.6553,345.9397,48.7059
2029-07-18,38.4023,0.0086,25.0137,6.7707,633.4161,354.7679,96.7531,15.4433,352.8210,52.6087
2029-07-19,33.3302,0.0000,28.4753,7.9519,643.1195,360.5515,95.4915,13.8215,358.5490,49.0892
2029-07-20,33.8071,0.0000,21.7422,7.8466,652.9088,366.9672,95.5427,13.8444,364.8933,49.1450
2029-07-21,36.7027,0.0000,15.9800,6.7211,663.2193,374.4266,96.9157,15.7440,372.2585,53.2586
2029-07-22,40.5604,0.0000,15.9136,3.6703,674.2242,382.6538,97.5804,14.7509,380.3763,51.1456
2029-07-23,42.9937,0.0000,15.3354,3.7011,685.6671,391.4214,98.0930,15.8100,389.0222,53.4059
2029-07-24,43.0415,0.0000,15.3641,3.1466,697.1185,400.1955,98.1450,15.4802,397.6721,52.7142
2029-07-25,42.9751,0.0000,14.9681,4.6431,708.5581,408.9974,98.1971,16.8075,406.3463,55.4739
2029-07-26,39.3042,0.0000,20.1005,6.4498,719.3368,416.5792,97.9530,17.8264,413.8255,57.5242
2029-07-27,35.2666,0.0000,23.8278,8.0118,729.3888,423.0850,96.7569,16.4483,420.2503,54.7418
2029-07-28,33.3269,0.0000,24.1943,6.2522,739.0916,429.2142,96.2234,14.0103,426.3045,49.5371
2029-07-29,33.9225,0.0000,21.6246,4.7710,748.9017,435.6608,96.2748,13.0932,432.6673,47.4726
2029-07-30,34.7719,0.0000,23.8552,4.9215,758.8646,442.0757,96.3263,13.2847,439.0001,47.9100
2029-07-31,32.9327,0.0000,25.7815,7.3919,768.4965,448.0079,95.8098,14.0309,444.8598,49.5852
2029-08-01,31.7545,0.0000,28.6588,6.6997,777.2163,452.8467,95.0911,12.2859,449.6483,45.6007
2029-08-02,33.0018,0.0000,25.7310,5.4435,786.1607,458.0754,95.1421,11.6131,454.8169,43.9962
2029-08-03,33.3004,0.0000,21.5332,5.2374,795.1587,463.6480,95.2032,11.5895,460.3193,43.9396
2029-08-04,34.4328,0.0000,20.1953,4.6779,804.3606,469.5021,95.6547,11.9824,466.0962,44.8831
2029-08-05,35.8613,0.0000,20.7225,4.0880,813.8197,475.5514,95.8022,11.8668,472.0643,44.6074
2029-08-06,35.9883,0.0000,22.7211,4.2019,823.3016,481.4685,95.8535,12.0184,477.9038,44.9693
2029-08-07,35.7756,0.0000,28.6286,4.8002,832.7452,486.9018,95.6481,12.0456,483.2735,45.0345
2029-08-08,35.3149,0.0000,31.8116,5.6042,842.1059,492.0280,95.0252,11.5217,488.3444,43.7767
2029-08-09,33.5911,0.0000,29.1273,5.2374,851.1563,497.1038,95.0762,11.3900,493.3625,43.4566
2029-08-10,31.9997,0.0000,30.4881,4.8925,859.9202,501.8538,94.6878,10.6130,498.0614,41.5323
2029-08-11,31.1356,0.0000,30.0720,4.9684,868.5286,506.5074,94.5477,10.4502,502.6651,41.1212
2029-08-12,30.9673,0.0000,28.5860,4.5543,877.1067,511.2352,94.5985,10.3063,507.3398,40.7555
2029-08-13,31.9639,0.0000,25.0426,4.0559,885.8642,516.3517,94.6494,10.1213,512.3925,40.2817
2029-08-14,32.6837,0.0000,28.3832,4.8601,894.7513,521.3466,94.7003,10.6139,517.3286,41.5349
2029-08-15,33.5325,0.0000,28.9079,4.7683,903.7911,526.4295,94.7512,10.6391,522.3513,41.5984
2029-08-16,34.4471,0.0000,29.8159,4.1830,912.9956,531.5800,94.8021,10.4024,527.4408,41.0003
2029-08-17,35.8002,0.0000,30.2519,3.4938,922.4436,536.8933,94.8531,10.1178,532.6903,40.2731
2029-08-18,35.2490,0.0000,31.5249,3.9398,931.7925,542.0318,94.9041,10.4204,537.7691,41.0461
2029-08-19,36.0424,0.0000,30.6319,4.3641,941.2841,547.3508,94.9550,10.7203,543.0239,41.8024
2029-08-20,36.0324,0.0000,29.9413,5.1505,950.7739,552.7214,95.0060,11.2318,548.3279,43.0708
2029-08-21,32.7397,0.0000,39.4459,5.1905,959.6711,556.9518,93.3391,8.9373,552.5228,37.1530
2029-08-22,34.9043,0.0000,34.3239,3.5560,968.9578,561.8334,93.3896,8.2889,557.3515,35.3608
2029-08-23,33.0473,0.0000,35.1225,6.4286,977.9104,566.4070,93.4401,9.6476,561.8783,39.0510
2029-08-24,32.3000,0.0000,32.0456,5.2611,986.7283,571.0927,93.4906,9.1606,566.5114,37.7567
2029-08-25,32.2194,0.0000,28.3313,6.0408,995.5318,576.0225,93.5574,9.6168,571.3798,38.9702
2029-08-26,32.3637,0.0001,30.9352,5.4839,1004.3613,580.7938,93.6079,9.4167,576.0951,38.4412
2029-08-27,30.9612,0.0025,46.2137,7.2532,1012.9383,584.3539,91.7754,7.9583,579.6380,34.4234
2029-08-28,29.2213,0.0000,35.5340,8.7927,1021.2022,588.3893,91.8253,8.6613,583.6357,36.3977
2029-08-29,26.9969,0.0000,20.7052,7.3072,1029.0656,592.9888,94.0380,10.9581,588.1726,42.3957
2029-08-30,27.0137,0.0000,22.8017,6.8041,1036.9321,597.4693,94.0887,10.7590,592.5944,41.8998
2029-08-31,27.5053,0.0000,27.1192,7.2848,1044.8870,601.7733,94.1394,11.1005,596.8466,42.7480
2029-09-01,29.7285,0.0000,28.3980,6.0245,1051.9422,605.7032,94.1901,10.4908,600.7265,41.2249
2029-09-02,30.1947,0.0000,30.0636,5.1614,1059.0812,609.5998,94.2409,10.1150,604.5751,40.2663
2029-09-03,31.5001,0.0000,29.8277,4.5828,1066.4552,613.6726,94.2916,9.8935,608.5964,39.6936
2029-09-04,29.8874,0.0000,34.7116,5.8834,1073.5390,617.2744,93.5846,9.5771,612.1598,38.8657
2029-09-05,30.0219,0.0106,34.1856,4.7724,1080.6469,620.9211,93.5295,8.9863,615.7665,37.2863
2029-09-06,29.9154,0.3851,36.1280,5.0661,1087.7357,624.4480,93.2147,8.7284,619.2574,36.5823
2029-09-07,24.7012,9.3532,61.2749,7.7742,935.7844,93.2680,62.7734,0.7069,149.3279,4.4345
2029-09-08,26.5217,0.0000,38.3211,6.5482,942.2623,96.3012,85.2972,3.0537,153.4063,16.1120
2029-09-09,28.1036,0.0000,30.6434,4.9289,949.0250,99.9072,91.3297,6.6449,158.1832,28.3572
2029-09-10,29.7461,0.0000,30.6252,3.1256,956.0833,103.7171,92.4755,7.1357,163.1795,29.9907
2029-09-11,30.0963,0.0000,34.0307,4.2759,963.2046,107.3811,92.5257,7.6152,167.9525,31.5377
2029-09-12,28.6831,0.0000,37.4104,5.5391,970.0716,110.6999,92.5759,8.1731,172.2569,33.2384
2029-09-13,29.5140,0.0000,31.8253,5.0806,977.0881,114.4157,92.6261,8.0431,177.0118,33.0597
2029-09-14,29.5969,0.0000,24.5234,6.8009,984.1196,118.5406,93.7898,10.3206,182.2112,39.1462
2029-09-15,28.1951,0.0000,33.8419,10.4837,990.8987,121.9911,93.3626,11.7076,186.5623,42.6238
2029-09-16,27.0227,0.0000,33.0164,8.4185,997.4668,125.3449,93.2488,10.3842,190.7608,39.5856
2029-09-17,27.3920,0.0000,32.6996,4.8421,1004.1013,128.7588,93.2992,8.7330,195.0031,35.4627
2029-09-18,29.5471,0.0000,34.9042,3.6843,1011.1238,132.3106,93.2959,8.2342,199.3924,34.2132
2029-09-19,28.5680,0.0000,35.4552,5.6930,1017.9700,135.7198,93.0828,8.8440,203.5833,35.9567
2029-09-20,27.5193,0.0000,39.9216,5.7996,1024.6275,138.7810,92.2452,7.9041,207.3504,33.4547
2029-09-21,27.1514,0.0009,37.1793,5.0864,1031.2188,141.9407,92.2953,7.6792,211.2042,32.8841
2029-09-22,27.5941,0.3396,39.0132,3.8926,1037.8897,145.0563,92.2149,7.1493,214.9934,31.4061
2029-09-23,29.0136,0.0245,37.1965,3.6710,1044.8162,148.4234,92.2650,7.1201,219.0521,31.3762
2029-09-24,29.6061,0.0003,37.1442,3.3095,1051.8493,151.8596,92.3151,7.0411,223.1695,31.1940
2029-09-25,28.7028,0.0006,39.8299,3.8594,1058.7198,155.0522,92.2488,7.1717,226.9945,31.6256
2029-09-26,27.1987,0.0079,45.8839,3.9040,1065.3195,157.7786,91.1881,6.1845,230.2899,28.6465
2029-09-27,26.8670,0.7748,51.4318,3.7592,1071.8596,160.1969,87.3405,3.5389,233.2440,19.3561
2029-09-28,25.9614,4.8971,59.9834,4.2166,1005.1368,85.2566,66.7877,0.6970,140.6814,4.2453
2029-09-29,23.4715,9.3357,64.9105,5.7768,878.3575,47.0691,53.8884,0.3362,83.0165,0.8181
2029-09-30,22.0871,1.1608,52.5420,7.0949,884.0371,49.0282,74.1458,1.0478,86.1165,4.6975
2029-10-01,21.0865,0.0030,31.4698,5.1535,888.5367,51.3320,86.9398,3.5858,89.7076,14.2701
2029-10-02,24.0404,0.0001,29.7501,4.3549,893.5680,54.0080,90.9144,6.0848,93.8370,21.6512
2029-10-03,24.7259,0.7437,40.6943,4.0560,898.7227,56.3287,88.7242,4.3797,97.3963,17.3720
2029-10-04,24.3028,9.1894,68.7300,3.9694,800.1254,31.0089,54.2341,0.3174,56.5398,0.5832
2029-10-05,26.0923,0.0802,44.2432,4.5206,805.5260,33.3062,80.7888,1.5548,60.3719,5.3821
2029-10-06,24.0359,0.0008,36.7247,5.7192,810.5565,35.7161,88.5225,4.6267,64.3441,14.3851
2029-10-07,22.9847,0.0014,37.8355,5.9634,815.3977,37.9847,89.7746,5.6060,68.0448,17.1641
2029-10-08,22.7561,0.0001,33.2983,6.3703,820.1978,40.3957,90.7159,6.5471,71.9343,19.8252
2029-10-09,22.8581,0.0000,30.9485,5.0302,825.0163,42.9024,91.2922,6.6433,75.9331,20.6212
2029-10-10,24.5096,0.0000,33.1293,4.9027,830.1320,45.4972,91.3420,6.6477,80.0290,21.2026
2029-10-11,25.4189,0.0010,37.4160,4.9153,835.4114,48.0119,91.3918,6.6992,83.9606,21.8746
2029-10-12,24.4322,0.0973,44.2368,4.6146,840.5132,50.1692,90.8787,6.1337,87.3098,20.9685
2029-10-13,22.9178,0.1116,45.0299,6.1101,845.3424,52.1696,90.4497,6.2207,90.3930,21.5726
2029-10-14,21.2072,0.0034,42.4936,4.2825,849.8637,54.1134,90.4614,5.6829,93.3647,20.5614
2029-10-15,22.6594,3.6174,60.6091,4.7192,827.0749,41.4404,68.5776,0.7585,73.6547,2.8416
2029-10-16,19.8670,26.2476,86.9684,8.1772,596.6274,15.7895,29.6464,0.0047,29.6193,0.0055
2029-10-17,23.2380,0.1288,51.9840,4.8244,601.5142,17.5602,66.6209,0.7145,32.7315,0.8949
2029-10-18,24.4339,0.0026,51.2472,4.1866,606.6163,19.4463,82.0345,1.7677,36.0070,4.2105
2029-10-19,26.4820,0.0002,54.1159,3.5964,612.0871,21.3639,86.3439,3.0467,39.2987,7.6069
2029-10-20,25.8181,0.0000,47.1117,4.5433,617.4383,23.5211,88.3345,4.2444,42.9516,10.6637
2029-10-21,26.2093,0.0000,42.9256,3.8485,622.8600,25.8828,89.4177,4.7878,46.8939,12.3621
2029-10-22,27.6182,0.0000,41.3873,3.4338,628.5353,28.4332,90.0650,5.1448,51.0887,13.7270
2029-10-23,27.2546,0.0000,47.4298,3.4355,634.1451,30.6918,90.1143,5.1817,54.7580,14.3464
2029-10-24,26.8421,0.0003,53.3860,4.3044,639.6807,32.6653,89.6308,5.0512,57.9346,14.5147
2029-10-25,24.8243,0.0032,59.0712,3.8158,644.8531,34.2730,88.5002,4.1901,60.5065,12.8565
2029-10-26,25.2845,0.1954,55.8865,6.0790,650.1083,36.0366,88.5491,4.7294,63.3010,14.4971
2029-10-27,19.6983,0.0359,44.7797,10.1974,654.3580,37.7768,88.5980,5.8611,66.0244,17.4534
2029-10-28,14.6257,0.0040,41.1739,13.0627,657.6946,39.1785,88.6469,6.8191,68.2003,19.8482
2029-10-29,12.6216,0.0022,32.8121,6.4386,660.6705,40.5754,89.1329,5.2368,70.3494,16.6120
2029-10-30,15.4641,0.0017,29.9558,3.8983,664.1580,42.3333,90.0238,5.2357,73.0294,16.9547
2029-10-31,19.6972,0.0032,47.2332,4.2443,668.4075,43.9961,89.5799,4.9993,75.5586,16.6888
2029-11-01,19.4350,0.0345,49.0527,4.2676,671.6098,45.3832,89.1926,4.7346,77.6488,16.2647
2029-11-02,15.5864,0.0814,56.9605,5.5828,674.1194,46.3353,87.7176,4.0943,79.0815,14.7130
2029-11-03,17.6437,0.0224,48.6475,4.8343,676.9993,47.6114,87.7662,3.9703,80.9844,14.5571
2029-11-04,17.3456,0.0138,46.0517,4.3272,679.8255,48.9308,87.8148,3.8971,82.9378,14.5489
2029-11-05,15.5701,0.0312,42.7347,4.7140,682.3321,50.1964,87.9198,4.0340,84.7973,15.1303
2029-11-06,15.5572,0.0030,37.1489,4.2820,684.8364,51.5844,88.6586,4.3884,86.8198,16.3437
2029-11-07,15.0276,0.0011,40.5803,3.5809,687.2454,52.8549,88.7075,4.2659,88.6626,16.1869
2029-11-08,17.2708,0.2161,58.3123,4.3302,690.0581,53.8703,87.5797,3.7688,90.1469,14.8688
2029-11-09,20.7038,7.0581,79.5916,6.4191,645.7547,31.8918,49.2131,0.2056,56.7738,0.3790
2029-11-10,22.7157,0.4540,53.1377,4.9037,649.5475,33.3714,74.7969,0.9699,59.1461,3.1639
2029-11-11,21.8801,1.7201,54.7933,6.1796,653.1899,32.7384,76.1883,1.1235,58.1859,3.7094
2029-11-12,12.8989,0.0124,35.5381,4.3396,655.2157,33.9347,84.2274,2.3608,60.0892,7.9299
2029-11-13,12.4984,0.0011,34.4944,4.1557,657.1695,35.1157,87.2981,3.5885,61.9551,11.5143
2029-11-14,17.5475,0.1401,56.7804,5.2666,660.0320,36.1842,87.3465,3.8214,63.6456,12.3035
2029-11-15,21.8965,0.7502,67.1815,7.1220,663.6774,37.1848,83.6160,2.5041,65.2325,8.7969
2029-11-16,20.3557,8.6590,79.7335,9.0324,610.0910,19.9219,47.7500,0.1935,36.8367,0.2627
2029-11-17,21.5088,10.8022,79.4934,8.3818,549.4752,10.2006,39.5875,0.0489,19.4964,0.0437
2029-11-18,16.7212,0.0214,47.1902,4.5361,552.1890,11.4484,67.3410,0.7218,21.7684,0.6905
2029-11-19,14.6034,0.0000,37.9481,4.1403,554.5216,12.7403,80.8494,1.5356,24.0965,2.5746
2029-11-20,15.4214,0.0003,50.3380,3.9620,557.0015,13.8281,84.4605,2.3903,26.0400,4.6013
2029-11-21,16.6618,0.0000,49.2729,3.4832,559.7046,15.0226,86.0982,2.9263,28.1559,5.9357
2029-11-22,18.1464,0.0000,49.4514,2.5670,562.6749,16.3125,86.8217,3.0952,30.4201,6.5747
2029-11-23,16.8358,0.0077,62.5598,3.4995,565.4094,17.2028,86.4588,3.0815,31.9735,6.7557
2029-11-24,18.7783,0.1662,70.4216,3.9303,568.4935,17.9823,85.5194,2.7601,33.3290,6.2568
2029-11-25,21.3663,0.0235,63.6561,3.8351,572.0434,19.0648,85.5673,2.7653,35.1971,6.4919
2029-11-26,19.6909,0.0038,63.6846,3.6523,575.2918,20.0658,85.6152,2.7583,36.9129,6.6775
2029-11-27,18.8435,0.0057,66.3638,4.3542,578.3876,20.9552,85.6631,2.8768,38.4296,7.1215
2029-11-28,22.3359,0.0087,56.1508,4.1093,582.1121,22.3177,86.4198,3.1602,40.7313,8.0347
2029-11-29,19.3560,0.0027,51.4849,2.2849,585.3002,23.6334,86.8361,3.0578,42.9330,8.0624
2029-11-30,18.4090,0.0330,64.6892,2.7965,588.3178,24.5467,86.3718,2.9379,44.4563,7.9529
2029-12-01,24.6764,0.0006,58.3877,3.2211,592.4635,25.7657,86.6292,3.1127,46.4781,8.5999
2029-12-02,21.6935,0.0000,51.3817,3.5466,596.0724,27.0250,87.2110,3.4371,48.5473,9.6123
2029-12-03,20.7568,0.0013,43.0382,3.5626,599.5126,28.4398,88.3382,4.0420,50.8492,11.2985
2029-12-04,17.9664,0.0003,50.9631,3.5660,602.4505,29.5023,88.3870,4.0711,52.5688,11.5857
2029-12-05,13.6904,0.0070,74.3629,2.6129,604.6188,29.9332,85.1882,2.4670,53.2729,7.6331
2029-12-06,17.2642,0.6348,70.7757,3.9913,607.4304,30.5431,82.7241,1.9064,54.2648,6.0896
2029-12-07,17.7764,0.0270,56.5337,3.0389,610.3341,31.4755,84.7192,2.3633,55.7618,7.5642
2029-12-08,14.5852,2.7888,83.1222,4.6697,612.6634,25.5049,57.5895,0.4383,46.2014,0.6972
2029-12-09,13.9393,6.5045,88.2035,5.0692,578.9437,14.8237,30.6787,0.0054,27.8637,0.0060
2029-12-10,14.6894,0.4332,76.1796,3.1069,581.2918,15.2511,48.4817,0.1583,28.6246,0.1811
2029-12-11,17.5776,8.6739,85.6835,5.8642,537.1182,8.0548,30.1876,0.0049,15.5276,0.0038
2029-12-12,23.9205,2.8478,72.1458,6.7868,532.9667,6.2650,52.1076,0.2944,12.1723,0.1981
2029-12-13,17.6325,12.3446,80.6344,8.0404,473.9243,3.0068,34.7073,0.0170,5.9196,0.0079
2029-12-14,14.5945,6.0132,69.2881,5.9398,452.9928,1.5885,38.5247,0.0351,3.1494,0.0126
2029-12-15,12.7266,8.6546,80.4308,4.3071,420.4028,0.4522,27.1039,0.0019,0.9020,0.0005
2029-12-16,13.7611,1.8053,58.0123,3.6010,422.5838,0.7091,47.5981,0.1441,1.4123,0.0408
2029-12-17,11.6108,0.0123,53.6894,3.6667,424.3777,1.3780,66.1855,0.6637,2.7339,0.2265
2029-12-18,9.6073,0.5172,58.3412,3.1646,425.8110,1.8849,74.6842,0.8833,3.7286,0.3370
2029-12-19,9.6553,0.5548,51.9282,3.4467,427.2530,2.4725,79.7720,1.3215,4.8744,0.5623
2029-12-20,10.8301,0.5346,52.8715,3.3612,428.9064,3.1114,82.5077,1.7974,6.1120,0.8461
2029-12-21,9.4901,3.2362,67.7717,3.9965,422.2552,1.8340,56.9135,0.4019,3.6286,0.1518
2029-12-22,7.0470,44.6158,89.5588,13.7498,259.5088,0.2832,18.1150,0.0001,0.5648,0.0000
2029-12-23,6.5564,3.6790,81.2127,10.2989,253.7317,0.1635,26.6242,0.0022,0.3264,0.0005
2029-12-24,9.5920,0.0005,47.0682,3.9106,255.1623,0.8066,52.7545,0.2729,1.6006,0.0796
2029-12-25,12.6333,0.0011,57.4894,4.2116,257.1403,1.4700,69.1479,0.7528,2.8987,0.2620
2029-12-26,15.1966,0.0012,55.3276,5.0493,259.5797,2.2974,79.0757,1.3377,4.4952,0.5500
2029-12-27,14.4456,0.0002,57.3783,4.3238,261.8839,3.0503,82.7143,1.9362,5.9280,0.8987
2029-12-28,16.9450,0.0000,47.2382,3.3233,264.6380,4.1323,85.7613,2.7689,7.9540,2.3781
2029-12-29,18.3927,0.0000,44.1952,3.0811,267.6527,5.3684,87.4014,3.4499,10.2242,3.7063
2029-12-30,15.1339,0.0030,62.3732,4.1092,270.0808,6.0626,86.4895,3.1914,11.4808,3.6482
2029-12-31,12.6781,0.0057,43.5716,4.3726,272.0668,6.9461,87.0303,3.4921,13.0587,4.3693
2030-01-01,15.5850,0.0045,47.1722,5.7443,274.5761,8.0312,87.1352,3.7983,14.9679,5.1782
2030-01-02,16.0430,0.0002,55.5727,4.0310,277.1679,8.9688,87.1836,3.5083,16.5952,5.0888
2030-01-03,18.2943,0.0003,52.3353,3.1757,280.1648,10.1069,87.2321,3.3836,18.5416,5.2554
2030-01-04,16.0432,0.0036,53.3723,3.4239,282.7566,11.0910,87.2805,3.4499,20.2010,5.6494
2030-01-05,14.8129,0.0014,49.5136,3.3310,285.1269,12.0800,87.3290,3.4576,21.8462,5.9417
2030-01-06,13.7790,0.0264,62.8561,4.1484,287.3112,12.7604,86.2885,3.1083,22.9704,5.5276
2030-01-07,16.1238,0.9376,64.3382,3.7397,289.9174,13.5166,80.7167,1.4829,24.2112,2.4641
2030-01-08,15.2347,0.2261,68.6416,4.8991,292.3637,14.1472,82.2186,1.8739,25.2409,3.4365
2030-01-09,18.3528,2.4882,65.2290,8.8238,295.3712,11.9559,69.7898,0.9693,21.7144,0.9258
2030-01-10,12.9138,2.0889,57.3857,6.1217,297.3997,10.6690,66.2574,0.7530,19.5818,0.6736
2030-01-11,7.2192,0.0034,44.7463,4.7042,298.4031,11.2349,76.6516,1.0763,20.5368,0.9922
2030-01-12,9.2798,6.1990,59.2913,7.9738,284.0078,6.6071,49.8890,0.2419,12.4879,0.1651
2030-01-13,7.1564,0.0050,43.1437,8.8202,285.0000,7.1850,69.3058,0.9544,13.5180,0.6820
2030-01-14,9.3619,0.4755,52.1203,3.9979,286.3891,7.8017,77.6355,1.1184,14.6084,0.8365
2030-01-15,10.5607,7.1837,71.6561,5.6664,269.5263,4.2043,43.1032,0.0806,8.0929,0.0435
2030-01-16,8.8801,0.6867,56.4387,4.7718,270.8287,4.7395,60.5180,0.5375,9.0817,0.3080
2030-01-17,14.5567,0.0723,53.2225,3.9545,273.1529,5.6411,74.9235,0.9310,10.7283,0.5836
2030-01-18,15.8090,0.4012,79.0656,4.9433,275.7025,6.0769,77.9127,1.1998,11.5191,0.7824
2030-01-19,18.8819,0.8750,76.0799,4.3529,278.8052,6.6653,76.4929,1.0459,12.5789,0.7169
2030-01-20,15.0921,9.2197,90.7303,4.6537,256.7647,3.1397,29.2547,0.0035,6.0932,0.0017
2030-01-21,12.2494,15.3482,92.2521,4.1015,217.9234,1.0425,11.8498,0.0000,2.0605,0.0000
2030-01-22,10.6213,0.3803,76.1133,4.7711,219.5393,1.3872,31.4951,0.0065,2.7313,0.0022
2030-01-23,12.1613,1.9403,53.2692,7.1039,221.4323,1.3704,52.4870,0.3116,2.6991,0.1059
2030-01-24,18.6575,0.0028,48.7998,4.3577,224.4946,2.6158,74.4631,0.9273,5.0835,0.4018
2030-01-25,17.5940,0.0504,75.6861,4.7225,227.3655,3.1754,78.5433,1.2528,6.1365,0.5909
2030-01-26,18.5827,0.3487,45.7586,6.6469,230.4144,4.4897,85.2224,3.0374,8.5623,2.8366
2030-01-27,13.4721,0.0002,35.8934,4.5195,232.5434,5.6398,87.6401,3.8379,10.6347,4.2704
2030-01-28,19.4575,0.0004,59.1824,4.2852,235.7498,6.6728,87.3914,3.6604,12.4637,4.4644
2030-01-29,18.9809,0.0027,58.3134,3.9743,238.8703,7.7034,87.3750,3.5951,14.2573,4.7540
2030-01-30,19.7029,0.0208,65.7339,4.2527,242.1208,8.5809,86.4975,3.2183,15.7651,4.5083
2030-01-31,19.2274,1.3525,76.4912,5.6169,245.2858,9.1692,75.5757,1.0508,16.7711,0.8540
2030-02-01,19.8229,0.5350,51.9011,6.0336,248.5579,10.5988,83.3509,2.2897,19.1555,3.5326
2030-02-02,11.5269,2.0006,50.6883,6.7075,250.3368,9.7498,72.2173,0.9464,17.7694,0.7969
2030-02-03,13.9293,4.6756,53.1876,10.1953,243.0520,6.6512,59.8081,0.6760,12.4506,0.4607
2030-02-04,11.4913,0.0000,33.8573,6.7436,244.8245,7.8342,77.7262,1.2938,14.5078,0.9637
2030-02-05,15.3678,0.0029,60.5000,6.0124,247.2947,8.7582,82.0675,1.9458,16.0917,2.5154
2030-02-06,16.6603,1.9524,65.9168,7.9840,249.9975,8.1129,71.7090,0.9906,15.0082,0.7529
2030-02-07,16.7605,0.6942,51.0127,6.0898,252.7184,9.3558,80.1224,1.5655,17.1264,1.9203
2030-02-08,13.8555,13.7039,84.9535,10.0058,219.1510,4.4263,34.1614,0.0165,8.4270,0.0091
2030-02-09,14.9059,5.7234,83.0171,7.2558,209.8605,2.3145,31.3889,0.0072,4.5048,0.0030
2030-02-10,14.0451,8.2335,77.8823,6.5265,194.0001,1.0355,30.2883,0.0052,2.0437,0.0016
2030-02-11,14.4465,0.0460,37.4179,4.3271,196.3045,2.4175,62.5197,0.5868,4.6907,0.2456
2030-02-12,11.3630,0.0130,42.4356,5.7481,198.0538,3.4366,77.0769,1.1699,6.5875,0.5705
2030-02-13,10.1351,3.6010,65.8901,4.8793,194.0689,2.1352,54.8518,0.3521,4.1561,0.1402
2030-02-14,7.1245,3.3066,53.2817,6.6941,190.3678,1.2874,51.7170,0.2808,2.5320,0.0934
2030-02-15,10.9147,2.9493,49.7478,8.3732,188.3219,1.0679,57.2362,0.5140,2.1059,0.1616
2030-02-16,13.9754,7.1276,46.5157,9.0562,176.1586,1.1453,53.6148,0.3861,2.2541,0.1239
2030-02-17,10.2353,13.6939,75.5291,6.6950,147.9677,0.3940,30.6536,0.0058,0.7828,0.0014
2030-02-18,11.7078,7.0119,75.6473,5.3493,137.0194,0.4431,29.6933,0.0041,0.8790,0.0011
2030-02-19,12.2837,0.7927,64.4945,6.5510,138.9345,1.1181,52.3742,0.2994,2.1921,0.0953
2030-02-20,16.3167,0.0000,47.3339,5.6499,141.5755,2.4211,73.9616,0.9657,4.6436,0.4025
2030-02-21,17.1706,0.0003,53.7441,6.0884,144.3702,3.6216,82.0325,1.9450,6.8157,0.9642
2030-02-22,16.7754,0.0038,53.2276,5.2668,147.0938,4.8092,84.8464,2.6905,8.8916,2.4761
2030-02-23,17.2161,2.2585,57.4531,6.7275,149.8967,4.3893,72.4578,0.9561,8.1798,0.5189
2030-02-24,10.3114,4.6913,61.3547,8.2239,144.0134,2.6612,53.0120,0.3483,5.0874,0.1510
2030-02-25,5.3989,1.4195,50.1012,10.1934,144.6892,3.1219,62.5829,0.7911,5.9242,0.3671
2030-02-26,4.4448,0.2654,40.9974,9.0480,145.1932,3.5866,75.2045,1.2223,6.7560,0.6034
2030-02-27,11.3453,0.0019,46.1166,5.1794,146.9394,4.5392,82.0105,1.8529,8.4275,1.1390
2030-02-28,16.1173,0.3589,57.5815,6.0382,149.5445,5.5766,84.2313,2.5731,10.2021,2.5760
2030-03-01,12.7939,5.3835,71.7962,6.6783,142.5046,3.3609,50.8461,0.2541,6.3475,0.1217
2030-03-02,9.8853,0.2819,35.5484,12.8067,143.9880,4.5678,74.0020,1.3876,8.4642,0.7665
2030-03-03,9.9403,0.0001,29.0254,8.4204,145.4812,5.9034,84.1016,2.8513,10.7194,3.0481
2030-03-04,12.8132,0.0000,26.6328,4.5143,147.4916,7.6435,88.4890,4.3333,13.5335,5.5643
2030-03-05,11.9486,3.8107,58.1085,5.9553,143.9947,5.4708,61.1175,0.5909,9.9924,0.3563
2030-03-06,12.6243,8.8063,66.5760,7.5738,129.2845,3.0970,42.6882,0.0827,5.8440,0.0381
2030-03-07,13.1281,0.0186,44.8094,6.2055,131.3515,4.4355,67.8840,0.7994,8.1805,0.4339
2030-03-08,16.3949,0.4641,46.0054,7.0557,134.0066,6.0458,81.0240,1.8140,10.8660,1.5448
2030-03-09,17.7537,1.9373,53.1651,7.1660,136.9062,6.2756,74.9499,1.0961,11.2607,0.7058
2030-03-10,13.9518,4.7649,55.4177,5.0706,131.7478,4.4100,56.2735,0.4027,8.1389,0.2180
2030-03-11,8.2318,5.8894,67.1989,9.9233,123.1531,2.4238,42.9800,0.0978,4.6202,0.0407
2030-03-12,7.2901,0.0101,40.5468,10.4513,124.1693,3.2740,66.5361,0.9460,6.1431,0.4464
2030-03-13,7.3851,0.0339,40.2090,9.5802,125.2026,4.1388,78.4898,1.5927,7.6458,0.8354
2030-03-14,10.0091,0.0001,28.8495,5.2435,126.7083,5.4862,85.5102,2.9452,9.9007,3.0070
2030-03-15,12.8832,0.0009,39.5553,4.4807,128.7313,6.9269,87.1777,3.5857,12.2112,4.3134
2030-03-16,13.4787,0.0090,51.9346,4.5111,130.8614,8.1214,87.2261,3.6160,14.0612,4.7425
2030-03-17,12.5230,6.5770,76.6420,6.7512,121.5428,4.6237,46.1255,0.1370,8.4444,0.0756
2030-03-18,14.8770,0.7265,41.4768,6.5279,123.9246,6.2176,70.6018,0.8864,11.0493,0.5647
2030-03-19,16.8199,7.2470,53.1403,7.1102,114.1219,4.2881,55.6730,0.4240,7.8397,0.2252
2030-03-20,17.0359,0.0000,29.2251,4.8830,116.8924,6.4761,79.3697,1.3647,11.3764,0.8838
2030-03-21,20.5279,0.0017,37.0158,5.4390,120.2914,8.7981,87.2157,3.7835,14.8761,5.1389
2030-03-22,20.5578,0.2667,51.7810,6.9190,123.6958,10.5782,87.2641,4.1047,17.4300,6.1138
2030-03-23,19.8430,0.6872,66.3572,7.0157,126.9715,11.7793,83.9132,2.5905,19.1233,4.0555
2030-03-24,17.4566,4.7906,64.7173,9.3856,122.5665,8.1125,60.7004,0.6855,13.9214,0.4984
2030-03-25,11.5631,1.9326,51.6836,10.3188,124.3519,7.7333,66.3545,0.9336,13.3855,0.6634
2030-03-26,10.1629,0.3348,34.3713,9.3103,125.8852,8.9933,80.3928,1.8952,15.2609,2.3167
2030-03-27,13.8599,0.0002,27.7097,5.9744,128.0840,10.8367,87.4262,4.0055,17.8895,6.0648
2030-03-28,17.2725,0.0000,36.8132,5.7570,130.8970,12.8156,88.8123,4.8324,20.5912,7.8185
2030-03-29,19.7788,0.0099,45.2121,8.9574,134.1612,14.7655,88.8612,5.7181,23.1589,9.6537
2030-03-30,18.9573,0.6461,41.3082,6.1413,137.2775,16.7721,87.8149,4.2702,25.6957,7.9536
2030-03-31,18.8121,0.0002,29.2758,5.1327,140.3677,19.1727,90.2880,5.7864,28.5845,10.9372
2030-04-01,17.8576,0.0019,42.7641,4.6396,144.5361,21.8032,90.0073,5.4221,31.6648,10.9710
2030-04-02,18.2552,0.0018,42.7300,3.4227,148.7760,24.4905,89.9586,5.0641,34.7006,10.9176
2030-04-03,22.3081,0.0027,39.8489,3.8930,153.7455,27.9040,90.0079,5.2224,38.3893,11.8447
2030-04-04,24.5016,0.0000,40.6562,3.4751,159.1098,31.5872,90.0573,5.1498,42.2201,12.3515
2030-04-05,25.8262,0.0000,34.5768,3.4196,164.7125,35.8579,90.9892,5.8669,46.4405,14.4204
2030-04-06,25.9534,0.0000,32.6427,3.5937,170.3381,40.2756,91.5009,6.3655,50.6257,16.0820
2030-04-07,26.0310,0.0000,33.6405,3.0690,175.9777,44.6404,91.5508,6.2434,54.6335,16.5141
2030-04-08,26.6016,0.0000,31.7007,3.4811,181.7199,49.2272,91.8517,6.6522,58.7002,17.9939
2030-04-09,23.6449,0.0000,36.3037,6.7368,186.9300,53.0483,91.9017,7.8938,62.0641,20.9914
2030-04-10,21.7887,0.0000,30.0920,5.0506,191.8060,56.9274,91.9517,7.3022,65.3590,20.3920
2030-04-11,23.2577,0.0000,29.7582,4.6206,196.9464,61.0753,92.0017,7.1964,68.8064,20.7328
2030-04-12,23.7914,0.0000,29.0699,5.8125,202.1828,65.3556,92.0517,7.6961,72.2910,22.3239
2030-04-13,23.5687,0.0009,27.3647,7.6414,207.3792,69.6995,92.2629,8.6946,75.7504,24.9214
2030-04-14,23.7025,0.0121,25.9712,6.7143,212.5997,74.1508,92.5671,8.6610,79.2229,25.4340
2030-04-15,23.7110,0.0064,24.7101,6.6720,217.8216,78.6795,92.8507,8.9939,82.6888,26.6762
2030-04-16,22.2103,0.4523,25.7360,7.3476,222.7735,82.8762,92.9010,9.3712,85.8799,27.9768
2030-04-17,22.9163,0.1310,23.7383,8.6358,227.8524,87.3164,92.9779,10.1080,89.1877,30.0189
2030-04-18,23.7026,0.0052,30.1228,8.5677,233.0729,91.5181,93.0283,10.1447,92.3657,30.6166
2030-04-19,21.5842,0.6729,41.2704,8.6310,237.9120,94.7479,89.0464,5.7764,94.9559,20.9872
2030-04-20,22.2451,0.0156,31.1438,8.2745,242.8702,98.6449,90.8786,7.3757,98.6285,25.4212
2030-04-21,23.1287,0.0061,22.7366,10.8109,247.9873,103.1832,92.9028,11.1607,103.1391,34.3758
2030-04-22,22.6929,0.0245,23.2904,9.9137,253.0261,107.6079,93.0329,10.8637,107.5364,34.4022
2030-04-23,19.6113,0.3848,36.6459,7.3886,257.5101,110.7890,91.8285,8.0733,110.7013,28.5472
2030-04-24,23.8218,0.0003,26.3883,5.3430,262.7520,115.2365,92.4281,7.9261,115.1210,28.6733
2030-04-25,23.9408,0.0669,32.6275,4.3316,268.0154,119.3264,92.4782,7.5857,119.1869,28.2334
2030-04-26,24.0958,0.3816,40.5251,3.8917,273.3066,122.9593,91.6487,6.5987,122.8011,25.9660
2030-04-27,25.4342,0.0905,37.8475,4.0693,278.8387,126.9574,91.6986,6.7053,126.7767,26.5851
2030-04-28,25.8151,0.8287,41.7832,4.3114,284.4395,130.7561,88.4869,4.2879,130.5554,19.5937
2030-04-29,26.8350,0.0185,35.1695,3.7680,290.2238,135.1467,90.7669,5.7845,134.9187,24.5514
2030-04-30,26.8838,0.8226,36.2175,4.9301,296.0169,139.4738,89.5880,5.1810,139.2189,22.9707
2030-05-01,25.0821,1.6165,48.2355,5.7840,302.9356,129.1807,82.9262,2.1408,129.0895,11.4548
2030-05-02,18.8211,16.3963,77.7142,7.2093,260.0183,58.3418,41.2237,0.0627,74.7522,0.1413
2030-05-03,18.5328,13.6478,68.1296,7.4240,229.5235,28.7847,40.8789,0.0595,43.8281,0.0912
2030-05-04,19.3645,4.3020,61.6895,6.1579,227.4541,21.5445,52.2053,0.2883,34.8391,0.3767
2030-05-05,21.6853,2.6136,59.2743,4.5879,233.7615,19.7372,62.7491,0.6013,32.5943,0.7510
2030-05-06,24.7538,0.3574,51.8851,3.7879,240.6212,23.0121,80.6574,1.4768,37.1436,3.5261
2030-05-07,24.6735,11.2348,63.7787,3.9208,219.5286,13.3530,54.4780,0.3240,23.1810,0.3227
2030-05-08,25.0231,7.0222,60.5103,3.2949,211.1963,9.8450,54.7431,0.3218,17.6349,0.2697
2030-05-09,25.0967,4.9759,57.7405,4.5792,208.6842,8.5113,60.9576,0.5462,15.4476,0.4224
2030-05-10,23.8163,3.1987,61.8513,5.7924,210.8080,8.0596,64.9787,0.7055,14.7129,0.5299
2030-05-11,21.7076,5.5221,78.3298,6.3815,206.2213,5.5568,49.0635,0.2013,10.4121,0.1242
2030-05-12,23.7991,0.1209,53.0801,5.5752,212.9092,8.6324,75.8156,1.0641,15.6759,0.8301
2030-05-13,23.3226,1.6127,55.0701,4.9870,219.5112,10.7923,77.2841,1.1436,19.2219,1.0900
2030-05-14,23.6741,2.8014,60.8026,4.4859,222.5968,10.3397,69.7470,0.7779,18.5278,0.6722
2030-05-15,27.5207,0.0210,48.4364,4.7394,229.9545,14.2249,84.8020,2.6041,24.6394,4.8433
2030-05-16,27.3761,0.0001,46.6691,5.5056,237.2862,18.2230,88.3944,4.4938,30.5757,9.1943
2030-05-17,26.4377,0.0357,54.8336,8.7394,244.4490,21.4975,88.4432,5.3263,35.2459,11.4754
2030-05-18,24.4926,5.3155,65.9025,10.1635,240.0257,15.4867,66.5105,0.9315,26.6713,1.1194
2030-05-19,22.1539,3.5389,47.3232,17.3151,240.4810,13.9314,74.1957,1.7579,24.3380,3.0921
2030-05-20,22.8313,0.1419,38.0345,12.0396,246.9946,17.8354,87.1454,5.2238,30.2161,10.3659
2030-05-21,16.9237,20.0911,69.9061,4.8651,199.8300,8.8587,41.5382,0.0590,15.9498,0.0465
2030-05-22,22.0246,0.4088,45.5957,6.4647,206.1985,12.1708,74.0985,1.0127,21.2116,0.9529
2030-05-23,20.6788,1.0285,53.2610,8.3970,212.3247,14.8507,80.3364,1.7990,25.2808,3.2779
2030-05-24,23.0525,0.0045,41.1903,6.0224,218.8781,18.5901,87.4494,4.0285,30.6683,8.3809
2030-05-25,24.4601,0.0055,41.0921,5.0231,225.6849,22.5541,89.2642,4.9691,36.0911,10.9895
2030-05-26,27.3282,0.0033,35.7319,4.9175,233.0080,27.3640,90.9170,6.2620,42.3069,14.4150
2030-05-27,24.5457,0.0775,56.3947,8.4084,239.8302,30.3081,89.0199,5.6902,46.0633,14.0204
2030-05-28,24.2690,0.1045,38.7035,9.9227,246.6027,34.4020,89.9633,7.0314,51.0128,17.3977
2030-05-29,23.9975,0.0408,33.7448,6.1308,253.3262,38.7796,90.8619,6.6048,56.0925,17.4690
2030-05-30,24.2824,0.0186,34.2080,6.4098,260.1010,43.1761,90.9923,6.8239,61.0265,18.7187
2030-05-31,23.8921,0.2944,35.7826,9.4803,266.8056,47.4013,91.0420,8.0224,65.6457,21.8658
2030-06-01,23.5820,0.0011,33.8479,5.8263,274.4544,51.6998,91.0917,6.7207,70.2953,19.9585
2030-06-02,25.9099,0.0141,33.9179,4.3908,282.5222,56.3988,91.3072,6.4465,75.2453,20.0803
2030-06-03,25.5176,0.0736,37.8859,11.1487,290.5193,60.7514,91.3570,9.1261,79.7900,26.4686
2030-06-04,24.2236,0.1213,41.0395,8.5379,298.2836,64.6822,91.2635,7.8954,83.8874,24.5532
2030-06-05,20.5235,1.3040,45.3279,8.7475,305.3818,67.7946,84.2797,2.9688,87.1957,12.0988
2030-06-06,22.4842,0.2389,42.7536,7.4635,312.8330,71.3490,88.0627,4.7294,90.8797,17.7227
2030-06-07,25.5125,0.0004,36.2145,5.0371,320.8292,75.8179,90.3284,5.7920,95.3207,21.0694
2030-06-08,27.1071,0.0124,34.9571,5.8547,329.1125,80.6480,91.1929,6.8280,100.0212,24.2550
2030-06-09,27.3239,0.0857,37.1004,5.4532,337.4348,85.3548,91.2427,6.7388,104.5771,24.5536
2030-06-10,25.3683,0.2006,42.5947,6.0836,345.4051,89.3549,91.1733,6.8880,108.5234,25.3647
2030-06-11,24.4876,0.4994,46.8538,5.7071,353.2168,92.9350,90.4628,6.1071,112.1201,23.6658
2030-06-12,27.2872,0.3657,46.8625,5.4979,361.5325,96.9062,90.5123,6.0860,116.0479,23.9701
2030-06-13,29.2244,0.0816,42.2148,4.2259,370.1969,101.5194,90.5618,5.7487,120.4565,23.3965
2030-06-14,28.3364,0.2944,47.1245,4.7393,378.7015,105.6170,90.6114,5.9412,124.4580,24.2658
2030-06-15,28.8867,0.0874,42.0506,4.7737,387.3051,110.1918,90.6609,5.9938,128.7835,24.7424
2030-06-16,30.6290,0.0483,36.7976,3.9646,396.2223,115.4712,91.4637,6.4514,133.6027,26.3926
2030-06-17,32.5112,0.0151,35.1479,4.0272,405.4783,121.2098,92.1461,7.1284,138.7374,28.6294
2030-06-18,33.4544,0.0649,34.6150,4.7199,414.9041,127.1578,92.4665,7.7228,143.9913,30.5847
2030-06-19,34.4277,0.0023,27.7631,4.9217,424.5051,133.9143,93.9286,9.5707,149.7379,35.6845
2030-06-20,32.5515,0.0025,32.5305,6.0851,433.7684,139.8916,93.9793,10.2201,154.8966,37.5901
2030-06-21,31.8163,0.2292,41.9585,5.2689,442.8993,144.9214,92.6484,8.1452,159.4271,32.5960
2030-06-22,31.9273,0.1767,40.8373,4.3841,452.0502,150.0655,92.6100,7.7481,164.0135,31.7373
2030-06-23,33.3244,0.0000,31.5763,4.7925,461.4526,156.2666,93.0409,8.4022,169.2478,33.7320
2030-06-24,34.2339,0.0003,28.7831,8.7192,471.0187,162.8914,93.7629,11.3255,174.7228,41.2606
2030-06-25,28.5627,0.0025,28.7776,15.1793,479.5640,168.4532,93.8135,15.7937,179.3813,51.1828
2030-06-26,27.4246,0.0721,32.8923,9.2243,487.9044,173.4927,93.4197,11.0755,183.6904,41.0294
2030-06-27,28.7932,0.0026,31.2506,5.6772,496.4912,178.9032,93.4702,9.3281,188.2362,36.8416
2030-06-28,29.8838,0.0009,29.8919,5.9351,505.2743,184.6219,93.5207,9.5169,192.9704,37.4645
2030-06-29,27.7551,0.0894,33.9555,11.0818,513.6742,189.6390,93.2305,11.8452,197.2372,43.2833
2030-06-30,30.0233,0.0000,28.6708,5.7965,522.4824,195.4835,93.2809,9.1398,202.0126,36.7073
2030-07-01,28.0555,0.0043,36.7150,4.0274,531.2364,199.8169,92.8445,7.8649,205.9608,33.3186
2030-07-02,26.7830,0.3235,42.3866,4.0674,539.7613,203.5897,91.7756,6.7782,209.5663,30.2179
2030-07-03,25.3986,1.7525,47.2401,5.2268,548.0371,153.0106,82.8384,2.0584,180.2251,12.3700
2030-07-04,27.3535,0.0512,41.8590,5.4073,556.6647,156.8958,88.8018,4.7409,184.0826,23.1810
2030-07-05,29.6900,0.0000,32.1446,4.2588,565.7129,161.8026,91.8598,6.9260,188.6868,30.2364
2030-07-06,30.1251,0.0000,33.9059,6.3120,574.8394,166.6495,92.0462,7.8861,193.2431,33.1044
2030-07-07,29.9680,0.0002,35.6693,6.7642,583.9376,171.3434,92.0962,8.1251,197.6771,33.8737
2030-07-08,29.0107,0.0000,30.9983,5.9917,592.8635,176.2230,92.4191,8.1791,202.1948,34.1211
2030-07-09,30.3243,0.0000,31.6856,5.0177,602.0259,181.2647,92.5347,7.9152,206.8372,33.4763
2030-07-10,31.7167,0.0000,30.3003,4.4684,611.4389,186.6366,93.0115,8.2321,211.7137,34.4462
2030-07-11,33.1606,0.0000,31.8707,4.0118,621.1118,192.1185,93.0618,8.1017,216.6809,34.1632
2030-07-12,31.4955,0.5333,40.1413,4.4348,630.4850,196.7008,92.1934,7.3251,221.0173,32.0047
2030-07-13,31.0927,1.7190,43.2177,4.8217,639.7857,154.3371,86.3013,3.2213,192.5506,17.6642
2030-07-14,29.7600,1.1986,48.2249,5.7553,648.8465,158.0896,86.0628,3.2650,196.4923,17.8978
2030-07-15,31.7480,0.0002,36.7813,4.9833,658.2651,162.9667,91.0882,6.4380,201.3270,29.0430
2030-07-16,33.5367,0.0017,32.6037,3.9436,668.0057,168.4491,92.7262,7.7028,206.6330,32.8722
2030-07-17,34.7535,0.0409,30.5775,4.9134,677.9654,174.2948,93.4686,8.9740,212.2036,36.4696
2030-07-18,34.5203,0.0070,32.1078,4.6524,687.8830,179.9744,93.5191,8.9193,217.6116,36.4130
2030-07-19,34.6794,0.0000,31.1778,4.8011,697.8293,185.7575,93.5696,9.0499,223.0674,36.8420
2030-07-20,30.9973,0.0000,24.6516,10.2386,707.1128,191.4375,94.0920,12.7977,228.3329,46.1371
2030-07-21,30.5159,0.0000,23.6649,7.7066,716.3097,197.1055,94.2559,11.5230,233.5484,43.2258
2030-07-22,31.1100,0.0000,25.6293,6.7992,725.6135,202.7314,94.3066,11.0854,238.7206,42.2272
2030-07-23,31.2778,0.0000,25.6128,6.7451,734.9475,208.3879,94.3574,11.1330,243.8921,42.3972
2030-07-24,32.0628,0.0000,25.4575,6.9908,744.4228,214.1936,94.4082,11.3510,249.1597,42.9763
2030-07-25,33.8664,0.0000,19.7875,7.5713,754.2227,220.7807,95.6027,13.7656,254.9703,48.6235
2030-07-26,34.6253,0.0000,20.9994,6.8186,764.1593,227.4091,95.6540,13.3459,260.7926,47.7305
2030-07-27,37.0292,0.0000,21.5392,4.5180,774.5285,234.4352,95.8204,12.1567,266.9036,45.0318
2030-07-28,39.5916,0.0000,23.3673,4.8475,785.3590,241.7587,95.8727,12.4482,273.2385,45.7511
2030-07-29,30.7669,0.2651,38.0088,13.1761,794.6011,246.3982,93.3163,13.3222,277.5964,47.7803
2030-07-30,32.0886,0.0000,25.4109,6.6814,804.0810,252.2121,94.0849,10.6871,282.7232,41.5460
2030-07-31,33.4810,0.0000,24.6726,7.8836,813.8116,258.3299,94.5206,12.0586,288.0606,44.9028
2030-08-01,32.3109,0.0002,43.3231,7.2809,822.6316,262.2392,92.5381,8.8756,291.8711,36.8579
2030-08-02,34.0760,0.0000,39.2691,7.9483,831.7692,266.6494,92.5883,9.2442,296.0382,37.8629
2030-08-03,29.2247,2.4082,51.1943,12.1189,840.0337,129.8806,83.1863,3.0458,187.3457,16.8635
2030-08-04,26.4423,0.0000,31.5036,6.8026,847.7973,133.7753,90.5736,6.5567,191.8641,29.2098
2030-08-05,27.5120,0.0000,23.0010,5.4200,855.7535,138.3235,93.4634,9.1994,197.0281,36.7468
2030-08-06,29.8766,0.0000,21.4106,4.5778,864.1352,143.3492,94.5284,10.2193,202.6540,39.4918
2030-08-07,32.0855,0.0000,24.0457,4.1436,872.9146,148.5529,94.5792,10.0684,208.4293,39.2378
2030-08-08,34.6095,0.0000,24.7128,3.4231,882.1483,154.1031,94.7250,9.9060,214.5197,38.9407
2030-08-09,33.8834,0.0000,28.9856,4.4199,891.2514,159.2319,94.7759,10.4894,220.1384,40.5071
2030-08-10,32.5585,0.0000,33.7838,4.8021,900.1159,163.8331,94.1840,9.8557,225.1949,38.9796
2030-08-11,33.0515,0.0000,31.3235,4.5694,909.0692,168.6751,94.2348,9.8094,230.4513,38.9294
2030-08-12,34.8690,0.0000,27.9468,3.9209,918.3496,174.0255,94.2855,9.5609,236.1677,38.3505
2030-08-13,35.5248,0.0000,31.5280,3.4640,927.7480,179.2027,94.3363,9.4090,241.6927,38.0078
2030-08-14,34.8467,0.0000,29.0054,4.3131,937.0244,184.4712,94.3871,9.8894,247.2518,39.3087
2030-08-15,34.1688,0.0000,29.1323,4.7941,946.1788,189.6312,94.4379,10.2033,252.6656,40.1562
2030-08-16,32.9708,0.0000,34.5787,5.1579,955.1176,194.2327,94.0446,9.8423,257.5348,39.2651
2030-08-17,30.6336,0.0000,30.9716,7.2785,963.6356,198.7550,94.0953,11.0294,262.2723,42.2903
2030-08-18,29.9982,0.0000,26.8057,5.5012,972.0393,203.4541,94.1460,10.1556,267.1288,40.1291
2030-08-19,31.3753,0.0000,25.5831,4.0535,980.6908,208.4433,94.1967,9.5076,272.2314,38.4750
2030-08-20,33.0677,0.0000,29.3713,4.8054,989.6470,213.4253,94.2475,9.9442,277.3297,39.6363
2030-08-21,30.4847,0.0269,39.4213,7.0496,998.1383,217.3754,92.8978,9.2274,281.4919,37.7713
2030-08-22,30.5151,0.0000,30.9203,6.8763,1006.6350,221.8841,92.9481,9.2119,286.1075,37.7465
2030-08-23,30.9644,0.0000,20.0079,6.5455,1015.2126,227.1792,94.9559,11.9673,291.3605,44.6981
2030-08-24,32.3054,0.0000,18.6450,5.2008,1024.0315,232.7898,95.6270,12.2561,296.8658,45.3990
2030-08-25,33.8591,0.0000,20.0508,3.9901,1033.1302,238.5599,95.6782,11.6113,302.4963,43.8796
2030-08-26,34.1083,0.0000,21.2973,4.6189,1042.2737,244.2805,95.7294,12.0688,308.0593,44.9873
2030-08-27,33.4600,0.0000,22.5802,6.0777,1051.3005,249.8042,95.7807,13.0800,313.4235,47.3526
2030-08-28,32.7565,0.0000,29.7336,6.0104,1060.2007,254.7155,95.0460,11.7936,318.2690,44.3530
2030-08-29,32.1042,0.0000,28.9903,5.2195,1068.9834,259.5831,94.9219,11.1417,323.0495,42.7792
2030-08-30,30.1085,0.0018,40.3905,6.0282,1077.4069,263.4237,92.8412,8.6951,326.9816,36.4346
2030-08-31,29.7453,0.0623,44.9017,5.8269,1085.7651,266.9323,91.7266,7.3554,330.6445,32.6211
2030-09-01,30.7748,0.1083,36.3599,4.1185,1093.0085,270.5438,91.7765,6.7966,334.2512,30.9428
2030-09-02,28.6350,0.1097,37.5274,6.7421,1099.8668,273.8510,91.8265,7.8123,337.5742,33.9623
2030-09-03,27.5092,0.0000,30.1740,5.1574,1106.5225,277.4076,92.2990,7.7108,341.0563,33.6720
2030-09-04,28.8501,0.0000,25.4923,4.6286,1113.4195,281.3804,93.4259,8.7936,344.8726,36.7236
2030-09-05,29.3369,0.0000,25.5834,5.1318,1120.4041,285.4130,93.6296,9.2791,348.7338,38.0393
2030-09-06,29.6381,0.0000,23.4228,4.4242,1127.4430,289.6037,94.1133,9.5758,352.7087,38.8294
2030-09-07,32.0585,0.0000,29.0147,4.0653,1134.9175,293.7942,94.1641,9.4704,356.7258,38.5540
2030-09-08,27.8426,0.0000,37.9670,6.8656,1141.6332,296.9907,92.7954,9.0118,359.9094,37.3285
2030-09-09,27.8931,0.0000,27.3315,6.8397,1148.3580,300.7417,93.0082,9.2727,363.4953,38.0323
2030-09-10,27.7679,0.0000,31.0710,5.7856,1155.0602,304.2843,93.0586,8.8552,366.9193,36.9069
2030-09-11,28.7475,0.0000,32.7627,4.0854,1161.9387,307.8572,93.1089,8.1856,370.3817,35.0499
2030-09-12,30.0401,0.0000,33.2413,3.6238,1169.0499,311.5584,93.1593,8.0540,373.9604,34.6783
2030-09-13,32.1194,0.0000,31.1403,3.6419,1176.5354,315.6309,93.2097,8.1183,377.8475,34.8626
2030-09-14,32.0846,0.0000,33.1984,3.8901,1184.0147,319.5776,93.2601,8.2786,381.6364,35.3166
2030-09-15,30.9930,0.0000,32.4044,5.4377,1191.2974,323.4398,93.3106,9.0133,385.3329,37.3446
2030-09-16,29.8456,0.0000,30.4096,7.1947,1198.3736,327.2738,93.3610,9.9173,388.9760,39.7410
2030-09-17,29.6967,0.0000,27.7561,6.3733,1205.4230,331.2349,93.4115,9.5824,392.6985,38.8667
2030-09-18,29.5476,0.0000,29.5313,5.4509,1212.4456,335.0799,93.4620,9.2119,396.3292,37.8829
2030-09-19,29.4077,0.0000,31.8560,4.5440,1219.4430,338.7812,93.5125,8.8625,399.8501,36.9389
2030-09-20,29.0103,0.0036,36.5446,3.5225,1226.3688,342.1828,93.0493,7.8905,403.1484,34.2199
2030-09-21,28.8194,1.5980,52.2525,4.6819,1233.2603,187.9967,84.0000,2.3299,272.2425,14.2718
2030-09-22,27.7375,1.9616,58.5754,4.0663,1239.9571,135.1148,78.3381,1.1903,212.3748,8.0474
2030-09-23,28.8090,0.1915,51.3336,3.6729,1246.8467,137.7062,86.4463,3.1030,215.8220,17.4456
2030-09-24,29.7976,0.0006,40.9658,3.7343,1253.9143,140.9536,89.9792,5.1595,220.0634,25.1889
2030-09-25,29.6800,0.0002,38.9033,3.6535,1260.9607,144.3017,90.8646,5.8319,224.4029,27.4618
2030-09-26,28.5883,0.0000,39.9753,4.8727,1267.8105,147.4743,90.9142,6.2455,228.4997,28.8209
2030-09-27,25.4096,0.1536,51.1799,6.6464,1274.0883,149.7785,89.8993,5.9069,231.5159,27.7733
2030-09-28,24.8749,0.0000,45.1544,5.4555,1280.2697,152.3148,89.9486,5.6023,234.7951,26.8095
2030-09-29,25.2883,0.0000,45.0348,4.3947,1286.5256,154.8971,89.9979,5.3484,238.1202,25.9900
2030-09-30,25.8079,0.0068,42.0924,3.7601,1292.8751,157.6712,90.0473,5.2168,241.6630,25.5699
2030-10-01,30.7097,0.6981,50.1836,4.5720,1299.1068,160.0722,88.4445,4.3182,244.7507,22.4102
2030-10-02,26.5578,11.0923,79.0724,6.6949,1026.3192,69.4449,50.6879,0.2496,118.7946,0.7784
2030-10-03,19.8915,0.9083,42.3312,8.6638,1030.6037,71.2792,75.9597,1.2546,121.5428,7.0294
2030-10-04,22.9728,0.0000,27.4980,4.0959,1035.4428,73.9237,88.6014,4.3119,125.4556,19.3629
2030-10-05,25.5625,1.1843,51.1691,5.1205,1040.7480,75.8964,84.4315,2.5241,128.3864,13.0353
2030-10-06,25.6413,11.9749,82.2181,10.5227,864.2436,38.5631,48.8310,0.2408,69.3861,0.5135
2030-10-07,22.8377,0.2439,38.3892,8.7406,869.0583,40.7978,80.0978,1.7846,73.0252,7.0066
2030-10-08,20.0206,0.0007,32.8093,3.8634,873.3661,42.9480,87.8027,3.8005,76.4922,13.6260
2030-10-09,16.4175,5.6744,72.1390,6.7118,821.0293,27.5946,53.4190,0.3364,50.9114,0.5734
2030-10-10,15.3071,0.0051,40.8350,8.5185,824.4886,29.0655,76.2547,1.2696,53.4227,3.9709
2030-10-11,16.4330,0.0006,36.1296,3.5852,828.1506,30.7622,85.0208,2.5317,56.2966,8.0913
2030-10-12,19.6877,0.1087,45.4550,4.5570,832.3983,32.4803,87.2589,3.6414,59.1869,11.3426
2030-10-13,20.4219,0.8942,55.6958,4.5070,836.7783,33.9250,83.7024,2.2201,61.6059,7.6293
2030-10-14,20.7746,0.0012,40.8400,3.7980,841.2217,35.8859,87.6894,3.7271,64.8551,12.1931
2030-10-15,23.4664,0.1264,51.9275,3.4851,846.1497,37.6753,87.7380,3.6944,67.8031,12.4256
2030-10-16,22.4085,0.1474,65.5808,3.4449,850.8872,38.9013,86.9108,3.2764,69.8221,11.4798
2030-10-17,24.3491,0.0015,55.9256,3.4022,855.9740,40.6008,87.0496,3.3346,72.5934,11.9157
2030-10-18,25.4283,0.0001,60.1577,4.7079,861.2551,42.2023,87.0980,3.5860,75.1933,12.8896
2030-10-19,27.1615,0.0000,59.8615,3.1474,866.8482,43.9211,87.1464,3.3377,77.9663,12.4377
2030-10-20,29.3460,0.0000,50.9948,3.6329,872.8345,46.1818,88.4589,4.1272,81.5734,15.0593
2030-10-21,30.4513,0.0000,42.1697,4.6647,879.0197,48.9465,90.2420,5.6145,85.9307,19.5022
2030-10-22,28.4038,0.0000,42.1912,4.3745,884.8364,51.5308,90.2914,5.5722,89.9634,19.8786
2030-10-23,30.4328,0.0000,38.0573,3.7915,891.0183,54.4903,91.1687,6.1327,94.5284,21.8550
2030-10-24,27.6661,0.0090,44.2907,5.7051,896.7022,56.9185,91.2185,6.8015,98.2464,23.9767
2030-10-25,21.1376,0.0000,47.0554,4.9119,901.2110,58.7024,90.0940,5.5657,100.9636,21.0802
2030-10-26,22.8421,0.0049,52.3734,3.6908,906.0265,60.4302,89.2959,4.6676,103.5876,18.7937
2030-10-27,23.3757,0.0842,64.4749,6.0735,910.9382,61.7476,87.4529,4.0409,105.6001,17.0565
2030-10-28,25.5078,0.6499,70.5390,7.1250,916.2336,62.9354,84.4047,2.7823,107.4236,12.9222
2030-10-29,24.3615,0.1108,58.7055,3.8811,921.3226,64.5285,85.9908,2.9409,109.8266,13.6521
2030-10-30,24.2382,1.4194,55.8373,4.4996,926.3895,66.2240,80.9652,1.5842,112.3664,8.2964
2030-10-31,19.0278,0.8069,47.1875,7.6274,930.5185,67.8347,83.9218,2.6747,114.7552,12.9543
2030-11-01,14.0265,0.0111,26.0283,4.0429,932.7473,69.3181,88.7296,4.3802,116.9147,19.0019
2030-11-02,17.9574,0.0047,41.1677,3.0166,935.6836,70.8046,88.7785,4.1888,119.0815,18.5403
2030-11-03,21.1487,0.0104,51.8052,3.5754,939.1944,72.2262,88.8175,4.3325,121.1589,19.1481
2030-11-04,21.0334,2.4550,63.6404,6.0730,942.6844,61.1376,72.4721,0.9256,105.2158,4.7909
2030-11-05,16.0953,0.0021,33.9206,4.1167,945.2855,62.6441,84.0521,2.2802,107.4812,11.0162
2030-11-06,15.5773,2.1976,58.7586,4.3480,947.7935,55.3781,70.3427,0.7875,96.6399,3.7771
2030-11-07,22.0166,1.0632,53.9238,5.1567,951.4604,56.7902,78.6251,1.2900,98.8328,6.3666
2030-11-08,15.4207,0.0000,31.9184,4.3026,953.9402,58.2814,86.3541,3.1616,101.1182,13.8317
2030-11-09,16.4576,0.0013,34.8231,2.9491,956.6065,59.7986,88.5597,4.0455,103.4329,16.8925
2030-11-10,18.8842,0.0029,42.2590,2.7564,959.7097,61.3285,88.6086,4.0346,105.7608,17.0495
2030-11-11,21.0182,0.0170,55.5921,3.4735,963.1970,62.6307,88.2876,3.9947,107.7462,17.0810
2030-11-12,22.2009,0.0391,62.3448,3.4848,966.8971,63.7939,87.4612,3.5510,109.5227,15.7603
2030-11-13,21.3964,0.4948,66.2501,3.4577,970.4525,64.8006,86.6407,3.1552,111.0612,14.4992
2030-11-14,22.4287,0.4736,65.3315,3.8077,974.1936,65.8820,86.6890,3.2334,112.7086,14.8822
2030-11-15,24.0069,0.0955,63.8610,4.2839,978.2189,67.0850,86.7373,3.3347,114.5335,15.3558
2030-11-16,25.6241,0.3021,66.0056,5.3533,982.5352,68.2894,86.7855,3.5435,116.3603,16.1995
2030-11-17,21.4363,6.1251,70.2231,7.1286,906.9242,42.3376,57.7342,0.5015,75.8258,1.5355
2030-11-18,16.3800,0.0143,45.3589,4.4177,909.5766,43.6039,76.2987,1.0356,77.8747,4.2900
2030-11-19,12.1024,0.0002,36.6966,4.6392,911.4590,44.7119,83.9271,2.3024,79.6551,9.2840
2030-11-20,17.4833,0.0003,51.2909,3.6725,914.3100,45.9120,85.7866,2.8280,81.5824,11.1761
2030-11-21,19.7574,0.0536,66.1212,5.0220,917.5703,46.8488,85.8345,3.0474,83.0915,12.0046
2030-11-22,19.1067,2.4821,60.7356,6.9532,920.7136,40.5260,71.7141,0.9407,73.0172,3.6591
2030-11-23,14.0115,0.0161,42.2376,3.9865,922.9396,41.6833,81.6666,1.6743,74.9087,6.7216
2030-11-24,14.6171,0.0000,40.0099,2.7725,925.2747,42.9333,85.8634,2.7318,76.9413,10.4886
2030-11-25,16.4082,0.0006,46.8737,3.1119,927.9322,44.1665,86.8405,3.1899,78.9398,12.0839
2030-11-26,16.2398,0.5828,65.5554,5.4010,930.5594,44.9584,84.8263,2.7013,80.2267,10.6535
2030-11-27,15.8885,11.8746,83.7984,5.1794,789.2940,21.9190,35.3043,0.0169,40.9922,0.0247
2030-11-28,18.0724,0.1401,67.1160,3.0002,792.2511,22.7549,57.9901,0.4152,42.4609,0.6224
2030-11-29,16.2282,0.5396,77.4315,5.7081,794.8762,23.2734,68.6739,0.7997,43.3720,1.7376
2030-11-30,14.0541,7.9818,85.0342,6.2248,726.7751,12.6551,34.6658,0.0154,24.2543,0.0158
2030-12-01,13.0641,4.0803,85.0584,3.9118,703.9814,8.2967,29.5908,0.0037,16.1185,0.0030
2030-12-02,15.5215,12.3981,79.7419,9.5049,614.6659,4.0230,29.8474,0.0053,7.9164,0.0028
2030-12-03,12.0902,0.2536,39.0753,7.2317,616.5462,4.9362,61.5851,0.6468,9.6786,0.3834
2030-12-04,17.0903,0.0046,58.3591,4.3471,619.3264,5.7970,75.6126,0.9879,11.3288,0.6382
2030-12-05,17.8259,0.1957,72.8058,3.2891,622.2391,6.3818,79.4444,1.2687,12.4446,0.8643
2030-12-06,17.7231,1.1606,82.7638,3.5942,625.1332,6.7505,71.9482,0.8009,13.1462,0.5632
2030-12-07,18.3090,0.2706,84.1835,3.2443,628.1328,7.0994,75.2542,0.9150,13.8086,0.6620
2030-12-08,17.3002,1.8975,87.3983,5.4775,630.9509,6.0751,60.6964,0.5629,11.8647,0.3732
2030-12-09,15.6325,12.1239,88.6490,7.8284,557.3755,2.7185,27.5177,0.0025,5.3715,0.0011
2030-12-10,13.2788,19.9002,89.2427,9.7161,453.8192,0.8472,17.1760,0.0001,1.6866,0.0000
2030-12-11,12.6579,1.5304,76.5365,6.4161,455.8016,0.8894,35.8124,0.0202,1.7703,0.0060
2030-12-12,11.9021,0.0000,43.7381,5.4805,457.6480,1.7207,62.8483,0.6321,3.4094,0.2331
2030-12-13,14.7812,0.0072,45.9117,5.3000,460.0126,2.6969,77.9576,1.2261,5.3159,0.5418
2030-12-14,12.5734,0.0001,28.4826,4.0086,461.9798,3.8082,85.8639,2.9076,7.4626,2.4356
2030-12-15,15.5081,1.9617,66.7200,5.7676,464.4752,3.3333,71.2672,0.8723,6.5492,0.4242
2030-12-16,14.3211,7.4638,77.5226,5.5573,436.9346,1.5573,40.8699,0.0541,3.0872,0.0192
2030-12-17,11.1269,0.0126,47.3522,4.6191,438.6415,2.2889,63.9204,0.6361,4.5188,0.2621
2030-12-18,12.6585,0.0001,51.5068,3.9619,440.6240,3.0471,76.1328,1.0010,5.9906,0.4669
2030-12-19,14.1197,0.0010,58.2627,3.6826,442.8695,3.7689,81.1701,1.5561,7.3809,0.8020
2030-12-20,13.4422,0.0071,61.8283,3.5222,444.9931,4.3998,82.9074,1.9056,8.5873,1.2882
2030-12-21,15.7510,0.0087,54.1771,3.8032,447.5323,5.2772,84.8253,2.4920,10.2523,2.4740
2030-12-22,14.5244,0.0000,52.9140,3.4560,449.8507,6.1133,85.5557,2.7086,11.8248,3.0610
2030-12-23,13.3047,0.0024,62.3353,3.4290,451.9496,6.7298,85.6036,2.7231,12.9766,3.2868
2030-12-24,12.8009,0.4442,71.3193,2.6185,453.9577,7.1829,84.6206,2.2829,13.8192,2.7599
2030-12-25,13.5300,0.4118,72.6190,2.6613,456.0971,7.6381,84.1761,2.1545,14.6624,2.6775
2030-12-26,15.8837,0.0445,58.9339,3.3475,458.6602,8.4307,84.8047,2.4285,16.1206,3.3415
2030-12-27,13.8798,0.0031,50.3632,3.1399,460.8626,9.2757,85.7406,2.7355,17.6626,4.0784
2030-12-28,13.2840,2.5634,78.9184,4.2727,462.9577,7.1320,60.8371,0.5341,13.7350,0.3852
2030-12-29,16.4882,2.5819,66.5480,4.6964,465.6295,5.6198,58.8331,0.4803,10.9105,0.3039
2030-12-30,12.5901,4.8717,65.5734,3.8421,450.4841,3.3453,45.8419,0.1134,6.5686,0.0552
2030-12-31,11.7811,2.6269,66.0194,5.0584,452.3087,2.3297,49.7659,0.2057,4.6001,0.0854
2031-01-01,9.2437,1.7300,65.8940,5.5362,453.6766,2.0712,55.3086,0.3793,4.0957,0.1501
2031-01-02,7.6897,1.6591,56.4532,4.9409,454.7647,1.9622,59.7788,0.5178,3.8826,0.2007
2031-01-03,6.1394,0.4811,51.1164,6.9616,455.5738,2.3979,72.3319,0.9628,4.7335,0.4045
2031-01-04,5.3569,0.0678,53.9274,13.6128,456.2421,2.7641,79.0510,2.0547,5.4458,0.9177
2031-01-05,4.5095,0.0600,57.6624,15.3929,456.7578,3.0565,81.6166,2.9572,6.0124,2.1453
2031-01-06,4.4356,0.1574,62.9305,9.8880,457.2602,3.3091,82.2020,2.4046,6.5006,1.6007
2031-01-07,5.3369,0.0009,57.6408,4.9519,457.9248,3.6448,82.9799,2.0670,7.1474,1.2469
2031-01-08,6.3554,0.0031,54.5347,2.9608,458.7728,4.0621,83.7029,2.0538,7.9482,1.4095
2031-01-09,9.0675,0.0635,65.2226,3.7926,460.1089,4.4974,83.7502,2.1551,8.7803,1.7286
2031-01-10,15.6738,0.0935,73.6661,5.4156,462.6342,5.0412,83.7974,2.3534,9.8150,2.2017
2031-01-11,18.6909,0.0533,62.8900,5.0218,465.7026,5.9454,84.5633,2.5568,11.5230,2.7930
2031-01-12,15.0764,0.0091,67.3606,4.1322,468.1203,6.5954,84.6109,2.4606,12.7420,2.8614
2031-01-13,18.1720,0.3077,66.2656,4.9877,471.0953,7.3958,84.6585,2.5857,14.2329,3.2952
2031-01-14,8.0777,0.1584,44.8469,9.1885,472.2533,8.0189,85.7075,3.6931,15.3847,5.1176
2031-01-15,5.7322,0.0003,43.9356,5.3277,472.9891,8.4905,85.9626,3.1507,16.2516,4.4948
2031-01-16,6.4900,0.0000,49.3802,3.9151,473.8613,8.9635,86.0106,2.9541,17.1175,4.3408
2031-01-17,7.9019,0.0005,44.4571,3.6070,474.9876,9.5790,86.2424,3.0050,18.2385,4.6064
2031-01-18,7.7660,0.0189,56.6708,4.3312,476.0895,10.0519,86.0162,3.0191,19.0959,4.7686
2031-01-19,6.5716,0.0113,58.6317,4.9390,476.9764,10.4426,85.6283,2.9485,19.8015,4.7642
2031-01-20,6.7455,0.0000,47.1771,4.2663,477.8945,10.9528,85.7073,2.8818,20.7186,4.7925
2031-01-21,7.8713,0.0000,41.7676,4.0357,479.0154,11.5960,86.3808,3.1312,21.8685,5.3967
2031-01-22,8.2925,0.0111,57.4442,3.4544,480.2120,12.0881,86.0537,2.9038,22.7448,5.1329
2031-01-23,9.2920,0.6533,78.2531,3.6699,481.5886,12.3663,82.1845,1.7540,23.2406,2.9706
2031-01-24,17.5921,2.6915,60.5320,4.9202,484.4591,10.1630,67.6903,0.7445,19.3130,0.6602
2031-01-25,14.4275,0.1443,58.5638,3.5226,486.7601,10.9550,77.2053,1.0559,20.7430,0.9795
2031-01-26,8.1802,0.0019,44.2914,5.8408,487.9365,11.5915,82.4781,2.0291,21.8834,3.3844
2031-01-27,4.5544,0.0044,47.5673,5.3535,488.4603,11.9565,83.9630,2.3982,22.5340,4.1768
2031-01-28,5.5166,0.0438,58.6697,3.1171,489.1573,12.2932,84.0103,2.1562,23.1329,3.7834
2031-01-29,7.8154,0.3505,65.8725,3.2378,490.2681,12.6677,84.0577,2.1831,23.7982,3.9161
2031-01-30,12.0761,3.1262,81.7850,5.6189,483.3600,9.2414,55.0350,0.3716,17.6396,0.3115
2031-01-31,14.5114,4.6559,68.2478,6.0537,468.9326,5.9202,47.7542,0.1666,11.4781,0.1084
2031-02-01,12.2922,5.1193,54.1139,9.5615,452.3456,3.8315,50.4552,0.2806,7.5041,0.1458
2031-02-02,12.5041,2.3256,63.5474,6.1217,454.3003,3.1044,55.4215,0.3946,6.1046,0.1857
2031-02-03,12.5887,1.9634,62.6013,4.8061,456.2703,2.8049,59.1175,0.4924,5.5248,0.2213
2031-02-04,7.7564,0.2674,39.0584,8.8540,457.3704,3.5715,75.1784,1.2087,7.0063,0.6072
2031-02-05,3.4417,0.0016,42.3242,8.3679,457.6939,3.9436,80.9702,1.9262,7.7209,1.1114
2031-02-06,4.7760,0.0001,36.5005,4.9408,458.2576,4.4737,84.4261,2.4995,8.7341,2.1965
2031-02-07,8.2768,0.0010,31.0675,3.6373,459.4514,5.3918,87.1183,3.4075,10.4763,3.7103
2031-02-08,8.6641,5.3041,74.7988,4.2719,441.7260,2.9370,46.2239,0.1227,5.7779,0.0563
2031-02-09,7.4197,1.9985,55.1364,6.6092,442.7656,2.4405,54.4087,0.3686,4.8146,0.1560
2031-02-10,4.8797,1.0541,53.9856,6.5053,443.3479,2.8314,63.5461,0.6879,5.5737,0.3104
2031-02-11,4.2170,0.3049,54.1990,6.7303,443.8110,3.1773,73.2167,0.9862,6.2428,0.4689
2031-02-12,7.4644,0.0618,49.2749,7.2043,444.8586,3.7944,79.9840,1.6322,7.4303,0.8440
2031-02-13,6.5074,0.3467,48.9671,7.1249,445.7339,4.3459,82.9770,2.3054,8.4849,1.8861
2031-02-14,3.4536,0.0462,51.3357,7.5644,446.0595,4.6606,83.7852,2.6183,9.0840,2.4214
2031-02-15,3.4610,0.2405,55.8852,6.6163,446.3865,4.9465,83.8325,2.5118,9.6262,2.3849
2031-02-16,2.6244,0.4432,54.9148,8.1218,446.5629,5.1850,83.8798,2.7269,10.0774,2.7585
2031-02-17,2.3524,0.2562,52.6187,8.3242,446.6903,5.4173,84.0251,2.8086,10.5158,2.9519
2031-02-18,2.4492,0.0132,46.2931,8.5473,446.8352,5.6881,84.6655,3.0966,11.0254,3.4317
2031-02-19,3.4194,0.0013,40.3447,5.5792,447.1547,6.0711,85.6038,3.0347,11.7436,3.4929
2031-02-20,4.3758,0.0015,42.8095,3.8739,447.6463,6.5159,85.8904,2.8987,12.5743,3.4643
2031-02-21,6.4739,0.0027,47.0506,3.5312,448.5156,7.0856,85.9384,2.8683,13.6328,3.6130
2031-02-22,6.6941,0.0028,52.2401,4.1481,449.4246,7.6144,85.9864,2.9788,14.6099,3.9480
2031-02-23,8.5270,0.0053,50.7450,4.7309,450.6634,8.2879,86.0344,3.0884,15.8473,4.3296
2031-02-24,10.1075,0.1136,55.2215,4.1001,452.1868,9.0008,86.0825,3.0120,17.1483,4.4366
2031-02-25,9.2286,0.7980,70.6623,3.8385,453.5519,9.4313,80.4052,1.4404,17.9304,1.7452
2031-02-26,10.2890,3.3618,75.9863,4.7293,445.9141,6.5429,53.5612,0.3088,12.6228,0.2121
2031-02-27,11.8200,4.5744,73.9418,5.6357,432.8612,3.9715,42.3952,0.0713,7.7648,0.0377
2031-02-28,11.0690,11.5241,76.4648,9.0775,389.0595,1.8105,31.0715,0.0073,3.5794,0.0027
2031-03-01,8.0209,0.7865,51.8374,8.5758,390.2072,2.5593,54.9383,0.4275,5.0360,0.1845
2031-03-02,6.7846,0.4280,59.7961,5.0806,391.1325,3.0996,67.6236,0.7489,6.0789,0.3517
2031-03-03,7.1321,2.2039,67.3546,7.8883,392.1202,2.3320,59.4293,0.5872,4.5956,0.2437
2031-03-04,9.2091,0.3701,43.6848,6.3667,393.4819,3.3216,74.5775,1.0321,6.5059,0.5004
2031-03-05,7.5416,1.0685,61.5468,6.8526,394.5434,3.8880,73.3091,0.9962,7.5891,0.5206
2031-03-06,10.4679,0.0325,42.9056,7.0283,396.1316,5.0139,81.6838,1.9557,9.7201,1.5912
2031-03-07,12.5211,0.6504,44.8277,4.7423,398.0894,6.2949,83.6788,2.2396,12.1110,2.4256
2031-03-08,8.6683,0.2847,45.0983,7.6490,399.3537,7.2090,85.3342,3.2445,13.7955,4.1780
2031-03-09,10.9743,0.0001,28.6993,5.9960,401.0330,8.6765,88.3545,4.5799,16.4626,6.5601
2031-03-10,11.2855,0.0006,44.7758,5.2528,402.7684,9.8424,88.3890,4.4335,18.5515,6.8145
2031-03-11,14.5794,0.0001,28.1708,5.2788,405.0967,11.7622,89.9711,5.5706,21.9324,9.1653
2031-03-12,13.5876,0.0009,33.7858,5.4400,407.2465,13.4200,90.0204,5.6559,24.7972,9.9293
2031-03-13,12.0696,0.0295,41.1262,4.1633,409.1230,14.7417,89.5560,4.9619,27.0469,9.3298
2031-03-14,14.4817,0.0002,27.6155,4.4233,411.4337,16.6642,90.3841,5.6606,30.2640,11.0838
2031-03-15,17.5746,0.0000,34.5379,4.4475,414.3012,18.7481,90.4336,5.7077,33.6853,11.8348
2031-03-16,17.1597,0.5536,45.3446,4.7669,417.0939,20.4493,89.0668,4.7683,36.4329,10.6804
2031-03-17,18.4176,0.0363,47.1198,4.3421,420.1131,22.2086,89.1159,4.7003,39.2323,11.0085
2031-03-18,21.1126,0.0002,41.1756,5.0260,423.6173,24.4359,89.1649,4.8995,42.7122,11.9461
2031-03-19,20.1865,0.0093,44.5439,5.6786,426.9549,26.4481,89.2140,5.0991,45.8029,12.8255
2031-03-20,20.2515,0.3849,55.4346,8.7071,430.3042,28.0701,88.3273,5.2299,48.2684,13.4717
2031-03-21,22.3316,0.3505,55.3944,11.1324,434.0279,29.8517,88.3761,5.9513,50.9438,15.3337
2031-03-22,19.4324,2.1374,58.0516,8.4020,437.2297,27.6227,75.6853,1.2172,47.7099,3.4528
2031-03-23,16.1840,0.7731,48.8018,6.6040,439.8468,29.1311,81.2277,1.8149,49.9858,5.4838
2031-03-24,18.5503,0.0013,40.3552,5.3571,442.8899,31.1289,86.7233,3.5130,52.9532,10.3114
2031-03-25,18.9744,0.0007,40.0343,6.3963,446.0093,33.1809,88.4265,4.7218,55.9549,13.5087
2031-03-26,21.2613,0.0000,38.0230,5.1094,449.5403,35.5433,89.4588,5.1321,59.3543,14.8924
2031-03-27,24.5266,0.0000,40.9709,5.2298,453.6591,38.1219,89.7081,5.3513,63.0072,15.8906
2031-03-28,28.7345,0.0000,35.5531,4.6572,458.5353,41.3994,91.2418,6.4731,67.5513,19.0123
2031-03-29,27.1341,0.0000,30.2863,6.0686,463.1234,44.7545,92.1415,7.8956,72.0922,22.7003
2031-03-30,21.4450,0.0952,40.8139,6.2340,466.6875,47.0291,91.1935,6.9604,75.1305,21.2041
2031-03-31,21.8478,0.0000,39.9393,5.6428,470.3241,49.3784,91.0815,6.6493,78.2251,20.9632
2031-04-01,18.6408,0.0001,45.6087,5.8919,474.6335,51.9815,89.9786,5.7516,81.6165,19.2997
2031-04-02,13.6756,2.1429,82.2793,6.1476,478.0491,46.4669,65.7495,0.7401,74.7656,2.7923
2031-04-03,16.3482,6.4998,74.9441,4.6419,455.9800,28.8078,43.3972,0.0804,49.7569,0.1348
2031-04-04,20.2089,2.0198,44.0791,7.6657,460.5716,28.5720,68.2891,0.8718,49.4715,2.3190
2031-04-05,17.0974,8.7681,61.2844,8.2978,428.8484,16.3044,51.5559,0.2990,29.7785,0.3513
2031-04-06,19.7357,0.2679,42.4670,5.7149,433.3548,19.2105,76.8748,1.1507,34.5879,2.4121
2031-04-07,20.3255,0.0447,43.7732,4.6498,437.9674,22.1311,85.2451,2.7552,39.2978,6.9433
2031-04-08,20.2475,0.1564,53.2708,9.3252,442.5660,24.5495,86.4667,4.1375,43.1193,10.4649
2031-04-09,21.1260,0.9051,66.3921,5.9376,447.3226,26.3604,82.0348,1.9308,45.9511,5.4956
2031-04-10,20.2969,4.1699,68.5303,5.4421,438.9467,19.6155,60.4197,0.5526,35.2885,0.7286
2031-04-11,20.2938,1.6984,47.6563,6.8311,443.5536,20.9938,73.4817,1.0026,37.5450,2.1405
2031-04-12,19.0473,4.0813,53.1624,6.2975,435.4976,16.4931,64.2131,0.7011,30.1332,0.8303
2031-04-13,19.7530,1.0014,50.2991,5.0190,440.0071,19.0057,76.6372,1.0924,34.3068,2.2187
2031-04-14,17.9708,1.4008,57.0294,10.2847,444.1959,20.9924,77.2248,1.4868,37.5485,3.5848
2031-04-15,15.0169,2.5456,57.2294,17.9596,447.8529,18.6543,71.1267,1.6047,33.7900,3.6008
2031-04-16,12.9459,4.2565,81.9800,8.6366,437.7176,12.8972,47.0985,0.1733,24.0247,0.1767
2031-04-17,16.5304,0.0027,36.2359,5.3491,441.6471,15.6226,74.0960,0.9572,28.7065,1.4060
2031-04-18,20.8511,0.0000,31.0367,4.8512,446.3543,19.2926,86.8724,3.4979,34.8224,7.9861
2031-04-19,21.1631,0.0025,37.3704,5.9249,451.1177,22.6729,89.1932,5.1474,40.2841,12.0271
2031-04-20,21.1259,0.0631,47.5906,5.8723,455.8743,25.4968,89.2423,5.1700,44.7382,12.7972
2031-04-21,22.3450,0.4776,45.7262,6.0751,460.8504,28.5817,89.2914,5.2601,49.4900,13.7216
2031-04-22,23.1495,0.0010,36.8386,4.3317,465.9714,32.2948,90.0956,5.4066,55.0511,14.8671
2031-04-23,23.6717,0.0000,34.7341,4.6245,471.1863,36.2143,90.6692,5.9560,60.7550,16.8841
2031-04-24,20.7349,1.6063,45.1436,5.4517,475.8726,37.6409,81.8848,1.8502,62.8528,6.5448
2031-04-25,21.5269,0.1481,45.9608,5.0719,480.7014,40.6052,86.6672,3.4355,67.0508,11.6457
2031-04-26,23.6478,0.0073,35.2920,5.7606,485.9120,44.4874,89.9050,5.6537,72.4028,17.8669
2031-04-27,22.0033,0.0027,30.1786,5.3088,490.8266,48.3981,91.1306,6.5841,77.6536,20.7343
2031-04-28,22.3793,0.4792,42.7611,5.5201,495.8089,51.6562,90.7588,6.3111,81.9638,20.6905
2031-04-29,26.6466,0.0023,31.1055,5.1779,501.5592,56.2905,91.8404,7.2344,87.9143,23.6641
2031-04-30,27.0147,0.0308,32.0344,5.2521,507.3759,60.9230,91.9051,7.3283,93.7142,24.6731
2031-05-01,26.4779,0.0017,35.8924,7.6063,514.5459,65.5774,91.9551,8.3099,99.4639,27.7137
2031-05-02,27.2545,0.0126,34.1046,6.9658,521.8557,70.4964,92.0051,8.1031,105.3978,27.9925
2031-05-03,26.7745,0.1549,40.0516,8.3859,529.0792,74.8956,91.8833,8.5555,110.6372,29.6873
2031-05-04,20.2661,3.0983,42.9162,18.3225,525.6279,60.5673,78.8400,2.5541,94.0434,11.2037
2031-05-05,19.3678,2.9023,48.6458,10.2029,523.2608,50.8611,73.0307,1.1656,81.8360,5.0396
2031-05-06,22.0217,0.4020,39.8402,5.0683,529.6287,54.5231,85.4032,2.8762,86.7260,11.7571
2031-05-07,22.4240,0.0085,38.9070,4.2430,536.0690,58.3066,88.7608,4.4445,91.6830,17.0033
2031-05-08,24.8223,0.0135,36.2114,4.8237,542.9410,62.6599,90.3439,5.7428,97.2586,21.1574
2031-05-09,27.2119,0.0000,32.3047,3.6293,550.2432,67.7056,91.6341,6.4985,103.5557,23.8252
2031-05-10,27.3374,0.0000,28.0312,5.4324,557.5679,73.0936,92.6308,8.1923,110.1027,28.7643
2031-05-11,26.1852,0.0000,23.8678,5.1725,564.6852,78.5624,93.3740,8.9728,116.5774,31.3462
2031-05-12,27.1546,0.0000,26.9990,4.5541,571.9771,83.9925,93.4245,8.7589,122.8756,31.5000
2031-05-13,26.2480,0.0015,30.8418,5.0060,579.1057,88.9718,93.4750,9.0240,128.5635,32.6856
2031-05-14,25.4589,0.0174,33.4690,4.3224,586.0923,93.6237,93.0485,8.2143,133.8097,31.1297
2031-05-15,25.7336,0.4242,45.8009,5.9271,593.1284,97.4525,91.1664,6.8272,138.1564,27.7588
2031-05-16,26.9447,1.0945,53.9448,5.5686,600.3824,100.8529,85.3802,2.9403,142.0510,15.2662
2031-05-17,28.5279,0.3156,36.8375,6.0728,607.9214,105.7795,90.3749,6.1430,147.4274,26.3508
2031-05-18,28.9391,0.0177,31.3117,5.8316,615.5345,111.2116,92.1274,7.7864,153.2170,31.3068
2031-05-19,26.4404,0.0077,27.9228,7.3463,622.6978,116.4375,92.5934,8.9744,158.6913,34.7238
2031-05-20,26.1339,0.3247,29.5098,8.4244,629.8059,121.4915,92.6436,9.5426,163.9276,36.4325
2031-05-21,24.5867,0.4238,38.5438,7.3778,636.6355,125.6474,91.9749,8.2378,168.2698,33.2511
2031-05-22,27.1783,2.2293,34.3251,6.1142,643.9316,103.5795,84.9655,2.8541,147.7452,15.1252
2031-05-23,27.3948,0.2649,36.1280,4.1780,651.2666,108.3710,90.0933,5.3631,153.0663,24.2390
2031-05-24,28.7505,0.7429,36.4157,4.3064,658.8457,113.3679,90.1616,5.4510,158.5370,24.7494
2031-05-25,30.3789,0.0136,31.0145,6.0661,666.7179,119.0849,92.4045,8.1930,164.6486,32.9724
2031-05-26,29.9217,0.3751,32.2279,6.9029,674.5078,124.6198,92.4546,8.6064,170.4912,34.3254
2031-05-27,29.5714,0.0000,28.6059,6.9811,682.2347,130.3847,92.9877,9.3122,176.4596,36.3996
2031-05-28,28.0352,0.2507,43.0428,5.0554,689.6850,134.7535,91.8368,7.1862,181.0643,30.7848
2031-05-29,27.0368,3.2340,55.7009,14.8892,681.6401,91.7156,79.1189,2.2054,137.2599,12.0370
2031-05-30,29.4107,0.0538,41.7210,5.8850,689.3380,96.3968,88.7162,4.7971,142.8525,21.9368
2031-05-31,30.5603,0.0002,29.8860,4.4940,697.2429,102.2409,92.4313,7.5977,149.6292,30.5935
2031-06-01,32.2176,0.0011,25.3274,4.0054,706.4461,108.7907,94.0147,9.2486,157.0993,35.3321
2031-06-02,35.6393,0.0076,13.5211,4.3727,716.2651,117.1551,97.1470,14.4258,166.3061,47.6690
2031-06-03,35.7253,0.0084,12.8812,3.4959,726.0997,125.6012,97.4997,14.4660,175.3653,48.2494
2031-06-04,31.8829,0.2879,34.7774,3.6493,735.2426,131.2646,94.5621,9.7976,181.5139,37.8194
2031-06-05,34.7091,0.0187,28.4932,4.8347,744.8942,138.0058,94.6129,10.4737,188.6391,39.7404
2031-06-06,37.5614,0.0233,15.6200,5.2408,755.0593,146.5942,97.0680,14.9129,197.3837,50.0778
2031-06-07,32.2802,0.0645,30.4657,15.3294,764.2737,152.7048,94.9566,18.6323,203.6730,57.7074
2031-06-08,28.4621,0.0019,27.2257,6.4423,772.8009,158.3686,94.7021,11.4975,209.4379,42.7643
2031-06-09,28.9757,0.0000,22.2914,5.6029,781.4205,164.5215,94.7530,11.0987,215.5745,41.9272
2031-06-10,27.5280,0.0175,28.5690,5.5323,789.7796,169.9051,94.3440,10.4536,220.9681,40.4311
2031-06-11,30.6589,0.0031,23.5851,4.6926,798.7022,176.2941,94.3948,10.0911,227.2103,39.6085
2031-06-12,31.0423,0.0067,27.6844,5.2417,807.6938,182.4135,94.4456,10.4471,233.1740,40.5834
2031-06-13,28.3388,0.4472,35.5743,7.3350,816.1988,187.4066,93.2758,9.8696,238.1244,39.1716
2031-06-14,22.3316,16.5846,63.5942,9.0879,668.6624,71.2674,56.4155,0.4989,112.5463,2.4301
2031-06-15,27.3940,0.0081,31.4802,7.4639,676.9973,76.4074,86.1187,3.5866,119.1859,16.5281
2031-06-16,29.3226,0.0000,24.7655,4.5562,685.6794,82.4331,92.8232,8.0531,126.7663,30.1242
2031-06-17,29.1865,0.0000,21.5699,7.0934,694.3370,88.6867,94.3362,11.2971,134.4429,38.4911
2031-06-18,28.7716,0.0000,21.7505,6.5963,702.9199,94.8404,94.4007,11.1161,141.8377,38.7413
2031-06-19,30.1119,0.0000,20.7821,6.1607,711.7440,101.3497,94.8028,11.4935,149.4844,40.1906
2031-06-20,30.8652,0.0000,20.7976,6.1028,720.7037,108.0149,94.9532,11.6989,157.1485,41.1804
2031-06-21,32.0807,0.0008,17.1449,5.4370,729.8823,115.2526,95.9078,12.8846,165.2646,44.3155
2031-06-22,31.7360,0.1230,27.3528,5.0442,738.9987,121.5326,95.3385,11.6912,172.2475,41.9977
2031-06-23,33.3159,0.0452,27.0502,4.7845,748.3996,128.1422,95.3896,11.6199,179.4641,42.1500
2031-06-24,32.4256,0.0552,31.1789,4.2214,757.6402,134.2165,94.7143,10.2975,186.0401,39.2218
2031-06-25,34.2036,0.0592,25.1275,4.4140,767.2008,141.1753,94.7652,10.4709,193.3864,39.8770
2031-06-26,35.6676,0.0001,19.6154,3.3567,777.0250,148.9563,95.9281,11.6343,201.3941,42.8999
2031-06-27,36.8356,0.0000,14.0576,4.4799,787.0594,157.5395,97.3432,14.8882,209.9959,50.3787
2031-06-28,36.5405,0.0008,16.5684,4.9241,797.0407,165.8071,97.3950,15.3305,218.1570,51.4936
2031-06-29,36.5673,0.0000,22.2033,4.9819,807.0268,173.5218,97.1028,14.7882,225.7144,50.4888
2031-06-30,35.7337,0.0202,25.4940,4.9189,816.8629,180.7467,96.4066,13.4276,232.7450,47.6245
2031-07-01,30.8317,3.0355,42.8132,4.3076,807.5951,108.1209,82.4705,1.8764,162.0153,11.1798
2031-07-02,29.5070,2.8194,46.1783,12.0576,801.0536,84.4054,82.5535,2.8018,133.6142,14.3766
2031-07-03,27.2358,1.2197,48.2852,7.4175,809.6601,87.8469,84.7356,2.9534,138.2060,15.1662
2031-07-04,28.4636,10.0071,46.1551,5.6955,725.3756,49.7654,70.2701,0.8408,84.9590,3.6566
2031-07-05,25.1921,6.1235,62.8635,6.1576,690.0581,32.7407,61.4135,0.6069,58.5378,1.5408
2031-07-06,29.5459,0.7044,49.0503,4.4498,699.0804,36.4077,82.6293,1.9278,64.4271,6.9134
2031-07-07,31.0544,0.1821,42.9515,4.1235,708.3742,40.7158,89.3066,4.7779,71.2005,15.6044
2031-07-08,32.9354,0.0024,36.9387,3.6085,718.0066,45.7566,91.6391,6.4963,78.9370,20.7149
2031-07-09,31.0369,1.3289,42.2506,4.2151,727.2972,50.1152,87.6582,3.7893,85.5015,14.4888
2031-07-10,31.4278,0.8738,43.4994,3.5128,736.6582,54.4315,88.5790,4.1736,91.8889,16.2394
2031-07-11,32.7386,0.2698,43.5423,3.9990,746.2552,58.9183,90.4031,5.5559,98.4121,20.7844
2031-07-12,29.7745,3.2493,50.2796,4.6828,737.5727,48.6731,78.5404,1.2500,83.5606,5.4896
2031-07-13,30.4161,0.3415,49.1394,6.2445,746.7516,52.4377,87.5843,4.1532,89.2137,15.9175
2031-07-14,31.1894,0.0177,41.5429,5.8651,756.0697,56.8707,90.3778,6.0816,95.7381,21.8667
2031-07-15,33.1032,0.0000,32.5299,4.5666,765.7323,62.2904,92.6004,7.8091,103.5268,27.0658
2031-07-16,34.5375,0.0451,30.4154,4.2843,775.6530,68.1144,93.4491,8.6704,111.7052,30.0820
2031-07-17,36.0756,0.0898,31.1675,3.4566,785.8506,74.1242,93.6293,8.5276,119.9606,30.6463
2031-07-18,36.9799,0.0862,31.2578,3.6510,796.2110,80.2720,93.7725,8.7847,128.2255,32.0734
2031-07-19,35.0100,1.2158,40.2343,4.8431,806.2168,85.3405,90.0147,5.4837,134.9649,23.6522
2031-07-20,33.6453,0.9837,44.7469,4.6648,815.9770,89.8492,89.0198,4.7119,140.9089,21.5599
2031-07-21,37.3005,0.1128,37.5826,4.5040,826.3950,95.4784,92.3073,7.4698,148.1617,30.1599
2031-07-22,36.8127,0.0180,35.5382,5.3591,836.7253,101.2181,92.8581,8.4268,155.4304,33.1305
2031-07-23,31.6136,0.0000,31.2128,7.8820,846.1198,106.5030,92.9084,9.6370,162.0211,36.5706
2031-07-24,31.6163,0.0000,30.3106,5.1090,855.5147,111.8577,93.0365,8.5319,168.6035,34.0491
2031-07-25,32.2877,0.0000,28.0422,5.1369,865.0305,117.5001,93.5773,9.2141,175.4278,36.1077
2031-07-26,33.8440,0.0000,25.6099,5.0917,874.8264,123.6051,94.3457,10.2265,182.6819,38.9311
2031-07-27,35.7052,0.0000,25.3569,4.6051,884.9573,130.0572,94.7559,10.5587,190.2240,39.9987
2031-07-28,34.4387,0.5539,36.7895,4.4873,894.8603,135.3331,93.2860,8.5624,196.4075,35.0388
2031-07-29,35.7931,0.0000,33.7526,4.3380,905.0071,141.0731,93.3364,8.5583,203.0265,35.1763
2031-07-30,38.1494,0.0003,31.4642,3.3671,915.5780,147.3907,93.9028,8.8180,210.1899,36.0164
2031-07-31,39.2243,0.0001,30.2711,4.6465,926.3423,153.9943,94.3492,10.0046,217.5679,39.2440
2031-08-01,36.0625,0.0000,41.3239,4.9417,935.8376,158.4960,93.3806,8.8772,222.6995,36.3748
2031-08-02,37.0574,0.0177,34.2612,5.2399,945.5119,163.6745,93.4311,9.0753,228.4733,36.9807
2031-08-03,36.6619,0.0000,31.7583,5.8647,955.1151,168.9945,93.6142,9.6075,234.3337,38.4519
2031-08-04,36.5759,0.0037,34.2297,4.9255,964.7027,174.1102,93.6647,9.2281,239.9531,37.5128
2031-08-05,37.0019,0.0000,35.5838,4.8847,974.3671,179.1771,93.7153,9.2741,245.4940,37.6853
2031-08-06,33.5441,0.3327,43.4327,4.8086,983.4090,183.2229,92.6067,7.9120,249.9997,33.9801
2031-08-07,29.6698,5.6128,54.9720,5.7381,920.5277,87.0145,73.0086,0.9299,140.7640,5.7026
2031-08-08,30.0723,6.5956,55.1407,4.7138,853.8067,54.0231,68.7777,0.7631,93.2894,3.5396
2031-08-09,31.1417,0.0525,44.5902,6.0610,862.4162,57.7113,87.0073,3.7898,98.8804,15.7084
2031-08-10,29.6869,0.0014,40.4965,5.7336,870.7638,61.4932,90.1992,5.8890,104.5315,22.3242
2031-08-11,28.0524,0.3013,45.2343,5.9144,878.8172,64.7892,90.2487,5.9851,109.4128,23.0732
2031-08-12,28.7672,0.0006,41.2213,4.6788,886.9993,68.4135,90.4076,5.7532,114.7086,22.9223
2031-08-13,31.2079,0.0000,32.1453,3.6017,895.6207,72.9393,92.3270,7.1577,121.2019,27.3185
2031-08-14,33.4225,0.0000,29.6006,3.8106,904.6408,77.9567,93.3883,8.3943,128.2778,31.1152
2031-08-15,34.0319,0.0000,30.3344,4.0248,913.7705,83.0094,93.4554,8.5652,135.2929,32.1359
2031-08-16,34.5194,0.0001,31.2816,3.9984,922.9880,88.0626,93.5059,8.6143,142.2055,32.7824
2031-08-17,32.2115,0.1341,38.5221,6.0954,931.7901,92.2905,93.1498,9.1101,147.9469,34.4255
2031-08-18,31.2080,0.0000,38.6541,6.0382,940.4115,96.3821,92.9269,8.8047,153.4475,33.9958
2031-08-19,32.1307,0.0000,30.5622,5.0750,949.1991,101.1458,93.0718,8.5596,159.7378,33.7063
2031-08-20,34.1416,0.0000,28.3987,4.8448,958.3485,106.3552,93.8103,9.3785,166.5125,36.1448
2031-08-21,34.1562,0.0000,30.0360,5.7916,967.5007,111.4475,93.8609,9.9061,173.0581,37.7618
2031-08-22,33.2992,0.0000,27.4401,8.2080,976.4985,116.6004,93.9296,11.2960,179.5902,41.3962
2031-08-23,32.3018,0.0000,25.5528,7.5160,985.3168,121.7340,94.1458,11.2405,186.0139,41.5050
2031-08-24,33.1404,0.0000,19.6112,5.4404,994.2861,127.4166,95.4896,12.1752,193.0010,43.9220
2031-08-25,33.2718,0.0000,22.2740,5.6976,1003.2791,132.9319,95.5408,12.4203,199.7109,44.6823
2031-08-26,31.0063,0.0000,34.2487,7.9191,1011.8642,137.2901,94.0147,11.2648,205.0328,42.1095
2031-08-27,30.7737,0.0000,32.1387,6.7274,1020.4075,141.7555,94.0305,10.6316,210.4288,40.6850
2031-08-28,31.4276,0.0000,28.0058,6.1401,1029.0684,146.5900,94.0812,10.3942,216.1899,40.2033
2031-08-29,31.8497,0.0000,24.7466,6.1447,1037.8054,151.7090,94.2458,10.6360,222.2100,40.9043
2031-08-30,31.9272,0.0000,22.9075,5.9104,1046.5563,156.9655,94.6370,11.0938,228.3205,42.1191
2031-08-31,31.5827,0.0000,24.2455,5.5824,1055.2452,162.0768,94.6879,10.9886,234.2185,41.9383
2031-09-01,33.9199,0.0000,23.6509,3.9505,1063.0547,166.8370,94.8360,10.3292,239.6476,40.3589
2031-09-02,33.8849,0.6290,33.0147,3.3259,1070.8580,171.0092,92.7182,7.4583,244.4326,32.6312
2031-09-03,34.4761,0.0673,34.4857,3.3280,1078.7677,175.1588,92.7685,7.5119,249.1726,32.8224
2031-09-04,34.8569,0.0010,30.1833,3.1596,1086.7459,179.6282,93.5529,8.3120,254.2103,35.1358
2031-09-05,35.0472,0.0000,25.7008,3.1215,1094.7584,184.4097,94.5099,9.4721,259.5273,38.3119
2031-09-06,34.9236,0.0009,27.3225,3.8906,1102.7487,189.0709,94.5607,9.9156,264.6873,39.4991
2031-09-07,34.4274,0.0001,35.9542,5.2641,1110.6496,193.1219,94.0486,9.9005,269.2148,39.4850
2031-09-08,30.4514,0.4791,46.6966,10.0443,1117.8349,196.1161,91.6481,8.9963,272.6472,37.1144
2031-09-09,28.1329,1.4912,53.2059,11.0340,1124.6028,198.5515,84.9153,3.6319,275.5017,19.9046
2031-09-10,24.8508,0.9055,48.7848,7.4360,1130.7800,200.9177,85.6845,3.3701,278.2405,18.8545
2031-09-11,24.6084,0.0001,33.7183,5.7046,1136.9135,203.9514,90.1577,5.8456,281.6083,27.8462
2031-09-12,25.5812,0.0000,27.2559,5.2966,1143.2221,207.4069,92.2578,7.7201,285.3783,33.6006
2031-09-13,24.8699,0.0003,33.2963,7.5115,1149.4027,210.4910,92.3079,8.6929,288.7737,36.3496
2031-09-14,25.1891,0.0008,32.9567,7.4151,1155.6407,213.6289,92.3580,8.7121,292.2133,36.4125
2031-09-15,25.6167,0.0006,32.1792,7.4769,1161.9557,216.8548,92.4082,8.8012,295.7300,36.6661
2031-09-16,26.0966,0.0000,31.0304,6.1192,1168.3571,220.1943,92.4583,8.2775,299.3474,35.2259
2031-09-17,26.3030,0.0000,27.1923,5.2448,1174.7956,223.7464,92.7487,8.2508,303.1509,35.1596
2031-09-18,26.1835,0.0000,26.2553,5.1607,1181.2127,227.3285,92.9465,8.4471,306.9656,35.7163
2031-09-19,25.8945,0.0000,30.4653,5.5026,1187.5777,230.6704,92.9969,8.6547,310.5438,36.2977
2031-09-20,25.7067,0.0000,32.4103,6.1224,1193.9089,233.8961,93.0472,8.9925,314.0031,37.2259
2031-09-21,26.3965,0.0000,30.3920,5.1110,1200.3643,237.3037,93.0976,8.6061,317.6262,36.1760
2031-09-22,25.6818,0.0003,30.6737,6.5012,1206.6910,240.6093,93.1480,9.2959,321.1357,38.0528
2031-09-23,24.8633,0.0007,30.4202,6.6516,1212.8704,243.8255,93.1984,9.4328,324.5426,38.4220
2031-09-24,25.1785,0.0003,26.9176,5.3573,1219.1065,247.2447,93.2488,8.8997,328.1239,36.9955
2031-09-25,26.1135,0.0000,22.7200,4.1000,1225.5109,250.9889,93.6722,8.8614,331.9940,36.8957
2031-09-26,27.2264,0.0008,26.9698,3.7569,1232.1157,254.6719,93.7228,8.7709,335.8155,36.6529
2031-09-27,25.9302,1.3594,39.8767,4.2412,1238.4871,257.5652,86.5386,3.2351,338.9197,18.3700
2031-09-28,24.6275,6.9359,54.3901,4.4093,1085.5712,88.6934,64.2277,0.6379,147.3000,3.9416
2031-09-29,24.6518,1.3733,55.5691,3.9705,1091.7126,90.7304,75.5263,0.9643,150.2444,6.0735
2031-09-30,25.2184,0.1302,50.1275,3.7048,1097.9559,93.0672,84.9920,2.5370,153.5877,13.9853
2031-10-01,29.0825,0.0064,40.5968,3.4482,1103.8947,95.7839,89.6347,4.8406,157.4199,22.7246
2031-10-02,27.7556,0.1185,48.1252,4.1950,1109.5947,98.0520,89.6839,5.0618,160.6200,23.5763
2031-10-03,28.5896,0.0189,42.6405,4.0716,1115.4449,100.6323,90.0667,5.3141,164.2249,24.5281
2031-10-04,27.9980,0.8978,46.5136,3.8263,1121.1885,102.9905,87.4997,3.6325,167.5125,18.7715
2031-10-05,27.5578,0.0271,46.8001,3.9653,1126.8529,105.3006,88.8798,4.4582,170.7185,21.8622
2031-10-06,26.4975,6.5415,60.3684,4.9304,1014.5338,61.6036,65.0608,0.6778,106.9690,3.4451
2031-10-07,21.1937,20.9653,86.7683,5.8039,741.2140,25.8515,29.2745,0.0038,47.5564,0.0061
2031-10-08,24.2036,6.6271,70.8150,6.4202,696.3945,15.8384,46.4096,0.1404,29.9726,0.1657
2031-10-09,24.0952,8.9938,65.0512,8.4026,637.3157,9.3208,53.7401,0.3782,17.9841,0.3209
2031-10-10,24.9284,0.0018,30.6176,6.8334,642.5068,12.0571,84.0534,2.6152,23.0337,4.6492
2031-10-11,25.3606,0.0000,26.2544,4.4364,647.7757,15.0138,91.2846,6.4406,28.3830,11.8848
2031-10-12,26.7869,0.0000,35.6461,3.7665,653.3013,17.7330,91.3344,6.2710,33.2123,12.6612
2031-10-13,27.4673,0.0030,49.9145,5.4542,658.9494,19.9010,90.4283,6.0001,37.0078,12.9655
2031-10-14,27.8147,0.2432,57.4183,9.4743,664.6601,21.7666,89.1725,6.1372,40.2388,13.8116
2031-10-15,22.9996,0.0030,26.5307,5.3299,669.5040,24.4494,91.7757,7.2235,44.8079,16.5718
2031-10-16,22.9195,0.1273,38.3651,4.6044,674.3335,26.6925,91.5885,6.7818,48.5778,16.4985
2031-10-17,23.4885,0.5089,52.4601,5.1655,679.2654,28.4637,89.6242,5.2702,51.5292,14.0536
2031-10-18,16.6541,0.0000,33.5365,5.2124,682.9672,30.2516,89.8098,5.4251,54.4713,14.8194
2031-10-19,20.0824,0.0000,25.4936,4.2422,687.2860,32.6429,91.5909,6.6614,58.3567,17.9559
2031-10-20,24.1027,1.9501,46.0612,4.9238,692.3285,31.5816,81.3680,1.6948,56.6973,5.6032
2031-10-21,16.5921,0.9974,56.6045,9.9680,696.0191,32.7449,80.7505,2.0372,58.5978,6.8268
2031-10-22,12.2000,0.1948,44.7249,12.3551,698.9191,33.8588,85.0414,3.9498,60.4022,12.2548
2031-10-23,13.0630,0.0003,31.9325,5.0124,701.9744,35.3195,88.0873,4.1946,62.7464,13.1380
2031-10-24,16.3036,0.7254,50.8638,3.9372,705.6130,36.6152,85.1618,2.6276,64.8213,9.1321
2031-10-25,16.4320,7.9240,86.6739,5.3077,652.5311,20.0230,37.8357,0.0295,37.1929,0.0403
2031-10-26,21.4106,0.6977,65.8015,4.2441,657.0890,21.1895,62.7320,0.5905,39.2173,0.8374
2031-10-27,20.1943,0.0012,52.3503,4.7041,661.4279,22.7269,78.8344,1.2853,41.8581,3.3015
2031-10-28,22.1545,0.0016,58.4018,3.8263,666.1197,24.1926,83.9039,2.2032,44.3577,6.0970
2031-10-29,21.6166,0.0123,66.0738,3.4157,670.7147,25.3604,84.5351,2.3490,46.3403,6.6674
2031-10-30,21.9451,0.3071,68.7762,4.4881,675.3688,26.4506,84.5826,2.4955,48.1835,7.2300
2031-10-31,21.7894,0.3832,71.3201,6.2367,679.9949,27.4453,84.6302,2.7431,49.8596,8.0424
2031-11-01,24.9310,1.1237,73.9736,4.7044,684.1865,28.3435,78.9209,1.2957,51.3671,3.9369
2031-11-02,20.2673,9.3368,87.2786,4.1951,622.5599,14.5052,35.2544,0.0159,27.4137,0.0177
2031-11-03,23.4066,0.3860,57.7207,3.6694,626.4771,15.8789,66.5130,0.6716,29.8654,0.7906
2031-11-04,22.7873,0.0347,57.1975,3.7499,630.2828,17.2345,79.9761,1.3703,32.2634,2.8618
2031-11-05,21.1701,4.3827,81.8712,4.5456,611.8787,11.6653,51.5732,0.2479,22.2692,0.2407
2031-11-06,21.5265,1.2102,62.4533,5.0690,615.4574,12.7916,68.4851,0.7697,24.3196,0.7909
2031-11-07,19.0688,4.8768,66.7974,5.8554,593.9003,8.5342,55.2697,0.3841,16.4765,0.3088
2031-11-08,19.5536,0.2756,44.5617,6.3717,597.1240,10.0522,77.9669,1.2951,19.2925,1.5522
2031-11-09,13.9689,0.0000,32.7659,4.2806,599.3424,11.3955,85.6022,2.8419,21.7568,4.8781
2031-11-10,17.1090,0.0000,38.6070,3.4900,602.1260,12.8776,87.9198,3.7927,24.4480,6.9399
2031-11-11,19.7642,0.0010,58.8177,3.4753,605.3875,14.0168,87.5541,3.5967,26.4996,6.9387
2031-11-12,21.8432,0.0002,59.9651,3.1584,609.0233,15.2345,87.5541,3.5397,28.6758,7.1738
2031-11-13,22.1840,0.0001,59.8932,3.1474,612.7204,16.4726,87.6027,3.5624,30.8704,7.5457
2031-11-14,20.4964,0.0123,68.6068,4.1411,616.1138,17.3715,86.2321,3.0825,32.4553,6.8214
2031-11-15,24.5880,0.0881,62.7259,4.5289,620.2436,18.6410,86.2802,3.1647,34.6765,7.2825
2031-11-16,21.8530,0.0000,52.3885,3.5474,623.8811,20.0898,87.0024,3.3366,37.1860,7.9717
2031-11-17,20.2982,0.0001,54.5944,3.5178,627.2388,21.3780,87.0508,3.3546,39.3989,8.2972
2031-11-18,20.8182,0.0000,54.5932,3.2153,630.6901,22.6974,87.0991,3.3267,41.6478,8.5200
2031-11-19,22.5034,0.0000,55.5994,3.8339,634.4447,24.0869,87.1475,3.4558,43.9978,9.1020
2031-11-20,21.2718,0.0033,71.3620,5.1321,637.9776,24.9363,85.7751,3.0389,45.4331,8.3046
2031-11-21,24.0334,0.0424,47.1119,5.6859,642.0076,26.6986,87.9533,4.2569,48.3686,11.4480
2031-11-22,18.9653,0.0098,44.7952,4.9373,645.1254,28.1672,88.0983,4.1854,50.7905,11.6146
2031-11-23,24.3420,0.0099,60.7732,5.2386,649.2109,29.4904,87.8769,4.1167,52.9659,11.7415
2031-11-24,20.2570,0.0115,55.0185,4.3219,652.5612,30.7640,87.9255,3.9584,55.0410,11.6318
2031-11-25,16.4483,0.2115,71.6708,4.3073,655.2259,31.4231,85.5134,2.8108,56.1180,8.8455
2031-11-26,22.1366,0.0017,63.6568,4.7110,658.9145,32.5428,85.5613,2.8877,57.9325,9.2326
2031-11-27,21.0243,0.0042,70.2826,4.5722,662.4029,33.4145,85.5725,2.8720,59.3449,9.3273
2031-11-28,22.0782,0.0051,69.2396,4.1544,666.0810,34.3597,85.6204,2.8310,60.8696,9.3591
2031-11-29,19.6960,0.0184,72.1073,3.9778,669.3302,35.1288,85.1596,2.6322,62.1084,8.9048
2031-11-30,20.0193,0.1422,74.0041,4.0330,672.6377,35.8566,84.7922,2.5096,63.2800,8.6465
2031-12-01,17.9294,12.3307,89.0933,5.0565,590.4654,16.3458,31.2451,0.0062,30.5755,0.0074
2031-12-02,21.2918,0.3576,57.9158,4.4232,594.0020,17.4166,63.1035,0.6067,32.4543,0.7554
2031-12-03,25.6342,1.6956,64.8361,9.0199,598.3201,17.2366,73.8963,1.1409,32.1573,2.2164
2031-12-04,17.5981,4.2718,67.7590,6.0733,581.6840,11.9237,56.8223,0.4430,22.6850,0.4352
2031-12-05,14.3269,2.1414,49.7643,7.2171,583.9668,10.6776,65.0573,0.7604,20.4217,0.6985
2031-12-06,14.4512,0.0010,40.3749,4.4501,586.2721,11.7313,79.5060,1.3533,22.3448,1.9887
2031-12-07,15.6023,6.6780,72.4572,4.9560,553.9256,6.7770,47.2749,0.1475,13.1517,0.1038
2031-12-08,15.9596,3.3211,62.8818,5.0448,544.9822,4.8570,52.1012,0.2695,9.5023,0.1582
2031-12-09,14.4427,0.0036,46.7958,4.0540,547.2858,5.7968,72.0963,0.8242,11.2945,0.5316
2031-12-10,12.9466,0.0389,59.3098,3.4115,549.3202,6.4463,78.7960,1.2000,12.5251,0.8205
2031-12-11,17.5702,3.3404,78.3036,5.1576,540.6761,4.3367,56.3961,0.4086,8.5029,0.2262
2031-12-12,17.0165,1.7110,58.8290,6.0323,543.4431,4.3933,66.0749,0.7447,8.6126,0.4151
2031-12-13,14.1803,0.0016,39.7849,3.2937,545.6995,5.4389,79.5567,1.2832,10.6134,0.7996
2031-12-14,14.7158,0.6112,56.9048,4.1529,548.0524,6.2135,81.9689,1.7507,12.0844,1.6215
2031-12-15,14.4201,11.5128,76.7962,7.4470,490.8162,3.0061,40.6522,0.0571,5.9215,0.0265
2031-12-16,11.2407,0.0423,40.6170,7.1506,492.5435,3.8389,66.7935,0.8083,7.5310,0.4208
2031-12-17,11.3319,0.9714,50.2356,4.1937,494.2873,4.5419,73.3542,0.8730,8.8798,0.4944
2031-12-18,16.7955,2.5858,71.0215,5.4796,497.0144,3.3985,62.0696,0.6077,6.6828,0.2984
2031-12-19,15.2815,9.3290,76.6622,5.7764,457.5951,1.5751,37.9620,0.0310,3.1234,0.0111
2031-12-20,13.9782,6.1612,64.3993,8.4824,436.7407,0.7944,43.1035,0.0929,1.5817,0.0270
2031-12-21,9.0227,0.3619,43.8874,10.0205,438.0688,1.4399,66.9770,0.9399,2.8564,0.3255
2031-12-22,-4.7609,0.0484,53.1082,11.1209,438.0688,1.4399,73.4992,1.2455,2.8564,0.4314
2031-12-23,-2.3489,0.0076,51.3843,5.3744,438.0688,1.4399,77.6130,1.1966,2.8564,0.4144
2031-12-24,4.7040,0.5775,58.3246,3.7078,438.6195,1.7148,79.3565,1.2846,3.3964,0.4732
2031-12-25,9.5644,15.3287,89.1664,5.9766,377.6753,0.2966,25.0833,0.0011,0.5920,0.0003
2031-12-26,12.7113,0.4116,78.7558,3.4358,379.6673,0.6300,41.7713,0.0572,1.2548,0.0157
2031-12-27,12.5169,0.0132,71.6953,3.1516,381.6244,1.0680,57.4281,0.4010,2.1211,0.1263
2031-12-28,12.1843,1.7367,82.4668,4.5659,383.5215,0.7486,53.7358,0.3116,1.4899,0.0893
2031-12-29,13.1748,8.2483,89.0314,4.8825,357.9421,0.1779,25.7603,0.0013,0.3554,0.0003
2031-12-30,13.7717,4.6021,85.7153,4.0813,348.0281,0.2414,24.9972,0.0009,0.4820,0.0002
2031-12-31,15.9622,4.8591,71.8766,4.0844,337.8279,0.5453,35.1291,0.0154,1.0862,0.0041
2032-01-01,17.7880,0.1576,71.8786,3.7869,340.7337,1.1992,56.4306,0.3824,2.3775,0.1247
2032-01-02,18.3494,1.9731,78.6329,8.2082,343.7406,0.9419,58.7731,0.5709,1.8709,0.1735
2032-01-03,15.1768,15.1984,88.8428,7.6894,296.6350,0.2236,25.0183,0.0011,0.4463,0.0003
2032-01-04,14.4596,24.0443,89.4119,5.3726,228.3356,0.2028,14.2750,0.0000,0.4047,0.0000
2032-01-05,14.0840,0.3495,67.6134,4.3320,230.5747,0.8082,40.1840,0.0447,1.6024,0.0130
2032-01-06,12.4295,0.0127,58.7273,3.6212,232.5160,1.4957,60.7351,0.5138,2.9440,0.1798
2032-01-07,9.3637,0.0015,72.8198,3.6768,233.9055,1.8458,68.9823,0.7290,3.6202,0.2750
2032-01-08,8.4887,0.0002,61.2248,4.2623,235.1374,2.3035,75.9487,1.0044,4.4969,0.4130
2032-01-09,9.6609,0.0001,51.1941,4.2682,236.5804,2.9501,81.1626,1.6013,5.7218,0.7313
2032-01-10,11.5538,0.0005,58.3917,3.7087,238.3641,3.5983,83.0421,1.9570,6.9348,0.9783
2032-01-11,18.1011,0.0027,67.5266,4.5425,241.3263,4.3659,83.6658,2.2133,8.3539,1.7314
2032-01-12,17.4708,0.0551,78.1356,5.1358,244.1750,4.8658,83.4470,2.2160,9.2697,1.9077
2032-01-13,19.5456,0.5471,73.5647,5.6504,247.3972,5.5377,82.8147,2.0965,10.4884,1.9432
2032-01-14,18.7991,0.0080,59.2111,6.5606,250.4851,6.5369,84.7200,2.8225,12.2731,3.3023
2032-01-15,17.8673,0.0000,42.1420,4.7910,253.4052,7.8879,87.3404,3.7277,14.6368,5.0131
2032-01-16,13.1820,0.0022,37.5363,3.7209,255.4819,8.9862,88.1114,3.9439,16.5197,5.6998
2032-01-17,11.1095,0.6116,62.1506,4.4404,257.1856,9.5551,85.3395,2.7621,17.4861,4.0941
2032-01-18,7.1705,0.0257,38.6343,9.8794,258.1803,10.1799,86.5839,4.3258,18.5330,6.6570
2032-01-19,7.1898,0.0031,45.8828,5.9747,259.1785,10.7322,86.6321,3.5775,19.4509,5.7187
2032-01-20,13.8639,0.0070,53.3953,5.7666,261.3780,11.5908,86.6804,3.5645,20.8681,5.9487
2032-01-21,13.1558,0.0374,61.0528,4.0070,263.4501,12.2743,86.2188,3.0560,21.9876,5.2861
2032-01-22,11.8643,0.6600,66.1860,5.6975,265.2896,12.8140,82.8833,2.1199,22.8667,3.6799
2032-01-23,6.4063,0.0227,64.3854,3.8995,266.1468,13.1431,82.9303,1.9479,23.3976,3.3935
2032-01-24,8.7313,2.8046,75.3525,3.3644,263.3922,10.0488,56.8123,0.3862,18.3476,0.3317
2032-01-25,11.6453,1.7938,66.4525,5.1606,265.1924,9.3347,59.2865,0.5070,17.1594,0.4178
2032-01-26,9.6925,0.0005,43.5425,4.9982,266.6410,10.0849,74.3269,0.9512,18.4273,0.8192
2032-01-27,7.4816,0.0005,58.0219,3.5981,267.6917,10.5284,78.9611,1.2300,19.1717,1.3702
2032-01-28,11.5601,0.0189,73.2416,3.6820,269.4765,10.9454,80.3339,1.4182,19.8729,1.8996
2032-01-29,14.5083,0.0018,67.0677,3.6408,271.7920,11.5782,82.0723,1.7276,20.9277,2.6702
2032-01-30,11.0573,0.0024,57.7947,3.9242,273.4863,12.2099,83.4768,2.0929,21.9679,3.5198
2032-01-31,11.7235,0.0001,50.1673,2.4934,275.3005,12.9966,84.9159,2.3620,23.2493,4.1992
2032-02-01,13.8894,0.0002,51.2311,2.7081,277.5046,14.0350,85.6842,2.6556,24.9192,4.9788
2032-02-02,14.2700,0.0002,49.5497,2.7681,279.7772,15.1365,86.2170,2.8703,26.6662,5.6252
2032-02-03,11.9013,0.6100,65.6384,5.1738,281.6235,15.7711,83.5646,2.2547,27.6686,4.5138
2032-02-04,16.8026,1.6097,72.5251,5.5162,284.3520,15.5714,72.3910,0.8972,27.3926,0.9969
2032-02-05,19.5168,1.0096,60.5343,7.7971,287.5690,16.7271,77.8013,1.3727,29.2070,2.6266
2032-02-06,16.3352,6.1106,67.1377,6.6720,275.1425,10.3749,52.5829,0.3080,18.9622,0.2700
2032-02-07,15.2940,0.4970,55.1231,5.5686,277.5994,11.4200,71.6491,0.8752,20.7100,0.8111
2032-02-08,12.9742,0.2585,48.1803,9.0711,279.6388,12.4560,81.2285,2.0553,22.4158,3.4986
2032-02-09,9.4490,0.0012,49.4405,5.6738,281.0436,13.2136,83.8582,2.4035,23.6476,4.3298
2032-02-10,13.6389,0.0468,44.6413,5.5461,283.2026,14.3726,86.0941,3.2450,25.5088,6.1560
2032-02-11,16.3681,0.1060,58.3200,4.1079,285.8529,15.4068,86.1422,3.0386,27.1547,6.0138
2032-02-12,19.6880,0.0004,49.8250,3.9713,289.1007,16.8885,87.0092,3.4119,29.4727,7.0542
2032-02-13,20.1891,0.0000,46.7186,3.2201,292.4387,18.4998,87.7153,3.6335,31.9471,7.8409
2032-02-14,16.2941,0.0053,66.5637,4.2000,295.0757,19.3259,86.1573,3.0593,33.2136,6.8729
2032-02-15,16.8113,0.0038,69.6524,2.0461,297.8057,20.0981,85.3833,2.4631,34.3933,5.7259
2032-02-16,16.3468,0.0015,69.2639,3.9023,300.4521,20.8598,85.1311,2.6119,35.5493,6.1914
2032-02-17,16.7936,0.0002,54.9331,4.2836,303.1790,22.0053,85.7211,2.8899,37.2512,7.0116
2032-02-18,20.5089,0.0000,50.5425,4.3260,306.5746,23.5234,86.9072,3.4234,39.4746,8.4555
2032-02-19,17.1730,0.0635,63.1348,5.5918,309.3697,24.4803,86.4319,3.4111,40.8747,8.6090
2032-02-20,14.4210,5.0583,76.1406,5.4465,299.3679,15.9575,50.5751,0.2313,28.1622,0.2618
2032-02-21,7.7508,16.2626,86.6143,8.5403,252.5746,7.1403,21.4049,0.0003,13.3380,0.0002
2032-02-22,8.7274,2.9583,85.6614,7.9282,249.4858,4.8470,26.6937,0.0020,9.2450,0.0011
2032-02-23,18.6148,0.6555,67.1531,7.1487,252.5405,5.7669,55.7504,0.4277,10.9109,0.2706
2032-02-24,22.7958,0.2476,51.0889,5.5503,256.3477,7.4271,78.1612,1.2632,13.8510,0.9156
2032-02-25,21.1369,0.6164,56.2148,3.5123,259.8564,8.8102,82.8660,1.8947,16.2436,2.4433
2032-02-26,20.7186,0.5550,49.9922,7.0544,263.2897,10.3601,85.9533,3.4327,18.8645,5.3888
2032-02-27,10.4247,1.9143,46.5681,8.0370,264.8702,9.7011,74.2749,1.1057,17.7746,0.9312
2032-02-28,9.5121,0.0019,35.5782,4.9452,266.2863,10.6722,82.5858,1.9658,19.4005,2.9666
2032-03-01,13.6988,0.0086,42.8697,5.1561,268.4561,12.1133,85.8517,3.0754,21.7708,5.2860
2032-03-02,15.4888,0.5837,56.4936,5.1465,270.9481,13.3436,84.9138,2.6990,23.7617,4.9043
2032-03-03,16.8374,0.0053,35.6335,6.0528,273.6828,15.3117,88.2092,4.4983,26.8657,8.5425
2032-03-04,13.6451,0.0000,20.0444,5.2511,275.8430,17.3213,91.1299,6.5644,29.9421,12.4179
2032-03-05,13.7533,0.0007,15.0013,6.3337,278.0225,19.4734,93.0316,9.0689,33.1432,16.8025
2032-03-06,8.6561,0.0008,28.8358,6.0951,279.2847,20.6569,92.0490,7.8036,34.8666,15.3976
2032-03-07,8.9567,0.0019,30.1170,5.9985,280.6009,21.8548,91.4194,7.1027,36.5859,14.6951
2032-03-08,12.6509,0.3750,42.2485,5.6661,282.5820,23.2085,90.0299,5.7284,38.5100,12.7742
2032-03-09,13.6549,0.9215,49.4153,5.0616,284.7439,24.4808,83.8749,2.3357,40.2997,6.0457
2032-03-10,17.2096,0.0013,35.6660,5.5599,287.5456,26.4887,87.9471,4.2262,43.0605,10.6415
2032-03-11,19.2948,0.8773,51.8517,8.4029,290.7227,28.1626,84.6991,3.0883,45.3439,8.4122
2032-03-12,20.2826,0.2850,44.8773,4.4649,294.0776,30.1717,87.3383,3.6658,48.0252,10.0813
2032-03-13,20.7219,0.0005,41.2778,4.7106,297.5115,32.3560,88.6345,4.4687,50.8787,12.2543
2032-03-14,23.1491,0.0001,43.9424,4.3444,301.3823,34.6732,88.9131,4.5660,53.8563,12.8757
2032-03-15,24.7221,0.0080,47.7888,4.5707,305.5363,36.9713,88.9621,4.6509,56.7693,13.4591
2032-03-16,24.3941,0.0007,41.2215,5.1284,309.6313,39.5257,89.5506,5.2051,59.9267,15.1345
2032-03-17,20.5927,0.0258,36.0953,4.6883,313.0419,41.8887,89.9176,5.3660,62.7767,15.8916
2032-03-18,21.4529,1.8618,39.9652,7.0635,316.6074,40.8698,82.1359,2.0688,61.7968,7.1728
2032-03-19,15.8912,0.7500,36.4161,9.3649,319.1719,42.7114,85.6449,3.6937,64.0088,12.0131
2032-03-20,8.2482,0.0353,43.3149,10.3408,320.3605,43.6147,86.2909,4.2480,65.0792,13.5485
2032-03-21,7.2731,0.3236,47.9105,8.3886,321.3737,44.3581,86.3391,3.8762,65.9568,12.7037
2032-03-22,6.8118,0.3690,42.3363,8.1294,322.3038,45.1358,86.5087,3.9188,66.8628,12.9153
2032-03-23,6.4513,0.1117,36.4299,7.7950,323.1690,45.9541,87.1948,4.2478,67.8041,13.8684
2032-03-24,6.1926,0.0054,34.7547,6.6926,323.9877,46.7651,87.6329,4.2776,68.7290,14.0521
2032-03-25,6.6492,0.0094,37.2473,6.1519,324.8886,47.5941,87.6815,4.1917,69.6719,13.9400
2032-03-26,9.7259,0.0006,25.8594,4.6998,326.3432,48.9622,89.3835,4.9732,71.2135,16.0870
2032-03-27,18.2398,0.0000,31.2987,5.6354,329.3304,51.2271,90.2884,5.9352,73.7679,18.7066
2032-03-28,17.9334,0.0085,41.5202,6.4036,332.2624,53.1244,90.1546,6.0525,75.9074,19.2711
2032-03-29,15.8384,1.7206,61.5211,7.1848,334.8173,51.0930,76.2084,1.1834,73.9675,4.7442
2032-03-30,18.5698,0.0100,37.6231,6.5725,337.8639,53.1844,85.8290,3.2925,76.3303,12.1500
2032-03-31,11.1251,0.5893,34.6629,10.5281,339.5704,54.5460,87.1152,4.8200,77.8350,16.5069
2032-04-01,12.0657,0.1186,29.4511,11.7601,342.6962,56.7978,89.1457,6.8599,80.3167,21.7267
2032-04-02,13.7646,0.0007,29.8186,6.1896,346.1278,59.3269,89.8552,5.7362,83.0615,19.4473
2032-04-03,19.5285,0.0002,29.4701,5.5436,350.5970,62.8541,90.8751,6.4243,86.8034,21.6088
2032-04-04,20.5283,1.0053,36.9353,6.5073,355.2461,66.1608,87.0955,3.9249,90.2850,15.3506
2032-04-05,14.8666,0.0959,32.2586,7.8265,358.8761,68.7829,89.0681,5.5642,93.0030,20.2092
2032-04-06,18.4589,0.0001,29.1555,4.8746,363.1527,72.1422,90.5651,5.9424,96.4056,21.5846
2032-04-07,22.3964,0.0006,36.6739,6.7982,368.1380,75.7494,90.6146,6.5938,100.0382,23.6699
2032-04-08,20.9676,0.0073,52.4406,4.8598,372.8662,78.2938,89.2045,4.8863,102.6840,19.3483
2032-04-09,23.6621,2.7161,43.3486,5.5226,378.0794,65.8744,78.1549,1.2608,91.7736,5.9222
2032-04-10,22.2450,0.8792,60.1735,4.7052,383.0375,68.1284,80.8386,1.5781,94.3177,7.4345
2032-04-11,21.0263,0.8982,65.6356,8.3867,387.7762,69.9718,80.7747,1.8862,96.4390,8.8235
2032-04-12,16.1572,1.9443,86.7591,13.5925,391.6385,63.5150,64.7454,1.0354,90.3843,4.8146
2032-04-13,19.6602,5.2180,71.7526,12.6067,380.4044,42.1652,56.2629,0.5882,66.0323,1.7193
2032-04-14,14.2987,1.7214,44.4899,12.8343,383.9322,41.7743,70.6513,1.2199,65.6821,4.4707
2032-04-15,13.5162,0.0024,23.5302,6.8125,387.3191,44.4840,84.8613,2.9143,69.1213,10.3659
2032-04-16,17.4632,0.0000,27.3014,4.7602,391.4165,47.7556,89.5620,5.1178,73.1877,16.6880
2032-04-17,19.3305,0.1816,35.3543,4.5714,395.8500,50.9576,89.8640,5.2937,77.1019,17.6113
2032-04-18,14.1051,7.2357,74.6940,5.3431,375.0190,30.2806,46.4465,0.1337,50.3896,0.2263
2032-04-19,14.1107,6.5318,87.1155,4.6457,358.1702,17.8244,28.0419,0.0025,31.7044,0.0031
2032-04-20,17.7882,6.0283,57.1598,5.6710,344.7252,12.2570,45.5732,0.1195,22.5128,0.1168
2032-04-21,16.6688,12.1759,70.2979,5.9546,309.4856,6.9240,37.6396,0.0293,13.1146,0.0205
2032-04-22,14.7479,2.5647,68.7998,6.0366,313.0942,5.9917,48.4921,0.1837,11.4363,0.1193
2032-04-23,20.2592,0.0008,36.1990,4.3063,317.6949,9.2954,76.8039,1.0664,17.3237,0.8840
2032-04-24,22.4617,0.1273,40.2830,3.9518,322.6920,12.7065,86.2984,3.0819,23.1356,5.5065
2032-04-25,20.1071,1.5419,52.8218,6.1362,327.2653,14.5313,79.6752,1.4985,26.1588,2.6780
2032-04-26,20.4335,0.0000,32.0596,7.6193,331.8973,18.0781,88.3285,4.9518,31.8228,10.2077
2032-04-27,20.6661,0.0000,30.5771,6.8070,336.5712,21.7414,90.5451,6.5315,37.4370,13.9431
2032-04-28,21.8989,0.0000,29.8353,5.4269,341.4670,25.6535,91.3072,6.7920,43.1943,15.5128
2032-04-29,24.3384,0.0002,32.1362,4.1884,346.8019,29.8387,91.4183,6.4826,49.1132,16.0410
2032-04-30,24.9135,3.4028,46.1776,5.0902,345.0245,25.5431,75.9807,1.0493,43.1078,2.6216
2032-05-01,21.4899,2.0976,53.7731,5.5505,351.2967,25.1403,74.1806,0.9710,42.6501,2.3288
2032-05-02,21.4102,2.2212,56.5478,6.3703,357.5546,24.1709,72.6811,0.9473,41.3530,2.1747
2032-05-03,19.4430,12.7152,81.2718,7.9916,321.1068,11.9873,39.5761,0.0479,21.9281,0.0460
2032-05-04,22.2683,2.3976,47.9072,6.3412,327.5191,12.5879,65.7728,0.7480,22.9688,0.7406
2032-05-05,21.4391,0.0118,40.6732,5.2894,333.7822,16.1082,82.9610,2.0974,28.7480,4.2946
2032-05-06,24.4882,0.0000,39.8809,4.6977,340.5940,20.1581,88.4804,4.3681,35.1198,9.7220
2032-05-07,26.8134,0.0000,40.0851,2.4590,347.8245,24.5610,89.9383,4.8100,41.7515,11.6199
2032-05-08,28.8195,0.0000,34.8109,3.3009,355.4160,29.6959,91.3930,6.1768,49.1295,15.4668
2032-05-09,29.2468,0.0178,36.1858,3.0302,363.0844,34.7941,91.4629,6.1539,56.1389,16.5778
2032-05-10,28.7104,0.0318,39.7661,6.0573,370.6563,39.5213,91.5127,7.2189,62.4072,19.7361
2032-05-11,26.2980,0.0154,29.9276,9.7584,377.7939,44.5756,92.1320,9.4962,68.8441,25.2340
2032-05-12,26.5682,0.0084,25.0582,8.8251,384.9802,50.0345,93.1582,10.4658,75.5285,28.2790
2032-05-13,26.4414,0.0240,22.2856,7.0848,392.1436,55.6693,93.8042,10.4903,82.1745,29.5405
2032-05-14,27.5847,0.0039,24.7768,4.9410,399.5129,61.3499,93.8549,9.4825,88.6621,28.6608
2032-05-15,24.8999,2.1642,34.5573,5.3103,406.3988,58.1354,83.8725,2.3644,85.6428,9.9324
2032-05-16,25.6417,0.7082,33.4400,5.8895,413.4183,62.8213,89.1982,5.1419,91.0527,18.8682
2032-05-17,25.8997,0.0213,30.3204,5.2099,420.4843,67.7742,91.6006,7.0039,96.6165,24.2723
2032-05-18,27.2469,0.0048,29.4822,3.9058,427.7927,73.0368,92.3390,7.2805,102.3768,25.6509
2032-05-19,29.5244,0.0333,29.8845,3.3769,435.5111,78.6898,92.7203,7.4797,108.4098,26.8400
2032-05-20,30.6401,0.4770,29.1618,4.5819,443.4304,84.6091,93.0744,8.3526,114.5677,29.6517
2032-05-21,27.3361,0.2844,34.8119,7.1663,450.7549,89.4893,92.9606,9.3638,119.6117,32.5921
2032-05-22,28.4967,0.0001,27.9950,4.5896,458.2883,95.0998,93.0109,8.2818,125.2320,30.5580
2032-05-23,29.9482,0.0023,28.3182,4.2441,466.0829,100.9590,93.1590,8.3093,130.9855,31.1375
2032-05-24,32.1249,0.0165,27.9868,4.5220,474.2694,107.2580,93.5725,8.9270,137.0372,33.1765
2032-05-25,32.1547,0.0104,28.3143,4.6475,482.4613,113.5340,93.6231,9.0471,142.9623,33.9236
2032-05-26,28.9765,0.0209,31.0030,16.0897,490.0811,118.9972,93.6736,16.2168,148.0960,49.9064
2032-05-27,27.2223,0.0088,25.2297,18.0646,497.3851,124.5723,93.7242,18.0401,153.2126,53.8036
2032-05-28,27.8283,0.0239,28.3346,6.9591,504.7982,130.0302,93.7748,10.3815,158.1904,38.1755
2032-05-29,26.2408,9.3173,39.7308,7.5867,469.3321,67.8057,72.6856,1.0074,99.6277,5.0277
2032-05-30,29.4991,0.0568,29.6995,5.8475,477.0460,73.4689,90.0619,5.8077,106.0908,22.2619
2032-05-31,29.7743,0.0006,22.2738,5.7135,484.8093,79.7866,93.9624,10.0071,113.0576,33.2881
2032-06-01,28.9143,0.0000,20.7909,5.1160,493.4179,86.0455,94.5680,10.5577,119.8433,35.3187
2032-06-02,28.3041,0.0008,20.1334,6.7665,501.9166,92.2281,94.6863,11.6615,126.3935,38.4607
2032-06-03,26.6609,0.0508,35.4091,5.5706,510.1196,96.9487,93.2084,8.9453,131.4445,32.7539
2032-06-04,28.4941,0.0194,36.7215,8.2651,518.6525,101.8788,92.8537,9.7498,136.6515,35.1392
2032-06-05,28.5332,0.1341,40.3038,7.8015,527.1925,106.5359,92.2495,8.7485,141.5568,33.0748
2032-06-06,24.2138,3.7965,61.9058,10.5590,521.3550,74.1447,72.2284,1.1496,109.3952,6.0936
2032-06-07,27.8896,0.0107,38.7017,3.9974,529.7791,78.8230,87.2494,3.5354,114.9056,16.0764
2032-06-08,28.3669,0.0033,31.9007,4.2178,538.2892,84.1059,91.4209,6.4946,120.9620,25.5246
2032-06-09,30.0298,0.0000,26.1674,3.9267,547.0986,90.1568,93.3664,8.4179,127.7029,31.1222
2032-06-10,31.4623,0.0000,22.2751,4.1317,556.1658,96.8198,94.5923,10.0805,134.9206,35.7689
2032-06-11,31.7879,0.0002,24.2594,4.8860,565.2916,103.3776,94.6432,10.5445,141.8865,37.4354
2032-06-12,32.7452,0.0002,27.9850,5.7437,574.5897,109.7944,94.6941,11.0876,148.6009,39.2019
2032-06-13,33.7715,0.0000,27.6205,5.5982,584.0726,116.4391,94.7450,11.0839,155.4187,39.6601
2032-06-14,35.9362,0.0000,22.8918,5.0630,593.9451,123.9575,95.3142,11.6636,162.9139,41.4483
2032-06-15,37.1150,0.0181,20.5391,4.1172,604.0298,131.9518,96.0154,12.2325,170.6864,43.1568
2032-06-16,33.5811,0.1059,31.4333,8.0117,613.4784,138.2122,94.8908,12.7703,176.8288,44.6550
2032-06-17,31.7729,0.0350,30.0427,9.4010,622.6015,144.2665,94.6666,13.2811,182.6981,46.0372
2032-06-18,28.3468,0.0231,25.6888,8.7033,631.1080,150.0274,94.7175,12.9123,188.2045,45.4319
2032-06-19,28.7898,0.0336,26.4685,6.7877,639.6941,155.8136,94.7684,11.8065,193.6850,43.0884
2032-06-20,30.9059,0.0029,22.2772,4.4853,648.6612,162.3625,94.8193,10.5870,199.7374,40.3340
2032-06-21,33.0496,0.0165,23.5820,4.5518,658.0141,169.2329,94.8703,10.6970,206.0087,40.7531
2032-06-22,34.7315,0.0154,26.3160,4.2088,667.6698,176.1836,94.9212,10.5875,212.3083,40.6129
2032-06-23,34.4109,0.0000,28.0499,4.2252,677.2677,182.9101,94.9722,10.6706,218.3771,40.9279
2032-06-24,33.9435,0.1181,32.3985,4.0931,686.7816,189.1469,94.6305,10.1140,224.0378,39.6223
2032-06-25,35.7576,0.1069,30.3283,4.2869,696.6219,195.9073,94.6814,10.2850,230.0649,40.1371
2032-06-26,36.5794,0.0226,27.1218,4.1245,706.6102,203.1367,94.7323,10.2728,236.3839,40.1815
2032-06-27,35.7623,0.0002,26.4670,5.6270,716.4514,210.2727,94.7832,11.1585,242.5669,42.4461
2032-06-28,34.3468,0.0620,25.6151,5.5932,726.0379,217.2143,94.8342,11.2177,248.5369,42.6469
2032-06-29,36.4136,0.0348,24.7756,4.3854,735.9963,224.6435,95.0193,10.8267,254.8337,41.7378
2032-06-30,32.4895,0.1663,35.4935,4.7142,745.2484,230.3478,93.9555,9.5065,259.8804,38.4047
2032-07-01,32.9281,0.0022,35.4999,4.0143,754.8795,235.5024,93.8079,8.9911,264.6193,37.0602
2032-07-02,33.8607,0.0000,34.2831,4.3011,764.6784,240.8983,93.8585,9.1863,269.5244,37.6098
2032-07-03,35.5660,0.0000,32.2918,3.7184,774.7843,246.7288,93.9091,8.9834,274.7352,37.0887
2032-07-04,39.9107,0.0000,27.5708,6.4954,785.6722,253.7049,95.0017,12.0123,280.7579,44.7631
2032-07-05,32.8625,0.3471,41.6463,9.4253,795.2914,258.3593,92.9125,10.4223,285.1408,40.8892
2032-07-06,27.4041,15.0778,51.9438,8.8523,668.1681,79.7084,68.0908,0.9196,122.7950,5.2536
2032-07-07,29.9500,0.1092,42.3867,5.1624,677.2631,83.9097,86.7009,3.4677,128.1320,16.6255
2032-07-08,29.8955,0.6211,43.4302,5.0928,686.3483,88.0277,89.2131,4.9501,133.3108,21.9003
2032-07-09,31.9797,0.0000,35.1138,4.8928,695.8086,93.0687,91.8115,7.1021,139.4924,28.6081
2032-07-10,33.7535,0.0000,30.2644,4.7820,705.5883,98.7769,93.2783,8.6812,146.3382,33.2367
2032-07-11,34.7519,0.0001,29.0166,4.3711,715.5476,104.7537,93.8078,9.1541,153.3739,34.8780
2032-07-12,34.2393,0.0000,30.1078,6.0728,725.4147,110.5545,93.8584,10.0440,160.1074,37.4697
2032-07-13,35.6705,0.0000,25.5095,5.0855,735.5394,116.9873,94.6865,10.7147,167.4089,39.4715
2032-07-14,36.8054,0.0000,26.3977,5.2310,745.8683,123.5397,94.7526,10.8921,174.7280,40.2353
2032-07-15,38.8475,0.0000,26.4434,4.9532,756.5649,130.4407,95.0818,11.2366,182.3033,41.3611
2032-07-16,38.8051,0.0000,29.0941,4.5225,767.2538,137.0859,95.1328,11.0724,189.5183,41.2214
2032-07-17,38.3312,0.0000,29.7819,5.0215,777.8574,143.5886,95.1839,11.4339,196.4965,42.2938
2032-07-18,35.2580,0.2715,32.3481,5.3663,787.9079,149.3653,94.8511,11.1159,202.6762,41.6953
2032-07-19,36.8925,0.0087,28.2228,6.0494,798.2525,155.7698,94.9020,11.5859,209.3897,42.9735
2032-07-20,36.6830,0.0028,31.2753,4.7986,808.5594,161.8681,94.9530,10.9545,215.7547,41.5795
2032-07-21,33.3112,4.4574,40.5438,11.2488,783.6924,91.0386,84.9480,3.6880,141.0997,18.0530
2032-07-22,28.8813,0.0043,34.7875,8.5126,792.5950,95.6304,90.8549,7.4396,146.9387,30.0047
2032-07-23,30.8211,0.0001,26.3271,4.6959,801.8468,101.1536,93.4189,8.8149,153.8017,34.0425
2032-07-24,31.1345,0.0000,26.4084,4.7992,811.1550,106.7248,93.7454,9.2729,160.6178,35.5846
2032-07-25,32.8696,0.0000,24.7735,4.2334,820.7756,112.7263,94.3641,9.8185,167.8283,37.3100
2032-07-26,34.7614,0.0000,23.7922,3.7529,830.7366,119.1448,94.9122,10.3342,175.3997,38.9159
2032-07-27,36.4774,0.0368,24.7065,4.0183,841.0065,125.7896,95.0484,10.6706,183.1098,40.0340
2032-07-28,34.3023,0.3598,32.7397,4.6201,850.8850,131.3819,94.6364,10.3945,189.5822,39.5752
2032-07-29,35.4794,0.0000,28.3904,5.8548,860.9752,137.5338,94.6873,11.1395,196.5675,41.5930
2032-07-30,35.9992,0.0000,22.6885,5.0559,871.1591,144.2700,95.3616,11.7350,204.0569,43.2038
2032-07-31,36.2327,0.0000,22.1554,5.2085,881.3850,151.0952,95.5511,12.1349,211.5330,44.3093
2032-08-01,35.5874,0.0000,32.4721,4.0971,890.7947,156.2098,94.9536,10.5748,217.1993,40.6707
2032-08-02,35.8895,0.0000,31.2266,3.8710,900.2588,161.4615,95.0046,10.5284,222.9554,40.6482
2032-08-03,35.8417,0.0000,28.2749,5.3450,909.7143,166.9316,95.0556,11.4196,228.8698,42.9157
2032-08-04,36.2401,0.0000,25.3811,4.9254,919.2415,172.6838,95.1066,11.2591,235.0020,42.6072
2032-08-05,37.4014,0.0000,25.8240,3.8153,928.9778,178.5796,95.1576,10.7211,241.2291,41.3563
2032-08-06,37.6784,0.0000,28.6822,3.8183,938.7639,184.2891,95.2087,10.7979,247.2392,41.6040
2032-08-07,38.1876,0.0000,27.1210,3.8276,948.6417,190.2001,95.2598,10.8786,253.3902,41.8552
2032-08-08,38.3147,0.0000,27.6063,3.5606,958.5423,196.0908,95.3109,10.8083,259.4773,41.7255
2032-08-09,38.9655,0.0000,20.8395,4.4934,968.5601,202.6385,96.2570,12.8802,266.0973,46.7081
2032-08-10,38.8108,0.0000,21.0969,4.3757,978.5501,209.1396,96.3084,12.8932,272.6172,46.7768
2032-08-11,38.2814,0.0000,27.0685,4.5660,988.4447,215.0691,96.3379,13.0693,278.5944,47.2109
2032-08-12,36.0508,0.0000,32.1219,5.1906,997.9379,220.2751,95.1956,11.5502,283.8915,43.6709
2032-08-13,32.0366,1.3236,44.7092,5.2669,1006.7085,224.0575,88.1308,4.2753,287.9156,22.4060
2032-08-14,34.5317,0.0001,39.1089,4.3930,1015.9282,228.5366,91.4328,6.5633,292.5486,30.1576
2032-08-15,36.0432,0.0000,32.3476,4.5601,1025.4199,233.7243,93.2449,8.5447,297.7710,35.9663
2032-08-16,32.6807,0.0000,36.6548,6.4645,1034.3065,238.1419,93.2953,9.4718,302.2858,38.4835
2032-08-17,32.1035,0.1553,35.2524,5.8237,1043.0891,242.5802,93.3457,9.2356,306.7919,37.8659
2032-08-18,32.1345,0.0197,30.4267,6.3706,1051.8773,247.3537,93.3962,9.5607,311.5509,38.7382
2032-08-19,32.0553,0.0000,20.9721,6.4456,1060.6512,252.7629,94.9768,11.9414,316.7906,44.7034
2032-08-20,33.5595,0.0000,24.6090,4.6288,1069.6960,258.1574,95.0278,10.9731,322.0239,42.3615
2032-08-21,33.7806,0.0000,30.2478,4.5637,1078.7805,263.1803,94.9512,10.8229,326.9518,41.9960
2032-08-22,33.3623,0.0000,29.7331,5.0481,1087.7897,268.1795,94.9559,11.0974,331.8354,42.6831
2032-08-23,33.6567,0.0000,23.8752,5.7668,1096.8519,273.6417,95.0069,11.5874,337.0599,43.8852
2032-08-24,33.3692,0.0000,19.4259,6.1277,1105.8623,279.3754,95.6365,12.8587,342.4603,46.8911
2032-08-25,33.4375,0.0000,19.3746,5.6667,1114.8851,285.1241,95.7055,12.6817,347.8485,46.4875
2032-08-26,33.9786,0.0000,21.3545,5.2813,1124.0052,290.8194,95.7567,12.5247,353.1854,46.1271
2032-08-27,35.0721,0.0000,21.2285,5.3513,1133.3222,296.7018,95.8080,12.6567,358.6613,46.4388
2032-08-28,37.1115,0.0000,24.8219,4.0306,1143.0063,302.6323,95.8592,11.9244,364.1956,44.7190
2032-08-29,37.1428,0.0000,26.5520,3.5014,1152.6960,308.4311,95.9105,11.6916,369.6144,44.1643
2032-08-30,36.6440,0.0000,26.0427,3.5189,1162.2959,314.1939,95.9618,11.7835,374.9768,44.3881
2032-08-31,35.7007,0.0098,30.7249,3.6043,1171.7260,319.4570,95.3359,10.8692,379.9452,42.1561
2032-09-01,34.9645,0.1944,27.7248,3.2996,1179.7237,324.0976,95.3871,10.7785,384.2732,41.9317
2032-09-02,34.8463,0.2186,31.7981,3.3921,1187.7000,328.4624,94.9375,10.1834,388.3949,40.4270
2032-09-03,34.8669,0.0009,30.4628,3.5655,1195.6800,332.9151,94.9885,10.3448,392.5703,40.8408
2032-09-04,34.6993,0.0000,30.1137,3.5092,1203.6299,337.3694,95.0395,10.3878,396.7340,40.9514
2032-09-05,34.4138,0.0001,36.6666,3.7549,1211.5284,341.3738,94.0356,9.1591,400.5728,37.7421
2032-09-06,32.2064,0.0000,45.0057,4.3264,1219.0296,344.6348,92.2468,7.3403,403.8418,32.6148
2032-09-07,32.5009,0.0000,44.1480,4.4731,1226.5837,347.9759,92.1238,7.2675,407.1708,32.3992
2032-09-08,32.3124,0.0352,41.2982,4.6218,1234.1040,351.4679,92.1739,7.3741,410.5957,32.7162
2032-09-09,30.2905,2.1235,45.3832,5.7301,1241.2602,143.0884,84.3314,2.5678,222.1539,15.1723
2032-09-10,31.2992,0.0692,38.4124,5.0388,1248.5981,146.6410,90.4776,5.9174,226.7157,27.7609
2032-09-11,32.0301,0.0000,31.5233,4.1574,1256.0675,150.6800,92.6009,7.6503,231.8324,33.0741
2032-09-12,32.2369,0.0001,29.3327,3.7125,1263.5742,154.8742,93.2751,8.2220,237.0969,34.7473
2032-09-13,32.1919,0.0001,36.1691,4.5953,1271.0727,158.6575,93.3255,8.6568,241.8460,35.9921
2032-09-14,29.3204,0.6151,57.1529,6.3810,1278.0544,160.9781,89.4032,5.4282,244.8543,26.3043
2032-09-15,30.6293,0.7020,49.4006,4.8928,1285.2716,163.8364,88.4534,4.3942,248.4854,22.7095
2032-09-16,29.5683,1.0798,55.8367,7.1632,1292.2979,166.2478,85.5592,3.2666,251.5832,18.3457
2032-09-17,28.7585,0.4706,50.2496,4.9236,1299.1785,168.8925,88.2069,4.2481,254.9323,22.2018
2032-09-18,26.4670,0.4805,44.7915,6.2744,1305.6465,171.6020,89.1824,5.2307,258.3246,25.7108
2032-09-19,26.2421,0.0000,34.4423,4.3493,1312.0741,174.7933,90.9298,6.0964,262.2462,28.5842
2032-09-20,28.0711,0.0000,31.1918,3.0924,1318.8309,178.3669,92.0494,6.7082,266.5941,30.5186
2032-09-21,29.5219,0.0000,28.0343,3.4560,1325.8489,182.2903,93.0129,7.8243,271.3211,33.8486
2032-09-22,30.8028,0.0000,30.8076,4.0156,1333.0974,186.2203,93.0633,8.1050,276.0405,34.6678
2032-09-23,31.7468,0.0000,33.5295,3.4431,1340.5158,190.1075,93.1137,7.9302,280.6964,34.1886
2032-09-24,30.5417,0.0061,39.2787,5.2699,1347.7173,193.5281,92.7380,8.2489,284.8112,35.1049
2032-09-25,28.9237,0.0007,43.0055,4.9184,1354.6276,196.5746,91.9010,7.2019,288.4899,32.0892
2032-09-26,29.8146,0.0000,34.4388,3.8873,1361.6982,200.1831,91.9510,6.8859,292.7670,31.1491
2032-09-27,30.0783,0.0000,37.9119,4.0809,1368.8163,203.6295,92.0010,7.0027,296.8559,31.5128
2032-09-28,28.7170,0.0000,45.6085,5.6861,1375.6894,206.5169,91.3387,6.9121,300.3233,31.2461
2032-09-29,29.0263,0.0337,49.3668,5.5415,1382.6181,209.2326,90.7085,6.2727,303.6038,29.2699
2032-09-30,26.9115,1.5829,45.1070,9.1065,1389.1662,170.5508,85.3396,3.4944,260.9945,19.3109
2032-10-01,26.9580,0.1694,33.2217,9.9364,1394.7226,173.3898,90.8360,7.9714,264.5564,34.2371
2032-10-02,25.9146,0.0015,21.3494,6.8827,1400.0912,176.6092,93.5830,10.0694,268.5350,39.9162
2032-10-03,29.1576,0.0000,15.2073,4.6150,1406.0436,180.4966,95.7217,12.0537,273.2871,44.8250
2032-10-04,29.6294,0.0000,15.7902,4.2055,1412.0809,184.4175,95.9125,12.1170,278.0514,44.9985
2032-10-05,29.2880,0.0000,29.6145,4.6507,1418.0567,187.6583,94.7204,10.5315,282.0154,41.1527
2032-10-06,26.1989,6.9834,68.2515,6.5507,1194.7028,81.4902,62.6246,0.6598,139.2371,3.9768
2032-10-07,24.4510,0.4671,44.1798,6.6973,1199.8080,83.6512,83.0706,2.2834,142.4698,12.5525
2032-10-08,22.5382,0.0000,27.8058,4.1980,1204.5689,86.2370,90.0983,5.3723,146.2910,23.9466
2032-10-09,23.4128,0.0000,27.8822,3.8901,1209.4872,88.9156,91.7527,6.6961,150.2222,28.1121
2032-10-10,24.5679,0.0000,27.1109,3.7025,1214.6134,91.7504,92.3832,7.2513,154.3519,29.8989
2032-10-11,25.9745,0.0000,27.5345,4.3062,1219.9928,94.7231,92.6256,7.7347,158.6512,31.4495
2032-10-12,24.7941,0.0000,33.5905,5.3993,1225.1597,97.3287,92.6759,8.2306,162.4034,32.9689
2032-10-13,26.1651,0.0000,34.5678,3.7194,1230.5735,100.0318,92.7261,7.6161,166.2733,31.4710
2032-10-14,27.5726,0.0001,37.7212,3.4288,1236.2405,102.7375,92.5048,7.2755,170.1288,30.6693
2032-10-15,27.7428,0.8733,46.3318,4.4898,1241.9382,105.0830,88.0871,4.0855,173.4715,20.6073
2032-10-16,23.0905,0.0010,29.4535,4.7158,1246.7985,107.6687,91.0397,6.3081,177.1027,28.0653
2032-10-17,25.9524,0.0010,24.9862,3.1756,1252.1740,110.7435,92.8383,7.5279,181.3829,31.7703
2032-10-18,22.7079,0.0042,28.4181,5.6709,1256.9654,113.3258,92.8886,8.5970,184.9619,34.8194
2032-10-19,22.2696,0.0000,22.9047,3.6218,1261.6779,116.0557,93.0396,7.9194,188.7141,33.0800
2032-10-20,27.9605,0.0000,25.0422,3.7337,1267.4148,119.3563,93.4706,8.4584,193.2218,34.6784
2032-10-21,29.1868,0.0000,30.6747,3.8050,1273.3724,122.5376,93.5211,8.5489,197.5494,35.0293
2032-10-22,30.2333,0.0000,27.2154,3.3653,1279.5184,125.9932,93.5716,8.4205,202.2082,34.7844
2032-10-23,29.5703,0.0029,27.2234,3.9595,1285.5451,129.3752,93.6222,8.7377,206.7364,35.7356
2032-10-24,27.0702,0.0069,37.7321,4.5185,1291.1217,132.0330,92.6621,7.8581,210.3013,33.3769
2032-10-25,25.8784,0.0004,43.7178,3.8840,1296.4838,134.3337,91.4465,6.4096,213.3916,29.1512
2032-10-26,22.6408,0.0256,57.9736,4.0880,1301.2632,135.8455,88.8313,4.4548,215.4589,22.6734
2032-10-27,21.8379,0.3029,63.1259,3.8974,1305.8980,137.1271,87.4360,3.6125,217.2284,19.5227
2032-10-28,19.2977,16.1703,84.3914,6.6709,933.2668,59.9853,36.4059,0.0233,103.3617,0.0664
2032-10-29,16.8959,55.0250,89.6161,12.2526,465.1901,20.9640,19.3064,0.0002,37.6826,0.0003
2032-10-30,17.5608,0.9588,60.3388,5.8154,469.0550,22.0854,50.8707,0.2440,39.5190,0.3478
2032-10-31,15.9758,8.0844,65.5489,8.9799,439.4549,12.5547,46.0379,0.1513,23.4356,0.1518
2032-11-01,14.7586,1.8247,50.8003,15.1615,441.8155,12.1490,66.2631,1.1878,22.7351,1.6091
2032-11-02,16.1278,0.0000,34.5884,4.1946,444.4225,13.6431,81.6760,1.6939,25.3413,3.0514
2032-11-03,19.9258,0.0000,46.9345,3.6117,447.7131,15.1223,86.0200,2.9131,27.8896,5.8740
2032-11-04,21.3006,0.0011,49.7249,2.9340,451.2512,16.6154,87.1742,3.3152,30.4297,7.0071
2032-11-05,20.9929,0.5319,58.3867,3.8281,454.7340,17.8343,86.4170,3.1145,32.4837,6.8904
2032-11-06,17.2508,0.5575,52.2786,9.0659,457.5431,18.9954,86.1083,3.8825,34.4184,8.6884
2032-11-07,11.1824,0.0004,45.3146,8.8696,459.2599,19.8859,86.5551,4.0945,35.8870,9.3204
2032-11-08,10.8777,0.0103,35.3543,4.0530,460.9219,20.9124,87.8129,3.8426,37.5641,9.0693
2032-11-09,14.8127,0.0013,42.2691,3.0248,463.2922,22.1304,87.8905,3.6893,39.5390,9.0292
2032-11-10,16.4025,0.0001,52.3705,3.4906,465.9487,23.2356,87.9325,3.7998,41.3199,9.5045
2032-11-11,17.4903,0.0020,53.6318,3.4076,468.8009,24.3785,87.9237,3.7791,43.1475,9.7063
2032-11-12,17.6324,0.0117,56.6304,3.3138,471.6787,25.4556,87.5911,3.5864,44.8588,9.5038
2032-11-13,18.9651,0.0123,55.9549,2.3630,474.7965,26.6273,87.6396,3.4425,46.7062,9.4040
2032-11-14,20.0420,0.1727,59.4505,4.3901,478.1080,27.7639,87.4243,3.6972,48.4884,10.2109
2032-11-15,23.0159,0.3155,58.2098,6.5034,481.9549,29.1000,87.4728,4.1412,50.5670,11.4860
2032-11-16,20.2513,0.0011,46.4813,3.7377,485.3041,30.6150,87.8964,3.8275,52.8889,11.0581
2032-11-17,21.7169,0.0041,57.0292,4.6399,488.9172,31.9149,87.9451,4.0336,54.8747,11.7890
2032-11-18,19.4605,0.0000,40.2268,4.1600,492.1240,33.5443,88.7581,4.4242,57.3207,13.0119
2032-11-19,16.5225,0.0000,32.2735,3.6729,494.8021,35.1266,89.7083,4.9476,59.6641,14.5212
2032-11-20,17.6336,0.0000,42.9968,2.3645,497.6801,36.5424,89.7531,4.6618,61.7498,14.1382
2032-11-21,18.4586,0.0000,48.1815,2.9969,500.7067,37.8861,89.2664,4.4882,63.7189,13.9733
2032-11-22,19.6420,0.0001,49.0646,3.5670,503.9462,39.2868,89.1209,4.5235,65.7577,14.3109
2032-11-23,21.4307,0.0000,45.7173,3.8053,507.5078,40.9083,89.1700,4.6106,68.0945,14.8109
2032-11-24,18.4347,0.0006,57.7011,4.8389,510.5300,42.0038,87.8879,4.0410,69.6761,13.5483
2032-11-25,16.0560,0.0002,65.8122,4.0457,513.1241,42.7814,86.2911,3.0934,70.8046,11.0469
2032-11-26,15.2346,0.0003,70.7211,2.6225,515.5703,43.4155,85.1288,2.4480,71.7302,9.1583
2032-11-27,15.7300,0.0147,62.9127,3.6099,518.1057,44.2430,85.1766,2.5899,72.9190,9.7057
2032-11-28,19.5277,0.5466,70.4003,5.0244,521.3247,45.0525,84.0877,2.3983,74.0966,9.1848
2032-11-29,19.8292,0.0709,60.6568,4.0508,524.5980,46.1442,85.0458,2.6008,75.6523,9.9642
2032-11-30,19.8713,3.0034,67.1351,8.9945,519.0424,37.3980,68.2101,0.9298,63.3795,3.1945
2032-12-01,15.7469,11.5289,72.9060,10.0722,465.8499,17.9677,43.5040,0.1075,32.7751,0.1348
2032-12-02,14.0567,7.2616,65.7595,7.9756,439.1465,10.3409,42.2728,0.0785,19.5320,0.0701
2032-12-03,11.4717,0.3064,42.4805,6.5258,440.9154,11.1626,67.1517,0.7929,20.9964,0.7412
2032-12-04,9.9174,0.0036,47.9859,5.5726,442.4045,11.8139,77.7319,1.2202,22.1491,1.6413
2032-12-05,9.4719,0.0004,43.4572,3.4526,443.8135,12.4932,82.8170,1.8773,23.3436,3.2413
2032-12-06,11.2296,0.0000,42.9150,2.4809,445.5388,13.2930,85.3577,2.5088,24.7406,4.6730
2032-12-07,12.5056,0.0003,52.6186,3.1794,447.4938,14.0256,85.5923,2.6848,26.0129,5.1798
2032-12-08,15.7331,0.0118,66.3440,4.9752,450.0298,14.6694,85.4976,2.9006,27.1281,5.7463
2032-12-09,23.6724,0.0033,62.8679,4.5060,453.9948,15.7147,85.7055,2.9161,28.9263,6.0190
2032-12-10,20.7163,0.0004,65.9670,3.1342,457.4277,16.5585,85.7534,2.7396,30.3687,5.8489
2032-12-11,17.4469,0.2743,77.1462,4.0492,460.2722,17.0402,84.1581,2.3050,31.1932,5.0182
2032-12-12,15.1663,12.4878,85.3682,5.0451,409.7860,8.1626,32.9205,0.0095,15.5507,0.0074
2032-12-13,10.8568,18.2302,64.9730,13.9591,341.8575,3.8527,35.7566,0.0292,7.4942,0.0151
2032-12-14,5.8659,0.1782,64.5627,10.8794,342.6173,4.1332,55.5710,0.5081,8.0244,0.2731
2032-12-15,4.5682,0.0044,63.2100,7.7973,343.1436,4.3702,67.3023,0.8496,8.4707,0.4695
2032-12-16,5.9916,0.0003,50.6145,4.4611,343.9261,4.7682,75.9050,1.0117,9.2169,0.5842
2032-12-17,7.9550,0.0014,49.6807,3.1985,345.0620,5.2860,80.8202,1.4597,10.1820,0.8892
2032-12-18,11.4156,3.1828,70.8925,5.2738,340.4735,3.4873,57.5566,0.4507,6.8004,0.2232
2032-12-19,14.4410,7.4336,75.2812,8.0182,320.7981,1.6900,41.0054,0.0628,3.3362,0.0230
2032-12-20,12.6553,4.5124,64.7817,7.1856,312.0592,0.8734,44.4876,0.1090,1.7348,0.0325
2032-12-21,11.0854,0.0009,43.0458,5.4056,313.7586,1.6621,67.4422,0.7567,3.2808,0.2752
2032-12-22,14.0528,0.0000,52.2838,3.5642,315.9921,2.4838,78.0583,1.1330,4.8718,0.4819
2032-12-23,13.7733,0.0015,62.9228,3.8158,318.1753,3.1105,81.4015,1.6090,6.0725,0.7552
2032-12-24,14.5196,0.0112,70.3088,3.3041,320.4928,3.6375,82.2230,1.7301,7.0742,0.8733
2032-12-25,14.7615,0.0043,65.3443,2.9840,322.8539,4.2622,83.1528,1.9139,8.2520,1.2281
2032-12-26,13.7820,0.0010,66.3530,2.5849,325.0386,4.8312,83.4015,1.9372,9.3162,1.4880
2032-12-27,12.6066,0.0075,76.4190,4.4931,327.0118,5.1985,83.1392,2.0615,9.9996,1.8068
2032-12-28,12.7420,0.6011,80.0254,3.6684,329.0094,5.5127,80.8173,1.4942,10.5821,0.9296
2032-12-29,11.8939,1.9025,87.7389,4.6287,330.8543,4.5142,61.2274,0.5561,8.7305,0.3121
2032-12-30,10.7314,0.5626,81.5760,4.5109,332.4899,4.7619,67.0727,0.7144,9.1946,0.4120
2032-12-31,11.3816,8.6652,87.5616,4.3624,308.3327,2.1011,28.7177,0.0030,4.1317,0.0012
2033-01-01,14.0666,1.7208,91.2596,3.8876,310.5686,1.6008,30.8722,0.0053,3.1610,0.0019
2033-01-02,14.7820,0.5357,82.9192,3.3516,312.9334,1.9348,45.0409,0.0980,3.8107,0.0377
2033-01-03,15.8396,0.4069,66.4474,3.5641,315.4885,2.6345,63.5234,0.5925,5.1613,0.2584
2033-01-04,15.2580,0.0067,56.5675,3.8474,317.9390,3.5092,75.9634,0.9845,6.8299,0.4885
2033-01-05,18.8123,0.6066,73.6651,6.5038,321.0292,4.1548,79.0516,1.4362,8.0491,0.7731
2033-01-06,14.2578,6.0975,68.1723,10.0407,306.9859,2.3297,52.7946,0.3732,4.5727,0.1546
2033-01-07,14.5282,1.2668,57.5405,4.8001,309.3050,3.1467,65.2410,0.6781,6.1372,0.3199
2033-01-08,17.6313,0.9749,65.2375,4.9839,312.1826,3.9483,72.5549,0.8790,7.6545,0.4613
2033-01-09,19.6949,0.0425,62.5720,5.9032,315.4317,4.9065,80.7038,1.6513,9.4456,0.9661
2033-01-10,19.4034,0.8242,50.8293,8.7217,318.6283,6.1476,83.3802,2.6319,11.7295,2.9359
2033-01-11,12.7399,0.0039,33.1824,5.5457,320.6255,7.2861,87.3077,3.8541,13.7888,5.0039
2033-01-12,14.0166,0.0003,42.9262,4.6399,322.8525,8.3482,87.5525,3.8132,15.6826,5.3457
2033-01-13,16.3046,0.0181,62.7765,4.0382,325.4913,9.1458,86.5965,3.2286,17.0910,4.7610
2033-01-14,18.1736,0.0210,63.3959,4.3357,328.4665,10.0143,86.4301,3.2011,18.6102,4.9810
2033-01-15,18.4623,0.0049,62.6756,4.3160,331.4938,10.9132,86.4783,3.2198,20.1666,5.2713
2033-01-16,13.5925,0.2770,79.7882,4.6298,333.6444,11.2788,83.5942,2.2023,20.7998,3.5860
2033-01-17,11.9989,11.2169,78.1846,8.5346,300.6288,5.5991,39.1893,0.0456,10.7000,0.0286
2033-01-18,7.1769,0.0022,42.7621,7.9175,301.6246,6.1824,62.7826,0.7124,11.7620,0.4700
2033-01-19,8.8298,0.0000,35.0911,3.9017,302.9180,6.9758,76.7879,1.0437,13.1922,0.7354
2033-01-20,11.1138,0.0000,38.8192,3.6167,304.6225,7.8958,83.4123,2.0434,14.8305,2.5155
2033-01-21,13.6001,0.0000,44.6274,3.6285,306.7745,8.8979,85.8342,2.8406,16.5926,4.0758
2033-01-22,14.0685,0.0000,53.7752,3.9557,309.0108,9.7611,85.8822,2.9073,18.0933,4.4255
2033-01-23,13.7971,0.0028,56.7303,4.9923,311.1983,10.5546,85.9301,3.0839,19.4593,4.9333
2033-01-24,7.6769,0.0053,73.8730,7.5217,312.2841,10.8369,83.9169,2.6587,19.9437,4.2926
2033-01-25,8.2411,0.0737,72.4793,7.6479,313.4716,11.1534,83.4248,2.5078,20.4847,4.1039
2033-01-26,8.2965,0.0037,44.2406,8.0667,314.6689,11.7985,85.2894,3.2930,21.5746,5.6232
2033-01-27,8.0880,0.0001,40.2406,4.2759,315.8288,12.4744,86.3913,3.1740,22.7067,5.6013
2033-01-28,8.7449,0.0005,37.7642,6.0055,317.1068,13.2287,87.2335,3.9029,23.9587,7.0391
2033-01-29,6.5231,0.0142,60.3409,6.5305,317.9850,13.6009,85.9445,3.3391,24.5741,6.1805
2033-01-30,6.8770,0.0074,56.2684,4.9716,318.9269,14.0304,85.8447,3.0440,25.2804,5.7562
2033-01-31,7.8041,0.0047,48.7788,3.9027,320.0356,14.5919,85.8927,2.9038,26.1975,5.6246
2033-02-01,9.9998,0.0001,36.5776,3.5257,321.5396,15.5918,87.2755,3.4652,27.8121,6.9054
2033-02-02,7.4853,0.5554,46.5984,6.7618,322.5909,16.2431,85.9419,3.3770,28.8540,6.8974
2033-02-03,5.2729,0.0654,42.3823,5.6283,323.2440,16.7647,86.1796,3.2979,29.6810,6.8671
2033-02-04,6.1005,2.2704,49.0481,5.3637,324.0461,14.4256,68.1249,0.7722,25.9618,0.8282
2033-02-05,12.8143,15.4787,73.6245,9.0990,277.8465,6.8923,37.6856,0.0346,12.9796,0.0242
2033-02-06,11.7958,13.1582,66.3521,10.6416,243.3234,3.5075,36.3584,0.0282,6.7710,0.0139
2033-02-07,11.4572,2.5979,51.3363,9.0958,245.0897,2.8420,53.3175,0.3755,5.5240,0.1688
2033-02-08,11.2733,3.3520,48.2175,9.5768,241.3671,2.1374,57.6056,0.5619,4.1822,0.2243
2033-02-09,9.0554,0.0007,29.7123,6.4964,242.7010,3.1513,76.1172,1.1363,6.1045,0.5346
2033-02-10,11.9095,0.0047,36.4699,4.9696,244.5487,4.3254,83.8855,2.3282,8.2844,1.8783
2033-02-11,15.2674,0.0033,58.8276,5.1502,247.0009,5.2826,84.6625,2.6084,10.0290,2.5911
2033-02-12,17.0991,0.0003,56.1734,4.0886,249.7827,6.4156,85.4432,2.7529,12.0570,3.1653
2033-02-13,19.6854,0.0015,53.9452,3.6717,253.0301,7.7754,86.2786,3.0302,14.4414,3.9930
2033-02-14,14.0842,0.0702,78.4097,5.4404,255.2692,8.2411,83.7813,2.3513,15.2513,3.0859
2033-02-15,15.5476,3.3861,82.5178,6.0619,252.0722,5.6321,54.7907,0.3716,10.6683,0.2322
2033-02-16,14.6503,7.7031,90.0087,4.6709,235.9076,2.7005,26.3509,0.0015,5.2507,0.0007
2033-02-17,16.9095,1.1574,67.4330,5.0327,238.6553,3.5336,50.1224,0.2146,6.8150,0.1064
2033-02-18,17.0790,0.0472,55.0629,3.2808,241.4335,4.6941,70.2038,0.7429,8.9529,0.4225
2033-02-19,13.9102,0.6981,51.0086,5.9375,243.6414,5.7386,78.4497,1.3209,10.8390,0.8327
2033-02-20,8.7197,1.7919,56.8725,10.0076,244.9149,5.3280,70.5535,1.0546,10.1063,0.6398
2033-02-21,9.6842,0.2329,64.1965,9.8768,246.3621,5.8765,77.4924,1.4870,11.0915,0.9495
2033-02-22,8.1111,0.2572,61.8622,7.5913,247.5261,6.3755,80.6482,1.7869,11.9796,1.6708
2033-02-23,7.3991,0.0022,55.6310,5.2540,248.5619,6.9111,82.6248,2.0064,12.9239,2.1816
2033-02-24,10.6406,0.0000,43.9809,3.4768,250.1812,7.8454,85.1347,2.5578,14.5501,3.3038
2033-02-25,13.6762,1.1563,58.0111,4.9146,252.3469,8.7267,78.8059,1.2955,16.0646,1.1586
2033-02-26,12.6499,4.1346,82.9238,5.3149,246.4100,5.5055,47.3092,0.1510,10.4286,0.0932
2033-02-27,12.8344,0.9874,45.5959,7.8572,248.4242,6.5824,67.8403,0.8675,12.3469,0.5884
2033-02-28,13.9937,0.0000,30.8422,5.6201,250.6470,8.0652,82.4367,1.9963,14.9294,2.4487
2033-03-01,18.2857,0.0000,33.3526,4.7060,253.6424,10.2675,88.0527,4.1099,18.6479,6.3684
2033-03-02,19.4932,0.0001,36.3845,3.1802,256.8552,12.5006,89.3120,4.5596,22.2893,7.7661
2033-03-03,20.1943,0.0000,38.8563,3.4608,260.1942,14.7200,89.4092,4.6895,25.7922,8.6524
2033-03-04,18.3149,0.0007,44.6135,4.5424,263.1949,16.5530,89.4584,4.9872,28.6080,9.6709
2033-03-05,20.6508,0.0049,45.5009,4.8061,266.6160,18.5737,89.5076,5.0897,31.6373,10.4090
2033-03-06,21.7048,0.0000,43.6701,3.1766,270.2269,20.7634,89.5568,4.7217,34.8352,10.3275
2033-03-07,21.6011,0.0000,42.9940,3.1527,273.8191,22.9693,89.6060,4.7494,37.9748,10.8991
2033-03-08,23.3499,0.0000,40.7497,3.3668,277.7260,25.4387,89.6552,4.8350,41.3977,11.6125
2033-03-09,24.6058,0.0000,34.1132,4.2157,281.8591,28.3257,90.8129,5.9554,45.2763,14.3873
2033-03-10,21.4355,0.0000,40.6513,5.2091,285.4215,30.6056,90.8286,6.2752,48.2710,15.5052
2033-03-11,22.5104,0.0000,39.2425,3.5368,289.1774,33.0508,90.8783,5.8090,51.4117,15.1284
2033-03-12,24.8610,0.0049,39.8293,3.7050,293.3563,35.7136,90.9279,5.9001,54.7606,15.8444
2033-03-13,19.1894,0.0431,41.8725,8.3696,296.5144,37.7239,90.4372,6.9585,57.2415,18.3535
2033-03-14,17.4445,0.0054,41.7180,6.0498,299.3584,39.5663,90.1306,5.9252,59.4791,16.6260
2033-03-15,15.1303,2.6465,60.2582,4.8814,301.7859,33.6675,68.6347,0.7661,52.6507,2.0397
2033-03-16,14.5242,10.2157,79.3241,5.8851,275.0118,16.5103,36.3618,0.0222,28.7113,0.0254
2033-03-17,12.6638,12.0444,86.0810,9.6741,244.2112,8.0410,23.8337,0.0009,14.8589,0.0006
2033-03-18,16.4860,0.0311,44.7943,8.2370,246.8827,9.6959,61.3712,0.6724,17.6581,0.5640
2033-03-19,14.8911,0.1907,46.1183,5.5323,249.2671,11.1647,77.4039,1.1864,20.0808,1.3463
2033-03-20,17.8561,0.3771,37.8356,5.8921,252.1852,13.1734,85.8632,3.1967,23.3035,5.7335
2033-03-21,11.1668,1.0062,39.6428,10.8459,253.8992,14.4354,83.1749,2.8524,25.2779,5.4001
2033-03-22,9.4739,0.3445,33.4154,9.7200,255.3085,15.6356,86.8064,4.4288,27.1191,8.4731
2033-03-23,7.8204,0.0363,33.3748,7.0448,256.4202,16.6487,87.8326,4.4805,28.6473,8.8335
2033-03-24,8.6854,0.0036,33.6065,6.1205,257.6876,17.7561,88.2874,4.5646,30.2937,9.2683
2033-03-25,16.1718,0.0037,28.9624,6.5951,260.3025,19.8476,90.0819,6.0478,33.3399,12.3269
2033-03-26,20.5162,0.0893,38.2551,4.9340,263.6994,22.1227,90.1312,5.6017,36.5745,12.1980
2033-03-27,23.8762,0.0000,33.3075,4.3700,267.7011,24.9621,90.9313,6.1041,40.4862,13.7993
2033-03-28,29.2965,0.0000,36.1059,3.1333,272.6785,28.2727,91.4094,6.1392,44.9053,14.6625
2033-03-29,31.7292,0.0000,34.0922,3.0839,278.0937,31.9609,92.1923,6.8420,49.6549,16.8037
2033-03-30,32.0867,0.0000,30.6529,3.1888,283.5734,35.8839,92.9584,7.6608,54.5201,19.1940
2033-03-31,32.6280,0.0000,29.5624,2.2712,289.1504,39.9336,93.3286,7.7034,59.3690,20.1518
2033-04-01,25.1916,0.0000,31.0376,4.7792,294.6389,44.3292,93.3006,8.7070,64.4258,22.9508
2033-04-02,24.8834,0.1325,32.5829,3.7742,300.0719,48.5759,93.0550,7.9977,69.1619,22.4184
2033-04-03,25.7563,0.0255,30.4721,2.7185,305.6620,53.1028,93.1054,7.6370,74.0456,22.4820
2033-04-04,26.2821,0.0054,27.6155,3.8514,311.3468,57.9079,93.1558,8.1429,79.0562,24.3367
2033-04-05,20.9842,0.9008,42.4715,12.9280,316.0780,60.9879,87.6878,5.9030,82.2837,19.7555
2033-04-06,21.3515,0.0000,26.6920,9.1761,320.8752,64.9780,91.2734,8.1649,86.2775,25.5029
2033-04-07,23.6659,0.0000,25.1285,4.9106,326.0891,69.4733,92.5272,7.8643,90.6592,25.4851
2033-04-08,25.6272,0.0000,25.8645,3.6479,331.6560,74.2770,92.8972,7.7732,95.2333,25.9128
2033-04-09,26.8131,0.0000,23.0242,3.4379,337.4363,79.4859,93.6564,8.5517,100.0518,28.3420
2033-04-10,25.4968,0.0076,26.2410,5.6270,342.9798,84.2419,93.7069,9.6164,104.3861,31.2973
2033-04-11,23.7472,0.5247,39.3219,6.2609,348.2083,87.8970,91.8813,7.6846,107.7785,27.2709
2033-04-12,23.6192,0.0462,42.3402,4.9412,353.4137,91.3523,91.1673,6.4971,110.9848,24.6023
2033-04-13,22.9735,0.8484,48.5236,4.5257,358.5030,94.3566,86.6488,3.3335,113.8205,15.3057
2033-04-14,23.6935,0.1203,35.1435,6.9305,363.7218,98.2550,89.9735,6.0561,117.2953,23.9979
2033-04-15,19.4312,10.7003,55.5444,5.7939,332.6064,52.3405,56.2460,0.4167,75.1257,0.9421
2033-04-16,20.5528,3.1762,47.6128,11.4598,331.1300,43.2997,69.2589,1.0885,65.2640,3.9315
2033-04-17,16.3607,4.4900,51.5719,12.1497,324.1128,31.6380,63.4621,0.9106,50.8635,2.5356
2033-04-18,16.2482,6.8318,51.9505,9.4031,308.9736,19.8035,56.2660,0.5006,34.1370,0.6452
2033-04-19,15.6725,8.1536,57.9278,7.3663,289.9796,12.1093,48.8779,0.2066,21.9293,0.1986
2033-04-20,19.3940,3.0806,45.1180,6.3387,289.2281,11.2717,64.2454,0.7035,20.5421,0.6486
2033-04-21,21.1017,2.3841,42.3370,6.0795,293.9804,11.8778,73.0956,0.9495,21.5763,0.9031
2033-04-22,21.5264,0.0633,33.3648,5.4381,298.8092,15.5330,86.5103,3.4226,27.4931,6.7789
2033-04-23,21.6657,0.0010,28.7820,5.0956,303.6630,19.4637,90.5724,6.0153,33.5511,12.3163
2033-04-24,22.4238,0.0000,27.9366,5.2877,308.6533,23.5734,91.7105,7.1419,39.5879,15.3869
2033-04-25,23.6631,0.0000,25.6132,5.1118,313.8666,28.0391,92.5213,7.9379,45.8404,17.9917
2033-04-26,25.3549,0.0000,24.6083,5.0772,319.3845,32.8743,93.0937,8.5868,52.2925,20.4037
2033-04-27,24.9498,0.0010,24.5166,8.8675,324.8295,37.6414,93.1465,10.4710,58.3722,24.8434
2033-04-28,21.4473,0.0002,20.2654,6.3405,329.6440,41.9998,93.4851,9.6654,63.7073,24.5573
2033-04-29,23.4166,0.0000,22.4088,4.6968,334.8130,46.6115,93.5357,8.9599,69.1544,24.2866
2033-04-30,25.9528,0.0000,26.2080,4.3351,340.4385,51.4511,93.5862,8.8602,74.6843,25.0680
2033-05-01,27.7883,0.0006,32.1810,6.0755,347.8444,56.6090,93.5293,9.5960,80.4759,27.5042
2033-05-02,27.2897,0.0028,32.6320,7.4933,355.1605,61.6441,93.3822,10.0974,85.9800,29.4526
2033-05-03,23.5694,0.0547,29.0796,10.8559,361.8070,66.2501,93.3883,11.9721,90.8923,33.9342
2033-05-04,19.5697,0.0042,20.5558,7.4780,367.7336,70.5732,93.4388,10.1696,95.3830,31.1493
2033-05-05,23.0180,0.0007,20.1360,5.7837,374.2808,75.6441,93.7757,9.7857,100.5062,31.1174
2033-05-06,26.0538,0.0000,25.1493,4.8574,381.3745,80.9949,93.8263,9.4053,105.8106,31.0242
2033-05-07,28.0517,0.0000,25.2261,4.2159,388.8278,86.7335,93.8769,9.1703,111.3639,31.1988
2033-05-08,29.2230,0.0000,29.0975,5.9831,396.4919,92.3937,93.9276,10.0951,116.7641,33.9327
2033-05-09,29.6079,0.1097,32.4775,4.5661,404.2254,97.8525,93.8092,9.2462,121.9205,32.5631
2033-05-10,29.7757,0.1047,32.7198,4.5128,411.9890,103.3213,93.7659,9.1662,127.0110,32.8815
2033-05-11,33.4044,0.0154,19.6782,4.1525,420.4058,110.6177,95.4734,11.3850,133.4509,38.5903
2033-05-12,34.5258,0.0730,18.0782,3.7476,429.0244,118.3012,96.1221,12.1813,140.0543,40.9468
2033-05-13,32.7819,0.0553,23.3760,4.5126,437.3292,125.1360,96.1269,12.6683,145.9021,42.5016
2033-05-14,33.3277,0.2769,24.5139,5.2125,445.7322,131.9778,96.0252,12.9439,151.6785,43.5487
2033-05-15,31.2722,0.0001,22.4810,6.9723,453.7652,138.5843,96.0446,14.1812,157.1675,46.5634
2033-05-16,30.3169,0.0000,17.2544,5.6450,461.6262,145.4282,96.0959,13.3561,162.7090,45.1868
2033-05-17,31.2766,0.0000,16.2710,4.7191,469.6600,152.5650,96.1473,12.8361,168.3844,44.3827
2033-05-18,32.5507,0.0000,12.1194,4.5561,477.9231,160.3504,97.1537,14.5728,174.4088,48.4250
2033-05-19,33.1500,0.0000,16.6364,4.3684,486.2941,167.8672,97.2054,14.5355,180.2125,48.6263
2033-05-20,34.9657,0.0033,17.5604,4.0292,494.9919,175.6947,97.2571,14.3881,186.1803,48.5682
2033-05-21,36.7097,0.0055,17.1717,3.4402,504.0037,183.9395,97.3089,14.0639,192.3659,48.1043
2033-05-22,37.1411,0.0883,19.9005,3.6015,513.0931,192.0035,97.3607,14.2767,198.4000,48.7580
2033-05-23,35.6232,0.0010,17.6359,6.7401,521.9092,199.9665,97.4125,16.8386,204.2704,54.2323
2033-05-24,31.5213,0.0070,27.6761,5.7964,529.9871,206.1777,95.6131,12.6056,209.0458,45.3399
2033-05-25,28.9046,1.3734,40.7323,6.4490,537.5939,210.8594,87.9496,4.4214,212.9280,22.5246
2033-05-26,25.7503,3.8831,58.7793,6.2437,530.1571,101.2360,71.4088,0.8979,137.0474,5.4405
2033-05-27,26.3157,4.0671,65.8706,5.2246,521.9939,69.8173,64.6885,0.6776,104.6440,3.3848
2033-05-28,27.9702,1.0838,54.1411,4.0756,529.4326,73.3270,79.5219,1.3301,108.9350,6.9669
2033-05-29,29.3779,2.7766,49.7456,4.3735,537.1246,62.4502,78.0843,1.1827,96.7718,5.7766
2033-05-30,31.2450,1.6584,44.7855,4.6213,545.1527,63.9277,84.2782,2.4110,98.8702,11.0038
2033-05-31,32.5995,0.9032,35.0380,4.6758,553.4246,69.6911,90.1823,5.5698,106.0088,21.6004
2033-06-01,32.4397,0.3763,40.7497,4.5107,562.6677,74.9228,91.0298,6.2345,112.4215,24.0403
2033-06-02,30.7613,0.2796,42.2378,5.9483,571.6088,79.7679,91.0795,6.7505,118.2733,25.9748
2033-06-03,29.2266,0.1183,33.4549,7.2213,580.2736,85.0808,91.8949,8.0811,124.5187,29.9904
2033-06-04,27.5290,0.1867,31.4681,7.2265,588.6328,90.2461,92.0881,8.3071,130.4807,31.0889
2033-06-05,29.6548,0.0167,30.1294,4.7805,597.3746,95.9033,92.6687,7.9699,136.8724,30.7387
2033-06-06,33.8694,0.0000,25.8208,5.6353,606.8751,102.7324,94.2364,10.3530,144.3680,37.1821
2033-06-07,35.6904,0.0000,22.8741,6.5370,616.7034,110.2026,95.2500,12.4534,152.3460,42.5339
2033-06-08,35.6999,0.0000,24.4704,6.7247,626.5334,117.5200,95.3011,12.6597,160.0077,43.5053
2033-06-09,33.9442,0.0000,24.7711,9.7854,636.0473,124.4606,95.3522,14.8742,167.1514,48.6479
2033-06-10,34.3049,0.0000,28.6886,5.3685,645.6262,131.1075,95.3323,11.8739,173.9200,42.4963
2033-06-11,34.7398,0.0000,24.8682,4.9038,655.2834,138.1964,95.3834,11.6802,180.9755,42.3510
2033-06-12,36.1712,0.0000,14.0613,6.2093,665.1982,146.6289,97.2231,15.9860,189.0678,51.9963
2033-06-13,36.5620,0.0000,10.2761,7.0259,675.1834,155.5252,98.1645,18.8706,197.3842,57.9460
2033-06-14,37.0625,0.0000,11.4845,5.6745,685.2586,164.4182,98.2165,17.7496,205.5433,56.0654
2033-06-15,41.8887,0.0000,10.7483,4.1188,696.2026,174.5193,98.8074,17.7337,214.5707,56.2755
2033-06-16,43.3483,0.0052,10.5695,4.1396,707.4093,184.9842,99.0495,18.3219,223.7164,57.6208
2033-06-17,42.1507,0.0000,11.6374,5.1217,718.4004,195.0455,99.1019,19.3831,232.3700,59.8073
2033-06-18,43.3990,0.0000,12.1343,5.3882,729.6162,205.3391,99.1542,19.7795,241.0669,60.6878
2033-06-19,36.3754,0.0000,13.1326,7.1423,739.5678,213.9094,98.8940,20.8868,248.2859,62.8315
2033-06-20,37.5675,0.0143,11.8033,4.8147,749.7339,222.8877,98.9463,18.7024,255.7191,58.8176
2033-06-21,42.1314,0.1012,22.0611,3.9886,760.7216,231.7582,98.1774,16.2201,263.1165,53.9385
2033-06-22,42.0591,0.0345,22.0265,3.9911,771.6962,240.6178,98.0272,15.9041,270.4316,53.3361
2033-06-23,43.4688,0.0295,16.3941,4.1382,782.9246,250.4276,98.0792,16.1327,278.3064,53.8579
2033-06-24,42.8989,0.0245,15.7728,4.8364,794.0504,260.1840,98.1312,16.8254,286.0474,55.3176
2033-06-25,42.5499,0.0000,18.4048,4.7382,805.1134,269.5606,98.1833,16.8575,293.4748,55.4149
2033-06-26,42.3977,0.0000,12.5622,3.9934,816.1490,279.5735,98.5473,17.0321,301.2028,55.7969
2033-06-27,45.2163,0.0000,10.1706,5.1963,827.6919,290.5268,99.3566,20.1111,309.4792,61.8057
2033-06-28,45.9288,0.0000,9.6763,6.2112,839.3631,301.7099,99.5386,21.6714,317.8189,64.6965
2033-06-29,45.4945,0.0000,9.2183,7.0803,850.9561,312.8458,99.5911,22.7959,326.0337,66.7232
2033-06-30,43.7607,0.0000,14.5437,7.4831,862.2370,322.9385,99.6225,23.3581,333.5557,67.7244
2033-07-01,35.3836,0.0000,30.6745,10.8023,872.3101,328.8785,95.7128,16.4437,338.6049,54.6807
2033-07-02,32.1583,0.0711,36.4559,13.0644,881.8026,333.8419,93.7393,14.0516,343.0219,49.5854
2033-07-03,30.9679,0.1960,42.5223,8.7260,891.0808,338.1708,92.3618,9.3119,347.0615,38.1254
2033-07-04,29.2363,1.2274,48.8047,7.8581,900.0473,341.8183,86.8253,4.0430,350.6826,21.5993
2033-07-05,30.3106,0.2649,42.7540,8.3625,909.2072,346.0413,89.9743,6.5100,354.6428,30.0720
2033-07-06,28.8220,4.1102,45.5205,8.4900,879.1339,106.8932,79.1743,1.6060,163.9500,9.8635
2033-07-07,29.5176,0.0033,37.9732,6.4433,888.1511,111.3534,89.4942,5.5169,169.5597,25.3616
2033-07-08,31.1647,0.0123,38.8269,5.1496,897.4647,115.9888,91.0655,6.4712,175.3287,28.5028
2033-07-09,34.5129,0.0000,32.3353,3.7992,907.3811,121.6482,92.9382,7.8778,182.2223,32.7760
2033-07-10,36.8590,0.0153,30.0967,3.7058,917.7197,127.8800,93.9190,8.9899,189.6818,36.0017
2033-07-11,36.6931,0.3101,32.3648,4.2654,928.0284,133.8833,93.9696,9.3122,196.7908,37.0353
2033-07-12,36.7373,0.0183,35.5160,4.3197,938.3451,139.6136,94.0203,9.4035,203.5231,37.4301
2033-07-13,38.3635,0.0015,30.6920,5.7603,948.9546,146.0372,94.1327,10.2700,210.9249,39.7952
2033-07-14,37.7524,0.0397,29.6946,7.1526,959.4540,152.4524,94.2308,11.1671,218.2197,42.1401
2033-07-15,36.9577,0.0000,27.6143,7.8450,969.8104,158.9223,94.5125,12.0218,225.4738,44.2972
2033-07-16,37.6338,0.0000,24.8343,6.7580,980.2885,165.7600,95.1925,12.4941,233.0163,45.5056
2033-07-17,38.6231,0.0000,24.6982,6.7752,990.9446,172.7850,95.4168,12.8938,240.6628,46.5183
2033-07-18,38.5950,0.0000,24.6505,5.8358,1001.5957,179.8096,95.4680,12.3837,248.2173,45.4205
2033-07-19,40.4352,0.0000,22.9585,3.8065,1012.5781,187.3248,96.0764,12.1422,256.1716,44.9235
2033-07-20,37.2478,0.0000,24.6198,6.6979,1022.9867,194.1137,96.1277,14.1446,263.3157,49.5261
2033-07-21,34.4081,0.0007,29.5243,6.8777,1032.8841,199.9909,95.3524,12.8473,269.5187,46.6536
2033-07-22,34.3009,0.1018,32.3351,5.6403,1042.7623,205.6166,94.7488,11.1133,275.4480,42.5700
2033-07-23,34.8737,0.1089,31.3674,5.1159,1052.7436,211.4151,94.7997,10.8995,281.5007,42.0695
2033-07-24,35.9120,0.1838,30.6786,4.5424,1062.9117,217.4409,94.8507,10.6633,287.7292,41.5050
2033-07-25,36.1574,0.1176,34.7056,4.5963,1073.1240,223.1542,94.5469,10.2549,293.6490,40.4928
2033-07-26,37.1213,0.0000,31.6636,5.2414,1083.5099,229.2884,94.5977,10.6682,299.9114,41.5550
2033-07-27,35.4439,0.0000,33.3491,6.9528,1093.5938,235.0088,94.6162,11.6587,305.7543,44.0021
2033-07-28,34.5733,0.0012,38.1108,7.7936,1103.5210,240.1939,93.7045,10.7220,311.1011,41.7164
2033-07-29,33.3861,0.7436,41.9002,7.8017,1113.2345,244.8996,90.7145,7.0354,316.0050,31.6469
2033-07-30,33.2443,1.3842,41.9186,5.8507,1122.9224,249.5844,88.5112,4.6499,320.8731,23.8268
2033-07-31,30.4546,10.3239,49.6919,5.1144,945.3559,83.6363,70.8924,0.8334,136.9766,5.0481
2033-08-01,30.7791,7.4530,58.4356,4.1341,862.3792,50.3223,66.2233,0.6804,87.8315,2.9202
2033-08-02,30.1047,7.4428,63.7763,4.6381,795.0269,31.0154,62.5708,0.5976,56.5186,1.4074
2033-08-03,31.7610,0.8445,54.4408,6.0697,803.7479,34.1062,82.7781,2.1314,61.6701,7.3595
2033-08-04,33.0498,0.0000,37.0479,6.2709,812.7008,38.5443,91.0049,6.7885,68.9172,19.8938
2033-08-05,33.7810,0.0000,29.4011,5.1145,821.7854,43.6282,93.3763,8.9494,77.0323,25.6472
2033-08-06,35.1570,0.0000,28.7616,4.2452,831.1177,48.9605,93.9299,9.2516,85.3510,27.6448
2033-08-07,35.4361,0.0000,37.1016,4.4954,840.5002,53.7047,93.9113,9.3448,92.6151,28.9996
2033-08-08,31.9673,0.0000,43.3966,7.4877,849.2583,57.5688,92.3933,8.7876,98.4530,28.6514
2033-08-09,32.8110,0.0000,40.4665,6.0391,858.1682,61.7366,92.4435,8.2269,104.6516,28.1915
2033-08-10,34.1519,0.0039,32.4824,5.8879,867.3196,66.6503,92.9955,8.8226,111.8185,30.4510
2033-08-11,34.4769,0.0296,29.7270,5.3320,876.5294,71.8116,93.6080,9.3450,119.2074,32.5045
2033-08-12,33.7907,0.0000,29.5042,5.0527,885.6158,76.8895,93.6586,9.2795,126.3538,33.0879
2033-08-13,33.1256,0.2363,32.4885,5.0424,894.5824,81.6597,93.7091,9.3401,132.9739,33.8442
2033-08-14,34.1825,0.0000,32.4421,4.2788,903.7392,86.5805,93.7597,9.0510,139.7016,33.6907
2033-08-15,35.4921,0.0000,30.9946,3.8199,913.1318,91.7934,93.8103,8.9064,146.7151,33.8324
2033-08-16,35.3894,0.0012,31.3581,4.7246,922.5059,96.9642,93.8609,9.3876,153.5734,35.4743
2033-08-17,35.4469,0.0000,30.8140,4.7674,931.8903,102.1843,93.9116,9.4742,160.3983,36.0790
2033-08-18,36.1762,0.0058,31.5442,4.0065,941.4060,107.4523,93.9622,9.1821,167.1954,35.6771
2033-08-19,33.7908,0.0775,41.6713,5.4561,950.4924,111.6538,92.9484,8.5761,172.6151,34.3313
2033-08-20,30.2304,0.0000,47.5567,10.0038,958.9378,115.0458,91.3409,8.5948,177.0031,34.5474
2033-08-21,30.5080,0.0029,43.2402,6.4930,967.4333,118.7496,91.3907,7.2524,181.7316,30.9954
2033-08-22,30.5959,0.0000,36.2471,6.1828,975.9445,122.9213,91.6565,7.4144,186.9699,31.6090
2033-08-23,30.4088,0.0000,36.4758,6.4382,984.4221,127.0534,91.7064,7.5638,192.1181,32.1681
2033-08-24,30.3950,0.0000,31.2433,6.5853,992.8972,131.5240,92.5471,8.5808,197.6078,35.1168
2033-08-25,30.7932,0.0000,33.2423,6.0535,1001.4440,135.9195,92.5973,8.4131,202.9696,34.7799
2033-08-26,31.0619,0.0000,32.5921,5.9613,1010.0391,140.3952,92.6475,8.4334,208.3788,34.9412
2033-08-27,31.3782,0.0000,30.6258,5.5111,1018.6912,145.0467,92.9143,8.5588,213.9390,35.3805
2033-08-28,31.4538,0.0000,28.8883,5.8650,1027.3569,149.8258,93.2762,9.1654,219.5909,37.0984
2033-08-29,31.4727,0.0000,29.3777,6.8716,1036.0260,154.5748,93.3266,9.7104,225.1637,38.6048
2033-08-30,31.8143,0.0000,29.7704,6.0406,1044.7566,159.3469,93.3770,9.3780,230.7200,37.8095
2033-08-31,32.9244,0.0000,31.2819,4.2216,1053.6869,164.1738,93.4275,8.6171,236.3026,35.8309
2033-09-01,33.6459,0.0000,30.3861,5.1296,1061.4472,168.4802,93.4780,9.0842,241.2344,37.1418
2033-09-02,31.6890,0.0000,30.9184,5.3284,1068.8552,172.5129,93.5285,9.2404,245.8326,37.5989
2033-09-03,31.3991,0.0000,30.2683,4.6408,1076.2111,176.5476,93.5790,8.9888,250.4019,36.9626
2033-09-04,32.2031,0.0000,29.0684,3.9650,1083.7116,180.7532,93.6296,8.7492,255.1251,36.3470
2033-09-05,34.0727,0.0000,32.8077,4.1916,1091.5487,184.9608,93.6801,8.9121,259.8457,36.8195
2033-09-06,34.0870,0.0000,37.3723,3.8987,1099.3884,188.8842,93.6315,8.7223,264.2622,36.3286
2033-09-07,31.9232,0.7073,42.3011,4.2732,1106.8385,192.2765,90.4016,5.6319,268.1134,27.0992
2033-09-08,29.3233,0.3355,48.4318,5.7344,1113.8207,195.0696,90.4511,6.1053,271.3372,28.6505
2033-09-09,30.8539,0.0000,35.9007,5.2093,1121.0785,198.7162,91.6367,7.0397,275.3949,31.5610
2033-09-10,31.1437,0.0000,33.0004,4.4853,1128.3883,202.5623,92.3307,7.4874,279.6303,32.9046
2033-09-11,30.2449,0.0000,32.9245,4.9367,1135.5364,206.3055,92.3808,7.7140,283.7369,33.5776
2033-09-12,29.4118,0.0000,33.8021,4.9514,1142.5345,209.9015,92.4309,7.7744,287.6764,33.7644
2033-09-13,28.8104,0.0000,33.8377,4.9169,1149.4244,213.4247,92.4811,7.8159,291.5242,33.8949
2033-09-14,30.6142,0.0000,29.6112,3.8241,1156.6390,217.3991,92.9564,7.9078,295.8024,34.1698
2033-09-15,30.1626,0.0000,32.1498,5.6875,1163.7722,221.1755,93.0067,8.7478,299.8733,36.5305
2033-09-16,29.1855,0.0000,30.5270,5.9823,1170.7296,224.9214,93.0571,8.9415,303.8859,37.0677
2033-09-17,29.9070,0.0000,24.7666,5.1747,1177.8169,229.0746,93.8298,9.5615,308.2632,38.7335
2033-09-18,30.6360,0.0000,28.7943,5.1731,1185.0353,233.0978,93.8804,9.6281,312.5153,38.9171
2033-09-19,29.8419,0.0000,32.6715,6.0108,1192.1109,236.8068,93.7956,9.9258,316.4571,39.7005
2033-09-20,29.0939,0.0466,35.4157,5.3405,1199.0518,240.2786,93.2737,8.9233,320.1631,37.0484
2033-09-21,28.7145,0.3287,40.4277,4.7319,1205.9244,243.4407,92.3722,7.6255,323.5788,33.4055
2033-09-22,29.5793,0.1813,41.5304,4.3668,1212.9527,246.6344,92.1319,7.2369,327.0287,32.2653
2033-09-23,29.5728,0.0913,42.6472,4.7603,1219.9798,249.7663,91.9177,7.1617,330.4170,32.0444
2033-09-24,25.2625,0.3325,43.4104,4.9661,1226.2310,252.4223,91.2169,6.5514,333.3121,30.1848
2033-09-25,24.6079,0.7803,46.4123,4.5132,1232.3645,254.8750,87.7010,3.8703,336.0152,20.9258
2033-09-26,25.8280,0.0065,44.7650,3.7438,1238.7175,257.5231,88.9538,4.4558,338.9047,23.1368
2033-09-27,26.7330,0.0003,37.9384,4.6342,1245.2334,260.5984,90.4020,5.7356,342.1741,27.5809
2033-09-28,27.0572,0.0000,31.0792,4.7146,1251.8077,264.0534,91.8474,7.0744,345.7680,31.7963
2033-09-29,25.7847,2.0591,57.3963,6.4277,1258.1530,142.1564,79.6001,1.5092,221.6915,9.9220
2033-09-30,22.0830,0.5403,50.9535,5.1116,1263.8319,144.1807,85.1385,2.7788,224.3699,16.1253
2033-10-01,25.5333,8.7066,55.7718,5.3385,1059.0884,70.0779,63.5088,0.6475,120.2620,3.5604
2033-10-02,24.4704,10.6980,66.2610,5.3610,894.3969,36.9389,52.2983,0.2797,66.9638,0.5812
2033-10-03,27.0281,1.1755,56.1408,3.8952,899.9660,38.8082,74.1883,0.8936,70.0633,3.3264
2033-10-04,28.7121,0.5031,46.1645,4.5388,905.8381,41.2400,86.5894,3.3078,74.0517,11.9787
2033-10-05,30.5882,0.5315,37.7616,4.3696,912.0480,44.2283,90.6128,5.8327,78.8923,19.1522
2033-10-06,30.6731,0.1129,33.8034,4.4485,918.2732,47.4152,91.9844,7.1169,83.9885,22.8390
2033-10-07,32.1503,0.0000,27.3653,3.8749,924.7642,51.0746,93.5621,8.6281,89.7562,27.0337
2033-10-08,32.5810,0.0007,39.2877,4.0675,931.3328,54.1730,93.1060,8.1749,94.5908,26.7406
2033-10-09,31.7982,0.0006,42.3292,4.0035,937.7605,57.0477,92.4545,7.4364,99.0339,25.6175
2033-10-10,24.8155,12.0494,64.7926,6.4566,794.8512,28.9785,58.1322,0.4993,53.1158,0.8773
2033-10-11,25.3802,6.9066,69.7812,10.7243,740.6883,17.4560,58.4381,0.6330,32.9696,0.7966
2033-10-12,27.9361,0.0075,42.3713,6.3256,746.4208,19.9914,84.0530,2.5490,37.4737,6.2621
2033-10-13,28.1886,0.0000,37.6126,4.0857,752.1988,22.7601,89.8359,5.1450,42.3189,12.3583
2033-10-14,30.0759,0.0000,33.8524,3.4559,758.3164,25.8847,91.7518,6.5504,47.6990,15.9159
2033-10-15,28.9261,0.0033,40.7672,4.3084,764.2271,28.5796,91.8017,6.8865,52.2721,17.3538
2033-10-16,27.2339,0.0663,50.1618,3.9834,769.8332,30.7192,90.4814,5.6140,55.8653,15.4251
2033-10-17,27.8931,0.7210,57.6939,4.3337,775.5580,32.5777,86.7820,3.3644,58.9635,10.6074
2033-10-18,25.5008,2.6549,76.1371,4.2698,780.8521,27.5398,67.7107,0.7210,50.6167,1.7561
2033-10-19,24.9785,0.1474,65.3760,5.7484,786.0523,28.9080,80.0181,1.5221,52.9479,4.7869
2033-10-20,26.1888,0.1973,56.2799,3.8507,791.4702,30.7157,85.4450,2.7208,55.9984,8.5887
2033-10-21,21.2428,0.0977,39.1518,15.6379,795.9979,32.7757,88.8462,7.9893,59.4333,20.7007
2033-10-22,13.2141,0.0000,31.0977,6.9053,799.0805,34.2701,89.5131,5.6622,61.9030,16.4221
2033-10-23,14.2240,0.0000,32.1705,4.3811,802.3448,35.8450,89.6791,5.1060,64.4875,15.5329
2033-10-24,15.6816,0.0004,36.6936,5.7093,805.8715,37.4547,89.7283,5.4981,67.1115,16.7894
2033-10-25,15.3179,0.3221,53.8062,8.5645,809.3327,38.6038,88.1848,5.0874,68.9819,16.0788
2033-10-26,16.3310,1.0565,61.0572,11.3857,812.9763,39.6324,81.6493,2.4259,70.6539,9.0015
2033-10-27,15.7363,0.6268,55.9116,9.4224,816.5128,40.7571,83.4042,2.7350,72.4706,10.1210
2033-10-28,15.5589,0.7218,56.3272,6.7289,820.0174,41.8595,82.9541,2.2532,74.2441,8.7161
2033-10-29,15.2086,0.1350,53.2502,5.1674,823.4590,43.0147,84.9354,2.7099,76.0924,10.3482
2033-10-30,15.4297,0.0000,40.0685,5.2279,826.9403,44.5157,87.3168,3.7978,78.4709,13.8204
2033-10-31,15.0354,0.1188,42.0575,5.5525,830.3507,45.9323,87.7829,4.1265,80.7039,14.9650
2033-11-01,15.0242,0.0330,42.9932,4.6817,832.7590,47.1510,87.8316,3.9769,82.6086,14.7436
2033-11-02,14.0047,0.1438,48.1675,4.4050,834.9839,48.1890,87.8802,3.9492,84.2257,14.8288
2033-11-03,17.0880,0.0088,45.2531,4.0561,837.7637,49.5091,87.9289,3.9075,86.2722,14.9115
2033-11-04,18.6404,0.0236,44.1569,4.7425,840.8230,50.9706,88.1336,4.1655,88.5253,15.8846
2033-11-05,16.5741,0.0994,62.0800,7.8656,843.5103,51.8592,86.8115,4.0366,89.9006,15.6445
2033-11-06,16.2685,0.0350,63.7624,6.9877,846.1427,52.6936,86.2186,3.5512,91.1901,14.2955
2033-11-07,16.1528,0.0086,59.4982,4.5404,848.7542,53.6201,86.2667,3.1605,92.6130,13.1689
2033-11-08,17.0336,0.0363,58.0670,4.5718,851.5242,54.6282,86.3148,3.1871,94.1554,13.3806
2033-11-09,18.7685,0.0048,49.7174,4.7440,854.6065,55.9527,86.9703,3.5278,96.1651,14.6497
2033-11-10,18.4960,0.0009,45.4725,4.2843,857.6398,57.3694,87.6603,3.8036,98.3000,15.7026
2033-11-11,20.9784,0.0026,45.0453,3.5990,861.1199,58.9780,88.2259,3.9847,100.7116,16.4733
2033-11-12,19.6799,0.0008,40.4012,3.9731,864.3663,60.6199,88.8388,4.4338,103.1538,18.0584
2033-11-13,23.5991,0.0000,44.1955,4.2376,868.3182,62.4473,88.9843,4.5882,105.8614,18.7597
2033-11-14,24.9221,0.0000,46.2147,3.4302,872.5081,64.3029,89.0333,4.4364,108.5971,18.5313
2033-11-15,22.5212,0.0010,50.7754,3.3688,876.2660,65.8445,89.0824,4.4539,110.8628,18.7696
2033-11-16,17.5681,0.0126,63.0439,3.5207,879.1322,66.7591,87.1406,3.3983,112.2149,15.4257
2033-11-17,20.8360,2.2327,62.9185,6.2782,882.5867,58.6523,73.5739,0.9791,100.5925,4.9176
2033-11-18,15.5539,0.3036,45.2040,6.2149,885.0904,59.8622,82.7982,2.1525,102.4087,10.2253
2033-11-19,7.9114,0.0057,43.1064,6.6177,886.2185,60.5419,85.0601,2.9658,103.4209,13.3176
2033-11-20,9.5529,0.0069,40.2733,6.0917,887.6420,61.3855,86.5172,3.5406,104.6740,15.3693
2033-11-21,14.2650,0.0082,49.3624,4.2803,889.9137,62.4170,86.5677,3.2549,106.2105,14.5186
2033-11-22,20.3580,0.0057,56.4379,4.4711,893.2821,63.6563,86.6159,3.3089,108.0613,14.8338
2033-11-23,17.6394,0.0012,60.3651,3.2817,896.1612,64.6411,86.6642,3.1378,109.5307,14.3372
2033-11-24,19.1634,0.0001,54.4428,3.8654,899.3146,65.8650,86.7124,3.2536,111.3432,14.8643
2033-11-25,19.6690,0.0002,56.8890,3.6133,902.5591,67.0520,86.7607,3.2346,113.0986,14.9115
2033-11-26,19.6454,0.0000,56.3392,3.3911,905.7992,68.2529,86.8090,3.2206,114.8674,14.9736
2033-11-27,19.4709,0.0000,51.2513,2.6782,909.0080,69.5824,87.0122,3.1981,116.8109,15.0122
2033-11-28,19.9375,0.0001,53.3419,4.2773,912.3007,70.8838,87.0606,3.4904,118.7090,16.1637
2033-11-29,16.7962,0.0002,55.6904,3.1031,915.0281,71.9351,87.1090,3.3126,120.2387,15.6271
2033-11-30,16.3234,0.0000,49.5026,4.5068,917.6703,73.1016,87.1574,3.5800,121.9224,16.6725
2033-12-01,12.6681,0.0001,26.0924,6.1549,919.6545,74.2580,89.6485,5.5590,123.5714,23.0905
2033-12-02,9.0368,0.0000,24.4814,5.1519,920.9851,75.1279,90.2352,5.7484,124.8041,23.7369
2033-12-03,10.1041,0.0000,35.3073,3.7030,922.5079,75.9516,90.0857,5.2305,125.9740,22.2873
2033-12-04,13.3484,0.0002,24.2954,3.6764,924.6146,77.1946,90.9122,5.8784,127.7294,24.3321
2033-12-05,13.3545,0.0000,37.6515,4.4379,926.7224,78.2187,90.4170,5.6914,129.1794,23.8897
2033-12-06,11.4819,0.0004,45.5082,3.9003,928.4932,78.9979,89.2264,4.6703,130.2838,20.8258
2033-12-07,9.4029,0.0112,56.5173,4.9846,929.8897,79.5169,87.3738,3.7822,131.0235,17.8957
2033-12-08,11.6261,0.1915,50.9305,5.5501,931.6864,80.2265,87.4001,3.9062,132.0305,18.3815
2033-12-09,10.6409,0.0000,47.4242,4.1584,933.3057,80.9280,87.4486,3.6670,133.0201,17.5932
2033-12-10,11.4432,0.0006,50.2393,2.7420,935.0695,81.6373,87.4832,3.4312,134.0222,16.7915
2033-12-11,12.0763,0.0073,54.8702,2.7878,936.9472,82.3130,87.0983,3.2554,134.9802,16.1849
2033-12-12,13.6146,5.9747,84.9759,4.3385,869.8857,50.3806,41.5548,0.0576,88.0172,0.1464
2033-12-13,17.2747,0.9753,74.2661,2.7946,872.6992,50.9180,55.3640,0.3320,88.8727,0.8497
2033-12-14,17.5840,0.0003,56.8189,3.2148,875.5683,51.8348,72.6745,0.8078,90.3043,3.6779
2033-12-15,15.6503,0.0027,53.7471,2.5726,878.0893,52.7152,80.4060,1.3515,91.6719,6.3229
2033-12-16,13.9626,0.0054,58.6616,2.5629,880.3066,53.4228,82.9057,1.8153,92.7708,8.3305
2033-12-17,13.6833,8.9391,81.5536,6.6719,785.8182,28.8683,39.1539,0.0413,52.8800,0.0722
2033-12-18,13.5821,24.6308,70.3076,6.3454,582.1364,10.9848,30.6560,0.0057,20.9798,0.0053
2033-12-19,14.2442,0.3778,61.9605,5.6909,584.4044,11.6481,56.2606,0.4150,22.1904,0.4019
2033-12-20,11.9592,0.0047,55.2800,5.0625,586.2610,12.3117,71.5950,0.8516,23.3952,0.8533
2033-12-21,12.8847,0.0000,33.8051,2.9761,588.2843,13.3637,82.3449,1.7275,25.2911,3.1215
2033-12-22,14.6665,0.0034,55.9160,4.0871,590.6282,14.1536,84.2647,2.3427,26.7071,4.5848
2033-12-23,17.7610,1.5430,62.8170,7.1318,593.5292,14.3208,76.3303,1.1899,27.0122,1.9727
2033-12-24,13.5996,0.0002,41.2365,4.3376,595.6811,15.3024,83.6171,2.1766,28.7580,4.4687
2033-12-25,13.4934,0.1986,62.0402,3.9700,597.8139,15.9320,84.0172,2.2529,29.8736,4.7579
2033-12-26,17.8279,0.3201,57.0252,4.9493,600.7270,16.8563,85.2203,2.7875,31.5028,6.0902
2033-12-27,17.0170,0.2822,62.0513,4.9868,603.4940,17.6376,85.2681,2.8113,32.8734,6.3103
2033-12-28,13.4457,1.8281,82.7044,7.7552,605.6183,16.2224,67.3059,0.8479,30.4085,1.0857
2033-12-29,13.2706,25.1904,87.8430,6.9726,462.0612,6.7595,23.6159,0.0007,13.0420,0.0005
2033-12-30,12.4702,2.1482,75.2191,5.0648,464.0099,5.4974,37.2684,0.0259,10.6786,0.0162
2033-12-31,7.9091,0.0056,53.9964,6.2720,465.1375,5.9684,58.7112,0.5156,11.5658,0.3370
2034-01-01,6.8536,0.0040,46.8644,5.8213,466.0751,6.4887,72.4384,0.9127,12.5409,0.6246
2034-01-02,11.9409,2.6306,72.4980,4.9648,467.9285,4.8132,57.7958,0.4518,9.3851,0.2634
2034-01-03,12.5392,9.8801,82.8155,5.5214,428.1917,2.1922,30.1821,0.0048,4.3290,0.0019
2034-01-04,9.7007,0.9166,58.1850,5.4137,429.6419,2.7482,51.3982,0.2540,5.4099,0.1131
2034-01-05,6.9580,4.0708,69.7341,4.7592,418.6274,1.3442,41.0177,0.0534,2.6669,0.0181
2034-01-06,6.2451,0.0995,59.1338,11.0094,419.4555,1.7137,60.7960,0.7482,3.3928,0.2755
2034-01-07,5.1399,10.4102,78.2961,15.0964,380.6855,0.3615,33.3422,0.0175,0.7214,0.0044
2034-01-08,5.1917,1.2373,84.6607,4.8050,381.3241,0.4804,38.5603,0.0334,0.9577,0.0087
2034-01-09,5.4059,0.9206,79.3914,8.9392,382.0011,0.6454,48.7901,0.2211,1.2854,0.0612
2034-01-10,3.4948,0.3430,65.6962,10.4049,382.3342,0.8395,62.6641,0.8028,1.6698,0.2366
2034-01-11,2.7293,0.4447,65.1709,12.8260,382.5295,1.0037,71.5550,1.2575,1.9942,0.3891
2034-01-12,4.6105,0.0134,50.8957,7.8715,383.0634,1.3489,78.3240,1.4401,2.6742,0.4878
2034-01-13,4.6254,0.0027,48.7185,4.5989,383.5999,1.7103,81.7229,1.7384,3.3830,0.6394
2034-01-14,8.2504,0.0118,57.0999,4.7243,384.7890,2.2042,83.0847,2.0711,4.3461,0.8398
2034-01-15,9.7241,12.2849,83.0869,6.4119,342.7172,0.6700,32.3720,0.0089,1.3335,0.0025
2034-01-16,8.2903,0.0403,63.3637,4.4081,343.9135,1.0935,51.7853,0.2521,2.1698,0.0800
2034-01-17,10.9421,0.0049,56.4072,4.5732,345.5870,1.7398,68.1533,0.7427,3.4363,0.2748
2034-01-18,13.9919,1.8730,70.1935,6.6066,347.8096,1.5135,64.3729,0.7170,2.9944,0.2524
2034-01-19,11.5109,6.1325,80.0245,4.2803,332.0359,0.4592,37.1926,0.0245,0.9152,0.0063
2034-01-20,9.3943,0.0107,53.5054,8.2624,333.4309,1.0599,60.8034,0.6517,2.1030,0.2048
2034-01-21,6.9548,0.0002,49.5574,7.1651,334.3868,1.5601,73.5276,1.0217,3.0841,0.3634
2034-01-22,6.8668,0.0000,53.5160,4.7309,335.3268,2.0160,79.1309,1.3234,3.9722,0.5175
2034-01-23,7.5605,0.0000,46.2675,3.4307,336.3917,2.5889,82.7766,1.8656,5.0800,0.8081
2034-01-24,9.8172,0.0005,46.0805,3.9706,337.8628,3.3135,84.8723,2.5293,6.4685,1.7535
2034-01-25,8.6790,0.1231,67.7694,3.0475,339.1290,3.7016,84.4168,2.2692,7.2065,1.5747
2034-01-26,11.4543,0.2468,73.0654,5.6756,340.8948,4.1179,83.8248,2.3931,7.9943,1.9081
2034-01-27,11.9812,7.4933,86.6559,6.0774,320.5377,1.8299,36.5107,0.0231,3.6083,0.0087
2034-01-28,13.1764,0.0738,76.4646,4.0911,322.6135,2.2436,52.7900,0.2764,4.4105,0.1128
2034-01-29,12.4111,0.0185,76.8416,4.1675,324.5515,2.6288,63.8729,0.6205,5.1532,0.2704
2034-01-30,16.2827,0.4040,74.4127,4.2870,327.1864,3.1763,72.7911,0.8567,6.2022,0.4061
2034-01-31,12.2957,4.2909,90.3177,4.2579,319.0111,1.4570,38.9300,0.0349,2.8811,0.0121
2034-02-01,14.9798,1.2380,75.4357,3.6411,321.4115,2.0181,50.9613,0.2210,3.9738,0.0864
2034-02-02,15.3264,0.0419,66.1787,3.1144,323.8742,2.8073,66.6132,0.6554,5.4954,0.2939
2034-02-03,14.3598,0.0071,62.3454,3.5992,326.1630,3.6342,75.9948,0.9742,7.0714,0.4916
2034-02-04,14.0683,0.2584,56.6968,4.9727,328.3993,4.5672,81.4917,1.7237,8.8275,0.9731
2034-02-05,13.5374,13.9092,82.2988,7.4931,287.0268,2.0430,34.7037,0.0165,4.0146,0.0065
2034-02-06,15.8956,4.6635,65.6631,4.3195,279.2353,1.3630,42.1295,0.0637,2.6931,0.0216
2034-02-07,16.1077,2.2648,63.6726,5.7782,281.8386,1.3183,54.8593,0.3686,2.6061,0.1238
2034-02-08,14.0673,6.7489,64.3570,7.2707,267.1864,0.7893,45.8554,0.1351,1.5671,0.0392
2034-02-09,16.3002,0.0436,53.4562,5.3048,269.8245,1.9398,69.1343,0.7951,3.8110,0.3059
2034-02-10,19.8984,0.0475,65.7979,5.8468,273.1102,2.9599,78.8045,1.3577,5.7637,0.6221
2034-02-11,18.0538,0.3616,66.9842,5.0380,276.0639,3.8582,82.0089,1.8394,7.4560,0.9528
2034-02-12,14.5729,4.9250,77.1091,5.5758,267.4808,2.1691,49.6339,0.2077,4.2520,0.0835
2034-02-13,13.2432,0.0003,37.7869,5.9407,269.5686,3.4367,72.9688,0.9379,6.6610,0.4598
2034-02-14,15.3064,0.0000,39.2211,4.1216,272.0278,4.8531,83.0881,2.0100,9.2919,1.6020
2034-02-15,17.1885,0.0002,43.1226,3.5389,274.8257,6.3307,86.4953,3.1036,11.9720,3.6302
2034-02-16,19.9331,0.0009,48.6275,4.1668,278.1176,7.8656,87.3012,3.5921,14.6924,4.8379
2034-02-17,21.1874,0.0000,48.6325,4.1052,281.6354,9.4919,87.6926,3.7869,17.5086,5.6717
2034-02-18,22.7277,0.0000,47.5225,3.1523,285.4304,11.2681,88.1308,3.8432,20.5118,6.3250
2034-02-19,21.5225,0.0491,50.7187,7.9716,289.0084,12.8518,88.1796,4.9340,23.1319,8.5023
2034-02-20,9.7826,0.0429,46.6268,8.9177,290.4733,13.6769,87.9769,5.0267,24.4730,8.9182
2034-02-21,11.3171,0.0617,41.3968,5.6934,292.2143,14.7105,88.0255,4.3028,26.1322,8.0861
2034-02-22,15.6749,0.3503,40.0469,6.3687,294.7398,16.1391,88.3409,4.6577,28.3916,9.0860
2034-02-23,20.8844,0.0166,46.2017,8.4635,298.2030,17.8192,88.3897,5.2126,31.0064,10.4975
2034-02-24,16.5073,0.9196,45.3023,9.8264,300.8783,19.1872,84.9725,3.4445,33.0978,7.6380
2034-02-25,13.7288,0.0000,32.9306,4.9848,303.0535,20.6000,88.0319,4.1557,35.2156,9.3351
2034-02-26,17.3773,0.0005,43.7106,5.0334,305.8854,22.0774,88.0806,4.1950,37.4055,9.7465
2034-02-27,18.5585,0.0003,44.3144,2.9026,308.9299,23.6324,88.1472,3.8041,39.6769,9.2879
2034-02-28,18.2372,0.0003,51.6988,4.8833,311.9166,24.9592,88.1960,4.2329,41.5970,10.4442
2034-03-01,16.3900,0.0006,47.7187,4.6932,314.5708,26.5179,88.2447,4.2219,43.8042,10.7385
2034-03-02,17.6556,0.0075,48.3341,5.1862,317.4528,28.1697,88.2935,4.3585,46.1102,11.3526
2034-03-03,18.8108,0.0288,55.6705,5.2123,320.5428,29.6742,87.9301,4.1427,48.1945,11.1743
2034-03-04,18.0952,0.0015,51.8196,3.2428,323.5039,31.2507,87.9787,3.7775,50.3434,10.6273
2034-03-05,20.7087,0.0000,41.7318,4.2104,326.9355,33.4168,88.7289,4.4169,53.2314,12.4583
2034-03-06,17.9682,0.9808,51.9717,6.5278,329.8738,34.9779,83.6977,2.4565,55.2973,7.7883
2034-03-07,12.1988,0.0068,43.5585,9.6517,331.7736,36.2574,86.0855,3.9860,56.9544,11.9314
2034-03-08,10.4764,0.0888,55.4461,7.2198,333.3633,37.1366,86.1335,3.5502,58.0940,10.9890
2034-03-09,10.0201,0.0056,44.7797,6.0972,334.8709,38.1833,86.4833,3.5247,59.4265,11.0719
2034-03-10,8.6712,0.1727,51.8046,8.2867,336.1357,38.9861,86.5315,3.9627,60.4455,12.2919
2034-03-11,9.5986,0.0038,45.0686,6.1953,337.5675,39.9878,86.5797,3.5908,61.7026,11.4926
2034-03-12,11.9863,0.0050,39.1033,4.2170,339.4290,41.3462,87.5044,3.7072,63.3888,11.9801
2034-03-13,9.1972,5.9846,67.5488,8.6902,324.1364,25.8207,50.2488,0.2620,43.0650,0.3967
2034-03-14,6.0518,16.7255,76.0200,14.1351,272.6694,11.0059,29.5361,0.0062,19.9942,0.0056
2034-03-15,4.3998,0.3129,45.0624,12.0056,273.1653,11.5210,55.4104,0.5302,20.8441,0.4934
2034-03-16,7.0356,0.0002,28.1681,6.6516,274.1357,12.5171,74.2371,1.0292,22.4693,1.0514
2034-03-17,12.9953,0.0000,11.7306,4.4494,276.1789,14.6379,87.9184,3.9798,25.8506,7.4954
2034-03-18,18.0284,0.0099,27.1228,4.5976,279.1280,17.0142,90.5208,5.8231,29.5286,11.1909
2034-03-19,17.8355,0.0071,41.6818,5.6897,282.0424,18.8966,90.2066,5.8822,32.3711,11.8636
2034-03-20,18.1971,4.8520,63.9672,6.7734,274.1844,13.0496,61.0781,0.6143,23.3240,0.6144
2034-03-21,15.1947,4.7654,64.4827,4.7622,266.2677,8.8739,50.2625,0.2153,16.3828,0.1725
2034-03-22,14.2413,1.2889,68.9572,7.7969,268.5351,9.6857,61.8123,0.6737,17.7691,0.5673
2034-03-23,16.1676,0.1609,52.9171,6.3761,271.1493,11.0715,77.0926,1.2089,20.0921,1.4111
2034-03-24,18.8305,0.0015,35.7768,6.6440,274.2428,13.2534,86.4777,3.6202,23.6496,6.5149
2034-03-25,18.4575,0.0014,41.1849,6.8896,277.2691,15.2142,88.1309,4.6397,26.7578,8.7544
2034-03-26,17.7403,0.0048,45.0038,5.9708,280.1664,16.9804,88.1796,4.4608,29.4921,8.9487
2034-03-27,17.6760,0.0004,41.6845,4.5633,283.0521,18.8468,88.4086,4.2941,32.3146,9.1313
2034-03-28,20.7394,0.0007,38.9795,3.6220,286.4892,21.1185,89.2224,4.6027,35.6644,10.2473
2034-03-29,23.6555,0.0005,37.8130,3.2613,290.4511,23.7426,89.9925,5.0476,39.4278,11.6977
2034-03-30,31.4177,0.0000,35.8286,3.1592,295.8103,27.2996,91.6511,6.3617,44.3637,14.9701
2034-03-31,31.7102,0.0000,36.8060,2.8298,301.2222,30.8340,91.7591,6.3536,49.1023,15.7970
2034-04-01,25.6482,0.0000,35.8078,3.3680,306.7928,34.9966,91.8090,6.5746,54.4617,17.1365
2034-04-02,24.2383,0.6670,44.7850,4.9522,312.1097,38.3883,88.6681,4.5453,58.7206,13.4742
2034-04-03,23.6036,0.0195,48.7316,3.9791,317.3124,41.4588,88.7171,4.3583,62.5019,13.5085
2034-04-04,23.6406,0.3686,41.5611,7.6050,322.5217,44.9639,89.3589,5.7369,66.6856,17.2710
2034-04-05,22.3521,0.3844,55.0463,5.7719,327.4991,47.5198,88.6808,4.7456,69.7411,15.3457
2034-04-06,24.4377,0.0006,49.2651,2.8005,332.8518,50.6608,88.7297,4.1145,73.3946,14.1542
2034-04-07,26.4115,0.0000,35.2098,3.5364,338.5599,54.9821,90.7274,5.6852,78.2107,18.7082
2034-04-08,26.0148,0.0000,25.9479,5.1314,344.1966,59.8499,92.6599,8.1021,83.4315,24.9290
2034-04-09,23.9450,0.0000,30.3959,5.3552,349.4607,64.0761,92.7101,8.2520,87.8722,25.9338
2034-04-10,24.9324,0.0001,30.1971,4.0226,354.9025,68.4814,92.7604,7.7707,92.3929,25.5175
2034-04-11,26.9501,0.0003,26.4277,3.9842,360.7075,73.4845,93.0255,8.0494,97.3751,26.8373
2034-04-12,26.8518,0.0019,27.2902,5.1903,366.4948,78.4116,93.0759,8.6144,102.1733,28.7672
2034-04-13,24.6127,0.0716,45.1287,4.7628,371.8791,81.8320,91.1921,6.4617,105.5812,23.9501
2034-04-14,23.9237,0.0074,37.1490,8.7049,377.1394,85.6449,91.2418,7.9377,109.2600,28.0553
2034-04-15,20.2675,2.4553,42.3056,9.7190,381.7415,73.0412,79.1449,1.7038,98.8151,8.1979
2034-04-16,21.0408,1.0210,39.4297,5.6645,386.4828,76.2924,83.9276,2.4246,102.1656,11.2624
2034-04-17,19.5093,6.5357,57.2968,5.4532,370.0135,47.4916,58.9921,0.5044,71.9092,1.4270
2034-04-18,18.1345,0.6699,48.6578,5.5837,374.2318,49.8857,76.4418,1.1089,74.8330,4.4721
2034-04-19,20.3583,0.2580,45.1312,5.9060,378.8503,52.7401,85.0743,2.8668,78.2478,11.0253
2034-04-20,23.5001,1.6704,45.4137,5.9940,384.0343,53.2975,81.7378,1.8683,79.1376,7.7058
2034-04-21,19.4134,0.0611,36.3061,10.3783,388.4827,56.4651,88.0158,5.4409,82.8317,18.6821
2034-04-22,17.9984,0.0004,29.0578,11.6520,392.6764,59.7497,90.3834,8.1471,86.5687,25.5085
2034-04-23,14.7017,0.8521,35.1869,14.4191,396.2767,62.2326,87.2761,6.0001,89.3756,20.8966
2034-04-24,12.2354,12.1496,83.3767,20.9485,355.2397,30.4234,41.1557,0.1238,50.1165,0.2086
2034-04-25,13.7459,2.5505,72.8279,13.9138,358.6680,26.0945,51.9474,0.4143,44.1575,0.6384
2034-04-26,14.4477,1.6899,46.6802,10.7862,362.2226,26.5603,68.1878,1.0169,44.8913,2.6117
2034-04-27,16.9238,0.0073,32.8304,6.8949,366.2229,29.4953,83.6814,2.4970,49.1037,7.3227
2034-04-28,19.5205,0.0273,29.4393,4.9339,370.6906,33.0227,89.3295,4.9934,54.0155,13.8347
2034-04-29,21.9127,0.0004,32.9071,4.1629,375.5888,36.7658,90.5312,5.7054,59.0747,16.0999
2034-04-30,23.6380,0.0275,41.6539,4.5871,380.7977,40.2650,90.5807,5.8701,63.6930,17.1357
2034-05-01,25.2548,0.0089,38.4350,3.4558,387.7476,44.5366,90.6303,5.5842,69.2019,17.2726
2034-05-02,27.4534,0.0000,32.0409,3.7553,395.0932,49.6451,91.7671,6.6644,75.5556,20.6136
2034-05-03,28.2082,0.0003,30.8741,3.8048,402.5746,54.9788,92.2659,7.1692,81.9710,22.6641
2034-05-04,29.0886,0.0039,29.5317,4.2697,410.2146,60.5794,92.7108,7.8135,88.4891,25.0585
2034-05-05,27.0792,0.0997,33.6812,4.4286,417.4928,65.4993,92.7610,7.9321,94.0934,26.1212
2034-05-06,28.1939,0.0047,29.7892,3.4607,424.9718,70.9140,92.8113,7.6080,100.0784,26.1582
2034-05-07,28.8866,0.0006,28.5120,4.7613,432.5753,76.5576,92.9396,8.2707,106.1492,28.4792
2034-05-08,29.1463,0.0000,26.6316,4.2601,440.2257,82.3998,93.3401,8.5291,112.2658,29.8143
2034-05-09,29.8171,0.0000,25.1679,3.5299,447.9968,88.4907,93.7658,8.7231,118.4763,30.9616
2034-05-10,29.8818,0.0064,24.9790,4.5937,455.7795,94.6098,93.8670,9.3337,124.5730,33.0402
2034-05-11,28.2042,0.0153,28.3722,9.8593,463.2602,100.1357,93.9176,12.2557,130.0138,40.1204
2034-05-12,26.7895,0.0181,32.5198,7.3017,470.4863,105.0903,93.4336,10.0725,134.8684,35.7455
2034-05-13,24.4108,5.4612,47.2114,5.3954,456.9851,66.6130,70.7411,0.8411,97.6433,4.0969
2034-05-14,26.5027,0.0523,35.6619,5.4781,464.1596,71.2884,87.3361,3.8566,103.0205,16.2637
2034-05-15,26.2708,1.0852,36.6323,5.8292,471.2924,75.8545,87.7557,4.1681,108.1801,17.6644
2034-05-16,26.4883,0.2504,39.2277,4.3005,478.4642,80.2684,89.9285,5.2704,113.1014,21.4007
2034-05-17,28.1511,0.0054,29.2152,5.6441,485.9354,85.7194,92.3102,7.9147,118.9720,29.0404
2034-05-18,29.2558,0.0521,27.7868,4.8083,493.6055,91.4905,93.0631,8.4350,125.0401,30.9195
2034-05-19,29.6431,0.7547,30.9231,4.5173,501.3452,97.0813,91.7326,6.8915,130.8281,27.4112
2034-05-20,25.7393,13.1588,63.9063,4.9886,446.8318,50.0276,57.4331,0.4401,78.1742,1.1544
2034-05-21,23.1586,1.5202,52.7643,9.6055,453.4043,51.7447,75.3687,1.2691,80.5169,5.4215
2034-05-22,26.7016,0.0100,29.9561,4.5997,460.6146,56.8713,89.3164,4.9008,86.9147,17.7592
2034-05-23,27.9342,0.0000,28.1904,4.5734,468.0468,62.3603,92.3453,7.5362,93.5576,25.1378
2034-05-24,29.9587,0.0000,27.0677,5.3015,475.8433,68.3237,93.3161,8.9586,100.5529,29.3223
2034-05-25,30.5891,0.0000,24.6526,4.7623,483.7534,74.6097,93.9860,9.5700,107.6948,31.6370
2034-05-26,31.7676,0.0085,20.0099,4.8317,491.8756,81.5312,95.1688,11.3017,115.2882,36.3672
2034-05-27,30.3081,0.0530,19.6350,5.5900,499.7350,88.1763,95.2199,11.8242,122.3723,38.3466
2034-05-28,30.3201,0.0047,20.7980,5.1067,507.5966,94.7278,95.2709,11.6205,129.1845,38.6734
2034-05-29,29.2381,0.0005,30.6500,8.0885,515.2635,100.2667,94.3285,11.8653,134.9047,39.7816
2034-05-30,27.1786,0.0006,28.5755,19.0816,522.5596,105.5841,94.1462,20.1332,140.2991,56.2264
2034-05-31,28.0134,0.0016,25.5567,11.1092,530.0060,111.2899,94.1970,13.5673,145.9591,44.4098
2034-06-01,27.3821,0.0000,26.1196,7.8738,538.3388,116.8297,94.2477,11.6074,151.4764,40.5912
2034-06-02,27.4866,0.1425,31.5396,6.1167,546.6904,121.9820,93.7574,9.9260,156.6060,36.9818
2034-06-03,27.3440,0.0125,34.5929,5.3063,555.0163,126.8799,93.1733,8.7838,161.4747,34.3776
2034-06-04,29.8638,0.0000,29.4402,4.0868,563.7958,132.6317,93.2237,8.3187,167.0299,33.4143
2034-06-05,32.3940,0.0000,22.5970,5.1873,573.0307,139.4570,94.6755,10.7536,173.4088,39.8462
2034-06-06,33.7568,0.0000,17.3273,3.7826,582.5109,147.0435,96.0917,12.1528,180.3025,43.4129
2034-06-07,34.1646,0.0000,15.0502,5.4180,592.0646,154.9302,96.7539,14.4273,187.3180,48.6963
2034-06-08,34.1268,0.0270,13.7494,5.3028,601.6114,162.9291,97.0715,14.9665,194.3041,50.0885
2034-06-09,32.6702,0.0187,18.2532,6.9562,610.8960,170.1969,97.1232,16.3795,200.6441,53.2012
2034-06-10,31.7046,0.0000,25.0524,5.3465,620.0068,176.6696,96.0081,13.0013,206.3452,46.1735
2034-06-11,33.2687,0.0000,23.3204,4.6453,629.3992,183.6076,96.0594,12.6375,212.3494,45.4852
2034-06-12,33.9731,0.0000,23.7459,4.9476,638.9184,190.6486,96.1108,12.9208,218.3855,46.2503
2034-06-13,31.3321,0.0186,28.9018,10.3024,647.9621,196.7192,95.0178,14.5845,223.6726,50.0169
2034-06-14,26.9122,0.0526,29.4399,13.9413,656.2103,201.9227,94.1284,15.5006,228.2546,52.0373
2034-06-15,27.3059,0.0230,30.2540,9.0350,664.5294,207.1385,93.8793,11.6947,232.8357,43.6272
2034-06-16,28.6314,0.0000,26.5972,6.0767,673.0870,212.8840,93.9299,10.1461,237.7662,39.8753
2034-06-17,30.2698,0.0000,23.9007,5.2836,681.9396,219.1687,94.1531,10.0547,243.0515,39.6955
2034-06-18,31.6911,0.0000,20.0300,5.4383,691.0480,226.0724,95.1730,11.6592,248.7235,43.7148
2034-06-19,33.4689,0.0000,20.4233,4.5798,700.4764,233.3145,95.4565,11.6060,254.6130,43.6369
2034-06-20,32.7965,0.1580,28.0657,5.2255,709.7838,239.7338,95.2499,11.6567,259.9599,43.7983
2034-06-21,31.8784,0.3594,30.6280,6.6354,718.9259,245.7567,94.6729,11.5635,265.0244,43.6077
2034-06-22,30.0586,0.0325,30.1556,7.5491,727.7405,251.4860,94.3805,11.6304,269.8453,43.7970
2034-06-23,32.7530,0.0052,27.5054,4.8648,737.0400,257.9470,94.4313,10.2304,275.1519,40.3606
2034-06-24,35.7063,0.0000,24.8402,4.9036,746.8711,265.2299,94.8651,10.8807,280.9931,42.0209
2034-06-25,37.8108,0.0000,22.4916,4.3787,757.0811,273.1698,95.7064,11.8864,287.2373,44.4904
2034-06-26,36.8960,0.0000,20.6321,4.9767,767.1264,281.1090,95.9874,12.7257,293.4163,46.4827
2034-06-27,36.9156,0.0000,15.4072,5.8911,777.1752,289.5752,97.0873,15.4492,299.8450,52.5204
2034-06-28,38.6886,0.0000,14.4417,6.5660,787.5431,298.5374,97.6059,17.1259,306.5560,56.0032
2034-06-29,36.3431,0.0000,18.7952,16.2651,797.4889,306.5422,97.6378,28.0379,312.6449,75.4721
2034-06-30,32.3405,0.0001,27.2719,11.2764,806.7142,312.9450,95.6863,16.7808,317.7407,55.3330
2034-07-01,26.0050,12.7138,49.4013,7.8545,697.0605,84.0950,67.6642,0.8624,129.2173,5.0686
2034-07-02,28.8593,0.4890,42.3636,4.6336,705.9592,88.1504,86.0609,3.0847,134.3586,15.5103
2034-07-03,30.5015,0.0000,34.2158,4.8287,715.1535,93.0327,91.2882,6.5725,140.4035,27.1886
2034-07-04,27.2282,0.3342,42.2025,8.3277,723.7586,96.8780,91.3380,7.8954,145.1753,31.1201
2034-07-05,29.3778,0.0633,32.3894,6.6677,732.7506,101.7175,92.1362,8.1315,151.0237,32.1037
2034-07-06,29.5534,0.0000,28.6999,8.8890,741.7742,106.8505,92.9398,10.1833,157.1195,37.6362
2034-07-07,29.4093,0.0000,26.5848,8.6150,750.7718,112.1109,93.4012,10.7131,163.2700,39.2527
2034-07-08,30.8535,0.0000,23.8810,5.1999,760.0295,117.8232,94.1896,10.0630,169.8278,38.0074
2034-07-09,33.9060,0.0000,23.6593,3.3691,769.8365,124.0995,94.7852,9.9611,176.9051,38.0562
2034-07-10,34.3563,0.0000,25.2161,5.7313,779.7247,130.3268,94.8361,11.2990,183.8357,41.5658
2034-07-11,31.4685,0.0000,23.8368,7.8131,789.0930,136.1525,94.8870,12.6367,190.2424,44.8841
2034-07-12,32.7419,0.0000,16.6724,7.8778,798.6905,142.7753,96.1175,14.9902,197.3528,50.2393
2034-07-13,33.0010,0.0000,18.2547,5.8279,808.3347,149.3222,96.1688,13.6133,204.2962,47.4831
2034-07-14,34.3534,0.0000,20.0996,4.7487,818.2223,155.9750,96.2202,12.9825,211.2671,46.2452
2034-07-15,36.7123,0.0000,21.2397,4.0181,828.5345,162.9693,96.2716,12.6003,218.4956,45.5216
2034-07-16,37.0933,0.0000,23.4859,4.5582,838.9153,169.8325,96.3231,13.0381,225.5251,46.6400
2034-07-17,34.3337,0.0000,30.6759,4.4928,848.7994,175.6016,95.2275,11.1999,231.4802,42.4196
2034-07-18,33.8534,0.0000,31.5242,6.6273,858.5970,181.2228,94.7887,11.7442,237.2536,43.7996
2034-07-19,34.0594,0.0000,29.5236,5.9976,868.4317,187.0423,94.8397,11.4573,243.1570,43.1765
2034-07-20,35.7386,0.0000,25.4624,4.4745,878.5686,193.4911,94.8906,10.6853,249.5715,41.3447
2034-07-21,39.2030,0.0000,24.1801,3.2682,889.3292,200.6678,95.5945,11.0698,256.5922,42.3504
2034-07-22,39.7064,0.0000,23.4243,3.6210,900.1804,208.0065,95.8682,11.6951,263.6865,43.9152
2034-07-23,40.5495,0.0000,21.7930,3.4451,911.1833,215.6564,96.3480,12.3684,270.9773,45.5525
2034-07-24,41.5897,0.0000,19.7925,3.4547,922.3734,223.6980,96.9427,13.4029,278.5239,47.9671
2034-07-25,41.1629,0.0031,23.1652,4.1513,933.4867,231.3243,96.9944,13.9780,285.6708,49.2847
2034-07-26,39.1698,0.0000,28.2330,4.1253,944.2413,238.1118,96.3976,12.8855,292.0844,46.8464
2034-07-27,38.0304,0.0013,31.6749,3.8663,954.7908,244.3909,95.5687,11.3686,298.0546,43.2792
2034-07-28,39.9731,0.0002,27.0189,3.1938,965.6899,251.4308,95.6199,11.0666,304.5967,42.5570
2034-07-29,41.2631,0.0199,24.7846,3.6980,976.8213,258.9142,95.8543,11.7184,311.4486,44.1589
2034-07-30,40.2400,0.0379,27.0467,4.5623,987.7685,265.9972,95.9056,12.3254,317.9450,45.6139
2034-07-31,39.9645,0.0002,26.1830,4.3269,998.6661,273.1162,95.9569,12.2650,324.4234,45.4835
2034-08-01,38.4303,0.0199,29.6863,3.8084,1008.5875,278.8545,95.8762,11.8188,329.7710,44.4325
2034-08-02,37.8870,0.0078,29.6454,3.9168,1018.4112,284.5171,95.7899,11.7452,335.0347,44.2629
2034-08-03,34.9776,3.9860,43.7046,5.6947,979.5453,106.4311,83.8837,2.4142,167.3927,13.7860
2034-08-04,33.2759,0.7292,45.1968,8.0867,988.5389,110.3204,89.1890,5.7363,172.5106,26.1531
2034-08-05,32.0303,0.0000,39.1764,7.0069,997.3084,114.4805,91.1407,7.1827,177.9065,30.6762
2034-08-06,32.9357,0.0000,28.4147,5.3363,1006.2408,119.5105,93.4320,9.1206,184.2985,36.1804
2034-08-07,34.7021,0.0000,25.4460,4.5176,1015.4912,125.0209,94.5032,10.1530,191.1950,39.0248
2034-08-08,35.2063,0.0000,26.6223,3.9031,1024.8323,130.5208,94.5540,9.9126,197.9994,38.6068
2034-08-09,32.6587,0.0000,37.5884,5.1497,1033.7149,134.8704,93.5495,9.1844,203.3970,36.8547
2034-08-10,31.0871,0.0000,47.3578,5.5489,1042.3146,138.3685,91.6350,7.1595,207.7795,31.3222
2034-08-11,34.9604,0.0000,38.4436,3.8809,1051.6114,142.9510,91.9798,6.9117,213.3855,30.6770
2034-08-12,36.5156,0.0000,35.7480,3.4698,1061.1882,147.9406,92.7363,7.5317,219.4108,32.5838
2034-08-13,35.0015,0.0884,35.3210,4.9696,1070.4925,152.7611,92.7865,8.1805,225.1861,34.5000
2034-08-14,31.8878,0.2976,40.4810,8.0669,1079.2363,156.8145,92.6765,9.4156,230.0592,37.9004
2034-08-15,31.1463,0.0551,33.8215,6.5838,1087.8466,161.2200,92.7267,8.7995,235.2714,36.3167
2034-08-16,31.7984,0.0000,26.8101,7.1575,1096.5743,166.1909,93.7140,10.3975,241.0509,40.5455
2034-08-17,31.8057,0.0000,21.0392,6.2340,1105.3034,171.5549,94.9490,11.7698,247.1925,43.9647
2034-08-18,31.9012,0.0000,20.8274,5.8691,1114.0496,176.9489,95.1169,11.8240,253.3116,44.1477
2034-08-19,32.0365,0.0000,21.4635,6.2404,1122.8202,182.3215,95.1679,12.1317,259.3579,44.9227
2034-08-20,32.1593,0.0000,22.6642,5.5646,1131.6128,187.6316,95.2190,11.8077,265.2932,44.1946
2034-08-21,32.2707,0.0000,25.4117,5.3453,1140.4256,192.7702,95.2701,11.7597,271.0141,44.1134
2034-08-22,32.5924,0.0000,28.8123,4.0644,1149.2962,197.7217,95.0712,10.7290,276.5159,41.6239
2034-08-23,34.5355,0.0001,30.3687,4.3835,1158.5166,202.8444,95.0457,10.8648,282.1742,41.9863
2034-08-24,31.0511,0.1520,38.3435,6.9094,1167.1098,206.9368,93.2816,9.6680,286.7615,38.9548
2034-08-25,29.3850,1.4100,39.6300,5.2854,1175.4031,210.7362,87.7199,4.0347,291.0277,21.5062
2034-08-26,29.5084,0.9124,43.5076,5.0577,1183.7186,214.3060,88.1154,4.2212,295.0630,22.2178
2034-08-27,30.7855,0.0046,36.7959,4.5502,1192.2640,218.4664,91.1521,6.3566,299.6608,29.5275
2034-08-28,31.0921,0.0000,39.3115,4.2957,1200.8645,222.4998,91.2019,6.3202,304.1261,29.4212
2034-08-29,30.8034,0.1564,48.1687,5.0041,1209.4132,225.9135,91.1089,6.4638,307.9960,29.8792
2034-08-30,30.8185,0.2006,44.7991,4.5510,1217.9645,229.5510,91.1586,6.3628,312.0643,29.5687
2034-08-31,29.8494,0.0000,27.6953,5.1380,1226.3414,234.1708,93.0352,8.5429,317.0089,36.0002
2034-09-01,30.4235,0.0000,26.4592,4.5422,1233.5216,238.2981,93.5812,8.9469,321.3811,37.1144
2034-09-02,29.5796,0.0000,26.6409,4.6195,1240.5500,242.3051,93.6317,9.0452,325.6128,37.3866
2034-09-03,29.8239,0.0000,14.8454,4.6256,1247.6223,246.9933,95.9102,12.3724,330.4417,45.7452
2034-09-04,31.1081,0.0000,21.1817,4.3287,1254.9257,251.5129,95.9615,12.2737,335.1157,45.5198
2034-09-05,33.8309,0.0181,23.6979,3.6041,1262.7193,256.2581,96.0128,11.9161,340.0106,44.6781
2034-09-06,34.4848,0.0001,29.0824,4.3458,1270.6305,260.7510,95.4411,11.4460,344.6729,43.5509
2034-09-07,30.0777,0.0000,30.5496,8.0289,1277.7485,264.6060,94.4840,12.0862,348.6890,45.0916
2034-09-08,27.3880,0.0000,32.6531,5.3747,1284.3824,268.0218,93.6529,9.4238,352.2677,38.4272
2034-09-09,28.7681,0.0000,30.1251,4.2331,1291.2646,271.7375,93.7034,8.9598,356.1184,37.1850
2034-09-10,30.1370,0.0000,25.6149,5.1004,1298.3933,275.8742,93.7767,9.4558,360.3411,38.5177
2034-09-11,30.5522,0.0000,21.7014,4.9382,1305.5967,280.2866,94.6137,10.5296,364.7897,41.2968
2034-09-12,31.7565,0.0000,20.4036,3.9980,1313.0169,284.9427,95.1447,10.8011,369.4474,41.9811
2034-09-13,31.0152,0.0000,22.5827,4.6407,1320.3036,289.3691,95.1957,11.2347,373.8809,43.0563
2034-09-14,29.7870,0.0032,30.3946,4.5769,1327.3692,293.1967,94.4662,10.1317,377.7787,40.2904
2034-09-15,29.6442,0.2724,37.4881,4.6792,1334.4092,296.6184,93.1873,8.5272,381.3283,36.0107
2034-09-16,29.6979,0.0029,37.5838,4.6561,1341.4588,300.0407,92.8978,8.1790,384.8727,35.0368
2034-09-17,29.7392,0.0000,33.8397,4.4896,1348.5159,303.6732,92.9481,8.1680,388.5832,35.0070
2034-09-18,29.3481,0.0000,32.5439,5.0747,1355.5025,307.3299,92.9984,8.4720,392.2979,35.8609
2034-09-19,27.8616,0.0000,33.7625,5.3270,1362.2216,310.7453,93.0488,8.6411,395.7804,36.3304
2034-09-20,27.6143,0.0000,36.7165,4.3830,1368.8962,313.9804,92.7280,7.8772,399.1059,34.1807
2034-09-21,27.7915,0.0237,38.6232,3.7630,1375.6026,317.1375,92.4041,7.2949,402.3666,32.4795
2034-09-22,27.8583,0.4115,36.9664,4.1823,1382.3211,320.3873,92.4542,7.5034,405.6980,33.0964
2034-09-23,27.9124,0.0000,30.9416,4.1570,1389.0494,323.9543,92.5044,7.5470,409.2786,33.2248
2034-09-24,27.8287,0.1096,35.8563,3.9632,1395.7625,327.2579,92.5546,7.5266,412.6409,33.1656
2034-09-25,27.1663,0.4914,47.6071,3.6040,1402.3565,329.8946,91.0123,5.9412,415.4562,28.2793
2034-09-26,27.8747,0.3217,45.7586,3.1427,1409.0779,332.6926,91.0168,5.8084,418.4111,27.8461
2034-09-27,26.9107,1.5370,49.6785,4.3827,1415.6258,200.5288,83.6568,2.1930,296.1726,13.6530
2034-09-28,23.1075,16.5960,64.3966,7.2966,966.4752,72.2153,54.2112,0.3745,121.6974,1.6528
2034-09-29,22.1173,0.7809,50.5880,9.1149,972.1603,74.2577,77.3153,1.4114,124.7023,7.9212
2034-09-30,22.1797,0.4115,42.1111,6.9291,977.8567,76.6570,86.4324,3.6492,128.1909,17.2750
2034-10-01,28.5373,0.0000,23.5783,4.6215,983.6974,80.0889,92.9349,8.2073,133.0888,31.0538
2034-10-02,28.8375,0.0011,27.0007,4.9262,989.5922,83.4002,93.2262,8.6811,137.7726,32.6219
2034-10-03,27.9566,0.0000,25.8825,4.1864,995.3284,86.6633,93.3420,8.4998,142.3423,32.5007
2034-10-04,32.6909,0.0000,19.7128,3.7317,1001.9167,90.7740,95.3031,10.8903,148.0212,38.7054
2034-10-05,32.4699,0.0000,23.7489,4.6013,1008.4653,94.6526,95.3542,11.4577,153.3276,40.3805
2034-10-06,30.7082,0.0000,26.7028,4.3759,1014.6968,98.1852,95.1715,11.0492,158.1199,39.7483
2034-10-07,32.1216,0.0000,23.8570,4.0587,1021.1827,102.0180,95.2226,10.9502,163.2609,39.8130
2034-10-08,33.7360,0.0000,22.0114,3.6308,1027.9591,106.1345,95.2737,10.7916,168.7193,39.7194
2034-10-09,34.0767,0.0000,22.9628,3.6524,1034.7970,110.2406,95.3248,10.8790,174.1098,40.1770
2034-10-10,33.4831,0.0000,25.2455,4.3025,1041.5279,114.1578,95.3759,11.3199,179.2094,41.4372
2034-10-11,30.8207,0.0000,27.0548,5.1045,1047.7796,117.6858,95.1346,11.4048,183.7695,41.8131
2034-10-12,28.6298,6.2684,42.4151,12.3107,959.3885,68.2256,79.1796,1.9480,115.8542,10.0645
2034-10-13,21.1704,4.3178,38.0228,21.7085,916.6740,48.8999,77.2335,2.6457,86.2917,10.9524
2034-10-14,19.0982,0.0000,28.2711,6.6793,920.8157,51.0951,87.9266,4.4583,89.7411,16.8445
2034-10-15,24.5093,0.1162,45.3523,6.1733,925.9314,53.2156,88.7559,4.8951,93.0602,18.4121
2034-10-16,24.2038,0.1675,44.0474,3.9765,930.9921,55.3608,89.0645,4.5807,96.3920,17.8619
2034-10-17,20.2030,0.1084,37.4296,5.3798,935.3326,57.3805,89.5556,5.2753,99.5007,20.1335
2034-10-18,21.2711,0.0001,30.3549,4.0056,939.8654,59.7412,90.8931,5.9605,103.0991,22.3665
2034-10-19,22.9452,0.0503,46.0211,3.7122,944.6996,61.7079,90.3491,5.4340,106.0910,21.2299
2034-10-20,20.6431,0.1608,61.5046,4.2532,949.1193,62.9761,87.9030,3.9320,108.0318,16.9023
2034-10-21,21.1929,0.1087,60.3173,3.3068,953.6380,64.3165,87.5219,3.5499,110.0737,15.7958
2034-10-22,23.8844,0.0017,41.5746,3.5698,958.6412,66.5283,89.0820,4.4990,113.3847,19.1086
2034-10-23,22.9669,0.0321,43.1730,4.0310,963.4793,68.6005,89.1311,4.6373,116.4693,19.7746
2034-10-24,21.6476,0.0560,52.1419,3.9398,968.0798,70.2501,88.9322,4.4861,118.9252,19.4828
2034-10-25,22.7505,0.1027,44.6839,3.8884,972.8789,72.2491,88.9812,4.5061,121.8717,19.7533
2034-10-26,23.3779,0.0015,37.9134,4.7164,977.7909,74.5518,89.9020,5.3616,125.2327,22.6290
2034-10-27,23.6001,0.8174,48.5972,9.4669,982.7430,76.4756,86.9563,4.4668,128.0413,20.0305
2034-10-28,14.3085,0.0001,23.7633,7.8282,986.0225,78.2555,90.3085,6.6477,130.5987,26.7235
2034-10-29,14.6924,0.0001,26.4482,3.6556,989.3711,80.0155,90.8141,5.7907,133.1165,24.4516
2034-10-30,16.5566,0.0001,27.3224,3.3551,993.0553,81.9599,91.0563,5.9040,135.8827,24.9668
2034-10-31,18.1213,0.0000,29.7605,3.4037,997.0211,84.0055,91.1060,5.9606,138.7786,25.3152
2034-11-01,22.0642,0.0000,25.7446,3.0242,1000.6967,86.2860,92.1175,6.7498,141.9686,27.7884
2034-11-02,22.8339,0.0011,35.0364,3.4892,1004.5108,88.3474,92.1165,6.9089,144.8464,28.4115
2034-11-03,19.3118,5.3093,70.5859,4.0448,938.0455,56.1727,56.0361,0.3748,97.7166,1.1660
2034-11-04,15.1668,0.7721,60.1637,5.7246,940.4795,57.0319,70.2652,0.8419,99.0478,4.1467
2034-11-05,15.2763,0.0008,38.2449,3.4108,942.9332,58.3727,82.0189,1.6967,101.0989,8.2828
2034-11-06,16.1080,0.1923,49.5295,3.6438,945.5367,59.5241,85.0982,2.5664,102.8600,11.8370
2034-11-07,15.5861,0.0386,49.4531,3.9465,948.0462,60.6423,86.1810,3.0305,104.5635,13.6242
2034-11-08,19.5209,0.3273,60.0133,6.2914,951.2639,61.7355,86.2291,3.4338,106.2349,15.1289
2034-11-09,23.3543,0.6058,62.5706,9.0046,955.1717,62.9491,85.2367,3.4273,108.0895,15.2404
2034-11-10,22.5441,2.6761,69.3703,4.8240,958.9336,52.2211,68.6694,0.7647,91.9269,3.5045
2034-11-11,20.9407,0.0269,58.8784,2.7562,962.4070,53.4227,79.4549,1.2363,93.8250,5.9019
2034-11-12,19.1767,0.0019,49.2399,2.4566,965.5628,54.7873,84.6441,2.2716,95.9621,10.2957
2034-11-13,18.8070,0.0060,50.9692,2.7692,968.6520,56.0814,86.2233,2.8730,97.9809,12.6087
2034-11-14,19.8071,0.1156,56.5663,3.1266,971.9213,57.2853,86.2714,2.9452,99.8567,12.9948
2034-11-15,21.0848,0.0252,56.5130,2.7782,975.4206,58.5644,86.4080,2.9503,101.8422,13.1533
2034-11-16,24.3626,0.0197,61.2536,4.4562,979.5099,59.8724,86.4562,3.2325,103.8719,14.2746
2034-11-17,24.8623,2.1817,70.7833,6.3509,983.6891,53.2889,73.4702,0.9782,93.8655,4.6702
2034-11-18,21.8557,8.4401,82.2429,5.0456,873.2226,29.6031,41.8474,0.0629,54.5804,0.1127
2034-11-19,18.5115,8.9590,62.0372,5.2190,780.8861,15.9557,44.3142,0.0961,30.3605,0.1143
2034-11-20,15.2728,0.0043,42.4227,4.0510,783.3392,17.2055,69.6473,0.7587,32.6198,0.9479
2034-11-21,14.3153,0.0000,38.9776,3.6073,785.6200,18.4527,81.3569,1.5840,34.8584,3.6352
2034-11-22,14.5720,0.0000,38.8296,2.6281,787.9469,19.7237,85.8807,2.7186,37.1241,6.6123
2034-11-23,14.0652,0.0111,48.7365,3.3269,790.1826,20.7544,86.3669,3.0154,38.9511,7.4950
2034-11-24,17.0340,2.6824,76.2857,6.2014,792.9528,17.0221,63.9051,0.6884,32.3102,0.8546
2034-11-25,20.9611,0.0313,49.5213,5.2425,796.4298,18.4985,80.3575,1.5381,34.9666,3.5225
2034-11-26,16.2760,0.0756,51.5622,3.7047,799.0634,19.6144,84.2442,2.2916,36.9606,5.6004
2034-11-27,12.0631,0.0165,33.9907,6.3312,800.9388,20.7663,87.4127,4.0703,39.0045,9.7368
2034-11-28,8.7463,0.0000,26.0527,4.3544,802.2171,21.7317,89.1095,4.6989,40.7065,11.2390
2034-11-29,10.8752,0.0000,25.5328,3.3363,803.8787,22.9140,90.0738,5.1261,42.7794,12.3969
2034-11-30,14.6764,0.0122,52.1594,4.3833,806.2244,23.9146,88.5486,4.3417,44.5273,11.0919
2034-12-01,22.6086,0.0460,64.7640,5.4881,809.9980,24.8640,87.1921,3.7801,46.1837,10.1065
2034-12-02,24.0843,0.0007,65.4179,3.7373,814.0372,25.8537,87.0118,3.3732,47.9038,9.3850
2034-12-03,18.3470,0.0009,66.6913,3.2847,817.0436,26.5898,86.1494,2.9181,49.1784,8.4186
2034-12-04,17.0076,0.0001,63.6035,2.5920,819.8090,27.3387,86.1465,2.8169,50.4698,8.2956
2034-12-05,14.3347,0.0108,71.1728,1.9972,822.0932,27.8444,84.9681,2.3202,51.3414,7.0502
2034-12-06,14.4051,0.0120,67.0445,2.3906,824.3902,28.4250,85.0158,2.3822,52.3385,7.3126
2034-12-07,19.4798,0.4285,64.7240,4.6829,827.6005,29.2500,85.0635,2.6915,53.7508,8.2922
2034-12-08,20.8369,6.3202,83.9010,4.3502,773.4495,17.3871,45.1000,0.1040,32.9239,0.1308
2034-12-09,24.1012,0.0655,74.7454,3.6644,777.4917,18.1104,65.3121,0.6422,34.2276,0.8292
2034-12-10,24.6231,0.0096,65.9273,4.4294,781.6278,19.1064,78.5125,1.2311,36.0120,2.7453
2034-12-11,17.5920,0.0558,82.6149,4.4592,784.4984,19.4757,79.4818,1.3507,36.6751,3.1371
2034-12-12,24.3563,1.2615,65.5442,6.9172,788.5865,20.4724,78.8630,1.4407,38.4494,3.5227
2034-12-13,17.6570,0.0042,50.0609,4.7325,791.4688,21.5369,84.2860,2.4271,40.3302,6.2738
2034-12-14,17.5613,0.7657,75.1801,6.0358,794.3338,22.0632,80.5137,1.6281,41.2613,4.2663
2034-12-15,17.7052,2.3436,45.5009,8.1990,797.2247,19.6261,74.6965,1.1390,36.9765,2.5350
2034-12-16,12.8661,0.0000,30.0210,3.2476,799.2446,20.7368,84.2925,2.2541,38.9473,5.7092
2034-12-17,15.4548,0.0011,47.0992,3.9431,801.7305,21.7320,86.1502,3.0169,40.7055,7.7074
2034-12-18,16.3056,0.0081,68.0324,3.5885,804.3695,22.3643,85.5176,2.7124,41.8216,7.1219
2034-12-19,16.0308,0.2469,77.2020,3.4214,806.9591,22.8081,83.9814,2.1811,42.6057,5.8762
2034-12-20,15.5060,3.9242,88.9543,3.4567,781.0747,15.9829,46.0330,0.1145,30.4102,0.1364
2034-12-21,13.4927,3.7064,63.4534,7.3324,758.9015,11.5041,49.7547,0.2304,22.1681,0.2230
2034-12-22,9.4160,0.0018,57.2439,9.2836,760.3004,12.0151,67.7866,0.9305,23.1168,0.9253
2034-12-23,9.7806,0.0044,56.7336,4.0351,761.7649,12.5500,76.2812,1.0146,24.1071,1.2026
2034-12-24,9.2013,0.0422,67.7167,4.7010,763.1252,12.9279,79.2872,1.3414,24.8053,2.1802
2034-12-25,8.8179,0.0024,59.0116,3.9123,764.4164,13.3899,81.7112,1.6770,25.6563,3.0441
2034-12-26,8.1679,0.0423,49.4114,5.5090,765.5906,13.9227,83.8820,2.3912,26.6345,4.6752
2034-12-27,10.0475,6.3882,66.9515,5.7275,716.6129,8.1100,47.5856,0.1601,15.7737,0.1254
2034-12-28,8.1412,0.0671,42.6888,9.4577,717.7823,8.7119,68.9243,0.9737,16.9106,0.7953
2034-12-29,9.4772,0.0038,50.5589,4.6348,719.1922,9.3061,77.8539,1.1755,18.0291,0.9988
2034-12-30,13.4129,0.0291,58.3016,3.9769,721.3105,9.9939,81.8444,1.7094,19.3186,2.4568
2034-12-31,14.6134,0.2662,69.1449,3.6767,723.6449,10.5448,82.5827,1.8434,20.3484,2.8399
2035-01-01,17.5543,1.7284,76.2071,5.1015,726.5087,9.9932,70.0239,0.8096,19.3220,0.7181
2035-01-02,17.8299,1.2149,77.4549,5.1660,729.4221,10.5186,69.2576,0.7926,20.3052,0.7254
2035-01-03,17.3352,6.5704,83.6015,4.7499,684.2392,5.9158,39.1712,0.0376,11.5813,0.0246
2035-01-04,13.1313,25.1390,92.0440,6.0784,515.2868,2.3628,13.4844,0.0000,4.6720,0.0000
2035-01-05,12.2166,4.7380,78.4624,4.3384,498.6214,1.0823,24.8553,0.0009,2.1529,0.0003
2035-01-06,12.8476,0.1546,72.1351,3.2226,500.6380,1.5608,44.6893,0.0922,3.0974,0.0328
2035-01-07,13.6458,2.4016,77.6908,4.3367,502.7983,0.9407,45.9220,0.1177,1.8726,0.0358
2035-01-08,12.9108,0.2197,61.1276,5.3664,504.8262,1.6112,65.0354,0.6921,3.1968,0.2494
2035-01-09,17.3383,0.1488,53.4618,4.2737,507.6511,2.6676,78.2024,1.1887,5.2659,0.5231
2035-01-10,19.0874,0.3443,66.2006,6.4932,510.7908,3.5076,82.1794,2.0209,6.8967,1.0694
2035-01-11,19.0804,1.3376,68.4306,10.3705,513.9293,4.2919,77.1647,1.4865,8.4082,0.8183
2035-01-12,17.9845,0.0407,43.8450,4.9274,516.8705,5.6112,84.7425,2.6075,10.9259,2.7568
2035-01-13,15.8016,0.0024,50.2998,3.8019,519.4188,6.6454,85.9762,2.9231,12.8788,3.5548
2035-01-14,14.8102,0.3391,82.6856,4.9617,521.7886,6.9845,82.9395,2.0574,13.5167,2.3520
2035-01-15,18.7279,0.9964,58.3091,4.2046,524.8636,8.0022,80.6571,1.5081,15.4168,1.5991
2035-01-16,14.4673,0.0040,49.8928,3.4876,527.1717,8.9625,84.2305,2.2626,17.1942,3.2174
2035-01-17,15.0598,0.1107,75.9044,4.7776,529.5865,9.4419,83.7121,2.2534,18.0779,3.3228
2035-01-18,19.6086,0.0464,72.8414,6.5289,532.8200,10.1342,83.7593,2.4767,19.3485,3.8903
2035-01-19,19.6981,1.7078,68.8787,8.7538,536.0697,9.9025,74.7666,1.1757,18.9308,1.1749
2035-01-20,11.5352,0.6027,64.0367,8.0016,537.8500,10.4620,78.7559,1.5067,19.9536,2.1029
2035-01-21,7.2847,0.0149,56.5728,4.7837,538.8653,10.9102,81.5440,1.7179,20.7692,2.6331
2035-01-22,6.0250,0.0182,65.8319,4.7589,539.6538,11.2099,81.9960,1.8109,21.3131,2.8827
2035-01-23,5.9840,0.6307,64.7127,6.1997,540.4349,11.5177,80.7563,1.6860,21.8702,2.6834
2035-01-24,7.8166,0.1166,54.2809,4.8141,541.5459,12.0196,82.8471,2.0183,22.7754,3.4664
2035-01-25,13.9848,1.6469,60.7543,5.9822,543.7672,11.8291,73.6392,0.9674,22.4379,0.9436
2035-01-26,10.3431,0.0094,39.1133,4.2716,545.3329,12.6868,81.9133,1.7494,23.9790,3.0370
2035-01-27,13.1295,0.8464,60.9787,6.4838,547.4002,13.3704,80.1133,1.5954,25.2019,2.8154
2035-01-28,13.0728,2.3159,59.5339,5.9720,549.4573,11.4655,67.5501,0.7814,21.7940,0.7481
2035-01-29,7.3925,0.5458,51.2962,7.3435,550.4920,11.9747,76.5258,1.2187,22.7141,1.6888
2035-01-30,7.4667,6.3059,57.3269,5.8096,521.7764,6.9643,47.3888,0.1565,13.4789,0.1116
2035-01-31,15.3632,3.7460,64.6417,8.0353,511.1199,4.7887,51.8267,0.3041,9.3581,0.1770
2035-02-01,10.8444,1.6544,49.9036,9.8794,512.7759,4.9330,64.3277,0.8439,9.6343,0.4990
2035-02-02,6.7284,0.0016,40.4531,9.6338,513.6910,5.5952,77.1756,1.4335,10.8937,0.9062
2035-02-03,4.0826,0.0007,50.5653,6.7919,514.1299,5.9591,81.0192,1.7890,11.5826,1.6142
2035-02-04,6.6505,0.0000,38.6792,3.3461,515.0309,6.6342,84.3834,2.2932,12.8545,2.6261
2035-02-05,9.7893,0.0017,50.5601,4.4761,516.4970,7.3990,85.1159,2.6829,14.2863,3.4516
2035-02-06,11.7290,1.2427,67.2541,6.9939,518.3122,7.9957,76.3074,1.1798,15.3976,0.9105
2035-02-07,13.6016,4.6434,76.5600,5.9370,502.2977,4.9502,49.0191,0.1958,9.6623,0.1159
2035-02-08,9.0203,1.9475,64.0200,6.6502,503.6254,4.2707,54.6390,0.3774,8.3640,0.2072
2035-02-09,5.4605,0.0684,51.4390,7.3340,504.3123,4.7232,69.1522,0.8812,9.2303,0.5093
2035-02-10,7.9057,2.2905,66.4955,5.2071,505.4393,3.6086,58.8379,0.4930,7.0907,0.2491
2035-02-11,11.9444,0.0005,38.9948,5.2815,507.2933,4.7390,76.1113,1.0684,9.2618,0.6186
2035-02-12,17.0953,0.0001,39.5467,4.4052,510.0745,6.3015,84.7523,2.5432,12.2255,2.8958
2035-02-13,16.7913,0.0015,60.4355,5.8915,512.8009,7.3070,84.9877,2.8308,14.1114,3.6425
2035-02-14,15.0375,0.0791,67.5812,5.6379,515.2116,8.0502,85.0354,2.8133,15.4951,3.8520
2035-02-15,16.3585,1.8863,56.5040,7.1627,517.8602,7.7988,74.8605,1.0906,15.0317,0.8297
2035-02-16,7.4831,4.1375,65.3918,4.7701,503.6575,4.9310,50.1966,0.2137,9.6264,0.1263
2035-02-17,5.2518,8.0788,75.7616,10.7001,468.2898,2.2690,32.5097,0.0114,4.4837,0.0047
2035-02-18,5.5912,0.0873,45.4953,10.0082,469.0002,2.7870,57.5280,0.5709,5.4925,0.2560
2035-02-19,6.3779,0.0001,44.5364,5.7069,469.8523,3.3762,71.9289,0.8903,6.6332,0.4356
2035-02-20,7.0399,0.0004,51.6114,3.9107,470.8234,3.9357,78.4365,1.1912,7.7103,0.6275
2035-02-21,11.5448,0.0000,41.4077,4.1606,472.6055,4.9881,83.9267,2.2474,9.7198,2.0340
2035-02-22,13.6529,0.0000,38.4652,5.2853,474.7670,6.2777,86.9082,3.5935,12.1536,4.3111
2035-02-23,15.6473,0.0000,34.2080,4.2199,477.2875,7.8429,88.7521,4.4337,15.0668,6.0491
2035-02-24,16.3814,0.0112,45.3449,5.0839,479.9402,9.2001,88.8010,4.6637,17.5587,6.9195
2035-02-25,10.3019,0.6324,52.8436,6.6892,481.4985,9.9638,85.4812,3.1550,18.9474,4.9643
2035-02-26,6.8941,2.3184,56.4822,6.7750,482.4435,8.2157,66.9856,0.7984,15.7604,0.6248
2035-02-27,3.7966,3.0957,71.2221,9.0753,474.3760,5.6009,50.8964,0.2884,10.8807,0.1822
2035-02-28,4.4018,0.0135,47.3550,5.0229,474.8723,6.0124,66.3108,0.7138,11.6558,0.4686
2035-03-01,6.4076,0.0069,44.5391,5.8273,475.7297,6.7221,76.6908,1.1421,12.9855,0.7974
2035-03-02,8.1935,0.0036,39.2489,7.0967,476.9085,7.6845,83.0380,2.3201,14.7739,2.9640
2035-03-03,9.6260,0.7695,40.9138,10.5868,478.3452,8.7648,83.5396,2.9520,16.7618,4.2782
2035-03-04,7.2427,0.3862,39.7511,10.7503,479.3529,9.6216,85.7815,4.0370,18.3238,6.1974
2035-03-05,6.5721,0.9008,55.6026,8.6571,480.2399,10.2023,80.6847,1.8931,19.3755,2.8245
2035-03-06,7.2995,0.0059,44.5779,4.7713,481.2578,10.9958,83.7729,2.2709,20.8033,3.7146
2035-03-07,8.7897,5.8515,45.1994,5.4454,459.6935,6.9683,54.1561,0.3393,13.4277,0.2415
2035-03-08,15.1282,7.0216,69.5317,9.4670,434.7631,4.1673,45.5417,0.1440,8.1396,0.0779
2035-03-09,22.4023,0.0107,45.7668,5.0311,438.4995,6.3400,75.1653,0.9961,12.2377,0.6722
2035-03-10,20.5399,0.3816,52.9401,5.5242,441.9007,8.0759,83.4072,2.2481,15.4461,2.9454
2035-03-11,19.1118,4.7463,63.5859,11.3184,429.4901,5.7361,63.6126,0.8793,11.1016,0.5617
2035-03-12,13.7435,2.1445,57.4138,11.0845,431.6679,5.2878,66.4941,0.9752,10.2613,0.5966
2035-03-13,12.3065,16.3645,76.5886,12.6518,367.9651,2.5408,37.0232,0.0360,4.9953,0.0155
2035-03-14,8.5159,0.4199,52.9445,10.2377,369.2019,3.3121,61.0321,0.7296,6.4789,0.3530
2035-03-15,11.4108,0.0011,37.5866,6.8744,370.9599,4.6431,77.5888,1.2880,9.0045,0.7347
2035-03-16,18.0247,0.0005,39.8206,4.4664,373.9083,6.6050,85.4605,2.8126,12.6512,3.3572
2035-03-17,18.3047,0.0860,53.8621,5.2110,376.9072,8.1311,86.1475,3.2147,15.4300,4.4419
2035-03-18,19.9519,0.0284,47.5395,4.6694,380.2025,10.0136,87.3502,3.7101,18.7900,5.8014
2035-03-19,20.2978,0.0020,44.3756,4.1288,383.5601,12.0425,88.1451,4.0453,22.3321,6.9774
2035-03-20,24.1507,0.0002,42.3911,4.4345,387.6112,14.5221,89.1616,4.7534,26.5568,8.9008
2035-03-21,24.9697,0.9389,51.7036,4.1402,391.8098,16.6684,85.5321,2.7945,30.1320,5.9316
2035-03-22,18.3270,6.6401,61.3647,7.9426,373.1736,10.5420,58.2719,0.5437,19.6931,0.4880
2035-03-23,11.4944,0.0019,42.8663,6.7383,374.9466,11.7685,75.3639,1.0981,21.8245,1.2594
2035-03-24,9.7457,0.0006,41.1831,4.8251,376.4048,12.8559,82.3102,1.8881,23.6891,3.3013
2035-03-25,14.7819,0.0006,27.6998,4.4248,378.7695,14.8133,88.1218,4.0924,26.9878,7.8823
2035-03-26,17.5815,0.0111,39.9476,5.5729,381.6382,16.7256,88.6140,4.6534,30.1480,9.3955
2035-03-27,15.9895,0.0838,65.0208,5.7930,384.2203,17.7446,86.5481,3.5030,31.8157,7.5700
2035-03-28,21.1510,0.7166,57.1654,5.6569,387.7315,19.3692,84.8460,2.7437,34.4376,6.3544
2035-03-29,21.9001,1.8281,60.2882,7.7036,391.3775,19.1378,77.1880,1.3018,34.1063,2.8128
2035-03-30,19.3595,3.7617,55.5199,8.2182,384.9821,14.7924,66.6907,0.8499,26.9920,0.9352
2035-03-31,18.2786,2.1517,46.7218,8.0060,387.9763,14.1536,72.2945,1.0134,25.9413,1.3718
2035-04-01,15.0318,5.4817,55.7765,7.4016,374.9582,9.9691,56.4554,0.4598,18.6955,0.3995
2035-04-02,15.2768,1.6233,46.3332,7.1187,378.6620,11.3063,69.3076,0.8760,21.0418,0.8200
2035-04-03,12.5145,15.2865,73.5456,6.7544,327.7749,5.8345,36.0277,0.0215,11.1718,0.0138
2035-04-04,11.1456,5.7454,77.4090,9.5988,315.4043,3.4721,34.5811,0.0179,6.7583,0.0088
2035-04-05,13.8145,0.0639,46.3933,4.9797,318.8449,5.4104,62.6554,0.6105,10.3805,0.3758
2035-04-06,15.7024,0.0027,47.6186,8.6649,322.6253,7.5441,78.8208,1.5672,14.2550,1.5733
2035-04-07,21.3546,0.0194,52.6696,6.6816,327.4231,10.1207,84.8920,2.9074,18.7894,4.5368
2035-04-08,23.0039,0.0006,43.7560,4.1982,332.5178,13.4073,88.0040,3.9782,24.3592,7.2337
2035-04-09,22.2965,0.0010,47.2972,7.3294,337.4852,16.3967,88.2005,4.7912,29.2416,9.4650
2035-04-10,20.9823,0.7941,56.1500,10.1565,342.2160,18.7442,85.1010,3.5647,32.9732,7.8573
2035-04-11,19.7736,2.1526,55.0697,5.9370,346.7293,18.2758,74.8801,1.0264,32.2958,1.8830
2035-04-12,18.7274,1.3050,59.0749,4.8941,351.0542,20.2430,75.6814,1.0197,35.3849,2.0626
2035-04-13,21.4823,0.9195,47.9937,4.5935,355.8750,23.0901,81.8793,1.7707,39.7350,4.5364
2035-04-14,22.0622,0.0331,47.8704,3.9444,360.8002,26.0173,86.3975,3.1242,44.0869,8.3517
2035-04-15,18.8427,14.6302,76.4353,6.5775,315.5958,12.3597,42.8672,0.0811,22.5151,0.0792
2035-04-16,15.4588,10.1094,75.3692,8.5734,289.6100,6.9249,36.2683,0.0249,13.0686,0.0174
2035-04-17,13.0029,1.7838,73.7543,12.5551,292.9045,6.7594,51.4661,0.3668,12.7814,0.2537
2035-04-18,9.9360,0.0205,48.9726,11.8669,295.6470,8.1247,71.4512,1.1938,15.2047,0.9144
2035-04-19,10.4528,0.0175,42.8736,8.0711,298.4825,9.7246,81.0516,1.9152,17.9844,2.6988
2035-04-20,14.9437,8.0801,45.5371,5.4053,280.1704,6.9048,55.6634,0.3888,13.0082,0.2717
2035-04-21,15.1555,1.4224,53.1588,4.8074,283.8524,8.7508,67.1132,0.7262,16.2492,0.5789
2035-04-22,18.1572,0.0261,40.9454,4.3586,288.0747,11.5078,81.7140,1.7157,20.9258,2.6454
2035-04-23,20.6389,0.0004,40.0548,4.8511,292.7437,14.6670,87.3207,3.7285,26.0688,7.1006
2035-04-24,22.8410,0.0002,41.7114,3.5875,297.8091,18.0501,88.8557,4.3590,31.3500,9.0883
2035-04-25,25.1887,0.0000,36.1310,3.4756,303.2970,22.1206,90.4048,5.4126,37.4186,12.0177
2035-04-26,27.1371,0.0000,32.8542,3.6002,309.1357,26.7172,91.5393,6.4024,43.9404,14.9658
2035-04-27,26.7320,0.0014,39.6086,5.8188,314.9015,30.7920,91.5892,7.2105,49.4866,17.4428
2035-04-28,24.3954,0.0087,49.1436,6.3181,320.2466,33.9354,90.2160,6.0796,53.6563,16.0295
2035-04-29,23.6350,1.5226,41.1866,6.8647,325.4549,36.5482,84.5638,2.8058,57.0732,8.9251
2035-04-30,21.0877,0.0001,24.3435,5.5829,330.2047,40.6177,90.8520,6.4159,62.1294,18.0603
2035-05-01,22.7279,0.0000,26.6571,4.7395,336.6998,45.2186,92.0280,7.2667,67.7052,20.7016
2035-05-02,25.8024,0.0000,31.1534,5.7521,343.7482,50.0946,92.0780,7.7014,73.4350,22.5186
2035-05-03,27.3858,0.0000,31.6993,5.3243,351.0816,55.2167,92.1281,7.5906,79.2666,23.1967
2035-05-04,28.7324,0.0000,27.8489,5.2907,358.6575,60.8834,92.9493,8.5059,85.4873,26.1124
2035-05-05,28.6335,0.0000,29.1742,4.4241,366.2155,66.4275,92.9996,8.2001,91.4052,26.3428
2035-05-06,29.4364,0.0000,26.7501,4.3160,373.9181,72.3162,93.3700,8.5890,97.4939,28.0752
2035-05-07,29.8517,0.0000,27.0291,6.0720,381.6954,78.2623,93.4277,9.4595,103.4807,30.8299
2035-05-08,27.3897,0.1816,31.6414,6.7348,389.0295,83.3894,93.4782,9.8498,108.5884,32.3710
2035-05-09,22.2549,0.0005,18.5412,9.7930,395.4394,88.3980,94.0128,12.3770,113.4137,38.3341
2035-05-10,17.0175,0.0080,18.8140,9.6760,400.9066,92.2703,94.0635,12.3910,117.1400,38.8672
2035-05-11,17.9822,0.0058,18.0548,5.5673,406.5474,96.3870,94.1142,10.1447,121.0347,34.5338
2035-05-12,19.6943,0.0180,17.6804,5.6520,412.4963,100.8935,94.1649,10.2598,125.2184,35.2456
2035-05-13,23.6684,0.0000,17.5093,5.5610,419.1607,106.2725,94.5207,10.7271,130.0891,36.7965
2035-05-14,26.8038,0.0057,23.5430,4.5936,426.3893,111.8891,94.5716,10.2885,135.1296,36.2707
2035-05-15,26.1321,0.0520,29.2579,5.9704,433.4971,116.9608,94.0289,10.2313,139.6948,36.5279
2035-05-16,22.0014,0.1715,41.5744,8.8174,439.8614,120.5142,91.5815,8.3775,143.0473,32.2366
2035-05-17,22.7645,0.0016,36.1557,7.7895,446.3630,124.5253,91.6314,8.0112,146.7209,31.5244
2035-05-18,23.6044,0.0001,29.5542,5.5509,453.0158,129.1070,91.8095,7.3395,150.7831,29.9525
2035-05-19,25.1914,2.0125,37.4036,6.2332,459.9542,109.7750,84.0069,2.5216,137.5056,13.3950
2035-05-20,24.3654,0.0264,36.6939,7.5579,466.7440,114.0192,89.3707,5.7331,141.5758,24.8017
2035-05-21,21.5450,2.0115,47.7411,9.6908,473.0261,99.0713,80.3564,1.9243,130.0486,10.5319
2035-05-22,23.9313,0.9206,40.0822,9.6206,479.7377,103.0198,86.3057,4.1051,134.0658,19.1741
2035-05-23,24.5365,0.0076,30.3709,4.6389,486.5583,107.7192,90.7918,6.0655,138.6816,25.6180
2035-05-24,25.2023,0.2506,36.0474,4.6089,493.4987,112.1476,90.8414,6.0994,143.0340,25.9779
2035-05-25,25.3906,1.6778,36.8944,5.3270,500.4730,106.8218,85.2339,2.8464,139.3082,14.7873
2035-05-26,23.5540,15.1903,50.3006,9.0541,435.8649,53.4454,63.2785,0.7725,81.8117,3.2012
2035-05-27,20.8222,15.7472,70.2499,6.3660,378.3061,25.5380,44.4804,0.1045,43.7008,0.1598
2035-05-28,23.0343,3.2254,55.6661,5.8306,377.7873,22.0016,62.2710,0.6250,38.4107,0.8737
2035-05-29,24.2699,4.6795,52.1860,5.0561,371.5421,17.3808,65.0061,0.6806,31.1219,0.8237
2035-05-30,27.9963,0.0195,39.9253,4.9882,378.9855,21.9826,85.7275,2.9970,38.3972,7.3873
2035-05-31,26.2523,0.0221,41.4789,5.3178,386.1149,26.1966,89.1777,4.9812,44.7952,12.4337
2035-06-01,24.0461,0.7884,40.6226,6.2886,393.8472,30.1275,88.1659,4.5239,50.5818,12.3339
2035-06-02,24.0904,0.0108,30.0701,7.1319,401.5874,34.7651,91.1984,7.2876,57.1595,18.9724
2035-06-03,26.4072,0.0000,28.6692,5.0253,409.7447,39.9307,92.3006,7.6613,64.2162,20.9148
2035-06-04,28.7910,0.0433,32.8945,4.6536,418.3311,45.2114,92.3507,7.5725,71.1884,21.8913
2035-06-05,26.0741,1.3691,40.5997,8.4997,426.4284,49.4609,86.8842,4.2109,76.6852,14.7735
2035-06-06,22.3312,0.0000,22.3707,9.3450,433.8521,54.2495,92.1500,9.3241,82.6594,27.3412
2035-06-07,23.4593,0.0000,18.6371,6.0198,441.4787,59.5102,93.9221,10.1061,89.0209,29.9871
2035-06-08,26.5878,0.0000,27.3305,4.9223,449.6685,64.8072,93.9728,9.6298,95.2833,30.0098
2035-06-09,28.9317,0.0005,29.2101,5.0612,458.2803,70.4041,94.0234,9.7658,101.7351,31.2512
2035-06-10,28.7471,0.0108,30.1179,5.2611,466.8587,75.8953,94.0643,9.9206,107.9273,32.4388
2035-06-11,30.0582,0.0002,27.3180,5.4274,475.6732,81.8573,94.1150,10.0746,114.4683,33.6112
2035-06-12,28.8712,0.0002,32.1569,5.0475,484.2740,87.2104,93.8086,9.4726,120.2726,32.9161
2035-06-13,32.1837,0.0012,27.0651,4.7628,493.4711,93.6013,93.8593,9.4035,126.9860,33.4431
2035-06-14,32.7769,0.0000,24.7785,3.8442,502.7749,100.3100,94.3580,9.6198,133.8554,34.5901
2035-06-15,34.3880,0.0002,24.3279,4.0840,512.3688,107.3799,94.7476,10.2733,140.9242,36.7260
2035-06-16,32.9070,0.0663,31.4297,5.0105,521.6961,113.5189,94.5890,10.5321,147.0462,37.8012
2035-06-17,32.0073,0.1807,36.0264,4.4738,530.8614,119.0949,93.7293,9.1018,152.6019,34.6998
2035-06-18,31.7571,0.2208,37.1984,3.9848,539.9816,124.5273,93.3467,8.4195,157.9760,33.2479
2035-06-19,31.9393,0.0630,35.3830,4.3062,549.1347,130.1478,93.3972,8.6174,163.4496,34.0408
2035-06-20,33.2598,0.0001,30.0894,4.8545,558.5255,136.4717,93.4477,8.9213,169.4399,35.1053
2035-06-21,33.9560,0.0913,31.1417,4.8051,568.0416,142.8267,93.4982,8.9620,175.3989,35.4538
2035-06-22,34.3349,0.0863,31.4661,4.8157,577.6258,149.2201,93.5487,9.0301,181.3307,35.8461
2035-06-23,33.6083,0.0341,32.7561,5.0246,587.0793,155.3645,93.5992,9.1901,187.0060,36.4463
2035-06-24,34.7138,0.0105,28.7493,6.3440,596.7318,162.0824,93.8828,10.2167,193.0653,39.2380
2035-06-25,32.6324,0.0216,26.5187,7.9633,606.0097,168.6080,94.0052,11.2750,198.8810,41.9807
2035-06-26,31.7707,0.0017,27.8979,6.1605,615.1324,174.8475,94.0558,10.3685,204.4272,39.9049
2035-06-27,31.0845,0.0050,30.4823,8.7420,624.1316,180.7378,94.1065,11.8920,209.6779,43.7020
2035-06-28,32.0481,0.0086,28.7328,5.4219,633.3042,186.9571,94.1573,10.1308,215.1378,39.5227
2035-06-29,33.2994,0.0058,28.6928,12.2063,642.7021,193.4149,94.2080,14.3603,220.7491,49.4802
2035-06-30,32.1056,0.0000,31.1750,9.3111,651.8851,199.4315,94.2587,12.4983,226.0070,45.4143
2035-07-01,27.1514,0.0030,41.3127,10.9832,660.4764,203.3254,92.1360,10.1065,229.7960,39.6817
2035-07-02,27.0136,0.0028,42.6276,8.0209,669.0429,207.1135,91.5648,8.0289,233.5098,34.1697
2035-07-03,27.4653,0.0044,42.5413,7.2526,677.6906,210.9683,91.5282,7.6839,237.2747,33.2241
2035-07-04,29.1028,0.0938,42.1736,5.7627,686.6331,215.0701,91.5780,7.1788,241.2370,31.7833
2035-07-05,28.9222,0.2821,42.3642,7.1569,695.5431,219.1339,91.6279,7.7560,245.1661,33.4982
2035-07-06,28.9513,0.0815,41.6520,5.8245,704.4583,223.2519,91.6778,7.3038,249.1259,32.2122
2035-07-07,25.9302,9.2427,48.2486,4.5408,645.5006,82.6932,66.5698,0.7031,125.2674,4.0134
2035-07-08,24.5315,9.9009,50.1269,4.0875,590.2389,46.5237,59.7726,0.4958,77.7303,1.5572
2035-07-09,27.6900,0.4203,43.4180,4.2339,598.9271,50.3495,83.3099,2.0801,83.2110,8.7456
2035-07-10,29.2473,0.1079,46.0692,4.3285,607.8956,54.1933,88.5158,4.3094,88.6328,16.3082
2035-07-11,31.5061,0.0001,41.4003,3.9853,617.2707,58.6807,90.5388,5.6607,94.8251,20.6693
2035-07-12,33.8237,0.0000,33.9978,3.6244,627.0629,64.0942,92.4584,7.2997,102.0988,25.6646
2035-07-13,35.3585,0.0008,28.5575,4.1508,637.1315,70.2115,93.9252,9.2018,110.0926,31.1150
2035-07-14,34.1589,0.1222,31.1071,5.5848,646.9841,75.9164,93.9759,9.9610,117.3952,33.7068
2035-07-15,33.7825,0.0005,30.6333,5.2202,656.7689,81.5991,94.0266,9.8486,124.5210,34.2341
2035-07-16,35.2445,0.0000,31.5434,7.1841,666.8169,87.4424,94.0773,10.9497,131.7067,37.4546
2035-07-17,32.0297,0.0032,40.3779,6.4486,676.2863,92.0814,92.9239,8.9850,137.3946,33.3480
2035-07-18,29.8081,0.1116,39.0429,8.2741,685.3557,96.5063,92.6245,9.4451,142.7576,34.8888
2035-07-19,29.2385,0.0000,26.3464,8.1429,694.3226,101.7542,93.3858,10.4387,148.9399,37.7172
2035-07-20,29.6280,0.0000,23.0642,6.8059,703.3597,107.3064,94.1647,10.8738,155.3582,39.1674
2035-07-21,30.8511,0.0000,25.2816,5.3001,712.6169,112.9132,94.2154,10.1502,161.7527,37.8183
2035-07-22,32.3898,0.0000,25.5596,5.8934,722.1510,118.7681,94.2662,10.5319,168.3268,39.0781
2035-07-23,33.5495,0.0000,25.3182,6.4062,731.8939,124.8455,94.4153,11.0323,175.0440,40.5827
2035-07-24,33.7891,0.0000,28.9947,5.2968,741.6800,130.6636,94.4661,10.5059,181.4229,39.5715
2035-07-25,32.1056,0.2706,35.6379,6.7294,751.1630,135.6829,93.7525,10.2303,186.9456,39.0853
2035-07-26,31.4168,0.2786,38.6568,5.6664,760.5220,140.3675,93.0674,8.8131,192.0977,35.6008
2035-07-27,33.0647,0.0014,33.9159,4.5065,770.1777,145.6700,93.1178,8.3716,197.8076,34.5537
2035-07-28,34.9750,0.0000,28.5542,4.5524,780.1772,151.7232,93.9196,9.3826,204.1785,37.3897
2035-07-29,33.3483,0.0000,32.1228,6.3598,789.8839,157.2147,93.9703,10.3496,209.9572,39.9753
2035-07-30,31.4227,0.0000,30.6606,7.7477,799.2440,162.5110,94.0209,11.1775,215.4850,42.1165
2035-07-31,31.9187,0.0000,26.8930,6.8052,808.6933,168.1801,94.0716,10.7342,221.3023,41.1329
2035-08-01,33.0007,0.0000,31.5760,4.9965,817.6374,172.9972,94.1223,9.8682,226.2947,39.0266
2035-08-02,33.9659,0.0000,31.3803,4.6912,826.7553,177.9647,94.1730,9.7859,231.4022,38.8804
2035-08-03,36.6487,0.0000,28.9062,3.8312,836.3561,183.5051,94.2238,9.4369,237.0062,38.0346
2035-08-04,36.5471,0.0000,29.4497,4.1041,845.9385,188.9883,94.2745,9.6349,242.5233,38.6070
2035-08-05,33.5588,0.0000,34.0608,6.8775,854.9831,193.7064,94.1725,10.9249,247.3262,41.9187
2035-08-06,35.0408,0.0000,30.6168,4.2952,864.2945,198.8831,94.2233,9.6595,252.5058,38.7546
2035-08-07,38.5599,0.0000,27.3272,4.0054,874.2393,204.8333,94.8278,10.3460,258.3429,40.5594
2035-08-08,39.1558,0.0000,28.0505,7.7538,884.2913,210.8128,94.8787,12.5847,264.1775,46.0142
2035-08-09,30.4720,0.0000,31.2285,9.7784,892.7803,215.2953,94.2947,12.8598,268.6358,46.6771
2035-08-10,28.5569,0.0000,29.8929,6.4082,900.9245,219.5876,94.1422,10.6248,272.8916,41.3463
2035-08-11,30.4523,0.0000,31.7634,5.1211,909.4099,224.0324,94.0745,9.8649,277.2896,39.4309
2035-08-12,32.0760,0.0000,31.2423,4.3844,918.1876,228.7417,94.1252,9.5723,281.9086,38.6865
2035-08-13,33.3099,0.0000,36.3973,6.9284,927.1874,233.2599,93.7387,10.3135,286.3938,40.6181
2035-08-14,29.4068,0.0000,25.5372,9.2957,935.4846,237.9495,93.7893,11.7022,290.9098,44.0631
2035-08-15,28.9257,0.0000,21.3725,5.7920,943.6952,242.8234,94.4351,10.7253,295.5354,41.6856
2035-08-16,30.6327,0.0000,25.5499,4.5427,952.2131,247.7007,94.4859,10.1417,300.1834,40.2219
2035-08-17,30.3863,0.0000,31.1869,5.0521,960.6866,252.1737,94.2350,10.0513,304.5148,40.0003
2035-08-18,30.5863,0.0000,30.7859,5.3731,969.1962,256.7013,94.2592,10.2494,308.8787,40.5177
2035-08-19,31.1542,0.0000,29.7691,4.8053,977.8079,261.3779,94.3099,10.0304,313.3510,39.9650
2035-08-20,32.9401,0.0000,30.7342,4.0924,986.7412,266.2455,94.3607,9.7445,317.9890,39.2317
2035-08-21,30.8641,0.0000,34.9918,5.7756,995.3007,270.5353,93.6809,9.6536,322.1556,39.0006
2035-08-22,29.4278,0.0000,27.8418,5.4873,1003.6017,275.0829,93.7315,9.5815,326.4616,38.8174
2035-08-23,28.8158,0.0000,28.2844,5.4691,1011.7925,279.5121,93.7821,9.6403,330.6591,38.9774
2035-08-24,28.9483,0.0000,33.6418,5.4754,1020.0072,283.6285,93.5144,9.2909,334.6327,38.0574
2035-08-25,29.6876,0.0000,34.1167,4.8652,1028.3550,287.8160,93.4787,8.9648,338.6668,37.1842
2035-08-26,30.8790,0.0000,33.6360,4.3877,1036.9172,292.1973,93.5292,8.8135,342.8569,36.7762
2035-08-27,31.3080,0.0000,31.9603,4.5895,1045.5567,296.7495,93.5797,8.9664,347.1670,37.1964
2035-08-28,31.6117,0.0000,33.4754,4.7301,1054.2508,301.2421,93.6302,9.0939,351.4357,37.5445
2035-08-29,32.3827,0.0000,34.5443,3.4873,1063.0837,305.7666,93.6808,8.6022,355.7379,36.2056
2035-08-30,32.0167,0.0000,34.2596,4.4690,1071.8507,310.2612,93.7314,9.1022,360.0032,37.5726
2035-08-31,33.1465,0.0000,34.2363,2.8264,1080.8210,314.9107,93.7820,8.4382,364.3943,35.7557
2035-09-01,34.5699,0.0000,29.1818,3.1883,1088.7476,319.4080,93.8326,8.6541,368.5272,36.3563
2035-09-02,32.5646,0.0357,36.6902,4.7135,1096.3132,323.2025,93.5486,8.9836,372.1342,37.2587
2035-09-03,32.2526,0.0001,38.7682,4.2760,1103.8227,326.8384,93.1367,8.2968,375.6241,35.3652
2035-09-04,34.2048,0.0020,33.2175,3.7196,1111.6836,331.0361,93.1871,8.1244,379.5311,34.8805
2035-09-05,34.6304,0.0000,29.5855,3.5152,1119.6211,335.5153,93.6696,8.6009,383.6277,36.2157
2035-09-06,34.4795,0.0000,31.3473,3.3361,1127.5314,339.8641,93.7202,8.5838,387.6280,36.1696
2035-09-07,34.4340,0.0000,29.0488,3.2331,1135.4335,344.3527,93.7892,8.6216,391.7113,36.2753
2035-09-08,34.0256,0.0000,33.0165,4.6922,1143.2621,348.5416,93.8398,9.3448,395.5835,38.2379
2035-09-09,33.8970,0.0000,31.7828,4.3827,1151.0676,352.7920,93.8904,9.2650,399.4864,38.0261
2035-09-10,33.8312,0.0000,28.3358,4.9849,1158.8612,357.2488,93.9410,9.6178,403.5138,38.9628
2035-09-11,32.2701,0.0000,28.9244,6.3859,1166.3738,361.4715,93.9917,10.3941,407.3432,40.9700
2035-09-12,31.9964,0.0000,23.6281,6.2559,1173.8371,365.9716,94.4818,11.0499,411.3347,42.6140
2035-09-13,30.5040,0.0000,27.5621,7.5479,1181.0319,370.0474,94.5326,11.8761,415.0110,44.6231
2035-09-14,29.4009,0.0000,27.7465,7.9713,1188.0280,373.9710,94.5835,12.2175,418.5561,45.4351
2035-09-15,27.7082,0.0000,29.1915,8.5743,1194.7195,377.6027,94.2044,11.9526,421.8673,44.8073
2035-09-16,26.1261,0.0008,31.0722,6.9036,1201.1262,380.9437,93.6481,10.1718,424.9497,40.4057
2035-09-17,26.1043,0.0000,29.7234,7.3644,1207.5290,384.3475,93.6852,10.4646,428.0679,41.1526
2035-09-18,27.0220,0.0000,30.4524,8.0436,1214.0969,387.8296,93.7058,10.8599,431.2579,42.1460
2035-09-19,26.1863,0.0000,32.6262,7.4681,1220.5145,391.1025,93.2900,9.9557,434.2925,39.8499
2035-09-20,26.3431,0.0000,32.6178,7.3516,1226.9602,394.3947,93.2042,9.7795,437.3414,39.3921
2035-09-21,26.8907,0.0000,33.4619,6.9426,1233.5046,397.7106,93.1311,9.4825,440.4183,38.6116
2035-09-22,27.8202,0.0002,33.9124,5.7154,1240.2162,401.1133,93.1693,8.9617,443.5732,37.2156
2035-09-23,27.4751,0.0333,43.7922,6.0563,1246.8657,403.9728,91.6779,7.3897,446.3846,32.7665
2035-09-24,25.8420,0.7227,56.8401,5.9490,1253.2213,406.0431,86.8792,3.7004,448.6667,20.2857
2035-09-25,27.7338,0.0170,44.7852,4.2236,1259.9174,408.8775,89.0981,4.6604,451.4696,23.9075
2035-09-26,29.7818,0.0000,32.1865,4.2947,1266.9821,412.6059,91.9115,6.9895,454.8749,31.5696
2035-09-27,29.2400,0.0000,29.2039,4.9661,1273.9493,416.4300,92.7499,8.1371,458.3198,34.9299
2035-09-28,27.6840,0.0000,30.8120,6.7221,1280.6364,419.9756,92.8002,8.9528,461.5479,37.1929
2035-09-29,26.7516,0.0014,33.3142,5.7937,1287.1557,423.2823,92.8504,8.6042,464.6024,36.2376
2035-09-30,26.0578,0.0000,37.7504,4.2416,1293.5501,426.2921,92.3459,7.4119,467.4563,32.8333
2035-10-01,31.9226,0.0000,31.2571,3.7795,1300.0002,429.7317,92.8455,7.7684,470.5761,33.8751
2035-10-02,32.3093,0.0000,27.9670,4.2197,1306.5198,433.3782,93.5711,8.7903,473.8288,36.7502
2035-10-03,30.1773,0.0000,28.1812,6.9051,1312.6558,436.7818,93.6216,10.1351,476.8707,40.3160
2035-10-04,29.0838,0.0002,29.8268,8.9536,1318.5948,439.9911,93.6722,11.3165,479.7623,43.2766
2035-10-05,27.2737,0.0027,41.5241,9.8622,1324.2081,442.5051,92.0317,9.4117,482.1854,38.4264
2035-10-06,25.1715,0.0534,51.9812,8.7963,1329.4430,444.4166,89.9303,6.6121,484.1879,30.4138
2035-10-07,24.6271,0.2003,65.3338,5.9245,1334.5798,445.7679,87.5717,4.0794,485.8415,21.7583
2035-10-08,26.1824,0.9531,64.3138,4.4235,1339.9967,447.2431,83.2711,2.0896,487.6150,13.1945
2035-10-09,26.8912,0.5096,52.7657,5.6624,1345.5411,449.2464,87.0082,3.7149,489.7233,20.3442
2035-10-10,23.9554,0.3552,50.0791,6.0584,1350.5571,451.1416,87.8087,4.2486,491.6799,22.3973
2035-10-11,24.5958,0.0296,35.8548,3.8726,1355.6883,453.6391,90.1473,5.3222,494.0129,26.2257
2035-10-12,27.8501,0.0322,45.6040,5.2986,1361.4053,456.0251,90.1967,5.7593,496.3765,27.6893
2035-10-13,29.7324,0.3723,59.7616,10.1315,1367.4612,457.9050,89.0326,6.2177,498.4965,29.1743
2035-10-14,28.2237,0.2290,40.8182,8.5368,1373.2454,460.5345,90.2303,6.8127,501.0152,31.0329
2035-10-15,24.7923,0.0098,39.5956,4.4950,1378.4121,462.9043,90.2798,5.5968,503.2770,27.1513
2035-10-16,22.9527,0.2702,61.2989,5.9939,1383.2475,464.3147,88.0689,4.3957,504.9163,22.9441
2035-10-17,29.2058,0.1022,65.5166,6.0029,1389.2086,465.8982,87.8198,4.2435,506.8453,22.3783
2035-10-18,28.0127,0.2763,60.1780,3.4023,1394.9549,467.6548,87.8684,3.7483,508.8408,20.4765
2035-10-19,25.3438,0.4320,43.4761,7.9320,1400.2207,469.9196,89.1676,5.6743,511.0572,27.4089
2035-10-20,20.1742,0.0066,31.4801,5.0077,1404.5561,472.1283,90.4759,5.9067,513.0849,28.1725
2035-10-21,21.0336,0.1090,42.2000,3.9922,1409.0462,474.0667,90.4858,5.6200,514.9785,27.2286
2035-10-22,23.0139,0.5722,50.3320,5.1539,1413.8926,475.8815,88.6315,4.5676,516.8584,23.5738
2035-10-23,23.0622,0.1956,44.3489,4.0872,1418.7479,477.9189,88.8441,4.4628,518.8710,23.1911
2035-10-24,21.0425,0.0023,38.5574,3.8039,1423.2395,479.9803,89.4386,4.7914,520.8367,24.3785
2035-10-25,21.5477,0.0368,50.7241,4.6000,1427.8221,481.6712,89.1794,4.8054,522.5994,24.4282
2035-10-26,21.6231,1.1898,67.0986,5.0643,1432.4183,482.8040,80.4469,1.5391,524.0357,10.3080
2035-10-27,23.5192,12.0266,80.6697,6.9093,1064.5425,87.0859,44.6301,0.1100,144.5992,0.3804
2035-10-28,23.9109,1.4949,67.1000,7.5094,1069.5505,88.3327,65.9841,0.7996,146.4315,4.9955
2035-10-29,19.6284,0.0298,43.4505,5.4470,1073.7876,90.1088,81.7535,1.8209,148.9658,10.6200
2035-10-30,18.1817,0.1775,47.1404,4.2396,1077.7643,91.6531,85.7360,2.8895,151.1679,15.3808
2035-10-31,17.6128,3.1918,63.6335,6.4071,1043.3587,68.6887,65.8398,0.7523,117.9624,4.1583
2035-11-01,18.2917,8.9733,68.8248,8.8627,908.1298,37.5414,49.0150,0.2267,68.0499,0.4767
2035-11-02,13.4476,2.1440,61.4396,6.3180,910.2543,33.8058,57.3577,0.4679,61.8675,0.9177
2035-11-03,12.2743,0.0650,54.4314,5.0816,912.1677,34.6139,72.5010,0.8815,63.2293,2.9844
2035-11-04,11.0652,0.0076,47.4476,4.0152,913.8634,35.4615,80.3527,1.4451,64.6511,5.2582
2035-11-05,10.0703,0.0006,53.7304,4.4236,915.3801,36.1467,83.0090,2.0202,65.7978,7.3172
2035-11-06,11.5700,0.3160,58.6210,4.1013,917.1667,36.8418,83.8876,2.2291,66.9593,8.0814
2035-11-07,11.3497,0.1278,57.7767,3.8357,918.9136,37.5387,84.3422,2.3375,68.1204,8.5179
2035-11-08,13.2472,5.5687,66.9438,4.4705,860.2269,23.9525,51.0466,0.2327,44.7872,0.3621
2035-11-09,15.5931,0.6647,63.1190,4.9623,862.7377,24.7687,67.5771,0.7433,46.2200,1.6481
2035-11-10,11.9989,0.0099,52.3234,4.8132,864.6015,25.5967,77.7662,1.1777,47.6655,3.3179
2035-11-11,10.0687,0.0592,69.9541,4.8895,866.1178,26.0416,79.9595,1.4488,48.4419,4.2499
2035-11-12,10.9073,0.0355,63.1470,4.6722,867.7852,26.6283,81.9327,1.7893,49.4621,5.3672
2035-11-13,11.0854,0.0187,59.0297,5.8040,869.4845,27.2902,83.3544,2.2644,50.6092,6.8296
2035-11-14,11.3684,0.0019,49.4337,4.9235,871.2348,28.1260,84.9959,2.6991,52.0512,8.1464
2035-11-15,12.9086,0.0000,44.9022,4.8220,873.2624,29.1494,86.3536,3.2453,53.8084,9.7433
2035-11-16,16.1873,0.0000,41.7260,4.5559,875.8801,30.4850,87.6470,3.8488,56.0895,11.4962
2035-11-17,15.5653,0.0000,50.3209,5.1354,878.3859,31.5826,87.6956,3.9904,57.9557,12.0633
2035-11-18,16.1250,0.0002,54.3546,4.5412,880.9924,32.6250,87.6131,3.8273,59.7211,11.8707
2035-11-19,18.0888,0.0007,47.7381,4.1481,883.9524,33.9546,87.6616,3.7784,61.9592,12.0034
2035-11-20,18.7196,0.0152,49.7708,4.4804,887.0259,35.2745,87.7102,3.8690,64.1693,12.4845
2035-11-21,14.7466,0.0559,75.5651,3.7010,889.3843,35.7878,84.7770,2.4629,65.0335,8.6547
2035-11-22,13.8306,0.0022,65.1424,3.0497,891.5778,36.4778,84.8246,2.3989,66.1859,8.5541
2035-11-23,15.5610,0.0026,51.0215,3.8814,894.0828,37.5597,85.8956,2.9019,67.9800,10.2250
2035-11-24,15.5818,0.0021,57.0156,4.4838,896.5915,38.5104,85.9436,3.0115,69.5523,10.6910
2035-11-25,14.6948,0.0002,55.4671,3.5698,898.9405,39.4429,85.9916,2.8954,71.0880,10.4874
2035-11-26,15.9135,0.0005,53.9957,3.6326,901.5090,40.4806,86.0433,2.9257,72.7900,10.7309
2035-11-27,16.4025,0.0014,58.6191,3.8339,904.1654,41.4409,86.0913,2.9756,74.3612,11.0219
2035-11-28,19.6433,0.0134,69.4339,4.4665,907.4052,42.2815,85.6564,2.8904,75.7400,10.8829
2035-11-29,17.4017,1.1849,79.6236,4.6399,910.2415,42.7813,75.5607,0.9994,76.5661,4.0722
2035-11-30,14.3437,0.0526,45.6689,4.7355,912.5274,43.8938,82.9175,2.0284,78.3640,8.2345
2035-12-01,11.0243,1.5583,44.8007,3.3349,914.2157,43.2413,75.2642,0.9197,77.3377,3.7427
2035-12-02,8.4426,1.6930,50.3348,8.1758,915.4394,41.4473,70.8565,0.9713,74.4658,3.8567
2035-12-03,6.5409,0.0060,34.6570,5.4940,916.3208,42.0147,80.3622,1.5585,75.3877,6.3130
2035-12-04,7.0889,0.0036,45.8799,3.8638,917.3008,42.5183,83.3770,2.0596,76.2060,8.1956
2035-12-05,6.8816,0.0297,52.1422,3.9138,918.2435,42.9524,84.1876,2.2984,76.9107,9.0671
2035-12-06,5.8272,0.0001,31.4347,3.9099,918.9964,43.4921,86.6149,3.2162,77.7816,12.0576
2035-12-07,9.0086,1.2126,38.5547,3.5130,920.3219,44.1980,80.0549,1.3652,78.9207,5.7441
2035-12-08,17.5456,1.1549,67.1831,5.5068,923.1841,44.8933,76.6215,1.1184,80.0543,4.7496
2035-12-09,20.9282,0.8597,67.3183,7.3146,926.6552,45.7115,79.1859,1.5153,81.3861,6.4810
2035-12-10,17.7144,12.2651,81.8750,9.2093,782.3901,22.1140,39.9308,0.0545,41.3091,0.0801
2035-12-11,23.5537,1.8975,77.2622,4.8241,786.3338,20.5682,54.0760,0.3263,38.6116,0.4578
2035-12-12,23.7317,1.2914,70.3534,6.1502,790.3095,21.4048,68.2773,0.8074,40.0948,1.5936
2035-12-13,16.4318,2.3712,56.7696,3.9127,792.9712,18.6602,65.1533,0.6462,35.2469,0.8513
2035-12-14,15.8199,0.5333,47.8005,7.7754,795.5228,19.6639,79.3832,1.5809,37.0390,3.8034
2035-12-15,11.7178,0.0213,43.5540,3.5004,797.3360,20.4861,83.9973,2.1944,38.4993,5.5177
2035-12-16,14.8738,8.1266,82.5065,6.1424,727.5323,11.0982,40.2263,0.0494,21.3810,0.0467
2035-12-17,15.5482,16.3859,84.9005,9.3753,602.9233,5.0949,26.0824,0.0017,9.9790,0.0011
2035-12-18,13.2400,0.3254,40.4495,7.7183,605.0105,6.0653,60.2963,0.6152,11.8341,0.4073
2035-12-19,12.5105,2.6836,59.0069,4.0002,606.9664,4.6154,57.2418,0.4126,9.0585,0.2361
2035-12-20,16.7861,3.4911,69.7006,8.0313,595.3412,3.0745,54.8284,0.4118,6.0707,0.1932
2035-12-21,9.7842,2.6227,53.0323,8.4261,596.8063,2.2034,57.9759,0.5452,4.3666,0.2215
2035-12-22,4.1845,0.0566,52.6378,7.9018,597.2635,2.4879,70.4930,0.9465,4.9244,0.4045
2035-12-23,4.7115,0.0064,42.8045,5.0559,597.8156,2.8656,78.4314,1.2614,5.6633,0.5734
2035-12-24,6.4806,0.1301,44.2495,3.0227,598.6861,3.3459,82.4217,1.7481,6.5995,0.8533
2035-12-25,9.4275,11.6612,81.0404,5.9585,532.2397,1.2924,33.5198,0.0116,2.5692,0.0039
2035-12-26,12.6767,3.1419,81.0948,4.5749,524.3846,0.4822,35.0517,0.0155,0.9622,0.0040
2035-12-27,7.5085,0.3838,81.3646,6.1608,525.4402,0.6645,47.8500,0.1697,1.3248,0.0473
2035-12-28,4.2759,0.5137,59.1396,11.9262,525.9139,0.9141,64.1491,0.9285,1.8203,0.2801
2035-12-29,-3.1940,0.0563,59.1306,11.4740,525.9139,0.9141,71.4570,1.1706,1.8203,0.3531
2035-12-30,-2.4635,0.0212,57.0234,8.2849,525.9139,0.9141,76.0631,1.2391,1.8203,0.3737
2035-12-31,0.9588,0.1352,64.0596,6.5632,525.9139,0.9982,78.5505,1.3755,1.9870,0.4252
2036-01-01,4.5232,0.0269,68.1090,5.2941,526.4320,1.2190,79.9790,1.4816,2.4239,0.4862
2036-01-02,5.3334,0.0516,71.0528,5.5076,527.0960,1.4482,80.6233,1.6044,2.8767,0.5570
2036-01-03,5.5273,0.0031,54.8955,4.7453,527.7949,1.8162,82.4265,1.9078,3.6015,0.7183
2036-01-04,5.7432,0.0732,72.1260,4.9666,528.5327,2.0511,82.4733,1.9405,4.0627,0.7657
2036-01-05,6.2532,0.0174,62.9917,4.9633,529.3623,2.3861,82.7514,2.0090,4.7190,0.8431
2036-01-06,6.2086,0.0225,67.5137,4.3068,530.1839,2.6784,82.7984,1.9552,5.2900,0.8621
2036-01-07,6.5233,0.0069,61.0388,4.5437,531.0620,3.0440,83.1015,2.0568,6.0021,0.9601
2036-01-08,6.7507,0.0073,44.6228,4.8168,531.9812,3.5793,84.8037,2.6148,7.0401,1.9893
2036-01-09,5.8526,0.0000,39.8903,5.0284,532.7386,4.0938,85.9729,3.1080,8.0332,2.8011
2036-01-10,5.6883,0.0017,60.0072,4.9194,533.4665,4.4280,85.4105,2.8576,8.6759,2.6417
2036-01-11,6.0339,0.0002,56.3911,4.4878,534.2566,4.8110,85.4583,2.8148,9.4101,2.7403
2036-01-12,5.9271,1.3417,74.3332,2.8843,535.0275,5.0330,71.9758,0.7736,9.8348,0.4625
2036-01-13,5.5000,23.7964,87.9858,15.0309,416.7188,1.9065,23.8358,0.0011,3.7699,0.0004
2036-01-14,1.9984,7.6803,84.6772,18.8787,389.2705,0.3984,21.6592,0.0006,0.7947,0.0002
2036-01-15,2.6762,0.1424,78.2709,13.7770,389.4562,0.4994,38.7312,0.0543,0.9956,0.0142
2036-01-16,3.9738,0.0170,60.9484,4.3259,389.8755,0.7433,54.5901,0.3342,1.4796,0.0956
2036-01-17,2.7771,0.3711,65.9060,8.3515,390.0794,0.9060,65.6082,0.8226,1.8016,0.2474
2036-01-18,1.6288,0.3009,62.5224,8.7709,390.0794,1.0319,72.8248,1.0753,2.0503,0.3354
2036-01-19,2.1156,0.0005,48.2042,4.7144,390.1642,1.2370,78.3415,1.2302,2.4545,0.4053
2036-01-20,3.2618,0.0046,50.2001,3.5529,390.4553,1.5044,81.2773,1.5652,2.9801,0.5501
2036-01-21,4.7978,5.5768,83.5774,5.3303,373.8484,0.2798,38.7124,0.0353,0.5585,0.0084
2036-01-22,4.8693,18.7293,93.6507,9.9567,308.6030,0.0467,11.4606,0.0000,0.0933,0.0000
2036-01-23,4.3948,0.5733,74.0285,6.0050,309.0981,0.2223,28.6768,0.0032,0.4439,0.0007
2036-01-24,3.4383,0.0011,62.8633,4.1603,309.4210,0.4298,45.8475,0.1154,0.8567,0.0294
2036-01-25,5.6471,9.2686,78.8772,4.6682,283.6350,0.1755,25.3640,0.0011,0.3504,0.0002
2036-01-26,6.7623,0.0154,56.1417,5.2482,284.5562,0.6000,48.0668,0.1669,1.1936,0.0454
2036-01-27,9.4526,1.6563,72.3438,6.3638,285.9617,0.4979,53.3513,0.3283,0.9915,0.0861
2036-01-28,9.1824,0.0005,37.5137,4.3222,287.3185,1.2889,71.7749,0.8257,2.5492,0.2753
2036-01-29,13.0184,0.1532,56.6020,4.8908,289.3658,2.0432,79.3697,1.3652,4.0155,0.5362
2036-01-30,12.4911,2.0549,74.2004,5.6707,291.3182,1.5185,64.7848,0.6958,2.9980,0.2450
2036-01-31,7.4807,0.5787,42.1242,8.0784,292.3688,2.1299,76.4956,1.2621,4.1836,0.5039
2036-02-01,6.8149,0.0001,34.5401,5.2405,293.2994,2.8659,83.0486,2.1158,5.5951,0.9565
2036-02-02,9.6930,0.3551,53.9874,5.1274,294.7482,3.5713,84.1856,2.4426,6.9327,1.7484
2036-02-03,10.7382,3.0499,85.5545,4.3943,291.2302,2.0804,52.6208,0.2757,4.0879,0.1091
2036-02-04,12.7805,1.6144,85.2326,5.8387,293.2347,1.8572,51.5475,0.2639,3.6565,0.0999
2036-02-05,14.1501,1.1193,78.1931,5.5510,295.4857,2.3296,58.8924,0.5035,4.5691,0.2084
2036-02-06,13.5834,9.2058,85.8779,5.8747,272.2090,0.8444,29.6214,0.0042,1.6757,0.0012
2036-02-07,11.0471,0.2488,64.7384,6.8297,273.9015,1.4528,52.8503,0.3193,2.8676,0.1107
2036-02-08,11.5465,0.4023,64.8666,4.7366,275.6838,2.0839,67.1829,0.7253,4.0906,0.2870
2036-02-09,15.4323,0.0033,45.3322,4.7198,278.1657,3.3678,79.9752,1.4388,6.5377,0.6992
2036-02-10,14.2145,0.0001,38.6755,2.8123,280.4283,4.7018,85.3224,2.5386,9.0254,2.3052
2036-02-11,13.5996,0.8925,56.5499,4.0589,282.5802,5.6091,81.4017,1.6289,10.6879,1.1287
2036-02-12,13.2397,0.1000,54.9260,5.1126,284.6674,6.5273,83.8422,2.3315,12.3467,2.6031
2036-02-13,15.2051,0.0000,45.1482,4.0992,287.1083,7.7977,86.1997,3.0620,14.6038,4.0685
2036-02-14,19.9040,0.0000,50.6177,2.8537,290.3950,9.2711,86.9377,3.1925,17.1716,4.7199
2036-02-15,21.5729,0.0052,52.2331,1.8820,293.9821,10.8095,87.1732,3.1436,19.7990,5.0863
2036-02-16,21.4361,0.2188,54.6072,3.1441,297.5446,12.2626,87.2217,3.3732,22.2344,5.8653
2036-02-17,17.2227,0.0479,69.3536,4.5446,300.3487,13.0603,85.7111,2.9240,23.5594,5.2880
2036-02-18,16.5895,0.6611,74.7257,3.4200,303.0388,13.6954,82.1468,1.7241,24.6102,3.0459
2036-02-19,16.3619,0.6368,66.9691,4.2320,305.6880,14.5147,81.7684,1.7158,25.9491,3.1602
2036-02-20,19.8624,0.5935,55.7971,5.9767,308.9672,15.8309,84.2919,2.5862,28.0666,5.2472
2036-02-21,16.7634,0.4756,58.5917,5.3602,311.6886,16.8817,85.0165,2.7670,29.7368,5.8253
2036-02-22,14.4810,0.0054,64.7343,4.1032,313.9992,17.6622,85.0643,2.6143,30.9694,5.6610
2036-02-23,13.0741,1.2344,72.5646,7.0642,316.0565,18.2146,75.7524,1.1425,31.8415,2.1992
2036-02-24,9.0545,0.0632,75.3451,6.8123,317.3903,18.5702,78.1729,1.3475,32.4010,2.8111
2036-02-25,9.3972,0.0009,57.7570,5.3224,318.7858,19.2001,81.4950,1.7550,33.3749,3.9464
2036-02-26,14.7491,0.0000,41.5640,3.7331,321.1447,20.5157,85.7126,2.8075,35.3808,6.6064
2036-02-27,18.5476,0.0004,46.6189,3.6046,324.1873,22.0056,87.1154,3.4005,37.6261,8.1646
2036-02-28,19.7556,0.0000,51.9720,4.1568,327.4473,23.4284,87.1638,3.5206,39.7472,8.6997
2036-03-01,18.5532,0.0093,45.9888,4.2076,330.4908,25.2378,87.6607,3.7892,42.3840,9.6259
2036-03-02,17.9354,0.9406,55.0816,4.5660,333.4232,26.6953,83.0011,2.0327,44.4862,5.6519
2036-03-03,20.2620,0.0003,45.0533,4.2620,336.7743,28.6961,86.8091,3.3652,47.3135,9.2962
2036-03-04,18.2666,0.0024,47.2996,5.0931,339.7663,30.4359,87.3616,3.7963,49.7340,10.5947
2036-03-05,17.6576,1.5084,55.6792,8.1695,342.6487,31.0904,79.0858,1.5670,50.6837,4.7760
2036-03-06,13.8637,0.0088,35.8591,8.3371,344.8482,32.7264,85.9093,3.6393,52.9017,10.6112
2036-03-07,12.3192,6.0326,53.4189,8.0408,329.7172,20.4172,56.6583,0.4828,35.3603,0.6374
2036-03-08,10.7271,0.3228,45.2926,9.0920,331.3521,21.5201,74.4084,1.1739,37.0282,2.6441
2036-03-09,10.6182,0.0119,35.8420,7.3349,332.9674,22.8017,83.2601,2.4163,38.9373,6.1038
2036-03-10,10.2824,0.0002,34.6735,4.4795,334.5222,24.0692,86.5505,3.2798,40.7995,8.3100
2036-03-11,11.6814,0.3089,62.7230,4.9965,336.3289,24.8813,85.8401,3.0458,41.9957,7.9254
2036-03-12,15.7325,0.6911,61.1247,6.3394,338.8647,25.9968,83.4640,2.3598,43.6263,6.4349
2036-03-13,18.4290,1.5793,64.0082,7.5834,341.8859,26.1659,75.9552,1.1878,43.9270,3.1263
2036-03-14,21.1303,0.1550,52.3128,5.7692,345.3934,27.9730,83.9487,2.4443,46.5258,6.9351
2036-03-15,20.6429,0.0006,36.8524,4.7351,348.8131,30.3134,88.4059,4.3298,49.8059,11.8032
2036-03-16,17.8546,0.0070,39.5333,6.2831,351.7309,32.2671,88.7875,4.9446,52.4947,13.5115
2036-03-17,10.7805,0.0852,36.7805,5.8262,353.3754,33.5474,88.8365,4.8662,54.2252,13.5885
2036-03-18,8.5979,0.0827,46.2014,5.2327,354.6271,34.4367,88.2279,4.3278,55.4194,12.5433
2036-03-19,11.9663,0.0024,33.4646,4.2731,356.4850,35.9186,88.8087,4.4819,57.3829,13.1535
2036-03-20,14.4757,0.0000,26.4382,4.1521,358.7946,37.8717,90.3275,5.5387,59.9292,15.8671
2036-03-21,16.2715,0.0000,27.4548,4.7106,361.4275,40.0199,90.8688,6.1547,62.6869,17.5977
2036-03-22,19.3694,0.0064,33.6768,4.3989,364.6180,42.3341,90.9185,6.1019,65.6208,17.9226
2036-03-23,19.7407,0.1586,42.2684,4.0809,367.8753,44.3850,90.4814,5.6416,68.1990,17.2666
2036-03-24,19.5143,0.6993,53.9742,3.9700,371.0919,46.0023,86.2256,3.0533,70.2372,10.8767
2036-03-25,25.5474,0.1362,39.4283,4.3102,375.3944,48.7536,89.4324,4.9109,73.6080,16.2296
2036-03-26,24.3364,0.0000,34.9090,4.0904,379.4789,51.5759,90.5977,5.7389,76.9916,18.6780
2036-03-27,29.1354,0.0000,37.6965,5.2488,384.4273,54.7870,91.0834,6.5203,80.7895,21.0170
2036-03-28,29.5128,0.0076,40.0307,5.9346,389.4436,57.9164,91.1331,6.7975,84.4392,22.1697
2036-03-29,26.1936,0.3076,49.4182,8.0459,393.8625,60.2697,90.2769,6.6908,87.1859,22.2955
2036-03-30,27.6801,0.0017,33.7839,5.5186,398.5489,63.5181,91.4703,6.9834,90.8418,23.4775
2036-03-31,31.0169,0.5497,43.5692,6.3810,403.8359,66.6075,90.3523,6.2190,94.3220,22.0491
2036-04-01,23.1327,1.0717,48.6108,5.8543,408.9538,69.6265,85.2691,2.9373,97.6777,12.8096
2036-04-02,20.4268,0.0039,31.2245,5.2433,413.5846,73.2157,89.6344,5.2987,101.5075,20.4019
2036-04-03,20.8548,0.0130,32.4020,4.5678,418.2925,76.8137,90.5334,5.8249,105.2898,22.2283
2036-04-04,21.5031,0.4091,47.9320,9.6330,423.1171,79.6669,89.7798,6.7496,108.3377,24.9895
2036-04-05,23.8289,0.0080,45.1513,4.8599,428.3602,82.9817,89.8290,5.3443,111.8126,21.5025
2036-04-06,26.1482,0.0017,34.4662,8.2669,434.0209,87.3107,91.0698,7.5766,116.1883,27.9129
2036-04-07,29.1087,0.0002,22.8320,8.5568,440.2145,92.9621,93.8978,11.4456,121.6832,37.4610
2036-04-08,27.2436,0.0044,29.3418,4.6194,446.0723,97.8173,93.9484,9.4520,126.3615,33.4966
2036-04-09,23.7919,0.8897,45.1045,6.3644,451.3089,101.1301,87.7768,4.2950,129.6370,19.5634
2036-04-10,23.5018,0.5658,45.0916,7.9828,456.4932,104.4050,88.2926,5.0174,132.8496,22.0837
2036-04-11,23.5433,0.8012,51.9231,5.7053,461.6850,107.2772,85.9679,3.2137,135.7166,16.0611
2036-04-12,21.3888,4.3643,60.0636,7.9206,452.0659,70.8649,66.5749,0.8338,101.8251,4.1902
2036-04-13,15.3448,18.8415,63.6308,11.9383,376.5920,32.6596,45.9859,0.1743,53.6806,0.3085
2036-04-14,8.8937,12.3541,86.1519,14.3224,336.1976,14.7590,25.5070,0.0019,26.5988,0.0020
2036-04-15,12.2140,0.6137,56.8567,10.1820,339.3501,16.1515,55.0919,0.4701,28.8681,0.5409
2036-04-16,17.9142,0.0001,28.6287,5.6933,343.5287,19.4415,80.1357,1.5367,34.0635,3.4460
2036-04-17,21.6707,0.0000,32.6254,4.5025,348.3834,23.1608,88.3545,4.2479,39.7201,10.1986
2036-04-18,24.7795,0.0000,36.0471,3.9607,353.7977,27.1732,90.2625,5.4348,45.5922,13.4507
2036-04-19,26.0290,0.0000,37.1449,3.6160,359.4369,31.3072,90.6527,5.6475,51.4180,14.8061
2036-04-20,26.1762,0.0634,35.0695,4.3842,365.1026,35.6008,91.0799,6.2392,57.2464,16.9273
2036-04-21,26.3109,0.0609,29.4410,4.6909,370.7926,40.2896,92.1260,7.3500,63.3661,20.1569
2036-04-22,27.1235,0.0009,29.0107,3.7602,376.6288,45.1469,92.4874,7.3799,69.4740,21.2188
2036-04-23,27.3390,0.0010,31.1986,4.1023,382.5038,49.8904,92.5376,7.5614,75.2451,22.5123
2036-04-24,28.9570,0.0001,29.5939,4.1821,388.6701,55.0207,92.7173,7.7862,81.2772,23.9151
2036-04-25,27.1213,0.0027,29.1391,5.4558,394.5059,59.8689,92.7675,8.3611,86.8048,26.0074
2036-04-26,27.0486,0.0000,28.8203,5.8814,400.3287,64.7263,92.8178,8.6028,92.1891,27.3435
2036-04-27,27.3617,0.0079,30.0784,6.6960,406.2078,69.5509,92.8681,9.0267,97.4068,29.0301
2036-04-28,26.0261,0.3238,38.6140,5.6417,411.8465,73.5878,92.2085,7.8010,101.7323,26.8240
2036-04-29,26.4732,0.0057,30.3632,4.5420,417.5657,78.2427,92.2585,7.4328,106.5654,26.5151
2036-04-30,27.8652,0.0000,25.7574,4.4098,423.5354,83.4561,93.2136,8.4432,111.8253,29.5602
2036-05-01,28.2709,0.0009,25.4433,5.0192,431.0282,89.2211,93.4696,9.0233,117.5904,31.5764
2036-05-02,28.3508,0.0001,28.0581,4.9845,438.5353,94.7990,93.5201,9.0711,123.0813,32.2682
2036-05-03,30.4943,0.0014,25.0543,5.1898,446.4283,101.0328,93.9181,9.6868,129.0507,34.3086
2036-05-04,29.7630,0.0112,24.4869,6.1208,454.1896,107.1684,93.9687,10.2236,134.8125,36.0921
2036-05-05,29.7604,0.0000,24.5946,4.3872,461.9505,113.2947,94.0194,9.4344,140.4655,34.6890
2036-05-06,28.3014,0.0009,28.1649,8.1226,469.4487,118.8550,94.0701,11.4685,145.5709,39.8374
2036-05-07,28.0776,0.0031,19.4885,11.1849,476.9067,125.0395,94.7419,14.6815,151.0621,47.1263
2036-05-08,28.2991,0.0004,11.7041,10.7552,484.4046,131.8734,96.5765,18.4351,156.9365,54.8474
2036-05-09,28.5987,0.0000,8.7707,9.1086,491.9563,139.0063,97.4875,19.1635,162.9239,56.6492
2036-05-10,28.5751,0.0029,9.4696,6.1526,499.5039,146.0789,97.5394,16.6255,168.7681,52.2582
2036-05-11,29.5024,0.0000,14.2987,4.7862,507.2183,152.9835,97.5228,15.4851,174.4364,50.3071
2036-05-12,29.0291,0.0115,28.0916,5.7003,514.8475,158.6873,95.3367,12.0813,179.2515,43.2059
2036-05-13,25.4984,3.7015,47.9625,6.8347,509.1922,94.8742,76.5423,1.1892,129.4497,6.9140
2036-05-14,24.1106,5.1285,54.9710,6.9579,495.4711,62.3869,67.0425,0.8073,94.9005,3.8282
2036-05-15,28.2848,0.0210,37.0073,6.3681,502.9663,67.2600,87.2018,3.9570,100.8157,16.3960
2036-05-16,28.6326,0.0000,35.5537,6.4119,510.5242,72.3046,90.8995,6.7350,106.7960,24.7869
2036-05-17,28.8593,0.0000,35.3884,5.2232,518.1229,77.4007,91.4698,6.8797,112.7085,25.7783
2036-05-18,29.7815,0.0071,32.0420,4.6039,525.8875,82.9257,92.2653,7.4631,118.9566,27.8987
2036-05-19,29.7773,0.0038,30.9676,4.7460,533.6515,88.5374,92.5600,7.8354,125.1614,29.4278
2036-05-20,31.0714,0.0000,29.3346,4.7545,541.6483,94.5225,93.0915,8.4457,131.6219,31.5339
2036-05-21,32.3305,0.0008,26.1944,4.5283,549.8718,101.0182,93.9393,9.3968,138.4493,34.4393
2036-05-22,33.7596,0.0000,22.5099,4.0640,558.3525,108.1297,94.9714,10.5831,145.7130,37.8219
2036-05-23,34.8177,0.0000,19.9703,3.6027,567.0237,115.6973,95.7384,11.4803,153.2305,40.4253
2036-05-24,34.2840,0.0000,19.3934,5.5142,575.5988,123.2061,95.8377,12.8126,160.5164,43.8722
2036-05-25,34.0869,0.0026,15.9821,4.9046,584.1385,130.9891,96.5253,13.6339,167.8693,46.0870
2036-05-26,34.0287,0.0000,16.2608,5.0410,592.6677,138.7335,96.5768,13.8233,175.0351,46.8698
2036-05-27,32.9630,0.0120,26.6230,6.5991,601.0050,145.3137,95.7403,13.3549,181.1370,46.1340
2036-05-28,33.2515,0.0613,29.6650,3.8047,609.3943,151.6745,95.1401,10.6897,186.9945,40.2148
2036-05-29,35.7646,0.1507,25.0814,4.5612,618.2359,158.9455,95.1911,11.1828,193.5129,41.6093
2036-05-30,36.3303,0.0539,17.7662,5.5487,627.1793,167.0489,96.4592,13.9590,200.5541,48.1359
2036-05-31,33.9626,0.0506,21.1830,5.8324,635.6966,174.3243,96.5107,14.2584,206.8439,48.9545
2036-06-01,29.8970,0.1770,35.2035,6.1461,644.4821,179.6120,93.9698,10.2381,211.7155,39.7302
2036-06-02,26.8633,0.3440,40.7594,5.6700,652.7215,183.9732,92.2459,7.8536,215.8500,33.4528
2036-06-03,30.7390,0.0229,33.9759,4.6666,661.6585,189.5074,92.2960,7.5193,220.8670,32.5673
2036-06-04,33.1362,0.0000,27.5742,4.1797,671.0270,196.0353,93.7241,8.9613,226.5838,36.6522
2036-06-05,32.0508,0.5196,35.4302,6.2066,680.2001,201.6706,93.2281,9.2622,231.6432,37.5150
2036-06-06,28.8855,2.5805,47.7027,6.1072,688.8035,120.0424,81.7408,1.8797,167.2259,11.2940
2036-06-07,26.5686,0.1620,40.9225,8.4698,696.9899,124.3457,88.7793,5.5141,171.9846,25.4302
2036-06-08,27.8861,0.1218,33.5781,5.1643,705.4134,129.4144,91.3064,6.7020,177.4444,29.2580
2036-06-09,30.6396,0.0847,34.7242,5.2059,714.3325,134.8688,91.9127,7.3192,183.2444,31.2317
2036-06-10,31.8264,0.0006,28.7580,4.9284,723.4653,141.0444,93.2501,8.7112,189.6533,35.2622
2036-06-11,34.1672,0.0010,26.8810,4.1908,733.0193,147.8332,94.1179,9.4697,196.5615,37.4378
2036-06-12,35.0217,0.0951,28.6981,5.6439,742.7272,154.6137,94.1686,10.2609,203.3822,39.6127
2036-06-13,32.3066,0.3941,36.3510,5.6804,751.9464,160.2116,93.6223,9.5295,209.0639,37.8712
2036-06-14,29.0550,2.2334,43.6951,6.2695,760.5803,118.8391,84.0587,2.5438,170.9153,14.4298
2036-06-15,28.8732,0.1092,35.9994,6.1423,769.1815,123.8894,90.4038,6.1901,176.6484,27.6914
2036-06-16,31.3826,0.0493,29.3922,4.6402,778.2344,129.9274,92.8830,8.1555,183.3348,33.5752
2036-06-17,34.0389,0.0627,27.1487,4.6937,787.7654,136.6668,94.0160,9.5768,190.6469,37.5525
2036-06-18,35.7761,0.1692,30.5401,4.9252,797.6091,143.4101,94.0667,9.7574,197.8753,38.2092
2036-06-19,37.1127,0.0015,28.1892,3.6674,807.6934,150.6344,94.4100,9.6031,205.4691,37.9886
2036-06-20,38.5580,0.0592,25.5817,4.1411,818.0378,158.4041,95.1836,10.9373,213.4686,41.4950
2036-06-21,38.2476,0.1235,29.4652,3.1527,828.3264,165.7107,95.2347,10.4788,220.9274,40.4932
2036-06-22,41.4349,0.1247,28.7693,3.6899,839.1887,173.6871,95.2858,10.8417,228.9234,41.5098
2036-06-23,41.1837,0.1037,28.7534,4.0931,850.0057,181.6182,95.3369,11.1417,236.7645,42.3425
2036-06-24,43.1254,0.0588,20.1128,5.4441,861.1723,190.9195,97.1081,15.1472,245.6752,51.5314
2036-06-25,33.6006,0.0233,29.2369,9.8840,870.6244,197.3841,95.4245,15.0962,251.9600,51.4881
2036-06-26,35.6657,0.0000,16.0341,6.7762,880.4482,205.5112,96.7364,15.4130,259.5590,52.2270
2036-06-27,36.2678,0.0000,12.4550,5.6476,890.3804,214.1236,97.6444,16.4352,267.4516,54.4129
2036-06-28,39.1690,0.0000,15.6450,4.7264,900.8348,223.0665,97.6963,15.7979,275.5515,53.1461
2036-06-29,42.5276,0.0000,18.0722,4.6441,911.8938,232.4764,97.7482,15.8411,283.9675,53.2807
2036-06-30,43.2806,0.0000,20.7552,3.8751,923.0883,241.7353,97.8001,15.3441,292.1817,52.2703
2036-07-01,39.6417,0.0000,24.5699,4.6814,933.9278,248.9528,97.2090,14.7736,298.7888,51.0733
2036-07-02,40.0185,0.0000,26.4555,6.4798,944.8351,256.0549,96.8331,15.3825,305.2794,52.3960
2036-07-03,39.4230,0.0000,26.3987,6.1775,955.6353,263.0596,96.7000,14.8822,311.6488,51.3442
2036-07-04,41.2653,0.0000,25.0905,6.1673,966.7670,270.5129,96.7516,14.9778,318.3386,51.5649
2036-07-05,40.7442,0.0000,26.2055,10.6257,977.8050,277.7650,96.8032,18.8808,324.8381,59.5083
2036-07-06,36.7620,0.0000,31.6043,6.2933,988.1262,283.8468,95.4327,12.6118,330.4109,46.3040
2036-07-07,37.4134,0.0000,29.5971,6.4359,998.5646,290.2148,95.4839,12.7916,336.1730,46.7286
2036-07-08,40.2518,0.0000,27.1000,9.5479,1009.5139,297.2947,95.5351,15.0679,342.4596,51.7975
2036-07-09,39.8675,0.0000,30.9499,11.0755,1020.3941,303.9383,95.5862,16.3873,348.4214,54.5767
2036-07-10,37.0884,0.0000,32.2840,7.6474,1030.7740,310.0116,95.1772,13.0395,353.9167,47.3179
2036-07-11,34.5702,0.0000,34.6289,7.8173,1040.7006,315.4880,94.3604,11.7560,358.9426,44.3121
2036-07-12,32.9478,0.0207,32.0820,6.3899,1050.3352,320.9189,94.4112,11.0170,363.8848,42.5145
2036-07-13,33.9049,0.0027,26.3803,5.2995,1060.1421,326.9713,94.4620,10.5013,369.2389,41.2280
2036-07-14,35.8413,0.0000,25.6425,5.1559,1070.2975,333.4224,94.7308,10.8185,374.8830,42.0274
2036-07-15,36.8697,0.0000,26.6632,5.8462,1080.6381,339.9622,94.7817,11.2801,380.5934,43.1706
2036-07-16,41.2553,0.0015,25.3989,7.6327,1091.7680,347.3831,95.7048,14.0011,386.9572,49.5057
2036-07-17,35.4520,0.0000,34.8779,9.8793,1101.8534,352.9734,94.4946,13.2868,392.0048,47.9042
2036-07-18,34.3409,0.1523,32.7528,6.8132,1111.7387,358.5708,94.5325,11.4442,397.0161,43.5771
2036-07-19,32.8436,0.1428,31.0308,5.6338,1121.3546,364.0689,94.5833,10.8597,401.9148,42.1399
2036-07-20,33.2474,0.0001,28.6539,7.2210,1131.0431,369.8242,94.6342,11.8466,406.9725,44.5508
2036-07-21,32.2082,0.0661,31.5575,6.6963,1140.5446,375.1782,94.4447,11.2401,411.7484,43.0824
2036-07-22,30.2147,0.2943,42.8848,7.8563,1149.6873,379.3787,92.3297,8.8724,415.7664,36.9692
2036-07-23,30.8890,0.1268,42.2648,5.3662,1158.9513,383.7162,92.1906,7.6740,419.8844,33.5972
2036-07-24,29.9268,6.5073,49.1180,3.6110,1042.5530,96.1260,72.3216,0.8129,156.2381,5.2181
2036-07-25,33.1130,0.0030,34.2360,4.8138,1052.2174,101.4102,90.1612,5.5918,163.4404,25.3853
2036-07-26,35.2482,0.0000,29.5651,5.0306,1062.2660,107.4230,93.5365,9.1129,171.4905,35.6880
2036-07-27,37.2640,0.0000,27.7165,3.2277,1072.6776,113.9357,94.4854,9.4909,180.0586,36.9903
2036-07-28,37.0324,0.2897,29.7839,4.4936,1083.0474,120.2240,94.5363,10.1872,188.2157,39.0188
2036-07-29,36.2853,0.0821,31.1518,5.0750,1093.2827,126.2690,94.5871,10.5637,195.9576,40.1774
2036-07-30,37.5494,0.0000,29.0963,3.8154,1103.7456,132.7050,94.6380,9.9837,204.0706,38.9308
2036-07-31,36.8957,0.0864,30.5086,4.8446,1114.0909,138.9060,94.6889,10.5890,211.7950,40.6067
2036-08-01,34.9356,0.2408,39.5998,5.3819,1123.3833,143.3994,93.5465,9.2886,217.4162,37.3899
2036-08-02,35.2304,0.3633,35.1405,4.6317,1132.7287,148.2641,93.5970,9.0072,223.4192,36.7330
2036-08-03,36.1686,0.0225,33.8071,4.0353,1142.2431,153.3569,93.6476,8.8022,229.6366,36.2615
2036-08-04,37.2251,0.0000,28.8157,3.8718,1151.9476,158.9891,94.2784,9.5278,236.4072,38.2667
2036-08-05,37.7854,0.0000,29.0849,4.1084,1161.7530,164.6819,94.3621,9.7543,243.1838,38.9234
2036-08-06,38.4415,0.0265,29.4693,4.0394,1171.6765,170.4395,94.4129,9.7888,249.9725,39.0711
2036-08-07,37.8818,0.0013,30.8766,4.6427,1181.4992,176.0023,94.4638,10.1619,256.4859,40.0789
2036-08-08,36.7479,0.0215,32.7791,5.2194,1191.1178,181.2546,94.5146,10.5350,262.6061,41.0637
2036-08-09,35.2459,0.1876,36.6901,5.3342,1200.4661,186.0051,94.0379,9.9208,268.1425,39.5318
2036-08-10,35.2539,0.0423,35.3947,5.2635,1209.8158,190.8538,94.0886,9.9552,273.7460,39.6485
2036-08-11,35.0479,0.0000,32.9052,5.4453,1219.1284,195.8608,94.1393,10.1176,279.4735,40.0913
2036-08-12,36.2268,0.0083,29.3581,4.8096,1228.6532,201.3044,94.1900,9.8676,285.6184,39.4708
2036-08-13,35.7974,0.1513,34.2602,4.8591,1238.1008,206.3120,94.2407,9.9619,291.2799,39.7337
2036-08-14,34.6259,0.0000,29.7073,5.2129,1247.3374,211.4965,94.2915,10.2124,297.0673,40.3943
2036-08-15,32.9952,0.0000,33.9535,5.8784,1256.2806,216.1454,94.1147,10.3058,302.2738,40.6461
2036-08-16,32.4048,0.0000,33.5502,5.1311,1265.1174,220.7417,94.0624,9.8533,307.3951,39.4948
2036-08-17,32.8251,0.0000,34.2789,4.3003,1274.0299,225.3446,94.0003,9.3683,312.5036,38.2309
2036-08-18,32.9796,0.1469,41.0721,4.0546,1282.9703,229.4905,92.9621,8.0066,317.1541,34.4941
2036-08-19,30.6259,0.8466,48.8625,7.2729,1291.4869,232.8399,88.5922,5.0538,320.9989,25.2550
2036-08-20,29.9866,0.6264,47.6768,5.8623,1299.8885,236.1978,88.8330,4.8726,324.8345,24.6243
2036-08-21,31.0895,0.0000,36.2172,4.9714,1308.4887,240.4364,91.4136,6.7390,329.5053,30.7612
2036-08-22,32.2255,0.0000,27.9547,4.0979,1317.2932,245.3931,93.4038,8.5353,334.8443,36.0026
2036-08-23,34.3634,0.0000,31.3982,4.8706,1326.4827,250.4156,93.4543,8.9369,340.2492,37.1099
2036-08-24,32.9739,0.0544,40.3702,5.7865,1335.4220,254.6102,92.9610,8.7354,344.8490,36.5641
2036-08-25,31.5933,0.1537,53.3998,4.4766,1344.1128,257.7555,90.6901,5.9294,348.4558,28.2194
2036-08-26,33.2803,0.0000,38.4705,5.4557,1353.1072,262.1226,91.6162,7.1069,353.1942,31.8992
2036-08-27,31.7413,0.0000,33.8757,6.4267,1361.8247,266.6058,92.2773,8.1950,357.9977,35.0697
2036-08-28,31.5470,0.0056,34.5312,5.4228,1370.5071,271.0183,92.3274,7.8460,362.7177,34.0776
2036-08-29,31.2339,0.0742,39.6433,4.9116,1379.1332,275.0473,92.3775,7.7007,367.0754,33.6599
2036-08-30,30.2814,0.0859,47.6205,4.5445,1387.5879,278.4407,91.3220,6.5103,370.8431,30.0808
2036-08-31,29.7271,0.2660,50.2266,4.0567,1395.9427,281.6083,90.6852,5.8012,374.3961,27.8131
2036-09-01,32.4420,0.0502,38.0735,3.7537,1403.4863,285.3064,91.5355,6.4486,378.3377,29.8904
2036-09-02,32.0531,0.2163,38.4433,4.2744,1410.9599,288.9397,91.5854,6.6670,382.2066,30.5717
2036-09-03,32.0437,0.0346,33.3339,4.1551,1418.4317,292.8736,92.4062,7.4426,386.3277,32.9128
2036-09-04,33.9656,0.0000,25.8928,3.4401,1426.2495,297.5000,94.1889,9.2082,391.0685,37.8715
2036-09-05,33.9537,0.0000,29.3532,3.8201,1434.0652,301.9090,94.2396,9.4523,395.6046,38.5237
2036-09-06,32.7181,0.0000,35.5876,4.4442,1441.6585,305.7871,93.8204,9.2039,399.6513,37.8623
2036-09-07,32.6636,0.0146,36.0506,4.4428,1449.2419,309.6312,93.6590,8.9992,403.6581,37.3113
2036-09-08,31.4311,0.1713,42.0468,4.8942,1456.6035,312.9877,92.5370,7.8686,407.2212,34.1577
2036-09-09,30.5039,0.1200,47.0930,4.1539,1463.7982,315.9646,91.4637,6.5132,410.4419,30.1004
2036-09-10,29.8648,0.1141,47.4633,5.8458,1470.8779,318.8609,91.1224,6.7569,413.5795,30.8556
2036-09-11,31.5428,0.0640,49.7245,5.1169,1478.2596,321.7827,90.9703,6.3736,416.7652,29.6631
2036-09-12,32.4860,0.0419,42.1013,3.2040,1485.8111,325.2447,91.0200,5.8290,420.4162,27.9139
2036-09-13,33.9747,0.0541,38.0669,3.5684,1493.6305,329.1122,91.8199,6.6515,424.4256,30.5320
2036-09-14,32.4342,0.1258,47.0389,6.5856,1501.1727,332.2741,91.6037,7.5100,427.8141,33.1192
2036-09-15,30.1944,1.0573,52.5849,6.8933,1508.3117,334.9159,86.8557,3.8678,430.7275,20.9417
2036-09-16,27.6260,0.4479,47.7063,10.6885,1514.9884,337.5903,88.7458,6.1367,433.6186,28.9123
2036-09-17,23.2954,0.4896,52.9446,9.1468,1520.8855,339.6340,88.7947,5.7181,435.9079,27.5507
2036-09-18,22.1721,0.6759,45.2064,9.8113,1526.5805,341.9043,87.7245,5.0716,438.3617,25.3611
2036-09-19,22.0913,0.0003,35.8909,7.0287,1532.2609,344.5513,89.7910,5.9291,441.1212,28.2426
2036-09-20,24.7434,0.1823,42.3402,4.0909,1538.4187,347.2042,89.8403,5.1495,443.9320,25.6315
2036-09-21,24.3254,1.4650,52.7125,3.8521,1544.5013,349.3448,82.0410,1.7395,446.3143,11.3964
2036-09-22,24.2922,4.3359,54.3196,4.4131,1376.6556,103.5089,68.1115,0.7358,174.2616,4.8965
2036-09-23,22.2638,17.6107,61.9210,5.4129,936.0721,49.3045,50.0646,0.2172,87.1351,0.5480
2036-09-24,21.8925,22.3147,64.3957,4.9875,688.8894,21.3004,43.9209,0.0891,39.5440,0.1271
2036-09-25,21.9814,7.3996,63.8502,4.5352,644.1839,13.0730,48.4157,0.1686,24.8835,0.1759
2036-09-26,21.5080,5.4794,72.1453,6.8047,618.7013,8.6532,49.3161,0.2124,16.7218,0.1723
2036-09-27,24.7053,14.0798,80.5809,11.3189,538.5718,4.6346,43.2433,0.1097,9.0740,0.0628
2036-09-28,24.7514,0.0585,54.3117,5.7202,544.7310,6.7374,73.9522,0.9686,13.0706,0.6788
2036-09-29,24.0040,0.0563,50.2212,4.2174,550.7557,8.9622,84.2753,2.3615,17.2237,3.3907
2036-09-30,22.0028,2.8115,55.6957,4.4542,548.2090,8.0742,71.6783,0.8283,15.5749,0.6437
2036-10-01,19.1216,6.4585,65.3233,8.9216,521.8436,5.1355,55.8358,0.4711,10.0245,0.2846
2036-10-02,19.6368,0.1640,38.9819,6.3357,526.0822,7.0528,79.4373,1.4781,13.6481,1.2940
2036-10-03,15.7865,0.1395,41.9755,9.3658,529.6278,8.5374,85.6216,3.6818,16.4133,5.3057
2036-10-04,16.3748,0.0005,36.5909,7.1140,533.2792,10.2163,88.2306,4.7600,19.4988,7.4798
2036-10-05,17.5821,0.0372,39.3280,6.7092,537.1480,11.9338,88.7355,5.0144,22.6116,8.5133
2036-10-06,19.7192,0.0003,37.4597,4.7974,541.4015,13.9066,89.3993,5.0090,26.1350,9.2255
2036-10-07,21.1035,0.0062,41.3617,4.4741,545.9041,15.8794,89.4484,4.9630,29.6058,9.8191
2036-10-08,22.9686,0.0061,40.8661,4.5362,550.7425,18.0359,89.5122,5.0243,33.3421,10.6062
2036-10-09,23.2413,0.0064,41.2175,4.8093,555.6299,20.2039,89.5614,5.1300,37.0407,11.4442
2036-10-10,21.6106,0.0584,48.0659,3.9900,560.2238,21.9910,89.5560,4.9187,40.0516,11.5573
2036-10-11,23.9627,0.0025,50.6153,4.8636,565.2411,23.8664,89.5173,5.1116,43.1753,12.4329
2036-10-12,22.4725,0.9981,81.0953,5.7782,569.9901,24.5416,79.8424,1.4970,44.3134,4.1124
2036-10-13,24.9127,11.6434,80.7667,6.7171,511.7782,12.2017,45.8235,0.1308,23.0306,0.1297
2036-10-14,24.3085,5.4263,62.3132,6.9056,494.6055,8.4346,57.5315,0.4884,16.1794,0.3883
2036-10-15,22.5565,0.0963,45.4794,5.1699,499.3696,10.3889,79.8029,1.4459,19.7505,1.9491
2036-10-16,21.2866,0.1136,47.3373,3.8840,503.9052,12.1752,85.6990,2.8235,22.9633,5.0205
2036-10-17,21.9886,0.0014,47.0416,3.7927,508.5672,14.0279,87.5620,3.6588,26.2459,7.0076
2036-10-18,22.7280,0.0002,40.7951,4.5202,513.3622,16.1654,89.0528,4.6999,29.9714,9.4433
2036-10-19,22.7899,0.0000,40.7522,4.7894,518.1684,18.3101,89.4156,5.0188,33.6477,10.6512
2036-10-20,23.0037,0.0016,42.9050,6.2295,523.0130,20.3953,89.4648,5.4347,37.1672,12.0122
2036-10-21,20.4569,0.0040,46.4679,5.3452,527.3993,22.1438,89.5139,5.2347,40.0805,12.1558
2036-10-22,19.7789,0.0598,51.3575,4.4210,531.6635,23.6827,88.9250,4.5915,42.6192,11.3216
2036-10-23,20.5600,0.2861,53.9667,4.1237,536.0683,25.1934,88.5211,4.2684,45.0892,11.0180
2036-10-24,20.4248,0.0575,65.1338,4.5441,540.4487,26.3306,86.9279,3.4715,46.9434,9.5000
2036-10-25,19.8384,0.9940,78.5644,4.0735,544.7237,27.0106,78.7821,1.2391,48.0631,3.5468
2036-10-26,19.0366,29.3538,94.2038,7.3351,401.9976,9.7892,20.1873,0.0002,18.4549,0.0002
2036-10-27,17.7136,11.7557,84.3908,6.1359,362.6695,4.8862,23.5606,0.0006,9.4539,0.0004
2036-10-28,19.7557,0.4028,62.1285,4.4073,366.9296,6.0829,55.1615,0.3536,11.6817,0.2324
2036-10-29,18.8241,0.0001,46.1547,5.1800,371.0219,7.7085,76.6891,1.1054,14.6557,0.8283
2036-10-30,18.7648,0.0004,44.2840,4.5278,375.1036,9.3855,84.6667,2.5293,17.6659,3.7379
2036-10-31,19.8026,0.0000,41.6149,4.0718,379.3720,11.2346,87.6893,3.7788,20.9204,6.2988
2036-11-01,23.9499,0.0088,50.1759,3.1965,383.3870,12.8893,87.9401,3.7479,23.7800,6.7510
2036-11-02,22.5296,0.0010,52.4485,3.7005,387.1463,14.3790,87.9887,3.8712,26.3147,7.3884
2036-11-03,25.5753,0.0000,45.5909,3.0087,391.4539,16.3033,88.8493,4.2299,29.5317,8.5535
2036-11-04,25.7720,0.0000,46.0007,2.1919,395.7969,18.2271,89.0149,4.1570,32.6906,8.9407
2036-11-05,24.6018,0.0008,57.3477,3.7190,399.9292,19.6805,88.5801,4.2178,35.0491,9.4276
2036-11-06,22.5571,0.0038,57.7078,4.1852,403.6935,21.0070,88.1823,4.0785,37.1775,9.4835
2036-11-07,22.4732,0.0010,56.5017,3.8678,407.4426,22.3665,88.2310,4.0420,39.3347,9.7275
2036-11-08,22.2245,0.0017,56.5366,2.9338,411.1471,23.7105,88.2110,3.8451,41.4457,9.6175
2036-11-09,22.3302,0.2925,65.7859,3.9206,414.8705,24.7733,86.9713,3.3849,43.1109,8.8322
2036-11-10,25.4246,0.0323,60.7289,4.6940,419.1509,26.1543,87.0197,3.5437,45.2499,9.4569
2036-11-11,25.2061,0.0007,64.3523,5.1755,423.3920,27.3976,87.0680,3.6559,47.1651,9.9511
2036-11-12,25.7290,0.0012,65.2914,4.3994,427.7272,28.6322,87.1164,3.5400,49.0550,9.9152
2036-11-13,26.2711,0.0050,58.7164,3.7640,432.1600,30.1303,87.1648,3.4521,51.3162,9.9736
2036-11-14,24.6377,0.0006,61.1249,3.1127,436.2988,31.4568,87.2133,3.3638,53.3055,9.9846
2036-11-15,22.3646,0.0062,68.8771,3.8267,440.0284,32.4251,86.3078,3.0666,54.7618,9.3875
2036-11-16,24.4832,0.0173,62.0371,3.6077,444.1394,33.7127,86.3559,3.0536,56.6712,9.5515
2036-11-17,20.3801,0.0009,49.4584,3.3487,447.5118,35.1520,87.1988,3.3970,58.7642,10.6707
2036-11-18,20.2419,0.0000,43.4377,2.3716,450.8594,36.7525,88.1836,3.7230,61.0612,11.7611
2036-11-19,21.2736,0.0898,54.4253,3.1311,454.3926,38.1043,88.2323,3.8954,63.0009,12.4195
2036-11-20,20.3508,1.3182,57.3030,4.7980,457.7598,39.3186,80.5866,1.5419,64.7362,5.6118
2036-11-21,15.5850,0.0000,33.4787,4.7424,460.2691,40.7901,86.8543,3.4699,66.7839,11.7121
2036-11-22,15.4363,0.0000,31.4631,3.4687,462.7516,42.2927,89.0688,4.4677,68.8535,14.5472
2036-11-23,16.4459,0.0034,48.7054,3.6625,465.4159,43.4860,88.7594,4.3155,70.5033,14.3544
2036-11-24,15.3851,0.0164,57.2462,4.3671,467.8892,44.4204,87.5575,3.7638,71.7996,13.0368
2036-11-25,16.1583,0.0283,51.2972,4.8070,470.5017,45.5348,87.6060,3.8750,73.3280,13.5015
2036-11-26,14.8481,0.0058,50.7287,5.0585,472.8784,46.5766,87.6546,3.9517,74.7474,13.8617
2036-11-27,17.6815,0.0000,48.0465,4.0724,475.7650,47.8702,87.7032,3.7864,76.4979,13.5871
2036-11-28,21.0792,0.0000,46.6371,3.2188,479.2633,49.4394,88.0418,3.8072,78.6067,13.8609
2036-11-29,19.8390,0.0000,58.1622,4.5965,482.5383,50.6008,87.6695,3.8691,80.1813,14.1875
2036-11-30,15.8949,0.0105,66.0607,4.0541,485.1034,51.3655,86.1802,3.0467,81.2287,11.8398
2036-12-01,19.4778,0.1848,67.6172,3.5478,488.3134,52.1228,85.9187,2.8628,82.2872,11.3472
2036-12-02,20.3917,0.0128,62.5846,2.6674,491.6879,53.0366,85.9667,2.7570,83.5442,11.1068
2036-12-03,16.9353,8.0171,76.1039,5.7546,459.7557,29.9433,46.1177,0.1301,51.5012,0.2236
2036-12-04,13.2055,0.5198,49.9000,9.2202,461.8367,30.7578,69.6956,0.9859,52.7353,2.9132
2036-12-05,11.2779,27.0063,76.5379,7.9396,349.4518,11.0033,31.4863,0.0077,20.4008,0.0070
2036-12-06,9.1731,1.0008,67.7190,11.2656,350.8069,11.3802,51.5285,0.3461,21.0530,0.3241
2036-12-07,7.3068,0.0005,70.5844,5.4823,351.8261,11.6612,63.4016,0.6490,21.5378,0.6166
2036-12-08,10.9656,0.0026,52.6863,3.6973,353.5039,12.3100,74.9316,0.9194,22.6482,0.9022
2036-12-09,11.9111,4.0201,85.1108,3.2756,345.6261,8.0668,43.6145,0.0778,15.2441,0.0597
2036-12-10,10.1120,0.9730,58.0480,5.6001,347.1503,8.6013,59.8192,0.5366,16.1992,0.4270
2036-12-11,6.6024,0.1380,49.0755,6.0884,348.0427,9.0470,72.6504,0.9328,16.9900,0.7641
2036-12-12,4.4649,0.2318,52.1120,5.6559,348.5504,9.3499,78.4355,1.3006,17.5245,1.3705
2036-12-13,12.0637,3.2425,72.6873,5.2554,343.7941,6.5913,56.1830,0.4034,12.5796,0.2765
2036-12-14,16.5705,1.9826,55.3009,7.2052,346.4808,6.0986,65.8745,0.7842,11.6831,0.5155
2036-12-15,13.7913,4.4933,76.5342,7.6328,337.3177,3.6104,47.8893,0.1837,7.0326,0.0925
2036-12-16,11.5257,3.1899,58.7915,7.7186,332.8431,2.4125,52.3635,0.3172,4.7392,0.1334
2036-12-17,7.6754,0.0037,39.0893,5.5819,333.9286,3.0200,70.6245,0.8457,5.9064,0.3919
2036-12-18,9.3832,0.0700,45.7250,3.0355,335.3216,3.6665,78.9961,1.1996,7.1380,0.6082
2036-12-19,10.9854,0.5664,51.0344,3.4176,337.0030,4.3390,82.0816,1.7102,8.4074,0.9414
2036-12-20,11.2910,1.8671,71.6056,2.9325,338.7394,3.7046,66.5555,0.6481,7.2119,0.3302
2036-12-21,12.8215,0.0028,58.1824,4.7929,340.7513,4.3661,76.5581,1.0741,8.4612,0.5932
2036-12-22,13.9301,0.0008,58.0675,4.4100,342.9627,5.0823,81.4484,1.6670,9.8016,0.9948
2036-12-23,16.0144,0.0000,57.2217,3.9168,345.5493,5.9143,83.9335,2.2220,11.3433,2.2744
2036-12-24,13.5009,0.0000,39.4615,3.6336,347.6834,6.9188,86.6640,3.1938,13.1818,3.9893
2036-12-25,13.0997,0.0000,43.4946,3.0134,349.7454,7.8306,87.1376,3.3111,14.8311,4.4698
2036-12-26,13.9159,0.0005,54.2094,2.6232,351.9542,8.6120,87.1860,3.2691,16.2311,4.6682
2036-12-27,13.2766,0.0090,66.6359,3.0953,354.0480,9.1571,85.7754,2.7426,17.2019,4.0178
2036-12-28,14.0163,0.0069,55.1677,3.3977,356.2749,9.9272,85.8234,2.8035,18.5614,4.3299
2036-12-29,14.5391,0.0032,59.7305,4.6304,358.5960,10.6429,85.8713,3.0033,19.8155,4.8577
2036-12-30,16.4781,0.0005,66.3551,3.8444,361.2660,11.3150,85.6640,2.8042,20.9867,4.6984
2036-12-31,16.2586,0.0000,63.6975,3.4596,363.8966,12.0311,85.7119,2.7688,22.2252,4.8163
2037-01-01,15.9108,0.0006,67.2540,2.6794,366.4645,12.7168,85.4502,2.5667,23.4034,4.6085
2037-01-02,11.9318,0.0010,75.1149,3.4400,368.3162,13.1161,83.9657,2.1785,24.0877,3.9412
2037-01-03,17.0929,0.6068,70.6632,5.3700,371.0969,13.7732,82.5277,1.9938,25.2074,3.6884
2037-01-04,15.1737,3.1356,59.4511,5.8780,366.9531,10.6428,64.6611,0.6995,19.8465,0.6310
2037-01-05,13.9270,0.0022,44.8639,4.8119,369.1640,11.6628,78.4257,1.2454,21.6181,1.6569
2037-01-06,19.4830,0.0160,62.7455,5.0037,372.3749,12.6068,82.7137,2.0036,23.2461,3.4903
2037-01-07,17.9095,0.0219,60.0878,4.3705,375.3026,13.5408,84.3745,2.4118,24.8410,4.4963
2037-01-08,20.2173,0.0737,58.7237,5.9373,378.6457,14.6241,85.4637,3.0303,26.6728,5.9302
2037-01-09,18.2549,0.9771,61.9066,8.5256,381.6356,15.5318,81.5263,2.0701,28.1948,4.1753
2037-01-10,17.6015,2.1513,49.4237,9.2308,384.5079,14.2344,75.3012,1.2405,26.0573,2.0304
2037-01-11,12.5748,0.4954,39.0143,6.2348,386.4754,15.2611,83.5426,2.3717,27.7799,4.7718
2037-01-12,14.0508,5.5437,68.0439,8.7403,371.8367,9.5275,54.0975,0.3984,17.9079,0.3370
2037-01-13,15.1760,15.3947,62.5639,12.0099,320.6436,4.8639,45.1881,0.1551,9.3725,0.0904
2037-01-14,8.7967,0.2373,40.8961,9.8327,321.9310,5.5841,68.5308,0.9799,10.7039,0.6135
2037-01-15,6.9584,0.0005,38.6886,4.6774,322.8875,6.1923,78.6098,1.2575,11.8180,0.8319
2037-01-16,7.8006,0.0064,44.1519,4.0593,323.9956,6.8043,82.8816,1.9515,12.9297,2.0916
2037-01-17,12.2749,8.6949,76.4939,10.1235,300.4243,3.4563,43.7188,0.1117,6.7194,0.0550
2037-01-18,12.8491,10.8383,67.5479,11.0210,271.4438,1.6966,39.4986,0.0549,3.3410,0.0201
2037-01-19,12.0381,0.0016,33.5274,6.0165,273.3147,2.7717,67.8086,0.7899,5.4064,0.3516
2037-01-20,16.7257,0.0433,59.3914,6.2465,276.0293,3.6629,78.5533,1.3540,7.0906,0.6842
2037-01-21,15.7056,1.3905,67.7923,5.2188,278.5603,4.3293,73.1652,0.9118,8.3347,0.4997
2037-01-22,8.6852,0.3562,43.1915,7.8253,279.8277,5.0136,81.1834,1.9203,9.5974,1.5108
2037-01-23,6.8101,0.0332,41.9941,7.3583,280.7575,5.5785,84.3618,2.7989,10.6290,2.9608
2037-01-24,6.1108,0.0006,39.0342,4.2719,281.5614,6.1197,85.8737,2.9505,11.6086,3.3533
2037-01-25,6.7218,0.0001,38.8043,2.9396,282.4753,6.7090,86.6242,3.0667,12.6659,3.7148
2037-01-26,7.7081,0.2300,61.3457,5.5439,283.5668,7.1281,85.6916,3.0667,13.4133,3.8562
2037-01-27,11.1437,12.5477,88.1093,5.5600,250.2788,3.2135,29.2235,0.0037,6.2271,0.0017
2037-01-28,11.5057,6.3080,89.1375,5.6180,237.7194,1.3164,20.6672,0.0002,2.5968,0.0001
2037-01-29,7.3085,0.3397,76.8766,7.4928,238.7389,1.5557,38.6409,0.0388,3.0616,0.0138
2037-01-30,7.9708,0.0042,55.2699,4.2780,239.8777,2.0552,58.2184,0.4502,4.0243,0.1770
2037-01-31,7.5890,15.0421,61.6680,4.2616,202.6293,0.7571,32.8277,0.0090,1.5002,0.0026
2037-02-01,9.7965,31.1790,80.3731,8.7063,130.8399,0.3038,21.5817,0.0004,0.6041,0.0001
2037-02-02,5.4611,0.8155,55.2070,9.7904,131.5269,0.7213,45.8368,0.1530,1.4230,0.0433
2037-02-03,11.3032,0.1343,50.5167,8.0562,133.2655,1.5931,67.8319,0.8760,3.0937,0.3119
2037-02-04,9.7065,0.1580,38.9760,9.7570,134.7167,2.5299,80.1425,1.8873,4.8328,0.8001
2037-02-05,5.4842,0.0016,34.9598,6.9850,135.4078,3.1382,84.5049,2.8004,5.9326,1.9489
2037-02-06,6.0068,3.6124,52.9909,4.3998,131.4485,1.8554,57.5170,0.4300,3.5843,0.1616
2037-02-07,5.4657,3.4168,76.4947,11.6713,127.8773,0.7519,45.8247,0.1679,1.4821,0.0480
2037-02-08,5.9368,0.0040,59.9333,10.1722,128.6500,1.1524,63.2107,0.8147,2.2544,0.2614
2037-02-09,8.5517,0.0003,49.2464,5.5823,129.8933,1.8483,75.0724,1.0189,3.5695,0.3823
2037-02-10,10.5472,0.0001,47.4830,4.1892,131.4958,2.7172,81.4255,1.6442,5.1674,0.7175
2037-02-11,11.3713,0.0017,50.5810,3.6535,133.2466,3.5926,83.9839,2.2074,6.7315,1.3764
2037-02-12,11.8535,0.0009,52.2772,2.6320,135.0842,4.4708,84.9478,2.3889,8.2582,1.9554
2037-02-13,15.1760,0.0005,49.3450,3.2796,137.5199,5.6419,86.0688,2.8845,10.2341,2.9961
2037-02-14,13.8955,0.0040,53.8017,3.5873,139.7251,6.6260,86.1168,2.9494,11.8474,3.3976
2037-02-15,16.5774,0.0000,45.4517,5.0439,142.4130,7.9957,87.1602,3.6797,14.0231,4.8208
2037-02-16,18.7943,0.0000,41.5146,4.1122,145.5000,9.6485,88.2692,4.1145,16.5529,5.9453
2037-02-17,20.0161,0.0000,37.4151,3.5672,148.8069,11.5258,89.3065,4.6457,19.3120,7.2776
2037-02-18,19.3802,0.0017,53.9414,4.1179,151.9993,12.8657,88.5064,4.2582,21.2374,7.1006
2037-02-19,13.5923,3.3171,72.6764,6.0062,149.9033,9.4635,59.9979,0.5540,16.3470,0.4432
2037-02-20,10.2768,0.0018,50.5034,4.5419,151.4571,10.2634,73.5530,0.8962,17.5531,0.7490
2037-02-21,9.5105,0.0048,47.1269,5.4367,152.8730,11.0603,80.7118,1.6144,18.7324,2.1996
2037-02-22,8.9525,0.0249,46.6068,4.3170,154.1885,11.8227,83.7889,2.2242,19.8419,3.5041
2037-02-23,9.3043,2.4261,67.5486,5.4598,155.5672,9.6706,63.6984,0.6571,16.7396,0.5334
2037-02-24,10.8336,0.2153,42.3911,7.2545,157.2213,10.6471,77.7735,1.3326,18.2111,1.5284
2037-02-25,10.4702,0.0002,36.7642,4.3936,158.8099,11.6864,84.0720,2.3185,19.7411,3.6626
2037-02-26,10.0053,0.0037,51.8089,3.4076,160.3149,12.4466,84.8562,2.4531,20.8470,4.0551
2037-02-27,13.7092,0.0004,49.2037,5.0411,162.4865,13.5152,85.9115,3.0834,22.3772,5.3934
2037-02-28,21.0045,0.0004,53.4619,5.0429,165.9713,14.9765,86.6716,3.4326,24.4397,6.3228
2037-03-01,21.0574,0.0002,56.0591,4.4359,169.4657,16.6361,86.7199,3.3521,26.7157,6.5324
2037-03-02,21.5987,0.0001,53.0536,3.9713,173.0574,18.4526,87.0226,3.4184,29.1379,7.0171
2037-03-03,21.6831,0.0008,51.8709,4.6791,176.6644,20.3217,87.2694,3.6693,31.5659,7.8526
2037-03-04,19.2462,0.0639,60.9832,6.3967,179.8327,21.6749,87.0321,3.8681,33.3122,8.4943
2037-03-05,20.3970,0.0338,50.8689,3.9782,183.2082,23.4753,87.2396,3.5270,35.5595,8.1473
2037-03-06,20.0927,0.0067,51.6860,4.3005,186.5288,25.2206,87.2881,3.6096,37.6982,8.6115
2037-03-07,20.6812,0.0002,45.2830,3.9187,189.9555,27.2521,88.0558,3.9518,40.1161,9.6551
2037-03-08,22.3288,0.0011,39.9002,4.1286,193.6787,29.6523,89.2339,4.7294,42.8889,11.6381
2037-03-09,24.7876,0.0036,35.8446,5.3304,197.8444,32.4834,90.4962,6.0210,46.0605,14.6455
2037-03-10,14.6648,0.0022,54.3736,10.7321,200.1881,33.7095,88.2362,5.7166,47.4457,14.3007
2037-03-11,8.9249,0.0004,51.9535,11.1216,201.4986,34.5305,87.3332,5.1231,48.3478,13.2676
2037-03-12,8.7575,0.0004,51.1613,8.4691,202.7789,35.3512,87.0787,4.3224,49.2413,11.7101
2037-03-13,12.8930,0.0000,34.1977,4.4217,204.8037,36.9207,88.4263,4.2745,50.9011,11.8284
2037-03-14,18.3471,0.0000,33.8166,4.9304,207.8101,39.1147,89.6616,5.2362,53.1970,14.2324
2037-03-15,20.1475,0.0005,38.7277,4.3923,211.1407,41.3339,89.7109,5.1322,55.5036,14.3478
2037-03-16,18.4502,0.3595,52.0627,5.9024,214.1657,42.9314,88.7362,4.8151,57.1981,13.8870
2037-03-17,20.3904,0.0973,52.6225,6.4822,217.5400,44.6669,88.6088,4.8679,59.0318,14.2550
2037-03-18,18.0728,0.0230,62.8282,5.2100,220.4971,45.8818,87.0281,3.6415,60.3625,11.4748
2037-03-19,21.2858,0.4631,42.4254,7.6984,224.0325,48.0788,88.5295,5.1170,62.5816,15.3018
2037-03-20,18.3272,4.3638,44.6194,6.8573,219.0106,35.1333,68.5721,0.8446,50.1529,2.2457
2037-03-21,21.8201,1.8601,45.8054,6.7998,222.6422,34.4022,76.4378,1.1787,49.6318,3.4362
2037-03-22,19.6267,1.0282,51.1130,4.5191,225.8790,36.1294,80.0419,1.4342,51.6180,4.4129
2037-03-23,22.6381,0.0098,42.5087,4.1451,229.6579,38.4557,86.8709,3.3749,54.2157,10.1142
2037-03-24,23.8290,0.0634,50.8833,4.7810,233.6511,40.5429,87.6355,3.8862,56.5532,11.6423
2037-03-25,24.1838,0.8423,42.8858,9.7577,237.7082,43.0044,87.5167,4.9098,59.2233,14.3757
2037-03-26,19.2392,4.1293,43.3271,12.0141,233.2546,32.2701,72.6286,1.2563,47.9543,3.5972
2037-03-27,20.0751,2.2072,39.4700,9.2030,236.5721,30.2225,77.0720,1.3919,45.8132,3.8947
2037-03-28,19.6693,0.7158,41.2451,5.6541,239.8166,32.3026,84.3364,2.5598,48.3304,7.4128
2037-03-29,20.5214,0.1303,41.7453,4.9607,243.2144,34.4497,87.7534,3.9883,50.8817,11.1804
2037-03-30,27.0319,0.2076,38.2652,6.7260,247.7842,37.4101,90.2373,6.2248,54.3180,16.4258
2037-03-31,28.0748,0.0365,45.1587,4.5364,252.5416,40.1374,90.2868,5.6141,57.4485,15.6634
2037-04-01,22.2882,0.1547,56.3318,5.8206,257.5075,42.6134,88.7096,4.7770,60.2859,14.2150
2037-04-02,23.5876,0.1326,42.6963,12.3446,262.7073,46.0431,89.1964,7.1166,64.0306,19.7997
2037-04-03,20.4478,0.0210,37.9207,16.3055,267.3419,49.2860,89.5767,9.1761,67.4740,24.3859
2037-04-04,21.4031,0.0281,34.1451,9.1251,272.1484,52.8787,90.3613,7.1504,71.1811,21.0101
2037-04-05,23.8285,0.0068,27.2193,7.6187,277.3916,57.2772,92.0479,8.4249,75.5530,24.3462
2037-04-06,24.4310,0.0000,29.8241,8.8191,282.7431,61.6208,92.0979,9.0137,79.7758,26.2407
2037-04-07,23.4971,0.0000,28.2253,7.2392,287.9266,65.9008,92.1479,8.3830,83.8325,25.5907
2037-04-08,26.1691,0.0173,25.7314,4.9243,293.5911,70.8106,92.9463,8.3468,88.3493,26.2119
2037-04-09,17.3118,0.8021,43.1646,10.2094,297.6612,73.3475,87.3555,4.9085,90.7748,18.2053
2037-04-10,13.8069,0.9268,40.2190,10.2066,301.1004,75.5079,84.7762,3.4179,92.8224,14.0174
2037-04-11,13.8739,0.0101,29.1055,7.8999,304.5517,78.0815,88.7100,5.3049,95.1660,19.7581
2037-04-12,15.2036,0.0015,25.5107,5.4279,308.2424,81.0257,90.5849,6.1278,97.7887,22.2220
2037-04-13,18.5552,0.1199,29.4324,4.5924,312.5363,84.3883,90.9198,6.1628,100.7605,22.6468
2037-04-14,17.4791,2.9502,57.7288,3.9566,311.6000,66.7619,68.5469,0.7292,86.9500,3.1534
2037-04-15,18.1681,0.4076,47.6364,5.6840,315.8243,69.2079,81.3472,1.7567,89.4254,7.9042
2037-04-16,19.2731,0.1592,39.1172,4.6059,320.2474,72.2150,87.0405,3.5385,92.3616,14.3588
2037-04-17,17.1737,1.3522,53.9756,4.9943,324.2927,74.2539,79.5735,1.4003,94.4448,6.6702
2037-04-18,14.2252,4.7235,72.6427,6.7414,316.2390,50.2228,52.4429,0.3045,71.8992,0.6667
2037-04-19,15.5332,0.9026,48.2561,5.8729,319.9889,52.3093,70.9820,0.8685,74.2671,3.3835
2037-04-20,16.3789,2.4869,56.2619,6.1142,323.8911,45.8428,66.8447,0.7685,67.7224,2.6668
2037-04-21,17.0355,6.7152,67.8563,6.3172,309.3124,28.4382,49.1613,0.2032,46.2467,0.3235
2037-04-22,20.6855,5.4164,41.8214,5.0997,300.4623,20.6310,60.6183,0.5497,35.2167,0.7237
2037-04-23,19.3047,1.2281,47.9000,5.2294,304.8912,23.2083,74.4882,0.9702,38.9957,2.1189
2037-04-24,18.0658,0.9347,38.8151,8.4940,309.0970,26.0512,82.6813,2.3791,43.0347,6.4261
2037-04-25,21.1818,0.0000,28.6544,4.6803,313.8637,29.9051,89.5762,5.1076,48.3041,13.2294
2037-04-26,22.1126,0.0014,32.3712,5.1662,318.7980,33.7109,90.7161,6.1619,53.3249,16.1387
2037-04-27,21.4973,0.0028,35.2502,4.9797,323.6215,37.2581,90.7657,6.1477,57.8622,16.8382
2037-04-28,23.7228,0.3269,39.4504,5.0027,328.8456,40.9019,90.8153,6.1985,62.4003,17.6468
2037-04-29,24.0347,0.0071,37.8870,4.9047,334.1259,44.6867,90.8650,6.2118,66.9787,18.3619
2037-04-30,22.0909,0.2669,36.2312,6.4071,339.0562,48.2719,90.9146,6.7479,71.2013,20.1537
2037-05-01,18.5432,1.2098,50.3694,9.4698,344.7980,50.8385,83.3862,2.7351,74.2921,10.2765
2037-05-02,22.8338,0.1556,39.9475,8.0224,351.3121,54.6224,88.4084,5.1117,78.6668,17.3499
2037-05-03,25.9696,0.0141,33.9373,4.5795,358.3906,59.3303,90.8351,6.0848,83.9264,20.4117
2037-05-04,26.2924,0.0055,37.7651,4.5579,365.5272,63.8184,90.8847,6.1214,88.8538,21.1337
2037-05-05,26.6558,0.0502,34.2455,6.3132,372.7293,68.6232,91.3326,7.1278,93.9867,24.2345
2037-05-06,23.5381,0.2736,51.2116,10.2809,379.3702,71.7878,89.7104,6.9047,97.4668,24.1358
2037-05-07,24.4105,0.0034,35.8883,4.6182,386.1680,76.0936,90.5162,5.8253,101.9598,21.8852
2037-05-08,23.9181,0.1563,35.1804,6.3876,392.8773,80.3628,90.7218,6.5584,106.3441,24.2827
2037-05-09,22.2398,2.7473,43.8885,6.9692,399.2845,67.1420,77.8127,1.3178,94.5402,6.3053
2037-05-10,21.5809,3.5122,50.5970,6.8530,396.8809,52.5323,70.3279,0.8930,78.9421,3.6824
2037-05-11,21.4955,5.0490,58.9590,6.9870,387.9401,36.9283,61.8956,0.6496,59.6591,1.8003
2037-05-12,22.8611,5.4705,58.8703,5.6078,377.8292,25.6526,59.6699,0.5317,43.8605,0.8154
2037-05-13,25.6736,0.6739,44.8339,4.4318,384.8544,29.5410,81.2126,1.6239,49.5697,4.8744
2037-05-14,24.7663,5.5642,53.5977,3.9014,374.8273,21.2167,65.4895,0.6544,37.1731,0.8942
2037-05-15,25.7395,1.2286,51.0954,3.9139,381.8644,24.6723,78.4674,1.1947,42.4826,3.0587
2037-05-16,26.3948,0.3281,46.9993,4.5123,389.0194,28.5087,86.7178,3.3640,48.1888,9.3969
2037-05-17,28.6211,0.0091,31.5780,4.5254,396.5752,33.8624,91.4625,6.6351,55.8110,17.4814
2037-05-18,29.6476,0.2103,27.1056,4.4378,404.3158,39.7631,93.1396,8.3681,63.8320,22.2072
2037-05-19,28.6241,2.4820,45.0097,5.0729,411.8721,37.7472,82.1669,1.8785,61.4215,6.5350
2037-05-20,29.4201,0.9250,41.5290,4.8343,419.5718,42.4453,87.5165,3.8310,67.7548,12.7836
2037-05-21,29.6753,2.5229,41.6021,5.0436,427.3173,40.2843,82.8150,2.0335,65.2017,7.3165
2037-05-22,28.0184,1.5219,40.5335,5.0069,434.7646,43.7900,84.9688,2.7004,69.9631,9.7991
2037-05-23,24.1866,15.3142,58.7292,7.0166,379.7667,21.9748,58.6685,0.5337,38.3953,0.7458
2037-05-24,20.5707,4.5108,48.0932,10.7760,373.4821,17.3293,66.1152,0.9472,31.0562,1.5438
2037-05-25,18.9555,13.7828,59.5184,5.9903,331.3617,9.9725,48.8459,0.1920,18.5493,0.1660
2037-05-26,23.7110,1.6069,45.2825,5.6019,338.0337,12.7996,73.2036,0.9311,23.3856,0.9328
2037-05-27,26.0476,0.0099,38.7502,4.8814,345.1263,17.1772,86.9856,3.5600,30.5528,7.4941
2037-05-28,28.8855,0.0016,33.6561,5.3416,352.7297,22.4145,91.2162,6.6758,38.6835,14.4323
2037-05-29,29.0341,4.4167,40.2041,6.9050,349.1279,19.5403,79.7321,1.5667,34.2836,3.5427
2037-05-30,27.5248,0.3773,42.3391,5.5352,356.4863,23.8856,88.1916,4.3715,40.9173,10.6244
2037-05-31,27.2751,6.3863,51.1380,5.9483,344.9083,17.4124,70.6480,0.8622,30.9221,1.2115
2037-06-01,28.3113,0.0013,35.3336,4.3046,353.4084,22.4195,87.8249,3.8983,38.7012,9.3447
2037-06-02,30.0322,0.0052,32.7851,4.5566,362.2182,27.9285,91.6828,6.8566,46.8300,16.3130
2037-06-03,24.3407,0.8319,51.8188,6.9773,370.0035,31.1555,86.7662,3.8351,51.4750,10.9017
2037-06-04,25.0779,0.2414,45.3613,5.2957,377.9215,34.9210,88.5845,4.5695,56.7357,13.2696
2037-06-05,27.0266,0.1038,39.6407,4.2810,386.1903,39.3905,90.1043,5.3995,62.7740,15.9661
2037-06-06,29.2747,0.0143,37.5595,4.1958,394.8638,44.3837,91.0467,6.1511,69.2950,18.5666
2037-06-07,31.6709,0.0002,33.6335,3.4891,403.9685,50.1094,92.2204,7.0110,76.4967,21.5182
2037-06-08,32.5672,0.0000,31.9060,4.8069,413.2346,56.1449,92.8207,8.1527,83.8191,25.0978
2037-06-09,31.7808,0.0131,33.5951,3.8248,422.3592,61.8932,92.8709,7.8139,90.5961,25.3626
2037-06-10,32.0695,0.1363,34.8037,4.1877,431.5357,67.5864,92.9212,8.0145,97.1385,26.7252
2037-06-11,28.8797,0.5568,46.4361,7.3249,440.1381,71.8140,91.1160,7.2730,102.0153,25.5895
2037-06-12,27.7821,1.1664,49.0300,6.9260,448.5428,75.6896,86.3130,3.5876,106.4653,15.6596
2037-06-13,27.5475,3.3081,49.7650,5.0796,448.0880,60.4019,76.5126,1.0863,90.3545,5.0554
2037-06-14,27.5502,5.9076,49.6348,4.5701,435.1055,41.0098,69.4093,0.7729,66.3787,2.6351
2037-06-15,27.1016,10.1704,53.4725,5.6012,403.5457,23.9167,63.5826,0.6583,41.6607,0.9738
2037-06-16,27.5625,0.2684,41.8981,7.9094,411.9110,28.3010,85.4872,3.3579,48.3048,9.3961
2037-06-17,28.4971,0.0244,35.8409,6.7986,420.4444,33.3002,90.5912,6.5719,55.5927,17.3211
2037-06-18,29.8980,0.0029,35.9124,7.3353,429.2301,38.5302,91.5142,7.7007,62.9365,20.7720
2037-06-19,30.8886,0.0000,35.0141,4.3871,438.1940,44.0030,91.9239,7.0344,70.3459,20.6354
2037-06-20,30.9902,0.1415,37.2609,4.5172,447.1763,49.3034,91.9739,7.1309,77.3000,21.9008
2037-06-21,30.8173,0.0543,36.6785,5.6180,456.1274,54.6241,92.0239,7.5912,84.0765,23.9147
2037-06-22,30.9053,0.0606,34.0163,6.0773,465.0944,60.1838,92.1649,7.9252,90.9462,25.6630
2037-06-23,32.8964,0.0000,29.9830,5.3568,474.4197,66.4504,93.2266,8.8720,98.4329,28.8355
2037-06-24,35.7183,0.0000,26.9086,4.1029,484.2530,73.5352,94.3666,9.7576,106.6011,31.9056
2037-06-25,36.5765,0.0049,24.8847,3.5246,494.2408,80.9858,94.9887,10.3237,114.9022,34.2137
2037-06-26,35.6991,0.0367,28.7313,3.9905,504.0706,87.8903,95.0397,10.6430,122.4182,35.8002
2037-06-27,34.6836,0.0663,29.3929,5.2266,513.7177,94.5419,95.0907,11.4064,129.5018,38.2413
2037-06-28,35.3397,0.0313,26.4684,5.3251,523.4828,101.5961,95.1417,11.5435,136.8119,39.2576
2037-06-29,36.1742,0.0036,20.9945,4.4544,533.3982,109.3489,95.7617,12.0217,144.5925,40.9881
2037-06-30,36.0965,0.0020,22.0393,5.3575,543.2995,116.9832,95.8130,12.6692,152.0942,42.9862
2037-07-01,31.7008,0.0004,31.1374,8.1932,552.7097,122.2881,94.6609,12.4871,157.4731,42.9623
2037-07-02,27.3260,0.0118,39.0869,12.0370,561.3324,126.3546,92.5643,11.3210,161.7086,40.5912
2037-07-03,27.1630,0.0704,42.2125,11.2156,569.9257,130.1904,91.7031,9.6180,165.7331,36.7103
2037-07-04,26.8928,0.1296,43.2566,10.7247,578.4704,133.9209,91.3628,8.9405,169.6520,35.1642
2037-07-05,28.6770,0.4102,42.9174,8.7115,587.3363,137.9128,91.4126,8.1354,173.8003,33.1950
2037-07-06,29.1550,0.0317,43.2810,5.7086,596.2882,141.9430,91.4624,7.0427,177.9726,30.2738
2037-07-07,31.7437,0.0000,36.8779,3.4371,605.7060,146.8120,91.7275,6.5217,182.8346,28.8776
2037-07-08,33.9165,0.0000,33.7037,6.6989,615.5150,152.2641,92.6746,8.7861,188.1613,35.4191
2037-07-09,32.6106,0.0000,32.2962,9.7433,625.0889,157.6243,92.8066,10.4345,193.3557,39.7863
2037-07-10,30.4374,0.0000,31.5244,9.9757,634.2716,162.6961,92.8569,10.6322,198.2562,40.4070
2037-07-11,30.8553,0.0000,34.8647,6.8835,643.5296,167.5844,92.9072,9.1625,203.0052,36.7886
2037-07-12,31.7212,0.0000,32.2324,4.6190,652.9434,172.8081,92.9575,8.2323,207.9958,34.3814
2037-07-13,34.5945,0.0000,27.1273,3.8700,662.8744,178.9171,94.1122,9.3106,213.6607,37.3851
2037-07-14,36.8010,0.0000,26.1485,3.4651,673.2026,185.4908,94.7580,9.9722,219.6669,39.1956
2037-07-15,39.4718,0.0000,26.2916,3.6017,684.0115,192.5142,95.2133,10.6874,226.0058,41.0881
2037-07-16,40.8675,0.0000,26.3396,4.0086,695.0717,199.7744,95.4603,11.2826,232.4933,42.6331
2037-07-17,40.5131,0.0000,28.5985,4.3356,706.0680,206.7525,95.5114,11.5502,238.7365,43.3529
2037-07-18,39.1384,0.0000,26.8484,6.3378,716.8169,213.6655,95.5626,12.8657,244.8624,46.4997
2037-07-19,35.8912,0.0000,31.2073,6.1675,726.9814,219.6419,95.1864,12.1178,250.2583,44.8169
2037-07-20,35.2041,0.1004,32.3777,5.6250,737.0221,225.4076,94.8377,11.2411,255.4788,42.7609
2037-07-21,36.2256,0.0000,28.0888,6.6356,747.2467,231.7114,94.8886,11.9113,261.0513,44.4135
2037-07-22,35.0290,0.0000,27.4177,7.7611,757.2559,237.8701,94.9396,12.6948,266.4759,46.2838
2037-07-23,33.8833,0.0029,30.9095,7.1202,767.0589,243.5466,94.8385,12.1221,271.5475,44.9772
2037-07-24,34.3246,0.0000,28.4484,5.8638,776.9413,249.4994,94.8894,11.4582,276.7871,43.4173
2037-07-25,34.5555,0.0000,25.5914,5.3541,786.8653,255.7304,94.9404,11.2460,282.1857,42.9251
2037-07-26,33.0440,0.0019,35.9646,4.6201,796.5172,260.8653,93.9371,9.4375,286.8593,38.3489
2037-07-27,34.0687,0.0075,31.9379,4.6876,806.3536,266.4870,93.9878,9.5364,291.8470,38.6258
2037-07-28,34.0731,0.0021,29.8709,4.4259,816.1908,272.2800,94.0384,9.4778,296.9254,38.4858
2037-07-29,36.4200,0.0079,28.2434,3.3959,826.4504,278.6031,94.2847,9.3102,302.3742,38.0550
2037-07-30,38.4790,0.0001,24.6768,5.4360,837.0806,285.6047,95.3500,11.9431,308.2655,44.6893
2037-07-31,38.3746,0.0000,22.2000,7.2937,847.6920,292.8174,95.8911,14.1164,314.2538,49.6812
2037-08-01,36.2183,0.0000,28.6228,5.1970,857.2153,298.3164,95.7161,12.4030,319.0523,45.7981
2037-08-02,35.8584,0.0000,27.2523,5.2617,866.6738,303.8670,95.7673,12.5304,323.8602,46.1043
2037-08-03,35.9936,0.0000,25.7214,4.4622,876.1567,309.5552,95.8186,12.1196,328.7412,45.1471
2037-08-04,36.1515,0.0200,30.3019,4.1742,885.6679,314.9152,95.4292,11.3290,333.4341,43.2531
2037-08-05,35.0313,0.0000,39.0940,4.9370,894.9776,319.4583,93.7585,9.3546,337.6288,38.2304
2037-08-06,34.1917,0.0000,41.7019,4.7330,904.1361,323.7058,92.9769,8.3022,341.6295,35.3593
2037-08-07,31.8170,0.0000,39.0806,10.0944,912.8671,327.8456,92.9123,10.7794,345.4924,41.9094
2037-08-08,30.1039,0.1562,38.7459,10.4036,921.2898,331.7916,92.7046,10.6341,349.1908,41.5487
2037-08-09,28.1795,0.0095,39.4986,8.3347,929.3662,335.4487,92.2928,9.0417,352.6660,37.4045
2037-08-10,28.0216,0.0000,31.6028,5.4430,937.4140,339.5607,92.3429,7.8712,356.3860,34.1464
2037-08-11,29.6258,0.0000,32.6602,3.6879,945.7507,343.8322,92.3930,7.2560,360.2437,32.3492
2037-08-12,31.8051,0.0000,32.1824,3.2228,954.4796,348.4392,92.6659,7.3654,364.3538,32.6760
2037-08-13,33.0989,0.0000,31.2394,4.6750,963.4414,353.2938,93.0721,8.3891,368.6385,35.6208
2037-08-14,33.4580,0.0000,28.9010,5.6523,972.4678,358.3663,93.6070,9.4957,373.0494,38.6303
2037-08-15,34.1246,0.0000,28.2379,5.5743,981.6143,363.5848,93.8857,9.8321,377.5569,39.5151
2037-08-16,35.1042,0.0000,28.5490,5.0336,990.9370,368.9252,94.0047,9.7268,382.1577,39.2423
2037-08-17,35.7337,0.0000,28.6600,3.9035,1000.3731,374.3500,94.0929,9.3015,386.8199,38.1197
2037-08-18,37.0594,0.0000,27.8313,3.9924,1010.0478,380.0354,94.4730,9.8469,391.6604,39.5589
2037-08-19,37.9705,0.0000,28.0245,3.0615,1019.8865,385.8409,94.6093,9.5737,396.5897,38.8447
2037-08-20,37.7196,0.0000,26.8438,3.6753,1029.6800,391.7037,94.8076,10.1473,401.5348,40.3382
2037-08-21,38.9581,0.0000,25.7264,2.3132,1039.6965,397.8461,95.2391,10.0508,406.6625,40.0912
2037-08-22,36.6731,0.0000,28.2065,5.6405,1049.3016,403.4446,95.2901,11.9686,411.4217,44.8434
2037-08-23,36.0534,0.0000,27.3148,4.5613,1058.7953,409.0197,95.3412,11.4145,416.1426,43.5094
2037-08-24,37.5035,0.0000,25.2971,3.9810,1068.5499,414.9732,95.3924,11.1631,421.1046,42.8951
2037-08-25,35.6922,0.0000,30.7466,8.6275,1077.9785,420.2334,95.1983,13.7394,425.6419,48.9334
2037-08-26,31.3551,0.0000,43.6775,8.2149,1086.6264,424.0071,92.4384,9.1736,429.2629,37.7865
2037-08-27,32.0666,0.0000,41.0756,5.0669,1095.4024,428.0417,92.4886,7.8835,433.0422,34.2042
2037-08-28,32.9734,0.0000,37.1638,4.2768,1104.3416,432.4618,92.5387,7.6295,437.0500,33.4695
2037-08-29,34.1104,0.0000,34.1317,4.3757,1113.4855,437.2498,92.6945,7.8374,441.2844,34.0725
2037-08-30,34.3676,0.0000,30.9138,6.2994,1122.6757,442.3084,93.3450,9.4587,445.6637,38.5490
2037-08-31,33.3841,0.0000,29.4949,5.9827,1131.6888,447.3277,93.5073,9.5220,449.9857,38.7168
2037-09-01,34.7196,0.0000,23.9431,4.2070,1139.6423,452.1780,94.8071,10.4220,454.0100,41.0474
2037-09-02,32.9840,0.0000,34.9099,6.4569,1147.2834,456.1278,94.0497,10.5155,457.5163,41.2845
2037-09-03,31.6975,0.6362,34.2080,7.7109,1154.6930,459.9695,92.0863,8.5102,460.9214,35.9769
2037-09-04,32.1797,0.0003,35.4302,4.3139,1162.1894,463.7952,92.1363,7.2222,464.3349,32.2698
2037-09-05,34.0106,0.0000,33.1112,3.6513,1170.0153,467.9764,92.8191,7.6898,467.9913,33.6473
2037-09-06,32.9634,0.0000,35.3824,3.3021,1177.6527,471.8952,92.8694,7.6092,471.8789,33.4126
2037-09-07,34.5828,0.0054,31.6100,3.2509,1185.5816,476.2399,93.2558,8.0114,476.2005,34.5733
2037-09-08,34.7815,0.0009,27.0010,4.0609,1193.5463,480.9032,94.1951,9.5090,480.8342,38.6843
2037-09-09,34.6335,0.0000,30.5042,4.6565,1201.4843,485.3244,94.2459,9.8677,485.2302,39.6251
2037-09-10,31.1313,0.0000,34.3464,6.4453,1208.7919,489.0918,93.7871,10.1334,488.9801,40.3123
2037-09-11,30.0349,0.0000,30.2248,7.0841,1215.9022,492.9596,93.8377,10.5387,492.8266,41.3449
2037-09-12,30.4305,0.0000,31.3569,5.1145,1223.0837,496.8129,93.8883,9.6103,496.6593,38.9520
2037-09-13,31.0447,0.0000,32.3939,4.2690,1230.3757,500.6819,93.9389,9.2744,500.5080,38.0610
2037-09-14,30.6281,0.0000,30.9008,6.1179,1237.5928,504.5852,93.9896,10.2517,504.3894,40.6158
2037-09-15,30.8219,0.0000,26.7269,6.1976,1244.8447,508.7495,94.0403,10.3655,508.5264,40.9061
2037-09-16,31.3118,0.0000,25.5975,4.4747,1252.1849,513.0428,94.0910,9.5705,512.7901,38.8475
2037-09-17,32.1029,0.0000,32.8140,4.9179,1259.6674,517.0144,94.1279,9.8367,516.7398,39.5452
2037-09-18,29.8523,0.0000,36.6845,4.2949,1266.7448,520.5035,93.2664,8.4567,520.2137,35.8300
2037-09-19,29.7284,0.0000,37.9303,4.2383,1273.7999,523.9102,92.8715,7.9791,523.6068,34.4824
2037-09-20,28.5000,0.0016,41.9436,3.9882,1280.6339,526.9697,92.0471,7.0156,526.6582,31.6506
2037-09-21,28.5184,0.0009,41.9374,3.9561,1287.4712,530.0314,91.8653,6.8264,529.7118,31.0752
2037-09-22,28.9985,0.0000,42.0577,4.4879,1294.3949,533.1363,91.8708,7.0174,532.8083,31.6561
2037-09-23,29.7449,0.0003,45.3673,3.8091,1301.4530,536.1365,91.4992,6.4334,535.8035,29.8568
2037-09-24,32.2599,0.0011,42.9447,3.6139,1308.9638,539.5251,91.5491,6.4156,539.1825,29.8012
2037-09-25,28.6404,0.4799,53.7090,10.8173,1315.8231,541.9762,89.9836,7.3771,541.6389,32.7322
2037-09-26,26.4769,0.0000,38.0578,6.1549,1322.2929,545.0174,90.5361,6.3123,544.6690,29.4751
2037-09-27,28.3362,0.0000,38.0183,4.8600,1329.0974,548.2656,90.9006,6.2293,547.9044,29.2118
2037-09-28,29.2476,0.0002,41.3491,3.8717,1336.0660,551.4345,90.9502,5.9688,551.0635,28.3747
2037-09-29,31.4146,0.0006,38.5176,4.3358,1343.4246,554.9936,91.3384,6.4572,554.6074,29.9318
2037-09-30,26.8614,1.3034,61.7246,7.7667,1349.9637,556.8990,83.1584,2.4372,556.5278,14.8698
2037-10-01,27.7324,0.3572,35.9704,8.5723,1355.6595,559.6963,90.1469,6.7439,559.3123,30.8222
2037-10-02,26.9690,0.0011,22.0360,3.6332,1361.2179,563.0121,93.4377,8.3772,562.6022,35.6085
2037-10-03,27.2477,4.9034,42.5098,6.8188,1228.2230,104.1393,76.8314,1.2128,171.8511,7.8425
2037-10-04,22.1754,0.6977,39.5918,9.4423,1232.9186,106.2697,86.0620,3.9311,174.8599,20.0759
2037-10-05,20.0570,0.0000,26.7936,5.0358,1237.2328,108.6165,90.4988,5.9345,178.1365,26.9444
2037-10-06,22.5160,0.0000,22.0525,4.0631,1241.9897,111.4057,92.7484,7.7735,181.9985,32.4789
2037-10-07,25.9275,0.0000,22.4883,4.1347,1247.3606,114.5799,93.6091,8.7992,186.3627,35.4004
2037-10-08,27.9162,0.0000,30.5679,3.7892,1253.0896,117.6325,93.6597,8.7084,190.5466,35.2796
2037-10-09,28.2164,0.1138,41.9170,4.5039,1258.8725,120.2126,92.1811,7.3380,194.0900,31.5684
2037-10-10,25.4697,5.6906,72.2740,5.2709,1130.8725,69.5130,60.4739,0.5497,120.5075,2.9249
2037-10-11,25.2369,0.2139,46.6340,4.3888,1136.1191,71.6426,81.5854,1.6923,123.7727,9.2402
2037-10-12,25.7069,0.0158,39.9736,3.6861,1141.4504,74.0807,88.3429,4.0699,127.4780,18.6836
2037-10-13,24.8828,0.4113,48.1235,4.0858,1146.6333,76.1231,88.4956,4.2447,130.5746,19.4511
2037-10-14,25.6109,0.0591,47.8839,3.4971,1151.9472,78.2323,88.6569,4.2172,133.7553,19.5373
2037-10-15,26.1903,0.0004,45.7093,3.2395,1157.3655,80.4773,89.0717,4.4182,137.1183,20.3919
2037-10-16,26.4149,0.0019,46.0735,3.8090,1162.8242,82.7255,89.1414,4.5925,140.4681,21.1448
2037-10-17,25.8451,0.0067,53.8720,4.6769,1168.1803,84.6088,89.1904,4.8317,143.2748,22.0709
2037-10-18,25.1085,0.0063,55.3454,4.8321,1173.4038,86.3820,88.9471,4.7025,145.9105,21.7752
2037-10-19,24.6558,0.0047,51.0878,5.4073,1178.5459,88.2909,88.9961,4.8750,148.7270,22.4728
2037-10-20,22.7241,0.0165,63.2861,7.1969,1183.3402,89.6162,87.4811,4.2936,150.7004,20.6032
2037-10-21,23.1943,1.9988,80.3101,5.7312,1188.2192,79.1487,70.2890,0.8428,135.6996,5.0818
2037-10-22,21.0718,24.6611,90.4869,7.3491,774.8233,34.5006,25.9125,0.0015,62.0896,0.0029
2037-10-23,20.6270,10.0644,69.9832,7.3175,692.5946,17.5691,40.6229,0.0565,33.0426,0.0712
2037-10-24,19.7976,11.8315,78.6744,5.9956,611.5615,8.9244,34.2035,0.0136,17.2207,0.0113
2037-10-25,22.9349,0.0028,53.6129,4.1960,616.3938,10.6138,67.5214,0.7138,20.3514,0.6542
2037-10-26,23.7617,0.1067,57.2128,4.3033,621.3749,12.2256,80.8740,1.5526,23.3048,2.5372
2037-10-27,24.9425,0.2635,60.9064,6.2449,626.5685,13.7682,84.9086,2.8506,26.1024,5.5104
2037-10-28,24.1857,0.0148,62.2299,4.6536,631.6259,15.2153,85.6727,2.9244,28.7020,6.0055
2037-10-29,24.5501,0.0062,65.9276,4.6914,636.7490,16.5395,85.7206,2.9497,31.0619,6.3679
2037-10-30,24.2637,0.0060,67.8880,5.0378,641.8204,17.7736,85.7686,3.0218,33.2456,6.7992
2037-10-31,23.9449,0.4095,62.1153,4.9246,646.8345,19.2113,85.9118,3.0655,35.7668,7.2126
2037-11-01,20.9553,0.0009,33.9528,7.7362,650.3105,21.1425,89.5408,5.9277,39.1065,13.2343
2037-11-02,19.3742,0.0016,44.3939,6.6353,653.5018,22.6519,89.5900,5.6475,41.6911,13.1949
2037-11-03,20.2431,0.0003,57.1114,4.8954,656.8496,23.8656,88.2501,4.2684,43.7565,10.8289
2037-11-04,21.5074,0.0015,61.2815,4.0877,660.4249,25.0261,87.5098,3.6860,45.7208,9.8367
2037-11-05,19.6015,0.0605,72.4914,2.9391,663.6572,25.7811,85.5795,2.6477,46.9978,7.5066
2037-11-06,22.1781,0.0041,58.7556,3.4845,667.3532,27.0539,86.0481,2.9060,49.1288,8.3827
2037-11-07,22.7876,0.0000,46.0466,3.5565,671.1590,28.7627,87.9073,3.7987,51.9586,10.8760
2037-11-08,22.7857,0.0000,38.2402,4.2712,674.9644,30.7185,89.5168,4.9609,55.1608,13.9271
2037-11-09,20.0284,0.0012,45.5082,4.5379,678.2736,32.2449,89.5659,5.0637,57.6394,14.5011
2037-11-10,18.4308,0.0049,61.8825,3.4874,681.2951,33.2319,87.4999,3.5711,59.2398,11.1700
2037-11-11,17.9874,0.0038,66.7290,2.3021,684.2368,34.0738,86.2749,2.8267,60.6029,9.3216
2037-11-12,23.6119,0.1808,63.8301,4.0124,688.1910,35.2589,86.3230,3.1021,62.5110,10.2721
2037-11-13,23.2029,6.2537,81.3770,5.9588,651.1208,21.3033,50.7342,0.2418,39.3851,0.3440
2037-11-14,21.9692,18.9512,86.8428,6.3592,531.0833,9.2133,28.0284,0.0027,17.6606,0.0023
2037-11-15,17.9727,1.4579,65.7852,6.0695,534.0224,10.0784,52.5921,0.2991,19.2487,0.2647
2037-11-16,14.7332,0.0085,39.6240,4.8983,536.3784,11.3458,74.4633,0.9529,21.5520,0.9058
2037-11-17,16.0370,0.0026,42.6571,4.1525,538.9690,12.6487,83.3259,2.0759,23.8954,3.7115
2037-11-18,20.3444,0.0103,54.1043,5.9734,542.3350,13.9535,85.7578,3.1629,26.2205,6.1120
2037-11-19,23.1973,0.0026,57.5508,4.4523,546.2145,15.3210,86.3859,3.1999,28.6340,6.5301
2037-11-20,22.5581,0.0001,54.8898,2.7067,549.9790,16.7359,86.8034,3.1090,31.1054,6.6950
2037-11-21,21.2970,0.0000,59.9245,2.7229,553.5164,17.9259,86.8517,3.1329,33.1665,7.0186
2037-11-22,18.8678,0.0000,62.3877,2.7965,556.6166,18.9216,86.7123,3.0830,34.8790,7.1371
2037-11-23,18.0917,0.0000,58.9626,2.7369,559.5771,19.9658,86.7606,3.0948,36.6614,7.3882
2037-11-24,16.0915,0.0003,62.2792,3.3679,562.1776,20.8255,86.3977,3.0348,38.1207,7.4376
2037-11-25,17.1102,0.1022,68.6052,3.6902,564.9614,21.5835,85.5923,2.7548,39.4036,6.9543
2037-11-26,24.3871,0.0746,66.0304,5.8923,569.0551,22.7314,85.6402,3.0987,41.3348,7.9684
2037-11-27,24.4515,0.0169,73.8121,3.8581,573.1604,23.6185,85.4611,2.7279,42.8252,7.2682
2037-11-28,22.3657,0.0469,76.7193,4.0828,576.8902,24.3428,84.6630,2.4720,44.0398,6.7613
2037-11-29,23.0148,0.0689,66.9994,3.8356,580.7369,25.3979,84.8560,2.5066,45.7894,7.0240
2037-11-30,14.8584,0.0003,43.9586,7.1788,583.1154,26.5836,86.7527,3.8669,47.7275,10.5000
2037-12-01,12.6706,0.0110,54.3521,3.7144,585.1001,27.2979,86.8010,3.2698,48.8930,9.2534
2037-12-02,17.5766,0.2217,70.2812,3.6195,587.9679,27.9287,85.5201,2.7175,49.9283,7.9832
2037-12-03,24.9571,2.6442,72.1476,7.2498,592.1642,23.5077,70.6550,0.9208,42.7707,2.1590
2037-12-04,24.5007,1.7354,61.4481,6.8493,596.2783,22.9955,75.0715,1.0860,41.9468,2.6756
2037-12-05,24.6707,0.0342,59.0485,5.0480,600.4230,24.1948,83.3809,2.1873,43.9609,6.0184
2037-12-06,21.9496,0.0088,67.8195,2.6954,604.0779,25.0377,84.1469,2.1497,45.3738,6.0471
2037-12-07,17.5901,1.2981,84.6215,3.2795,606.9482,25.3644,71.9508,0.7884,45.9302,1.8207
2037-12-08,18.3743,2.1482,81.9080,4.2731,609.9595,22.4489,59.8851,0.5040,41.1148,0.7387
2037-12-09,24.3425,3.5948,59.3580,4.4952,598.8385,17.2099,63.8086,0.6290,32.1126,0.7776
2037-12-10,17.6995,0.0102,52.6549,3.1001,601.7284,18.2214,77.5405,1.0609,33.8781,2.0942
2037-12-11,21.3368,6.7699,72.4144,7.1990,568.4838,10.8355,53.6587,0.3531,20.6853,0.3270
2037-12-12,14.5971,2.2171,57.5301,5.9739,570.8153,9.4253,60.7509,0.5790,18.1032,0.4932
2037-12-13,12.6454,0.0000,42.4060,4.3022,572.7955,10.3249,76.3706,1.0345,19.7594,0.9307
2037-12-14,15.5038,0.0070,54.9275,2.8335,575.2901,11.1754,81.8876,1.6221,21.3156,2.4904
2037-12-15,17.5798,0.0017,57.1869,3.8558,578.1585,12.0842,84.3413,2.3396,22.9682,4.1206
2037-12-16,16.3885,0.0065,57.4688,4.3024,580.8124,12.9294,85.1003,2.6538,24.4956,4.9189
2037-12-17,17.2323,0.0229,57.1651,4.2736,583.6182,13.8218,85.5114,2.8052,26.0984,5.4232
2037-12-18,15.2993,0.0701,57.0524,3.4366,586.0761,14.6222,85.5593,2.7073,27.5274,5.4218
2037-12-19,15.8690,0.0012,50.8954,3.0520,588.6365,15.5691,86.2044,2.9065,29.2069,6.0374
2037-12-20,14.6393,0.0132,61.9777,2.9120,590.9756,16.2492,86.1013,2.8445,30.4081,6.0692
2037-12-21,15.1978,1.6769,75.0850,3.1280,593.4152,15.5660,70.5834,0.7464,29.2160,0.8658
2037-12-22,17.7008,3.4867,63.1432,5.6375,582.4548,11.6177,60.4673,0.5597,22.1318,0.5411
2037-12-23,17.9201,3.7346,74.0017,9.9437,570.2258,8.1072,54.8949,0.4562,15.6579,0.3557
2037-12-24,17.3776,24.6786,85.8500,7.1768,440.3702,3.5401,26.1170,0.0016,6.9408,0.0008
2037-12-25,13.2166,1.1737,64.8199,4.1840,442.4532,4.1125,47.0630,0.1378,8.0382,0.0741
2037-12-26,12.0755,16.1822,81.8896,5.7129,377.8197,1.6819,24.9616,0.0010,3.3269,0.0004
2037-12-27,10.1222,2.5973,66.1258,5.9182,379.3457,1.0003,39.5823,0.0432,1.9875,0.0133
2037-12-28,8.5521,0.0060,45.6708,5.0114,380.5890,1.5962,61.9412,0.5895,3.1593,0.2115
2037-12-29,11.1861,11.5250,67.7870,6.2642,342.1083,0.5715,37.7930,0.0307,1.1382,0.0083
2037-12-30,11.6597,23.7822,84.6299,8.1287,266.4158,0.2229,20.9095,0.0003,0.4448,0.0001
2037-12-31,10.9411,7.5834,79.0815,5.7403,249.2869,0.2862,24.4731,0.0009,0.5708,0.0002
2038-01-01,12.2006,1.7360,72.1581,10.0695,251.1870,0.4559,44.1488,0.1194,0.9077,0.0308
2038-01-02,10.7883,0.0069,53.3719,9.0652,252.8329,1.1383,66.2827,0.8742,2.2513,0.2804
2038-01-03,9.3710,0.0001,53.4052,5.5726,254.2237,1.7390,76.2664,1.0953,3.4195,0.4044
2038-01-04,9.0759,0.0000,60.4004,3.3339,255.5613,2.2351,79.9703,1.3411,4.3745,0.5452
2038-01-05,11.5478,3.6063,73.2875,5.6915,250.9688,1.1794,54.4302,0.3526,2.3315,0.1143
2038-01-06,8.2683,0.9891,53.5537,10.9476,252.1611,1.7151,67.4823,1.0018,3.3729,0.3681
2038-01-07,5.2302,0.3944,66.2157,11.8913,252.8066,1.9784,74.6951,1.3719,3.8809,0.5316
2038-01-08,6.0304,0.0055,63.1469,7.0353,253.5960,2.3019,78.6783,1.4249,4.5017,0.5862
2038-01-09,7.0564,0.0006,48.5623,6.0035,254.5702,2.8184,82.4373,2.0354,5.4850,0.9120
2038-01-10,7.5022,0.0008,50.5145,5.5323,255.6246,3.3425,84.0118,2.4357,6.4733,1.6352
2038-01-11,7.1811,0.0018,64.0798,4.3939,256.6212,3.7087,84.0592,2.3145,7.1587,1.6273
2038-01-12,7.6125,0.0001,56.6653,4.2019,257.6954,4.1735,84.1934,2.3338,8.0222,1.8338
2038-01-13,6.6947,0.0001,68.9144,4.0606,258.6045,4.4718,83.8413,2.2109,8.5730,1.7702
2038-01-14,7.7020,0.0000,57.9143,3.3484,259.6948,4.9278,83.9845,2.1739,9.4093,1.8718
2038-01-15,9.3106,0.0001,52.3617,4.9618,261.0747,5.5384,84.7189,2.6037,10.5189,2.6765
2038-01-16,6.9415,0.0000,53.4834,5.3998,262.0282,5.9989,84.7665,2.6791,11.3483,2.9331
2038-01-17,11.2520,0.0000,39.0755,3.8027,263.7576,6.9253,86.7018,3.2385,12.9975,4.0146
2038-01-18,11.5387,0.0000,41.8443,5.2497,265.5385,7.8302,87.1881,3.7328,14.5852,5.0094
2038-01-19,7.3546,0.0000,46.0384,5.3854,266.5663,8.3919,87.2365,3.7845,15.5592,5.2805
2038-01-20,6.5990,0.0000,46.9043,4.3255,267.4582,8.8951,87.2635,3.6015,16.4246,5.1921
2038-01-21,7.3941,0.0000,40.5569,3.5037,268.4931,9.5167,87.3120,3.4794,17.4841,5.2114
2038-01-22,8.7135,0.0000,45.2827,4.0371,269.7655,10.1778,87.3605,3.5990,18.6011,5.5976
2038-01-23,9.8747,0.0004,53.6190,3.0503,271.2470,10.8044,86.9820,3.2446,19.6519,5.2261
2038-01-24,9.6308,0.0827,62.4031,2.9311,272.6845,11.3011,85.9221,2.7765,20.4803,4.5755
2038-01-25,7.9910,0.6686,83.3357,4.1052,273.8269,11.4876,81.0672,1.5710,20.7943,2.3278
2038-01-26,7.9862,0.0034,57.4918,4.4582,274.9684,11.9631,82.6835,1.9418,21.5791,3.1761
2038-01-27,8.7997,0.0000,45.7343,4.1341,276.2564,12.6245,84.7370,2.5035,22.6601,4.3911
2038-01-28,12.7765,0.0000,43.2426,3.7992,278.2602,13.5941,86.4013,3.1031,24.2290,5.7086
2038-01-29,15.2043,0.0019,45.3855,2.8269,280.7009,14.6903,87.0584,3.2433,25.9814,6.2240
2038-01-30,14.4493,0.0149,54.1322,2.7966,283.0058,15.5684,87.1067,3.2608,27.3723,6.4622
2038-01-31,12.4583,0.0130,63.5774,1.8896,284.9523,16.1763,86.0824,2.6945,28.3318,5.4996
2038-02-01,14.7346,0.0031,50.8423,3.7352,287.3085,17.2820,86.2924,3.0459,30.0458,6.4262
2038-02-02,15.9593,0.0000,37.9444,5.9032,289.8852,18.7858,88.1342,4.4167,32.3333,9.3563
2038-02-03,12.3732,0.0000,30.1978,5.5098,291.8164,20.1217,89.2892,5.1108,34.3262,10.9332
2038-02-04,19.7752,0.0000,32.1068,4.3992,295.0799,22.1350,90.3397,5.6178,37.2789,12.3553
2038-02-05,20.5686,0.0000,38.7214,3.9726,298.4862,24.0211,90.3891,5.5374,39.9955,12.6975
2038-02-06,20.2749,0.0016,44.2052,3.3531,301.8397,25.7152,90.1340,5.1748,42.3998,12.4286
2038-02-07,15.6969,0.6589,63.5120,4.7737,304.3692,26.5858,85.9731,3.0685,43.6417,8.1697
2038-02-08,13.6237,0.2029,44.3174,6.6039,306.5255,27.7505,86.8975,3.8345,45.2577,10.1063
2038-02-09,11.4545,0.0000,32.4754,3.8704,308.2913,28.9547,88.3823,4.1312,46.8978,10.9741
2038-02-10,14.7716,0.0000,35.1205,4.1179,310.6542,30.4174,88.9776,4.5562,48.8717,12.1636
2038-02-11,14.5491,0.2539,55.0909,6.1340,312.9770,31.4157,87.7756,4.2447,50.2273,11.6722
2038-02-12,19.8243,0.8984,60.4311,8.1743,316.2494,32.5918,83.3225,2.5412,51.8300,7.7015
2038-02-13,21.5647,0.1829,54.9693,7.1356,319.8350,34.0416,85.8783,3.4107,53.7745,10.1537
2038-02-14,19.5818,0.3582,35.6466,8.0635,323.0638,35.9322,89.0207,5.5929,56.2294,15.4357
2038-02-15,17.1558,0.0363,37.6100,5.5052,325.8558,37.5501,89.1319,4.9955,58.3036,14.4423
2038-02-16,20.0497,0.0001,45.6099,4.0287,329.1687,39.1842,89.1810,4.6701,60.3949,13.9820
2038-02-17,21.0460,0.0037,58.4614,5.0068,332.6610,40.4909,88.0482,4.1700,62.0886,12.9985
2038-02-18,17.5286,0.7969,70.2959,6.1482,335.5202,41.2769,82.3740,2.0343,63.1359,7.1647
2038-02-19,13.9151,29.2023,59.1979,12.9714,244.8060,15.7673,47.4222,0.2255,27.1611,0.2492
2038-02-20,8.1896,4.2747,45.1284,21.4319,237.7989,10.8942,55.6780,0.8729,19.5494,0.7800
2038-02-21,9.1592,0.0380,37.7978,10.1574,239.1516,11.8007,74.7709,1.2621,21.0096,1.6415
2038-02-22,12.4958,0.0001,29.3910,5.2662,241.1048,13.1644,84.6936,2.6348,23.1665,4.7037
2038-02-23,11.3765,2.2313,54.0678,8.0364,242.8566,11.5558,70.6160,0.9568,20.6546,0.8852
2038-02-24,9.7946,0.0041,34.7481,7.6049,244.3236,12.5656,81.6730,2.0107,22.2681,3.3928
2038-02-25,13.6305,0.0005,31.5774,5.1864,246.4811,13.9973,87.1121,3.6809,24.5143,6.7619
2038-02-26,14.4889,2.5633,53.8768,6.5767,248.7931,11.8806,70.3852,0.8823,21.2270,0.8305
2038-02-27,11.1444,7.5753,51.0373,10.8599,232.5165,6.9704,52.3070,0.3694,12.9689,0.2577
2038-02-28,11.1423,0.0000,29.9913,7.6952,234.2262,8.1879,75.1386,1.1376,15.0596,0.8664
2038-03-01,15.2234,0.0000,20.4861,4.2518,236.6704,10.4003,87.1298,3.5204,18.7417,5.5027
2038-03-02,16.8603,0.0290,46.4835,6.4463,239.4092,12.0387,87.3972,4.0849,21.3887,6.8635
2038-03-03,21.0780,0.0310,52.9699,7.7837,242.9073,13.8167,87.4457,4.4001,24.1931,7.8872
2038-03-04,23.2730,0.0112,44.8484,7.3905,246.8004,16.1080,88.5610,5.0611,27.6968,9.6152
2038-03-05,19.0038,0.1528,32.3354,6.2445,249.9251,18.4268,90.0412,5.9074,31.1179,11.6508
2038-03-06,18.7296,0.0000,12.6650,5.3897,253.0004,21.3789,94.0179,9.9212,35.3004,18.5433
2038-03-07,19.8448,1.5165,43.6734,8.8982,256.2765,22.7436,83.7008,2.7693,37.2277,6.7388
2038-03-08,13.1487,2.0578,41.6373,10.9152,258.3472,21.3787,75.8475,1.3954,35.4281,3.1710
2038-03-09,11.3592,0.0041,30.3059,8.4128,260.0959,22.8589,85.0125,3.2253,37.4823,7.7730
2038-03-10,14.2406,0.0000,33.4035,5.5879,262.3632,24.6003,88.0929,4.3215,39.8576,10.3658
2038-03-11,17.7044,0.0000,34.9826,4.1923,265.2540,26.6844,89.2942,4.7859,42.6439,11.7120
2038-03-12,21.2864,0.0000,36.1083,4.9470,268.7895,29.1225,89.9501,5.4618,45.8309,13.5421
2038-03-13,21.8840,0.0080,37.6409,5.2166,272.4327,31.5656,89.9994,5.5757,48.9517,14.2703
2038-03-14,15.3708,0.0053,27.5126,9.8801,274.9034,33.6008,90.6868,7.7814,51.4730,18.8380
2038-03-15,12.3537,0.0001,26.8341,6.3062,276.8311,35.2787,90.7364,6.5452,53.5096,16.9184
2038-03-16,10.0126,0.0291,33.7266,7.1803,278.3373,36.5341,90.4559,6.5712,55.0152,17.2231
2038-03-17,9.6041,0.0293,28.7859,8.7043,279.7701,37.8335,90.5054,7.1462,56.5491,18.5958
2038-03-18,9.8937,0.0072,26.4553,6.5432,281.2549,39.2117,90.5549,6.4544,58.1542,17.5080
2038-03-19,14.6285,0.0009,16.4385,5.0167,283.5921,41.4521,92.6611,8.0567,60.7170,21.0593
2038-03-20,17.3274,4.6582,48.9437,6.0621,276.1627,29.4713,65.8438,0.7395,46.5290,1.6467
2038-03-21,11.9279,1.5317,51.7305,10.3526,278.0137,29.6731,70.9183,1.0861,46.8461,2.9595
2038-03-22,14.0393,0.0000,26.5529,7.9477,280.2448,31.5685,84.7885,3.0553,49.2636,8.7705
2038-03-23,20.4328,0.0000,20.7345,4.7284,283.6267,34.4779,91.3824,6.6275,52.8842,16.9700
2038-03-24,23.4860,0.3395,39.1916,4.9178,287.5582,37.0263,91.4305,6.7369,56.0198,17.7153
2038-03-25,19.0283,0.0061,36.0913,4.9671,290.6872,39.2191,91.3278,6.6559,58.6543,17.9937
2038-03-26,21.3406,0.6333,45.1128,6.5973,294.2326,41.3187,88.3254,4.7011,61.1643,14.1545
2038-03-27,16.2627,7.8700,64.9578,7.5634,275.8128,23.7554,53.1814,0.3428,39.0932,0.4851
2038-03-28,7.5244,0.7575,42.9934,13.0837,276.8712,24.5935,70.6703,1.2361,40.2490,3.0449
2038-03-29,13.3319,0.0002,14.2982,8.6203,278.9750,26.7018,87.0159,4.3167,43.0923,10.8333
2038-03-30,23.8310,0.0000,23.1112,5.2791,282.9685,29.9694,92.1600,7.6075,47.3908,17.7410
2038-03-31,26.6739,0.0000,34.1544,3.9361,287.4738,33.0867,92.2100,7.1601,51.3874,17.7021
2038-04-01,20.6854,0.0072,37.4567,6.6224,292.1512,36.3899,91.5785,7.4971,55.4980,19.0708
2038-04-02,15.3359,0.0010,28.0177,8.5062,295.8657,39.2581,91.6284,8.3022,58.9584,21.1915
2038-04-03,17.3231,0.0914,29.0739,4.6130,299.9378,42.4259,91.6783,6.8718,62.6850,19.0850
2038-04-04,19.8139,1.0308,44.9741,5.0859,304.4583,45.2159,85.4682,2.9049,65.9469,10.0462
2038-04-05,20.3537,0.0626,41.8887,4.7704,309.0760,48.2382,87.9985,4.0914,69.3985,13.6488
2038-04-06,21.2222,0.9590,42.1908,5.3982,313.8500,51.3667,85.9119,3.1395,72.9037,11.3783
2038-04-07,21.3642,0.1338,42.8169,6.1156,318.6495,54.4809,88.1890,4.4995,76.3339,15.5009
2038-04-08,15.4112,12.4628,65.8850,13.4355,284.5994,27.4485,51.4842,0.3842,44.2320,0.5927
2038-04-09,18.1566,0.4504,47.6053,9.4437,288.8216,29.8945,76.0162,1.3096,47.4982,3.7431
2038-04-10,20.3880,0.0003,36.6746,5.4695,293.4454,33.1934,86.3311,3.3422,51.7518,9.7558
2038-04-11,24.1785,0.0000,33.5894,4.5394,298.7515,37.2632,90.1671,5.5196,56.8113,15.3682
2038-04-12,25.3978,0.0000,29.5770,4.6073,304.2771,41.7871,91.8016,6.9909,62.2142,19.2488
2038-04-13,25.9447,0.0000,28.4976,4.2042,309.9012,46.4752,92.3530,7.4053,67.6042,20.9683
2038-04-14,26.1505,0.0000,24.3291,4.4157,315.5623,51.4743,93.2326,8.4682,73.1274,24.0257
2038-04-15,26.7519,0.0001,23.9772,4.5873,321.3316,56.6075,93.5250,8.8974,78.5989,25.8086
2038-04-16,27.3330,0.0174,21.8338,4.9078,327.2056,61.9955,94.0667,9.7488,84.1374,28.4437
2038-04-17,26.7729,0.0031,25.5105,5.3898,332.9787,67.0290,94.1174,10.0589,89.1786,29.9186
2038-04-18,24.6889,0.0000,28.5128,5.4790,338.3767,71.4984,93.8388,9.7214,93.5693,29.9371
2038-04-19,23.8452,0.0000,23.0349,4.9048,343.6228,76.1529,93.8894,9.5107,98.0061,30.1644
2038-04-20,24.9194,0.0000,26.2946,4.3826,349.0623,80.8022,93.9401,9.3290,102.3649,30.3902
2038-04-21,27.1529,0.0005,30.3289,3.8703,354.9038,85.5743,93.8197,8.9407,106.7810,30.1063
2038-04-22,26.2053,0.0002,28.9887,5.0843,360.5748,90.2750,93.8515,9.5468,111.0455,32.0122
2038-04-23,26.6561,0.0682,29.6612,3.7600,366.3269,95.0080,93.8249,8.8976,115.2742,31.0242
2038-04-24,27.6289,0.0001,27.5180,4.0096,372.2541,100.0563,93.8755,9.0738,119.6872,31.9220
2038-04-25,27.6437,0.0039,24.8394,4.5136,378.1840,105.2938,93.9262,9.3728,124.1636,33.0908
2038-04-26,26.9145,1.9181,28.3805,4.5258,383.9826,96.5311,87.0343,3.5211,118.5532,16.2613
2038-04-27,23.8220,2.6887,47.6082,11.2399,389.2245,78.1907,79.0506,1.8231,104.1002,8.9706
2038-04-28,22.3904,7.3788,56.9467,8.6381,369.6908,47.1962,62.7258,0.7367,71.5550,2.6599
2038-04-29,20.3745,15.0757,68.2447,6.5692,322.1031,22.7353,45.5298,0.1242,38.6503,0.1743
2038-04-30,16.7220,37.2344,86.8905,9.4164,213.1153,8.7269,23.1881,0.0007,15.8329,0.0005
2038-05-01,18.5422,2.9250,49.8611,7.2773,214.9928,8.5448,54.3650,0.3796,15.5450,0.2947
2038-05-02,24.6787,0.0000,34.6863,4.5201,221.8389,12.9774,82.2504,1.8457,22.6433,3.0996
2038-05-03,25.7784,0.0008,36.8183,6.9683,228.8830,17.4482,89.3094,5.5165,29.3105,10.6622
2038-05-04,24.1223,0.3546,42.4315,10.5094,235.6291,21.2709,89.4110,6.6910,34.7087,13.6429
2038-05-05,19.7929,10.8470,72.9251,6.8282,215.0602,11.6997,49.0042,0.2044,20.5980,0.1887
2038-05-06,21.0375,8.8975,53.3353,14.8755,201.1567,8.4840,60.4265,0.8893,15.3495,0.6851
2038-05-07,12.3662,3.8702,69.1817,21.3954,199.5141,6.2173,56.7468,0.9530,11.5359,0.6220
2038-05-08,18.8977,0.0385,41.6240,8.4563,205.3197,9.2907,79.4225,1.6424,16.6929,2.0240
2038-05-09,22.2081,0.0008,31.6029,5.1070,211.7212,13.4877,88.5789,4.5226,23.2694,7.9027
2038-05-10,23.4907,0.0194,34.1944,6.0836,218.3535,17.7478,90.4458,6.2090,29.5010,11.7822
2038-05-11,22.2499,0.0006,32.8466,6.8703,224.7625,21.8759,90.8510,6.8449,35.1894,13.9889
2038-05-12,22.1141,0.0025,34.0966,5.0778,231.1470,25.9036,90.9006,6.2981,40.4692,14.1358
2038-05-13,20.1785,0.1128,40.1503,5.4313,237.1831,29.2563,90.7738,6.2964,44.7217,14.9168
2038-05-14,23.2044,0.0288,34.7316,5.8615,243.7639,33.4325,90.8234,6.4801,49.7923,16.1551
2038-05-15,26.2473,0.0001,32.1160,5.3263,250.8924,38.3199,91.6166,7.0612,55.4623,18.2442
2038-05-16,26.0720,0.1767,40.1474,4.1608,257.9894,42.6014,91.6665,6.7057,60.3069,18.3634
2038-05-17,23.6992,13.2230,59.7324,5.5203,229.8105,22.1475,57.7346,0.4625,35.6950,0.6146
2038-05-18,25.6911,0.0294,40.5787,4.7438,236.8389,26.3386,82.5414,1.9352,41.2178,5.1038
2038-05-19,27.1288,0.0909,39.7643,3.6322,244.1261,30.8152,88.9046,4.3997,46.8470,11.5441
2038-05-20,26.4259,8.1967,52.5021,5.1144,231.7205,19.5426,66.5887,0.7242,32.2794,0.8985
2038-05-21,25.9341,2.5769,44.5830,5.8089,238.7927,19.5928,76.1790,1.1020,32.5158,2.1272
2038-05-22,26.7172,0.0011,38.5105,4.4299,246.0057,24.0958,87.8116,3.9156,38.7122,9.3814
2038-05-23,27.0571,0.4138,44.8575,6.1000,253.2800,28.1834,89.1898,5.1905,44.0992,12.7346
2038-05-24,25.7204,0.3977,52.2353,8.0149,260.3137,31.5561,89.2389,5.7567,48.4339,14.5413
2038-05-25,26.2358,1.5280,49.6402,7.4317,267.4402,34.2861,83.8477,2.6225,51.9289,7.9300
2038-05-26,26.2612,1.7828,54.9262,6.0786,274.5712,35.1425,80.1917,1.5761,53.2472,4.9817
2038-05-27,27.9078,1.5249,53.0297,4.7722,281.9986,37.7759,81.5173,1.7115,56.5975,5.6502
2038-05-28,26.2739,2.9198,58.0704,6.1491,284.5628,33.0272,74.0712,0.9954,51.1988,2.8707
2038-05-29,24.4350,10.0096,59.4521,8.4780,264.0970,18.4140,60.9373,0.6640,31.3613,0.8079
2038-05-30,26.3495,1.6657,52.8369,6.1754,271.2440,20.6475,76.4427,1.1425,34.6928,2.3948
2038-05-31,28.5032,0.0033,41.7215,5.2791,278.7785,25.1894,87.9269,4.1548,41.0957,10.2119
2038-06-01,28.6003,0.0000,36.3891,4.1093,287.3306,30.1632,90.7850,5.9001,47.7854,14.7105
2038-06-02,30.4491,0.0235,34.6413,4.6539,296.2154,35.5918,91.8266,7.0322,54.7403,18.0629
2038-06-03,29.8532,0.0277,37.0287,5.8348,304.9930,40.7233,91.8766,7.5163,61.0633,20.0908
2038-06-04,28.5483,0.1228,42.3085,5.3805,313.5357,45.2263,91.7749,7.2412,66.4792,20.4512
2038-06-05,30.5085,0.1319,37.9730,6.8379,322.4312,50.3878,91.8249,7.8483,72.4647,22.6646
2038-06-06,30.8312,0.0001,32.7332,5.2101,331.3849,56.0426,92.3552,7.7928,78.7784,23.5545
2038-06-07,30.3714,0.1965,40.5334,4.8159,340.2557,60.9696,92.3804,7.6667,84.2139,24.1020
2038-06-08,30.5885,0.2104,40.8137,6.2316,349.1656,65.9072,92.3733,8.2254,89.5545,26.1273
2038-06-09,27.9146,8.9293,48.4292,8.3726,329.6534,39.0254,72.2302,1.0297,60.2264,3.4523
2038-06-10,24.2590,0.1819,46.7380,6.7413,337.4240,42.5813,84.9687,2.9470,64.7384,10.0537
2038-06-11,28.4281,0.0000,32.1335,4.5698,345.9451,47.8570,91.0519,6.2728,71.1183,19.0998
2038-06-12,31.1304,0.0003,30.9694,5.5439,354.9526,53.7144,92.6358,8.2443,77.9418,24.3687
2038-06-13,31.5958,0.0000,31.1241,3.8626,364.0438,59.6430,92.8535,7.8097,84.6248,24.4779
2038-06-14,32.7378,2.8699,32.7922,5.7564,367.9386,53.5727,86.9419,3.6975,78.5520,13.5428
2038-06-15,24.0741,1.0945,53.3709,10.9527,375.6760,56.6630,84.4821,3.4096,82.2948,13.0510
2038-06-16,26.6909,0.1571,44.4479,5.6468,383.8843,60.7274,88.5621,4.6361,87.0345,17.0538
2038-06-17,28.5678,0.1447,41.5280,5.5761,392.4305,65.2944,90.0687,5.7343,92.2262,20.5631
2038-06-18,28.6137,0.2157,43.7823,4.9768,400.9850,69.6921,90.1181,5.6032,97.1653,20.7766
2038-06-19,31.4876,0.0676,37.2623,4.0948,410.0568,75.0745,91.4505,6.4816,103.0035,23.7206
2038-06-20,32.9157,0.0047,33.1101,3.4241,419.3856,81.0646,92.5645,7.3351,109.3079,26.5804
2038-06-21,36.2599,0.0057,28.2276,4.1255,429.3164,88.1238,94.1511,9.4822,116.4763,32.5150
2038-06-22,38.1528,0.0001,25.1378,4.0465,439.5879,95.8600,95.1881,10.8920,124.0770,36.5336
2038-06-23,42.3328,0.0142,22.4071,4.3077,450.6118,104.7323,96.4985,13.1822,132.4840,42.3186
2038-06-24,38.0678,0.0067,26.8694,4.1631,460.8680,112.2732,96.3762,12.8729,139.5538,42.3802
2038-06-25,36.9843,0.0919,27.3637,6.1040,470.9292,119.5559,96.1133,13.7007,146.2743,44.7145
2038-06-26,35.0529,0.0102,32.8243,4.5193,480.6427,125.9496,94.9228,10.7568,152.1948,38.6874
2038-06-27,35.9075,0.0050,28.1499,4.8570,490.5100,132.9498,94.9738,11.0181,158.4991,39.6987
2038-06-28,36.4050,0.0032,28.3250,4.8291,500.4669,140.0269,95.0248,11.0798,164.7878,40.2000
2038-06-29,36.5927,0.0173,27.6437,4.4742,510.4576,147.2069,95.0758,10.9597,171.0758,40.2316
2038-06-30,36.3874,0.0848,27.9774,4.7699,520.4113,154.3149,95.1269,11.2022,177.2398,41.0785
2038-07-01,30.6356,1.1764,46.5451,5.2154,529.6298,158.2991,87.8974,4.1240,181.2015,20.9299
2038-07-02,33.2180,0.0387,36.7830,4.4695,539.3130,163.3942,91.5768,6.7247,185.9480,29.5695
2038-07-03,34.6339,0.2306,35.6270,4.2553,549.2511,168.7966,92.4171,7.4919,190.9136,31.9333
2038-07-04,35.3441,0.0109,35.7547,3.8587,559.3170,174.2955,92.5875,7.5219,195.9416,32.1389
2038-07-05,34.8749,0.4022,34.2713,4.6661,569.2985,179.8488,92.7952,8.0661,200.9728,33.7824
2038-07-06,34.3217,0.0468,36.6982,5.4207,579.1804,185.1149,92.8455,8.4381,205.7932,34.9051
2038-07-07,34.3299,0.0002,37.1897,4.2834,589.0638,190.3413,92.8958,8.0245,210.5763,33.8492
2038-07-08,33.8571,0.1348,37.7469,4.0937,598.8621,195.4522,92.9461,8.0044,215.2638,33.8691
2038-07-09,36.4125,0.0000,30.6904,4.8067,609.1203,201.5584,93.7385,9.2676,220.6137,37.3839
2038-07-10,36.0768,0.0000,32.2717,4.2598,619.3181,207.4719,93.7891,9.0793,225.8196,36.9576
2038-07-11,37.1117,0.0000,30.3384,4.6988,629.7022,213.7235,93.9800,9.5315,231.2386,38.2180
2038-07-12,39.1958,0.0000,25.3601,4.2495,640.4615,220.7872,95.3124,11.1925,237.1724,42.4709
2038-07-13,37.7038,0.3408,32.2885,7.8525,650.9522,226.9580,95.2337,13.2772,242.5233,47.4088
2038-07-14,34.3082,0.0000,28.7565,9.1315,660.8317,232.8824,95.2848,14.2602,247.6129,49.6432
2038-07-15,34.8237,0.0000,16.5773,7.0730,670.8039,239.9207,96.4838,15.1234,253.3276,51.5590
2038-07-16,36.7978,0.0000,16.0372,5.0945,681.1315,247.3939,96.9633,14.5976,259.3193,50.4831
2038-07-17,39.6747,0.0001,22.3783,5.8812,691.9770,254.8271,97.0150,15.2932,265.3552,52.0182
2038-07-18,32.1282,0.0000,34.6687,7.8917,701.4640,259.9254,94.3316,11.7533,269.8607,44.0917
2038-07-19,33.1352,0.1330,30.1597,4.9197,711.1324,265.5408,94.3824,10.1897,274.6717,40.2546
2038-07-20,33.8868,0.0015,26.1941,4.4757,720.9360,271.6053,94.4332,10.0344,279.7388,39.8788
2038-07-21,34.4489,0.0003,28.4682,4.3360,730.8408,277.5774,94.4840,10.0340,284.7658,39.8975
2038-07-22,35.7364,0.0025,29.4486,4.3627,740.9774,283.6810,94.5348,10.1181,289.8967,40.1313
2038-07-23,35.5366,0.0003,30.0763,5.2504,751.0780,289.6975,94.5857,10.6554,294.9667,41.5089
2038-07-24,36.8061,0.0006,27.7711,4.4821,761.4070,296.1276,94.6366,10.3228,300.2860,40.6842
2038-07-25,36.9804,0.0004,28.5715,4.3249,771.7675,302.5158,94.6875,10.3133,305.5800,40.6731
2038-07-26,39.4846,0.0002,26.0372,3.5988,782.5787,309.5656,95.2619,10.7569,311.2889,41.8040
2038-07-27,39.8910,0.0130,25.8688,3.4715,793.4631,316.7022,95.3937,10.8820,317.0433,42.1270
2038-07-28,36.4230,0.0463,30.6623,3.7930,803.7233,322.8125,95.3297,10.9637,322.7918,42.3394
2038-07-29,35.3608,0.1115,31.5230,4.5282,813.7922,328.6763,95.0293,10.9198,328.6262,42.2393
2038-07-30,34.6752,0.9917,30.6198,4.6324,823.7377,334.5056,92.4637,7.6858,334.4252,33.5933
2038-07-31,30.7040,0.8544,42.1850,6.1644,832.9685,338.8240,89.6020,5.5247,338.7329,26.8776
2038-08-01,32.0317,0.9616,39.1093,4.2061,841.7382,342.9889,89.6086,5.0103,342.8863,25.1221
2038-08-02,31.5150,0.8802,42.9973,4.9167,850.4149,346.8270,89.1063,4.8317,346.7177,24.4966
2038-08-03,33.5343,0.0041,34.3961,4.5403,859.4550,351.5177,92.2019,7.3730,351.3897,32.6911
2038-08-04,35.3406,0.0000,27.9606,4.4915,868.8204,356.9373,94.0202,9.4851,356.7798,38.5930
2038-08-05,36.8375,0.0000,22.4307,4.6808,878.4551,363.0126,95.5069,11.7457,362.8155,44.2901
2038-08-06,37.5232,0.0000,21.6016,3.8487,888.2133,369.2637,95.8766,11.8435,369.0239,44.5285
2038-08-07,38.0498,0.0000,22.6124,3.9024,898.0662,375.5184,95.9279,11.9584,375.2353,44.8065
2038-08-08,39.0283,0.0608,22.0318,4.2839,908.0953,381.9776,96.0560,12.4037,381.6478,45.8622
2038-08-09,36.5410,0.0000,25.6432,5.4091,917.6767,387.7557,96.1074,13.2188,387.3877,47.7478
2038-08-10,35.5486,0.1918,27.3020,4.2978,927.0795,393.2560,95.8827,12.1245,392.8530,45.2086
2038-08-11,34.8290,1.0070,33.0219,3.9867,936.3527,398.2241,92.0077,6.9762,397.7947,31.5220
2038-08-12,35.2077,0.1893,29.0478,4.3289,945.6941,403.5423,93.7697,9.0864,403.0799,37.5471
2038-08-13,35.2261,0.0000,24.4333,4.7967,955.0388,409.2094,94.8186,10.7533,408.7065,41.8760
2038-08-14,36.1702,0.0000,24.2172,4.4650,964.5534,415.0403,95.0901,10.9761,414.4944,42.4321
2038-08-15,38.3284,0.0138,20.9363,3.7917,974.4565,421.4760,96.1170,12.2001,420.8768,45.3945
2038-08-16,37.6226,0.0154,26.2098,3.0921,984.2326,427.3749,96.1684,11.8595,426.7316,44.5856
2038-08-17,38.2428,0.2425,26.4468,4.0774,994.1203,433.3490,96.2198,12.5500,432.6601,46.2177
2038-08-18,37.7291,0.0000,24.5911,4.8360,1003.9155,439.3938,96.2712,13.1297,438.6564,47.5569
2038-08-19,33.0676,0.0000,21.9753,10.8360,1012.8717,444.8975,96.3226,17.8885,444.1154,57.6528
2038-08-20,33.3973,0.0000,20.5811,8.4323,1021.8872,450.5536,96.3741,15.9581,449.7234,53.7298
2038-08-21,35.5810,0.0000,20.5652,5.7595,1031.2958,456.5689,96.4256,14.0443,455.6851,49.6160
2038-08-22,37.0859,0.0000,20.8150,4.1369,1040.9752,462.8113,96.4770,13.0317,461.8703,47.3346
2038-08-23,38.3909,0.0000,24.0726,3.4826,1050.8896,469.0014,96.5285,12.6966,468.0055,46.5622
2038-08-24,37.8231,0.0011,29.6270,3.0274,1060.7017,474.6563,95.9151,11.4227,473.6160,43.5356
2038-08-25,38.5549,0.0000,25.8971,3.7156,1070.6456,480.7228,95.9664,11.9083,479.6291,44.7070
2038-08-26,38.2607,0.0000,23.8958,3.5539,1080.5366,486.9069,96.0177,11.8940,485.7558,44.6731
2038-08-27,38.6231,0.0000,25.3005,2.7007,1090.4927,493.0328,96.0691,11.4729,491.8254,43.6584
2038-08-28,39.1221,0.0000,24.0648,3.5304,1100.5387,499.3382,96.1204,12.0460,498.0702,45.0359
2038-08-29,38.5381,0.0000,21.1399,5.9815,1110.4796,505.7914,96.1718,13.7246,504.4572,48.9065
2038-08-30,35.7738,0.0000,27.8892,6.4843,1119.9228,511.2808,95.8192,13.4207,509.8988,48.2227
2038-08-31,35.1619,0.0005,21.5872,6.1105,1129.2560,517.1509,95.8704,13.2621,515.7099,47.8632
2038-09-01,34.8198,0.0010,21.6455,5.0219,1137.2276,522.1617,95.9217,12.6418,520.6697,46.4368
2038-09-02,34.7005,0.0000,23.5189,4.5367,1145.1776,527.0364,95.9731,12.4225,525.4963,45.9250
2038-09-03,34.7895,0.0000,23.8207,3.9481,1153.1437,531.9040,96.0244,12.1435,530.3155,45.2678
2038-09-04,34.7502,0.0001,34.5941,6.4625,1161.1028,536.0786,94.5351,11.2478,534.4591,43.1099
2038-09-05,33.8587,0.0000,42.4611,4.1978,1168.9013,539.6598,92.9398,8.0395,538.0230,34.6548
2038-09-06,32.9943,0.0551,42.3137,4.4418,1176.5443,543.1613,92.5873,7.7459,541.5078,33.8117
2038-09-07,34.1724,0.0000,37.7752,4.7497,1184.3993,547.0689,92.6375,7.9228,545.3899,34.3214
2038-09-08,30.5803,0.0000,26.5447,6.8237,1191.6078,551.2120,93.5572,10.0036,549.4947,39.9786
2038-09-09,29.8084,0.0000,25.0913,4.9092,1198.6773,555.3340,93.8099,9.4085,553.5775,38.4192
2038-09-10,30.6121,0.0000,26.8701,4.7607,1205.8915,559.4629,93.8605,9.4042,557.6680,38.4078
2038-09-11,31.3832,0.0000,29.2201,4.4724,1213.2445,563.5562,93.9112,9.3339,561.7250,38.2206
2038-09-12,31.7062,0.0237,34.8818,4.2813,1220.6556,567.3595,93.7253,9.0089,565.5002,37.3472
2038-09-13,31.6542,0.0089,40.2057,4.1527,1228.0573,570.8464,92.8733,7.9468,568.9673,34.3903
2038-09-14,30.1594,0.9760,46.1666,3.7480,1235.1900,573.8424,88.1778,3.9871,571.9541,21.4061
2038-09-15,32.6926,0.0000,32.2208,4.5679,1242.7787,577.9202,92.3439,7.5326,575.9977,33.1902
2038-09-16,29.6865,0.0000,35.2600,6.0579,1249.8263,581.4687,92.3940,8.1775,579.5208,35.0469
2038-09-17,29.7980,0.0000,30.6784,4.9014,1256.8939,585.2820,92.6315,7.9768,583.3015,34.4763
2038-09-18,31.3242,0.0000,30.6188,3.9668,1264.2363,589.2872,92.9025,7.9049,587.2713,34.2704
2038-09-19,32.1440,0.0000,31.4849,3.7800,1271.7262,593.3423,92.9528,7.8863,591.2911,34.2169
2038-09-20,33.3331,0.0000,30.6041,3.5783,1279.4302,597.5965,93.2521,8.1404,595.5062,34.9418
2038-09-21,34.3034,0.0006,27.3438,3.3233,1287.3088,602.1761,94.0457,8.9746,600.0391,37.2543
2038-09-22,34.5643,0.0001,30.0742,4.9796,1295.2344,606.6161,94.0964,9.8244,604.4365,39.5139
2038-09-23,30.5715,0.0573,41.3083,7.0385,1302.4412,609.9255,92.5837,8.8243,607.7278,36.8451
2038-09-24,25.1816,3.0598,42.1440,14.5941,1248.5759,120.7669,81.7786,2.8958,194.5015,16.3393
2038-09-25,22.7058,0.0000,26.7077,11.3529,1254.3669,123.8733,90.5922,8.2684,198.6925,34.2914
2038-09-26,24.7581,0.0000,26.7229,4.2852,1260.5274,127.2467,92.2745,7.3538,203.2098,31.8065
2038-09-27,27.9451,0.0000,24.5191,3.4843,1267.2615,131.1499,93.4504,8.3293,208.3849,34.6559
2038-09-28,29.8392,0.0000,36.0038,3.0827,1274.3365,134.6750,93.2176,7.9015,213.0586,33.5450
2038-09-29,28.8113,0.0158,42.1178,4.4067,1281.2266,137.7574,92.1267,7.2461,217.1459,31.7215
2038-09-30,27.6097,0.2144,44.7472,3.8823,1287.9003,140.5815,91.3716,6.3411,220.8858,29.0366
2038-10-01,33.8365,0.2923,37.5892,4.1129,1294.6949,143.8853,91.9226,6.9366,225.2014,30.9056
2038-10-02,34.2243,0.0006,39.2743,3.7943,1301.5593,147.1355,91.9725,6.8746,229.4307,30.7651
2038-10-03,33.6903,0.0000,36.7984,3.7192,1308.3275,150.4672,92.1010,6.9741,233.7321,31.1069
2038-10-04,29.0535,6.8889,55.1259,4.6202,1132.2050,75.7293,69.6162,0.7800,129.7605,4.5809
2038-10-05,23.9134,16.9301,78.2673,4.4060,846.8762,35.5861,40.2542,0.0455,64.4062,0.0919
2038-10-06,24.3630,11.4517,71.4620,6.3096,735.8901,17.5083,45.1982,0.1165,33.0507,0.1469
2038-10-07,27.1365,1.0116,53.0251,4.9862,741.4787,19.5180,74.4340,0.9557,36.6258,1.9302
2038-10-08,28.9424,0.0055,40.5027,3.8256,747.3923,22.2264,87.6729,3.7235,41.3765,9.3499
2038-10-09,28.6111,0.0022,43.3998,4.6611,753.2463,24.7744,89.6151,5.1312,45.7842,12.8863
2038-10-10,28.4660,0.0000,37.7135,3.7134,759.0742,27.5647,90.8107,5.8048,50.5412,14.9795
2038-10-11,28.3891,0.0000,32.3427,4.0000,764.8882,30.5878,91.8939,6.8694,55.6155,17.9032
2038-10-12,27.5953,0.0000,33.4295,4.8274,770.5594,33.4822,91.9439,7.2126,60.4029,19.3865
2038-10-13,27.8454,0.0001,36.2198,3.6429,776.2755,36.2795,91.9939,6.8430,64.9682,19.3918
2038-10-14,28.9264,0.0000,35.2158,3.3981,782.1863,39.2269,92.0439,6.8070,69.7135,20.0551
2038-10-15,29.6534,0.0000,31.3697,4.6654,788.2279,42.4249,92.4406,7.6736,74.7867,22.6760
2038-10-16,25.6407,0.1029,46.3817,7.3411,793.5472,44.5974,90.9138,7.0723,78.2068,21.9065
2038-10-17,22.7450,0.0098,46.7078,4.5718,798.3453,46.5229,90.2315,5.5799,81.2140,18.8257
2038-10-18,25.1576,0.0614,43.7089,3.4153,803.5777,48.7624,90.2809,5.3014,84.6787,18.5521
2038-10-19,25.6025,0.4280,63.7117,5.2566,808.8902,50.2306,87.9984,4.1928,86.9610,15.8049
2038-10-20,28.7135,0.3821,59.7883,6.7145,814.7626,52.0471,88.0471,4.5440,89.7596,17.0878
2038-10-21,26.5218,1.1616,55.8603,6.7197,820.2405,53.8945,84.1367,2.6294,92.5812,11.3663
2038-10-22,24.4410,0.0001,34.1989,4.5262,825.3439,56.4410,89.6619,5.1308,96.4011,19.4139
2038-10-23,24.6159,0.0000,33.4982,3.8734,830.4788,59.0322,90.9100,5.9352,100.2495,21.9939
2038-10-24,25.6390,0.0000,37.5483,3.4201,835.7978,61.5624,90.9596,5.8424,103.9781,22.1415
2038-10-25,26.4832,0.0000,39.5088,3.7104,841.2688,64.0906,91.0093,5.9706,107.6739,22.8624
2038-10-26,26.2461,0.0000,42.5983,3.9860,846.6971,66.4690,91.0590,6.0971,111.1281,23.5437
2038-10-27,27.1647,0.0000,38.4849,3.4025,852.2907,69.1035,91.1087,5.9624,114.9140,23.5260
2038-10-28,25.9318,1.6441,47.4136,3.9400,857.6624,67.7057,83.0612,1.9848,113.0921,10.0949
2038-10-29,17.9169,17.2543,78.8344,17.5243,686.7613,30.5659,45.7452,0.2228,55.0109,0.4014
2038-10-30,13.8294,4.3481,71.4601,15.2283,665.1097,21.2871,49.1540,0.3181,39.4200,0.4527
2038-10-31,15.2533,0.0025,55.5749,8.7857,668.5593,22.3879,71.0958,1.0097,41.3168,2.3857
2038-11-01,15.9366,0.0010,42.1714,5.6450,671.1319,23.6940,82.4172,1.9940,43.5448,5.4648
2038-11-02,18.2747,0.0000,33.2300,5.5746,674.1254,25.4092,88.1360,4.3454,46.4421,11.3715
2038-11-03,20.7127,0.0002,32.7663,7.6945,677.5577,27.3535,90.1686,6.4722,49.6918,16.1228
2038-11-04,16.1825,0.0026,58.9646,7.2551,680.1745,28.2938,87.7499,4.4749,51.2571,12.3199
2038-11-05,16.8538,0.0003,55.5808,4.2831,682.9122,29.3511,87.5692,3.7542,53.0067,10.8987
2038-11-06,17.8714,0.0206,50.2252,8.3942,685.8330,30.6030,87.6178,4.6505,55.0635,13.2282
2038-11-07,13.2112,0.0251,51.1199,11.6439,687.9150,31.5305,87.6306,5.4880,56.5778,15.2664
2038-11-08,14.0357,0.0205,53.8802,7.7695,690.1455,32.4559,87.4132,4.3766,58.0831,12.9988
2038-11-09,14.0704,0.0229,58.6665,4.7190,692.3821,33.2873,86.8196,3.4487,59.4314,10.8767
2038-11-10,14.6032,0.0034,50.8554,4.3287,694.7147,34.3104,86.8679,3.4048,61.0794,10.9395
2038-11-11,14.5589,0.0066,49.4396,4.6397,697.0393,35.3601,86.9162,3.4824,62.7607,11.3234
2038-11-12,14.3742,0.0001,48.4349,4.5814,699.3307,36.4180,86.9646,3.4962,64.4459,11.5388
2038-11-13,14.5279,0.0037,51.1937,5.7432,701.6497,37.4292,87.0129,3.7326,66.0499,12.3380
2038-11-14,14.5332,0.0143,53.0259,4.6535,703.9697,38.4028,87.0613,3.5575,67.5881,12.0340
2038-11-15,12.7825,0.0013,54.4030,5.3195,705.9745,39.2421,87.0356,3.6655,68.9084,12.4652
2038-11-16,11.9303,0.0012,57.8674,5.1966,707.8260,39.9699,86.5716,3.4106,70.0507,11.8808
2038-11-17,12.0257,0.0119,57.7971,6.4541,709.6946,40.7044,86.4146,3.5539,71.1996,12.3967
2038-11-18,11.9927,0.2159,63.1628,6.6282,711.5573,41.3438,85.7518,3.2663,72.1999,11.6810
2038-11-19,11.1316,0.2108,62.9573,6.5838,713.2650,41.9445,85.4682,3.1326,73.1367,11.3797
2038-11-20,11.0424,0.1723,63.2458,4.8421,714.9566,42.5362,85.3335,2.8163,74.0573,10.5083
2038-11-21,13.0651,0.1323,64.3964,4.6488,717.0123,43.2048,85.3623,2.8001,75.0969,10.5476
2038-11-22,12.1056,7.5579,85.0304,9.2131,663.7417,24.5125,39.7034,0.0522,44.8813,0.0813
2038-11-23,14.0888,10.1402,91.8540,6.2267,598.1369,12.1304,18.6776,0.0001,23.0901,0.0001
2038-11-24,13.3017,0.5701,82.5947,4.9001,600.2352,12.4627,35.3416,0.0168,23.6954,0.0170
2038-11-25,13.0933,0.2101,71.7290,3.4773,602.2959,12.9947,53.3613,0.2842,24.6593,0.2947
2038-11-26,10.1966,0.7064,53.1422,8.3094,603.8353,13.6965,69.2853,0.9295,25.9230,0.9959
2038-11-27,6.8132,0.1146,41.6652,10.1462,604.7657,14.3085,79.4057,1.7855,27.0188,3.4223
2038-11-28,10.0100,0.0002,41.4590,4.5097,606.2715,15.1708,84.0447,2.3236,28.5552,4.7611
2038-11-29,14.5227,0.0328,58.2972,4.6611,608.5896,16.0345,84.6926,2.5553,30.0873,5.4305
2038-11-30,15.3715,1.8934,70.2381,5.5433,611.0605,14.8692,70.3839,0.8375,28.0330,0.9450
2038-12-01,12.6669,2.9658,67.9305,5.4590,602.3802,11.4607,57.3946,0.4493,21.8806,0.4312
2038-12-02,7.9407,0.0029,47.4066,4.7175,603.5136,12.0010,71.7321,0.8410,22.8653,0.8303
2038-12-03,9.5489,0.0013,44.7600,4.0082,604.9364,12.6695,79.9507,1.3846,24.0783,2.2207
2038-12-04,9.8875,0.0008,55.0570,3.4544,606.4201,13.2307,82.5764,1.8214,25.0927,3.3074
2038-12-05,12.4070,0.0055,53.2390,2.9280,608.3574,13.9484,84.2990,2.2200,26.3845,4.2938
2038-12-06,12.2007,0.0000,53.6089,2.3087,610.2575,14.6496,84.9863,2.3628,27.6404,4.7369
2038-12-07,11.6544,0.0009,53.1830,2.3374,612.0593,15.3282,85.2873,2.4665,28.8501,5.0964
2038-12-08,12.3428,0.5704,57.9337,4.2958,613.9850,15.9708,84.2930,2.3765,29.9913,5.0390
2038-12-09,12.6128,28.8304,90.5058,5.4830,449.1223,6.4953,22.1927,0.0004,12.5374,0.0003
2038-12-10,12.7226,1.8082,78.1630,5.0319,451.1164,5.7520,36.1149,0.0201,11.1486,0.0129
2038-12-11,15.0959,0.0015,55.3087,3.1434,453.5377,6.5745,60.5924,0.4973,12.6892,0.3426
2038-12-12,15.1767,0.0151,63.8034,3.3959,455.9735,7.2441,72.7665,0.8182,13.9347,0.5952
2038-12-13,15.1610,7.3277,85.3100,5.5156,429.8354,3.7223,36.5910,0.0229,7.2868,0.0117
2038-12-14,12.9167,2.6498,62.1876,4.9031,431.8645,2.7200,47.8975,0.1603,5.3557,0.0711
2038-12-15,9.8798,0.0005,44.9101,6.1108,433.3468,3.4074,68.5036,0.8116,6.6834,0.3986
2038-12-16,11.5040,0.0047,50.8785,3.9884,435.1215,4.1110,78.0727,1.1589,8.0322,0.6232
2038-12-17,10.2171,1.2073,64.3527,6.9837,436.6646,4.5694,73.9025,1.0299,8.9058,0.5841
2038-12-18,6.4158,0.0094,45.0658,9.9390,437.5235,5.0386,80.8783,2.0634,9.7952,1.7744
2038-12-19,5.5977,0.0006,44.9789,5.5151,438.2350,5.4574,83.6014,2.3049,10.5852,2.2688
2038-12-20,6.9113,0.0000,45.4825,3.3685,439.1831,5.9537,84.9163,2.4686,11.5171,2.6658
2038-12-21,8.3731,0.0007,45.1829,2.6557,440.3942,6.5438,85.7037,2.6558,12.6189,3.1271
2038-12-22,10.4591,0.2878,63.4767,3.3561,441.9809,7.0236,85.3534,2.6203,13.5104,3.2277
2038-12-23,10.2582,0.0250,53.2994,3.9494,443.5313,7.6264,85.4012,2.7178,14.6241,3.5609
2038-12-24,12.0365,0.0000,44.3382,3.6110,445.4019,8.4573,86.4355,3.0887,16.1481,4.3829
2038-12-25,13.6460,0.0000,55.8589,3.7589,447.5622,9.1970,86.4837,3.1330,17.4952,4.6841
2038-12-26,13.9428,0.0110,68.9733,4.4271,449.7759,9.7274,85.2667,2.7326,18.4569,4.1962
2038-12-27,13.2889,2.5929,64.6070,6.1601,451.8719,7.7157,66.0758,0.7495,14.7996,0.5650
2038-12-28,12.9184,0.0001,43.6032,4.5123,453.9012,8.6141,78.7804,1.2666,16.4478,1.1206
2038-12-29,15.6855,0.0025,42.2437,4.7650,456.4286,9.7158,84.9481,2.6601,18.4498,4.0741
2038-12-30,12.6971,0.0000,33.2562,3.6719,458.4181,10.7623,87.7353,3.7279,20.3312,6.1121
2038-12-31,15.8050,0.0134,54.1079,3.6199,460.9670,11.6439,87.6231,3.6589,21.9045,6.2815
2039-01-01,15.6604,0.0024,69.7953,4.0395,463.4898,12.2671,85.6490,2.8259,23.0116,5.0318
2039-01-02,12.5901,0.0093,76.3553,2.7277,465.4601,12.6656,83.9224,2.0897,23.7178,3.7190
2039-01-03,17.2470,0.0154,64.8622,3.7557,468.2685,13.4593,84.2236,2.2912,25.1140,4.2898
2039-01-04,17.7272,0.0000,54.3808,3.2839,471.1634,14.5167,85.5428,2.6804,26.9569,5.2947
2039-01-05,19.5625,0.0000,54.1868,3.5694,474.3887,15.6820,86.2661,3.0093,28.9699,6.2084
2039-01-06,18.7824,0.0001,51.2303,4.1616,477.4735,16.8758,86.7675,3.3285,31.0114,7.1155
2039-01-07,13.8078,0.0000,39.0893,3.7378,479.6629,17.9937,87.7909,3.7701,32.9017,8.2450
2039-01-08,18.2050,0.0006,52.2803,4.9878,482.6438,19.1278,87.8395,4.0433,34.8070,9.0572
2039-01-09,15.7534,0.3434,63.2745,4.5628,485.1834,19.8898,86.5611,3.2985,36.0817,7.7465
2039-01-10,10.1912,0.0016,32.2124,5.6488,486.7218,20.8321,88.1703,4.3832,37.6369,10.1475
2039-01-11,6.5261,0.0071,36.0238,6.6003,487.6005,21.4327,88.2191,4.6307,38.6214,10.7779
2039-01-12,5.7324,0.0003,52.5979,5.6599,488.3363,21.8314,87.1188,3.7734,39.2735,9.1681
2039-01-13,6.4893,0.0000,42.0068,3.7859,489.2084,22.3733,87.1672,3.4571,40.1554,8.6166
2039-01-14,8.8712,0.0000,45.3623,5.3471,490.5092,23.0440,87.2157,3.7660,41.2439,9.4226
2039-01-15,7.3741,0.0000,34.0741,6.1743,491.5406,23.7318,87.8451,4.2959,42.3516,10.6829
2039-01-16,8.2828,0.0000,34.3367,3.9104,492.7355,24.4902,88.1483,4.0029,43.5670,10.2433
2039-01-17,12.4629,0.0000,53.0239,4.0192,494.6828,25.2746,87.5709,3.7055,44.8238,9.7648
2039-01-18,13.1777,0.0103,60.0335,5.5268,496.7588,25.9771,86.6231,3.4932,45.9474,9.4284
2039-01-19,17.6330,0.0129,56.2045,6.1054,499.6367,26.9871,86.6713,3.6212,47.5530,9.9203
2039-01-20,13.6581,0.0003,39.5319,5.3849,501.7992,28.0858,87.7135,4.0513,49.2765,11.1150
2039-01-21,10.6489,0.0000,38.1232,4.5615,503.4200,28.9808,87.9013,3.9925,50.6692,11.1628
2039-01-22,12.1912,0.0000,45.8591,3.8699,505.3184,29.8666,87.9500,3.8828,52.0433,11.0834
2039-01-23,12.5799,0.0000,50.0898,4.0650,507.2868,30.7072,87.8097,3.8432,53.3421,11.1506
2039-01-24,8.9113,0.0039,53.5041,4.9071,508.5948,31.2803,87.0820,3.6139,54.2232,10.7052
2039-01-25,6.2901,0.4698,57.9928,11.6731,509.4310,31.6624,86.0336,4.3813,54.8086,12.5863
2039-01-26,5.2701,0.0336,59.2076,9.8330,510.0836,31.9823,85.4338,3.6723,55.2969,10.9732
2039-01-27,6.7574,0.0000,32.6081,4.0348,511.0040,32.6342,87.1581,3.4962,56.2825,10.6499
2039-01-28,8.0150,0.0000,38.0070,3.7723,512.1507,33.3299,87.4203,3.5818,57.3321,10.9829
2039-01-29,10.4473,0.0000,31.3942,4.2780,513.7352,34.3052,88.5994,4.3503,58.7951,13.0275
2039-01-30,6.5791,0.0007,43.9271,5.3150,514.6234,34.8353,88.1853,4.3193,59.5869,13.0535
2039-01-31,7.1942,0.0000,34.6088,3.5414,515.6224,35.5030,88.2340,3.9778,60.5783,12.3448
2039-02-01,10.7721,0.0000,40.0736,5.0933,517.2654,36.5136,88.2828,4.3315,62.0729,13.3908
2039-02-02,12.2103,0.0042,50.5725,3.6691,519.1672,37.4481,87.8636,3.7964,63.4538,12.2178
2039-02-03,10.9465,0.1643,65.1243,3.3855,520.8416,38.0449,86.0326,2.8852,64.3405,9.8397
2039-02-04,15.2599,0.0014,49.2782,3.4605,523.2924,39.2237,86.4981,3.0926,66.0671,10.5940
2039-02-05,17.1467,0.0018,51.6069,4.1905,526.0828,40.4780,86.6153,3.2622,67.8959,11.2503
2039-02-06,16.3802,0.0131,53.1327,3.7716,528.7352,41.6417,86.6636,3.2159,69.5831,11.2843
2039-02-07,14.6388,0.2201,60.5307,3.3036,531.0742,42.5242,86.4207,3.0349,70.8630,10.8809
2039-02-08,15.3901,4.6491,67.6020,6.3308,514.7728,29.4136,57.0040,0.4554,51.4742,0.7823
2039-02-09,9.0304,0.0161,39.6115,7.6615,516.1023,30.2826,74.3703,1.0902,52.8175,3.3020
2039-02-10,12.8332,0.0000,37.0368,5.0749,518.1163,31.5288,83.3906,2.1930,54.7312,6.9825
2039-02-11,15.5616,0.0001,51.5727,7.2652,520.6213,32.6749,85.4162,3.2187,56.4869,9.9645
2039-02-12,14.6163,0.0021,57.5174,6.1755,522.9563,33.6234,85.4640,3.0671,57.9345,9.7165
2039-02-13,15.9823,0.7644,64.1665,7.2791,525.5371,34.4929,82.3703,2.1526,59.2618,7.2339
2039-02-14,14.6461,3.4568,65.9286,7.6275,516.3338,26.3659,61.5962,0.6602,46.7622,1.2841
2039-02-15,13.1987,0.3656,34.8570,5.1323,518.4135,27.6891,78.6870,1.2957,48.8547,3.7825
2039-02-16,13.8821,0.0986,42.5883,5.4629,520.6163,28.9109,84.5269,2.6014,50.7730,7.7615
2039-02-17,18.5177,0.6794,50.6723,5.4954,523.6535,30.2855,84.9292,2.7527,52.9195,8.3746
2039-02-18,18.4415,0.0000,32.8392,3.4525,526.6770,32.1498,88.7852,4.2859,55.7863,12.4937
2039-02-19,20.6132,0.0000,35.2395,3.6506,530.0913,34.1473,89.8446,5.0396,58.8217,14.6122
2039-02-20,20.8643,0.0000,40.3117,3.8256,533.5509,36.0096,89.8939,5.1203,61.6219,15.1786
2039-02-21,19.9580,0.0000,44.3750,3.6171,536.8474,37.6735,89.9138,5.0812,64.1011,15.4241
2039-02-22,18.0411,0.0002,47.9678,3.9170,539.7987,39.0882,89.2910,4.7178,66.1934,14.8369
2039-02-23,18.6885,0.0054,53.9509,4.6769,542.8667,40.3826,88.4218,4.3270,68.1007,14.1038
2039-02-24,21.0676,0.0443,55.8200,5.3509,546.3629,41.7738,88.2051,4.3395,70.1406,14.3740
2039-02-25,20.2795,0.0141,65.9286,6.3054,549.7172,42.8086,86.6925,3.6689,71.6651,12.7626
2039-02-26,22.2548,0.3008,60.4245,7.2752,553.4270,44.1215,86.7407,3.8791,73.5781,13.5394
2039-02-27,22.9437,0.9038,56.2393,7.4537,557.2609,45.6161,84.3237,2.7979,75.7337,10.5951
2039-02-28,16.0959,0.0050,22.9108,5.8541,559.8622,47.4992,89.9683,5.7322,78.3749,18.8429
2039-03-01,16.8536,4.7516,42.4849,10.4200,541.8128,33.6423,68.8471,1.0196,58.2435,3.3155
2039-03-02,17.5260,4.2993,55.8934,8.2742,527.5126,24.2635,61.5238,0.6794,43.5223,1.2008
2039-03-03,14.5132,2.2500,45.2299,8.5620,529.8289,22.1703,68.0216,0.9042,40.1414,1.9562
2039-03-04,13.2518,0.0065,23.4408,6.7504,531.9183,24.0433,83.8085,2.5208,43.2043,6.7997
2039-03-05,17.1275,0.0000,13.0681,4.7941,534.7052,26.7443,91.9761,7.2334,47.5436,17.1173
2039-03-06,20.4730,0.0002,26.4125,4.7444,538.0943,29.4503,92.0261,7.2665,51.8115,17.9744
2039-03-07,21.1915,0.0051,40.5339,3.9735,541.6128,31.7099,91.2111,6.2266,55.3224,16.5927
2039-03-08,21.8289,0.0006,47.4083,3.3569,545.2460,33.7655,90.1507,5.1882,58.4776,14.8934
2039-03-09,24.5242,0.0010,46.6998,2.9372,549.3644,36.0936,90.2001,5.1156,62.0030,15.2201
2039-03-10,26.9798,0.0008,41.7964,3.3249,553.9247,38.8795,90.2495,5.2536,66.1512,16.0970
2039-03-11,25.5189,0.0002,41.7774,3.6865,558.2221,41.5213,90.2990,5.3882,70.0218,16.9269
2039-03-12,24.2429,0.0006,39.8506,4.9439,562.2898,44.1197,90.3484,5.7814,73.7689,18.3492
2039-03-13,21.0940,0.0697,41.6999,4.5365,565.7908,46.3253,90.3979,5.7041,76.9081,18.5839
2039-03-14,18.4288,10.1942,61.2519,6.8440,514.4390,24.7826,54.1971,0.3655,44.2375,0.5640
2039-03-15,13.8352,7.3626,55.5440,10.5405,483.5561,14.6863,50.4141,0.2934,27.2999,0.3252
2039-03-16,10.6747,14.6701,66.2947,9.4561,419.0474,7.2331,36.4611,0.0271,13.8678,0.0197
2039-03-17,11.3391,7.2732,59.3961,11.3369,394.8985,4.3118,42.5767,0.0980,8.3944,0.0539
2039-03-18,10.5230,1.2927,41.5199,8.4058,396.4967,5.4704,63.3500,0.7502,10.5760,0.4666
2039-03-19,10.9036,0.0732,39.7165,6.3355,398.1633,6.7039,77.8849,1.2840,12.8662,0.8917
2039-03-20,15.6971,1.0049,55.5705,4.8018,400.6928,7.9760,78.5034,1.2534,15.1958,0.9597
2039-03-21,20.5275,0.0771,48.8390,4.7839,404.0917,9.8621,85.0055,2.6837,18.5900,4.1348
2039-03-22,20.2971,0.0030,49.3055,4.4111,407.4492,11.7111,86.8273,3.3993,21.8520,5.8460
2039-03-23,20.5020,0.0063,49.5651,4.4346,410.8436,13.5683,87.3562,3.6696,25.0669,6.8341
2039-03-24,20.8591,1.8452,52.9282,3.7339,414.3022,13.7839,77.4490,1.0874,25.4510,1.5617
2039-03-25,20.5897,0.1901,37.2422,5.9284,417.7123,16.1042,86.7406,3.6245,29.3770,7.4375
2039-03-26,20.4362,0.0007,26.4847,4.7997,421.0949,18.8030,90.7756,6.1007,33.8296,12.5114
2039-03-27,23.7554,0.0000,29.4080,3.3415,425.0748,21.7939,91.6741,6.4415,38.6356,14.0293
2039-03-28,25.6527,0.0051,37.2762,5.9051,429.3963,24.6543,91.7241,7.3818,43.1192,16.5052
2039-03-29,25.2085,0.2570,45.6050,8.1808,433.6378,27.0936,90.8199,7.2797,46.8667,17.0691
2039-03-30,24.6277,0.0002,37.6791,4.7900,437.7748,29.8268,90.8695,6.1799,50.9715,15.7841
2039-03-31,27.7373,0.0000,37.1903,4.7182,442.4715,32.9142,90.9997,6.2730,55.5061,16.7153
2039-04-01,24.5954,0.0001,31.9537,4.5415,447.8527,37.1531,91.4265,6.6067,61.5425,18.3613
2039-04-02,25.0553,0.0045,33.2084,6.6685,453.3167,41.3883,91.4764,7.4063,67.3938,20.9361
2039-04-03,24.4586,0.0000,35.5602,3.8030,458.6732,45.3811,91.5262,6.4561,72.7640,19.7452
2039-04-04,23.8696,0.0041,42.3112,6.0248,463.9237,48.8733,91.0956,6.7921,77.3697,21.1615
2039-04-05,24.4054,0.0012,32.0069,5.8690,469.2707,53.0775,91.4128,7.0500,82.7548,22.5097
2039-04-06,24.0331,0.0023,36.1820,7.1562,474.5507,56.9660,91.4627,7.5759,87.6329,24.4016
2039-04-07,24.3571,0.0014,30.5212,5.9286,479.8890,61.2539,91.7213,7.3876,92.8720,24.6993
2039-04-08,24.7689,0.0004,25.4871,5.1367,485.3014,65.9270,92.7115,8.1632,98.4265,27.2392
2039-04-09,24.2839,0.0000,27.8736,4.6137,490.6265,70.3655,92.7617,8.0072,103.5892,27.5431
2039-04-10,21.2339,2.9169,51.5645,7.4381,487.7510,57.9099,75.0306,1.1162,89.3105,5.1510
2039-04-11,21.6623,1.7515,45.1381,7.3917,492.6042,57.1603,78.7415,1.4591,88.6142,6.6373
2039-04-12,14.2023,1.7205,51.9011,12.3110,496.1146,55.5075,75.4627,1.4625,86.7501,6.5550
2039-04-13,14.2357,7.1724,85.9890,14.7345,468.9713,32.5662,41.1157,0.0898,55.4978,0.1629
2039-04-14,16.3866,21.6530,86.8777,7.0702,378.6958,12.3635,22.1659,0.0004,22.8611,0.0004
2039-04-15,13.3753,7.4617,84.8305,10.1881,357.8286,6.9585,25.2969,0.0014,13.2718,0.0010
2039-04-16,14.1991,0.0992,51.4941,7.4686,361.3385,8.7576,57.3743,0.4964,16.5146,0.3997
2039-04-17,17.0904,0.0006,28.7168,8.5372,365.3687,11.9012,81.3381,2.0262,22.0100,3.3936
2039-04-18,17.9531,0.0000,27.6012,8.7090,369.5543,15.2453,88.9676,5.7339,27.6400,10.6578
2039-04-19,17.9106,0.0007,29.5670,6.6346,373.7322,18.4914,90.4235,6.3635,32.9118,12.7462
2039-04-20,18.6474,0.0000,32.6478,4.9901,378.0427,21.7158,90.4730,5.8990,37.9778,12.9747
2039-04-21,20.4936,0.0005,35.3276,4.7701,382.6856,25.1014,90.5225,5.8754,43.1303,13.8650
2039-04-22,20.9604,0.0079,37.9376,5.0668,387.4125,28.4206,90.5721,6.0063,48.0321,14.9552
2039-04-23,20.2980,2.1724,48.0427,4.9687,392.0201,27.4212,77.5448,1.1660,46.6795,3.2205
2039-04-24,21.3838,1.3279,43.8209,5.0176,396.8232,30.4834,80.8958,1.6134,51.1447,4.9540
2039-04-25,20.2474,8.5246,59.6637,4.5686,371.7328,17.7771,54.7199,0.3424,31.7574,0.4201
2039-04-26,16.9758,13.6887,80.7471,6.0619,328.3489,8.8896,32.2740,0.0085,16.6521,0.0069
2039-04-27,20.5480,2.1307,46.5918,6.0919,333.0015,9.8605,62.4302,0.6385,18.3617,0.5486
2039-04-28,21.5449,2.9554,45.1863,5.4674,332.5151,9.8557,69.6647,0.8152,18.3516,0.7003
2039-04-29,22.2815,0.8178,40.0876,5.3867,337.4798,13.2518,82.9284,2.0990,24.1344,3.7859
2039-04-30,23.5181,0.1310,36.9993,4.3426,342.6671,17.0118,88.7083,4.4333,30.2671,9.0354
2039-05-01,23.0034,0.0190,38.7383,4.9496,349.2117,20.8993,89.6664,5.2449,36.3586,11.5310
2039-05-02,23.3874,0.0000,31.7810,6.1025,355.8254,25.2971,91.0382,6.7632,42.9589,15.4177
2039-05-03,22.3731,0.0011,34.1964,5.5536,362.2566,29.3636,91.0879,6.6255,48.8317,16.2568
2039-05-04,25.8330,0.0036,37.8149,3.9302,369.3105,33.7728,91.1377,6.1484,54.9768,16.3803
2039-05-05,28.7815,0.0000,37.6670,3.5718,376.8952,38.6764,91.1874,6.0813,61.5599,17.2712
2039-05-06,29.8822,0.0000,36.8704,4.8724,384.6780,43.8256,91.4146,6.7064,68.2206,19.6124
2039-05-07,28.6448,0.1267,33.5377,7.5579,392.2380,49.0302,91.8322,8.1467,74.7125,23.6420
2039-05-08,21.6320,0.0001,31.6044,7.7692,398.5358,53.1233,91.8821,8.2923,79.6906,24.7502
2039-05-09,24.3937,0.0000,24.5922,4.9885,405.3307,58.1844,92.8460,8.2570,85.6365,25.6034
2039-05-10,27.2063,0.0035,31.6075,4.5577,412.6318,63.2811,92.8963,8.1368,91.4864,26.2139
2039-05-11,27.4479,0.0304,27.5516,6.0628,419.9764,68.7261,92.9466,8.8401,97.5456,28.6400
2039-05-12,24.4165,0.6738,39.4453,6.7377,426.7754,72.7939,89.7070,5.7728,102.0653,21.7554
2039-05-13,24.9028,2.1764,64.0922,4.3112,433.6619,65.4540,75.4263,0.9752,95.0445,4.6992
2039-05-14,25.3330,0.0072,40.2827,5.3885,440.6258,69.6097,87.0426,3.6819,99.8025,15.4437
2039-05-15,26.4136,0.0004,25.2976,5.1061,447.7843,75.0206,92.2652,7.6543,105.7490,26.9612
2039-05-16,27.5979,0.1908,26.8813,4.8632,455.1559,80.5449,92.9685,8.3471,111.6815,29.3150
2039-05-17,28.5346,0.0098,24.1927,4.9046,462.6961,86.4592,93.7147,9.2827,117.8602,32.2115
2039-05-18,26.5433,0.0207,27.6843,4.9800,469.8779,91.7220,93.7653,9.3838,123.2815,33.0267
2039-05-19,23.9054,9.9597,53.6500,6.0612,434.3146,51.0134,63.3055,0.6652,78.8678,2.5533
2039-05-20,26.6642,0.7820,45.9055,5.2614,441.5182,54.9673,82.3168,1.9317,83.8402,8.2398
2039-05-21,27.3282,0.0825,41.3927,5.7983,448.8413,59.3536,88.8072,4.8390,89.2137,17.8459
2039-05-22,27.3067,0.5492,44.9693,5.7248,456.1605,63.4691,89.1573,5.0696,94.1787,19.0113
2039-05-23,26.5603,0.9411,44.3598,6.4873,463.3454,67.5208,87.4310,4.1132,98.9815,16.7179
2039-05-24,26.3630,0.0143,36.9420,5.3895,470.4947,72.0800,90.2514,5.8311,104.2370,22.1378
2039-05-25,26.7214,0.3756,38.2284,6.2053,477.7085,76.6044,90.5886,6.3760,109.3649,24.1188
2039-05-26,26.4259,0.3824,38.2337,6.9744,484.8692,81.0804,90.6382,6.6750,114.3545,25.4045
2039-05-27,27.4649,0.0061,34.0205,4.9649,492.2169,86.0421,91.4468,6.7686,119.7513,26.1577
2039-05-28,27.9766,0.2039,34.5089,4.9558,499.6567,91.0554,91.5656,6.8806,125.1113,26.9241
2039-05-29,26.2100,8.4556,46.4743,7.1590,469.1453,53.5101,70.4312,0.9099,83.2746,3.9303
2039-05-30,26.1336,0.2675,33.4147,6.4093,476.2533,58.2840,87.7538,4.2905,89.2591,16.3180
2039-05-31,27.0691,0.0027,21.8499,5.1841,483.5297,64.0796,93.1941,8.7553,96.2654,28.2709
2039-06-01,28.9360,0.0000,24.4553,4.0662,492.1422,70.0533,93.7508,8.9434,103.3342,29.6645
2039-06-02,31.3448,0.0027,26.6696,4.1025,501.1883,76.3169,93.8014,9.0230,110.5497,30.7625
2039-06-03,31.6671,0.0150,24.7960,5.1526,510.2924,82.8043,94.1793,10.0249,117.8147,33.8989
2039-06-04,31.6591,0.0028,27.6739,4.8109,519.3950,89.0420,94.2301,9.9231,124.6576,34.4195
2039-06-05,30.8876,0.0040,29.4377,6.3489,528.3588,94.9842,94.2808,10.7982,131.0642,37.0524
2039-06-06,30.0988,0.0000,28.6447,5.5066,537.1806,100.8451,94.3316,10.4223,137.2671,36.7676
2039-06-07,31.6547,0.0253,28.0674,3.8929,546.2824,107.0479,94.3824,9.6760,143.6988,35.5190
2039-06-08,32.4102,0.0898,29.9685,3.7336,555.5203,113.2262,94.4332,9.6661,150.0131,35.9360
2039-06-09,31.4342,0.1994,34.7692,3.9832,564.5824,118.8133,93.8248,8.9981,155.7072,34.6196
2039-06-10,31.1820,0.1741,35.8906,3.8864,573.5992,124.2618,93.4887,8.5454,161.2127,33.7433
2039-06-11,34.4177,0.0028,28.4429,3.9167,583.1983,130.9528,93.8800,9.0369,167.7424,35.3294
2039-06-12,36.5580,0.0041,22.7010,4.2542,593.1828,138.6163,95.3923,11.3178,174.9979,41.2547
2039-06-13,35.6232,0.1985,29.9100,4.6588,602.9990,145.3926,95.3334,11.4585,181.4244,41.8507
2039-06-14,32.1410,4.0541,44.7330,5.4225,593.9878,89.6379,81.1718,1.6990,130.1673,9.4942
2039-06-15,27.1523,0.3875,54.2657,11.7192,602.2792,93.0395,86.7369,4.8501,134.2370,21.6383
2039-06-16,30.1876,0.0037,27.3936,8.4484,611.1170,99.0201,92.7383,9.6821,140.9460,35.3249
2039-06-17,31.6698,0.0163,22.0287,4.9990,620.2216,105.7468,94.6207,10.5721,148.2869,37.9845
2039-06-18,33.5165,0.0026,20.7530,4.1950,629.6585,112.9689,95.3479,11.2158,155.9770,40.0009
2039-06-19,36.2483,0.0002,21.0924,4.0800,639.5872,120.7275,95.7665,11.8048,164.0435,41.8344
2039-06-20,36.9135,0.0660,25.9056,4.9281,649.6356,128.1426,95.8178,12.4062,171.6426,43.5952
2039-06-21,35.7215,0.0059,24.6770,4.5615,659.4695,135.4443,95.8691,12.2641,178.9864,43.6113
2039-06-22,33.9344,0.1165,22.2698,5.5311,668.9817,142.6136,95.9204,12.9680,186.0642,45.4772
2039-06-23,32.6297,0.0075,25.0537,6.7842,678.2591,149.2688,95.7975,13.5851,192.5811,47.0719
2039-06-24,32.7087,0.0261,24.9750,5.6550,687.5506,155.9465,95.7921,12.8243,199.0337,45.5814
2039-06-25,35.7349,0.0001,22.3133,4.9723,697.3869,163.4801,95.8434,12.4771,206.1481,44.9782
2039-06-26,34.9465,0.0171,23.3368,4.3533,707.0813,170.7553,95.8947,12.1783,212.9473,44.4394
2039-06-27,37.8476,0.0823,24.6632,3.0853,717.2978,178.4800,95.9460,11.5042,220.0663,42.9830
2039-06-28,36.9926,0.0603,22.3923,5.6250,727.3605,186.2629,95.9973,13.1659,227.1219,46.9541
2039-06-29,37.2836,0.0150,20.3428,5.1026,737.4755,194.3123,96.1247,13.0467,234.2936,46.7878
2039-06-30,36.7446,0.0000,23.4058,4.4780,747.4936,201.9435,96.1761,12.7306,241.0687,46.1491
2039-07-01,36.6892,0.0000,27.4144,3.3295,757.8016,208.3855,96.0379,11.7925,246.9802,44.0168
2039-07-02,38.4491,0.0189,26.4703,3.7139,768.4265,215.2152,96.0893,12.1069,253.1673,44.8161
2039-07-03,39.4187,0.0747,26.7080,4.2465,779.2258,222.1897,96.1407,12.5229,259.4380,45.8377
2039-07-04,34.1724,1.3959,43.1158,3.4803,789.0809,226.9020,88.6831,4.2295,264.0113,22.1686
2039-07-05,36.6705,1.1919,43.2484,3.3368,799.3856,231.9362,89.2684,4.5671,268.8558,23.4246
2039-07-06,40.0440,0.1048,30.6174,6.7550,810.2975,238.6406,94.2205,10.9300,274.8881,42.1155
2039-07-07,34.7809,0.0002,37.0228,9.5107,820.2620,243.9476,93.8554,11.9388,279.8358,44.5846
2039-07-08,29.8540,2.4602,50.1735,11.5135,829.3398,127.4381,83.6278,3.1292,184.1385,17.1530
2039-07-09,29.0524,10.3408,54.9404,8.8156,737.6095,64.5248,69.6903,0.9658,105.8916,5.0263
2039-07-10,27.2299,21.9425,75.7605,5.3231,576.8656,27.8381,46.0273,0.1256,49.6823,0.2105
2039-07-11,31.2630,0.5881,46.1098,5.8818,586.1969,31.9341,81.7737,1.8658,56.2125,6.1118
2039-07-12,34.9444,0.0000,33.4560,4.2377,596.1909,37.5672,91.8989,6.9571,64.9093,19.6173
2039-07-13,36.8651,0.0000,26.8819,3.5885,606.5306,44.0867,94.4616,9.6333,74.6146,26.5517
2039-07-14,36.9524,0.0208,30.2639,4.2601,616.8861,50.3189,94.5124,10.0349,83.5915,28.9137
2039-07-15,39.6601,0.0000,26.2422,4.7653,627.7289,57.3795,95.2452,11.3823,93.4124,33.2506
2039-07-16,39.5924,0.0365,23.0322,4.2590,638.5595,64.7352,95.9121,12.1491,103.2919,36.3768
2039-07-17,38.4696,0.0476,21.5207,5.2027,649.1880,72.0284,96.0692,13.0146,112.7753,39.5132
2039-07-18,36.7290,0.1072,23.8714,4.6552,659.5033,78.7920,96.1205,12.7486,121.3417,40.1365
2039-07-19,36.8909,0.2832,26.6683,4.4623,669.8476,85.3349,96.1676,12.7058,129.4437,41.0028
2039-07-20,37.6790,0.0001,22.3377,5.2190,680.3338,92.4080,96.2189,13.2915,137.9668,43.1048
2039-07-21,38.4176,0.0000,20.2162,5.0639,690.9530,99.8127,96.3419,13.4086,146.6603,44.1373
2039-07-22,39.5017,0.0000,19.8797,4.4494,701.7673,107.4526,96.5890,13.4392,155.4138,44.8802
2039-07-23,39.8755,0.0000,20.9566,4.3269,712.6489,115.0592,96.6405,13.4493,163.9449,45.4624
2039-07-24,40.5381,0.0047,23.7492,3.8557,723.6498,122.5157,96.6921,13.2249,172.1626,45.4326
2039-07-25,39.8961,0.0286,27.4774,4.3197,734.5351,129.4983,96.5732,13.3233,179.7653,46.0059
2039-07-26,36.3005,0.0551,36.9770,4.8719,744.7731,135.0341,94.4459,10.2546,185.8345,39.1090
2039-07-27,35.3352,1.8797,41.1366,4.8979,754.8375,117.7055,88.3485,4.3297,169.3803,21.3723
2039-07-28,31.6996,4.6457,45.3436,5.1623,731.9865,75.9703,78.8331,1.3151,120.6389,7.3082
2039-07-29,36.9257,0.0015,31.8453,5.3653,742.3371,82.0569,92.5596,8.0833,128.5810,30.3602
2039-07-30,39.1241,0.0000,26.0798,4.5415,753.0834,89.0401,95.0822,11.0066,137.4515,38.1178
2039-07-31,39.9472,0.2108,28.9200,4.9338,763.9779,95.8923,95.1333,11.3050,145.9778,39.5002
2039-08-01,36.8161,0.6894,41.4712,3.7483,773.6088,100.4737,91.5896,6.4965,151.6938,27.6118
2039-08-02,36.5952,0.8861,44.4861,4.0728,783.2000,104.7938,90.1948,5.4128,157.0527,24.5676
2039-08-03,37.0559,0.0141,42.9649,4.1792,792.8740,109.2866,91.4062,6.4684,162.5575,28.0290
2039-08-04,37.3404,0.0000,36.5114,4.8898,802.5993,114.3249,92.7003,8.0496,168.6074,32.7573
2039-08-05,36.6719,0.0000,35.6745,5.6624,812.2042,119.3409,92.8393,8.5341,174.5597,34.2953
2039-08-06,35.7366,0.0000,32.4745,4.9469,821.6408,124.4761,93.2847,8.7614,180.5647,35.1142
2039-08-07,37.3502,0.0000,28.8973,3.4582,831.3678,130.1202,94.2550,9.3013,187.0506,36.7360
2039-08-08,37.3000,0.0000,32.6223,4.4771,841.0858,135.4615,94.3058,9.8602,193.1524,38.3452
2039-08-09,36.4379,0.0000,40.3014,4.2388,850.6486,140.0879,93.6025,8.8374,198.4657,35.8253
2039-08-10,37.3994,0.0000,39.7187,4.3747,860.3845,144.8791,93.6530,8.9609,203.9155,36.2751
2039-08-11,38.4454,0.0000,34.8335,4.3831,870.3087,150.1993,93.7036,9.0279,209.8556,36.5706
2039-08-12,38.8566,0.0000,29.6598,4.5497,880.3069,156.0016,94.3942,10.0177,216.2136,39.2548
2039-08-13,40.0340,0.0000,25.5485,3.4481,890.5170,162.3240,95.4349,10.9305,223.0182,41.6424
2039-08-14,40.8390,0.0000,24.8120,3.5116,900.8720,168.8338,95.7695,11.4761,229.9360,43.0661
2039-08-15,40.8393,0.0000,27.8761,3.8865,911.2271,175.0785,95.8208,11.7766,236.5386,43.8681
2039-08-16,39.0096,0.0000,30.6097,4.1292,921.2528,180.8243,95.7878,11.8683,242.6029,44.1535
2039-08-17,37.8665,0.0000,32.4080,4.0742,931.0728,186.2617,95.3216,11.1079,248.3280,42.3770
2039-08-18,37.4009,0.1037,33.2449,5.8040,940.8090,191.5677,95.0339,11.6522,253.8917,43.7419
2039-08-19,36.5518,0.0000,31.3227,5.7045,950.3923,196.9060,95.0849,11.6752,259.4351,43.8389
2039-08-20,36.4101,0.0606,28.8264,4.8017,959.9501,202.4175,95.1360,11.2341,265.0908,42.8095
2039-08-21,36.7934,0.0033,30.1805,4.0793,969.5769,207.8795,95.1870,10.9084,270.6754,42.0410
2039-08-22,36.9441,0.0000,30.5721,3.8483,979.2309,213.3324,95.2381,10.8577,276.2223,41.9427
2039-08-23,36.9266,0.0000,31.2708,4.6058,988.8817,218.7279,95.2761,11.3388,281.6902,43.1493
2039-08-24,39.5820,0.0000,28.7807,3.1582,999.0104,224.7094,95.3272,10.6150,287.6593,41.3837
2039-08-25,40.9138,0.0000,27.6129,3.4374,1009.3789,230.9879,95.3783,10.8407,293.8583,41.9681
2039-08-26,41.2860,0.1354,26.3877,4.5100,1019.8144,237.4293,95.5283,11.6789,300.1558,44.0362
2039-08-27,37.2853,0.0000,33.9739,4.5566,1029.5298,242.6616,94.9351,10.7953,305.3781,41.8865
2039-08-28,36.3060,0.0000,32.3896,4.3804,1039.0688,247.8827,94.9542,10.7278,310.5509,41.7297
2039-08-29,35.2145,0.0000,32.3235,4.7806,1048.4115,252.9564,94.8105,10.7326,315.5664,41.7518
2039-08-30,32.3213,0.1543,42.0628,6.5700,1057.2333,256.9538,92.8005,8.8849,319.6720,36.9434
2039-08-31,30.4551,1.0016,49.3618,5.2087,1065.7192,260.2526,87.7243,4.0217,323.1929,21.4995
2039-09-01,34.5362,0.0271,37.5127,4.2303,1073.6397,264.2172,91.6699,6.7325,327.1559,30.7387
2039-09-02,34.5320,0.1218,36.3485,3.6195,1081.5595,268.2551,92.2786,7.1153,331.1657,31.9061
2039-09-03,34.5176,0.0173,37.5804,4.9112,1089.4766,272.2132,92.3287,7.6477,335.1055,33.4833
2039-09-04,33.3446,0.0028,40.6420,4.3214,1097.1827,275.8533,92.3788,7.4764,338.7718,32.9859
2039-09-05,34.2219,0.0000,36.0179,4.2190,1105.0466,279.8768,92.4290,7.4906,342.7388,33.0313
2039-09-06,34.0048,0.0006,35.8741,4.4904,1112.8715,283.8847,92.4791,7.6476,346.6806,33.4932
2039-09-07,34.4720,0.0000,31.3991,4.0242,1120.7804,288.2292,93.2427,8.3144,350.8742,35.4011
2039-09-08,34.6370,0.0000,34.6124,3.7685,1128.7191,292.3895,93.2931,8.2660,354.9249,35.2680
2039-09-09,34.7101,0.1099,30.8757,4.2578,1136.6709,296.7965,93.4532,8.6638,359.1492,36.3777
2039-09-10,34.4029,0.0000,33.8370,5.3165,1144.5675,300.9786,93.5037,9.2031,363.1921,37.8458
2039-09-11,32.8526,0.0000,35.5072,5.1175,1152.1849,304.8770,93.5542,9.1756,366.9858,37.7741
2039-09-12,32.7152,0.1048,35.1580,4.9144,1159.7777,308.7807,93.6048,9.1463,370.7734,37.6973
2039-09-13,33.3880,0.1288,38.1702,3.9130,1167.4915,312.5771,93.3967,8.4477,374.4930,35.7870
2039-09-14,34.3848,0.0131,41.3443,3.4452,1175.3848,316.2827,93.0144,7.8216,378.1654,34.0145
2039-09-15,27.8220,9.6949,64.1262,5.8994,986.6943,85.9176,62.8846,0.6467,141.1156,3.9170
2039-09-16,29.9027,0.0007,45.8112,5.5865,993.7808,88.9086,85.0094,2.7960,145.3155,14.8061
2039-09-17,31.4537,0.0000,32.2829,5.8556,1001.1464,92.8333,91.7702,7.4116,150.7257,30.1479
2039-09-18,30.4153,0.0000,28.9674,8.2663,1008.3252,96.8188,92.9892,9.9373,156.1533,36.9825
2039-09-19,29.5578,0.0000,32.4916,6.1061,1015.3496,100.5035,93.0396,8.9754,161.1330,34.8542
2039-09-20,29.8179,0.0000,31.3960,4.1584,1022.4208,104.2798,93.0899,8.1940,166.1853,33.0436
2039-09-21,31.9272,0.0000,29.3301,3.1371,1029.8717,108.4353,93.2820,7.9948,171.6800,32.7312
2039-09-22,34.1499,0.0000,28.8009,4.1506,1037.7227,112.9035,93.7512,8.9821,177.5215,35.5857
2039-09-23,31.4951,0.0000,36.3319,5.0011,1045.0958,116.5983,93.4404,8.9785,182.3390,35.7449
2039-09-24,29.0668,0.1140,44.6949,4.9297,1052.0318,119.5686,91.8027,7.1065,186.2240,30.7008
2039-09-25,28.8986,0.0001,42.1022,4.4170,1058.9376,122.6608,91.8376,6.9595,190.2330,30.3735
2039-09-26,28.3955,0.0352,41.7954,5.1163,1065.7527,125.7173,91.8202,7.1914,194.1725,31.1455
2039-09-27,25.9845,0.7860,51.7186,4.9860,1072.1339,128.0454,87.2716,3.7277,197.2089,19.7342
2039-09-28,26.8567,0.0007,47.8881,5.1064,1078.6722,130.6392,88.5879,4.5283,200.5548,22.7427
2039-09-29,27.0849,0.3806,49.2416,5.2541,1085.2514,133.1862,88.6848,4.6260,203.8341,23.1378
2039-09-30,26.1636,0.0474,50.0982,6.8931,1091.6649,135.6084,88.7337,5.0597,206.9481,24.6864
2039-10-01,26.8068,0.0007,41.7742,6.7415,1097.1941,138.0704,89.7940,5.8464,210.0571,27.3308
2039-10-02,27.4911,0.1088,33.7728,5.0836,1102.8465,140.9394,91.3619,6.7276,213.6271,30.1267
2039-10-03,30.0565,0.0031,34.2317,3.7688,1108.9607,144.0443,91.9071,6.8025,217.4699,30.4065
2039-10-04,32.6397,0.0000,33.4122,3.7350,1115.5398,147.4484,92.5217,7.4063,221.6533,32.2498
2039-10-05,34.1802,0.0052,32.3677,3.1576,1122.3963,151.0638,93.0180,7.7130,226.0628,33.1896
2039-10-06,34.1015,0.0296,40.8319,3.4078,1129.2385,154.2196,92.9882,7.7783,229.9342,33.4206
2039-10-07,33.9961,0.0018,39.3877,4.4237,1136.0618,157.4428,93.0386,8.2448,233.8608,34.7784
2039-10-08,31.4286,0.0619,44.7527,3.7874,1142.4230,160.1658,92.0301,6.9284,237.1956,31.0010
2039-10-09,30.7003,1.5766,47.4172,4.2832,1148.6530,144.9243,85.5950,2.8394,220.3464,16.3605
2039-10-10,26.5144,4.6524,70.4725,4.7548,1072.8564,82.1182,63.2562,0.6214,137.8570,3.6980
2039-10-11,27.3202,3.4577,60.6463,4.5423,1034.9074,61.6516,67.3816,0.7230,107.3200,3.7215
2039-10-12,22.3790,0.1680,37.4142,8.5651,1039.6397,63.8781,85.1461,3.3105,110.7451,15.0230
2039-10-13,19.1498,0.0003,28.5638,6.7970,1043.7906,66.0700,89.8825,5.9376,114.0863,23.3823
2039-10-14,18.3515,0.0241,37.0709,5.1627,1047.7979,67.9247,89.9318,5.5070,116.9034,22.4085
2039-10-15,16.9411,1.3959,54.8717,8.9056,1051.5513,69.1583,80.5565,1.8902,118.7859,9.9402
2039-10-16,18.8945,0.0819,43.1456,4.9679,1055.6563,70.8807,86.1424,3.1733,121.3857,15.1887
2039-10-17,19.9953,8.7563,66.0999,9.2615,921.5996,39.4287,56.1512,0.4923,71.2379,1.3211
2039-10-18,14.8992,1.1565,57.6641,7.6799,924.9855,40.4550,69.0711,0.8944,72.9353,3.4481
2039-10-19,19.0524,0.1271,41.6249,4.2928,929.1189,42.2375,82.6142,1.9090,75.8541,7.6389
2039-10-20,20.5058,3.7697,63.9677,4.9878,897.8166,31.9348,63.6926,0.6415,58.6539,1.7213
2039-10-21,24.1313,0.8747,64.7913,3.6492,902.8642,33.2808,75.1899,0.9304,60.9453,3.0877
2039-10-22,24.6318,0.0552,61.8792,3.5021,908.0019,34.7671,82.6330,1.8388,63.4596,6.5496
2039-10-23,24.4715,0.0018,54.4118,5.2086,913.1108,36.5335,86.1893,3.2333,66.4230,11.0239
2039-10-24,22.3637,0.0011,51.1442,4.9124,917.8402,38.2704,87.2267,3.6902,69.3153,12.5750
2039-10-25,21.9348,0.0399,57.5958,5.3253,922.4925,39.7504,87.2752,3.7939,71.7694,13.1158
2039-10-26,22.4846,0.5234,70.5580,7.6879,927.2437,40.8025,85.9206,3.5278,73.5174,12.5572
2039-10-27,21.6632,12.5705,89.4117,6.4677,781.0170,19.2169,34.0475,0.0135,36.2066,0.0181
2039-10-28,25.0070,0.6689,72.1330,3.1474,786.2223,20.3192,59.4116,0.4619,38.1721,0.6429
2039-10-29,25.7386,0.0061,62.3452,4.1134,791.5592,21.8505,77.5622,1.1184,40.8798,2.7161
2039-10-30,25.9755,0.0013,55.3654,5.0980,796.9388,23.6816,85.0485,2.7427,44.0880,7.4401
2039-10-31,23.8960,0.0008,57.4957,6.6455,801.9441,25.2914,86.3290,3.5452,46.8861,9.6633
2039-11-01,22.2691,0.0096,59.2942,5.0737,805.6565,26.5526,86.3772,3.2976,49.0627,9.3399
2039-11-02,22.0771,0.0057,61.1892,4.1456,809.3344,27.7452,86.4253,3.1684,51.1101,9.2543
2039-11-03,23.2025,0.0149,63.7699,4.1741,813.2149,28.9125,86.4735,3.1947,53.1049,9.5387
2039-11-04,23.9700,0.0254,57.7964,5.2794,817.2335,30.3153,86.6537,3.4650,55.4850,10.4818
2039-11-05,21.8354,0.0591,57.0737,6.5089,820.8679,31.6206,86.7020,3.7117,57.6859,11.3478
2039-11-06,19.8823,0.0183,51.3896,4.8714,824.1507,32.9728,87.0200,3.5757,59.9495,11.2606
2039-11-07,21.0682,0.0001,44.4182,4.0684,827.6469,34.6064,88.1526,4.0374,62.6626,12.7379
2039-11-08,23.7079,0.0000,36.2577,3.2099,831.6184,36.7029,89.9917,5.0339,66.1114,15.5794
2039-11-09,25.8694,0.0000,40.5863,3.0361,835.9789,38.8273,90.0530,5.0341,69.5759,16.0273
2039-11-10,25.7715,0.0000,45.1604,2.5069,840.3217,40.7810,90.1024,4.9364,72.7372,16.1859
2039-11-11,24.0300,0.0031,57.0116,3.8616,844.3511,42.2133,88.8001,4.3846,75.0467,15.0531
2039-11-12,21.3071,2.3420,70.3627,3.6501,847.8904,37.1011,69.9245,0.7501,66.8854,2.5494
2039-11-13,19.6027,5.9945,78.8076,3.8839,794.5647,22.9289,44.7327,0.0959,42.7720,0.1446
2039-11-14,17.6381,0.2232,64.6192,4.0427,797.4435,23.8078,65.3593,0.6558,44.3086,1.0990
2039-11-15,16.3335,0.1290,60.1854,4.1862,800.0876,24.7281,76.6432,1.0480,45.9089,2.7756
2039-11-16,17.5249,0.1000,58.1170,4.0735,802.9460,25.7623,82.1881,1.7909,47.6986,5.2355
2039-11-17,18.4630,0.0012,46.9283,2.7778,805.9734,27.1388,85.8343,2.7215,50.0632,8.0070
2039-11-18,20.2958,0.0220,54.9438,3.6042,809.3306,28.4169,86.3616,3.0556,52.2475,9.0934
2039-11-19,18.7433,11.1050,75.6298,6.2600,708.7551,13.9413,45.1533,0.1154,26.5758,0.1257
2039-11-20,11.9682,0.0012,39.9002,6.7194,710.6133,14.9826,69.7285,0.8701,28.4649,0.9919
2039-11-21,16.7612,0.0000,22.0040,3.8299,713.3344,16.8296,85.4758,2.7296,31.7845,6.0036
2039-11-22,19.8477,0.0041,26.4782,3.0426,716.6110,18.8715,90.2219,5.1590,35.4116,11.2110
2039-11-23,18.9793,0.0005,42.6333,4.4534,719.7312,20.3986,90.1196,5.4585,38.0979,12.2205
2039-11-24,14.6150,0.0077,46.7083,6.5728,722.0659,21.5090,89.1500,5.2853,40.0364,12.2423
2039-11-25,12.4356,0.0000,40.4475,4.5243,724.0084,22.5777,89.1991,4.8006,41.8896,11.6232
2039-11-26,14.0568,0.0000,36.8744,3.5730,726.2426,23.8462,89.2482,4.6083,44.0744,11.5744
2039-11-27,15.0206,0.0112,37.5923,2.2554,728.6503,25.1800,89.2973,4.3428,46.3553,11.3539
2039-11-28,15.7172,0.0261,51.1756,2.6581,731.1834,26.2686,88.5152,3.9612,48.2074,10.7737
2039-11-29,16.7367,7.2281,78.5047,4.4251,679.8106,14.9806,45.1202,0.1047,28.3968,0.1192
2039-11-30,18.0013,0.6125,56.4241,4.8834,682.7548,16.0842,68.2060,0.7557,30.3792,0.8999
2039-12-01,18.1589,0.0071,52.7065,3.9050,685.7274,17.1192,79.8460,1.3626,32.2271,2.8385
2039-12-02,24.6622,0.4124,61.9754,4.5585,689.8706,18.2324,84.2659,2.3994,34.2049,5.5605
2039-12-03,24.5162,0.2636,64.8229,4.2810,693.9875,19.2565,85.1782,2.6796,36.0146,6.3968
2039-12-04,24.8161,1.5110,67.7789,7.0829,698.1584,19.6159,78.4255,1.3964,36.6569,3.2649
2039-12-05,17.6237,12.2918,78.5367,5.8631,611.2028,9.5591,39.6483,0.0436,18.3988,0.0375
2039-12-06,15.0187,0.0098,50.3613,4.4205,613.6102,10.4683,65.1248,0.6623,20.0802,0.6018
2039-12-07,17.6211,2.8068,67.7004,5.7591,606.9288,8.1937,60.2479,0.5557,15.8524,0.4364
2039-12-08,13.8501,0.0111,24.9865,7.0429,609.1258,9.4682,80.9256,1.7927,18.2280,2.4961
2039-12-09,9.5907,0.3708,32.0500,4.4561,610.5561,10.2937,85.8385,2.9634,19.7547,4.7817
2039-12-10,8.7858,1.0777,67.7535,5.9528,611.8416,10.6559,77.4392,1.2151,20.4227,1.4620
2039-12-11,7.8134,1.8069,72.6237,10.2433,612.9520,9.6318,66.1794,0.9242,18.5354,0.7989
2039-12-12,9.1276,0.0067,49.9343,5.5796,614.2990,10.2137,76.6811,1.1272,19.6121,1.0796
2039-12-13,10.1363,0.0000,43.8815,3.3149,615.8275,10.9302,82.4040,1.7702,20.9317,2.7579
2039-12-14,9.4822,0.0012,62.6063,3.4347,617.2383,11.3799,83.0023,1.9204,21.7570,3.1535
2039-12-15,12.0477,0.0069,60.7077,3.6564,619.1109,11.9670,83.7199,2.1318,22.8307,3.6992
2039-12-16,17.7329,0.0128,67.0544,5.0647,622.0068,12.6721,83.9609,2.3629,24.1159,4.3099
2039-12-17,17.7984,0.0026,63.6610,3.5872,624.9145,13.4525,84.4210,2.3331,25.5310,4.4244
2039-12-18,14.7134,0.0006,71.8026,3.2962,627.2669,13.9592,84.3315,2.2715,26.4471,4.4077
2039-12-19,14.2696,0.0005,72.3859,3.2561,629.5395,14.4415,84.1793,2.2210,27.3165,4.4026
2039-12-20,15.8393,0.0009,56.2840,4.0079,632.0945,15.2831,85.0989,2.6142,28.8238,5.3985
2039-12-21,12.2160,0.0004,42.5754,5.0993,633.9974,16.1520,86.5841,3.3999,30.3698,7.1620
2039-12-22,9.6050,0.0000,36.0545,4.7125,635.4303,16.9299,87.5945,3.8502,31.7454,8.2214
2039-12-23,9.6050,0.0000,44.2365,3.3880,636.8632,17.6083,87.6431,3.6268,32.9398,7.9736
2039-12-24,10.6924,4.3517,63.8889,4.8362,616.4546,11.9126,55.3435,0.3673,22.7273,0.3612
2039-12-25,8.3530,1.4870,57.2064,12.4576,617.6622,12.3723,64.2327,0.9571,23.5646,0.9635
2039-12-26,7.3637,0.0001,47.2518,9.4761,618.6917,12.8797,76.2833,1.3349,24.4851,2.1362
2039-12-27,8.7137,0.0000,52.3997,3.9746,619.9641,13.4105,80.9446,1.5392,25.4451,2.7087
2039-12-28,12.0927,0.0045,57.9348,4.3038,621.8448,14.0412,83.0969,2.0308,26.5818,3.9167
2039-12-29,14.2072,0.7112,66.7264,5.2063,624.1061,14.6200,81.1988,1.6858,27.6223,3.2523
2039-12-30,12.6471,13.7563,85.6659,5.4552,540.7795,6.8384,30.2138,0.0048,13.2577,0.0034
2039-12-31,7.8351,2.2848,70.8541,5.8740,541.8938,5.3099,39.6783,0.0439,10.3659,0.0270
2040-01-01,6.1990,0.0079,62.5249,3.7367,542.7136,5.6467,55.7345,0.3596,11.0070,0.2286
2040-01-02,9.4497,12.8970,64.9036,10.2409,477.8050,2.7125,38.1715,0.0405,5.3490,0.0180
2040-01-03,8.2706,0.3233,52.6088,5.3458,478.9978,3.2592,59.3946,0.5154,6.4093,0.2481
2040-01-04,9.7307,3.2506,86.4502,3.9664,471.2506,1.7295,40.6432,0.0479,3.4275,0.0177
2040-01-05,9.4586,0.5254,70.3296,4.7040,472.6571,2.1152,56.3609,0.3982,4.1835,0.1590
2040-01-06,6.9100,0.1034,62.2034,4.3983,473.6049,2.4879,67.8352,0.7286,4.9113,0.3110
2040-01-07,9.7167,14.8125,83.3448,6.1379,409.7779,0.7988,27.6088,0.0024,1.5899,0.0007
2040-01-08,9.6883,0.1915,78.1884,4.7197,411.2258,1.0885,43.5054,0.0821,2.1628,0.0260
2040-01-09,9.7398,0.3392,78.1845,5.7312,412.6830,1.3797,56.5219,0.4250,2.7364,0.1451
2040-01-10,12.4974,35.0750,93.2139,9.4071,284.5141,0.1136,15.4662,0.0000,0.2270,0.0000
2040-01-11,15.8974,0.5550,54.7306,5.7261,287.0796,1.0609,49.6238,0.2091,2.1023,0.0657
2040-01-12,14.5718,1.5780,71.5479,3.7482,289.4066,1.2041,56.2978,0.3775,2.3833,0.1232
2040-01-13,16.7600,11.3645,89.2114,4.1700,260.3008,0.2372,24.5371,0.0008,0.4733,0.0002
2040-01-14,13.3456,1.7280,80.3956,5.2390,262.4071,0.3486,37.0961,0.0252,0.6950,0.0062
2040-01-15,7.3383,1.9875,79.4443,11.6496,263.4320,0.2135,43.5711,0.1177,0.4262,0.0272
2040-01-16,6.9975,1.3639,83.6791,9.1704,264.3955,0.3762,47.8299,0.1969,0.7498,0.0492
2040-01-17,6.8041,2.4562,88.2342,9.8338,265.3243,0.1145,40.2331,0.0596,0.2287,0.0130
2040-01-18,6.6567,0.1372,86.9720,14.1248,266.2265,0.2389,51.2419,0.3870,0.4767,0.0907
2040-01-19,6.6094,0.3108,83.7943,12.6328,267.1202,0.3927,60.7372,0.8092,0.7825,0.2034
2040-01-20,7.4753,0.0056,67.3825,6.3374,268.1697,0.7371,70.3331,0.8702,1.4640,0.2482
2040-01-21,9.0923,0.0001,43.6993,4.1648,269.5103,1.4435,79.3309,1.3112,2.8488,0.4537
2040-01-22,8.3934,0.0381,45.8402,4.3135,270.7251,2.0765,83.1522,2.0464,4.0748,0.8084
2040-01-23,8.4564,0.0191,60.0012,3.7263,271.9513,2.5471,83.5243,2.0851,4.9776,0.8952
2040-01-24,8.2927,0.0253,72.1032,2.7856,273.1480,2.8696,83.3563,1.9454,5.5924,0.8793
2040-01-25,7.7222,1.1057,70.5193,5.2844,274.2420,3.1898,75.2817,1.0157,6.1994,0.4813
2040-01-26,9.7413,0.0057,53.0878,5.1836,275.6994,3.8160,80.7422,1.5993,7.3767,0.8241
2040-01-27,16.3810,0.0021,55.4875,4.9994,278.3520,4.7739,84.0066,2.3695,9.1553,2.1024
2040-01-28,15.7113,0.0002,65.5624,4.5167,280.8840,5.4866,84.0540,2.3273,10.4624,2.2797
2040-01-29,13.8047,0.0026,59.0371,3.4660,283.0729,6.2383,84.5296,2.3532,11.8251,2.5497
2040-01-30,11.7668,0.0082,61.7160,4.6828,284.8949,6.8447,84.5771,2.5182,12.9138,2.9758
2040-01-31,8.4604,0.0096,65.8465,4.5551,286.1218,7.2467,84.4720,2.4666,13.6303,3.0157
2040-02-01,9.1439,0.0387,67.3806,4.1902,287.4717,7.7213,84.3302,2.3757,14.4710,3.0067
2040-02-02,9.4084,0.1435,71.1555,4.7038,288.8692,8.1519,83.8641,2.2907,15.2294,2.9839
2040-02-03,8.3471,0.4736,67.2743,7.8366,290.0757,8.5911,83.9115,2.6993,15.9977,3.7571
2040-02-04,6.5369,0.6552,68.1322,9.8314,290.9563,8.9368,81.2352,2.1372,16.5990,2.9191
2040-02-05,6.0640,0.0435,61.5801,7.3133,291.7518,9.3278,82.2536,2.1255,17.2748,2.9894
2040-02-06,8.0232,0.0382,48.5961,4.5825,292.9000,9.9939,84.1545,2.3666,18.4169,3.5676
2040-02-07,6.8547,0.0487,63.7377,5.4503,293.8378,10.4037,84.2019,2.4882,19.1154,3.8774
2040-02-08,8.7827,0.0005,44.5682,3.5840,295.1227,11.1819,85.5139,2.7103,20.4287,4.4531
2040-02-09,11.7269,0.0366,48.9580,4.1583,296.9376,12.1119,85.9570,2.9681,21.9822,5.1328
2040-02-10,12.4790,1.9745,82.8680,4.5894,298.8878,10.6591,64.7928,0.6591,19.5731,0.5894
2040-02-11,14.5806,3.5157,84.7829,5.0027,294.4255,7.3244,45.2258,0.1096,13.7911,0.0792
2040-02-12,14.3726,13.9181,86.8849,4.5280,256.5474,3.3735,21.8785,0.0003,6.5322,0.0002
2040-02-13,10.0992,1.8901,59.9040,6.6073,258.0692,3.0339,43.0675,0.0840,5.8946,0.0389
2040-02-14,6.9009,0.2067,51.3133,6.2083,259.0154,3.5873,62.4509,0.6429,6.9344,0.3214
2040-02-15,8.2334,0.0021,48.0998,6.2298,260.2014,4.2754,74.9115,1.0434,8.2133,0.5675
2040-02-16,10.3040,0.0020,53.8949,6.9918,261.7601,5.0222,80.8005,1.7633,9.5847,1.2142
2040-02-17,9.3090,0.0003,34.0249,4.5137,263.1397,5.9977,85.4644,2.8208,11.3488,3.1279
2040-02-18,10.1023,0.0000,34.4982,3.7155,264.6622,7.0401,87.3789,3.5505,13.2022,4.4769
2040-02-19,11.3503,0.0009,43.8416,3.6973,266.4092,8.0333,87.4274,3.5719,14.9403,4.8593
2040-02-20,12.9104,0.0448,63.4743,6.6179,268.4371,8.7602,86.1251,3.4400,16.1988,4.9142
2040-02-21,14.8793,1.8434,72.8005,8.0008,270.8194,8.0920,71.1750,0.9732,15.0590,0.7411
2040-02-22,15.9847,0.0345,44.3344,4.3960,273.4006,9.4429,81.8444,1.7459,17.3847,2.3065
2040-02-23,13.9592,0.6817,53.9857,3.5148,275.6173,10.4272,82.3917,1.7854,19.0524,2.5775
2040-02-24,10.3912,11.1713,84.5922,10.8171,246.9858,5.0665,34.7802,0.0199,9.6386,0.0118
2040-02-25,10.5695,0.0025,48.7449,9.1610,248.5923,5.9161,61.8245,0.7221,11.1677,0.4628
2040-02-26,14.0334,0.0000,24.4648,5.9690,250.8223,7.5399,81.4355,1.8006,14.0257,1.9844
2040-02-27,16.8199,0.0000,17.6833,4.5217,253.5539,9.6353,90.1955,5.5372,17.5986,8.0863
2040-02-28,22.0681,0.0002,22.1483,3.3203,257.2302,12.1974,92.5690,7.3015,21.8094,11.4444
2040-03-01,19.1394,0.0041,37.5977,9.4437,260.3793,14.3503,91.4749,8.5163,25.2250,13.9354
2040-03-02,9.8870,0.1273,54.6448,12.6237,261.8629,15.1997,88.1666,6.2258,26.5471,11.1548
2040-03-03,8.7262,0.0824,64.1971,10.8540,263.1376,15.7994,85.8915,4.1211,27.4747,8.0149
2040-03-04,9.8010,0.0094,60.7581,9.4129,264.6058,16.5286,85.6203,3.6899,28.5921,7.4360
2040-03-05,10.6360,0.0047,53.9082,8.0866,266.2243,17.4506,85.6683,3.4746,29.9872,7.2484
2040-03-06,10.6962,0.0043,52.7582,7.8512,267.8536,18.4006,85.7162,3.4566,31.4072,7.4211
2040-03-07,13.6274,0.0003,40.8736,7.4928,270.0106,19.8849,87.2591,4.2221,33.5862,9.2045
2040-03-08,16.5766,0.0002,27.0215,7.9656,272.6983,22.0839,90.2304,6.6195,36.7312,13.9457
2040-03-09,17.0357,0.0101,27.5701,6.3756,275.4688,24.3230,90.9373,6.7590,39.8495,14.8038
2040-03-10,17.6384,0.0010,32.0738,4.6266,278.3477,26.4926,90.9869,6.2328,42.8010,14.4536
2040-03-11,19.2634,0.0043,29.7999,3.2290,281.5191,28.9294,91.0530,5.8639,46.0328,14.3453
2040-03-12,21.0864,0.0002,30.4417,4.5166,285.0186,31.5600,91.2019,6.3910,49.4352,15.9253
2040-03-13,17.5200,7.2630,63.3298,8.2267,269.2179,18.4640,56.8526,0.4950,31.5230,0.6043
2040-03-14,20.4606,2.9339,67.4870,5.2560,268.1341,15.1947,58.9739,0.4988,26.6184,0.5439
2040-03-15,21.2572,0.6299,53.9686,4.7007,271.6644,16.9490,76.7614,1.0845,29.3242,1.8514
2040-03-16,20.8715,1.6149,63.5081,10.0445,275.1253,17.3685,75.7927,1.3310,30.0019,2.5815
2040-03-17,21.0431,2.2474,61.5963,4.9027,278.6170,15.9542,70.4077,0.8115,27.9126,0.9131
2040-03-18,22.5366,0.9827,53.4094,4.7152,282.3776,17.8314,79.3234,1.3471,30.8004,2.6866
2040-03-19,19.3739,3.9585,51.4877,6.3597,277.6112,13.7034,66.6719,0.7734,24.3962,0.7964
2040-03-20,17.9384,6.6198,54.1030,6.3324,264.2350,8.9614,56.0118,0.4197,16.5220,0.3380
2040-03-21,13.7547,7.3027,66.3084,7.8749,248.5604,5.3171,44.6708,0.1162,10.0943,0.0704
2040-03-22,11.2231,1.0990,73.2404,6.2157,250.2846,5.8792,55.8472,0.4115,11.1061,0.2629
2040-03-23,11.5421,4.5713,67.5908,6.3712,242.8828,3.7445,46.2879,0.1376,7.2110,0.0701
2040-03-24,15.7640,1.5484,42.4617,8.6972,245.4243,4.9489,68.0832,0.9122,9.4227,0.5330
2040-03-25,14.2460,2.1553,53.3855,4.8839,247.6926,4.7243,66.4827,0.7132,9.0186,0.4072
2040-03-26,15.1639,25.6431,75.9764,7.7988,182.9214,2.3148,34.7398,0.0169,4.4876,0.0070
2040-03-27,7.5477,1.9500,51.8775,10.2406,183.9840,2.1065,52.0009,0.3463,4.0957,0.1371
2040-03-28,8.8474,0.1270,39.9184,7.0190,185.2806,3.1252,71.4570,0.9352,5.9976,0.4364
2040-03-29,10.7467,4.9536,71.1775,6.1869,178.1274,1.7731,47.4229,0.1603,3.4600,0.0594
2040-03-30,11.4072,0.4101,52.1914,7.0088,179.8847,2.7923,67.9661,0.8346,5.3760,0.3706
2040-03-31,12.7820,0.0002,40.4598,4.9967,181.8894,4.2012,80.2052,1.4947,7.9438,0.7992
2040-04-01,15.3492,0.0821,41.6897,4.5094,185.6063,6.5265,85.4276,2.8059,11.9983,3.2285
2040-04-02,18.4794,0.0030,45.1036,4.6936,189.8866,9.1323,87.2468,3.6602,16.3043,5.2533
2040-04-03,19.5948,0.0259,49.8030,6.5271,194.3676,11.6507,87.3428,4.0699,20.2647,6.6262
2040-04-04,20.5775,0.8917,46.1258,11.1763,199.0256,14.4820,85.8659,4.1736,24.5060,7.5805
2040-04-05,15.2850,0.0013,34.7341,6.4540,202.7309,17.0745,88.3726,4.6991,28.2094,9.1215
2040-04-06,18.1226,0.0000,35.9962,4.8932,206.9470,20.0572,89.2969,4.9599,32.2905,10.3060
2040-04-07,23.0688,0.0045,43.1714,12.1498,212.0533,23.3869,89.3461,7.2001,36.6647,14.8666
2040-04-08,24.5233,0.0141,47.6698,10.0863,217.4215,26.6376,89.3952,6.5350,40.7836,14.6054
2040-04-09,19.2122,0.0026,40.5132,11.2374,221.8337,29.5670,89.4444,6.9743,44.3545,16.0526
2040-04-10,18.2323,0.0000,22.8538,5.1515,226.0695,33.1826,91.7021,7.0846,48.5498,17.0419
2040-04-11,22.0046,0.0000,29.1365,4.3229,230.9844,37.1519,91.7520,6.8431,52.9945,17.3992
2040-04-12,23.9876,0.0000,34.2626,3.5159,236.2561,41.1501,91.8019,6.6171,57.3345,17.6993
2040-04-13,25.9871,0.0000,32.5322,4.6597,241.8878,45.5805,91.8519,7.0594,61.9683,19.3456
2040-04-14,26.7671,0.0000,28.9490,4.9525,247.6599,50.3806,92.4075,7.7492,66.7927,21.5251
2040-04-15,27.7418,0.0009,25.3642,3.4642,253.6074,55.5993,93.2808,8.1263,71.8298,23.1235
2040-04-16,30.5312,0.0000,22.3894,3.4010,260.0570,61.5508,94.4036,9.4667,77.3395,26.7174
2040-04-17,31.2965,0.0006,21.1103,4.5082,266.6444,67.7468,94.9119,10.7348,82.8616,30.1315
2040-04-18,27.3497,0.1012,26.9858,6.6974,272.5213,72.7826,94.5924,11.4719,87.2862,32.3368
2040-04-19,23.3142,2.8866,46.3805,10.1377,273.3154,60.4245,79.0850,1.7302,77.8316,7.1103
2040-04-20,20.2457,0.8832,46.2136,8.2620,277.9136,63.2079,83.6160,2.6522,80.5918,10.5230
2040-04-21,20.1341,0.0021,37.4053,4.9451,282.4918,66.4302,88.1444,4.2148,83.6707,15.5259
2040-04-22,21.5157,0.0041,34.9309,5.3779,287.3186,69.9978,89.9067,5.5471,87.0045,19.4616
2040-04-23,20.7044,0.0758,37.6830,9.7350,291.9994,73.2919,89.9560,6.9580,90.0668,23.3141
2040-04-24,21.2125,0.0011,41.1108,7.1469,296.7716,76.4773,90.0054,6.1506,93.0243,21.7204
2040-04-25,25.2058,0.0000,32.8408,3.8825,302.2627,80.7603,91.1753,6.1666,96.8370,22.2122
2040-04-26,27.3142,0.0033,30.3013,3.9186,308.1332,85.5615,92.1374,7.0808,101.0057,24.9975
2040-04-27,29.0467,0.0002,28.7290,3.9225,314.3156,90.7704,92.8291,7.8066,105.4263,27.2900
2040-04-28,31.5915,0.0000,22.7019,3.9993,320.9561,96.8966,94.4688,9.8445,110.4393,32.5987
2040-04-29,32.7385,0.0008,22.0879,4.7657,327.8030,103.2882,94.9452,10.9246,115.5523,35.5983
2040-04-30,27.9983,0.0003,29.7259,6.6969,333.7967,108.2456,94.2655,10.9660,119.5612,36.1779
2040-05-01,26.3783,0.0142,28.7767,12.4150,340.9488,113.3979,94.0088,14.1175,123.8315,43.1830
2040-05-02,22.2515,0.1474,29.2217,10.9842,347.3581,117.7491,93.3946,12.0602,127.4712,39.4300
2040-05-03,23.2197,0.0069,32.2840,5.8210,353.9416,122.0847,92.9249,8.7065,131.1102,32.1384
2040-05-04,24.4321,0.0096,34.1691,4.2260,360.7434,126.5097,92.6698,7.7516,134.8193,30.0141
2040-05-05,25.8025,0.0113,35.2475,4.9118,367.7919,131.0958,92.6062,7.9527,138.6450,30.8244
2040-05-06,26.2582,0.0350,32.6168,6.4218,374.9223,135.9491,92.6564,8.6422,142.6153,32.8822
2040-05-07,25.6673,0.1809,41.2916,11.0655,381.9465,140.0862,91.6702,9.5011,146.1573,35.2708
2040-05-08,23.9274,0.2509,31.5458,10.5246,388.6574,144.5965,91.7201,9.3113,149.8330,35.0503
2040-05-09,23.7965,0.1204,33.0729,8.7289,395.3447,148.9832,91.7700,8.5661,153.4241,33.3801
2040-05-10,22.1063,2.4552,49.1202,7.7357,401.7279,108.1445,78.1587,1.4100,129.2825,8.0552
2040-05-11,24.8795,0.0593,40.3136,5.6466,408.6102,112.2268,87.5406,4.0048,133.0776,18.7777
2040-05-12,26.6758,0.0151,33.2267,4.3483,415.8158,117.1095,90.9196,6.0873,137.4448,25.6039
2040-05-13,25.9060,0.0104,38.6578,10.5362,422.8829,121.4708,90.9693,8.3736,141.4004,32.1112
2040-05-14,26.0759,0.1793,41.4003,9.2405,429.9806,125.6633,91.0189,7.9001,145.2223,31.1355
2040-05-15,23.4867,4.6860,49.7855,9.5274,421.7835,77.8338,72.7227,1.1125,106.5241,5.8054
2040-05-16,21.3253,0.0714,37.9201,6.1118,428.0260,81.4989,85.6142,3.1218,110.4309,14.3397
2040-05-17,19.2431,0.1899,32.7775,6.7692,433.8938,85.0991,89.3083,5.4606,114.2023,22.0453
2040-05-18,22.9436,0.0051,21.6349,5.7809,440.4276,90.0595,92.7240,8.4474,119.1890,30.3726
2040-05-19,26.7846,0.0032,17.1579,4.2253,447.6529,96.1410,94.8098,10.4355,125.1089,35.6304
2040-05-20,27.0803,0.0295,24.3964,5.4374,454.9313,101.7500,94.8607,11.1706,130.5198,37.8274
2040-05-21,26.9169,0.0115,28.2263,5.7262,462.1804,107.0440,94.3549,10.5722,135.5831,36.9642
2040-05-22,26.5693,0.0850,35.8599,5.3048,469.3669,111.7162,93.0530,8.6366,140.0798,32.6844
2040-05-23,27.6606,0.0227,35.4459,4.1676,476.7498,116.6040,92.9150,7.9994,144.7191,31.3652
2040-05-24,29.3973,0.0100,29.1832,4.3789,484.4453,122.2898,92.9654,8.1423,149.9494,32.0685
2040-05-25,29.0655,1.0158,35.2942,4.3272,492.0811,127.4285,89.7732,5.1614,154.7029,23.6653
2040-05-26,26.8627,2.8976,42.8234,7.3250,491.7473,93.4651,80.7383,1.7808,126.7178,9.7568
2040-05-27,23.7734,5.1854,49.1269,5.5063,478.5153,61.8099,68.2502,0.7809,93.4442,3.6401
2040-05-28,22.8695,13.9777,59.8684,4.5467,422.8561,30.9896,51.9721,0.2591,52.3820,0.4508
2040-05-29,24.2725,4.5074,55.3885,6.1758,415.8681,23.6167,62.9468,0.6578,41.3612,0.9680
2040-05-30,27.4045,2.0505,45.6754,5.5338,423.2050,24.8668,77.9650,1.2414,43.3637,3.2624
2040-05-31,29.2181,0.0285,38.6874,5.3102,430.8682,29.7606,88.9711,4.8338,50.7566,13.0245
2040-06-01,29.5302,0.0008,33.5492,5.9122,439.5876,35.1191,91.6464,7.3035,58.5451,19.2442
2040-06-02,29.3053,0.0013,31.2266,8.5727,448.2666,40.6242,92.3786,9.2622,66.2407,24.3152
2040-06-03,27.2303,0.0008,27.2885,6.1697,456.5721,46.0473,92.8599,8.7804,73.5500,24.7153
2040-06-04,27.7954,0.0003,28.7754,6.0165,464.9792,51.4655,92.9102,8.7745,80.6222,25.8835
2040-06-05,28.5093,0.0029,30.4580,5.2754,473.5149,56.8864,92.9605,8.5127,87.4946,26.4394
2040-06-06,32.2627,0.0177,24.2184,4.4015,482.7262,63.5425,94.2983,9.8126,95.6187,30.4450
2040-06-07,35.4760,0.0003,20.4734,4.5255,492.5159,71.2003,95.6967,11.9588,104.5978,36.2043
2040-06-08,36.2014,0.0120,18.6409,4.0060,502.4361,79.1899,96.2830,12.6120,113.6129,38.8338
2040-06-09,35.6185,0.0083,22.1230,5.6239,512.2515,86.7181,96.3345,13.7785,121.8618,42.2639
2040-06-10,34.7921,0.0004,24.3069,4.6948,521.9180,93.8704,96.2973,13.0826,129.5085,41.7884
2040-06-11,36.3531,0.0517,18.0086,7.9104,531.8656,101.9549,96.4785,15.7639,137.8484,48.0222
2040-06-12,32.4415,0.0008,28.6093,11.0154,541.1091,108.2589,95.2663,15.6408,144.3287,48.4399
2040-06-13,30.6055,0.0005,30.2489,12.3437,550.0221,114.0810,94.5273,15.1114,150.2520,47.9247
2040-06-14,29.7966,0.0078,31.5669,13.3339,558.7895,119.6474,94.0671,14.9064,155.8622,47.9563
2040-06-15,30.3177,0.0054,28.7338,7.0154,567.6506,125.5420,94.1178,10.9180,161.6870,39.6500
2040-06-16,27.3444,1.2223,36.7460,10.4585,575.9766,130.2787,88.9883,6.2809,166.4405,27.6218
2040-06-17,26.5016,0.0870,36.3479,7.8474,584.1509,134.9041,90.6784,7.0154,171.0514,29.9589
2040-06-18,27.5206,0.0151,34.2896,4.8031,592.5086,139.8552,91.4151,6.6835,175.9077,29.1545
2040-06-19,28.1103,0.0179,37.1331,3.7765,600.9725,144.6897,91.4649,6.3916,180.6478,28.4232
2040-06-20,31.0633,0.0069,32.8669,5.1032,609.9679,150.3742,92.3250,7.7180,186.0699,32.4441
2040-06-21,31.5025,0.0398,31.6854,5.3222,619.0423,156.2378,92.7055,8.2329,191.5893,34.0218
2040-06-22,31.5040,0.0345,28.7196,6.3996,628.1171,162.3562,93.2962,9.4420,197.2494,37.3835
2040-06-23,32.0907,0.0015,30.0806,10.7422,637.2974,168.4657,93.3466,11.8347,202.8656,43.4086
2040-06-24,29.4384,0.1169,35.8606,14.3238,646.0003,173.6223,93.1266,13.7463,207.6931,47.8616
2040-06-25,28.3160,0.1869,40.9388,13.4511,654.5012,178.1962,92.1294,11.4341,212.0554,42.6673
2040-06-26,30.6104,0.0085,34.8756,8.3379,663.4151,183.6329,92.1794,8.8997,217.0604,36.3517
2040-06-27,31.2447,0.0166,32.7394,4.5301,672.4431,189.3603,92.4583,7.6405,222.2538,32.9347
2040-06-28,32.7010,0.0087,29.9485,5.4915,681.7333,195.5940,93.2301,8.9368,227.7968,36.6018
2040-06-29,31.8004,0.1647,36.4091,5.6840,690.8614,201.1019,93.2806,9.0877,232.7944,37.0648
2040-06-30,28.1386,19.4161,62.6471,4.9890,561.6330,72.4325,59.2038,0.4999,109.5455,2.3774
2040-07-01,24.1456,15.2063,88.4058,5.8295,487.7045,34.4268,29.9978,0.0046,58.5255,0.0087
2040-07-02,26.6973,5.4300,57.4760,5.0528,475.2088,24.1144,57.3253,0.4379,42.7992,0.6600
2040-07-03,28.7612,0.2781,49.9625,4.4897,484.0898,27.6236,81.7718,1.7390,48.3497,5.1325
2040-07-04,29.9034,0.1781,45.4761,3.7318,493.1764,31.5937,88.4252,4.1278,54.4646,11.9580
2040-07-05,31.2098,0.0000,41.9637,3.8904,502.4982,35.9975,90.3807,5.5078,61.0597,15.9631
2040-07-06,32.8620,0.0007,37.8991,4.5720,512.1174,40.9508,91.6047,6.7863,68.2565,19.7875
2040-07-07,31.6693,0.5081,42.0354,5.9580,521.5219,45.4118,91.4345,7.1036,74.5869,21.4332
2040-07-08,29.8149,4.4176,44.1510,6.5420,513.5824,35.3312,79.0664,1.4410,60.2930,4.9814
2040-07-09,25.0393,24.7236,55.8490,8.0899,404.1034,15.1699,59.5952,0.5997,27.7367,0.6719
2040-07-10,21.2133,27.6809,79.2492,9.7885,308.7310,7.1769,38.4730,0.0421,13.5654,0.0302
2040-07-11,25.4667,0.0005,42.4214,4.9187,317.0190,10.7694,75.7336,1.0243,19.8528,0.9242
2040-07-12,27.5785,0.0000,40.2594,5.1143,325.6871,14.7931,87.7628,4.0247,26.5693,7.6949
2040-07-13,28.0346,0.0002,40.0248,6.0677,334.4374,18.8969,90.1072,5.9106,33.1159,12.0585
2040-07-14,28.5867,0.0000,33.9272,6.4239,343.2870,23.5036,91.5778,7.4217,40.1371,15.9580
2040-07-15,30.3657,0.0000,32.2353,4.7595,352.4568,28.5113,92.3380,7.5994,47.4306,17.7349
2040-07-16,30.1822,0.0045,34.8915,5.4562,361.5936,33.2947,92.3881,7.9267,54.1292,19.6032
2040-07-17,29.2770,0.0002,40.1888,4.6254,370.5675,37.5618,92.2882,7.4954,59.9355,19.8549
2040-07-18,31.1802,0.0045,36.3095,4.2499,379.8839,42.3903,92.3383,7.4071,66.2882,20.7563
2040-07-19,32.8626,0.0002,34.7935,2.9713,389.5032,47.5914,92.3885,6.9942,72.9111,20.9432
2040-07-20,34.7573,0.0000,32.9133,2.7276,399.4635,53.2409,92.9953,7.5237,79.8692,23.1435
2040-07-21,35.6436,0.0000,32.5302,3.7223,409.5833,59.0632,93.2696,8.2198,86.8252,25.7052
2040-07-22,35.7901,0.0001,34.6998,4.6422,419.7295,64.7207,93.3200,8.6706,93.4264,27.6739
2040-07-23,35.6691,0.0000,36.2443,4.6514,429.8540,70.2263,93.3705,8.7360,99.7228,28.7118
2040-07-24,38.8387,0.0000,30.6680,2.6915,440.5489,76.7295,94.1674,8.8410,106.9088,29.8952
2040-07-25,39.6292,0.0000,29.8590,4.2532,451.3862,83.4389,94.5105,10.0287,114.1337,33.4686
2040-07-26,40.2205,0.0000,29.7138,3.7193,462.3299,90.2597,94.6551,9.9588,121.3111,34.1441
2040-07-27,40.0480,0.0000,28.5451,4.6395,473.2426,97.1650,94.8620,10.7323,128.4153,36.6399
2040-07-28,40.2298,0.0000,27.3549,4.0424,484.1879,104.2164,95.1360,10.8125,135.5132,37.5049
2040-07-29,40.7171,0.0000,26.7590,4.6317,495.2210,111.4094,95.3489,11.4670,142.6111,39.5950
2040-07-30,40.5999,0.0000,28.0987,5.3692,506.2330,118.4510,95.4000,11.9844,149.4685,41.2884
2040-07-31,39.3372,0.0000,29.7991,6.6099,517.0177,125.1179,95.4511,12.8467,155.9103,43.6431
2040-08-01,35.9000,0.0009,39.2312,5.3949,526.4837,129.7597,93.8436,9.6867,160.5776,36.6176
2040-08-02,32.1983,0.1517,40.9343,12.2944,535.2833,133.8201,92.7705,11.8060,164.7020,41.8739
2040-08-03,28.7288,0.0000,34.2725,8.1568,543.4585,137.8676,92.8208,9.6520,168.7265,36.9364
2040-08-04,31.0780,0.0000,35.3861,3.9930,552.0566,142.1599,92.8711,7.8806,172.9677,32.4676
2040-08-05,32.7660,0.0000,40.1994,3.7875,560.9584,146.3409,92.8660,7.7939,177.1476,32.3779
2040-08-06,33.1271,0.0000,37.4054,5.7319,569.9253,150.7638,92.9163,8.6571,181.4976,34.8688
2040-08-07,33.1287,0.0000,30.7066,7.5944,578.8925,155.6604,93.2040,9.8996,186.1706,38.2343
2040-08-08,32.1483,0.0000,24.1563,10.2979,587.6832,160.8663,94.3504,13.3027,191.0158,46.3978
2040-08-09,32.2822,0.0000,24.6589,7.4097,596.4980,166.0585,94.4012,11.5819,195.8269,42.6249
2040-08-10,33.1887,0.0000,26.2913,5.0670,605.4760,171.2762,94.4520,10.3647,200.6520,39.8068
2040-08-11,33.8113,0.0000,31.1744,4.0357,614.5660,176.2366,94.5028,9.9089,205.2945,38.7679
2040-08-12,33.3519,0.0000,36.3725,4.4018,623.5733,180.7621,93.8337,9.2013,209.6154,37.0246
2040-08-13,31.2073,10.1590,50.4293,6.3100,570.2318,76.5388,73.0996,0.9607,114.6168,5.2652
2040-08-14,27.4786,4.9850,56.5289,7.9832,555.3618,52.2766,70.3403,0.9457,84.6360,4.1554
2040-08-15,29.2186,0.0009,48.0102,4.5391,563.6252,55.5307,85.5956,2.8765,89.1122,11.9490
2040-08-16,31.0143,0.0000,43.6149,3.9644,572.2118,59.2690,89.6441,4.9749,94.1564,18.7482
2040-08-17,31.8025,0.1470,42.7742,3.5179,580.9402,63.1561,90.5176,5.5122,99.3189,20.7630
2040-08-18,32.2490,0.0423,38.2239,4.1054,589.7490,67.4092,91.4615,6.4953,104.8556,23.9588
2040-08-19,31.1516,0.0000,33.3215,5.9841,598.3603,71.8488,92.2631,7.9982,110.5205,28.3453
2040-08-20,29.7073,0.0000,37.1812,6.2483,606.7116,75.8441,92.3132,8.1628,115.5701,29.3009
2040-08-21,31.2342,0.0000,32.6569,5.2694,615.3378,80.3395,92.4881,7.9638,121.1387,29.3763
2040-08-22,33.4751,0.0000,31.7492,4.0020,624.3673,85.2111,93.0183,8.0485,127.0679,30.1395
2040-08-23,33.8730,0.0000,32.1686,4.3178,633.4684,90.1086,93.0686,8.2355,132.9412,31.1134
2040-08-24,33.9117,0.0000,35.7545,4.0136,642.5765,94.7523,93.1190,8.1676,138.4617,31.3684
2040-08-25,33.4716,0.0000,39.2359,4.0072,651.6054,99.0891,93.1573,8.2088,143.5894,31.8374
2040-08-26,33.2201,0.0000,40.2421,6.3506,660.5890,103.3231,92.9679,8.9959,148.5566,34.1791
2040-08-27,27.3198,4.9698,46.2181,10.5354,640.2282,67.2575,77.4490,1.5320,106.5354,7.8108
2040-08-28,22.8506,20.3749,76.8906,6.3922,518.0855,29.6621,43.0092,0.0823,51.8961,0.1421
2040-08-29,30.1183,0.0704,51.0858,4.1943,526.5107,32.8146,77.9579,1.1597,56.7818,3.7691
2040-08-30,32.8469,0.0000,38.3171,3.6240,535.4272,37.1374,89.8528,5.0388,63.2988,15.2190
2040-08-31,33.7356,0.0000,34.2700,3.4363,544.5036,41.8645,92.3139,7.0852,70.2299,20.7243
2040-09-01,34.7010,0.0000,30.8620,3.4889,552.4538,46.2713,93.3600,8.2269,76.5200,24.1019
2040-09-02,34.6301,0.0000,32.5468,3.3540,560.3912,50.5621,93.4105,8.2289,82.5123,25.0552
2040-09-03,34.0195,0.0000,34.3872,5.3978,568.2187,54.6646,93.4610,9.1860,88.1326,27.9616
2040-09-04,31.1314,0.0000,28.6206,9.9708,575.5264,58.7606,93.5115,11.6482,93.6240,33.8013
2040-09-05,29.7405,0.0000,23.6235,10.7040,582.5837,62.9542,94.0950,13.1068,99.1287,37.5225
2040-09-06,29.8889,0.0000,23.8579,6.8050,589.6677,67.1551,94.1457,10.8448,104.5447,33.9346
2040-09-07,31.9410,0.0000,25.1492,4.1107,597.1210,71.5582,94.1964,9.5346,110.1237,31.8696
2040-09-08,30.8192,0.0000,31.2054,6.9295,604.3725,75.4676,94.2179,11.0225,115.0269,35.7411
2040-09-09,26.9215,0.0000,34.9971,9.5530,610.9224,78.7105,93.1184,10.7964,119.0692,35.7511
2040-09-10,25.9780,0.0000,26.9260,8.9783,617.3024,82.2333,93.1688,10.5624,123.3776,35.7276
2040-09-11,26.6332,0.0000,27.6582,5.0144,623.8004,85.8052,93.2192,8.7112,127.6976,31.8453
2040-09-12,29.4393,0.0000,30.6970,4.0547,630.8034,89.5732,93.2696,8.3586,132.2118,31.3647
2040-09-13,29.6555,0.4244,39.6313,5.1066,637.8454,92.8788,92.6019,8.0262,136.1826,30.8326
2040-09-14,24.7865,5.1300,53.5115,9.8219,616.0368,60.5169,72.2116,1.1070,97.1699,5.4294
2040-09-15,21.9933,0.1835,44.7012,8.4355,621.6996,62.7905,84.8217,3.1456,100.2646,13.7139
2040-09-16,22.0033,0.4930,39.6948,7.2987,627.3642,65.2710,88.5617,5.0382,103.5965,19.8713
2040-09-17,24.6284,0.0022,29.5101,4.9465,633.5013,68.4998,91.4021,6.7196,107.8464,24.8598
2040-09-18,26.6753,0.0000,25.9525,3.1051,640.0069,72.1615,92.8385,7.5014,112.5871,27.3502
2040-09-19,26.8606,0.0000,36.3253,4.4702,646.5458,75.3312,92.6349,7.8091,116.6765,28.5453
2040-09-20,26.6465,0.0000,38.9465,5.1037,653.0461,78.3472,92.1835,7.5656,120.5406,28.3122
2040-09-21,27.1381,0.0000,37.4368,4.6473,659.6350,81.4925,92.2335,7.4460,124.5249,28.3693
2040-09-22,27.7980,0.0028,42.8597,4.0614,666.3426,84.4323,91.6846,6.6894,128.2410,26.6576
2040-09-23,27.8554,0.0711,51.9405,4.6193,673.0606,86.9098,90.2588,5.6151,131.4012,23.8163
2040-09-24,26.8877,0.0190,51.4682,7.1982,679.6044,89.3280,89.9200,6.0916,134.4691,25.4223
2040-09-25,27.1209,0.3666,44.1660,13.5663,686.1902,92.1333,89.9694,8.4559,137.9582,32.0680
2040-09-26,21.7170,0.0000,26.9701,12.0687,691.8032,95.1000,91.7370,10.0889,141.5529,36.3422
2040-09-27,22.3780,0.0000,23.5201,5.4918,697.5353,98.2968,92.7236,8.3248,145.3771,32.2577
2040-09-28,23.0693,0.1943,30.8269,4.2593,703.3917,101.2733,92.7739,7.8789,148.9372,31.3095
2040-09-29,21.9824,2.1315,51.4116,5.7423,709.0526,87.1027,78.6518,1.3318,133.2753,7.7680
2040-09-30,22.4928,0.0245,47.7978,3.9014,714.8053,89.2954,85.5722,2.7765,136.0892,14.3791
2040-10-01,27.9283,0.0030,30.7280,5.0779,720.5364,92.3422,91.3275,6.6929,139.8707,27.4952
2040-10-02,26.7082,0.1105,32.2171,6.7776,726.0478,95.1983,91.7542,7.7466,143.3929,30.6089
2040-10-03,27.3977,0.0027,27.5497,4.5404,731.6834,98.3267,92.7375,7.9506,147.2000,31.3941
2040-10-04,29.7257,0.0000,23.4476,3.3845,737.7380,101.9022,94.0001,8.9456,151.4914,34.2374
2040-10-05,30.4273,0.0000,26.3641,3.7593,743.9189,105.4198,94.0508,9.1804,155.6848,35.0799
2040-10-06,31.3726,0.0000,27.3789,3.1719,750.2700,108.9929,94.1015,8.9754,159.9099,34.7910
2040-10-07,31.8746,0.0001,28.1745,3.4268,756.7114,112.5816,94.1522,9.1555,164.1198,35.4638
2040-10-08,33.0854,0.0001,25.4451,3.3238,763.3708,116.4433,94.3057,9.3034,168.5940,36.0500
2040-10-09,33.3584,0.1040,26.3238,3.4168,770.0793,120.2901,94.3565,9.4128,173.0155,36.5194
2040-10-10,30.9229,0.1522,31.9328,3.0191,776.3494,123.5928,94.1726,8.9947,176.8145,35.5926
2040-10-11,29.3773,0.1345,37.7744,3.6117,782.3414,126.4663,93.0722,7.9515,180.1350,32.9136
2040-10-12,28.7399,0.1109,44.0607,3.8365,788.2185,128.9955,91.8121,6.7345,183.0845,29.5213
2040-10-13,27.7494,0.5154,51.6241,3.5075,793.9174,131.1101,90.2587,5.3091,185.5956,25.1312
2040-10-14,27.0433,0.1360,50.8129,4.6570,799.4892,133.2076,90.0434,5.4550,188.0746,25.6656
2040-10-15,27.8443,0.0152,43.4969,3.5910,805.2052,135.6856,90.0928,5.2064,190.9349,24.9064
2040-10-16,27.8537,0.0007,42.4224,3.5813,810.9229,138.2116,90.1422,5.2408,193.8324,25.0785
2040-10-17,27.2554,0.0312,45.4599,3.9738,816.5328,140.5549,90.1916,5.3834,196.5334,25.6023
2040-10-18,28.5484,0.0000,41.3154,3.1015,822.3755,143.1912,90.3499,5.2699,199.5282,25.2790
2040-10-19,28.0837,0.0005,44.6323,3.3180,828.1346,145.6395,90.3993,5.3655,202.3246,25.6437
2040-10-20,27.9765,0.0001,43.1456,3.9801,833.8744,148.1443,90.4488,5.5870,205.1655,26.4175
2040-10-21,28.2508,0.0000,41.3726,4.5919,839.6635,150.7516,90.4983,5.8028,208.0990,27.1618
2040-10-22,26.1684,0.0000,33.2592,4.8733,845.0778,153.5091,91.3535,6.6487,211.1358,29.8506
2040-10-23,26.2169,0.0000,27.3322,4.9755,850.5009,156.5169,92.5356,7.8994,214.3960,33.5600
2040-10-24,24.2265,0.0004,38.6221,4.7792,855.5657,158.8723,91.9235,7.1744,217.0043,31.5087
2040-10-25,23.8329,0.0160,54.8036,4.1851,860.5596,160.5797,89.4895,4.9202,218.9975,24.3566
2040-10-26,21.1695,17.2070,77.8063,6.6076,689.6439,65.0761,43.4933,0.0902,105.3092,0.2603
2040-10-27,18.1414,33.9109,92.3854,8.6501,471.6748,24.6359,16.4305,0.0000,43.5812,0.0001
2040-10-28,19.9731,5.4880,77.0362,6.7516,455.4804,15.7881,35.2626,0.0181,29.0582,0.0210
2040-10-29,20.0037,0.2268,63.3906,5.5186,459.7851,16.9588,63.1243,0.6418,31.0540,0.7756
2040-10-30,20.3481,0.0467,56.6188,4.0428,464.1517,18.3686,77.9129,1.1466,33.4297,2.3210
2040-10-31,21.1110,0.0554,54.7122,3.8643,468.6557,19.8927,83.9334,2.2161,35.9686,5.3185
2040-11-01,24.7762,0.0034,43.7713,4.0021,472.8194,21.8217,88.0879,3.9868,39.1287,9.5858
2040-11-02,22.0957,0.0017,44.5291,5.0997,476.5006,23.5276,88.5655,4.5123,41.8850,11.0518
2040-11-03,19.4579,0.0083,42.0508,5.7170,479.7071,25.1071,88.6873,4.7369,44.4040,11.8845
2040-11-04,17.4849,0.0025,42.9865,4.3252,482.5584,26.5119,88.7363,4.4472,46.6204,11.6125
2040-11-05,17.7175,0.0312,52.2981,4.3265,485.4515,27.7019,88.3579,4.2124,48.4867,11.3668
2040-11-06,17.1176,8.7406,72.4360,4.5500,450.4303,14.8545,46.6728,0.1328,27.4461,0.1477
2040-11-07,19.7703,1.7741,62.8203,4.7613,453.6929,14.4799,61.7442,0.5760,26.8199,0.6312
2040-11-08,20.2527,1.4028,63.6783,4.3268,457.0424,15.5082,69.6155,0.7685,28.5910,0.8786
2040-11-09,19.6363,4.7787,65.1043,7.4914,443.9786,10.5420,58.3519,0.5345,19.9026,0.4830
2040-11-10,19.4219,0.0053,44.1265,4.4416,447.1785,12.0622,78.4219,1.2220,22.6004,1.6870
2040-11-11,20.4090,0.0251,52.2404,3.8839,450.5561,13.4241,84.3220,2.3368,24.9871,4.3657
2040-11-12,19.1154,0.0008,40.6029,3.5987,453.7009,15.0161,87.5846,3.6349,27.7371,7.2024
2040-11-13,17.6771,0.0013,40.3345,4.0543,456.5868,16.5014,88.4021,4.1815,30.2681,8.5910
2040-11-14,16.8239,0.0195,55.3790,4.6818,459.3191,17.5618,87.7925,3.9547,32.0592,8.4655
2040-11-15,16.4538,0.0110,54.4852,4.2751,461.9848,18.6211,87.6661,3.8051,33.8329,8.4512
2040-11-16,16.1061,0.0029,54.2707,4.3608,464.5879,19.6642,87.6112,3.7916,35.5651,8.6793
2040-11-17,17.0106,0.0000,50.3514,3.5554,467.3538,20.8563,87.6597,3.6662,37.5260,8.7045
2040-11-18,16.9321,0.0621,56.1620,3.6874,470.1056,21.9044,87.4842,3.5992,39.2380,8.7989
2040-11-19,19.6877,0.0889,53.5921,3.8657,473.3533,23.1834,87.5328,3.6570,41.3088,9.1986
2040-11-20,19.0036,0.0036,52.1743,4.0657,476.4780,24.4581,87.5813,3.7197,43.3528,9.6045
2040-11-21,21.8610,0.0837,49.8554,4.6769,480.1170,25.9846,87.6987,3.9010,45.7756,10.3207
2040-11-22,15.3300,0.0000,26.0402,3.9037,482.5804,27.5956,90.1667,5.3454,48.2881,13.7065
2040-11-23,13.8903,0.0001,37.2042,4.0121,484.7846,28.8437,90.1871,5.3903,50.2177,14.0986
2040-11-24,12.7699,0.0001,38.3103,3.5281,486.7872,29.9780,89.9855,5.1108,51.9569,13.7851
2040-11-25,14.7388,0.0792,58.3282,4.6395,489.1442,30.8531,87.7687,3.9329,53.3012,11.3568
2040-11-26,17.0925,0.2963,75.2470,7.5552,491.9248,31.4502,84.8462,3.0192,54.2322,9.2090
2040-11-27,18.7699,15.2503,78.6517,10.1492,424.8564,13.5055,43.4875,0.1077,25.0224,0.1127
2040-11-28,15.9151,2.9889,56.9159,8.9340,420.5898,10.7718,57.0939,0.5229,20.2472,0.4777
2040-11-29,11.7893,0.0187,43.1231,4.0787,422.4158,11.7437,73.9475,0.8916,21.9611,0.8577
2040-11-30,12.8206,10.1876,84.2308,4.4439,385.6979,5.8941,31.8357,0.0070,11.3544,0.0045
2040-12-01,15.8241,0.2079,56.1469,4.4989,388.2502,6.7375,59.3746,0.4932,12.9147,0.3433
2040-12-02,17.5448,0.2273,65.6968,4.1207,391.1123,7.4643,72.9677,0.8557,14.2488,0.6306
2040-12-03,22.6605,0.5442,54.2114,3.6737,394.8952,8.7007,82.4450,1.8117,16.4929,2.3226
2040-12-04,13.5361,29.8302,92.0044,4.3645,288.9524,3.5837,19.9866,0.0002,6.9518,0.0001
2040-12-05,13.8435,7.1695,82.8898,5.4968,272.6101,1.6119,23.7561,0.0007,3.1768,0.0002
2040-12-06,9.6322,0.5810,71.8421,8.2256,274.0479,1.9553,45.1463,0.1273,3.8421,0.0491
2040-12-07,12.5617,0.0096,54.2337,4.6660,276.0130,2.6658,65.7681,0.6873,5.2060,0.3009
2040-12-08,12.0860,0.0097,43.3617,5.8283,277.8925,3.5145,78.7036,1.3439,6.8137,0.6661
2040-12-09,11.8718,0.0025,40.3877,4.6949,279.7334,4.3933,84.3081,2.4297,8.4546,2.0489
2040-12-10,16.9060,0.0098,64.4242,4.9554,282.4805,5.1213,84.3984,2.4920,9.7984,2.3902
2040-12-11,17.7898,0.0165,75.4886,4.7374,285.3867,5.6474,84.1135,2.3721,10.7624,2.3963
2040-12-12,23.7576,0.0729,62.7754,5.2329,289.3670,6.6989,85.3216,2.8676,12.6649,3.4373
2040-12-13,16.5348,0.0035,61.4277,3.5036,292.0473,7.4719,85.3694,2.6457,14.0455,3.3554
2040-12-14,17.9963,3.3912,71.2094,6.8394,288.7293,5.2524,62.5295,0.6663,10.0478,0.4030
2040-12-15,17.6790,0.0704,50.8512,5.3548,291.6156,6.3013,78.1622,1.2509,11.9566,0.8331
2040-12-16,18.9733,0.0024,66.7263,4.8773,294.7348,7.0603,81.9253,1.8062,13.3227,1.8983
2040-12-17,21.3203,1.7013,75.2054,7.3112,298.2764,6.7967,72.6413,0.9917,12.8608,0.6885
2040-12-18,14.8536,0.6147,35.0286,10.0417,300.6541,7.9746,83.7117,2.9378,14.9574,3.9483
2040-12-19,9.7329,0.0000,33.4197,4.8404,302.1100,8.7942,86.8234,3.4717,16.3953,4.9976
2040-12-20,11.0277,0.0000,32.5074,2.6701,303.7990,9.7244,88.2536,3.8176,18.0078,5.8135
2040-12-21,12.6626,0.0026,45.6422,3.2766,305.7822,10.5746,88.3024,3.9637,19.4662,6.3123
2040-12-22,14.0333,0.0046,59.4227,3.1316,308.0123,11.2724,87.0713,3.2996,20.6550,5.4829
2040-12-23,15.2460,0.6128,70.4417,5.8096,310.4605,11.8215,84.3140,2.5721,21.5879,4.3722
2040-12-24,15.9063,4.5108,63.7654,7.2136,302.5824,7.8772,59.4223,0.5673,14.7917,0.4275
2040-12-25,13.8249,8.5380,68.9840,6.1201,281.0935,4.2113,41.4148,0.0614,8.1185,0.0332
2040-12-26,14.9063,0.3074,65.5648,6.0095,283.4806,4.8377,62.5935,0.6410,9.2794,0.3715
2040-12-27,15.8992,0.2173,47.1580,4.9150,286.0465,5.8585,77.9856,1.2054,11.1462,0.7717
2040-12-28,10.5198,3.2940,59.0877,4.6651,281.7952,3.9950,58.8167,0.4790,7.7166,0.2524
2040-12-29,8.7976,0.0788,44.3773,5.7526,283.0828,4.6207,73.7707,0.9621,8.8790,0.5448
2040-12-30,12.4025,4.5968,72.9422,8.2950,274.9784,2.6174,50.8848,0.2769,5.1132,0.1203
2040-12-31,12.0518,2.4322,71.3418,5.0775,276.8518,1.7771,51.0730,0.2406,3.4980,0.0896
2041-01-01,9.7255,0.4547,60.9469,4.2714,278.3064,2.2976,65.9530,0.6784,4.5022,0.2791
2041-01-02,7.0040,0.4357,68.6599,5.7377,279.2711,2.6102,72.9622,0.9281,5.1013,0.4027
2041-01-03,5.5869,0.0043,55.2072,5.4771,279.9807,2.9790,78.4496,1.2906,5.8036,0.5932
2041-01-04,5.3825,0.0050,58.5961,4.8467,280.6536,3.3094,80.9122,1.6025,6.4293,0.7725
2041-01-05,6.9464,0.0011,45.1100,7.0606,281.6079,3.8532,83.8914,2.5889,7.4514,2.0473
2041-01-06,6.9857,0.0000,46.1904,3.9940,282.5694,4.3888,85.0118,2.5812,8.4495,2.2463
2041-01-07,8.1552,0.0075,49.7996,2.4549,283.7413,4.9608,85.2926,2.4830,9.5060,2.3232
2041-01-08,9.8623,0.0164,53.4032,3.3686,285.2205,5.5896,85.3404,2.6173,10.6571,2.7207
2041-01-09,13.5110,0.0094,55.3105,4.2662,287.3565,6.3935,85.4179,2.7680,12.1132,3.1966
2041-01-10,17.4548,0.0126,66.2943,4.5380,290.2023,7.1634,85.4658,2.8248,13.4941,3.5254
2041-01-11,14.7800,0.0517,69.2209,3.9221,292.5667,7.7651,85.0002,2.5678,14.5639,3.3215
2041-01-12,12.8965,9.4185,89.5347,4.6597,268.6680,3.7263,31.0789,0.0058,7.2029,0.0030
2041-01-13,12.4922,5.9355,89.6096,4.1247,256.7734,1.6546,20.8068,0.0002,3.2567,0.0001
2041-01-14,8.9207,0.9870,66.1277,6.9505,258.0832,2.0724,42.3561,0.0757,4.0633,0.0299
2041-01-15,5.5092,1.8271,63.7137,10.1948,258.7788,1.5900,51.4855,0.3264,3.1320,0.1167
2041-01-16,4.7106,0.0107,58.1349,4.7274,259.3307,1.8895,64.7121,0.6615,3.7114,0.2519
2041-01-17,5.2830,0.0095,64.3052,3.0627,259.9857,2.1700,71.7832,0.7751,4.2513,0.3115
2041-01-18,6.5174,0.0081,61.4270,2.7444,260.8628,2.5317,76.7498,0.9819,4.9435,0.4203
2041-01-19,8.5045,0.0037,56.0456,3.3440,262.0976,3.0515,80.6305,1.4399,5.9303,0.6684
2041-01-20,11.4649,0.0140,73.8995,4.5558,263.8653,3.4552,81.2023,1.6321,6.6913,0.8019
2041-01-21,12.9272,0.8500,85.9975,4.1977,265.8962,3.6970,75.3734,0.9667,7.1456,0.4903
2041-01-22,17.7883,0.3644,61.0574,5.1018,268.8021,4.6026,81.4460,1.7257,8.8272,0.9742
2041-01-23,19.5265,0.0060,63.5473,5.6886,272.0208,5.5282,83.7632,2.3752,10.5218,2.3587
2041-01-24,19.3635,0.0861,63.4449,7.9244,275.2103,6.4491,84.6064,2.9769,12.1844,3.4995
2041-01-25,15.2597,0.0161,38.8817,4.5191,277.6610,7.6801,87.3110,3.6616,14.3667,4.8672
2041-01-26,12.2076,0.0000,33.0122,3.8153,279.5624,8.7775,88.5607,4.2266,16.2774,6.0412
2041-01-27,16.5416,0.0109,53.4788,4.5522,282.2439,9.7879,88.0403,4.0709,18.0140,6.1844
2041-01-28,15.7647,0.0126,74.9137,4.0584,284.7855,10.3087,85.0137,2.5903,18.9065,4.0236
2041-01-29,19.3248,0.4678,60.8409,8.5932,287.9680,11.2934,85.3184,3.3951,20.5700,5.6243
2041-01-30,12.5640,8.2550,69.0914,6.3962,267.9759,6.1673,46.2329,0.1367,11.6635,0.0898
2041-01-31,9.8212,0.0005,33.0441,5.3492,269.4478,7.0675,69.6293,0.8095,13.2652,0.5722
2041-02-01,16.4967,0.0008,42.2272,5.5855,272.1212,8.5116,82.0590,1.9024,15.7886,2.3986
2041-02-02,16.7736,0.0446,64.7985,5.9497,274.8444,9.4054,83.4683,2.3152,17.3283,3.3266
2041-02-03,16.9269,3.3554,71.9815,8.2365,271.7102,6.8566,61.9481,0.6938,12.8993,0.4825
2041-02-04,12.4068,0.8481,50.1227,6.6713,273.6474,7.8135,73.5759,0.9988,14.5859,0.7463
2041-02-05,15.8064,0.0474,48.8708,5.0061,276.1966,9.0414,82.1035,1.8577,16.7149,2.4353
2041-02-06,18.1446,0.7536,54.7526,6.1139,279.1666,10.2783,83.0035,2.1983,18.8240,3.3243
2041-02-07,14.4784,0.0737,42.4193,3.5850,281.4767,11.5526,86.0946,2.9398,20.9550,4.9280
2041-02-08,9.8931,0.3432,44.1768,7.1560,282.9615,12.4243,86.5267,3.7407,22.3907,6.4991
2041-02-09,7.1844,0.0017,38.0305,6.2013,283.9587,13.1535,87.0851,3.8592,23.5768,6.9002
2041-02-10,9.1267,0.6435,50.4494,5.2416,285.3055,13.8734,84.6982,2.6332,24.7393,4.9121
2041-02-11,6.8985,5.6885,69.2936,8.2073,272.6215,8.3049,47.8940,0.1893,15.4344,0.1463
2041-02-12,5.4720,0.1256,45.8605,9.8541,273.3104,8.8103,66.9819,0.9323,16.3065,0.7448
2041-02-13,10.0915,0.0000,42.2838,4.8440,274.8309,9.7279,78.4403,1.2490,17.8741,1.2712
2041-02-14,14.8147,0.0001,47.0533,4.9584,277.2015,10.9248,83.9636,2.3511,19.8900,3.7415
2041-02-15,13.5890,0.0040,56.9062,4.9432,279.3516,11.8240,84.7083,2.5975,21.3851,4.3899
2041-02-16,14.0493,0.6764,67.5212,3.9636,281.5844,12.5230,82.0756,1.7567,22.5399,2.9028
2041-02-17,13.1271,0.8785,73.4811,4.8298,283.6513,13.0589,77.7659,1.1786,23.4220,1.6456
2041-02-18,15.8985,0.0000,44.1063,5.3825,286.2170,14.4085,84.4400,2.5606,25.5957,4.8837
2041-02-19,20.4749,0.0004,48.9959,4.3369,289.6065,15.9717,86.7251,3.3379,28.0728,6.7090
2041-02-20,18.8257,0.6236,59.6616,5.4531,292.6991,17.1134,84.9270,2.7460,29.8619,5.7983
2041-02-21,13.8594,0.2019,51.6357,7.2538,294.8978,18.1411,85.7129,3.3526,31.4461,7.2241
2041-02-22,5.6643,0.6473,42.8088,11.1159,295.6214,18.6907,84.6382,3.5115,32.2792,7.6533
2041-02-23,4.7630,0.0311,46.0297,8.1984,296.1828,19.1402,85.2003,3.2743,32.9560,7.2780
2041-02-24,4.9821,0.0047,47.9300,6.6982,296.7835,19.5900,85.2890,3.0734,33.6304,6.9563
2041-02-25,5.9260,0.0435,41.9115,5.1308,297.5542,20.1698,85.9914,3.1323,34.4941,7.1910
2041-02-26,6.4715,0.0005,39.5513,4.1809,298.4231,20.8199,86.5944,3.2509,35.4558,7.5646
2041-02-27,7.7067,0.0347,45.5198,3.3170,299.5143,21.5015,86.6426,3.1338,36.4595,7.4465
2041-02-28,8.7215,1.3298,58.9776,6.3794,300.7881,22.0738,76.4381,1.1540,37.3036,2.6017
2041-03-01,9.7293,0.1411,54.9046,5.5632,302.2434,22.9062,81.0959,1.6963,38.5151,4.2347
2041-03-02,14.9944,0.0341,43.7224,4.3239,304.6464,24.4502,85.3750,2.7596,40.7284,7.1138
2041-03-03,14.0550,2.7043,72.6685,4.3684,306.8803,20.2588,62.3224,0.5821,34.7779,0.7599
2041-03-04,14.8111,5.7496,70.2116,6.3071,294.6712,12.8309,46.7157,0.1459,23.1425,0.1452
2041-03-05,9.9804,15.7203,89.7132,10.5804,250.4544,5.8322,20.0217,0.0002,11.0228,0.0001
2041-03-06,9.3756,4.7675,77.0718,10.4242,242.0731,3.3804,30.2350,0.0062,6.5327,0.0030
2041-03-07,7.3390,9.5673,80.5197,12.3429,219.7419,1.4050,25.7795,0.0018,2.7658,0.0006
2041-03-08,8.0109,12.7831,82.9305,11.9647,190.2455,0.2760,22.0200,0.0005,0.5499,0.0001
2041-03-09,8.7015,0.3805,63.2650,4.9486,191.5158,0.8897,44.4579,0.0969,1.7590,0.0290
2041-03-10,18.4483,3.6895,41.7769,5.9337,188.8857,1.9401,60.9849,0.5857,3.7831,0.2247
2041-03-11,18.8590,0.6134,51.3208,5.6264,191.9844,3.5963,77.3699,1.1889,6.8708,0.5917
2041-03-12,20.6602,2.1774,56.2697,8.7160,195.4072,3.9363,74.2493,1.1428,7.4951,0.5935
2041-03-13,19.2493,3.3616,47.6126,7.9056,193.7284,3.8241,69.5687,0.9190,7.2886,0.4707
2041-03-14,13.4488,0.0045,40.8332,6.6988,195.8532,5.2915,81.3958,1.8594,9.9133,1.4627
2041-03-15,20.4647,0.0059,42.1416,7.1287,199.2408,7.4183,87.0436,4.0199,13.5732,5.1732
2041-03-16,21.5689,0.0024,48.2985,5.4055,202.8272,9.4161,87.7264,4.0630,16.8738,5.9401
2041-03-17,23.9322,0.0028,45.8062,3.2021,206.8390,11.7286,88.5298,4.0798,20.5447,6.6951
2041-03-18,24.6122,0.0026,36.1841,4.5339,210.9732,14.5255,90.2633,5.5946,24.7850,9.8363
2041-03-19,22.2733,0.0000,36.6431,4.7075,214.6864,17.0498,90.3127,5.6838,28.4509,10.7502
2041-03-20,29.3732,0.0000,35.5383,3.5941,219.6776,20.3982,91.4231,6.2956,33.1103,12.6794
2041-03-21,28.9151,0.0376,39.4188,5.1101,224.5863,23.4978,91.4729,6.8437,37.2518,14.4181
2041-03-22,20.7673,0.0001,26.8106,8.0192,228.0284,26.2259,91.8636,8.3755,40.7384,17.6068
2041-03-23,19.0861,0.0000,23.4540,5.0330,231.1679,28.8598,92.2997,7.6633,43.9900,17.1537
2041-03-24,23.8092,0.0000,25.0008,3.5901,235.1576,32.0443,92.7526,7.5949,47.8035,17.8002
2041-03-25,27.8815,0.0001,30.3309,3.6512,239.8803,35.4861,92.8029,7.6723,51.8109,18.7080
2041-03-26,26.3334,0.0640,39.7254,4.7224,244.3243,38.3047,92.0817,7.3157,55.0377,18.6497
2041-03-27,24.9588,1.8572,51.3507,4.9962,248.5209,37.4218,81.1999,1.6683,54.3746,5.3551
2041-03-28,22.1599,0.0350,46.0721,5.0060,252.2136,39.5600,86.5934,3.3885,56.8338,10.4384
2041-03-29,27.5332,0.0064,40.7073,4.7638,256.8736,42.4539,89.6740,5.2016,60.0829,15.1486
2041-03-30,31.2992,0.0000,41.4090,2.9757,262.2115,45.6898,90.6557,5.4706,63.6517,16.2479
2041-03-31,32.4069,0.0000,39.6527,3.9684,267.7487,49.1366,91.2628,6.2710,67.3660,18.5478
2041-04-01,22.8628,0.0035,48.4561,5.9140,272.8180,52.1309,90.0772,5.8398,70.5565,18.0449
2041-04-02,20.9666,0.0008,30.0284,6.8130,277.5460,55.8742,91.0545,7.0260,74.3360,21.2276
2041-04-03,20.1410,0.0004,25.0714,4.6134,282.1254,59.7326,91.9695,7.1611,78.1171,22.0888
2041-04-04,21.5352,0.0045,33.1079,4.3076,286.9557,63.4033,92.0195,7.1017,81.6854,22.4707
2041-04-05,16.7100,1.4874,46.8566,6.5961,290.9175,65.6979,81.3541,1.8409,83.9818,7.9059
2041-04-06,12.3755,7.3842,65.9118,8.8203,274.7794,38.3918,49.5492,0.2421,56.9064,0.4469
2041-04-07,13.5067,4.7594,47.6665,9.5504,267.8126,27.2918,55.0520,0.4537,43.5010,0.6918
2041-04-08,10.5544,3.2272,66.7826,8.9965,265.2865,21.5169,51.9008,0.3218,35.7789,0.4283
2041-04-09,14.1724,0.0046,31.1648,5.0837,268.7915,24.0655,75.6512,1.0276,39.3282,2.3290
2041-04-10,17.4143,0.0000,31.4021,5.5377,272.8801,27.1445,86.2388,3.3104,43.4770,8.7085
2041-04-11,18.7826,0.0002,36.8295,5.8945,277.2149,30.1895,88.7237,4.8045,47.4581,12.4804
2041-04-12,21.9956,0.3565,48.4928,8.4798,282.1282,33.0734,88.7726,5.5116,51.1548,14.4902
2041-04-13,22.5425,0.0458,45.1267,5.8640,287.1398,36.2186,88.8215,4.8650,55.0711,13.7045
2041-04-14,24.9718,0.0045,33.6867,5.4099,292.5887,40.4100,90.8046,6.3173,60.0767,17.5350
2041-04-15,24.5105,0.0247,35.9997,7.4451,297.9546,44.3837,90.8542,7.0493,64.6802,19.7687
2041-04-16,26.1619,0.0000,28.3086,3.5941,303.6178,49.1219,92.2487,7.0763,69.9507,20.6622
2041-04-17,27.1530,0.0047,27.2963,5.5383,309.4593,54.1017,92.8259,8.4650,75.2946,24.3840
2041-04-18,26.8544,0.1193,29.3845,5.3944,315.2471,58.8873,92.8762,8.4633,80.2830,25.1873
2041-04-19,23.9172,4.1498,51.6875,6.1987,311.2020,44.2310,72.2219,0.9226,65.2700,3.2478
2041-04-20,22.7036,2.5468,46.7343,12.4296,316.2426,40.0249,76.9470,1.6226,60.8092,5.6421
2041-04-21,21.2710,2.5098,42.9417,8.6676,321.0254,36.6402,76.5298,1.3032,57.0126,4.2992
2041-04-22,18.8919,4.9683,49.9988,6.8385,313.0385,26.1738,63.7761,0.7068,43.2972,1.3332
2041-04-23,19.2742,0.0181,37.8138,6.4844,317.4618,29.2454,82.2315,2.0330,47.5417,5.9161
2041-04-24,24.3633,0.0021,37.8788,5.0679,322.8012,33.0802,88.6565,4.5642,52.6673,12.7098
2041-04-25,26.3134,0.0078,39.3528,5.3940,328.4916,37.1108,90.0692,5.6823,57.8756,15.8717
2041-04-26,27.3260,0.0002,29.4447,4.8463,334.3643,41.9730,92.1316,7.4136,63.8943,20.3715
2041-04-27,30.0625,0.0001,22.4809,5.9348,340.7295,47.8294,94.2089,10.4706,70.8094,27.3834
2041-04-28,28.7608,0.0003,24.8448,8.6619,346.8605,53.2701,94.2596,12.0975,76.9829,31.4907
2041-04-29,26.5359,0.0009,32.4972,5.0806,352.5909,57.7926,93.5245,9.1207,81.9887,26.8169
2041-04-30,26.0389,0.0000,29.6073,7.4631,358.2319,62.4240,93.5750,10.3567,86.9633,30.1340
2041-05-01,27.2086,0.0003,28.1618,5.0393,365.5335,67.7779,93.6255,9.2307,92.6209,28.7590
2041-05-02,29.9411,0.0120,19.4473,6.9887,373.3269,74.3607,94.9768,12.2726,99.2826,35.9659
2041-05-03,28.0551,0.0436,28.3287,16.6001,380.7808,79.8619,94.4328,18.4840,104.7829,47.9388
2041-05-04,21.7716,0.0303,27.2996,10.9076,387.1037,84.2394,93.7559,12.6337,109.1158,38.2257
2041-05-05,22.3658,0.0067,24.2031,5.3070,393.5335,88.9219,93.8065,9.5944,113.6459,32.4377
2041-05-06,25.1416,0.0000,24.3268,4.3159,400.4630,94.1498,93.8572,9.1914,118.5948,32.0799
2041-05-07,27.9402,0.0001,19.0367,3.9027,407.8963,100.3397,94.7559,10.1915,124.2610,34.9901
2041-05-08,27.3190,0.0268,23.5757,4.4231,415.2177,106.0576,94.8068,10.5357,129.4517,36.3020
2041-05-09,26.1559,0.0226,29.6654,4.8564,422.3297,111.1045,94.0602,9.7149,134.0475,34.8324
2041-05-10,28.0541,0.0086,30.8304,4.2167,429.7835,116.4134,93.8905,9.1880,138.8218,33.9598
2041-05-11,29.1676,0.0000,28.6803,5.5284,437.4376,122.0965,93.9411,9.8850,143.8296,36.0317
2041-05-12,27.2996,0.0648,31.5699,6.7438,444.7556,127.2127,93.6459,10.0871,148.3469,36.8412
2041-05-13,23.9455,0.6399,34.6972,6.9477,451.4697,131.5186,90.6798,6.7058,152.1959,28.2431
2041-05-14,22.9130,0.8629,44.4901,6.7166,457.9981,135.0278,87.2190,4.0370,155.4676,19.8843
2041-05-15,25.5186,0.0028,23.7359,5.4300,464.9954,140.3722,92.4287,7.9617,159.9960,32.1313
2041-05-16,28.0924,0.0000,20.7189,6.0616,472.4561,146.4653,94.2744,10.6336,165.0294,39.1566
2041-05-17,28.4922,0.0007,30.9811,6.4217,479.9887,151.8423,93.9672,10.3775,169.5743,38.7644
2041-05-18,28.0267,0.0345,40.5288,4.8709,487.4375,156.4025,92.4269,7.7385,173.5716,32.0974
2041-05-19,26.9995,6.1483,47.8464,5.6085,469.9605,81.1021,72.0785,0.8908,113.3162,4.8415
2041-05-20,25.9146,0.4112,52.7509,7.3514,477.0291,84.4625,84.4513,2.8319,117.0937,13.6816
2041-05-21,26.7594,0.0123,41.1246,4.8814,484.2498,88.7807,89.0685,4.7970,121.7557,20.6593
2041-05-22,29.4880,0.0000,30.0219,5.1480,491.9616,94.4159,92.2722,7.6781,127.6069,29.2390
2041-05-23,31.1088,0.0001,24.4891,4.3667,499.9652,100.8188,93.9804,9.3739,134.0560,34.0193
2041-05-24,32.1966,0.0079,24.1047,4.1563,508.1646,107.4717,94.4120,9.8454,140.6030,35.6891
2041-05-25,27.8000,0.1841,48.0020,12.2736,515.5726,111.4279,91.1378,9.3619,144.6823,34.8251
2041-05-26,26.5070,1.9199,54.8239,12.4290,522.7479,99.3564,82.4516,2.8187,134.7055,14.4898
2041-05-27,26.1740,0.0071,34.4943,7.2615,529.8632,104.0599,89.8701,6.0675,139.5863,25.6794
2041-05-28,27.5050,0.0207,30.8130,4.2634,537.2181,109.2702,91.8744,6.9420,144.8726,28.5058
2041-05-29,24.0660,4.3016,58.4641,4.2874,526.9737,72.6805,68.0754,0.7303,108.0911,3.7839
2041-05-30,26.8604,0.2249,36.7604,6.3138,534.2125,77.3356,86.8634,3.7606,113.5690,16.7480
2041-05-31,27.4694,1.4085,32.8546,5.6698,541.5610,82.3859,87.5850,4.0350,119.3724,18.0559
2041-06-01,24.1326,0.0237,34.4849,7.7891,549.3089,86.7380,90.3579,6.6817,124.3769,26.3242
2041-06-02,26.7082,0.0029,29.8929,5.3779,557.5204,91.8705,92.0030,7.4777,130.1318,28.9269
2041-06-03,27.2582,0.0108,32.5757,6.1281,565.8309,96.9042,92.0530,7.8209,135.7059,30.2629
2041-06-04,28.4511,0.0010,30.0887,4.1113,574.3561,102.3432,92.4845,7.5085,141.6055,29.8536
2041-06-05,30.9638,0.0000,29.9702,4.2735,583.3336,108.2546,92.9476,8.0790,147.8940,31.7766
2041-06-06,31.3064,0.0014,31.2320,5.0295,592.3727,114.1215,92.9979,8.4521,154.0487,33.1194
2041-06-07,31.6763,0.0021,30.9962,5.2951,601.4784,120.0758,93.0483,8.6266,160.1987,33.9047
2041-06-08,31.7677,0.2486,34.9702,4.1983,610.6006,125.7028,93.0986,8.2205,165.9806,33.1057
2041-06-09,28.5758,4.6204,49.3834,7.1769,596.5622,78.8879,76.5454,1.2102,118.5755,6.7079
2041-06-10,28.5618,0.0424,39.2648,7.8808,605.1073,83.6307,88.7117,5.3012,124.3098,22.3809
2041-06-11,28.5835,0.0117,29.7133,7.8586,613.6563,89.1234,92.1836,8.6925,130.7673,32.0740
2041-06-12,30.5740,0.0000,22.0196,6.0757,622.5636,95.6259,94.3961,10.8213,138.1877,37.7626
2041-06-13,31.5829,0.0906,28.5016,4.7588,631.6526,101.7778,94.4469,10.1978,145.1043,36.8713
2041-06-14,33.4963,0.0217,29.8129,3.7030,641.0859,108.1705,94.4977,9.7374,152.1572,36.2490
2041-06-15,35.6914,0.0000,25.2232,3.4063,650.9143,115.4133,94.7891,9.9852,159.9327,37.3166
2041-06-16,37.0649,0.0000,23.4056,3.3764,660.9900,123.1092,95.3915,10.8269,167.9956,39.7679
2041-06-17,39.4230,0.0000,22.2427,4.1914,671.4902,131.4046,96.0506,12.3370,176.4735,43.6670
2041-06-18,39.3036,0.0018,23.8563,4.0538,681.9688,139.5039,96.1019,12.3370,184.6021,44.0021
2041-06-19,36.8012,0.0305,28.2474,4.4752,691.9970,146.6634,95.9010,12.2638,191.7350,44.0850
2041-06-20,37.3926,0.0522,26.1910,4.2048,702.1317,154.1431,95.9523,12.1822,199.0433,44.1165
2041-06-21,39.1856,0.0068,26.5642,4.6276,712.5891,161.9316,96.0036,12.5312,206.5309,45.1114
2041-06-22,40.7728,0.0000,21.3814,6.2586,723.3322,170.5982,96.4786,14.5051,214.6394,49.6686
2041-06-23,42.4498,0.0039,24.5494,4.8068,734.3772,179.2488,96.5301,13.5755,222.6407,47.7959
2041-06-24,37.2375,0.0017,26.2790,5.8599,744.4839,186.6894,96.3552,13.9824,229.5020,48.8061
2041-06-25,38.2350,0.0000,23.1288,6.0689,754.7702,194.6499,96.4066,14.2287,236.6949,49.4469
2041-06-26,41.2435,0.0001,20.6736,5.2213,765.5980,203.4929,96.7132,14.2071,244.5108,49.4942
2041-06-27,38.4871,0.0027,21.4848,5.4471,775.9297,211.6756,96.7647,14.4694,251.6942,50.1389
2041-06-28,42.0689,0.0000,20.6554,6.2131,786.9061,220.6931,96.8642,15.2407,259.4647,51.8617
2041-06-29,44.0976,0.0000,16.2843,6.7997,798.2477,230.6544,98.0711,18.4285,267.8326,58.3924
2041-06-30,38.3340,0.0000,24.4225,7.1572,808.5518,238.5006,97.0759,16.4420,274.5439,54.4734
2041-07-01,33.8362,0.0000,29.0910,6.3752,818.3463,244.3187,95.5400,12.8504,279.8003,46.7153
2041-07-02,30.8082,0.0216,25.5779,11.3268,827.5958,249.8957,95.3790,16.1342,284.8002,53.8940
2041-07-03,28.0082,0.0000,21.6391,9.2194,836.3413,255.2527,95.4301,14.6102,289.5656,50.6859
2041-07-04,29.8217,0.0000,21.8708,5.1713,845.4132,260.9265,95.4812,11.9976,294.5668,44.7808
2041-07-05,33.8983,0.0000,25.1669,4.2983,855.2189,267.0775,95.5324,11.5615,299.9643,43.7524
2041-07-06,35.4714,0.0000,27.7213,4.2331,865.3077,273.2855,95.5836,11.6041,305.4217,43.8698
2041-07-07,36.7562,0.0000,26.3325,3.6761,875.6278,279.8351,95.6348,11.3618,311.1084,43.2955
2041-07-08,35.8157,0.0000,27.7954,6.1549,885.7787,286.0952,95.6860,12.9633,316.5701,47.0920
2041-07-09,33.8534,0.0000,27.4003,6.2931,895.5763,292.0549,95.5408,12.7987,321.7756,46.7230
2041-07-10,35.8309,0.0000,29.6115,6.9868,905.7299,298.1600,95.4334,13.0614,327.1123,47.3358
2041-07-11,32.6947,0.0442,34.6496,11.4561,915.3189,303.3468,94.1006,13.6236,331.7935,48.6170
2041-07-12,29.9320,0.0000,29.4743,9.4450,924.4107,308.4868,94.1513,12.3974,336.3574,45.8117
2041-07-13,31.6708,0.0000,23.7948,6.1409,933.8154,314.3518,94.4122,10.8812,341.3938,42.1590
2041-07-14,33.0645,0.0000,22.8215,5.7326,943.4710,320.5444,94.8465,11.3159,346.6516,43.2358
2041-07-15,34.0790,0.0175,25.5345,5.2516,953.3093,326.6968,94.8975,11.1224,351.9029,42.7658
2041-07-16,35.9276,0.0112,25.1240,4.5765,963.4802,333.2081,94.9484,10.8258,357.4053,42.0353
2041-07-17,35.8561,0.0028,26.5742,4.4324,973.6383,339.5810,94.9994,10.8228,362.8122,42.0314
2041-07-18,34.1391,0.1050,30.2187,5.3956,983.4874,345.3562,94.9980,11.3588,367.8137,43.3566
2041-07-19,32.3257,0.0771,32.3334,6.1624,993.0100,350.6682,94.4132,10.8945,372.4883,42.2154
2041-07-20,33.8099,0.0000,27.7545,4.5510,1002.7998,356.5914,94.4640,10.1155,377.5473,40.2484
2041-07-21,35.2146,0.0000,25.3003,4.4891,1012.8424,362.9623,94.6970,10.4125,382.8918,41.0095
2041-07-22,38.2617,0.0000,21.7269,3.7158,1023.4335,370.1982,95.9223,11.8375,388.8015,44.5235
2041-07-23,40.1689,0.0000,18.9078,4.6991,1034.3679,378.0578,96.8764,14.1442,395.0982,49.8255
2041-07-24,41.7406,0.0000,16.9957,4.2877,1045.5852,386.4092,97.5496,15.1549,401.6923,52.0235
2041-07-25,42.4521,0.0000,17.1623,4.6783,1056.9306,394.8822,97.6514,15.6662,408.3516,53.1104
2041-07-26,39.4389,0.0000,22.1625,7.7656,1067.7336,402.2930,97.5331,18.0182,414.3224,57.9037
2041-07-27,36.9184,0.0000,21.1828,7.3015,1078.0829,409.3305,97.3272,17.1265,419.9965,56.1248
2041-07-28,38.8956,0.0000,16.4504,5.9365,1088.7881,417.1784,97.3790,16.0986,426.1497,54.0193
2041-07-29,41.5251,0.0000,18.3450,4.0701,1099.9666,425.3527,97.4308,14.7549,432.5459,51.1696
2041-07-30,36.7314,0.0000,23.9225,8.8251,1110.2823,432.1121,96.8215,17.2854,438.0303,56.4484
2041-07-31,31.9349,0.0000,26.2615,11.5963,1119.7346,437.8331,95.6619,16.9969,442.8063,55.8663
2041-08-01,32.8026,0.0000,17.8487,7.9295,1128.6430,443.5829,95.9320,14.6569,447.4854,50.9589
2041-08-02,34.9185,0.0000,14.4512,5.3666,1137.9324,449.9442,96.9805,14.8333,452.5435,51.3415
2041-08-03,36.5685,0.0000,20.4297,4.2197,1147.5187,456.1320,97.0322,14.0973,457.5652,49.7335
2041-08-04,36.1971,0.0000,18.7400,4.7933,1157.0382,462.3889,97.0839,14.6112,462.6020,50.8611
2041-08-05,36.7326,0.0000,20.9936,4.3026,1166.6540,468.5596,97.1356,14.3530,468.5227,50.2976
2041-08-06,37.0663,0.0000,24.5650,4.3841,1176.3300,474.5033,96.7395,13.6684,474.4254,48.7795
2041-08-07,38.0688,0.0000,24.1669,4.4218,1186.1864,480.6354,96.7911,13.7895,480.5132,49.0508
2041-08-08,38.4414,0.0000,22.0199,4.7429,1196.1098,487.0010,96.8427,14.1116,486.8295,49.7670
2041-08-09,38.5969,0.0000,23.0124,4.1376,1206.0613,493.3104,96.8943,13.7826,493.0899,49.0359
2041-08-10,38.7031,0.0000,25.0675,3.8041,1216.0318,499.4677,96.8305,13.4377,499.2008,48.2609
2041-08-11,39.4433,0.0000,25.1079,3.5109,1226.1356,505.7362,96.8821,13.3324,505.4206,48.0227
2041-08-12,39.5549,0.0000,26.3131,3.8112,1236.2595,511.9208,96.7487,13.2960,511.5576,47.9400
2041-08-13,38.6259,0.0000,30.9516,4.3913,1246.2162,517.5836,95.8206,12.0797,517.1821,45.1163
2041-08-14,37.5252,0.0000,31.4113,5.2838,1255.9747,523.0529,95.4336,11.9877,522.6150,44.8976
2041-08-15,34.5830,0.0000,37.5756,8.5237,1265.2036,527.6514,93.8936,11.4199,527.1915,43.5304
2041-08-16,33.0007,0.0008,35.8536,6.7749,1274.1478,532.1673,93.7437,10.2412,531.6844,40.5894
2041-08-17,34.3796,0.0000,31.0603,4.5625,1283.3401,537.2169,93.7943,9.2254,536.7009,37.9305
2041-08-18,32.2853,0.0000,32.9442,5.7081,1292.1554,541.8385,93.8449,9.8426,541.2955,39.5609
2041-08-19,28.5890,1.4483,47.8378,8.5378,1300.3054,545.0356,86.2525,3.8581,544.4921,20.9068
2041-08-20,29.5864,0.1384,39.1701,6.4507,1308.6350,548.8893,90.3214,6.2134,548.3317,29.1611
2041-08-21,29.8062,0.0000,33.2907,6.1759,1317.0041,553.1456,91.9162,7.6896,552.5649,33.6485
2041-08-22,30.3884,0.0000,28.5397,6.1016,1325.4780,557.7910,93.0656,9.0062,557.1788,37.3400
2041-08-23,31.9135,0.0000,22.9342,4.9513,1334.2264,563.0434,94.5115,10.3892,562.3875,40.9671
2041-08-24,34.9986,0.0000,21.4578,3.4309,1343.5302,568.8967,95.4271,10.9095,568.1874,42.2749
2041-08-25,34.6619,0.0000,26.4913,4.7956,1352.7733,574.3238,95.4782,11.7677,573.5700,44.3721
2041-08-26,33.9288,0.0000,27.9533,4.5522,1361.8845,579.5339,95.4239,11.5386,578.7391,43.8191
2041-08-27,35.8328,0.0000,28.1757,3.5236,1371.3384,585.0102,95.4750,11.0323,584.1706,42.5797
2041-08-28,37.1880,0.0000,24.6680,3.4292,1381.0363,590.9648,95.5262,11.0568,590.0703,42.6401
2041-08-29,38.0885,0.0000,22.9361,3.6675,1390.8962,597.1995,95.6996,11.4574,596.2439,43.6220
2041-08-30,37.4303,0.0000,25.8206,4.3891,1400.6376,603.1000,95.7509,11.9646,602.0898,44.8432
2041-08-31,35.1896,0.0000,35.7631,7.6284,1409.9758,607.9125,94.3375,11.6079,606.8710,43.9870
2041-09-01,30.8538,0.0087,37.6230,10.4480,1417.2335,611.4611,93.2085,11.4377,610.3999,43.5742
2041-09-02,29.7256,0.0045,35.6066,5.4833,1424.2881,614.9951,93.1943,8.8886,613.9125,37.0205
2041-09-03,29.6159,0.0004,32.6616,4.6557,1431.3229,618.6775,93.2448,8.5858,617.5694,36.1890
2041-09-04,30.9310,0.0000,31.3207,3.6315,1438.5945,622.5941,93.2952,8.2116,621.4564,35.1431
2041-09-05,32.5293,0.0000,26.2354,3.1750,1446.1538,627.0105,93.9759,8.8221,625.8329,36.8391
2041-09-06,33.5709,0.0000,27.4207,4.3240,1453.9006,631.4906,94.0266,9.4138,630.2728,38.4336
2041-09-07,32.8464,0.0000,31.6864,4.4029,1461.5169,635.6193,94.0773,9.5179,634.3691,38.7094
2041-09-08,33.8661,0.0040,31.7876,4.3182,1469.3168,639.8656,94.1280,9.5441,638.5815,38.7787
2041-09-09,31.7120,0.3367,42.7824,4.2469,1476.7290,643.2081,92.5537,7.6341,641.9102,33.4871
2041-09-10,30.5191,0.0012,48.6995,5.1034,1483.9264,646.0960,91.2093,6.5897,644.7943,30.3456
2041-09-11,29.7312,0.0000,36.9248,5.4739,1490.9820,649.5582,91.3867,6.8855,648.2357,31.2560
2041-09-12,29.8435,0.0000,31.4057,4.3572,1498.0578,653.3371,92.3748,7.4856,651.9852,33.0524
2041-09-13,29.7297,0.0003,25.2969,9.2901,1505.1132,657.4374,93.6496,11.4739,656.0469,43.6624
2041-09-14,26.1621,0.0006,32.8377,14.0652,1511.5264,660.6972,93.2084,13.7243,659.2843,48.9072
2041-09-15,24.6965,0.0051,36.7713,11.6951,1517.6757,663.6012,92.3406,10.7824,662.1727,41.9585
2041-09-16,25.9970,0.0018,35.9599,6.0964,1524.0592,666.6906,92.3907,8.1896,665.2439,35.0812
2041-09-17,28.5600,0.0000,28.2037,4.2658,1530.9040,670.4818,92.8876,8.0082,669.0022,34.5662
2041-09-18,29.7975,0.0000,23.9196,3.3674,1537.9715,674.6669,93.9401,8.8638,673.1454,36.9531
2041-09-19,30.7776,0.0000,23.6286,3.5844,1545.2155,679.0013,94.2806,9.3938,677.4352,38.3805
2041-09-20,29.8068,0.0000,35.3378,4.3354,1552.2847,682.5593,93.4985,8.7528,680.9685,36.6493
2041-09-21,26.6494,0.0007,36.7761,11.7782,1558.7856,685.6828,92.6404,11.2945,684.0734,43.2248
2041-09-22,23.9500,0.0000,19.3657,9.2465,1564.8006,689.2790,93.9595,11.9523,687.6320,44.8141
2041-09-23,25.6349,0.0000,20.7686,5.5610,1571.1189,693.0502,94.0967,10.1170,691.3638,40.2716
2041-09-24,26.7936,0.0000,24.3465,4.6201,1577.6458,696.8072,94.1475,9.7165,695.0837,39.2320
2041-09-25,27.9054,0.0000,27.9708,3.7199,1584.3727,700.5268,94.1982,9.3510,698.7694,38.2666
2041-09-26,27.7334,0.0360,50.7939,5.1982,1591.0687,703.0527,90.8586,6.2986,701.2957,29.4322
2041-09-27,27.0020,0.0001,44.9931,5.7091,1597.6331,705.8048,90.9082,6.5088,704.0401,30.0935
2041-09-28,25.1774,0.0000,37.0722,6.0197,1603.8690,708.7488,90.9579,6.6584,706.9671,30.5587
2041-09-29,25.5723,0.0000,32.7767,5.6865,1610.1760,711.9410,91.4285,7.0010,710.1357,31.6070
2041-09-30,26.1325,0.0000,33.8776,5.7197,1616.5839,715.1468,91.4783,7.0625,713.3186,31.7929
2041-10-01,32.9388,0.0018,27.2430,5.0114,1623.2169,718.8993,93.6853,9.2947,717.0344,38.1164
2041-10-02,34.5097,0.0026,26.9384,4.0049,1630.1326,722.8414,94.2000,9.4886,720.9371,38.6320
2041-10-03,35.7924,0.0035,25.1020,3.6400,1637.2793,727.0281,94.8061,10.1271,725.0794,40.2975
2041-10-04,33.9546,0.0000,27.2207,4.4869,1644.0951,730.8938,94.8570,10.6428,728.9063,41.6084
2041-10-05,33.4100,0.0001,27.5942,4.0755,1650.8129,734.6799,94.9080,10.4975,732.6546,41.2421
2041-10-06,32.8438,0.0000,33.3198,3.8413,1657.4288,738.1093,94.3325,9.5846,736.0558,38.8856
2041-10-07,30.1367,0.1112,45.3732,3.9783,1663.5574,740.6948,92.0156,6.9810,738.6331,31.5464
2041-10-08,29.8256,0.3429,57.5220,3.8307,1669.6300,742.6853,89.7254,4.9995,740.6328,25.1129
2041-10-09,29.7793,3.2169,56.0075,3.6113,1527.6995,118.9148,75.9903,0.9745,199.0875,6.6454
2041-10-10,25.7432,4.1337,55.5677,6.3400,1374.9747,76.8581,70.0187,0.8616,134.8690,5.1794
2041-10-11,22.0394,1.5489,45.6220,8.9737,1379.6458,75.9656,79.1892,1.6480,133.5479,9.3580
2041-10-12,21.6914,0.0000,28.6189,4.8417,1384.2543,78.4307,88.8906,4.6668,137.3991,21.2265
2041-10-13,23.2285,0.0080,33.7190,4.1872,1389.1394,80.8740,90.5058,5.6917,141.1971,24.6551
2041-10-14,22.2543,0.3934,43.9544,4.8131,1393.8492,82.8572,90.4175,5.8004,144.2736,25.1558
2041-10-15,17.6166,0.0048,28.6271,6.2907,1397.7242,84.8813,90.8907,6.6856,147.3864,27.9268
2041-10-16,19.5754,0.0000,21.2320,3.7374,1401.9517,87.3489,92.5217,7.4071,151.1537,30.1593
2041-10-17,22.3030,0.0003,20.6309,3.1633,1406.6703,90.1634,93.3861,8.1226,155.4216,32.3275
2041-10-18,23.4756,0.0001,27.4182,3.9434,1411.5999,92.8661,93.4366,8.5079,159.4994,33.5588
2041-10-19,24.4352,0.0012,33.3849,3.4277,1416.7022,95.4435,92.9492,7.7437,163.3711,31.6964
2041-10-20,25.3576,0.1969,33.8325,3.5671,1421.9706,98.0960,92.8314,7.6705,167.3330,31.6656
2041-10-21,24.0930,3.1957,61.7404,5.1930,1341.6063,72.8900,71.6930,0.8602,128.3471,5.0364
2041-10-22,20.1805,31.2587,81.6315,8.9692,746.5379,30.1018,36.0683,0.0243,54.6905,0.0436
2041-10-23,15.0319,1.6562,59.0179,6.8456,749.9476,29.5678,56.4821,0.4480,53.8299,0.7948
2041-10-24,16.6629,0.1812,51.2645,9.5196,753.6509,30.8795,76.3388,1.3428,56.0207,4.3793
2041-10-25,20.0724,0.0001,42.4616,6.2631,757.9680,32.7254,85.4505,3.0749,59.0744,9.8534
2041-10-26,17.4661,0.0000,35.8789,4.7498,761.8159,34.5292,88.3795,4.3166,62.0297,13.3495
2041-10-27,18.8806,0.0000,37.2409,3.7230,765.9184,36.4292,89.2090,4.6172,65.1157,14.4591
2041-10-28,18.7778,0.0146,44.4422,4.3246,770.0024,38.1025,89.2581,4.7930,67.8157,15.2225
2041-10-29,16.6657,0.0299,47.0879,3.9027,773.7062,39.5269,89.0291,4.5405,70.1005,14.8788
2041-10-30,17.5260,0.0002,38.4588,4.5562,777.5649,41.2637,89.0781,4.7256,72.8609,15.6751
2041-10-31,20.4016,0.5259,59.7362,6.8272,781.9412,42.5754,87.5990,4.2859,74.9488,14.7819
2041-11-01,25.8243,0.2995,55.3429,5.4774,786.2936,44.1695,87.6475,4.0320,77.4608,14.3696
2041-11-02,20.7954,0.0087,42.6042,5.1759,789.7407,45.8357,88.5461,4.5170,80.0555,15.9574
2041-11-03,13.9493,0.0583,52.2188,7.8426,791.9556,46.7890,87.8943,4.7056,81.5352,16.6281
2041-11-04,10.4039,0.0329,50.7410,11.4351,793.5323,47.5403,87.4739,5.3103,82.6950,18.3346
2041-11-05,11.4174,0.0006,31.7365,9.2593,795.2914,48.6732,88.7824,5.7404,84.4284,19.6311
2041-11-06,14.7534,0.0000,27.7585,5.3438,797.6510,50.1916,90.1791,5.7579,86.7383,19.9632
2041-11-07,16.1574,0.0000,28.5966,3.6525,800.2634,51.8253,90.6279,5.6379,89.2078,19.9585
2041-11-08,19.1127,0.0002,29.8036,2.8080,803.4077,53.7064,90.9365,5.6463,92.0323,20.3122
2041-11-09,19.1287,0.0235,47.0605,3.6415,806.5548,55.1262,89.8466,5.0388,94.1629,18.9251
2041-11-10,14.4481,0.0598,42.3798,8.0674,808.8595,56.3140,89.5287,6.0171,95.9308,21.7231
2041-11-11,10.8629,0.0000,34.5360,4.9724,810.5188,57.3523,89.5779,5.1846,97.4633,19.6730
2041-11-12,14.5882,0.0000,26.2068,3.9435,812.8487,58.8871,90.6144,5.7102,99.7146,21.3382
2041-11-13,16.7113,0.0000,34.1688,3.6237,815.5607,60.4417,90.6640,5.6588,101.9874,21.4395
2041-11-14,16.3174,0.0001,42.7159,4.0491,818.2018,61.7645,90.0089,5.2643,103.9176,20.5437
2041-11-15,16.1617,0.0076,50.5789,4.3250,820.8149,62.8955,88.8328,4.5092,105.5679,18.4968
2041-11-16,15.4184,0.0152,50.9009,4.7423,823.2942,63.9708,88.3165,4.2762,107.1311,17.9165
2041-11-17,14.8275,0.0028,53.0962,4.5730,825.6672,64.9612,87.8336,3.9563,108.5679,17.0218
2041-11-18,13.7401,0.0004,54.9974,3.5347,827.8444,65.8466,87.3601,3.5089,109.8497,15.6413
2041-11-19,17.4144,0.0000,44.3321,4.1418,830.6830,67.2131,87.7890,3.8467,111.8091,16.9078
2041-11-20,20.2321,0.0001,48.9721,4.1405,834.0288,68.6563,87.8377,3.8733,113.8770,17.1436
2041-11-21,16.3581,0.0000,30.6398,4.4683,836.6772,70.2617,89.6709,5.1224,116.1405,21.2194
2041-11-22,14.7430,0.0056,33.8887,2.9510,839.0350,71.6503,89.7201,4.7790,118.0896,20.3343
2041-11-23,16.4971,0.0215,49.9573,4.2682,841.7085,72.8178,88.8387,4.5001,119.7386,19.5852
2041-11-24,16.5957,0.0225,41.6114,5.7822,844.3997,74.1877,88.8876,4.8912,121.6544,20.9428
2041-11-25,9.5869,0.0016,28.1957,5.9952,845.8293,75.2050,89.4928,5.3926,123.0568,22.5608
2041-11-26,7.0358,0.0040,33.3344,5.5622,846.7998,75.9241,89.5420,5.3136,124.0438,22.3986
2041-11-27,7.1300,0.0006,25.2483,6.5693,847.7872,76.7398,89.8826,5.8699,125.1572,24.1151
2041-11-28,8.4551,0.0000,28.6393,4.8461,849.0131,77.6438,89.9319,5.4199,126.3909,22.8865
2041-11-29,11.5890,0.0000,25.3616,3.9393,850.8031,78.8994,90.4873,5.6062,128.1003,23.5619
2041-11-30,12.3282,0.0003,43.5707,4.0829,852.7262,79.9040,89.5192,4.9158,129.4768,21.5535
2041-12-01,12.5178,0.0260,58.6192,4.3661,854.6834,80.5444,87.4479,3.7051,130.3733,17.5904
2041-12-02,14.7822,0.0731,52.8404,3.1233,857.0482,81.3956,87.4964,3.5044,131.5559,16.9360
2041-12-03,13.9238,0.0007,47.1089,4.1601,859.2585,82.2986,87.5449,3.7181,132.7989,17.7634
2041-12-04,15.8309,0.0277,47.2495,5.0781,861.8120,83.3135,87.5935,3.9212,134.1947,18.5479
2041-12-05,10.5395,0.0000,20.4952,5.9330,863.4131,84.3652,90.3743,6.0994,135.6050,25.5202
2041-12-06,9.2904,0.0000,31.2619,3.9793,864.7894,85.1768,90.4238,5.5668,136.6945,24.0106
2041-12-07,9.9191,0.0000,44.3900,2.9560,866.2789,85.8731,89.2847,4.4908,137.6369,20.6607
2041-12-08,11.6878,0.5492,57.5159,4.7711,868.0867,86.4905,86.9523,3.5236,138.4864,17.3380
2041-12-09,13.0016,18.2159,85.1566,5.8213,682.8672,40.1002,30.0805,0.0047,69.9336,0.0101
2041-12-10,13.4562,0.0047,53.4904,4.1174,684.9933,40.8696,56.7656,0.3996,71.1295,0.8679
2041-12-11,11.4552,0.0002,49.1882,4.0093,686.7593,41.5946,72.4129,0.8323,72.2494,3.1367
2041-12-12,9.7894,0.0062,67.2183,3.7615,688.2254,42.0002,77.1887,1.0674,72.8812,4.2047
2041-12-13,10.1862,0.0008,74.0291,3.3284,689.7629,42.3333,79.0534,1.2240,73.4039,4.8836
2041-12-14,12.6861,0.3678,79.1469,3.8992,691.7504,42.6600,79.8199,1.3586,73.9230,5.4525
2041-12-15,14.6888,6.6865,86.5490,4.3060,649.2212,25.2884,37.4050,0.0256,46.0886,0.0407
2041-12-16,14.9618,1.8334,78.3721,3.7194,651.6183,23.5625,45.1477,0.1015,43.2180,0.1540
2041-12-17,11.9900,0.0081,50.7770,4.2407,653.4805,24.2947,66.0020,0.6786,44.4574,1.2540
2041-12-18,11.8653,0.0125,49.9554,3.5224,655.3203,25.0320,76.9861,1.0388,45.6999,2.7322
2041-12-19,12.0796,2.1884,75.4948,4.8742,657.1986,21.9758,61.7762,0.5803,40.5609,0.8425
2041-12-20,14.5936,9.9679,84.6488,9.6193,593.9320,11.0976,33.6494,0.0143,21.2047,0.0135
2041-12-21,14.4568,11.2516,83.1654,9.7922,531.6349,5.4490,27.6142,0.0029,10.6257,0.0018
2041-12-22,12.7138,22.9373,84.5913,8.0850,419.4611,2.2582,20.0397,0.0002,4.4564,0.0001
2041-12-23,10.9693,1.1314,48.8744,5.9947,421.1396,2.9594,48.3335,0.1796,5.8166,0.0826
2041-12-24,8.1550,0.7050,61.7910,5.0220,422.3115,3.3612,62.0490,0.5932,6.5913,0.2894
2041-12-25,8.4725,0.5281,65.9995,4.6645,423.5405,3.7311,70.9719,0.8169,7.3014,0.4188
2041-12-26,8.6864,1.2463,58.5136,3.9040,424.8081,4.1925,70.0464,0.7627,8.1831,0.4141
2041-12-27,8.6948,12.4082,82.3415,7.0328,377.7179,1.7010,29.9904,0.0049,3.3642,0.0018
2041-12-28,6.8200,0.5782,66.3194,8.4067,378.6495,2.0042,50.0395,0.2518,3.9560,0.0983
2041-12-29,8.6465,0.0000,52.6330,4.8345,379.9099,2.5288,66.8624,0.7209,4.9748,0.3094
2041-12-30,13.4374,0.0000,53.1594,3.4296,382.0326,3.3026,77.3819,1.0653,6.4655,0.5149
2041-12-31,13.1505,0.0007,64.8859,3.5176,384.1037,3.8713,80.6948,1.4628,7.5523,0.7626
2042-01-01,11.6747,0.0067,68.4977,3.1485,385.9092,4.3667,81.7605,1.6231,8.4932,0.8981
2042-01-02,12.0717,0.0167,64.8737,2.5987,387.7861,4.9363,82.6852,1.7685,9.5681,1.2222
2042-01-03,12.1764,0.2846,64.7943,4.4759,389.6818,5.5117,83.2030,2.0767,10.6470,1.9392
2042-01-04,10.3899,0.1405,63.1705,6.5410,391.2560,6.0327,83.4522,2.3802,11.6176,2.5547
2042-01-05,8.3718,0.0020,48.1818,4.5237,392.4669,6.6369,84.7845,2.5697,12.7354,3.0218
2042-01-06,6.8998,0.0131,60.1732,6.3950,393.4129,7.0292,84.8321,2.8423,13.4572,3.5441
2042-01-07,7.1652,0.0025,48.5971,4.3181,394.4066,7.5522,85.2435,2.7090,14.4144,3.5124
2042-01-08,10.7085,0.0018,49.3741,3.9255,396.0382,8.2882,85.6945,2.8277,15.7522,3.9170
2042-01-09,11.4791,7.4495,74.4537,5.2248,372.5897,4.4427,43.4015,0.0828,8.6282,0.0462
2042-01-10,6.7909,6.3882,62.7190,15.4702,353.8598,2.2403,41.6809,0.1032,4.4108,0.0421
2042-01-11,5.3251,2.3618,66.8300,15.7066,354.5224,1.3441,49.3548,0.3342,2.6630,0.1131
2042-01-12,5.2782,0.0012,49.7697,5.7848,355.1764,1.7385,65.6460,0.7238,3.4351,0.2677
2042-01-13,8.2213,0.0000,38.9907,3.9475,356.3603,2.4387,77.3721,1.0926,4.7953,0.4617
2042-01-14,13.0580,0.0003,57.1975,4.0934,358.4147,3.1847,81.7157,1.6932,6.2310,0.8043
2042-01-15,10.1936,0.6511,87.9279,3.5161,359.9536,3.3525,78.3305,1.1570,6.5525,0.5628
2042-01-16,9.1462,7.6270,72.6102,8.6730,337.5267,1.5136,43.0282,0.0926,2.9936,0.0326
2042-01-17,7.0132,0.0015,53.1697,11.7349,338.4931,1.9813,64.1322,0.9189,3.9055,0.3570
2042-01-18,7.7167,0.0000,44.9370,5.3327,339.5861,2.5790,75.8592,1.0540,5.0618,0.4558
2042-01-19,10.3220,0.0000,38.9380,5.1678,341.1480,3.4376,83.0317,2.1035,6.7063,1.1949
2042-01-20,8.7719,0.0000,38.6819,3.4942,342.4310,4.1828,85.6480,2.7490,8.1177,2.3887
2042-01-21,9.8397,0.0038,49.3872,4.1487,343.9061,4.8645,85.7842,2.8957,9.3967,2.8403
2042-01-22,10.3554,6.8359,84.1804,4.9494,325.5002,2.3173,38.4892,0.0331,4.5536,0.0137
2042-01-23,12.0728,11.2370,90.7503,4.5493,293.1037,0.6658,17.0908,0.0001,1.3240,0.0000
2042-01-24,10.1116,17.5491,89.0778,9.1665,243.5692,0.1508,14.6659,0.0000,0.3010,0.0000
2042-01-25,7.7993,0.9263,59.7903,7.3662,244.6771,0.5913,39.4951,0.0457,1.1755,0.0124
2042-01-26,8.2744,0.0003,43.6640,5.7146,245.8705,1.2415,62.5246,0.6294,2.4520,0.2073
2042-01-27,8.7474,0.0000,39.6758,3.7882,247.1490,1.9728,75.8237,0.9730,3.8684,0.3766
2042-01-28,10.9592,0.0002,46.1323,3.7682,248.8257,2.7725,81.9780,1.7190,5.3947,0.7645
2042-01-29,11.5197,0.0005,56.6629,3.9716,250.6032,3.4458,83.6082,2.1343,6.6625,1.2394
2042-01-30,10.6698,0.0000,55.6290,3.9035,252.2278,4.0887,84.3540,2.3492,7.8589,1.8216
2042-01-31,9.4406,0.0001,57.0191,4.4861,253.6311,4.6465,84.4575,2.4533,8.8859,2.1647
2042-02-01,15.2770,0.0000,45.9473,4.4544,256.0849,5.9039,86.3449,3.1818,11.1643,3.5708
2042-02-02,16.6162,0.0001,54.8142,4.7901,258.7799,7.0410,86.3930,3.2581,13.1852,4.0784
2042-02-03,13.6071,0.0001,57.0554,4.9417,260.9331,7.9382,86.4412,3.3055,14.7543,4.4473
2042-02-04,11.3321,0.0001,38.4640,8.1653,262.6769,9.0249,87.5115,4.5279,16.6221,6.5261
2042-02-05,8.8217,0.0000,36.6799,4.4017,263.9688,9.9174,87.7992,3.9030,18.1317,5.9634
2042-02-06,13.6408,0.0000,31.1553,3.8544,266.1282,11.3589,89.1769,4.6266,20.5274,7.5067
2042-02-07,12.0290,0.0035,46.5448,4.3943,267.9974,12.3558,88.6235,4.3911,22.1578,7.4830
2042-02-08,9.5047,1.9562,55.1911,6.8427,269.4122,11.2740,72.4038,0.9597,20.4126,0.8812
2042-02-09,11.4408,0.0019,46.0406,5.9261,271.1756,12.2353,80.9595,1.7011,21.9901,2.7280
2042-02-10,16.3222,0.0007,48.2975,4.4798,273.8176,13.5148,84.9764,2.6324,24.0607,4.8201
2042-02-11,14.2991,4.0250,75.8451,4.8894,268.0932,9.2610,53.8392,0.3200,17.0495,0.2627
2042-02-12,11.0886,5.6174,71.7173,7.5743,256.9481,5.4936,41.8365,0.0713,10.4297,0.0440
2042-02-13,11.3617,0.0001,41.2334,6.6831,258.6972,6.5339,67.1853,0.8001,12.2916,0.5413
2042-02-14,11.2714,0.0002,51.1995,5.3265,260.4301,7.3915,77.6414,1.1964,13.8035,0.8655
2042-02-15,12.8970,0.0000,34.5594,5.8874,262.4555,8.6926,85.1327,2.8873,16.0558,4.0597
2042-02-16,17.1763,0.0000,35.6536,5.6370,265.2513,10.3631,88.3107,4.4696,18.8820,6.9356
2042-02-17,12.4273,0.0009,48.9343,5.4839,267.1922,11.3444,88.0499,4.2725,20.5116,6.9799
2042-02-18,8.9746,0.0046,63.1157,4.7271,268.5116,11.8722,86.1672,3.1460,21.3810,5.3450
2042-02-19,8.3173,0.0595,67.8034,4.9645,269.7127,12.3029,84.8626,2.6557,22.0871,4.5930
2042-02-20,9.0662,0.0459,69.3489,4.7841,271.0486,12.7456,84.2469,2.4206,22.8097,4.2550
2042-02-21,9.4712,0.0277,68.1884,4.4137,272.4574,13.2233,84.1843,2.3559,23.5849,4.2299
2042-02-22,9.3644,0.0501,53.9566,4.5131,273.8470,13.9077,84.6546,2.5232,24.6816,4.6934
2042-02-23,11.3417,0.8202,65.1841,3.4032,275.5925,14.5230,80.2923,1.3922,25.6648,2.3788
2042-02-24,11.0641,0.0028,53.2555,3.8267,277.2881,15.3307,83.1418,1.9941,26.9380,3.8756
2042-02-25,11.3862,1.8264,68.2832,4.2218,279.0416,14.3116,68.8147,0.7453,25.3701,0.7873
2042-02-26,13.7951,0.0134,51.4111,5.8541,281.2287,15.3396,79.3040,1.4240,26.9978,2.5716
2042-02-27,13.5942,0.0000,44.7973,3.9299,283.3797,16.4919,84.2313,2.3138,28.7944,4.7678
2042-02-28,14.0474,0.1635,54.5065,5.2388,285.6122,17.4707,85.1286,2.7929,30.3069,5.9507
2042-03-01,15.5201,7.2290,76.6852,6.5654,269.5326,10.1377,46.4223,0.1417,18.5327,0.1225
2042-03-02,11.4611,9.3655,85.2901,6.6755,246.9424,5.1612,26.1453,0.0016,9.8098,0.0009
2042-03-03,14.1812,0.3102,57.2197,5.8272,249.1990,6.2755,54.8883,0.3705,11.8077,0.2450
2042-03-04,14.5144,1.6842,38.6367,10.3916,251.5156,7.0824,71.0949,1.0948,13.2332,0.7727
2042-03-05,16.7768,0.0652,30.8455,7.4948,254.2394,9.1897,85.0244,3.0846,16.8562,4.4995
2042-03-06,14.0117,1.5020,43.7619,6.3650,256.4655,10.2201,78.8092,1.3942,18.5883,1.7127
2042-03-07,12.1439,0.0075,39.0451,7.3000,258.3554,11.5962,84.8486,2.9816,20.8525,4.9836
2042-03-08,14.6003,0.0000,29.4801,4.6840,260.6875,13.4835,88.6445,4.4691,23.8792,7.9369
2042-03-09,19.3809,0.0012,38.1672,6.3973,263.8801,15.6422,89.2416,5.3081,27.2466,9.9172
2042-03-10,20.4112,0.0103,46.3264,6.0160,267.2581,17.6103,89.2907,5.2439,30.2392,10.4034
2042-03-11,23.6525,0.0000,39.9534,4.4282,271.2195,20.1438,89.7003,5.1337,33.9786,10.9110
2042-03-12,26.5450,0.0000,40.1332,3.6063,275.7016,22.9650,90.1569,5.2584,38.0139,11.8454
2042-03-13,26.2982,0.0002,42.5301,3.9486,280.1393,25.6490,90.2063,5.3879,41.7432,12.7225
2042-03-14,21.9339,0.0001,45.8518,4.6201,283.7914,27.7750,90.0540,5.4531,44.6300,13.3281
2042-03-15,21.1293,0.0002,45.8367,4.8220,287.2987,29.8274,89.9172,5.4020,47.3620,13.6723
2042-03-16,20.4987,0.0016,46.5506,5.4370,290.6924,31.7952,89.7128,5.4111,49.9358,14.0968
2042-03-17,21.7593,0.0006,45.1408,4.3391,294.3131,33.9329,89.7621,5.1562,52.6811,13.9876
2042-03-18,25.2739,0.0009,41.8284,3.1344,298.5664,36.5481,89.8113,4.8869,55.9682,13.8776
2042-03-19,20.6622,0.0302,47.1157,4.7358,301.9896,38.5099,89.6334,5.1641,58.4013,14.8297
2042-03-20,23.9062,0.0000,28.7165,4.1036,305.9967,41.5484,91.5990,6.6227,62.0379,18.4729
2042-03-21,26.7895,0.0000,34.0371,4.3555,310.5228,44.6843,91.6488,6.7549,65.7243,19.3281
2042-03-22,23.7642,0.3176,43.3444,4.5356,314.5044,47.0856,90.9908,6.2077,68.5238,18.5796
2042-03-23,21.5429,1.3202,53.0403,4.5197,318.0861,48.8981,82.3831,1.8761,70.6459,7.1727
2042-03-24,19.0298,9.0183,74.7147,7.6265,294.9952,26.8629,48.3823,0.1962,43.7629,0.3004
2042-03-25,18.5149,10.8061,64.2093,6.7091,267.5387,13.9554,44.9937,0.1152,24.6909,0.1196
2042-03-26,18.5694,1.0442,48.5558,6.5743,270.5852,15.6802,69.5749,0.8595,27.3921,0.9551
2042-03-27,18.5476,0.0104,31.2049,6.3887,273.6278,17.9843,84.9826,2.9006,30.8925,6.2460
2042-03-28,19.2245,0.0000,25.1623,5.2317,276.7922,20.5770,90.3664,5.8809,34.7042,12.3212
2042-03-29,20.4119,0.0000,28.0891,4.3672,280.1703,23.2139,91.3336,6.4630,38.4610,14.0314
2042-03-30,22.3456,0.0000,30.2737,4.1572,283.8965,26.0006,91.4571,6.5082,42.3131,14.8503
2042-03-31,22.9402,0.0023,39.5149,4.7890,287.7298,28.4792,91.3453,6.6129,45.6599,15.6593
2042-04-01,20.5664,1.5890,50.0599,7.1389,292.3857,29.9597,81.5087,1.9263,47.7002,5.6275
2042-04-02,21.5488,0.0013,45.9594,6.5903,297.2185,32.9270,86.6794,3.7150,51.5709,10.6318
2042-04-03,20.3129,0.9778,42.2171,9.7440,301.8288,35.9266,85.7271,3.8084,55.3750,11.3131
2042-04-04,18.4455,0.0005,25.1769,8.4518,306.1030,39.4720,90.5524,7.1034,59.6987,19.0532
2042-04-05,22.0830,0.0000,32.7814,5.0560,311.0320,43.2499,90.8541,6.2497,64.1865,18.0265
2042-04-06,23.9317,0.0000,37.2080,3.6656,316.2937,47.0604,90.9038,5.8682,68.6028,17.8360
2042-04-07,23.5690,0.0006,35.3069,5.0874,321.4901,50.9294,90.9534,6.3488,72.9626,19.5346
2042-04-08,22.3603,0.0000,32.6656,5.1157,326.4689,54.7591,91.0031,6.4030,77.1620,20.2526
2042-04-09,24.0135,0.0727,32.9664,4.0176,331.7454,58.8403,91.1793,6.2123,81.5293,20.3976
2042-04-10,24.4337,0.0894,37.8010,4.6369,337.0975,62.6906,91.2290,6.4547,85.5885,21.5204
2042-04-11,23.1289,0.0408,39.9731,5.0618,342.2147,66.2165,91.2412,6.6059,89.2565,22.3676
2042-04-12,24.0691,0.0000,37.5298,4.3051,347.5011,70.0283,91.2910,6.4039,93.1352,22.3674
2042-04-13,24.0254,0.0071,35.3036,4.6171,352.7797,73.9691,91.3408,6.5516,97.0603,23.2126
2042-04-14,21.0292,0.8164,53.0918,12.1516,357.5189,76.4856,86.1757,4.5788,99.6662,18.1705
2042-04-15,16.9868,0.2580,72.3744,5.9103,361.5306,77.6969,84.9511,2.8193,101.0838,12.6383
2042-04-16,21.4409,0.7290,52.6278,4.4311,366.3439,80.2857,84.9183,2.6051,103.7360,12.0358
2042-04-17,22.2307,0.0658,49.0080,5.5825,371.2994,83.1698,87.1816,3.7925,106.6285,16.3436
2042-04-18,23.4710,0.0001,29.5821,5.8543,376.4782,87.3645,90.9494,6.5952,110.5779,24.8198
2042-04-19,24.7884,0.0043,26.3544,4.8638,381.8941,91.9866,92.4197,7.7279,114.8273,28.1516
2042-04-20,23.7732,0.8133,34.8756,4.9084,387.1273,95.9136,89.4585,5.0801,118.4562,21.2768
2042-04-21,21.4627,0.0592,31.3870,9.3796,391.9446,99.6667,90.8040,7.7156,121.8628,28.8193
2042-04-22,24.9166,0.0022,22.0266,8.5062,397.3836,104.5847,93.3006,10.5058,126.1608,35.8992
2042-04-23,20.6390,0.0000,20.0575,8.5452,402.0526,108.7979,93.4504,10.7488,129.7905,36.8157
2042-04-24,23.7367,0.0000,21.3724,4.5624,407.2792,113.5322,93.6325,9.0202,133.8118,33.1407
2042-04-25,25.9733,0.0000,23.2167,4.1231,412.9084,118.5718,93.6830,8.8850,138.0422,33.1514
2042-04-26,27.2703,0.0000,24.4494,4.5396,418.7711,123.7681,93.7336,9.1374,142.3541,34.1034
2042-04-27,29.5099,0.0003,25.0187,3.5310,425.0368,129.3323,93.8000,8.7651,146.9091,33.4879
2042-04-28,26.1078,0.0006,29.8971,6.1815,430.6903,133.9563,93.7060,9.8875,150.7187,36.5213
2042-04-29,27.2585,0.0009,27.9336,5.4090,436.5508,138.9109,93.7566,9.5771,154.7321,36.0141
2042-04-30,26.8939,0.0048,29.2104,5.0665,442.3457,143.7151,93.8072,9.4797,158.6056,35.9951
2042-05-01,25.4786,0.1853,35.3500,6.4296,449.3358,148.2388,92.8463,8.8792,162.4743,34.6741
2042-05-02,23.6249,0.9548,45.2161,4.6331,455.9923,151.8049,87.0189,3.5325,165.7007,18.3420
2042-05-03,27.0619,0.3281,38.2326,4.5449,463.2675,156.3843,90.0614,5.4383,169.6216,25.1118
2042-05-04,26.8013,0.1114,39.2635,5.6162,470.4957,160.8457,90.4027,6.0272,173.4503,27.0907
2042-05-05,23.4654,9.2725,67.5168,8.2400,438.0796,73.1705,58.4457,0.5588,103.2342,2.6255
2042-05-06,20.1834,31.3659,82.8600,5.5264,319.8427,30.6160,29.6025,0.0041,49.4084,0.0068
2042-05-07,23.3670,7.0504,60.3946,5.0210,306.8749,19.5545,49.6491,0.2024,33.7348,0.2587
2042-05-08,23.7918,5.1362,59.3610,3.8029,301.0694,14.7230,56.2887,0.3782,26.2382,0.4085
2042-05-09,26.1720,1.1638,48.8030,3.1546,308.1843,18.3988,76.5498,0.9884,32.0188,1.7450
2042-05-10,27.6175,0.0055,44.7215,3.4327,315.5595,22.5781,86.8514,3.2469,38.3045,7.9242
2042-05-11,25.8801,0.5823,53.1446,4.8588,322.6219,25.9062,87.1323,3.6311,43.1501,9.3840
2042-05-12,26.2111,0.0594,46.2979,5.0221,329.7439,29.7674,88.6937,4.5781,48.5727,12.1679
2042-05-13,26.7673,0.4773,46.7778,4.9173,336.9660,33.6721,89.0143,4.7685,53.8831,13.3270
2042-05-14,26.2638,0.8780,50.3831,6.3492,344.0975,37.2464,86.5940,3.6260,58.6277,11.2408
2042-05-15,27.3873,0.8569,43.8767,5.0866,351.4312,41.4556,87.5237,3.8840,64.0287,12.5072
2042-05-16,27.2805,0.1097,40.6950,4.8670,358.7457,45.8866,89.8008,5.3246,69.5372,16.7134
2042-05-17,27.3643,0.4232,41.2222,5.6984,366.0753,50.2912,90.1342,5.8241,74.8688,18.5973
2042-05-18,26.2489,1.3525,46.8630,5.6355,373.2041,54.1171,85.0126,2.8041,79.4370,10.9269
2042-05-19,25.5068,2.8220,49.5281,7.2634,374.8693,47.1439,77.5475,1.3092,71.7343,5.1401
2042-05-20,23.5499,9.0086,54.6058,9.8924,351.4774,27.9586,64.1581,0.8383,46.6417,2.0522
2042-05-21,25.9505,4.5255,51.2500,5.8388,346.9392,21.9975,68.5445,0.8016,37.9754,1.4489
2042-05-22,23.6970,11.6225,72.7466,6.4967,316.1626,12.1077,48.8865,0.1980,22.0996,0.1912
2042-05-23,25.9316,1.1041,50.4833,6.9248,323.2343,15.6316,76.1975,1.1672,27.8911,1.9791
2042-05-24,26.3026,1.3568,50.1844,6.3907,330.3728,19.2253,81.9002,1.9435,33.5673,4.4268
2042-05-25,27.6587,0.0385,46.6601,5.0041,337.7553,23.2638,87.8595,4.0582,39.6928,9.8123
2042-05-26,29.6432,0.0001,38.3106,4.0650,345.4951,28.2567,90.6345,5.7618,46.9200,14.3005
2042-05-27,31.6519,0.0000,30.0448,3.4367,353.5965,34.2886,92.8100,7.5974,55.1961,19.2016
2042-05-28,34.4612,0.0002,28.8907,3.6518,362.2035,40.9459,93.7382,8.7433,63.8474,22.9117
2042-05-29,34.9661,0.0086,29.0600,5.8041,370.9014,47.6816,93.8738,9.9301,72.1689,26.6583
2042-05-30,33.9300,0.0000,24.7195,8.8347,379.4128,54.6241,94.5714,12.7395,80.3340,33.2739
2042-05-31,32.4645,0.0000,26.8199,7.5673,387.6604,61.0906,94.6222,12.0353,87.6498,33.4548
2042-06-01,32.3327,0.0000,29.5301,4.5594,396.8843,67.2932,94.6731,10.4153,94.5206,31.5144
2042-06-02,32.8139,0.1096,32.6013,4.7703,406.1948,73.3108,94.3808,10.1112,101.0344,31.8858
2042-06-03,33.0223,0.0006,25.7284,6.7229,415.5428,79.9828,94.4316,11.2350,107.9977,35.2404
2042-06-04,35.7074,0.0000,17.0473,5.0898,425.3741,88.0210,96.4578,13.6373,116.0220,41.1952
2042-06-05,36.4121,0.0000,22.3239,6.4670,435.3323,95.6920,96.5093,14.7189,123.5107,44.3063
2042-06-06,33.9782,0.0262,24.0753,5.3655,444.8524,102.7036,96.2695,13.4817,130.2372,42.6846
2042-06-07,36.0281,0.0298,19.8508,5.2232,454.7414,110.5378,96.3209,13.4785,137.5108,43.4466
2042-06-08,31.0241,0.0000,21.7289,9.4712,463.7297,117.1573,96.2031,16.4325,143.6101,49.8943
2042-06-09,30.9855,0.0000,20.6395,7.0375,472.7111,123.8609,96.2545,14.6372,149.6758,46.9224
2042-06-10,32.0456,0.0000,20.2221,4.8132,481.8833,130.8224,96.3059,13.1763,155.8612,44.3505
2042-06-11,33.0926,0.0000,17.0638,5.2928,491.2440,138.2881,96.3574,13.5924,162.3324,45.6693
2042-06-12,34.7646,0.0000,19.7345,3.6063,500.9056,145.8667,96.4088,12.5719,168.8258,43.8215
2042-06-13,35.9370,0.0006,20.5191,4.7343,510.7783,153.6166,96.4603,13.3997,175.3739,45.9718
2042-06-14,34.3043,0.0129,16.3761,7.6504,520.3571,161.4110,96.5211,15.6481,181.8222,51.0017
2042-06-15,32.9469,0.1400,29.1534,4.5006,529.6915,167.7612,95.3531,11.3981,187.2557,41.9212
2042-06-16,31.2743,1.0509,43.2477,7.4911,538.7249,172.5983,89.3094,5.6637,191.6739,26.4202
2042-06-17,36.6256,0.0017,26.1350,7.4637,548.7215,179.9345,94.4708,11.7256,197.7530,43.0175
2042-06-18,36.9537,0.0001,20.0501,6.6752,558.7772,187.9440,96.0539,13.9880,204.1902,48.2999
2042-06-19,35.7591,0.0000,14.9445,6.8078,568.6178,196.1976,97.0155,16.0254,210.6698,52.7626
2042-06-20,35.6930,0.0000,12.1585,5.6456,578.4466,204.7062,97.6424,16.4292,217.2267,53.7387
2042-06-21,36.1037,0.0000,14.8578,4.7081,588.3492,213.0455,97.6943,15.7792,223.6383,52.5359
2042-06-22,36.1774,0.0888,23.3203,4.2240,598.2651,220.5707,96.9605,13.9659,229.5567,48.7707
2042-06-23,35.2138,0.1416,32.9775,4.2155,608.0076,226.9782,95.0803,10.8245,234.8107,41.5416
2042-06-24,35.8400,0.1074,31.6282,5.7905,617.8628,233.6274,95.0317,11.6408,240.1962,43.5859
2042-06-25,36.4804,0.0134,23.1393,5.6293,627.8333,241.2317,95.3717,12.0957,246.0829,44.7259
2042-06-26,36.6399,0.0017,16.9990,4.7771,637.8325,249.4783,96.6737,13.8193,252.2740,48.7186
2042-06-27,40.5480,0.0000,13.3624,4.2013,648.5351,258.9777,98.0734,16.1718,259.1957,53.8070
2042-06-28,43.8891,0.0000,13.4058,4.9023,659.8392,269.2340,98.6065,17.9691,269.1580,57.5040
2042-06-29,42.6575,0.0000,17.8210,6.3048,670.9215,278.7009,98.6587,19.4172,278.5488,60.3632
2042-06-30,36.7733,0.0000,24.2849,7.0038,680.9447,286.2503,97.0122,16.1772,286.0420,53.9889
2042-07-01,31.2068,2.8207,44.9168,5.7660,678.8601,121.7688,83.4449,2.2869,168.1389,13.2288
2042-07-02,32.0790,0.0306,40.5469,5.1117,688.3383,126.4016,90.1525,5.6693,173.2617,25.9646
2042-07-03,33.2253,0.3396,34.9689,4.8443,698.0229,131.6441,92.1601,7.4428,178.9263,31.4519
2042-07-04,32.7251,1.4345,41.4422,4.2653,707.6174,136.2959,88.1332,4.0663,183.9933,20.7777
2042-07-05,33.0633,0.0856,33.9301,4.8927,717.2728,141.5970,92.1051,7.4032,189.6144,31.6468
2042-07-06,34.9867,0.0004,27.4273,4.1280,727.2744,147.7477,94.0494,9.3508,195.9672,37.1147
2042-07-07,35.4906,0.0843,27.4558,4.4596,737.3667,153.9818,94.2890,9.8287,202.3325,38.4978
2042-07-08,35.8452,0.0721,31.3146,5.1340,747.5228,159.9414,94.3398,10.2400,208.4057,39.6694
2042-07-09,34.2649,0.5476,35.1583,4.5016,757.3945,165.3270,93.0544,8.2956,213.9173,34.6585
2042-07-10,36.4235,0.1001,30.6628,4.0493,767.6547,171.4374,93.7502,8.9351,220.0291,36.4918
2042-07-11,39.8411,0.0000,24.9156,4.2944,778.5301,178.6570,95.5013,11.5104,227.0534,43.1079
2042-07-12,40.8843,0.3023,25.1474,4.1388,789.5933,186.0376,95.7138,11.7553,234.1524,43.7882
2042-07-13,36.4232,0.3011,32.1299,5.8166,799.8535,192.0187,95.1360,11.8237,239.9981,44.0197
2042-07-14,36.8009,0.0000,26.5883,5.8263,810.1816,198.5533,95.1871,11.9123,246.2399,44.2944
2042-07-15,36.8407,0.0000,29.1029,4.5332,820.5170,204.8706,95.2381,11.2390,252.2708,42.7307
2042-07-16,39.8180,0.0240,26.8983,4.3791,831.3882,211.8956,95.2892,11.2302,258.8553,42.7590
2042-07-17,41.5059,0.0000,22.6431,5.0351,842.5633,219.6361,96.3166,13.3434,265.9531,47.7609
2042-07-18,42.2945,0.0000,22.8954,4.0432,853.8803,227.4942,96.4334,12.8942,273.0924,46.7818
2042-07-19,41.6726,0.0000,22.8284,6.3390,865.0854,235.2464,96.4849,14.5763,280.0826,50.5696
2042-07-20,36.6518,0.0000,28.5622,6.9887,875.3867,241.5803,95.8795,13.8792,285.9066,49.0667
2042-07-21,35.1931,0.0000,31.3203,7.3549,885.4255,247.4343,95.1119,12.7345,291.3338,46.4958
2042-07-22,34.8697,0.0000,34.8894,6.9629,895.4060,252.9346,94.3569,11.2551,296.4887,42.9978
2042-07-23,35.5670,0.0000,32.2168,7.0452,905.5121,258.7718,94.4077,11.3813,301.8741,43.3209
2042-07-24,36.5367,0.0000,30.8103,5.7559,915.7927,264.8876,94.4585,10.7405,307.4529,41.7545
2042-07-25,37.5052,0.0000,30.5280,4.3053,926.2476,271.1864,94.5093,10.0535,313.1575,40.0243
2042-07-26,35.2556,1.2041,36.9359,6.0132,936.2976,276.5710,90.9539,6.6525,318.1775,30.4810
2042-07-27,36.7601,0.0822,33.1980,5.5283,946.6185,282.5108,93.1869,8.8994,323.5897,36.9886
2042-07-28,38.2799,0.0000,24.5193,5.9565,957.2128,289.4917,95.2945,12.1680,329.7022,45.2628
2042-07-29,38.7914,0.0000,22.4506,5.0333,967.8993,296.7571,95.9018,12.6149,335.9835,46.3189
2042-07-30,39.8820,0.0003,20.9842,4.3235,978.7820,304.3623,96.4057,13.0290,342.4802,47.2826
2042-07-31,39.8661,0.0000,20.6429,5.0165,989.6619,311.9973,96.4955,13.6561,348.9628,48.7107
2042-08-01,37.7302,0.0138,24.8202,4.3804,999.4574,318.0240,96.5470,13.3172,354.2473,47.9512
2042-08-02,36.2127,0.0000,36.6729,5.4697,1008.9797,322.9021,94.4671,10.5992,358.7660,41.4685
2042-08-03,37.4629,0.0000,33.9932,4.7596,1018.7270,328.1571,94.5179,10.2985,363.5462,40.7099
2042-08-04,38.0394,0.0472,32.4329,5.2597,1028.5781,333.6166,94.5688,10.6355,368.4603,41.5659
2042-08-05,35.8235,2.3180,41.2736,6.1743,1038.0303,136.4844,87.9137,4.3382,205.4389,22.1299
2042-08-06,27.3029,32.1484,68.4337,9.2105,652.2845,56.9257,56.9430,0.5239,93.4604,2.1681
2042-08-07,31.4115,4.0279,49.3350,6.0160,640.6238,43.8351,74.9481,1.0343,74.8637,4.1515
2042-08-08,34.0584,0.0001,39.2878,3.9875,649.7583,48.2418,89.6580,4.9906,81.3785,17.3561
2042-08-09,35.7099,0.0000,34.4219,4.3598,659.1901,53.2252,92.6456,7.7775,88.5716,24.9900
2042-08-10,34.3355,0.0025,33.8211,6.1910,668.3745,58.0666,92.7973,8.7129,95.4106,28.0550
2042-08-11,34.7742,0.0000,28.7788,5.5726,677.6379,63.3413,93.8230,9.7460,102.6864,31.3434
2042-08-12,34.9969,0.0532,30.9041,4.8075,686.9413,68.4903,93.8737,9.4435,109.6496,31.6057
2042-08-13,35.8354,0.0646,34.0891,4.0718,696.3957,73.5161,93.9243,9.1640,116.3307,31.7650
2042-08-14,35.7181,0.0026,37.6188,4.6830,705.8289,78.2577,93.8700,9.3797,122.5473,32.9413
2042-08-15,35.2724,0.0000,35.0659,4.0042,715.1820,83.1336,93.9206,9.1282,128.8290,32.9615
2042-08-16,35.8221,0.0000,32.8348,3.7545,724.6339,88.2532,93.9713,9.0776,135.3083,33.4064
2042-08-17,36.8423,0.0000,34.2023,4.0507,734.2695,93.4071,94.0220,9.2790,141.7378,34.4065
2042-08-18,35.9399,0.3796,34.9645,5.2215,743.7427,98.3802,94.0726,9.9123,147.8631,36.3879
2042-08-19,32.0923,3.6146,39.1215,7.5069,731.2361,72.7504,84.2834,2.7903,116.5196,13.4922
2042-08-20,31.3260,0.0000,33.7640,5.4967,739.8788,77.1844,91.3555,6.8629,122.4371,26.6479
2042-08-21,33.3102,0.0000,29.4311,4.1280,748.8786,82.1975,93.3060,8.4323,128.9978,31.2737
2042-08-22,34.5307,0.0000,28.6533,3.4339,758.0982,87.4457,93.8397,8.7706,135.7460,32.6851
2042-08-23,35.0281,0.0408,29.0962,3.8013,767.4072,92.7340,93.8903,8.9974,142.4375,33.7620
2042-08-24,34.6523,0.0000,31.2380,4.8292,776.6487,97.8093,93.9409,9.5425,148.7770,35.5515
2042-08-25,33.6085,0.0000,31.7642,5.5578,785.7022,102.6987,93.9916,9.9692,154.8097,36.9789
2042-08-26,33.1094,0.0000,29.2246,6.0081,794.6659,107.6971,94.0423,10.2698,160.8845,38.0604
2042-08-27,33.0506,0.0000,32.2239,5.2554,803.6190,112.4755,94.0930,9.9572,166.6424,37.5965
2042-08-28,31.2278,0.0187,46.6381,5.3402,812.2440,116.0369,91.8543,7.3082,171.0009,30.7951
2042-08-29,30.1260,2.3180,53.7465,4.8629,820.6707,94.6219,81.1239,1.6428,146.9004,9.6978
2042-08-30,29.1344,8.0826,54.7796,3.7476,753.2484,54.7889,66.3199,0.6696,92.7178,3.0085
2042-08-31,30.3623,0.5526,45.0592,4.6188,761.7176,58.3575,85.6342,2.9037,97.9536,12.7132
2042-09-01,29.5531,3.7700,51.2272,5.2998,744.8933,45.0455,76.5092,1.0982,78.2597,4.5835
2042-09-02,26.8041,1.4211,56.6337,6.9001,751.4221,47.2000,80.5575,1.7087,81.5877,7.2524
2042-09-03,27.8549,0.0017,43.7173,5.2584,758.1400,50.1013,88.1634,4.2935,85.9953,15.9909
2042-09-04,29.2265,0.0113,40.4682,4.4654,765.1047,53.3156,90.2642,5.5761,90.8110,19.9878
2042-09-05,29.0956,0.0168,42.7837,4.0765,772.0459,56.3915,90.3137,5.5067,95.3683,20.3220
2042-09-06,29.3141,0.0637,44.9366,4.2079,779.0265,59.3731,90.3631,5.5826,99.7417,20.9981
2042-09-07,27.7646,1.6729,55.6075,4.6743,785.7281,58.5023,82.0185,1.8081,98.6431,8.6251
2042-09-08,26.8635,2.4153,62.0826,3.6424,792.2675,51.3756,73.7980,0.8661,88.4174,3.9093
2042-09-09,27.7354,2.0117,59.7706,3.3262,798.9639,48.2547,75.0228,0.9069,83.8489,3.9382
2042-09-10,29.0385,0.6116,54.3489,3.4616,805.8948,50.7042,84.5863,2.3709,87.6256,10.0975
2042-09-11,29.2994,0.4956,47.9641,4.3034,812.8727,53.5205,88.4523,4.2649,91.9120,16.5084
2042-09-12,25.6249,0.3144,47.8624,5.1998,819.1892,56.0012,88.6559,4.5943,95.6546,17.8287
2042-09-13,26.0460,0.0000,38.5649,5.5386,825.5815,58.9703,90.1544,5.7942,100.0708,21.6006
2042-09-14,26.8677,0.0082,37.4279,5.4744,832.1217,62.0859,90.7200,6.2619,104.6514,23.3283
2042-09-15,26.1707,0.1256,44.5002,8.0480,838.5364,64.7805,90.7696,7.1796,108.5887,26.1116
2042-09-16,27.1386,0.0024,37.0518,7.6194,845.1254,67.9453,90.9226,7.1811,113.1486,26.5993
2042-09-17,26.5835,0.0170,39.1677,4.3983,851.6144,70.9435,90.9723,6.1486,117.4306,24.2662
2042-09-18,28.5305,0.0030,38.3776,4.6726,858.4539,74.1942,91.0219,6.2785,122.0230,25.0200
2042-09-19,29.3220,0.0000,39.5452,3.3469,865.4358,77.4686,91.0716,5.9145,126.6049,24.3529
2042-09-20,29.7458,0.0059,40.7889,4.9947,872.4941,80.7203,91.1213,6.4722,131.1148,26.2726
2042-09-21,26.4319,0.0218,38.3286,10.4152,878.9558,83.7432,91.1711,8.5654,135.2672,32.1343
2042-09-22,23.0308,0.0000,23.7648,6.5179,884.8054,87.0184,92.6845,8.7184,139.6911,32.8615
2042-09-23,24.3293,0.0000,23.8444,5.7209,890.8886,90.4662,93.1173,8.8992,144.2997,33.6491
2042-09-24,25.0172,0.0002,30.9945,4.8412,897.0957,93.6748,93.1677,8.5735,148.5663,33.1056
2042-09-25,27.5634,0.0022,39.9828,4.4774,903.7611,96.7375,92.2808,7.4320,152.6314,30.3087
2042-09-26,27.7397,0.0657,52.5067,3.6472,910.4583,99.1761,90.3016,5.3796,155.8975,24.4139
2042-09-27,27.5389,0.4895,52.0243,3.6168,917.1193,101.6223,89.9532,5.1100,159.1560,23.6782
2042-09-28,25.2057,5.9945,52.7860,6.9402,856.9582,62.0262,69.4154,0.8711,105.0447,4.4918
2042-09-29,18.8416,1.6612,58.5087,9.9648,862.0537,60.2763,73.6769,1.1845,102.6151,6.0180
2042-09-30,14.4736,44.2186,90.8712,10.0267,499.1081,21.6915,21.8060,0.0004,39.1313,0.0006
2042-10-01,14.9089,0.5946,68.9831,6.7995,502.4957,22.4438,48.1881,0.1834,40.3789,0.2654
2042-10-02,21.6394,0.0061,49.8859,4.7042,507.0948,24.1705,74.4249,0.9418,43.1939,2.2564
2042-10-03,24.1061,0.0635,50.2103,4.0621,512.1379,26.0721,84.4132,2.3871,46.2570,6.7595
2042-10-04,24.5608,0.9601,54.8139,4.7144,517.2629,27.8290,83.7419,2.2551,49.0594,6.6652
2042-10-05,23.9305,0.3802,47.4546,4.8910,522.2744,29.8218,87.3758,3.7655,52.1931,10.8266
2042-10-06,24.1850,0.0007,38.1972,3.3780,527.3317,32.1896,89.5983,4.7984,55.8554,13.6660
2042-10-07,26.1592,0.0017,42.4137,3.1560,532.7443,34.5681,89.7420,4.8438,59.4865,14.2615
2042-10-08,26.3993,0.0258,54.2080,4.1693,538.2002,36.4761,89.3858,4.8437,62.3824,14.6457
2042-10-09,25.9516,3.6625,64.8725,6.8311,530.4156,28.0509,70.5844,0.8995,49.5507,2.4289
2042-10-10,21.4263,1.7147,52.9473,7.0134,534.9763,27.9190,75.6681,1.1337,49.3936,3.2678
2042-10-11,19.9085,0.0000,36.5149,4.8225,539.2638,29.9398,86.0152,3.0943,52.5814,9.2278
2042-10-12,23.1103,0.0000,35.6440,4.0827,544.1277,32.3006,89.5363,4.9278,56.2530,14.0076
2042-10-13,24.1342,0.0003,40.6605,4.1777,549.1758,34.5695,89.7145,5.0796,59.7380,14.8284
2042-10-14,24.1796,0.0023,43.9126,2.6042,554.2322,36.7178,89.7638,4.7257,63.0011,14.4498
2042-10-15,24.4706,0.0012,50.2264,3.7111,559.3409,38.6463,89.6848,4.9405,65.9081,15.3326
2042-10-16,26.0151,0.0049,52.1540,3.1191,564.7276,40.6120,89.6084,4.7431,68.8464,15.2292
2042-10-17,24.4168,0.5291,70.1028,3.9716,569.8266,41.7679,86.6594,3.2466,70.5988,11.4702
2042-10-18,23.4932,6.3693,79.8679,5.2821,543.1795,25.6808,51.3529,0.2510,45.9325,0.3977
2042-10-19,24.4998,1.4575,68.4977,4.4047,548.2935,26.9027,66.3821,0.6937,47.9265,1.5095
2042-10-20,23.0558,4.5185,69.3325,6.3730,534.3669,18.9287,58.6012,0.5142,34.7776,0.6712
2042-10-21,21.9322,2.4137,65.8033,3.8624,539.0187,16.6873,62.6315,0.5764,30.9770,0.6954
2042-10-22,24.5332,0.0362,49.2421,4.7801,544.1387,18.6587,81.4644,1.7016,34.3709,3.8991
2042-10-23,24.3219,0.0051,50.1156,3.8159,549.2206,20.5802,86.3925,3.1018,37.6348,7.5249
2042-10-24,24.1661,0.0034,53.8018,3.4865,554.2745,22.3488,87.1540,3.3990,40.6046,8.5479
2042-10-25,23.6593,0.0040,57.2102,3.2754,559.2372,23.9541,87.2024,3.3863,43.2742,8.8555
2042-10-26,23.2233,0.0062,59.8329,3.4427,564.1214,25.4344,87.2509,3.4386,45.7159,9.2748
2042-10-27,24.3475,0.6387,63.3988,4.1230,569.2079,26.8457,85.1969,2.6652,48.0285,7.6560
2042-10-28,23.2245,0.0075,54.7816,3.7991,574.0923,28.5123,86.5707,3.1783,50.7263,9.2364
2042-10-29,21.1860,12.4359,71.6218,8.3184,509.9972,13.7723,50.9637,0.2798,25.8026,0.2988
2042-10-30,17.5943,0.0350,47.0864,8.2762,513.8681,15.2711,75.1943,1.1750,28.4300,2.0419
2042-10-31,18.0306,0.0097,55.8177,4.2153,517.8176,16.5518,82.1055,1.7856,30.6540,3.7720
2042-11-01,21.6721,5.1577,63.6644,6.9544,500.3580,11.1235,62.0840,0.6550,21.0757,0.6138
2042-11-02,18.6612,0.0616,36.9348,5.7439,503.4210,12.7758,81.3418,1.7610,24.0272,3.0669
2042-11-03,18.3625,0.0022,37.5652,3.4278,506.4303,14.3868,86.9532,3.2934,26.8657,6.4476
2042-11-04,18.6328,0.0001,48.1035,3.0851,509.4882,15.7445,87.3358,3.4184,29.2308,7.0308
2042-11-05,20.1444,0.0073,54.2931,3.6376,512.8182,17.0319,87.3843,3.5393,31.4523,7.5872
2042-11-06,20.3761,1.1305,73.7718,4.1722,516.1899,17.7787,78.6206,1.2271,32.7385,2.5039
2042-11-07,22.2349,0.0317,52.3179,4.2554,519.8962,19.2539,84.8375,2.5537,35.2446,6.0256
2042-11-08,20.2797,0.0015,45.9306,2.9370,523.2505,20.7865,87.1577,3.3079,37.8172,7.9928
2042-11-09,18.0259,0.0015,54.5648,3.2730,526.1992,21.9386,87.2061,3.3876,39.7355,8.4119
2042-11-10,19.6758,0.0032,54.9291,3.2505,529.4448,23.1801,87.2545,3.4073,41.7864,8.7162
2042-11-11,22.6777,0.0005,57.1042,3.7018,533.2308,24.5323,87.3030,3.5098,44.0035,9.2241
2042-11-12,23.6211,0.0029,60.1976,4.0448,537.1866,25.8369,87.3514,3.5958,46.1273,9.6845
2042-11-13,22.4388,0.0045,48.0381,4.1617,540.9296,27.4585,87.9441,3.9370,48.7326,10.7875
2042-11-14,19.2453,0.0001,35.6119,4.0582,544.0977,29.1953,89.3792,4.8120,51.4842,13.0827
2042-11-15,19.7778,0.0007,42.2443,3.1056,547.3618,30.7939,89.4283,4.6190,53.9938,13.0123
2042-11-16,22.2277,0.0091,50.5580,4.0806,551.0667,32.3231,89.2804,4.7497,56.3788,13.6288
2042-11-17,18.7301,0.0000,29.8365,4.1519,554.1421,34.1677,90.5375,5.7074,59.2086,16.1240
2042-11-18,22.5687,0.0000,25.8634,3.4786,557.9085,36.4941,92.0558,6.8462,62.7299,19.0404
2042-11-19,25.6254,0.0000,25.3483,2.9357,562.2251,39.1392,92.9003,7.5024,66.6746,21.0121
2042-11-20,24.8976,0.0021,33.3436,2.6318,566.4106,41.4367,92.8308,7.3167,70.0600,21.1817
2042-11-21,21.7336,0.0835,57.9641,3.5600,570.0267,42.7092,89.1263,4.5255,71.9427,15.0593
2042-11-22,21.3293,1.2157,77.3749,3.9872,573.5700,43.3820,77.8297,1.1355,72.9669,4.4964
2042-11-23,18.3041,1.4917,82.6325,4.2751,576.5687,43.8288,68.0375,0.7289,73.6593,2.6982
2042-11-24,14.7872,14.6317,84.4503,5.6932,497.3689,19.8568,29.6579,0.0042,36.1096,0.0056
2042-11-25,11.8470,0.2892,67.1371,9.3183,499.2054,20.4209,54.0304,0.4075,37.0526,0.5556
2042-11-26,14.6046,3.0298,63.0792,5.3604,493.0926,16.2089,54.6392,0.3537,29.9560,0.4172
2042-11-27,14.9006,7.1713,66.1457,8.9315,465.0469,9.4827,46.4945,0.1614,18.0454,0.1372
2042-11-28,13.3398,0.0082,43.0309,4.8389,467.1521,10.5733,69.7698,0.7925,20.0141,0.7187
2042-11-29,15.5127,0.0405,57.7323,3.8288,469.6484,11.5042,78.7472,1.2200,21.6808,1.5972
2042-11-30,16.2448,0.4065,69.9308,3.9282,472.2764,12.1957,81.2160,1.5838,22.9122,2.5684
2042-12-01,16.3626,2.4222,75.2912,4.1422,474.9257,10.0157,63.0831,0.5976,19.0281,0.5250
2042-12-02,12.6935,0.0008,49.8288,3.8456,476.9145,10.8021,75.9959,0.9864,20.4464,0.9068
2042-12-03,11.3921,0.0003,51.1775,2.6228,478.6691,11.4952,81.2937,1.4963,21.6883,2.2545
2042-12-04,12.2534,0.0012,53.8121,2.8986,480.5787,12.1961,83.6382,2.0300,22.9369,3.5085
2042-12-05,13.6305,0.0195,57.9027,3.6077,482.7362,12.9008,84.4478,2.3440,24.1857,4.2815
2042-12-06,16.1485,5.1266,69.7886,5.8820,466.1704,8.1806,54.4452,0.3566,15.6736,0.2781
2042-12-07,11.4027,0.0542,41.1245,6.9711,467.9269,9.0171,73.8957,1.0289,17.2054,0.8494
2042-12-08,10.7223,0.0373,34.1757,3.5784,469.5609,9.9015,82.7303,1.8686,18.8113,2.7107
2042-12-09,9.7583,8.5573,84.2848,5.2681,435.5080,5.0125,34.6077,0.0145,9.7447,0.0086
2042-12-10,11.1447,0.1068,66.1253,5.3965,437.2180,5.4839,55.0775,0.3689,10.6344,0.2301
2042-12-11,14.2478,2.3085,69.0961,5.4481,439.4866,4.3534,56.1839,0.4073,8.4963,0.2254
2042-12-12,17.8231,1.4052,58.7658,5.2930,442.3988,5.2401,67.9622,0.7654,10.1787,0.4662
2042-12-13,12.1227,1.1755,60.7601,3.2230,444.2849,5.8297,69.9407,0.7345,11.2891,0.4736
2042-12-14,9.8850,32.7107,88.4285,5.0443,314.9873,2.2862,19.7663,0.0002,4.4909,0.0001
2042-12-15,10.1346,8.9175,75.1064,4.9285,290.8306,0.8484,24.4260,0.0008,1.6845,0.0002
2042-12-16,12.0581,1.6853,57.1221,5.5732,292.7051,0.9759,47.1789,0.1502,1.9357,0.0461
2042-12-17,11.3571,2.4597,69.0093,4.7730,294.4534,0.5182,49.5183,0.1967,1.0318,0.0520
2042-12-18,11.5287,2.0804,85.7949,3.6111,296.2325,0.2039,44.1870,0.0868,0.4070,0.0200
2042-12-19,9.6390,0.0574,58.1216,4.3120,297.6715,0.7149,62.2432,0.5781,1.4213,0.1637
2042-12-20,6.4574,0.0002,44.7308,3.8993,298.5379,1.1896,73.9807,0.8849,2.3557,0.2878
2042-12-21,9.0871,0.0117,47.6696,3.4222,299.8775,1.7954,80.4019,1.4100,3.5379,0.5273
2042-12-22,13.1575,2.0413,74.7067,5.6374,301.9499,1.2973,65.3941,0.7116,2.5670,0.2378
2042-12-23,15.6297,24.0144,88.9617,6.3695,233.0830,0.2099,23.2582,0.0006,0.4188,0.0001
2042-12-24,15.3523,14.9534,89.1585,5.4992,198.0841,0.2027,16.2768,0.0000,0.4044,0.0000
2042-12-25,11.6945,4.0551,52.5912,10.6043,193.1805,0.6893,43.1518,0.1042,1.3664,0.0292
2042-12-26,5.3193,0.0091,42.5254,7.7942,193.8420,1.1086,63.9765,0.7483,2.1859,0.2378
2042-12-27,4.4542,0.0007,45.2271,4.6060,194.3477,1.4543,74.3579,0.9340,2.8552,0.3234
2042-12-28,3.7729,0.0005,47.5415,4.7956,194.7308,1.7448,79.6267,1.3938,3.4131,0.5143
2042-12-29,3.3916,0.0010,59.2508,5.6703,195.0453,1.9528,81.2851,1.7430,3.8102,0.6706
2042-12-30,6.0046,0.0001,51.2752,3.5884,195.8302,2.3462,83.1112,1.9625,4.5559,0.8115
2042-12-31,6.8376,0.0001,50.8805,3.0542,196.7649,2.7892,84.1434,2.1879,5.3875,0.9725
2043-01-01,8.5749,0.0026,56.2150,5.0329,198.0124,3.3108,84.3580,2.4881,6.3558,1.6752
2043-01-02,9.3763,0.0744,47.6414,5.6751,199.4041,3.9860,85.3806,2.9562,7.5926,2.5225
2043-01-03,8.7033,5.0459,53.7022,4.7364,191.3281,2.2853,53.8721,0.3185,4.4381,0.1303
2043-01-04,10.2479,0.2553,53.9545,4.7116,192.8767,2.9286,69.5883,0.7829,5.6430,0.3553
2043-01-05,12.1362,0.8022,77.5340,5.9569,194.7652,3.2947,71.4472,0.8862,6.3220,0.4238
2043-01-06,12.4144,0.6714,67.2897,4.7250,196.7038,3.8389,75.6637,1.0100,7.3206,0.5185
2043-01-07,7.1552,0.3810,59.0877,7.4486,197.6957,4.2547,79.8983,1.6378,8.0749,0.8831
2043-01-08,5.4840,0.5419,59.6899,4.6838,198.3868,4.5814,81.0819,1.6202,8.6627,0.9058
2043-01-09,5.4267,14.0829,91.2596,15.3434,166.7324,1.7498,25.6988,0.0021,3.4101,0.0008
2043-01-10,5.1712,5.3399,83.3830,16.4273,158.0333,0.4451,26.7877,0.0031,0.8840,0.0008
2043-01-11,4.5651,0.6562,78.3937,9.9306,158.5590,0.5958,41.8783,0.0809,1.1805,0.0220
2043-01-12,5.5300,0.0015,59.3031,3.7047,159.2584,0.9280,57.7414,0.4223,1.8293,0.1275
2043-01-13,6.0341,0.0022,58.4808,3.3511,160.0485,1.2926,68.6560,0.7097,2.5341,0.2362
2043-01-14,7.6664,0.2080,60.6618,3.4961,161.1325,1.7172,75.4605,0.9379,3.3452,0.3435
2043-01-15,9.3486,4.5624,85.9592,3.2593,155.1752,0.5174,39.8760,0.0400,1.0262,0.0105
2043-01-16,9.5987,0.1865,78.1065,4.2261,156.6070,0.8058,52.9540,0.2831,1.5911,0.0824
2043-01-17,10.1184,0.0046,54.1267,5.6202,158.1323,1.4393,69.3431,0.8132,2.8146,0.2802
2043-01-18,9.1023,0.0003,49.2974,4.0117,159.4747,2.0761,77.9949,1.1526,4.0214,0.4530
2043-01-19,9.3106,0.0016,48.7378,2.9312,160.8546,2.7331,82.1933,1.6918,5.2435,0.7430
2043-01-20,9.8016,0.0028,53.4233,4.2133,162.3229,3.3582,83.8386,2.2272,6.3862,1.3208
2043-01-21,12.9805,0.0003,46.8937,4.1312,164.3634,4.2788,85.6650,2.8454,8.0347,2.4889
2043-01-22,9.9757,0.0120,72.7225,3.7589,165.8630,4.6508,84.2212,2.2908,8.6922,1.9059
2043-01-23,13.0573,3.7268,84.2494,4.2278,162.5206,2.6883,49.7554,0.1970,5.1630,0.0860
2043-01-24,13.6518,1.6377,66.7390,4.7921,164.6820,2.7098,57.9644,0.4536,5.2055,0.1986
2043-01-25,7.6138,0.0005,41.1805,5.3354,165.7564,3.3408,73.1915,0.9182,6.3611,0.4404
2043-01-26,6.4877,0.0019,45.8941,4.0020,166.6282,3.8462,79.7107,1.3505,7.2728,0.6910
2043-01-27,8.4367,0.0640,49.5433,4.2632,167.8508,4.4386,82.9093,1.9786,8.3268,1.3639
2043-01-28,9.7992,14.6345,84.5918,8.6162,138.0031,1.8041,31.1655,0.0073,3.4940,0.0027
2043-01-29,9.7073,33.1619,90.9943,7.9249,72.4234,0.2984,12.0205,0.0000,0.5907,0.0000
2043-01-30,9.4484,3.1752,77.2333,4.1204,70.6196,0.2957,24.6179,0.0008,0.5852,0.0002
2043-01-31,8.4474,2.1554,73.5371,4.8424,71.8442,0.3110,35.5964,0.0178,0.6154,0.0043
2043-02-01,6.5515,1.5625,71.7833,10.0923,72.7274,0.3067,47.2357,0.1901,0.6070,0.0460
2043-02-02,6.9873,0.0034,46.3568,7.8644,73.6891,0.9229,66.7548,0.8367,1.7898,0.2512
2043-02-03,10.1642,0.0001,48.9600,4.9804,75.2227,1.7396,77.3328,1.1475,3.2891,0.4177
2043-02-04,11.5399,0.0370,43.0755,7.1353,77.0039,2.7617,83.5710,2.4910,5.0689,1.3454
2043-02-05,8.1424,0.0000,36.2422,5.7484,78.1735,3.5988,86.1953,3.3253,6.4547,2.6578
2043-02-06,11.0580,0.0000,46.5049,4.2677,79.8679,4.5226,86.4222,3.1866,7.9236,2.8668
2043-02-07,15.0121,0.0000,41.8588,4.8802,82.2741,5.8533,87.5027,3.8323,9.9389,4.0965
2043-02-08,10.0963,0.0000,26.2389,7.3471,83.7954,7.0264,89.3830,5.6825,11.6175,6.6319
2043-02-09,9.4610,0.0012,31.7983,3.9764,85.2024,8.0496,89.4322,4.8288,13.0232,6.0478
2043-02-10,11.2412,0.0013,30.9502,5.2271,86.9298,9.2601,89.4879,5.1842,14.6253,6.8899
2043-02-11,10.2208,0.0000,34.8374,5.5606,88.4736,10.3080,89.5371,5.3094,15.9656,7.3867
2043-02-12,12.6635,0.0000,29.4146,4.4285,90.4570,11.6880,89.8920,5.2768,17.6686,7.7651
2043-02-13,14.6851,0.0000,24.7137,4.1445,92.8043,13.3761,90.9642,6.0635,19.6660,9.2878
2043-02-14,13.1823,0.0419,38.5403,4.1233,94.8811,14.6230,90.3349,5.5365,21.1117,8.9290
2043-02-15,11.1997,0.0045,51.1531,5.5085,96.6011,15.4765,88.4910,4.5572,22.1009,7.7249
2043-02-16,11.4965,0.0014,48.1999,5.5433,98.3745,16.4033,88.1122,4.3237,23.1545,7.5702
2043-02-17,11.2113,0.0040,48.0454,4.6450,100.0965,17.3119,87.9537,4.0396,24.1722,7.3016
2043-02-18,13.5505,0.0010,45.7704,3.8082,102.2396,18.4405,88.0024,3.8999,25.4191,7.2863
2043-02-19,12.4191,1.9938,67.3504,6.1223,104.1790,16.8051,70.3521,0.8614,23.9513,0.8764
2043-02-20,10.8631,1.3099,39.9107,5.9195,105.8384,17.8262,74.4977,1.0050,25.0884,1.2657
2043-02-21,11.2378,20.8060,81.9724,10.7701,68.5025,7.6947,31.5537,0.0090,12.0153,0.0060
2043-02-22,7.7839,4.7335,64.1484,11.1239,63.4438,4.6798,39.1241,0.0513,7.9024,0.0274
2043-02-23,4.6180,0.0735,52.4895,8.8625,63.9790,5.0657,59.2784,0.6106,8.4574,0.3371
2043-02-24,5.5050,0.0213,48.8568,6.1721,64.6739,5.5456,71.9566,0.9123,9.1333,0.5243
2043-02-25,10.2133,0.0000,29.9165,3.9840,66.2163,6.6719,82.4782,1.8479,10.6588,1.5701
2043-02-26,11.0984,0.0054,45.4810,5.0616,67.9180,7.6166,85.0582,2.7413,11.8976,3.1201
2043-02-27,14.4515,1.4665,58.6201,7.3635,70.2233,8.5307,76.7921,1.2430,13.0869,0.8717
2043-02-28,17.5600,2.0581,49.2988,7.0307,73.0881,8.1964,73.8838,1.0315,12.8033,0.7143
2043-03-01,18.5657,0.0003,29.1574,5.4543,76.1339,10.5712,86.4804,3.4109,15.6945,4.7767
2043-03-02,20.6482,0.0015,36.6241,6.6005,79.5546,12.9207,89.1500,5.2927,18.3790,7.9564
2043-03-03,15.3297,0.0000,27.8091,5.7185,82.0179,14.9425,90.3658,6.0265,20.5330,9.4557
2043-03-04,15.2400,0.0000,31.8541,4.0021,84.4651,16.8406,90.4153,5.5664,22.4774,9.2834
2043-03-05,17.6804,0.0046,39.3589,4.1144,87.3516,18.7819,90.4306,5.6102,24.4311,9.7820
2043-03-06,18.3109,0.0019,41.6893,4.6520,90.3515,20.7112,90.2307,5.6019,26.3322,10.1799
2043-03-07,16.9445,0.4535,60.9089,4.1375,93.1055,21.9136,87.6830,3.7879,27.5919,7.4528
2043-03-08,18.5768,0.0084,44.7137,6.6014,96.1534,23.7680,87.9903,4.4816,29.3800,8.9647
2043-03-09,18.2781,0.0000,37.6965,6.6094,99.1474,25.8260,88.9938,5.1777,31.2815,10.4911
2043-03-10,21.1309,0.0000,36.5855,4.9774,102.6550,28.2291,89.7867,5.3436,33.4572,11.1774
2043-03-11,20.1272,0.0000,31.4171,5.9898,105.9819,30.7107,90.6359,6.3499,35.6183,13.2785
2043-03-12,21.1498,0.0000,33.5437,4.4994,109.4929,33.2312,90.6855,5.9323,37.7895,12.9971
2043-03-13,26.3363,0.0012,34.0823,5.2827,113.9374,36.3140,91.2758,6.7127,40.4208,14.8384
2043-03-14,17.2051,0.0011,37.0210,8.4401,116.7383,38.2791,90.9517,7.5154,42.0704,16.5137
2043-03-15,16.7055,0.0000,27.0279,5.1079,119.4493,40.4939,91.1644,6.5492,43.8362,15.2082
2043-03-16,21.9269,0.0000,31.9770,4.6786,123.1002,43.1639,91.2141,6.4546,46.0022,15.4355
2043-03-17,22.5708,0.0000,33.4055,4.1652,126.8669,45.8510,91.2639,6.3344,48.1748,15.5996
2043-03-18,21.1634,0.3404,41.4387,4.9050,130.3803,48.0734,90.8379,6.1879,50.0298,15.6409
2043-03-19,21.6164,0.0976,37.2941,4.9049,133.9753,50.5015,90.8875,6.2318,52.0000,16.0568
2043-03-20,16.7605,0.0108,44.8332,5.6518,136.6961,52.1811,89.8455,5.5750,53.4006,14.9679
2043-03-21,16.8541,0.0084,38.8286,4.7651,139.4339,54.0532,89.8948,5.3692,54.8999,14.7657
2043-03-22,17.4572,0.1446,57.2128,5.7227,142.2802,55.4067,88.0458,4.3217,56.1493,12.6233
2043-03-23,21.6757,0.7183,49.2662,5.1658,145.8858,57.3763,86.4208,3.3335,57.8612,10.4087
2043-03-24,18.1254,0.7010,45.1863,8.2223,148.8524,59.1727,86.1977,3.7680,59.3562,11.6805
2043-03-25,16.3944,0.0015,35.2326,7.2314,151.5074,61.1041,88.5987,5.0480,61.0981,14.9433
2043-03-26,21.2292,0.0000,27.6151,4.1905,155.0326,63.8592,91.1268,6.2200,63.8372,17.9105
2043-03-27,24.2634,0.0018,34.7409,6.1641,159.1040,66.6807,91.1766,6.9192,66.6446,19.8150
2043-03-28,21.2586,0.0085,51.1812,8.2590,162.6346,68.5413,89.4711,6.0254,68.5001,18.1731
2043-03-29,26.0418,0.0081,47.6789,4.7654,167.0261,70.9620,89.5203,5.0886,70.9132,16.3291
2043-03-30,27.1092,0.0002,44.2506,3.1841,171.6098,73.6427,89.5873,4.7443,73.5843,15.8089
2043-03-31,31.3751,0.0000,38.9980,3.5609,176.9613,77.0196,91.0588,5.9677,76.9470,19.2140
2043-04-01,26.0365,0.0000,37.1353,4.5699,182.6019,81.1553,91.1085,6.3236,81.0608,20.5962
2043-04-02,27.1343,0.0000,32.1336,3.4269,188.4400,85.8007,91.7796,6.5667,85.6789,21.7986
2043-04-03,26.0666,0.0000,35.6130,5.0182,194.0860,90.0412,91.8296,7.1654,89.8958,23.7779
2043-04-04,25.5876,0.0000,29.4937,5.0108,199.6458,94.6029,92.1350,7.4789,94.4291,25.1212
2043-04-05,26.0440,0.0001,29.0050,4.6285,205.2877,99.2748,92.3358,7.5471,99.0710,25.8859
2043-04-06,23.6334,8.0258,47.4882,5.2508,193.1467,57.3395,66.0941,0.7164,65.8252,2.3520
2043-04-07,20.5415,6.5470,65.5027,5.3949,184.7293,35.9661,52.9937,0.3015,48.3825,0.4955
2043-04-08,22.8963,0.0003,45.1480,4.3771,189.8046,39.1571,78.1406,1.1886,51.6668,3.5878
2043-04-09,23.9715,0.0000,38.4866,4.6090,195.0735,42.8960,87.4781,3.7670,55.3589,11.2110
2043-04-10,23.6618,0.0044,40.5706,7.4006,200.2866,46.4636,89.2692,5.6055,58.8160,15.8482
2043-04-11,22.2194,0.0000,31.1268,5.6517,205.2401,50.3573,90.8792,6.4632,62.4240,18.2047
2043-04-12,23.8079,0.0059,29.2947,6.8538,210.4795,54.6268,91.7551,7.7773,66.2610,21.4909
2043-04-13,21.5017,0.0000,29.3382,6.5224,215.3038,58.4986,91.8050,7.7028,69.6720,21.9111
2043-04-14,22.8954,0.0000,25.1080,5.1439,220.3790,62.8553,92.5185,7.9476,73.3846,23.0178
2043-04-15,23.8297,0.0000,26.3552,5.3285,225.6224,67.3062,92.5687,8.0787,77.1071,23.8910
2043-04-16,24.7613,0.0000,24.7727,5.7416,231.0334,72.0226,92.9873,8.7478,80.9537,25.8841
2043-04-17,25.5801,0.0000,22.3972,4.8594,236.5918,77.0421,93.6189,9.1389,84.9378,27.3457
2043-04-18,27.0027,0.0000,22.8103,4.3588,242.4063,82.3010,93.8405,9.1900,89.0322,28.1134
2043-04-19,27.6755,0.0464,25.6291,4.7020,248.3419,87.4892,93.8911,9.4163,93.0373,29.2153
2043-04-20,24.6740,0.6518,32.6524,8.6325,253.7372,91.6974,91.1349,7.7894,96.3477,26.0997
2043-04-21,19.8931,43.5762,83.2251,7.2553,146.0483,38.8178,34.6844,0.0163,46.6429,0.0261
2043-04-22,18.6612,3.0448,53.7485,8.7131,146.8119,32.6325,57.9121,0.5505,41.9525,0.8183
2043-04-23,19.4293,2.1225,49.0845,6.7113,151.2631,31.2602,69.5966,0.8661,41.2226,1.8778
2043-04-24,21.0169,0.5112,45.1889,5.4059,156.0002,34.1991,83.0685,2.1390,44.1831,5.9107
2043-04-25,20.8819,1.9509,47.6659,6.4706,160.7129,33.7436,78.1359,1.3203,44.2566,3.5681
2043-04-26,20.4717,3.0710,51.4615,8.3041,161.6070,28.6795,71.5268,1.0003,39.7316,2.2624
2043-04-27,20.5380,9.8979,62.2891,8.2471,146.2868,15.9698,54.5094,0.4041,25.0916,0.4238
2043-04-28,20.4279,0.1470,36.8792,7.2554,150.9178,19.2641,80.2236,1.6781,29.2076,3.3815
2043-04-29,22.4971,0.0002,28.9455,4.4167,155.9213,23.3290,89.2468,4.8075,33.9565,10.3321
2043-04-30,24.7194,0.0015,34.6640,5.0338,161.3248,27.4186,90.6748,6.0849,38.4850,13.3916
2043-05-01,26.2238,0.0000,38.8374,4.0769,168.4491,31.8183,90.7243,5.8397,43.2248,13.8158
2043-05-02,28.6622,0.0042,34.1012,1.8879,176.0123,36.9817,91.5949,5.9196,48.4920,14.8664
2043-05-03,29.8298,0.0000,30.0130,3.3161,183.7856,42.6806,92.6384,7.3716,54.0064,18.5679
2043-05-04,30.8095,0.0031,28.9419,2.6648,191.7353,48.6500,93.1222,7.6343,59.5348,20.0501
2043-05-05,31.0602,0.0152,23.8683,4.8694,199.7302,55.0958,94.1929,9.9014,65.2165,25.2726
2043-05-06,31.1522,0.0001,25.7497,4.8140,207.7416,61.4003,94.2437,9.9433,70.6196,26.3908
2043-05-07,24.5228,0.0040,40.4995,7.4667,214.5597,65.4140,92.0626,8.3780,74.2418,24.0329
2043-05-08,28.5200,0.0147,32.9374,4.0088,222.0973,70.6435,92.1126,7.0882,78.7032,22.0150
2043-05-09,30.4636,0.0344,30.9390,3.8882,229.9847,76.3822,92.6473,7.5967,83.4643,23.8353
2043-05-10,31.8597,0.0306,26.1818,5.5342,238.1235,82.7875,93.8279,9.7337,88.5823,29.1618
2043-05-11,31.0988,0.0438,24.6351,6.9043,246.1252,89.1761,94.1283,10.8728,93.5839,32.2793
2043-05-12,29.7069,0.0002,36.5315,4.9809,253.8765,94.3236,93.2607,8.7471,97.8038,28.4706
2043-05-13,29.1088,0.1690,41.7239,4.3010,261.5200,98.9583,92.2319,7.3155,101.7048,25.6556
2043-05-14,26.4981,1.4446,61.8266,4.9127,268.6937,101.7319,81.8796,1.7995,104.5258,8.8919
2043-05-15,24.4177,23.3112,77.8841,6.7090,211.2696,46.6194,44.2176,0.1020,60.0898,0.1958
2043-05-16,19.4303,28.6041,82.1832,6.1041,148.4183,18.4653,27.9537,0.0026,28.1691,0.0030
2043-05-17,26.6592,0.3750,30.9725,6.7130,155.6210,23.5099,77.5332,1.2720,34.1297,2.7305
2043-05-18,29.3391,0.0000,27.4598,4.5050,163.3060,29.3229,91.0263,6.2295,40.4763,14.0175
2043-05-19,29.7450,0.0038,38.7382,3.1096,171.0641,34.2977,91.0760,5.8478,45.6925,14.2570
2043-05-20,30.0469,0.0077,38.8966,4.3465,178.8766,39.3081,91.1257,6.2681,50.7406,15.9152
2043-05-21,29.8660,0.0010,36.8934,6.4389,186.6565,44.4527,91.4029,7.2452,55.7268,18.6397
2043-05-22,29.3971,0.0008,36.5733,6.9714,194.3519,49.5452,91.4528,7.4951,60.5201,19.9558
2043-05-23,29.7954,0.0000,33.2474,4.9877,202.1191,54.9746,92.0559,7.3872,65.4468,20.5775
2043-05-24,32.1686,0.0003,24.4955,5.0465,210.3134,61.5877,94.1456,9.9250,71.1136,26.4506
2043-05-25,31.3745,0.0029,24.2140,7.2858,218.3649,68.0670,94.2838,11.3249,76.5107,30.0297
2043-05-26,28.5650,0.4175,31.7098,7.0770,225.9106,73.4003,93.8647,10.5745,81.0036,29.4853
2043-05-27,28.5833,0.0953,29.4989,6.0420,233.4596,78.9097,93.9153,10.1079,85.5388,29.3972
2043-05-28,29.2323,0.3239,28.5541,4.9399,241.1254,84.6149,93.9660,9.6293,90.1457,29.2029
2043-05-29,23.2762,12.3672,50.8214,21.0866,216.6074,45.3278,70.6030,1.8460,59.5182,6.2923
2043-05-30,27.8645,0.0454,27.8363,11.6119,224.0270,50.8305,90.2582,7.9863,64.8664,21.6605
2043-05-31,29.7611,0.0050,22.5781,6.1081,231.7880,57.1208,93.9313,10.1641,70.6902,26.8072
2043-06-01,31.1482,0.0007,22.1895,4.7182,240.7987,63.7268,94.6242,10.4285,76.7044,28.4307
2043-06-02,33.6438,0.0003,22.2596,4.4867,250.2585,70.8376,95.0652,10.9507,82.9653,30.5585
2043-06-03,33.6370,0.0338,28.0882,4.5239,259.7172,77.4140,95.1162,11.0481,88.7177,31.7870
2043-06-04,31.2370,0.2086,34.7727,5.3704,268.7439,82.9669,93.9230,9.7820,93.6525,30.0762
2043-06-05,26.7767,17.0410,47.9509,7.5036,230.1946,42.4001,67.4604,0.8416,58.0632,2.5924
2043-06-06,20.7871,0.2376,42.6371,14.7141,237.3403,45.7054,84.3555,4.0512,61.7043,12.6597
2043-06-07,20.8754,0.1733,35.0388,12.8199,244.5019,49.4637,89.1897,7.2821,65.6993,20.4073
2043-06-08,19.5979,0.3737,42.3014,10.6945,251.4335,52.6077,89.2388,6.5888,69.0808,19.4913
2043-06-09,21.5743,0.0238,43.6308,5.9149,258.7209,55.9726,89.2879,5.2152,72.6511,16.8568
2043-06-10,27.7624,0.0153,34.3132,4.6487,267.1221,60.9638,91.2265,6.4562,77.6331,20.4403
2043-06-11,29.3975,0.0597,34.0822,4.1168,275.8177,66.2563,91.8146,6.8327,82.7922,22.0196
2043-06-12,31.5949,0.0164,31.9332,3.8514,284.9087,72.1151,92.6093,7.5422,88.3335,24.4258
2043-06-13,31.2311,0.1648,35.4671,4.7033,293.9343,77.6079,92.6595,7.9288,93.4991,26.0313
2043-06-14,32.0285,0.0002,28.7859,4.9186,303.1035,83.8190,93.3566,8.8372,99.1155,28.8539
2043-06-15,34.0553,0.0361,23.6474,5.1131,312.6374,90.8855,94.7510,10.8252,105.2668,33.9988
2043-06-16,33.5236,0.0023,24.6550,5.0159,322.0757,97.7534,94.8019,10.8480,111.1607,34.8654
2043-06-17,34.9489,0.0069,23.0862,3.9438,331.7705,105.0529,95.1188,10.7336,117.2722,35.3987
2043-06-18,34.5114,0.0940,28.2131,3.7041,341.3865,111.7831,95.1698,10.6790,122.9334,35.9372
2043-06-19,36.3395,0.0171,23.2604,4.4790,351.3316,119.3469,95.3324,11.3535,129.0762,38.0814
2043-06-20,35.7583,0.0000,22.9699,4.7639,361.1721,126.8216,95.3835,11.5982,135.0712,39.2149
2043-06-21,34.2512,0.0110,27.4722,4.8407,370.7413,133.5716,95.4346,11.7247,140.5494,39.9922
2043-06-22,31.3191,0.3190,36.8708,4.6995,379.7828,138.9596,93.6787,9.1413,145.1479,34.3130
2043-06-23,29.2744,0.5422,45.8285,4.5231,388.4562,143.2914,91.4865,6.6570,149.0922,27.9392
2043-06-24,30.9367,0.1924,40.6856,4.4055,397.4288,148.2941,91.5364,6.6647,153.4473,28.1883
2043-06-25,33.9046,0.0558,38.8450,4.9840,406.9356,153.9299,91.7371,7.0601,158.2285,29.5525
2043-06-26,36.4329,0.0217,32.6926,4.5080,416.8975,160.5806,93.2712,8.5537,163.6115,33.8816
2043-06-27,42.2468,0.0347,25.3958,4.1154,427.9060,169.0942,95.8066,11.8904,170.1220,42.3517
2043-06-28,36.5456,0.2093,30.3582,4.6856,437.8882,175.9963,95.4685,11.6872,175.9863,42.1592
2043-06-29,35.7955,0.2155,33.2661,5.1602,447.7354,182.4784,94.8267,10.9644,182.4372,40.7176
2043-06-30,31.7592,0.3698,43.8027,7.1969,456.8560,187.3398,92.4368,8.7130,187.2833,35.1988
2043-07-01,30.2343,1.2404,42.0938,4.6771,466.0022,191.6012,87.9420,4.0393,191.5366,20.8202
2043-07-02,30.1179,3.6358,43.0598,3.6946,464.2473,102.4599,79.0058,1.2412,132.0570,7.2598
2043-07-03,30.5636,2.8018,46.9320,3.5893,466.8753,81.4348,79.1326,1.2496,113.4140,6.7363
2043-07-04,30.9292,3.1917,47.7143,3.8917,467.5177,65.1183,78.3352,1.1795,96.5994,5.7545
2043-07-05,30.9778,3.1961,48.7786,4.4194,468.1324,53.6307,78.3005,1.2077,83.3805,5.2967
2043-07-06,32.8998,0.8762,42.0881,4.0339,477.7584,58.2550,88.0498,3.9714,89.2909,15.3934
2043-07-07,32.8542,0.4941,42.3718,4.3960,487.3761,62.8504,90.5573,5.7944,95.0557,21.0455
2043-07-08,34.9014,0.0040,40.0940,4.4249,497.3624,67.9156,91.5794,6.7121,101.2623,24.1101
2043-07-09,37.5574,0.0000,33.1804,3.6760,507.8267,73.9821,93.3528,8.2965,108.4615,28.8192
2043-07-10,39.4025,0.0015,31.2366,2.4756,518.6231,80.5230,94.1516,8.7262,116.0142,30.7027
2043-07-11,40.3795,0.0001,30.6056,2.3620,529.5955,87.2832,94.4873,9.0881,123.6282,32.3638
2043-07-12,40.0815,0.2393,28.7757,4.7861,540.5141,94.1718,94.8144,10.7415,131.1982,36.9380
2043-07-13,33.8806,1.2073,42.2104,4.9945,550.3166,98.9195,89.4431,5.0910,136.4995,22.5328
2043-07-14,36.9585,0.0401,28.5248,7.8506,560.6732,105.3081,94.0696,11.3117,143.3192,39.3045
2043-07-15,37.8445,0.0011,25.5060,7.0625,571.1892,112.1216,95.0713,12.4789,150.4243,42.4477
2043-07-16,37.3095,0.0000,23.3148,6.8110,581.6089,119.0391,95.4748,13.0196,157.4925,44.1252
2043-07-17,37.8279,0.0008,23.0809,5.7589,592.1219,126.0714,95.6267,12.6051,164.5533,43.6593
2043-07-18,39.2565,0.0000,21.8074,5.2438,602.8921,133.4825,96.1252,13.1407,171.8464,45.2327
2043-07-19,39.7800,0.0000,22.3574,4.2197,613.7565,140.9369,96.1766,12.5667,179.0727,44.2986
2043-07-20,41.6096,0.0000,22.2700,3.2689,624.9502,148.7337,96.4399,12.4118,186.5020,44.2427
2043-07-21,40.6502,0.0000,22.9028,5.1979,635.9712,156.2933,96.4914,13.7739,193.6254,47.5190
2043-07-22,40.6805,0.0000,21.2204,4.4327,646.9977,164.0235,96.5429,13.3450,200.7893,46.7955
2043-07-23,42.6008,0.0000,19.7924,2.7183,658.3699,172.2555,97.1138,13.2133,208.2772,46.6953
2043-07-24,44.6032,0.0210,16.8343,3.5861,670.1024,181.1822,98.0436,15.6166,216.2144,52.0492
2043-07-25,44.9932,0.0010,16.5879,4.2950,681.9052,190.2118,98.1769,16.4715,224.1274,53.9649
2043-07-26,43.7478,0.0000,16.9117,4.5959,693.4838,198.9633,98.2290,16.8382,231.7218,54.8388
2043-07-27,40.2787,0.0200,23.2220,5.4305,704.4380,206.4246,97.5880,16.1353,238.2850,53.5049
2043-07-28,39.1665,0.0000,25.6278,5.5883,715.1920,213.4579,96.9193,14.8776,244.4889,50.9436
2043-07-29,36.4930,0.0000,33.7605,4.3754,725.4647,219.3061,95.0891,10.9252,249.8156,41.9411
2043-07-30,40.5192,0.0000,25.6155,4.4880,736.4621,226.5768,95.5413,11.6866,256.1436,43.8419
2043-07-31,40.1691,0.0000,26.3434,9.0847,747.3966,233.7158,95.5925,14.8357,262.3417,51.0200
2043-08-01,36.8682,0.0000,31.6018,8.2953,757.0369,239.0771,95.2582,13.6222,267.1975,48.3952
2043-08-02,36.2021,0.0000,30.8995,5.4679,766.5572,244.3985,95.2327,11.7722,271.9973,44.1488
2043-08-03,36.8751,0.0000,24.4027,4.0401,776.1987,250.3252,95.2838,11.0317,277.1761,42.3774
2043-08-04,36.5765,0.0000,27.5290,4.0657,785.7865,255.9621,95.3349,11.1233,282.1529,42.6243
2043-08-05,37.1004,0.0000,28.5106,5.1224,795.4686,261.6000,95.3860,11.8137,287.1322,44.3165
2043-08-06,37.0502,0.0000,33.9007,4.1905,805.1416,266.8059,94.8947,10.5393,291.8393,41.2077
2043-08-07,37.6214,0.0000,33.7746,4.8103,814.9175,272.0999,94.9199,10.9113,296.6076,42.1518
2043-08-08,37.2992,0.0000,34.2221,4.5601,824.6353,277.3143,94.8031,10.6034,301.3110,41.3961
2043-08-09,36.2439,0.0000,35.0821,5.2678,834.1632,282.3192,94.4875,10.5214,305.8522,41.2011
2043-08-10,35.1517,0.1060,39.0958,5.9553,843.4945,286.8773,93.6237,9.6643,310.0933,39.0072
2043-08-11,33.3473,0.9754,40.9073,4.9376,852.5010,291.0796,90.1028,5.5800,314.0687,27.0368
2043-08-12,34.5539,0.1016,35.7578,4.7227,861.7247,295.8083,92.2426,7.4840,318.3838,32.9848
2043-08-13,35.9545,0.0000,32.0060,4.8183,871.2006,301.0096,93.3605,8.7975,323.0101,36.7098
2043-08-14,35.7378,0.0962,36.6998,3.7635,880.6374,305.8236,93.4110,8.4010,327.4013,35.6207
2043-08-15,37.0967,0.0022,34.3007,3.5210,890.3188,311.0044,93.4615,8.3576,332.0399,35.5049
2043-08-16,37.5129,0.0000,33.4418,3.7232,900.0751,316.3100,93.5120,8.5029,336.7570,35.9148
2043-08-17,37.6698,0.0000,31.0175,3.7932,909.8596,321.8313,93.9218,9.0331,341.5945,37.3720
2043-08-18,37.9240,0.0000,32.4352,4.1024,919.6900,327.2746,93.9725,9.2396,346.3896,37.9319
2043-08-19,38.5566,0.0000,31.6896,4.8067,929.6341,332.8671,94.0231,9.6409,351.2820,38.9997
2043-08-20,37.0498,0.0000,32.6497,7.5221,939.3071,338.1715,94.0738,11.1325,355.9596,42.7939
2043-08-21,32.9204,0.0000,36.8257,7.1267,948.2368,342.6085,93.6057,10.2262,360.0194,40.5228
2043-08-22,34.1167,0.0000,30.4588,5.5080,957.3818,347.6644,93.6562,9.4917,364.4563,38.6153
2043-08-23,34.3510,0.0000,28.8889,5.0096,966.5690,352.8688,93.8012,9.4448,368.9776,38.4934
2043-08-24,34.7020,0.0000,30.2590,5.4738,975.8193,358.0235,93.8518,9.7365,373.4784,39.2638
2043-08-25,31.8119,0.0044,44.6043,7.3291,984.5495,361.7873,92.1734,8.4514,377.1246,35.7984
2043-08-26,32.3340,0.0000,40.2615,4.3775,993.3736,365.9107,92.2235,7.3351,380.9826,32.5932
2043-08-27,33.3237,0.0000,38.6914,4.6524,1002.3759,370.2677,92.2736,7.4901,384.9987,33.0522
2043-08-28,34.0562,0.0000,34.2107,4.8062,1011.5100,375.0426,92.6469,7.9559,389.2628,34.4038
2043-08-29,33.8878,0.1497,33.7849,4.6824,1020.6138,379.8253,92.7325,8.0021,393.5230,34.5369
2043-08-30,31.0579,3.3239,47.4237,5.1249,993.2791,115.2365,80.6555,1.5794,178.6557,9.9442
2043-08-31,30.0824,0.0012,42.1918,6.7345,1001.6980,118.9579,89.1118,5.2995,183.4510,25.0487
2043-09-01,32.2967,0.0009,34.4788,5.3798,1009.2154,122.8537,91.9818,7.4561,188.3783,31.7659
2043-09-02,32.2297,0.0000,30.5406,5.6010,1016.7207,126.9753,92.9968,8.6976,193.5278,35.3304
2043-09-03,32.6275,0.0000,26.4033,5.1052,1024.2977,131.3946,93.9414,9.6768,198.9781,38.0305
2043-09-04,34.4262,0.0000,24.5576,3.8081,1032.1984,136.1663,94.6714,10.0260,204.7926,39.0537
2043-09-05,33.2556,0.0016,30.7385,4.8594,1039.8884,140.4027,94.7223,10.6457,209.9413,40.7100
2043-09-06,32.9990,0.0006,32.4829,4.3544,1047.5322,144.5016,94.4369,9.9783,214.8943,39.1315
2043-09-07,34.1750,0.0036,30.8211,4.1906,1055.3877,148.8462,94.4877,9.9658,220.0912,39.1860
2043-09-08,32.8625,0.0000,30.3972,6.5923,1063.0070,153.0547,94.5385,11.3270,225.0876,42.6378
2043-09-09,32.4720,0.0000,30.4036,4.6521,1070.5559,157.2145,94.5894,10.3442,229.9916,40.2853
2043-09-10,34.1385,0.0000,31.4962,4.1886,1078.4049,161.5122,94.6402,10.1764,235.0254,39.9220
2043-09-11,32.7040,0.0006,38.4044,7.0674,1085.9956,165.2193,93.4111,9.9229,239.3891,39.3218
2043-09-12,29.3679,0.0000,31.5895,9.9695,1092.9858,168.9301,93.4615,11.5666,243.6968,43.4449
2043-09-13,24.8137,0.0000,23.3761,5.8584,1099.1563,172.4652,93.5120,9.4688,247.7473,38.2183
2043-09-14,25.6425,0.0000,17.7709,4.2088,1105.4759,176.3803,94.6283,10.1700,252.1738,40.0679
2043-09-15,26.6438,0.0000,23.2189,4.4107,1111.9758,180.1728,94.6792,10.3462,256.4603,40.5468
2043-09-16,27.8641,0.0000,26.9149,5.4899,1118.6954,183.9415,94.6002,10.8063,260.7135,41.7289
2043-09-17,28.7284,0.0120,43.1510,6.6635,1125.5705,186.9605,92.1744,8.1738,264.2071,34.8077
2043-09-18,28.3068,0.0061,37.2240,6.2824,1132.3697,190.2471,92.2245,8.0752,267.9500,34.5482
2043-09-19,26.0110,0.0000,26.7626,6.4027,1138.7557,193.7821,92.7524,8.7510,271.8938,36.4451
2043-09-20,26.1808,0.0000,30.3650,5.5520,1145.1722,197.1643,92.8026,8.4432,275.6723,35.6137
2043-09-21,27.1667,0.0000,32.5733,4.5623,1151.7662,200.5575,92.8529,8.0893,279.4592,34.6365
2043-09-22,27.5233,0.0000,32.8756,6.6726,1158.4244,203.9782,92.9032,9.0606,283.2625,37.3307
2043-09-23,27.6703,0.0000,33.2929,5.3557,1165.1091,207.3950,92.9535,8.5389,287.0495,35.9201
2043-09-24,29.6841,0.0000,30.3173,3.5001,1172.1562,211.2141,93.0039,7.8317,291.2330,33.9394
2043-09-25,29.8095,0.0000,33.9942,3.9000,1179.2259,214.8464,93.0542,8.0476,295.2237,34.5669
2043-09-26,29.7179,0.0268,38.2457,4.4086,1186.2792,218.2346,92.7753,7.9400,298.9691,34.2694
2043-09-27,29.1283,0.0396,39.8232,4.5999,1193.2263,221.4732,92.4058,7.6109,302.5545,33.3280
2043-09-28,27.7241,0.0000,38.6763,4.7002,1199.9206,224.6202,92.3036,7.5401,306.0242,33.1283
2043-09-29,25.7976,2.0952,40.0686,6.6658,1206.2682,137.4029,83.6017,2.4426,213.8952,14.5418
2043-09-30,17.1292,17.9553,62.4892,15.4767,866.0954,59.9561,53.3036,0.5172,102.2213,2.3355
2043-10-01,20.1191,1.4507,31.8367,23.8825,870.4208,62.1476,81.1994,4.3207,105.4691,17.9152
2043-10-02,22.7950,0.1647,28.3612,10.0701,875.2279,64.7414,90.1222,7.2470,109.2748,26.3560
2043-10-03,24.5345,0.0000,31.0058,6.4843,880.3481,67.4212,91.4363,7.2963,113.1739,26.8950
2043-10-04,23.8016,0.0031,33.0367,4.7115,885.3364,69.9478,91.4861,6.7202,116.8213,25.7592
2043-10-05,26.2316,0.2651,39.2474,3.6876,890.7621,72.4637,91.5359,6.4275,120.4341,25.2959
2043-10-06,28.0968,0.0032,41.2564,3.1900,896.5235,75.0625,91.5858,6.3129,124.1404,25.2896
2043-10-07,30.8624,0.0000,33.3770,3.4358,902.7828,78.2890,92.2073,6.9792,128.6802,27.4816
2043-10-08,32.8754,0.0000,31.0388,3.0533,909.4043,81.8391,93.0149,7.6692,133.6170,29.7059
2043-10-09,33.9259,0.0000,26.3188,2.8178,916.2150,85.7494,94.1520,8.8786,138.9805,33.2080
2043-10-10,33.1664,0.0000,27.8118,4.9076,922.8889,89.4975,94.2027,9.9340,144.0675,36.1666
2043-10-11,32.3523,0.0001,28.1313,4.0791,929.4164,93.1403,94.2535,9.5949,148.9608,35.6921
2043-10-12,31.6811,0.0000,33.4653,3.4176,935.8230,96.4450,94.0161,8.9804,153.3737,34.4392
2043-10-13,30.8671,0.0015,41.2585,3.7464,942.0830,99.2903,92.6802,7.5774,157.1688,30.9451
2043-10-14,31.7737,0.0018,34.0472,4.0827,948.5063,102.5754,92.7304,7.7616,161.4902,31.6591
2043-10-15,28.3856,0.0157,43.7626,5.4654,954.3197,105.0879,91.7129,7.2086,164.8056,30.2669
2043-10-16,28.7910,0.0022,39.6678,4.2945,960.2061,107.8204,91.7628,6.8438,168.3744,29.3618
2043-10-17,29.6570,0.0184,40.4994,3.6122,966.2483,110.5933,91.8128,6.6595,171.9769,28.9520
2043-10-18,29.0228,0.0005,44.1116,3.8111,972.1764,113.1442,91.5723,6.5011,175.2874,28.5912
2043-10-19,28.0092,0.0000,49.1486,4.0533,977.9221,115.3870,90.6709,5.7884,178.2066,26.4877
2043-10-20,29.2426,0.0000,46.6657,3.0425,983.8898,117.8391,90.7205,5.5400,181.3716,25.7807
2043-10-21,30.6284,0.0000,42.0724,3.8678,990.1069,120.6239,90.7701,5.8163,184.9248,26.7536
2043-10-22,30.0084,0.0000,40.7545,4.0802,996.2124,123.4165,90.8197,5.9207,188.4632,27.1679
2043-10-23,27.8980,0.0000,43.7091,6.4120,1001.9380,125.8898,90.8694,6.7062,191.5962,29.6536
2043-10-24,25.5684,0.0000,41.5349,5.5806,1007.2443,128.2522,90.9190,6.4767,194.5685,29.0268
2043-10-25,26.1516,0.0002,36.3879,5.7505,1012.6556,130.8789,90.9687,6.5788,197.8355,29.4049
2043-10-26,21.7071,0.0576,46.1338,11.8538,1017.2669,132.7404,90.1335,7.9413,200.1788,33.4175
2043-10-27,15.9327,0.0013,38.7730,12.3604,1020.8388,134.3205,90.1829,8.2044,202.1458,34.1901
2043-10-28,14.4492,0.0000,35.7396,5.5609,1024.1436,135.8345,90.2323,5.8657,204.0199,27.2991
2043-10-29,17.6781,0.0000,23.3437,3.4772,1028.0297,138.0155,91.6916,6.5018,206.6671,29.3317
2043-10-30,20.0451,0.1185,29.6409,3.4864,1032.3418,140.2698,91.7415,6.5509,209.4066,29.5261
2043-10-31,18.7357,0.0007,25.4415,5.0466,1036.4182,142.5106,91.8810,7.2281,212.1077,31.5943
2043-11-01,20.3777,0.0764,23.0919,3.3777,1039.7902,144.7006,92.5288,7.2813,214.7039,31.7894
2043-11-02,19.6764,1.3448,52.5122,4.6787,1043.0359,146.0087,82.1366,1.8347,216.3154,11.6189
2043-11-03,14.2203,0.0085,30.2889,5.3092,1045.2996,147.4246,87.6062,3.9744,217.9887,20.9257
2043-11-04,14.1037,0.0859,45.4156,3.5092,1047.5422,148.5249,87.6548,3.6551,219.3123,19.7089
2043-11-05,13.5144,18.8383,61.8652,8.3719,778.4705,61.8401,45.4419,0.1342,103.1876,0.3821
2043-11-06,9.9333,10.4019,65.2669,22.2740,689.5121,31.7365,43.5486,0.2004,56.9230,0.3700
2043-11-07,9.6132,0.0914,50.2931,12.2807,690.9465,32.4426,66.9613,1.0528,58.0687,3.4350
2043-11-08,9.8748,0.0014,40.1932,8.0379,692.4280,33.3128,79.3556,1.5977,59.4725,5.4698
2043-11-09,10.3850,0.0259,40.9168,7.2249,694.0013,34.2124,84.4039,2.7960,60.9172,9.2649
2043-11-10,11.7163,0.0326,52.1812,8.5990,695.8142,35.0249,85.2234,3.3518,62.2200,10.9192
2043-11-11,11.2215,0.0126,57.2559,6.3703,697.5381,35.7232,85.2711,3.0156,63.3371,10.1131
2043-11-12,11.4827,0.0015,51.2141,3.9140,699.3090,36.5371,85.5995,2.7888,64.6320,9.5887
2043-11-13,13.6722,0.0007,35.2758,4.6719,701.4739,37.8047,87.8915,4.0092,66.6318,13.1235
2043-11-14,11.9860,0.0018,42.3663,7.8769,703.3354,38.8046,87.9402,4.7448,68.2020,15.1535
2043-11-15,10.2587,0.0000,30.9844,7.8982,704.8860,39.8439,88.8726,5.4298,69.8212,16.9977
2043-11-16,11.0781,0.0058,39.1355,6.3374,706.5840,40.8266,88.9216,5.0545,71.3471,16.3017
2043-11-17,11.7630,0.0000,45.5751,4.1423,708.4054,41.7548,88.5972,4.3193,72.7844,14.6258
2043-11-18,14.1324,0.0001,28.3792,3.6089,710.6532,43.2012,89.9034,5.0716,75.0035,16.8007
2043-11-19,14.8121,0.0151,40.2317,4.5421,713.0234,44.4620,89.8430,5.2700,76.9311,17.5315
2043-11-20,13.3807,0.0399,68.2933,5.6892,715.1359,45.0708,86.3076,3.3683,77.8720,12.5193
2043-11-21,11.7241,0.0072,60.2899,4.8787,716.9503,45.7459,86.0266,3.1081,78.9052,11.8314
2043-11-22,11.9808,0.0005,49.1959,3.9379,718.8108,46.6270,86.1659,3.0228,80.2415,11.6782
2043-11-23,13.2123,6.5400,65.3901,4.6816,674.3387,28.4416,49.9328,0.2060,51.4573,0.3539
2043-11-24,12.8155,0.2106,45.5218,7.7049,676.3495,29.4466,71.8856,0.9830,53.1123,2.9214
2043-11-25,11.7051,0.2876,52.2529,4.6644,678.1605,30.2572,79.6724,1.3910,54.4419,4.4484
2043-11-26,13.4799,0.3904,62.5677,5.3271,680.2908,30.9808,82.2579,1.9240,55.6283,6.2484
2043-11-27,8.7087,0.0310,57.3924,10.0281,681.5624,31.5349,83.4784,2.8472,56.5308,8.9848
2043-11-28,8.0951,0.0028,45.5257,4.6098,682.7235,32.1990,85.0413,2.6734,57.6059,8.6100
2043-11-29,12.0597,0.0226,52.3912,4.4849,684.5983,33.0296,85.4475,2.8102,58.9490,9.1179
2043-11-30,14.7480,3.7311,71.6546,5.9447,667.5245,24.2981,58.0936,0.4853,44.5428,0.7523
2043-12-01,9.5196,0.0010,41.2369,4.5095,668.9421,25.0072,73.8656,0.9076,45.7397,2.2676
2043-12-02,10.4900,0.0000,33.1345,3.5976,670.5343,25.8879,82.8096,1.8893,47.2183,5.4822
2043-12-03,11.7870,0.0000,37.6954,3.0045,672.3599,26.8004,86.1259,2.8677,48.7434,8.2455
2043-12-04,12.0633,0.0003,46.2214,2.3455,674.2353,27.6048,86.5102,2.9286,50.0833,8.5411
2043-12-05,12.3461,4.6536,72.4940,4.9736,649.5325,18.5021,51.9769,0.2649,34.5442,0.3442
2043-12-06,13.8071,4.3832,70.5748,5.8313,628.7486,12.5380,45.7328,0.1234,23.8853,0.1253
2043-12-07,17.6358,1.0704,44.1517,4.8853,631.6270,13.7271,69.1875,0.7798,26.0395,0.8380
2043-12-08,15.9199,0.0000,41.8723,2.4722,634.1966,14.8514,80.8929,1.4187,28.0601,2.6487
2043-12-09,15.1632,0.0001,50.2390,3.2185,636.6300,15.7711,84.3773,2.2767,29.7026,4.7906
2043-12-10,12.4848,0.0014,60.5836,4.3490,638.5812,16.3796,84.4248,2.4256,30.7850,5.2360
2043-12-11,11.9745,0.3624,67.0430,4.1548,640.4406,16.8692,84.4723,2.4175,31.6540,5.3174
2043-12-12,12.9298,10.0290,87.1205,5.0989,578.9416,8.4799,32.5574,0.0087,16.3607,0.0070
2043-12-13,13.4452,1.5943,65.2594,4.3426,581.0657,8.3787,49.2538,0.1861,16.1743,0.1480
2043-12-14,11.7392,0.4351,64.4197,6.8293,582.8828,8.8978,66.1508,0.7774,17.1415,0.6402
2043-12-15,9.2394,0.0119,55.2889,5.8463,584.2499,9.4232,75.9182,1.0857,18.1159,0.9252
2043-12-16,8.3086,0.0003,52.0033,4.2638,585.4494,9.9363,80.7691,1.5314,19.0638,2.0628
2043-12-17,9.3658,0.0002,56.0375,3.9699,586.8393,10.4592,82.8314,1.9304,20.0261,2.9732
2043-12-18,8.9228,0.0927,78.6340,3.8417,588.1494,10.7026,82.2825,1.7907,20.4737,2.7488
2043-12-19,9.6050,0.0465,69.4065,3.6189,589.5823,11.0747,82.3623,1.7882,21.1560,2.8193
2043-12-20,11.2818,0.0379,72.5074,4.1925,591.3170,11.4616,82.4091,1.8514,21.8637,3.0259
2043-12-21,12.0598,8.7571,85.9404,5.0442,544.4971,5.8663,34.1182,0.0127,11.4249,0.0083
2043-12-22,12.5536,14.5384,83.6634,8.4121,471.1135,2.5843,23.6865,0.0008,5.0986,0.0003
2043-12-23,9.3961,5.1949,65.4066,3.9070,453.5236,1.2470,31.4201,0.0061,2.4769,0.0020
2043-12-24,10.2340,5.1345,86.6436,6.5322,437.1761,0.1936,25.2097,0.0011,0.3867,0.0003
2043-12-25,9.3282,0.0493,79.3430,5.0298,438.5591,0.4384,40.9450,0.0534,0.8745,0.0137
2043-12-26,10.1023,0.0028,56.4858,3.4964,440.0816,0.9923,60.2761,0.4967,1.9735,0.1532
2043-12-27,10.3467,0.0857,58.1984,2.6842,441.6480,1.5361,71.5598,0.7544,3.0456,0.2672
2043-12-28,13.2006,0.8267,75.3019,2.8644,443.7281,1.9374,72.1872,0.7789,3.8330,0.3004
2043-12-29,13.5231,5.2549,75.2043,5.0140,427.8254,0.8465,45.9624,0.1225,1.6847,0.0362
2043-12-30,12.1144,19.3248,94.5090,5.2305,352.8636,0.0825,12.3859,0.0000,0.1648,0.0000
2043-12-31,11.3552,1.2433,70.6191,6.1763,354.6115,0.4983,34.8596,0.0161,0.9931,0.0042
2044-01-01,10.3023,0.0021,49.7998,3.7473,356.1699,1.2030,58.2534,0.4395,2.3858,0.1435
2044-01-02,13.6249,5.8934,83.6226,4.8509,341.3255,0.2969,35.3915,0.0170,0.5925,0.0041
2044-01-03,12.1046,12.1843,82.9609,4.6831,304.3010,0.2770,22.3296,0.0004,0.5527,0.0001
2044-01-04,7.8311,7.1701,83.5981,4.5289,286.1664,0.1803,19.4667,0.0001,0.3601,0.0000
2044-01-05,6.9297,0.3650,72.7990,4.7408,287.1178,0.4492,37.3505,0.0259,0.8950,0.0067
2044-01-06,6.0213,0.0104,52.1525,4.7863,287.9056,0.8687,57.1336,0.4256,1.7244,0.1265
2044-01-07,5.2401,0.9297,74.0564,4.1590,288.5528,1.0712,60.9384,0.5342,2.1227,0.1683
2044-01-08,5.6188,0.0266,64.7339,4.2840,289.2682,1.3629,69.7777,0.7708,2.6941,0.2617
2044-01-09,8.7821,19.0877,79.8387,7.9232,235.4127,0.2453,29.2413,0.0042,0.4893,0.0010
2044-01-10,9.6868,23.4160,89.1505,4.9597,177.1365,0.1441,12.7459,0.0000,0.2876,0.0000
2044-01-11,9.0560,0.1566,81.1085,4.1295,178.4706,0.3803,28.0264,0.0024,0.7565,0.0006
2044-01-12,9.3836,0.0742,76.2666,4.6732,179.8636,0.6866,44.5318,0.0967,1.3602,0.0271
2044-01-13,8.4296,0.2144,79.8156,6.0762,181.0850,0.9234,56.2433,0.4225,1.8235,0.1275
2044-01-14,9.1555,0.0103,74.9097,4.7698,182.4370,1.2402,65.8525,0.6931,2.4389,0.2279
2044-01-15,11.7606,0.0102,56.6114,3.8644,184.2579,1.9271,75.8627,0.9791,3.7560,0.3746
2044-01-16,18.5985,0.0414,62.3903,4.0625,187.3096,2.8392,81.4668,1.6416,5.4711,0.7347
2044-01-17,18.0311,0.3833,70.6354,6.5110,190.2592,3.5308,82.6837,2.1535,6.7485,1.2948
2044-01-18,13.1728,0.0000,31.2869,4.2392,192.3343,4.7382,87.3298,3.6200,8.9266,3.6045
2044-01-19,17.8385,0.0731,54.8119,5.6198,195.2493,5.7917,87.3783,3.9077,10.7838,4.3895
2044-01-20,12.4373,0.0109,33.8835,7.7200,197.1920,6.8936,88.5676,5.1507,12.6791,6.3367
2044-01-21,7.9197,0.0002,32.9570,5.3217,198.3215,7.6381,88.6164,4.5965,13.9345,5.9905
2044-01-22,11.4566,0.0000,38.4031,3.9818,200.0877,8.5903,88.6653,4.3267,15.5153,6.0093
2044-01-23,14.1403,0.0172,60.9387,4.5919,202.3370,9.3232,86.9785,3.5050,16.7203,5.1074
2044-01-24,15.2272,0.2207,72.3340,5.1285,204.7819,9.8793,85.0358,2.7421,17.6320,4.0844
2044-01-25,15.5692,1.0193,77.9769,4.1474,207.2883,10.3312,77.0849,1.0799,18.3731,0.9283
2044-01-26,11.2722,0.5026,53.4693,6.4888,209.0213,11.0399,81.9418,1.9629,19.5044,2.9737
2044-01-27,8.4063,0.0002,40.9185,5.6253,210.2385,11.7314,84.9838,2.7916,20.5904,4.6179
2044-01-28,9.7188,0.0000,43.1150,4.2226,211.6918,12.4890,86.1382,3.0546,21.7676,5.2497
2044-01-29,12.1902,0.0002,40.9191,2.8735,213.5901,13.4557,87.1164,3.2779,23.2497,5.8661
2044-01-30,10.7977,0.0212,59.1135,4.0892,215.2377,14.0546,86.3845,3.1413,24.1644,5.7672
2044-01-31,12.2164,1.4527,79.7653,4.2113,217.1406,14.3863,71.5819,0.8154,24.6841,0.8461
2044-02-01,12.2326,2.9078,62.5809,6.6372,215.1916,11.3514,60.2497,0.5809,20.0577,0.5275
2044-02-02,5.8188,0.6706,51.9491,8.2952,215.9430,11.8237,71.1928,0.9883,20.8002,0.9184
2044-02-03,7.2662,0.0307,46.6202,10.4657,216.9549,12.4581,79.7344,1.8750,21.7883,3.0655
2044-02-04,10.3049,0.0000,38.2715,5.1425,218.5138,13.4581,84.7189,2.6275,23.3248,4.7116
2044-02-05,12.8328,0.0000,32.9355,3.2688,220.5277,14.7854,87.6923,3.6305,25.3259,6.8091
2044-02-06,16.2398,0.0006,30.5498,2.8669,223.1549,16.4961,89.5673,4.6557,27.8460,8.9826
2044-02-07,17.4748,0.0000,37.0055,3.1465,226.0043,18.1582,89.6165,4.7552,30.2420,9.5861
2044-02-08,14.7292,0.7987,58.9442,4.4114,228.3596,19.0814,83.8597,2.2558,31.5682,4.9498
2044-02-09,14.8215,0.6591,71.8163,5.6647,230.7315,19.7188,81.5461,1.7963,32.4949,3.9686
2044-02-10,14.0079,0.0015,51.0274,5.3597,232.9569,20.7698,84.4988,2.5781,33.9682,5.9352
2044-02-11,14.0063,0.0520,52.6850,3.5723,235.1820,21.7851,85.3929,2.6636,35.3775,6.2876
2044-02-12,14.6617,0.9409,76.5720,3.0682,237.5251,22.3096,78.1305,1.1118,36.1344,2.3971
2044-02-13,18.3718,0.6608,56.8887,5.5008,240.5360,23.5021,82.0361,1.8891,37.7765,4.6792
2044-02-14,14.0343,3.7856,64.5615,6.6135,236.0984,17.2793,59.5195,0.5539,29.2135,0.6425
2044-02-15,13.5768,0.0000,31.3337,4.3694,238.2462,18.7109,78.3730,1.2123,31.2802,2.3569
2044-02-16,14.6852,1.4530,56.2737,4.9380,240.5936,19.6914,74.5723,0.9602,32.6933,1.6980
2044-02-17,18.2783,2.4956,70.2012,7.2970,243.5877,16.7889,65.2416,0.7691,28.6425,0.8804
2044-02-18,20.8515,0.2083,67.9618,6.5056,247.0449,17.7879,77.2134,1.2279,30.1489,2.3164
2044-02-19,21.9056,0.0002,68.9707,4.5138,250.6919,18.8020,81.7034,1.7269,31.6664,3.7234
2044-02-20,23.4687,0.0019,53.2650,3.4728,254.6203,20.4330,85.7875,2.8000,34.0374,6.4285
2044-02-21,22.6368,0.0896,54.6514,3.5983,258.3989,21.9621,86.6747,3.1930,36.2266,7.5429
2044-02-22,19.6750,0.0404,65.1230,3.7877,261.6444,22.9913,86.4017,3.1014,37.7006,7.5322
2044-02-23,23.2597,0.0009,51.1824,3.8687,265.5352,24.6806,87.3832,3.5802,40.0539,8.8676
2044-02-24,22.7235,0.0381,48.4494,2.5980,269.3294,26.4251,87.9186,3.6254,42.4402,9.2793
2044-02-25,23.6130,0.0000,42.2648,2.9804,273.2838,28.4519,89.0232,4.3306,45.1518,11.1579
2044-02-26,23.7313,0.0000,46.0914,4.3355,277.2594,30.3534,89.0723,4.6694,47.6621,12.2295
2044-02-27,18.9704,0.0043,59.6322,5.3061,280.3781,31.5043,87.6525,4.0002,49.1905,10.9891
2044-02-28,20.7712,0.1048,56.1260,3.8932,283.8209,32.8674,87.7011,3.7512,50.9766,10.6443
2044-03-01,22.2627,0.0004,44.6439,3.6247,287.5322,35.0719,88.4604,4.1263,53.7525,11.8641
2044-03-02,25.0961,0.0000,39.6106,3.6703,291.7535,37.7685,89.7721,4.9924,57.0679,14.2640
2044-03-03,23.5898,0.0009,44.1096,5.7409,295.7036,40.1207,89.8213,5.5808,59.9176,15.9566
2044-03-04,20.6157,0.3158,59.8982,6.0451,299.1185,41.6051,87.9413,4.3272,61.7410,13.3395
2044-03-05,19.7152,1.8448,47.4124,5.1319,302.3712,40.2677,78.7957,1.3086,60.4197,4.5153
2044-03-06,15.0974,6.8817,67.6631,6.9282,286.5926,24.1245,50.2267,0.2391,39.8607,0.3429
2044-03-07,10.8408,0.1663,44.4876,8.2713,288.2480,25.2544,71.2363,0.9886,41.4335,2.3210
2044-03-08,9.0749,1.5348,43.5690,5.5076,289.5854,25.4332,71.3317,0.8629,41.7086,1.8921
2044-03-09,9.8235,0.0205,41.4328,6.5907,291.0577,26.5237,80.8017,1.7282,43.2045,4.7017
2044-03-10,18.0930,0.0006,36.7699,5.0822,294.0184,28.5924,87.0246,3.6162,46.0011,9.7151
2044-03-11,22.7001,0.0050,45.4122,4.5145,297.8084,30.8070,88.2585,4.1923,48.9538,11.3856
2044-03-12,23.1757,0.0000,45.2971,4.3944,301.6840,33.0706,88.6401,4.4015,51.9142,12.2471
2044-03-13,19.4874,0.0030,51.8836,5.2558,304.8958,34.7592,88.5703,4.5510,54.0995,12.8753
2044-03-14,24.4782,0.0012,40.4632,5.6739,309.0059,37.3550,89.6026,5.3902,57.3713,15.1743
2044-03-15,27.3721,0.0012,31.4780,5.2699,313.6368,40.6806,91.7142,7.1393,61.4388,19.4164
2044-03-16,24.9161,0.0066,35.8432,6.1806,317.8257,43.5258,91.7642,7.5276,64.8491,20.7581
2044-03-17,24.4871,0.0046,38.8313,5.2359,321.9374,46.1937,91.7079,7.1206,67.9961,20.4469
2044-03-18,20.9348,1.2521,55.4737,4.9508,325.4097,47.8662,82.5144,1.9489,69.9932,7.3788
2044-03-19,23.9711,0.5936,42.5847,3.9670,329.4285,50.3199,87.2349,3.5227,72.8285,12.4738
2044-03-20,26.0853,0.0000,36.9820,3.8388,333.8278,53.2401,90.1049,5.2810,76.1275,17.4577
2044-03-21,27.0070,0.0000,36.2752,3.7687,338.3931,56.2933,90.9052,5.8999,79.5166,19.3952
2044-03-22,28.8898,0.0000,34.7302,3.3924,343.2973,59.6299,91.5740,6.3669,83.1517,20.9838
2044-03-23,29.9821,0.0002,30.2548,5.6544,348.3980,63.3252,92.6394,8.2945,87.0807,25.9060
2044-03-24,21.2849,0.0002,35.6807,11.8142,351.9333,65.7794,91.9638,10.2853,89.6622,30.4534
2044-03-25,17.5780,0.0003,37.0363,10.0229,354.8014,67.7841,91.2018,8.4345,91.7477,26.9102
2044-03-26,16.2522,0.0014,33.0213,8.9172,357.4308,69.7652,91.2515,8.0341,93.7728,26.3083
2044-03-27,18.4985,0.0004,25.4641,7.8332,360.4645,72.2553,91.7409,8.1544,96.2681,26.9266
2044-03-28,20.1288,0.0000,25.3872,7.4845,363.7917,74.9553,92.0787,8.4046,98.9445,27.8593
2044-03-29,20.4218,0.0000,28.1945,6.1476,367.1716,77.5895,92.1287,7.9128,101.5376,27.0634
2044-03-30,23.8439,0.0000,12.9651,5.3369,371.1675,81.2902,95.1993,11.6416,105.0580,35.6397
2044-03-31,25.6528,0.0000,10.1070,4.8435,375.4890,85.3896,96.6071,13.7421,108.8790,40.3313
2044-04-01,22.5156,0.0000,22.8059,4.3515,380.4958,89.8091,95.4120,11.4040,112.9618,36.2764
2044-04-02,21.4725,1.2110,40.4668,4.7248,385.3149,93.0669,86.2596,3.1868,116.0553,14.9260
2044-04-03,21.1922,0.0007,35.6309,6.2763,390.0835,96.5456,89.3396,5.3506,119.2842,22.1457
2044-04-04,16.8125,0.0770,45.2108,6.0312,394.0637,98.9249,89.2791,5.2393,121.5596,21.9914
2044-04-05,16.8648,0.0014,25.9082,7.9301,398.0534,102.1518,90.9710,7.3450,124.4561,28.0998
2044-04-06,20.0721,0.0001,28.1536,5.1418,402.6204,105.8395,91.4223,6.8055,127.7336,26.9350
2044-04-07,23.6671,0.0000,29.7431,4.5435,407.8344,110.0580,91.7444,6.9122,131.4401,27.5141
2044-04-08,24.6162,0.0066,30.8113,3.8538,413.2193,114.3715,91.7944,6.7235,135.1946,27.2673
2044-04-09,19.7001,1.9904,43.1996,4.8877,417.7194,99.4911,79.5671,1.3920,124.7191,7.8246
2044-04-10,21.5724,0.0022,36.9472,4.9359,422.5564,102.9568,87.4925,3.8375,127.9657,17.9193
2044-04-11,23.8209,0.0073,31.7651,4.8547,427.7982,107.0793,90.6587,6.0164,131.7284,25.0175
2044-04-12,24.5160,0.1378,30.4583,4.9240,433.1650,111.3979,91.6053,6.9084,135.6088,27.8084
2044-04-13,20.9688,6.4799,51.5546,7.2631,414.6957,65.2177,65.2573,0.7682,93.6251,3.5780
2044-04-14,20.6019,0.0039,33.0855,5.9125,419.3580,68.7382,84.1031,2.5133,97.5160,11.2933
2044-04-15,23.9763,0.0018,29.8278,5.0340,424.6277,73.0042,90.3583,5.8159,102.1171,21.8766
2044-04-16,25.2327,0.0411,29.2995,3.7687,430.1236,77.5176,91.8425,6.7405,106.8800,24.8101
2044-04-17,26.3976,0.0000,27.4580,3.6765,435.8292,82.3535,92.6072,7.4738,111.8633,27.2041
2044-04-18,26.6435,0.0000,25.0102,5.0828,441.5790,87.3972,93.2230,8.7460,116.9350,30.8503
2044-04-19,25.4088,0.0059,32.4726,4.5632,447.1066,91.7369,93.1001,8.3748,121.2691,30.4065
2044-04-20,25.2638,0.2737,35.1632,4.3329,452.6081,95.8809,92.6817,7.8065,125.3671,29.3726
2044-04-21,26.5640,0.0010,27.6436,4.3342,458.3436,100.7336,92.7390,7.8700,130.0255,29.9387
2044-04-22,27.1982,0.0056,23.0025,5.1558,464.1933,106.0159,93.7098,9.3945,134.9689,34.1470
2044-04-23,23.5216,1.7015,45.6887,6.4100,469.3812,100.1015,83.2440,2.3015,130.5822,12.2024
2044-04-24,22.4053,1.9834,45.4534,5.0499,474.3681,89.7561,78.8387,1.3084,121.8660,7.3136
2044-04-25,21.3511,3.3367,52.3986,4.6103,469.6171,68.0688,68.9131,0.7624,99.9275,3.7398
2044-04-26,25.0779,0.1338,32.5340,4.5809,475.0852,72.3505,86.8057,3.4180,104.8008,14.9705
2044-04-27,26.7317,0.0320,30.1792,4.5587,480.8509,77.0615,91.3520,6.5428,110.0366,24.6271
2044-04-28,24.8002,0.0068,29.0978,7.7512,486.2689,81.5134,92.0220,8.4504,114.8824,29.9210
2044-04-29,26.2605,0.0006,25.3991,6.6566,491.9498,86.4618,93.0163,9.1980,120.1373,32.2618
2044-04-30,26.7295,0.0000,26.4397,5.5035,497.7151,91.4247,93.0667,8.7401,125.3061,31.6916
2044-05-01,29.3102,0.0000,23.9372,3.1683,505.3949,97.5143,93.8830,8.7062,131.5657,32.1771
2044-05-02,31.1496,0.0004,20.3866,4.0585,513.4059,104.2736,94.9772,10.5886,138.3165,37.2413
2044-05-03,28.7101,0.1691,31.5697,7.9205,520.9777,109.6440,94.0559,11.3300,143.6875,39.3756
2044-05-04,21.8518,0.3604,55.3985,9.7531,527.3150,112.3390,89.4711,6.4965,146.5994,27.3395
2044-05-05,17.1946,0.1540,56.6728,9.8661,532.8140,114.4258,87.8932,5.2099,148.9053,23.5619
2044-05-06,21.9731,0.0010,23.0516,11.0480,539.1732,119.1000,92.1670,10.1841,153.4562,37.4132
2044-05-07,22.2575,0.0046,21.1507,6.4343,545.5835,123.9486,93.2453,9.3915,158.1014,35.7469
2044-05-08,26.1779,0.0017,21.9245,6.0863,552.6996,129.5555,93.8439,10.0306,163.3726,37.6124
2044-05-09,24.8290,0.2229,31.2756,5.8909,559.5728,134.2467,93.3789,9.3099,167.8322,36.0322
2044-05-10,25.4870,0.0002,21.5557,5.1972,566.5644,139.7374,93.8316,9.5748,172.8782,36.9242
2044-05-11,28.6153,0.0000,22.6795,6.8978,574.1192,145.7862,94.1352,10.8798,178.3508,40.3570
2044-05-12,27.4572,0.0007,32.2984,11.3085,581.4655,150.8761,93.5736,12.5686,183.0255,44.4655
2044-05-13,24.5165,9.7999,50.2905,9.8671,534.2837,71.5618,68.2141,0.9717,107.2207,5.1000
2044-05-14,20.9008,0.0556,29.8947,20.0780,540.4498,75.6223,87.5460,8.2934,112.0486,29.2288
2044-05-15,23.6092,0.0003,19.7061,8.8097,547.1035,80.8455,93.0460,10.2947,118.0722,34.5306
2044-05-16,26.2303,0.0000,17.9133,6.2302,554.2289,86.7517,94.6417,11.2813,124.7045,37.4533
2044-05-17,29.0704,0.0000,18.7572,4.8772,561.8656,93.2047,95.0861,11.2003,131.7650,38.0175
2044-05-18,30.4176,0.2138,25.3185,3.9800,569.7448,99.4014,95.1372,10.7802,138.4260,37.6896
2044-05-19,30.3795,1.3177,38.4376,3.7215,577.6171,104.5034,88.5910,4.2249,143.9139,20.0729
2044-05-20,29.7829,0.2465,40.9979,4.5608,585.3820,109.3005,90.3397,5.6638,149.0335,24.9876
2044-05-21,30.6301,0.2097,36.0899,5.0477,593.2994,114.6392,91.5519,6.8991,154.5984,28.9186
2044-05-22,31.9922,0.0000,29.4876,5.4824,601.4620,120.7823,93.1089,8.7826,160.8247,34.3416
2044-05-23,32.1870,0.0000,29.2039,6.0498,609.6597,126.9864,93.3517,9.3492,167.0075,36.0940
2044-05-24,30.1515,0.4117,34.1735,7.9232,617.4910,132.4022,93.4022,10.3474,172.3932,38.8193
2044-05-25,27.6692,0.0014,22.7811,6.0908,624.8754,138.2508,93.9191,10.1381,178.0305,38.5394
2044-05-26,29.0270,0.0000,20.4296,4.5160,632.5043,144.5618,94.6493,10.3585,183.9927,39.3027
2044-05-27,29.0728,0.0000,23.4023,5.5595,640.1414,150.6463,94.7002,10.9945,189.6912,41.0397
2044-05-28,30.1298,0.0000,19.9565,5.7783,647.9688,157.2273,95.0045,11.5904,195.7248,42.6419
2044-05-29,31.8119,0.0001,22.0087,4.3873,656.0989,163.9850,95.0555,10.8815,201.8465,41.1072
2044-05-30,33.3943,0.0021,20.0087,4.0356,664.5139,171.2491,95.5180,11.3872,208.2987,42.4762
2044-05-31,33.5525,0.0099,20.8077,4.6008,672.9573,178.4737,95.5692,11.7980,214.6380,43.5826
2044-06-01,33.5431,0.0063,22.8649,4.0175,682.3991,185.5087,95.6204,11.5364,220.8937,43.0739
2044-06-02,35.6220,0.0008,17.8578,3.8191,692.2151,193.4499,96.3479,12.6036,227.7673,45.6837
2044-06-03,35.7804,0.0129,19.7653,5.2542,702.0595,201.2402,96.3994,13.6430,234.4628,48.1283
2044-06-04,36.0165,0.0007,16.2931,4.8709,711.9465,209.4196,96.7873,14.0980,241.3535,49.2193
2044-06-05,36.3893,0.0046,11.4149,5.2022,721.9006,218.1627,97.8774,16.5739,248.5455,54.5282
2044-06-06,36.1624,0.0045,13.7586,5.0110,731.8138,226.6229,97.9294,16.5281,255.4674,54.5049
2044-06-07,36.3389,0.0313,22.3191,5.3406,741.7588,234.2794,97.1781,15.2098,261.8221,51.8150
2044-06-08,35.7240,0.0000,21.9925,5.6337,751.5931,241.8419,96.9736,15.0204,268.0533,51.4563
2044-06-09,35.5153,0.0129,21.6986,7.1718,761.3899,249.3898,96.9401,16.1583,274.2259,53.8872
2044-06-10,31.6637,0.2142,27.0808,8.6847,770.4933,255.6794,95.5536,14.4629,279.4927,50.3204
2044-06-11,31.0167,0.0041,16.5511,6.1824,779.4803,262.7353,95.9324,13.4225,285.1693,48.0418
2044-06-12,34.2055,0.0000,16.8819,4.8187,789.0413,270.4609,96.3612,13.2784,291.2991,47.7403
2044-06-13,36.2562,0.0000,21.7159,4.6943,798.9715,278.1598,96.4126,13.2872,297.4385,47.7814
2044-06-14,36.0970,0.0001,24.2298,4.4539,808.8729,285.5797,96.4641,13.2184,303.3811,47.6431
2044-06-15,35.2305,0.0769,26.7412,5.7773,818.6184,292.5866,95.9944,13.2622,309.0370,47.7572
2044-06-16,34.6956,0.0000,23.3596,5.5822,828.2676,299.8090,96.0458,13.2240,314.7720,47.6836
2044-06-17,36.0820,0.0031,22.3612,4.6208,838.1664,307.4089,96.0971,12.6864,320.7340,46.4614
2044-06-18,37.3323,0.0000,20.5288,5.1617,848.2902,315.4498,96.1485,13.1277,326.9480,47.4872
2044-06-19,35.8879,0.0238,22.3591,13.0854,858.1540,323.0102,96.1999,19.7063,332.8281,61.0994
2044-06-20,30.1741,0.0000,14.9948,15.1579,866.9893,330.0090,96.2513,22.0279,338.1942,65.3808
2044-06-21,30.6664,0.0028,10.5499,5.4458,875.9133,337.4897,97.2687,15.4765,343.8070,52.6694
2044-06-22,29.3839,0.0322,21.6153,5.2650,884.6064,343.7804,96.3660,13.5893,348.7389,48.5605
2044-06-23,31.5866,0.0030,12.4462,8.1673,893.6960,351.3146,96.9827,17.0865,354.3697,56.0103
2044-06-24,32.3970,0.0000,8.4996,7.0668,902.9314,359.3837,98.0197,18.5520,360.2759,58.9215
2044-06-25,33.5935,0.0001,8.5390,6.6891,912.3823,367.7374,98.2186,18.6857,367.6905,59.1873
2044-06-26,34.5794,0.0002,8.9711,5.6334,922.0106,376.2879,98.2706,17.8395,376.1593,57.5345
2044-06-27,34.7969,0.0000,9.8495,4.6446,931.6780,384.8075,98.3227,17.0890,384.5949,56.0370
2044-06-28,35.7594,0.0140,11.8356,3.9521,941.5187,393.3629,98.3748,16.6164,393.0639,55.0788
2044-06-29,38.7159,0.0000,10.3607,4.0837,951.8916,402.7590,98.4733,16.9444,402.3584,55.7513
2044-06-30,42.4467,0.0000,10.2014,3.9738,962.9360,413.0539,98.9846,18.0164,412.5352,57.8997
2044-07-01,39.6092,0.0000,18.5343,4.3942,973.7696,420.8426,98.4326,17.1200,420.2510,56.1116
2044-07-02,39.9652,0.0000,19.0233,4.6945,984.6674,428.6524,98.2638,16.9996,427.9860,55.8696
2044-07-03,40.3317,0.0000,23.4104,4.6748,995.6311,436.1049,97.5795,15.5149,435.3701,52.7965
2044-07-04,41.1648,0.0000,23.5416,4.2302,1006.7447,443.6943,97.5492,15.1101,442.8877,51.9359
2044-07-05,39.7762,0.0000,25.2042,4.1631,1017.6085,450.8747,97.0817,14.1504,450.0017,49.8501
2044-07-06,40.4212,0.0000,23.0271,3.5997,1028.5883,458.3807,97.1334,13.8496,457.4336,49.1834
2044-07-07,40.7176,0.0000,21.8958,3.9122,1039.6214,466.0514,97.1851,14.1668,465.0254,49.8875
2044-07-08,40.9095,0.0000,18.3621,3.9733,1050.6892,474.1059,97.2368,14.3088,472.9907,50.2007
2044-07-09,41.8849,0.0000,18.0059,3.7956,1061.9324,482.3834,97.3833,14.4606,481.1734,50.5337
2044-07-10,41.8235,0.0000,16.4710,4.7343,1073.1647,490.8039,97.6849,15.7803,489.4932,53.3604
2044-07-11,41.3656,0.0000,18.9923,4.1116,1084.3145,498.8830,97.7368,15.3984,497.4772,52.5544
2044-07-12,42.8173,0.0000,16.3889,4.4214,1095.7256,507.5069,97.8666,15.9115,505.9928,53.6360
2044-07-13,44.0496,0.0000,16.6907,4.9329,1107.3585,516.3407,98.0042,16.6267,514.7127,55.1164
2044-07-14,40.3161,0.0000,24.2781,9.7904,1118.3194,523.7061,97.3422,19.4535,521.9934,60.6952
2044-07-15,36.6966,0.0000,30.9928,5.8798,1128.6288,529.8317,95.6214,12.6731,528.0592,46.5096
2044-07-16,38.0846,0.0000,25.0420,4.8909,1139.1881,536.7299,95.6726,12.1413,534.8788,45.2626
2044-07-17,38.9760,0.0000,21.0782,4.5272,1149.9077,544.1580,96.2283,12.8524,542.2147,46.9250
2044-07-18,39.6321,0.0000,23.7835,4.4571,1160.7455,551.4490,96.2797,12.8962,549.4167,47.0261
2044-07-19,40.2811,0.0000,20.1252,6.2071,1171.7001,559.2118,96.6640,14.8324,557.0773,51.3435
2044-07-20,40.1311,0.0000,16.7695,8.1896,1182.6277,567.2713,97.3407,17.9425,565.0245,57.7650
2044-07-21,40.2816,0.0000,17.5127,5.8253,1193.5824,575.2880,97.3925,16.0374,572.9284,53.8997
2044-07-22,41.4864,0.0000,18.6856,4.2923,1204.7540,583.4208,97.4443,14.9478,580.9455,51.5925
2044-07-23,41.9526,0.0000,19.9865,3.9090,1216.0094,591.5111,97.4961,14.7632,588.9203,51.1939
2044-07-24,42.2341,0.0000,23.2148,4.1133,1227.3156,599.3257,97.5479,15.0189,596.6265,51.7455
2044-07-25,40.9929,0.0000,25.9860,4.3183,1238.3983,606.6426,97.1195,14.3338,603.8459,50.2580
2044-07-26,42.0961,0.0000,21.9273,3.4321,1249.6796,614.5629,97.1713,13.8027,611.6513,49.0823
2044-07-27,42.6923,0.0000,18.0193,5.3890,1261.0682,622.9946,97.5083,15.9319,619.9518,53.6797
2044-07-28,42.4139,0.0000,18.5706,5.4098,1272.4067,631.3162,97.5601,16.0587,628.1431,53.9444
2044-07-29,42.9346,0.0000,18.7303,3.7044,1283.8389,639.7210,97.6119,14.8381,636.4140,51.3561
2044-07-30,43.4164,0.0000,19.8755,4.0960,1295.3579,648.0979,97.6638,15.2383,644.6571,52.2152
2044-07-31,43.9656,0.0000,20.0571,3.0042,1306.9757,656.5590,97.7157,14.5221,652.9808,50.6702
2044-08-01,41.8961,0.0000,20.9192,5.4318,1317.5210,663.5785,97.7676,16.5250,659.8958,54.9087
2044-08-02,41.4887,0.0000,22.3275,5.8866,1327.9929,670.4077,97.8195,17.0246,666.6247,55.9281
2044-08-03,41.8111,0.0000,14.5989,5.4690,1338.5229,677.9732,98.0650,17.2195,674.0649,56.3220
2044-08-04,41.5673,0.0000,15.0468,4.5489,1349.0090,685.4563,98.1170,16.5524,681.4234,54.9651
2044-08-05,39.2369,0.0000,21.5969,4.9314,1359.0757,691.9853,97.7006,15.9710,687.8539,53.7615
2044-08-06,35.0503,0.0000,28.7982,7.2850,1368.3887,697.2991,95.8289,13.9917,693.1011,49.5032
2044-08-07,35.1279,0.0000,26.4137,5.9489,1377.7157,702.8027,95.8802,13.1719,698.5311,47.6587
2044-08-08,33.8018,0.1145,27.5001,5.8575,1386.8041,708.0266,95.5613,12.5559,703.6876,46.2375
2044-08-09,33.9939,0.0454,27.1615,5.3615,1395.9270,713.3037,95.5721,12.2638,708.8956,45.5527
2044-08-10,35.8418,0.0000,26.8609,4.8764,1405.3825,718.8817,95.6233,12.0513,714.3975,45.0497
2044-08-11,37.2498,0.0000,22.9073,3.8352,1415.0915,724.9852,95.6745,11.5151,720.4090,43.7625
2044-08-12,38.9609,0.0000,24.0780,2.9600,1425.1084,731.2643,95.7257,11.0953,726.5930,42.7354
2044-08-13,40.1885,0.0000,21.5039,3.5690,1435.3464,737.9552,96.3405,12.4334,733.1761,45.9512
2044-08-14,39.1122,0.0000,26.0544,3.8132,1445.3906,744.0939,96.3920,12.6749,739.2236,46.5145
2044-08-15,37.4839,0.0000,33.2084,4.1174,1455.1417,749.4142,95.2322,10.9970,744.4782,42.4924
2044-08-16,38.9817,0.0000,31.2360,3.8738,1465.1624,755.1042,95.2833,10.9389,750.0921,42.3483
2044-08-17,36.0584,0.0000,30.4973,7.7620,1474.6569,760.4359,95.2793,13.2993,755.3535,47.9487
2044-08-18,33.6855,0.0000,28.6391,7.2501,1483.7243,765.5605,95.2369,12.8858,760.4093,47.0026
2044-08-19,33.6226,0.0000,24.2090,7.5091,1492.7804,770.9935,95.2880,13.1465,765.7614,47.6006
2044-08-20,32.9396,0.0000,27.5531,6.9178,1501.7135,776.0846,95.3070,12.7938,770.7824,46.7900
2044-08-21,33.3675,0.0000,28.4214,6.2901,1510.7236,781.1779,95.2344,12.2731,775.8061,45.5746
2044-08-22,34.1349,0.0000,27.5401,5.6601,1519.8719,786.4487,95.2855,11.9728,781.0021,44.8629
2044-08-23,34.9812,0.0000,24.3686,4.8531,1529.1725,792.0824,95.3366,11.5762,786.5488,43.9103
2044-08-24,36.1675,0.0000,21.0134,4.6353,1538.6867,798.1594,95.7703,12.1459,792.5241,45.2741
2044-08-25,36.9479,0.0000,24.0320,3.9552,1548.3413,804.1265,95.8215,11.8186,798.3950,44.4943
2044-08-26,37.2321,0.0000,28.8212,4.9463,1558.0471,809.7593,95.8163,12.4151,803.9447,45.9083
2044-08-27,34.6058,0.0000,34.3729,7.0228,1567.2801,814.5969,94.5124,11.5338,808.7233,43.8076
2044-08-28,27.9885,0.0003,21.4424,12.0926,1575.3220,819.3144,94.5632,14.9955,813.3694,51.6953
2044-08-29,27.4509,0.0000,23.6343,10.8276,1583.2672,823.8156,94.6141,14.1683,817.8059,49.8940
2044-08-30,29.4493,0.0000,27.1460,6.8723,1591.5721,828.4103,94.6650,11.6896,822.3372,44.1843
2044-08-31,31.2302,0.0000,27.6230,6.1425,1600.1975,833.2411,94.7159,11.3467,827.0994,43.3524
2044-09-01,33.5170,0.0000,22.2847,5.6224,1607.9346,838.0307,95.0504,11.5721,831.8090,43.9005
2044-09-02,34.4215,0.0000,18.7513,4.6189,1615.8345,843.1690,95.9379,12.4148,836.8551,45.9076
2044-09-03,34.5039,0.0000,21.5562,4.0702,1623.7492,848.1413,95.9892,12.1604,841.7417,45.3086
2044-09-04,34.7626,0.0000,25.4812,4.8974,1631.7104,852.8992,96.0315,12.7508,846.4228,46.6906
2044-09-05,34.3835,0.0000,33.7315,4.3942,1639.6034,857.0857,94.6769,10.3343,850.5544,40.8277
2044-09-06,32.4243,0.0003,32.5551,6.2684,1647.1438,861.1111,94.3275,10.8240,854.5262,42.0622
2044-09-07,28.4503,0.1207,45.2762,7.0219,1653.9689,863.9901,91.7510,7.8390,857.3879,34.0809
2044-09-08,27.9350,0.5302,45.0539,5.1475,1660.7012,866.8305,90.9832,6.3951,860.2112,29.7371
2044-09-09,29.2590,0.0050,39.7804,4.2460,1667.6718,870.0853,91.0329,6.1545,863.4354,28.9733
2044-09-10,31.5566,0.0000,34.5578,4.0644,1675.0560,873.8902,92.0448,7.0403,867.1930,31.7259
2044-09-11,32.4161,0.0001,36.8568,3.1738,1682.5949,877.6580,92.0948,6.7791,870.9173,30.9307
2044-09-12,32.3567,0.0001,32.7233,4.5414,1690.1231,881.6653,92.6250,7.8262,874.8708,34.0441
2044-09-13,33.3208,0.0001,33.1556,4.4793,1697.8248,885.7616,92.7547,7.9453,878.9121,34.3862
2044-09-14,32.0459,0.0184,48.2163,5.1113,1705.2971,888.8175,91.5112,6.8814,881.9527,31.2436
2044-09-15,32.1701,0.0112,42.7156,5.1356,1712.7917,892.2106,91.5611,6.9388,885.3168,31.4182
2044-09-16,30.4455,0.0002,41.8094,5.0807,1719.9759,895.4787,91.6109,6.9687,888.5565,31.5091
2044-09-17,30.5636,0.0000,35.4432,6.1708,1727.1813,899.1179,91.8161,7.5794,892.1519,33.3276
2044-09-18,30.5745,0.0000,27.4118,6.9506,1734.3888,903.2113,93.3062,9.7214,896.1823,39.2449
2044-09-19,30.7463,0.0000,25.0887,4.6311,1741.6271,907.4586,93.9246,9.4263,900.3603,38.4669
2044-09-20,32.4451,0.0000,29.0378,3.7929,1749.1712,911.6967,93.9752,9.1001,904.5338,37.5941
2044-09-21,31.2274,0.0000,32.8845,4.6185,1756.4961,915.5595,93.9728,9.4835,908.3445,38.6185
2044-09-22,32.2317,0.0000,30.4037,4.1715,1764.0018,919.6895,94.0234,9.3376,912.4136,38.2309
2044-09-23,32.7731,0.0000,25.2618,4.0308,1771.6050,924.1966,94.2807,9.6076,916.8450,38.9460
2044-09-24,34.4434,0.0000,23.6482,4.0000,1779.5088,929.0282,94.8839,10.4232,921.5911,41.0537
2044-09-25,34.4639,0.0000,24.5677,3.3795,1787.4163,933.8043,94.9348,10.1732,926.2838,40.4157
2044-09-26,33.9828,0.0000,28.2751,3.5108,1795.2372,938.2842,94.9858,10.3125,930.6916,40.7721
2044-09-27,32.2434,0.0005,32.3038,4.3701,1802.7450,942.3029,94.4235,9.9678,934.6529,39.8866
2044-09-28,30.6494,0.0138,34.4830,4.3150,1809.9659,946.0063,93.7638,9.0725,938.3081,37.5196
2044-09-29,32.5606,0.0003,31.8768,3.9015,1817.5308,950.0888,93.8144,8.9482,942.3310,37.1827
2044-09-30,31.4843,0.3254,42.2162,4.6697,1824.9020,953.4409,92.5489,7.7932,945.6524,33.9487
2044-10-01,32.2799,0.1909,42.2473,7.6293,1831.4164,956.3619,92.4239,8.8887,948.5480,37.0210
2044-10-02,30.2252,0.0000,27.4721,7.4081,1837.5609,959.8043,93.3035,9.9444,951.9363,39.8257
2044-10-03,30.2604,0.0000,25.1572,4.7793,1843.7118,963.3607,93.8362,9.3813,955.4333,38.3473
2044-10-04,31.9706,0.0015,27.0374,4.0586,1850.1705,967.0167,93.8869,9.1105,959.0303,37.6220
2044-10-05,31.5331,0.1335,30.9681,3.9451,1856.5504,970.4300,93.9375,9.1224,962.3940,37.6541
2044-10-06,31.0649,0.0000,29.2686,4.7991,1862.8461,973.8772,93.9882,9.5906,965.7885,38.9015
2044-10-07,30.5336,0.0000,28.4333,5.0034,1869.0462,977.3075,94.0388,9.7582,969.1652,39.3411
2044-10-08,30.9967,0.0000,22.6527,5.2111,1875.3296,981.0691,94.5217,10.5410,972.8596,41.3519
2044-10-09,30.9389,0.0000,24.9840,5.1767,1881.6026,984.7108,94.5725,10.5966,976.4391,41.4923
2044-10-10,29.8483,0.0000,28.9977,5.2934,1887.6793,988.0403,94.5124,10.5712,979.7171,41.4282
2044-10-11,28.6053,0.0000,26.6329,4.4563,1893.5322,991.3425,94.5632,10.2058,982.9652,40.4994
2044-10-12,30.3667,0.0000,22.5296,4.5438,1899.7022,995.0362,94.6141,10.3229,986.5921,40.7988
2044-10-13,28.5230,0.0000,29.1077,7.3393,1905.5404,998.2182,94.3325,11.4320,989.7250,43.5604
2044-10-14,27.1004,0.0000,32.1845,3.8720,1911.1224,1001.1159,93.6732,8.7613,992.5822,36.6725
2044-10-15,29.9358,0.0033,28.5446,3.7515,1917.2149,1004.4761,93.7238,8.7697,995.8891,36.6956
2044-10-16,31.4004,0.0038,29.7318,3.4126,1923.5709,1007.9364,93.7743,8.6820,999.2957,36.4547
2044-10-17,29.1517,0.0039,29.3044,4.3722,1929.5223,1011.1769,93.8249,9.1764,1002.4857,37.7994
2044-10-18,28.4134,0.1117,31.2037,4.1903,1935.3407,1014.2534,93.8145,9.0795,1005.5170,37.5385
2044-10-19,28.8661,0.1080,41.4380,4.4009,1941.2406,1016.9124,92.3622,7.4889,1008.1512,33.0620
2044-10-20,29.2070,0.1404,48.6636,4.8786,1947.2018,1019.2698,91.0235,6.3454,1010.4988,29.5803
2044-10-21,29.6270,0.6443,62.8648,7.4051,1953.2387,1020.9987,87.2845,4.2187,1012.2480,22.2859
2044-10-22,30.4314,0.1067,62.5907,8.8905,1959.4203,1022.7860,87.3329,4.5781,1014.0553,23.6123
2044-10-23,31.9599,0.1054,54.3357,11.0854,1965.8771,1025.0734,88.4730,6.0204,1016.3443,28.5418
2044-10-24,27.3720,7.3596,68.0939,11.2697,1393.2154,100.0612,65.9990,0.9669,169.6598,6.3513
2044-10-25,22.4048,0.0000,40.6145,4.1476,1397.9523,102.1762,83.1324,2.0242,172.7810,12.0891
2044-10-26,22.6178,0.0000,35.9685,4.4252,1402.7275,104.4773,88.7360,4.4696,176.1540,22.0476
2044-10-27,22.9597,0.0000,36.6940,6.4114,1407.5642,106.7851,89.9981,5.9206,179.5216,26.9404
2044-10-28,23.4602,0.0003,44.8831,7.4301,1412.4911,108.8362,90.0474,6.2767,182.5144,28.1249
2044-10-29,21.2516,0.0007,61.9705,6.7260,1417.0204,110.1242,87.7433,4.3531,184.4181,21.8261
2044-10-30,21.4567,0.0044,68.9604,4.0623,1421.5866,111.1850,86.3107,3.1045,186.0013,17.0837
2044-10-31,23.5764,0.0075,62.1293,3.6186,1426.5343,112.6010,86.3589,3.0566,188.0863,16.9199
2044-11-01,25.5569,1.3362,68.5055,4.6513,1430.8386,113.7141,79.3150,1.3417,189.7315,8.7682
2044-11-02,26.3478,0.4722,50.6497,5.2321,1435.2852,115.5099,86.3678,3.3197,192.3248,18.0581
2044-11-03,24.8024,0.0051,40.4273,3.1217,1439.4536,117.5558,89.1184,4.4216,195.2482,22.2763
2044-11-04,22.1386,0.5002,54.4245,4.0468,1443.1426,118.9599,88.6935,4.3585,197.2674,22.0828
2044-11-05,18.9921,8.2904,79.9218,4.8570,1165.3096,62.0638,44.5293,0.0976,109.5423,0.2892
2044-11-06,25.3592,1.3650,52.3692,5.9127,1169.5782,63.7347,72.2158,0.9092,112.1858,4.9119
2044-11-07,22.6236,4.3819,65.2064,4.6275,1094.8542,44.6441,60.3104,0.5269,81.0281,1.8459
2044-11-08,22.5424,2.7098,60.3974,4.0404,1098.6158,37.7820,64.6186,0.6365,69.5817,2.0946
2044-11-09,25.4414,2.3247,68.7276,5.8597,1102.8992,33.5263,68.0025,0.7886,62.3169,2.5442
2044-11-10,25.0250,0.4924,46.8276,6.6844,1107.1077,35.3680,84.1656,2.6349,65.5045,9.2138
2044-11-11,22.1583,0.0043,44.7937,3.1327,1110.8002,37.0704,87.4457,3.4808,68.4314,11.9116
2044-11-12,22.7200,0.0068,56.3799,4.4325,1114.5938,38.4479,87.4942,3.7422,70.7910,12.8718
2044-11-13,24.4334,4.6575,77.7943,5.7091,1043.3586,26.4461,58.4872,0.4933,49.7403,0.8270
2044-11-14,21.2213,0.0149,41.2333,4.7060,1046.8825,28.1852,80.1678,1.4671,52.8156,4.5985
2044-11-15,18.1376,0.0001,38.3143,3.8372,1049.8512,29.7585,86.4651,3.1372,55.5786,9.6566
2044-11-16,17.6865,0.0000,40.4209,3.8306,1052.7388,31.2425,88.0447,3.9280,58.1692,11.9371
2044-11-17,18.9260,0.0040,47.5215,2.8826,1055.8495,32.6358,88.0934,3.7711,60.5896,11.8294
2044-11-18,21.3009,0.2180,66.0568,4.1473,1059.3877,33.6439,86.7939,3.3386,62.3384,10.8962
2044-11-19,26.3579,0.2276,65.6693,4.5202,1063.8361,34.8937,86.8422,3.4253,64.4985,11.3542
2044-11-20,23.9688,0.0105,65.2118,4.1552,1067.8545,36.0499,86.8905,3.3860,66.4883,11.4527
2044-11-21,25.0795,0.0222,68.5541,4.6325,1072.0728,37.1413,86.6129,3.3345,68.3618,11.4991
2044-11-22,26.7573,0.2180,56.3780,6.6104,1076.5931,38.7524,87.2456,4.0307,71.1061,13.6797
2044-11-23,20.4198,0.0003,42.7879,3.5998,1079.9727,40.3848,88.3358,4.0481,73.8643,14.0279
2044-11-24,19.6705,0.0032,51.2963,3.8397,1083.2173,41.7259,88.3846,4.1261,76.1213,14.4832
2044-11-25,20.3586,0.4944,75.9380,4.5125,1086.5859,42.4105,85.2068,2.7218,77.2802,10.4848
2044-11-26,19.7940,3.3082,64.5579,9.2667,1048.1592,33.3561,67.8648,0.9321,61.7957,3.1332
2044-11-27,12.2353,0.0145,48.4704,7.6339,1050.0656,34.2671,79.1912,1.5407,63.3647,5.5225
2044-11-28,7.4390,0.0517,58.3350,10.4050,1051.1086,34.7388,81.8770,2.3726,64.1752,8.3073
2044-11-29,6.8357,0.0096,52.3166,8.8648,1052.0430,35.2405,83.5862,2.7233,65.0348,9.4338
2044-11-30,7.1971,0.0056,53.3264,4.7584,1053.0425,35.7539,84.2272,2.4111,65.9130,8.5692
2044-12-01,7.3681,0.0002,46.5486,4.1964,1054.0728,36.2683,85.1793,2.6686,66.7912,9.4271
2044-12-02,8.8928,0.0032,41.0938,2.9753,1055.3775,36.9372,86.3095,2.9385,67.9306,10.3277
2044-12-03,11.9850,0.0719,38.2999,3.0005,1057.2388,37.8547,87.4693,3.4694,69.4892,11.9879
2044-12-04,14.8360,2.6885,72.4701,3.9985,1059.6133,31.4454,63.3186,0.5999,58.5472,1.5036
2044-12-05,10.8415,0.0058,56.4764,5.7615,1061.2687,32.0361,74.8039,1.0132,59.5761,3.3555
2044-12-06,7.9097,0.0050,52.7309,5.9692,1062.3965,32.5200,80.2578,1.5785,60.4167,5.4663
2044-12-07,7.8842,0.0036,51.1640,4.6879,1063.5196,33.0186,82.9363,2.0284,61.2809,7.0056
2044-12-08,7.4957,0.0000,54.0549,3.8987,1064.5729,33.4674,83.8580,2.1978,62.0575,7.5967
2044-12-09,11.4387,0.0001,40.3391,3.3546,1066.3358,34.3175,86.1899,2.9452,63.5241,9.9332
2044-12-10,15.2467,0.0008,52.7364,3.0018,1068.7843,35.1955,86.2380,2.9129,65.0368,9.9845
2044-12-11,14.1717,0.0183,65.0640,3.3329,1071.0392,35.8018,85.7095,2.7503,66.0814,9.6070
2044-12-12,13.6870,0.2610,57.2197,5.0753,1073.2068,36.5207,85.7575,3.0228,67.3147,10.5143
2044-12-13,11.5934,0.0138,50.5249,4.0700,1074.9976,37.2344,85.8838,2.9247,68.5343,10.3429
2044-12-14,11.8846,0.0097,56.7917,3.2587,1076.8409,37.8719,85.9318,2.8265,69.6224,10.1503
2044-12-15,13.9151,7.5743,85.5608,4.5353,954.7446,21.0943,37.5955,0.0270,39.9803,0.0388
2044-12-16,17.1298,2.9280,80.0079,3.7846,933.4254,16.6162,40.5553,0.0467,31.8165,0.0573
2044-12-17,16.8796,0.6177,75.2663,5.4001,936.1677,17.1216,58.4598,0.4848,32.7460,0.6073
2044-12-18,17.5387,1.8841,56.5921,5.5315,939.0287,16.1918,66.5919,0.7397,31.0452,0.8938
2044-12-19,14.0135,2.1360,56.4235,5.8280,941.2551,14.4597,65.6704,0.7261,27.8499,0.8157
2044-12-20,10.4080,0.0004,34.3101,4.7151,942.8325,15.3188,79.2194,1.3336,29.4417,2.5442
2044-12-21,11.8167,23.4904,72.1401,5.1129,678.0987,6.6968,34.1511,0.0129,13.0709,0.0090
2044-12-22,10.9398,2.6527,71.1821,11.6073,679.7719,4.9195,45.8353,0.1676,9.6642,0.0993
2044-12-23,11.7766,0.0075,74.5725,3.8593,681.5957,5.2916,59.4258,0.4792,10.3817,0.2950
2044-12-24,15.8244,0.5229,64.8555,4.7000,684.1481,5.9675,72.5365,0.8659,11.6803,0.5691
2044-12-25,12.6718,0.0001,28.0022,3.2918,686.1330,7.0943,83.7059,2.0892,13.8311,2.4498
2044-12-26,14.2498,0.0033,52.9505,4.6948,688.4019,7.9150,85.1096,2.7103,15.3877,3.6755
2044-12-27,17.5093,2.5884,64.4212,8.1897,691.2576,6.3560,69.4231,0.9280,12.4264,0.6317
2044-12-28,8.7761,0.1719,37.0266,8.4311,692.5413,7.0628,80.5871,1.8517,13.7744,2.0406
2044-12-29,6.6299,0.0134,38.0346,8.3170,693.4387,7.6071,84.6070,3.0366,14.8081,4.0682
2044-12-30,6.8018,0.0000,33.6930,5.6385,694.3670,8.2025,86.7373,3.5703,15.9345,5.0523
2044-12-31,9.3037,0.0000,29.7265,3.6860,695.7457,9.0334,88.3908,4.0980,17.4987,6.1184
2045-01-01,11.8599,0.0006,39.9317,2.7617,697.5845,9.9918,88.4396,3.9390,19.2927,6.2418
2045-01-02,12.5137,0.5514,66.1359,5.2927,699.5409,10.5593,85.6958,3.0299,20.3507,4.9867
2045-01-03,17.9074,12.5184,78.9784,13.4616,610.6626,5.2664,45.9595,0.1874,10.3104,0.1150
2045-01-04,17.2675,0.1692,42.3368,8.8069,613.4748,6.5702,74.1921,1.1448,12.7978,0.7926
2045-01-05,18.8195,0.0223,65.7040,6.0066,616.5663,7.4113,80.5932,1.6399,14.3901,1.7348
2045-01-06,20.1691,0.0511,82.7418,5.0271,619.9007,7.8632,80.8125,1.5992,15.2430,1.7637
2045-01-07,20.9575,0.0227,77.6382,5.2510,623.3771,8.4704,81.7474,1.8017,16.3843,2.2907
2045-01-08,20.3655,0.1324,78.0067,8.7732,626.7469,9.0516,82.0797,2.2395,17.4724,3.2160
2045-01-09,19.0309,2.3722,58.2933,9.8971,629.8764,7.8734,73.1750,1.1547,15.2696,0.8867
2045-01-10,13.8449,0.0110,48.5563,7.2627,632.0725,8.8199,81.7800,2.0017,17.0452,2.7390
2045-01-11,17.4246,10.9360,78.9551,11.4127,566.4900,4.4783,44.7941,0.1416,8.7831,0.0797
2045-01-12,13.6251,0.1857,36.6626,5.9471,568.6465,5.6265,71.0888,0.8749,10.9814,0.5555
2045-01-13,15.7940,0.0001,42.5739,4.0921,571.1934,6.8209,81.9700,1.7456,13.2463,1.7791
2045-01-14,19.0952,0.0002,60.3916,3.5312,574.3346,7.8056,84.1800,2.2522,15.0983,2.9016
2045-01-15,18.2807,0.0002,55.3612,4.1199,577.3291,8.8707,85.5109,2.7834,17.0851,4.0647
2045-01-16,16.1430,0.0158,76.8869,3.5295,579.9388,9.3613,84.0380,2.2096,17.9964,3.2345
2045-01-17,19.4631,0.5885,79.9616,4.4811,583.1462,9.8686,81.9784,1.7819,18.9361,2.5574
2045-01-18,14.9835,4.6735,90.5443,4.3173,564.0668,5.9218,40.9457,0.0515,11.5407,0.0336
2045-01-19,18.4715,0.0593,72.5496,2.7005,567.0956,6.5832,59.4456,0.4526,12.7951,0.3133
2045-01-20,17.5688,0.0397,67.6760,3.6538,569.9620,7.3261,72.3053,0.8141,14.1961,0.5987
2045-01-21,15.4867,0.0152,67.9531,2.7152,572.4536,7.9805,77.9777,1.0782,15.4235,0.8330
2045-01-22,15.9741,0.4078,72.6137,3.7127,575.0330,8.5562,80.4229,1.4340,16.4986,1.5692
2045-01-23,18.1482,0.3420,71.8321,4.3080,578.0037,9.2237,82.0171,1.7748,17.7396,2.4039
2045-01-24,18.3503,0.1761,76.3653,3.7712,581.0107,9.7896,82.2067,1.7678,18.7878,2.5127
2045-01-25,19.6235,0.0199,72.5213,3.9021,584.2469,10.4907,82.8728,1.9340,20.0799,2.9865
2045-01-26,19.0022,2.3604,75.6558,6.9080,587.3713,8.7249,66.6847,0.7954,16.8250,0.6477
2045-01-27,19.5873,0.9851,62.5326,3.6230,590.6010,9.6791,74.0313,0.8748,18.5963,0.7577
2045-01-28,18.6894,0.0104,51.0586,3.6287,593.6691,10.8715,82.4811,1.8157,20.7911,2.8345
2045-01-29,14.2553,27.0814,83.5020,8.6454,444.4553,4.7228,31.3960,0.0077,9.2013,0.0045
2045-01-30,19.5362,2.5088,58.6286,4.0811,447.6758,4.0593,53.1199,0.2858,7.9386,0.1528
2045-01-31,19.2801,1.3921,66.7351,8.0066,450.8502,4.8939,66.6959,0.8410,9.5292,0.4944
2045-02-01,16.4198,15.5543,72.9885,9.7523,388.3829,2.4901,41.7032,0.0777,4.9016,0.0331
2045-02-02,16.3847,0.8770,54.2290,6.0832,391.0361,3.6269,65.2533,0.7238,7.0895,0.3657
2045-02-03,17.4916,1.2406,69.5199,6.3787,393.8886,4.4319,69.8805,0.8594,8.6213,0.4793
2045-02-04,16.3385,33.5317,86.3669,9.8078,276.5118,1.8172,28.1645,0.0034,3.5756,0.0013
2045-02-05,15.1724,7.5338,72.8768,5.4761,259.8293,0.9189,33.1833,0.0104,1.8218,0.0031
2045-02-06,15.9842,3.0117,60.4308,4.4544,257.8022,0.9603,48.2835,0.1650,1.9028,0.0504
2045-02-07,14.7925,1.9700,59.1007,7.0166,260.1689,1.1577,60.2523,0.5922,2.2899,0.1909
2045-02-08,10.7312,0.2711,56.3711,4.1768,261.8045,1.8909,72.6640,0.8476,3.7147,0.3229
2045-02-09,9.1027,15.9075,86.9007,8.5851,220.3227,0.4460,26.5000,0.0019,0.8875,0.0005
2045-02-10,6.6609,3.8792,72.1107,9.1831,214.6228,0.3075,33.7677,0.0144,0.6127,0.0035
2045-02-11,5.4187,0.9449,68.6043,7.1738,215.3022,0.5982,48.4944,0.1946,1.1881,0.0529
2045-02-12,5.9428,2.3290,74.6848,7.8502,216.0759,0.2533,47.1325,0.1673,0.5050,0.0395
2045-02-13,5.3970,0.2317,68.9248,6.9389,216.7514,0.5401,60.5628,0.6011,1.0734,0.1601
2045-02-14,6.2995,0.0688,66.2033,5.4788,217.5893,0.8953,69.8404,0.8203,1.7723,0.2456
2045-02-15,8.6632,0.0031,50.7650,4.1257,218.8527,1.5781,77.9348,1.1535,3.1003,0.4110
2045-02-16,8.3402,4.8037,72.5550,7.0671,210.9193,0.6051,48.0107,0.1815,1.2017,0.0495
2045-02-17,8.9798,3.2197,86.0354,8.2806,207.5895,0.2000,38.1748,0.0368,0.3989,0.0084
2045-02-18,10.4255,2.3290,84.5831,7.1920,209.1701,0.2524,39.0107,0.0412,0.5033,0.0097
2045-02-19,9.2231,2.0573,87.7654,10.0616,210.5342,0.1794,39.3215,0.0506,0.3581,0.0115
2045-02-20,11.3605,0.0850,55.2374,6.9880,212.2831,0.9717,62.4733,0.6694,1.9214,0.2050
2045-02-21,12.1268,0.0021,50.9307,4.1654,214.1699,1.8937,75.3806,0.9655,3.7054,0.3675
2045-02-22,20.2149,0.0109,57.3059,3.1062,217.5126,3.1863,82.2789,1.7248,6.1476,0.8142
2045-02-23,20.5487,0.0007,58.8870,3.6985,220.9154,4.4506,84.7122,2.4409,8.4745,2.0677
2045-02-24,23.5800,0.0011,54.1654,4.5263,224.8638,6.0575,86.5926,3.3072,11.3506,3.7716
2045-02-25,20.3847,0.2352,71.6239,5.8669,228.2370,6.9235,85.5113,3.0396,12.8710,3.7164
2045-02-26,20.9473,1.8202,74.3033,6.0371,231.7115,6.5943,72.5378,0.9263,12.3127,0.6272
2045-02-27,21.5447,0.9008,56.4014,5.7473,235.2936,7.9968,79.7265,1.4771,14.7411,1.4459
2045-02-28,14.6944,2.2117,54.9145,6.8961,237.6426,7.1430,70.6000,0.9029,13.2875,0.6388
2045-03-01,15.4651,30.6934,76.7156,9.7559,161.9765,3.4108,36.0454,0.0252,6.4805,0.0122
2045-03-02,12.7747,1.6203,51.5148,11.5637,163.9800,3.9729,59.6123,0.7152,7.4919,0.3714
2045-03-03,10.0276,0.0038,31.1759,4.9345,165.4889,5.2783,76.8212,1.1021,9.7770,0.6568
2045-03-04,14.4371,0.3330,51.5955,7.0196,167.7916,6.5603,82.8454,2.2551,11.9523,2.4236
2045-03-05,19.5692,3.0565,64.4076,9.0392,167.2424,5.3767,68.2317,0.9325,9.9535,0.5611
2045-03-06,21.8150,0.0039,44.6174,5.9739,170.8731,7.5400,83.2550,2.2546,13.5818,2.6790
2045-03-07,25.5163,0.0049,49.3030,7.6885,175.1700,9.8402,87.4205,4.3633,17.2568,6.4403
2045-03-08,26.3338,0.0061,47.5559,5.9729,179.6141,12.2926,88.5997,4.7384,20.9934,7.7674
2045-03-09,24.5850,0.0325,40.4617,3.5897,183.7434,14.8994,89.5967,4.8487,24.7762,8.7054
2045-03-10,27.5273,0.2858,48.5828,5.0014,188.4023,17.4085,89.6459,5.2431,28.2834,10.0215
2045-03-11,28.8843,0.0448,51.7996,5.5396,193.3055,19.8720,89.6952,5.4254,31.6181,10.9675
2045-03-12,31.1737,0.0252,47.1255,5.6920,198.6208,22.7809,89.7567,5.5157,35.4087,11.8341
2045-03-13,31.6690,0.4457,46.5670,5.6344,204.0252,25.7655,89.9245,5.6336,39.1658,12.7240
2045-03-14,29.9139,0.4649,56.8033,5.3455,209.1137,28.0492,89.5062,5.2289,42.0107,12.4678
2045-03-15,32.0722,0.2043,46.0151,6.6998,214.5907,31.1018,90.0434,6.0465,45.6594,14.6235
2045-03-16,20.5632,3.9384,51.4294,8.9682,211.3237,23.6461,71.1387,1.0205,36.9546,2.1625
2045-03-17,20.1440,1.3841,40.3849,6.3431,214.6536,25.8049,79.4840,1.4855,39.6833,3.7418
2045-03-18,17.2225,9.5309,58.6816,8.7548,195.7035,14.1334,54.3332,0.4077,23.9438,0.4148
2045-03-19,15.1044,7.5804,53.8960,9.9871,182.3188,8.6942,51.8863,0.3377,15.5363,0.2620
2045-03-20,11.7837,0.0246,37.0670,6.9686,184.1438,10.0763,73.6852,1.0189,17.7275,0.8567
2045-03-21,12.1008,0.7677,45.1945,4.6871,186.0260,11.3096,79.3307,1.3462,19.6348,1.7102
2045-03-22,17.4391,0.4034,42.6332,5.7723,188.8690,13.1225,85.5875,3.0575,22.3609,5.3459
2045-03-23,18.5193,1.0371,51.3047,5.7629,191.9065,14.7510,82.5571,2.0412,24.7466,3.7366
2045-03-24,20.2896,0.0022,26.2388,4.9470,195.2626,17.4404,89.7909,5.3386,28.5138,10.2196
2045-03-25,21.0511,0.0000,29.8547,4.4403,198.7558,20.0890,91.0039,6.1895,32.0735,12.2958
2045-03-26,25.2373,0.0000,36.8875,4.7893,203.0025,22.9224,91.0535,6.3440,35.7522,13.2958
2045-03-27,24.4438,0.0032,45.0055,6.5651,207.1064,25.3169,90.6778,6.5759,38.7820,14.2845
2045-03-28,20.7028,0.4616,60.2482,5.2939,210.5369,26.7943,88.1230,4.2764,40.6539,10.3942
2045-03-29,20.5044,1.6622,71.6456,7.6986,213.9317,26.3951,75.6375,1.1714,40.3455,2.8507
2045-03-30,21.6455,2.1169,58.0059,7.0666,217.5319,24.7264,73.6405,1.0218,38.5096,2.2612
2045-03-31,18.2508,3.0816,53.6665,9.1890,216.1780,20.3839,68.5060,0.9479,32.9909,1.6767
2045-04-01,14.0381,5.2470,82.2905,7.5703,209.3666,13.1660,42.9818,0.0869,22.7547,0.0855
2045-04-02,13.8316,3.4475,82.6477,6.1898,207.5576,9.6221,38.9798,0.0389,17.2455,0.0322
2045-04-03,16.9392,0.0422,47.6256,5.1275,211.5607,11.9126,67.4676,0.7468,20.8851,0.6958
2045-04-04,18.8621,0.1401,54.6777,5.4742,215.9098,14.1059,79.8635,1.4774,24.2509,2.4550
2045-04-05,21.1291,0.0001,37.7667,4.0115,220.6671,17.4597,87.2105,3.5183,29.1528,7.2063
2045-04-06,22.8792,0.0002,32.1193,3.7000,225.7393,21.4058,90.3205,5.4085,34.6075,11.5014
2045-04-07,23.4598,0.0539,35.2096,5.4059,230.9161,25.2635,90.6136,6.1462,39.6753,13.7219
2045-04-08,23.8552,0.2367,43.3751,6.0765,236.1640,28.6893,90.6632,6.4026,44.0120,14.9793
2045-04-09,23.4196,1.5088,47.5911,6.6159,241.3336,31.0713,83.3170,2.3476,47.0111,6.7268
2045-04-10,21.3051,1.7164,56.9445,7.0161,246.1225,31.5287,77.7828,1.3177,47.7615,3.7859
2045-04-11,22.7272,0.0006,45.0443,5.0447,251.1674,34.7032,85.9891,3.1177,51.5872,9.1796
2045-04-12,24.7741,0.0042,33.7018,5.0101,256.5807,38.8619,90.2182,5.6937,56.3766,15.6692
2045-04-13,24.3512,0.0000,33.1345,4.9822,261.9180,42.9876,91.0522,6.4047,60.9617,17.8543
2045-04-14,23.6666,0.1196,45.1547,6.2388,267.1320,46.2806,90.5643,6.3646,64.5870,18.3316
2045-04-15,23.7119,0.1629,46.7757,5.6100,272.3541,49.4822,90.2361,5.8834,68.0538,17.7926
2045-04-16,23.1183,0.8128,45.1792,8.3764,277.4694,52.7009,87.4285,4.5224,71.4668,14.9953
2045-04-17,21.5213,0.2685,36.1094,7.1294,282.2972,56.2047,89.6025,5.8003,75.0525,18.5661
2045-04-18,19.6265,7.3161,54.4012,11.3329,268.0814,34.4967,63.9161,0.8920,52.2005,2.5282
2045-04-19,16.4045,5.3955,50.6837,11.9987,259.8305,23.5377,60.7106,0.7825,38.3827,1.3933
2045-04-20,14.0201,9.8173,65.4191,9.6075,238.1881,12.9007,45.0399,0.1343,22.7245,0.1321
2045-04-21,14.0136,2.0118,50.5956,10.0274,241.6646,12.7865,62.3284,0.7745,22.5856,0.7586
2045-04-22,14.2582,0.6519,45.2149,6.9164,245.1850,14.8264,77.0538,1.2387,25.7587,2.0013
2045-04-23,17.9768,0.8950,41.4491,6.9865,249.3749,17.5342,82.8246,2.2454,29.8257,4.7361
2045-04-24,19.2709,3.1930,48.6442,8.5046,248.7616,15.3359,71.9111,1.0244,26.5758,1.4608
2045-04-25,18.8354,0.1584,32.5074,5.1078,253.1060,18.5978,85.3033,2.8423,31.4232,6.1941
2045-04-26,16.4979,0.0932,40.9232,5.6352,257.0296,21.1182,87.4989,3.9787,35.0391,8.9680
2045-04-27,17.0597,0.0030,41.5812,5.1380,261.0543,23.6900,88.1463,4.2571,38.6187,10.0518
2045-04-28,21.5183,3.0604,42.2565,8.5677,261.1081,21.2248,76.7523,1.3170,35.2801,2.9407
2045-04-29,19.7647,3.0705,41.0408,7.4573,260.8144,19.0031,73.1247,1.0190,32.1500,1.8503
2045-04-30,17.7988,2.1749,41.7991,5.4007,264.9722,18.8434,73.5104,0.9341,31.9979,1.5641
2045-05-01,12.3046,51.0893,88.5997,10.3538,137.1174,7.2305,22.9909,0.0007,12.7767,0.0005
2045-05-02,10.8193,10.1756,84.1348,9.4319,122.0470,3.7011,22.2357,0.0005,6.8806,0.0002
2045-05-03,15.8503,0.0585,40.6167,4.4608,127.3041,6.3511,58.0507,0.4489,11.2936,0.2895
2045-05-04,16.7135,0.1069,42.2312,4.2318,132.7165,9.0602,77.1792,1.0922,15.4787,0.8456
2045-05-05,17.0462,2.0302,59.5566,6.6495,138.1888,9.3193,71.1411,0.9080,15.9495,0.7158
2045-05-06,18.6614,4.7169,56.1355,6.2132,136.6634,7.6214,60.5083,0.5776,13.3777,0.4103
2045-05-07,16.5573,1.0559,49.6771,6.7357,142.0477,9.9607,73.9963,1.0216,16.9500,0.8357
2045-05-08,16.8317,0.0712,40.6971,6.4297,147.4814,12.7603,84.0899,2.5751,20.9821,4.2934
2045-05-09,19.1761,0.0176,32.7465,5.4511,153.3371,16.3503,88.8479,4.7829,25.8181,8.8062
2045-05-10,24.2979,0.0000,30.9523,5.1047,160.1147,20.9671,91.1525,6.5371,31.5918,12.7375
2045-05-11,21.4590,3.4394,67.7228,5.8025,161.7532,17.0594,66.7272,0.7534,26.9999,0.8293
2045-05-12,23.8888,0.4237,49.8793,6.2958,168.4572,20.3567,82.6832,2.1302,31.2674,4.6344
2045-05-13,25.6044,0.0029,46.6579,5.3852,175.4700,24.1069,87.6124,3.9931,35.8877,9.1234
2045-05-14,25.4210,0.0585,48.0594,6.1190,182.4498,27.7334,88.4317,4.6598,40.1929,11.0822
2045-05-15,26.2016,0.0071,46.4689,4.4434,189.5701,31.5810,88.9251,4.5968,44.5907,11.6278
2045-05-16,26.2250,0.1260,39.9638,7.5123,196.6946,35.8998,90.0290,6.2862,49.3032,15.7043
2045-05-17,24.7607,0.2492,41.7236,6.9042,203.5555,39.8674,90.0784,6.1397,53.5263,16.1277
2045-05-18,26.8627,0.0010,35.8495,4.3421,210.7948,44.5900,90.9537,6.1150,58.3321,16.8448
2045-05-19,28.0847,0.0055,32.3998,4.1464,218.2540,49.7839,91.8602,6.8873,63.4088,19.2334
2045-05-20,28.7514,0.0002,31.9837,5.0144,225.8333,55.1292,92.1722,7.5197,68.4713,21.3424
2045-05-21,29.4681,0.0000,28.0852,5.4890,233.5416,60.9166,93.0282,8.6868,73.7446,24.5643
2045-05-22,30.7803,0.0001,27.2434,5.6802,241.4860,67.0231,93.4918,9.3577,79.1365,26.8171
2045-05-23,31.4652,0.0554,28.4473,4.2292,249.5537,73.1575,93.5423,8.7593,84.4344,26.4779
2045-05-24,32.3913,0.0005,26.0051,5.0354,257.7882,79.6817,94.0325,9.7653,89.8965,29.4416
2045-05-25,29.8796,0.0017,21.5449,8.3911,265.5705,86.0804,94.5806,12.4738,95.0989,35.6298
2045-05-26,28.8047,0.0900,26.9252,5.8147,273.1594,91.8335,94.6315,11.0320,99.7932,33.6006
2045-05-27,23.9429,18.7850,48.0848,7.7891,227.6293,45.6201,63.7083,0.7392,60.7848,2.2626
2045-05-28,25.9566,0.2461,31.7786,5.7977,234.7055,50.4795,86.4600,3.4604,65.6563,11.5696
2045-05-29,26.2412,1.3914,38.8700,5.5635,241.8329,54.8797,85.7970,3.1153,70.0295,11.0376
2045-05-30,28.0355,0.9995,41.7817,6.6872,249.2833,59.3453,87.5741,4.2407,74.4067,14.6017
2045-05-31,29.4597,0.3293,41.0578,4.2639,256.9901,64.0874,90.1079,5.3976,78.9525,18.0999
2045-06-01,29.5885,0.0371,35.6316,6.3137,265.7200,69.2878,91.4448,7.2426,83.8893,23.1091
2045-06-02,28.1737,0.0803,36.0848,7.3623,274.1953,74.2137,91.4947,7.6899,88.5261,24.7868
2045-06-03,26.9734,0.2190,40.6299,12.4295,282.4545,78.6016,91.5445,9.9973,92.7069,30.3706
2045-06-04,25.6528,0.1397,41.1570,7.6573,290.4760,82.7459,91.4777,7.7862,96.6569,26.1336
2045-06-05,25.0290,0.1549,40.3648,7.8986,298.3852,86.8482,91.4916,7.8971,100.5390,26.8991
2045-06-06,27.0289,0.0812,40.8548,5.3760,306.6544,91.2281,91.5415,7.0038,104.6351,25.2294
2045-06-07,27.3218,0.4732,46.5563,4.0071,314.9763,95.2270,90.9491,6.0087,108.4697,23.0448
2045-06-08,27.1513,3.5737,48.7292,3.9380,315.9960,70.9158,75.6199,0.9682,90.8565,4.5069
2045-06-09,27.3573,0.8146,47.0299,5.6126,324.3243,74.8842,85.1144,2.8405,94.9564,12.2747
2045-06-10,28.7821,0.0174,38.3699,5.2083,332.9091,79.7326,90.0778,5.6364,99.7433,21.1432
2045-06-11,27.5481,0.8765,42.8216,4.7764,341.2717,84.0450,88.2272,4.2290,104.0370,17.5121
2045-06-12,27.5595,0.2156,42.4141,6.3524,349.6364,88.3899,89.7233,5.6751,108.3201,22.1158
2045-06-13,28.4628,0.0086,40.3145,7.4220,358.1637,93.0352,90.4382,6.6350,112.8116,25.1479
2045-06-14,29.1881,0.0164,40.6070,3.3940,366.8216,97.7711,90.5932,5.5375,117.3483,22.5335
2045-06-15,32.0014,0.0006,35.4398,2.8188,375.9858,103.3972,91.8902,6.4690,122.5443,25.5896
2045-06-16,33.5780,0.0052,31.5157,3.2982,385.4339,109.6495,93.0091,7.7581,128.1544,29.4924
2045-06-17,32.7740,0.2381,34.8439,4.4502,394.7372,115.4600,93.0594,8.2799,133.3837,31.2622
2045-06-18,28.6236,1.2286,51.5071,4.7551,403.2935,119.2547,85.8347,3.0067,137.1330,15.3301
2045-06-19,27.8955,0.4227,52.8952,5.3513,411.7187,122.8504,87.7334,4.0560,140.7253,19.3401
2045-06-20,31.5448,0.0001,34.8178,4.1594,420.8007,128.4524,91.5789,6.6224,145.7084,27.6508
2045-06-21,32.9273,0.0025,32.5696,3.5486,430.1316,134.4929,92.6795,7.5016,150.9718,30.4083
2045-06-22,34.3167,0.0051,35.0974,4.8240,439.7126,140.5445,92.7297,8.0562,156.2412,32.1943
2045-06-23,36.0885,0.0000,28.1508,6.1990,449.6126,147.5788,94.1661,10.5484,162.1221,38.7978
2045-06-24,35.9709,0.0000,23.8911,5.2565,459.4913,155.0067,95.0807,11.4080,168.1784,41.1427
2045-06-25,36.3140,0.0000,23.2685,4.2848,469.4319,162.5646,95.3204,11.2247,174.2618,41.0031
2045-06-26,36.6003,0.0002,25.5850,5.0753,479.4239,169.9505,95.3715,11.7625,180.2019,42.5111
2045-06-27,32.5879,0.0277,34.6168,6.9679,488.6937,175.7492,94.1368,10.9207,185.0891,40.7084
2045-06-28,32.7681,0.0174,35.4166,6.3176,497.9960,181.5077,93.8230,10.1188,189.9420,38.9020
2045-06-29,32.6011,0.0172,37.7630,7.1157,507.2682,187.0296,93.3711,9.8918,194.6452,38.4664
2045-06-30,33.3136,0.1774,35.7157,6.3018,516.6686,192.8537,93.4216,9.5614,199.5217,37.7474
2045-07-01,29.1379,0.0957,42.6757,7.0524,525.6174,196.9246,92.0759,8.2204,203.3678,34.2592
2045-07-02,29.8126,0.0000,39.7778,8.9595,534.6877,201.2967,92.1260,9.1138,207.3954,36.7510
2045-07-03,30.9657,0.0000,30.9308,5.4428,543.9655,206.4982,92.7362,8.3190,211.8973,34.6893
2045-07-04,31.3106,0.0000,34.7442,3.6834,553.3055,211.4654,92.7865,7.6671,216.2815,32.9286
2045-07-05,33.2029,0.0000,34.9573,3.9147,562.9860,216.7054,92.8368,7.8119,220.8683,33.4061
2045-07-06,33.4445,0.5178,37.5139,4.6618,572.7100,221.7749,92.3955,7.6236,225.3702,32.9248
2045-07-07,30.6981,6.7646,46.8333,5.1301,547.6509,88.5176,75.1399,0.9997,126.0863,5.7892
2045-07-08,24.9715,23.8890,77.4389,5.8396,433.1223,40.4948,43.1589,0.0820,65.6457,0.1680
2045-07-09,30.7736,0.2017,46.2648,4.6926,442.3655,44.5172,80.2613,1.4807,71.1373,5.7702
2045-07-10,30.4537,0.5171,48.3289,3.5752,451.5512,48.3463,87.6879,3.6846,76.2760,13.2780
2045-07-11,31.0470,0.3678,49.1597,4.7228,460.8437,52.1847,89.1168,4.7920,81.3421,16.8338
2045-07-12,34.2728,0.0018,42.3562,4.6213,470.7168,56.9735,90.9377,6.1875,87.4773,21.1220
2045-07-13,35.8412,0.0000,39.5996,2.7091,480.8722,62.2138,91.8413,6.3889,94.0181,22.4386
2045-07-14,37.1295,0.0000,35.8272,4.5642,491.2595,67.9755,92.8196,8.0524,101.0093,27.3225
2045-07-15,36.0807,0.0044,36.8221,4.6381,501.4580,73.4922,92.8699,8.1397,107.5712,28.3416
2045-07-16,32.3909,1.2142,43.3206,7.8549,510.9924,77.9504,88.8924,5.4334,112.8597,21.8504
2045-07-17,31.7758,0.0001,38.4053,7.0709,520.4160,82.7061,91.1990,7.2659,118.3793,27.3363
2045-07-18,31.2621,0.0001,34.7711,5.3526,529.7472,87.6638,91.9907,7.4552,124.0199,28.3482
2045-07-19,32.0295,0.0465,33.3783,4.5469,539.2165,92.8474,92.4450,7.6326,129.8135,29.3063
2045-07-20,29.2591,10.8348,49.9522,5.6957,493.5645,51.1103,70.0457,0.8348,81.1994,3.4871
2045-07-21,34.8168,0.0036,38.1293,4.5850,503.5356,56.3293,89.6077,5.1062,88.0373,18.4343
2045-07-22,35.2539,0.2689,36.7276,4.8640,513.5853,61.7314,92.1475,7.4370,94.9355,25.0900
2045-07-23,33.8708,0.6123,41.5345,4.5618,523.3860,66.5333,91.0092,6.2322,100.9761,22.8512
2045-07-24,36.9531,0.0003,32.2322,3.8407,533.7415,72.5897,93.3824,8.4002,108.3425,29.0495
2045-07-25,39.1909,0.0000,28.5525,4.1497,544.4999,79.3504,94.6462,10.1647,116.3217,34.0351
2045-07-26,39.9178,0.0010,27.4827,3.8100,555.3891,86.3362,95.0473,10.5577,124.3474,35.8226
2045-07-27,39.8620,0.0020,29.9434,3.9876,566.2683,93.0758,95.0983,10.7272,131.9365,36.9775
2045-07-28,36.8731,0.1614,35.7041,5.7365,576.6094,98.8098,94.5166,10.8161,138.3495,37.7648
2045-07-29,35.8159,0.2148,36.7190,5.3015,586.7603,104.2962,94.1158,10.0120,144.4173,36.3789
2045-07-30,35.8354,0.3868,35.7522,5.1108,596.9147,109.8694,94.1665,9.9861,150.4900,36.7442
2045-07-31,35.0118,0.2459,37.9122,5.2779,606.9208,115.1351,93.7546,9.5115,156.1939,35.9377
2045-08-01,35.5525,0.0071,42.1614,5.2976,616.3242,119.5116,93.0904,8.6787,160.9827,34.0801
2045-08-02,36.9480,0.0000,34.7569,4.7830,625.9789,124.6364,93.1408,8.5164,166.4297,33.9129
2045-08-03,38.3957,0.0000,31.3079,4.2608,635.8941,130.2373,93.9644,9.3033,172.2688,36.2091
2045-08-04,39.2950,0.0001,34.0617,5.4509,645.9712,135.7362,94.0151,9.9479,177.9775,38.0652
2045-08-05,36.6952,0.0000,34.1115,8.2242,655.5804,140.8773,94.0658,11.5205,183.2879,42.0673
2045-08-06,37.7493,0.0000,29.4425,4.8641,665.3792,146.5362,94.2742,10.0106,189.0090,38.6028
2045-08-07,39.4880,0.0000,27.9537,3.7455,675.4911,152.5731,94.8624,10.2601,195.0221,39.4008
2045-08-08,40.0040,0.0000,27.9464,4.3251,685.6958,158.6874,94.9823,10.7392,201.0529,40.7404
2045-08-09,38.5023,0.3529,35.6746,5.5036,695.6302,163.9465,94.7510,11.0403,206.3256,41.5977
2045-08-10,36.2245,0.0830,44.9269,4.5777,705.1546,168.1901,92.8672,8.1118,210.7265,34.0956
2045-08-11,34.9391,1.2755,44.6386,4.7741,714.4476,172.3091,88.8696,4.6369,214.9906,23.3194
2045-08-12,33.3659,0.2058,48.1527,4.7925,723.4575,175.9982,89.8122,5.3134,218.8781,25.6954
2045-08-13,34.8718,0.1780,40.3437,4.4747,732.7384,180.4284,91.4557,6.6118,223.3583,29.9008
2045-08-14,35.6786,0.0022,36.5696,4.8130,742.1646,185.2445,92.4135,7.7014,228.1335,33.1806
2045-08-15,35.7641,0.0698,33.8183,4.2776,751.6061,190.2813,93.0046,8.1454,233.0571,34.4924
2045-08-16,35.7548,0.0142,36.2712,4.9325,761.0460,195.1301,93.0549,8.4783,237.8195,35.4649
2045-08-17,30.7592,15.9384,51.7611,8.8094,636.5683,73.5390,72.0580,1.0459,114.1192,5.7101
2045-08-18,28.6477,0.1504,41.6332,5.9262,644.7289,77.1235,87.2680,3.9066,118.7379,17.5869
2045-08-19,29.9101,0.0000,39.2640,5.2605,653.1167,81.0118,90.4715,5.9787,123.6729,24.3112
2045-08-20,30.0298,0.0000,32.3113,7.8951,661.5260,85.3618,92.1661,8.6869,129.0824,31.9114
2045-08-21,29.7107,0.0000,27.3712,8.9905,669.8780,89.9816,93.2213,10.6468,134.7218,37.0564
2045-08-22,30.0141,0.0000,32.0378,7.2911,678.2845,94.3471,93.2717,9.8421,140.0077,35.6341
2045-08-23,31.2506,0.0000,31.0544,5.8040,686.9136,98.9517,93.3221,9.1961,145.5031,34.4738
2045-08-24,31.9188,0.0000,29.1261,5.9650,695.6630,103.7829,93.3726,9.3365,151.1808,35.1991
2045-08-25,32.1240,0.0000,27.7233,6.3814,704.4493,108.7403,93.6472,9.9064,156.9231,36.9526
2045-08-26,32.9143,0.0000,25.7826,6.1423,713.3779,113.9519,94.1718,10.5265,162.8653,38.7859
2045-08-27,33.0666,0.0000,28.3883,5.3626,722.3339,119.0031,94.2225,10.1922,168.5752,38.2659
2045-08-28,34.4245,0.0000,29.7794,3.8303,731.5343,124.1530,94.2733,9.5013,174.3367,36.7981
2045-08-29,35.5943,0.0000,30.0243,3.9939,740.9453,129.4540,94.3241,9.6473,180.1993,37.3929
2045-08-30,32.9873,0.0000,36.5707,5.3205,749.8870,133.9176,93.7111,9.4745,185.1661,37.1227
2045-08-31,30.2490,0.0163,49.0320,5.4668,758.3358,137.2162,91.3014,6.8000,188.9562,29.8702
2045-09-01,30.4000,1.0241,48.2201,5.1370,765.5118,140.1201,87.5975,3.9351,192.2610,20.4441
2045-09-02,28.6646,0.1725,51.3642,5.2676,772.3755,142.6974,88.4139,4.4526,195.2247,22.3869
2045-09-03,30.6615,0.0018,37.4958,4.6535,779.5985,146.2318,91.0526,6.2999,199.0993,28.5761
2045-09-04,30.8877,0.0000,31.5992,4.8966,786.8623,150.1272,92.4730,7.7990,203.2893,33.0814
2045-09-05,31.4539,0.0173,30.8876,5.6879,794.2280,154.1328,92.8599,8.5697,207.5631,35.2976
2045-09-06,29.4498,0.0025,32.6915,6.4682,801.2330,157.7937,92.9102,8.9765,211.4706,36.4633
2045-09-07,29.5359,0.0000,30.0379,4.6550,808.2535,161.6096,92.9605,8.2507,215.4977,34.5593
2045-09-08,29.7988,0.0000,33.1060,4.2223,815.3212,165.2895,93.0108,8.1299,219.3881,34.2813
2045-09-09,30.4811,0.0000,31.3264,4.6476,822.5118,169.1507,93.0612,8.3648,223.4298,34.9887
2045-09-10,31.6787,0.0000,28.1930,4.3256,829.9180,173.3412,93.4530,8.6932,227.7564,35.9432
2045-09-11,33.9276,0.0000,26.9082,4.0744,837.7290,177.8994,94.0916,9.3801,232.4118,37.8349
2045-09-12,34.4041,0.0000,28.0548,4.0476,845.6257,182.4470,94.1423,9.4334,237.0389,38.0258
2045-09-13,34.3363,0.0630,31.7003,3.4145,853.5103,186.7560,94.1930,9.2016,241.4392,37.4565
2045-09-14,34.6645,0.0000,32.8981,2.8212,861.4539,191.0287,94.2437,8.9934,245.7942,36.9384
2045-09-15,32.5989,0.0000,31.3023,7.2120,869.0257,195.1503,94.2945,11.2995,249.9675,42.8584
2045-09-16,28.0802,0.0000,27.4195,12.2365,875.7841,198.9209,94.3453,14.6575,253.7521,50.5649
2045-09-17,26.7374,0.0000,25.0840,9.7276,882.3008,202.6338,94.3961,13.0076,257.4496,46.9379
2045-09-18,28.9352,0.0000,23.9137,5.5629,889.2132,206.7024,94.4469,10.6194,261.4602,41.2680
2045-09-19,29.8038,0.0000,28.6779,5.0548,896.2819,210.6265,94.4977,10.4237,265.3561,40.8000
2045-09-20,29.8895,0.0000,30.3079,6.2090,903.3660,214.4716,94.3008,10.7519,269.1772,41.6443
2045-09-21,31.4070,0.0000,27.1384,5.5688,910.7232,218.6884,94.3515,10.4838,273.3067,40.9940
2045-09-22,31.9486,0.0000,26.1874,4.2841,918.1780,223.0314,94.4023,9.8958,277.5289,39.5119
2045-09-23,31.7635,0.0000,26.3073,3.6319,925.5994,227.3431,94.4531,9.6432,281.7064,38.8715
2045-09-24,32.4553,0.0000,25.9513,4.4785,933.1454,231.7668,94.5040,10.1342,285.9679,40.1589
2045-09-25,32.7349,0.0000,25.1550,4.9985,940.7416,236.2753,94.5548,10.4763,290.2830,41.0438
2045-09-26,32.1586,0.0000,25.0380,4.8680,948.2342,240.7140,94.6057,10.4808,294.5167,41.0684
2045-09-27,30.6175,0.0000,25.0543,4.1849,955.4493,244.9461,94.6565,10.1973,298.5475,40.3597
2045-09-28,30.5893,0.0000,28.1350,3.5288,962.6594,249.0006,94.7074,9.9350,302.4334,39.6951
2045-09-29,31.1363,0.0000,34.0002,3.8192,969.9679,252.7885,93.9703,9.1061,306.1249,37.5171
2045-09-30,30.4272,0.0003,38.2376,3.3988,977.1488,256.2552,93.0836,7.8793,309.5580,34.1176
2045-10-01,35.6354,0.0000,31.5726,3.6471,984.2672,260.0640,93.4523,8.4002,313.2259,35.5974
2045-10-02,35.4844,0.0000,31.0646,3.1690,991.3584,263.8852,93.5544,8.3178,316.8910,35.3730
2045-10-03,35.7467,0.0000,28.6943,3.4053,998.4968,267.8662,94.0502,9.0174,320.6685,37.3041
2045-10-04,35.9326,0.0000,32.2404,3.7417,1005.6687,271.6684,94.1009,9.2361,324.3138,37.8979
2045-10-05,35.9389,0.0015,31.5913,3.0865,1012.8417,275.5075,94.1516,8.9991,327.9781,37.2650
2045-10-06,35.0454,0.0010,30.7003,3.7923,1019.8538,279.3029,94.2024,9.3906,331.5829,38.3192
2045-10-07,33.3684,0.2013,39.2613,4.6367,1026.5642,282.4751,93.3237,8.6727,334.7032,36.3820
2045-10-08,30.2063,0.1529,45.7967,4.8064,1032.7053,285.0462,91.7500,7.0099,337.3234,31.5947
2045-10-09,29.4200,0.0000,34.4770,3.7004,1038.7049,288.0763,91.8262,6.7019,340.2433,30.6572
2045-10-10,33.1096,0.0000,26.9378,3.2707,1045.3686,291.8634,93.7789,8.6256,343.7748,36.2611
2045-10-11,34.8990,0.0000,26.3523,4.1033,1052.3544,295.8806,94.3846,9.7821,347.5017,39.3660
2045-10-12,33.1714,0.0016,30.8355,5.7418,1059.0293,299.4721,94.4354,10.6987,350.8857,41.7124
2045-10-13,29.9398,0.4863,45.4077,4.5381,1065.1225,302.0397,91.9871,7.1519,353.4836,32.0341
2045-10-14,30.8289,0.0048,44.6413,5.6557,1071.3757,304.7179,91.7659,7.3330,356.1778,32.5755
2045-10-15,29.3172,0.0028,41.6845,5.0101,1077.3568,307.4055,91.8159,7.1486,358.8393,32.0276
2045-10-16,26.2880,0.0027,40.5042,7.2085,1082.7926,309.8745,91.7150,7.8728,361.2745,34.1539
2045-10-17,24.5257,0.2507,45.5435,4.3052,1087.9112,311.9890,90.7984,5.9700,363.4234,28.3590
2045-10-18,27.2925,0.1963,50.3382,3.8478,1093.5279,314.1254,90.2577,5.4002,365.6561,26.4738
2045-10-19,25.4726,6.3301,77.4192,6.2533,993.3275,91.8460,56.4665,0.4343,149.2027,2.4727
2045-10-20,26.5047,0.7144,55.7228,4.3270,998.8023,93.6980,77.7269,1.1455,151.7959,7.1598
2045-10-21,23.7011,0.7819,54.8884,5.1601,1003.7725,95.3932,82.9045,2.0688,154.1600,11.9182
2045-10-22,20.5228,0.6294,67.7063,4.9858,1008.1706,96.4512,82.7363,2.0075,155.6702,11.6683
2045-10-23,22.5845,0.1065,60.5084,5.4715,1012.9398,97.8685,85.0513,2.7959,157.6559,15.1901
2045-10-24,23.6641,0.2750,65.9938,5.6706,1017.9034,99.1445,85.1828,2.8758,159.4601,15.5695
2045-10-25,27.4200,1.6936,65.3218,7.5659,1023.5430,92.8540,79.2755,1.5480,151.3765,9.3218
2045-10-26,25.3277,1.6700,57.3949,8.5379,1028.8060,88.1687,79.5060,1.6629,145.2233,9.7561
2045-10-27,24.0649,0.0600,48.2870,5.0143,1033.8416,90.1405,86.2354,3.2226,148.0170,16.5922
2045-10-28,25.9085,0.5209,64.1132,5.1311,1039.2092,91.6091,85.8734,3.0809,150.1318,16.1127
2045-10-29,26.3829,0.9744,70.4897,3.9600,1044.6621,92.8380,81.4602,1.6319,151.9229,9.7598
2045-10-30,27.2305,0.1012,65.3296,2.8983,1050.2676,94.3262,84.5585,2.2959,154.0612,12.9459
2045-10-31,27.1973,0.0031,61.4233,3.1241,1055.8671,95.9802,86.0473,2.8533,156.4146,15.3922
2045-11-01,28.6942,0.0000,50.9415,3.1671,1060.7361,97.9181,88.1247,3.8427,159.1157,19.3063
2045-11-02,27.9706,0.0492,56.8052,3.9696,1065.4748,99.5829,88.1734,4.0293,161.4432,20.0597
2045-11-03,26.0823,0.0097,32.6160,4.3209,1069.8736,102.0113,91.0287,6.1741,164.7506,27.2349
2045-11-04,22.9112,0.0395,37.2025,3.0500,1073.7016,104.0104,91.0784,5.8323,167.4647,26.2851
2045-11-05,22.4770,3.0274,59.6047,4.8379,1043.1339,77.4603,71.4632,0.8381,130.6637,4.9533
2045-11-06,25.1160,0.0618,47.6292,4.3980,1047.3587,79.2805,84.4587,2.4428,133.3298,12.9058
2045-11-07,21.0565,0.2971,61.0992,3.7731,1050.8529,80.4232,85.2662,2.6438,135.0144,13.8008
2045-11-08,24.9115,16.7725,78.4816,6.8874,806.5303,38.1187,46.4719,0.1451,68.1814,0.3055
2045-11-09,23.9126,5.9557,62.5086,7.0302,759.6148,24.3504,56.4786,0.4521,45.0874,0.7069
2045-11-10,22.1484,0.2065,53.5519,3.8700,763.3056,25.7820,76.7282,1.0376,47.5490,2.8298
2045-11-11,22.9721,0.0142,69.0117,3.9249,767.1445,26.7710,81.6404,1.6640,49.2457,4.9736
2045-11-12,25.7775,0.0982,71.1773,3.9275,771.4885,27.7981,83.5843,2.1229,51.0020,6.4647
2045-11-13,24.0051,3.2252,80.7349,4.3264,756.8973,21.6269,60.2045,0.5156,40.3701,0.7461
2045-11-14,20.9091,18.9844,91.0349,4.9298,605.4487,9.1846,22.7046,0.0005,17.6979,0.0004
2045-11-15,21.0998,32.6958,91.5458,4.6716,426.3996,3.8816,13.6983,0.0000,7.5904,0.0000
2045-11-16,21.6459,7.5189,77.0719,4.0702,402.5512,2.1687,31.6542,0.0066,4.2797,0.0027
2045-11-17,23.2297,0.0203,54.1750,2.8768,406.4366,3.6468,64.8897,0.6070,7.1336,0.3076
2045-11-18,22.1001,0.0731,59.9348,3.3279,410.1186,4.8792,78.3408,1.1471,9.4765,0.6723
2045-11-19,20.9934,2.5702,71.6953,4.4496,413.6014,3.9229,65.3211,0.6684,7.6640,0.3510
2045-11-20,18.3864,0.3021,58.7691,4.0573,416.6149,4.9881,77.6136,1.1198,9.6862,0.6640
2045-11-21,16.2140,0.2044,54.7537,4.0527,419.2375,6.0267,82.7703,1.9235,11.6352,1.8522
2045-11-22,17.3938,0.0512,50.7517,3.9831,422.0724,7.2342,85.4480,2.7402,13.8739,3.4675
2045-11-23,18.6875,0.0593,61.3385,3.4822,425.1401,8.2485,85.4959,2.6897,15.7338,3.6996
2045-11-24,20.2825,0.4638,68.6659,4.7466,428.4950,9.1368,85.5438,2.8858,17.3487,4.2707
2045-11-25,19.3900,13.1873,79.6833,9.2754,379.6329,4.5761,43.7439,0.1075,8.8845,0.0609
2045-11-26,17.3281,23.3083,75.9705,10.8195,299.7143,2.1759,35.6449,0.0243,4.2742,0.0098
2045-11-27,17.5126,0.0373,51.4587,6.6209,302.5706,3.3737,66.0047,0.7651,6.5644,0.3725
2045-11-28,18.0736,2.8079,81.2530,4.5893,301.1043,2.2534,53.3992,0.3017,4.4241,0.1232
2045-11-29,20.5078,9.1029,82.6946,5.3610,279.0603,1.0049,35.4761,0.0177,1.9919,0.0055
2045-11-30,16.6262,2.1460,63.2930,5.2757,281.7570,1.0564,52.6427,0.2889,2.0931,0.0907
2045-12-01,15.0700,0.7197,59.0931,5.5259,284.1736,1.8080,69.0945,0.8030,3.5595,0.3010
2045-12-02,14.0282,0.0472,46.4441,5.0505,286.4027,2.7288,80.1472,1.4896,5.3305,0.6590
2045-12-03,14.6648,0.0015,39.5230,2.6706,288.7463,3.8122,85.3462,2.5288,7.3808,1.9565
2045-12-04,17.7185,0.0080,51.7779,3.2927,291.6397,4.8435,86.2496,2.9608,9.3008,2.9020
2045-12-05,17.7276,0.4180,75.0903,5.1284,294.5346,5.3764,84.6272,2.5930,10.2835,2.6182
2045-12-06,18.3031,14.1961,89.1096,4.9104,256.4965,2.3277,30.0879,0.0045,4.5522,0.0019
2045-12-07,21.6981,4.7133,79.2999,4.4549,250.3505,1.2454,37.6511,0.0272,2.4601,0.0090
2045-12-08,17.6546,0.1384,66.4869,4.4169,253.2323,1.9596,60.7455,0.5351,3.8448,0.2066
2045-12-09,17.7903,0.0130,68.1366,2.8644,256.1385,2.6436,72.5772,0.7906,5.1543,0.3446
2045-12-10,21.2726,2.3572,78.9788,4.0970,259.6716,1.9409,61.4122,0.5470,3.8105,0.2105
2045-12-11,17.6378,23.3079,87.9969,6.9706,199.6614,0.5170,25.2840,0.0012,1.0274,0.0003
2045-12-12,15.8172,3.4094,68.3164,4.4539,197.1863,0.6091,40.2199,0.0453,1.2089,0.0124
2045-12-13,12.9402,0.0075,53.9115,5.7532,199.2195,1.3445,63.8230,0.6706,2.6443,0.2263
2045-12-14,10.4750,0.2509,66.4401,4.0805,200.8090,1.7859,72.6555,0.8432,3.4941,0.3139
2045-12-15,12.8960,13.1816,88.8025,5.4407,172.5595,0.3917,26.3862,0.0016,0.7790,0.0004
2045-12-16,17.6854,1.8412,78.8398,4.2907,175.4468,0.4517,40.9514,0.0515,0.8977,0.0133
2045-12-17,24.2079,7.3901,67.9677,5.7829,164.9314,0.9212,49.5535,0.2078,1.8171,0.0627
2045-12-18,14.4577,9.7868,75.5104,8.0655,147.3651,0.4330,36.6303,0.0263,0.8596,0.0067
2045-12-19,15.6730,1.6637,69.2872,7.2049,149.8902,0.5854,53.4866,0.3472,1.1595,0.0939
2045-12-20,15.7008,10.3799,70.8563,9.8158,131.9223,0.5564,42.3066,0.0867,1.1012,0.0232
2045-12-21,12.8123,0.0275,45.8055,5.3914,133.9325,1.4132,66.7786,0.7393,2.7538,0.2529
2045-12-22,15.0924,0.0722,67.7523,3.6724,136.3531,2.0066,75.2955,0.9372,3.8708,0.3628
2045-12-23,23.9908,0.0841,66.9689,8.4969,140.3755,2.9484,82.2889,2.2659,5.6027,1.1556
2045-12-24,17.6154,0.8742,54.3264,7.8276,143.2503,3.9198,82.3091,2.1962,7.3377,1.4983
2045-12-25,16.0260,0.1350,69.8909,6.6418,145.8389,4.5058,82.9040,2.2291,8.3655,1.7561
2045-12-26,21.3047,0.0642,65.9927,5.4245,149.3778,5.3717,84.1953,2.4827,9.8572,2.3885
2045-12-27,23.8694,0.0568,71.1031,4.2675,153.3783,6.1916,84.2769,2.3679,11.2481,2.4741
2045-12-28,21.7261,0.0394,72.5893,6.6659,156.9930,6.9027,84.3243,2.6893,12.4381,3.1434
2045-12-29,17.7569,4.1634,62.1781,9.8158,153.5730,4.6768,64.0638,0.8317,8.6918,0.4658
2045-12-30,13.1439,2.1081,50.8549,6.1232,155.6429,4.1116,65.9866,0.7457,7.7137,0.3929
2045-12-31,11.1471,10.7802,82.1260,5.4672,135.6507,1.7441,30.8592,0.0057,3.3797,0.0021
