valid_time,tasmax_c,pr_mm,hurs_noon,wind_kmh,dc,dmc,ffmc,isi,bui,fwi
2026-01-01,16.1250,0.0151,78.2140,5.8309,225.4050,1.8762,77.0076,1.1688,3.6760,0.4435
2026-01-02,16.3839,0.0520,75.1811,13.6737,228.0581,2.4104,80.2381,2.3225,4.6968,0.9727
2026-01-03,18.8103,0.0142,62.8211,5.8782,231.1480,3.3218,83.3218,2.2633,6.4131,1.3828
2026-01-04,16.8261,0.1482,63.2905,11.3500,233.8807,4.1319,84.2074,3.3520,7.9142,3.0535
2026-01-05,15.5250,0.0147,68.6311,13.9180,236.3792,4.7739,84.2548,3.8395,9.0889,3.8946
2026-01-06,13.4084,0.0000,77.3343,7.3236,238.4967,5.1788,83.3044,2.4288,9.8242,2.3083
2026-01-07,14.7502,0.0002,70.5990,5.5659,240.8557,5.7525,83.3516,2.2366,10.8567,2.2152
2026-01-08,14.1264,0.0021,73.1665,5.1130,243.1025,6.2555,83.3987,2.1996,11.7547,2.3074
2026-01-09,14.0441,13.7940,80.7871,10.6463,210.1348,2.9050,38.5467,0.0447,5.6159,0.0202
2026-01-10,13.6396,19.2883,85.7331,15.9952,166.0137,1.0288,26.2388,0.0026,2.0262,0.0008
2026-01-11,13.0426,18.4091,85.8747,13.3318,128.3404,0.2459,22.4389,0.0006,0.4895,0.0001
2026-01-12,10.3804,31.0490,93.5405,11.5249,68.4170,0.0913,9.8062,0.0000,0.1820,0.0000
2026-01-13,12.0354,3.7278,80.2877,7.6969,66.0494,0.3188,25.7609,0.0014,0.6299,0.0004
2026-01-14,12.7039,1.4724,74.2146,5.1391,68.0401,0.7570,41.8749,0.0635,1.4730,0.0181
2026-01-15,14.2706,0.0027,64.9164,15.6625,70.3128,1.4208,66.4793,1.2276,2.7050,0.4174
2026-01-16,13.9551,0.0000,59.0737,7.7240,72.5287,2.1794,77.4016,1.3247,4.0542,0.5223
2026-01-17,11.6221,0.0003,69.2588,10.9521,74.3247,2.6609,80.4217,2.0650,4.8845,0.8794
2026-01-18,6.5881,0.0013,81.8254,13.3868,75.2145,2.8329,80.4679,2.3463,5.1782,1.1547
2026-01-19,7.6869,0.0000,64.5172,10.2041,76.3022,3.2167,81.8290,2.3352,5.8200,1.3353
2026-01-20,10.4945,0.0000,62.5808,9.9741,77.8952,3.7508,82.9573,2.6546,6.6956,1.9598
2026-01-21,10.8951,0.0000,63.7935,5.0233,79.5603,4.2855,83.3152,2.1660,7.5538,1.5000
2026-01-22,9.0655,0.1442,83.1614,9.2331,80.8961,4.4962,81.5947,2.1625,7.8954,1.5663
2026-01-23,13.4060,2.2866,75.8767,14.9026,83.0131,3.4210,66.4336,1.1795,6.2030,0.5591
2026-01-24,13.6611,0.0052,76.1306,6.2593,85.1761,3.8548,73.5887,0.9788,6.9259,0.4890
2026-01-25,16.0272,0.0000,60.4735,6.8588,87.7650,4.6882,80.6384,1.7203,8.2718,0.9391
2026-01-26,16.2469,5.4276,63.5103,11.1211,82.5407,2.9040,58.8072,0.6627,5.3384,0.2934
2026-01-27,11.5201,5.0692,79.6160,12.9466,77.2731,1.3588,43.5411,0.1251,2.6032,0.0420
2026-01-28,12.9146,1.1460,64.4124,6.3355,79.3018,1.9728,59.1424,0.5327,3.7147,0.2030
2026-01-29,12.2026,15.4648,89.8220,11.5682,54.3636,0.4681,24.1552,0.0010,0.9165,0.0003
2026-01-30,12.3409,0.0033,64.2397,6.2629,56.2890,1.0598,49.6748,0.2161,2.0244,0.0672
2026-01-31,14.3910,0.5280,80.0075,7.0935,58.5834,1.4411,62.4585,0.6725,2.7152,0.2289
2026-02-01,13.6270,0.0041,63.8124,8.8951,60.7402,2.1981,74.7746,1.1846,4.0315,0.4660
2026-02-02,14.2971,0.0000,38.5858,5.8155,63.0177,3.5414,83.8467,2.4171,6.2102,1.5483
2026-02-03,16.1671,0.0000,41.0802,12.7188,65.6318,4.9865,87.2168,5.4610,8.3811,5.3914
2026-02-04,17.0566,0.0000,55.6976,8.6531,68.4060,6.1292,87.2652,4.4802,10.0150,4.8545
2026-02-05,17.3858,0.0000,56.6385,5.2424,71.2394,7.2678,87.3137,3.7989,11.5817,4.4434
2026-02-06,17.6496,0.0000,55.8555,6.8792,74.1203,8.4435,87.3622,4.1542,13.1438,5.2473
2026-02-07,16.1780,0.0000,66.6191,11.3929,76.7364,9.2628,85.9216,4.2525,14.2311,5.6226
2026-02-08,16.5339,0.0000,65.2727,13.7739,79.4165,10.1327,85.8032,4.7158,15.3645,6.4843
2026-02-09,17.3034,0.0000,65.4092,11.4269,82.2351,11.0370,85.8512,4.2180,16.5282,6.0833
2026-02-10,17.7046,0.0019,61.8669,4.9987,85.1259,12.0556,85.8992,3.0715,17.8067,4.6406
2026-02-11,18.4541,0.0000,61.1700,5.4444,88.1517,13.1341,85.9472,3.1625,19.1392,5.0082
2026-02-12,18.5294,0.0007,60.8194,4.4616,91.1909,14.2266,85.9952,3.0300,20.4696,5.0057
2026-02-13,17.3643,0.0009,61.5144,8.1577,94.0205,15.2361,86.0433,3.6750,21.6864,6.2695
2026-02-14,12.5933,0.0000,44.5005,12.3696,95.9913,16.3156,86.8218,5.0725,22.9003,8.6601
2026-02-15,13.5722,0.0000,42.3651,6.8723,98.1383,17.5168,87.4171,4.1854,24.2241,7.5485
2026-02-16,15.1923,0.0000,46.3413,4.7355,100.5769,18.7587,87.4656,3.7843,25.5868,7.1174
2026-02-17,18.0223,0.0000,60.4283,5.0080,103.5249,19.8336,87.0234,3.6022,26.8210,6.9994
2026-02-18,18.8761,0.0002,67.1684,4.7172,106.6266,20.7652,86.1194,3.1233,27.9315,6.2844
2026-02-19,18.0098,0.0000,63.3749,6.3906,109.5724,21.7594,86.1675,3.4212,29.0811,7.0140
2026-02-20,18.9298,0.0000,45.4962,7.6521,112.6838,23.3101,87.5363,4.4279,30.7287,9.1052
2026-02-21,17.7328,0.0000,54.5743,9.7217,115.5797,24.5254,87.5848,4.9489,32.0491,10.2436
2026-02-22,18.9732,0.0000,36.9142,8.8986,118.6989,26.3242,89.1406,5.9345,33.8699,12.2469
2026-02-23,17.0488,0.0005,47.3218,14.5279,121.4716,27.6823,88.9725,7.6930,35.2702,15.3228
2026-02-24,15.6778,0.0060,49.6736,14.4417,123.9977,28.8817,88.4683,7.1249,36.5059,14.7133
2026-02-25,16.5867,0.0000,46.4113,12.3605,126.6873,30.2281,88.5172,6.4607,37.8677,13.9107
2026-02-26,16.8895,0.0000,46.5394,10.6809,129.4314,31.5942,88.5661,5.9782,39.2414,13.3477
2026-02-27,16.3099,0.0004,48.1436,14.8989,132.0712,32.8766,88.6149,7.4460,40.5302,16.0798
2026-02-28,16.5712,0.0000,38.0828,17.3767,134.7580,34.4309,88.9045,8.7943,42.0208,18.5469
2026-03-01,17.4819,0.0000,44.1011,12.7054,137.6087,36.2015,88.9535,6.9988,43.6771,15.9640
2026-03-02,17.9717,0.0004,41.8527,9.8465,140.5476,38.0918,89.0025,6.1027,45.4133,14.6848
2026-03-03,19.4754,0.0402,41.6170,13.2318,143.7572,40.1395,89.0515,7.2889,47.2773,17.1641
2026-03-04,20.1767,0.0813,42.2641,12.6974,147.0930,42.2335,89.1006,7.1453,49.1715,17.2668
2026-03-05,17.2556,2.7015,62.2693,14.8512,149.9030,35.7576,72.2922,1.4306,44.7993,3.9455
2026-03-06,15.1543,9.1296,72.1106,14.0538,134.6692,18.8226,48.3558,0.2703,27.8973,0.3040
2026-03-07,15.1588,8.1815,73.3312,9.6976,122.1667,10.5922,40.9232,0.0673,17.4105,0.0559
2026-03-08,14.5501,5.5929,76.6453,6.0474,115.5807,6.4935,37.0065,0.0257,11.3876,0.0167
2026-03-09,14.5105,8.9230,83.0442,7.5964,102.0875,3.3305,28.5399,0.0033,6.1587,0.0016
2026-03-10,14.5877,8.9209,82.9388,6.7595,89.1271,1.5698,25.9593,0.0015,3.0072,0.0005
2026-03-11,16.1414,5.2425,72.0615,7.5511,84.2279,1.0333,38.4426,0.0374,2.0050,0.0116
2026-03-12,18.0846,0.6513,62.3176,9.3383,87.1872,2.2656,65.2654,0.8532,4.2547,0.3430
2026-03-13,13.3156,3.8705,75.6829,15.5679,84.5609,1.3470,53.7952,0.5457,2.5909,0.1829
2026-03-14,13.9036,0.0015,48.6259,13.3107,86.7676,2.6609,75.2013,1.5150,4.9429,0.6485
2026-03-15,14.9723,0.0000,44.7387,9.9922,89.1666,4.1749,83.7102,2.9299,7.4749,2.4646
2026-03-16,16.9216,0.0879,54.0271,9.2646,91.9165,5.5872,85.4596,3.5814,9.7003,3.7445
2026-03-17,16.4631,0.0064,61.5290,6.4283,94.5838,6.7389,85.5074,3.1252,11.4402,3.5530
2026-03-18,19.4537,0.0019,55.3013,6.8573,97.7895,8.3050,86.1469,3.4925,13.7010,4.5011
2026-03-19,15.7266,4.2580,70.2754,8.3064,94.6731,5.6708,58.6719,0.5697,9.8644,0.3411
2026-03-20,19.2335,0.0053,58.9570,9.2511,97.8392,7.0934,76.7237,1.3604,12.0099,0.9083
2026-03-21,18.7268,0.0003,57.2986,4.3914,100.9140,8.5365,82.6525,1.9278,14.0927,2.2161
2026-03-22,22.2645,0.0111,49.4459,8.6749,104.6256,10.5500,86.6851,4.1299,16.8518,6.0294
2026-03-23,23.4531,0.3121,49.2453,10.0381,108.5511,12.6742,87.8230,5.2027,19.6211,8.1246
2026-03-24,22.7881,0.6278,50.7777,8.6305,112.3570,14.6785,87.0346,4.3304,22.1295,7.3843
2026-03-25,23.0531,0.0000,49.9055,8.9993,116.2106,16.7410,87.7359,4.8762,24.6165,8.7161
2026-03-26,22.8296,0.0030,51.4673,13.8026,120.0239,18.7207,87.7845,6.2548,26.9374,11.2855
2026-03-27,23.8511,0.1512,41.4832,28.1774,124.0211,21.2095,89.3633,16.1870,29.7148,24.2230
2026-03-28,21.0050,3.2817,57.2558,13.4326,123.6228,17.2200,73.4986,1.3994,25.5445,2.3858
2026-03-29,18.1093,1.9405,67.1198,6.7920,126.5865,16.2726,69.1237,0.8567,24.6299,0.8876
2026-03-30,17.7991,3.0334,65.9112,8.8937,126.1379,13.1146,63.0485,0.7580,20.8181,0.7048
2026-03-31,19.0671,0.9370,59.8738,9.3926,129.2740,14.4940,75.4912,1.2646,22.6417,1.7995
2026-04-01,16.4983,1.6513,63.5203,12.9469,133.1977,15.0456,73.7073,1.3784,23.4649,2.1508
2026-04-02,15.7051,1.9575,63.2309,10.6932,136.9786,14.6095,70.2779,1.0819,23.0682,1.3337
2026-04-03,19.0283,0.0019,49.0002,4.6823,141.3577,17.0982,81.8014,1.7621,26.2566,3.2944
2026-04-04,22.9791,0.0105,39.4023,15.6886,146.4479,20.6356,88.5381,7.6632,30.5200,14.1652
2026-04-05,24.2255,0.0070,37.4699,11.6847,151.7625,24.4747,90.0929,7.8283,34.8848,15.4389
2026-04-06,18.3959,13.2354,61.1034,8.7002,129.0118,12.8019,53.6913,0.3821,20.5146,0.3520
2026-04-07,15.8352,3.8342,68.6954,12.6839,127.6522,9.6432,54.8936,0.5237,16.2227,0.4171
2026-04-08,16.2189,12.7151,70.8521,8.1799,107.1397,5.5277,40.5421,0.0581,9.7924,0.0346
2026-04-09,17.1484,12.4138,64.2925,11.1684,88.5865,3.7871,44.7354,0.1386,6.8429,0.0688
2026-04-10,17.0400,1.8829,63.1013,11.9922,92.6077,4.4022,62.3949,0.8580,7.8692,0.4566
2026-04-11,16.9621,6.7430,63.5093,13.0358,86.0206,3.4250,54.6731,0.5223,6.2298,0.2481
2026-04-12,17.2449,0.0064,51.0018,8.2815,90.0786,5.6041,75.6247,1.2054,9.6996,0.7153
2026-04-13,14.1720,14.5521,78.8530,18.6477,67.7842,2.9799,42.3781,0.1369,5.3697,0.0608
2026-04-14,14.8726,13.0628,74.6857,8.0140,49.6935,1.8324,34.0482,0.0146,3.3554,0.0053
2026-04-15,19.6611,0.0614,49.8883,12.0527,54.1865,4.3546,70.2706,1.1583,7.2521,0.5918
2026-04-16,19.3650,0.0001,49.7348,11.0150,58.6262,6.8484,82.8316,2.7532,10.6009,2.8943
2026-04-17,19.5585,0.0000,48.8388,6.9592,63.1007,9.4107,86.2451,3.5594,13.7098,4.5936
2026-04-18,21.1538,0.0003,47.8582,5.3313,67.8624,12.2238,87.5169,3.9284,16.8567,5.7463
2026-04-19,22.5847,0.0006,47.7252,6.4739,72.8816,15.2254,88.0648,4.5006,20.0036,7.2144
2026-04-20,23.7198,0.0000,47.5172,4.9130,78.1052,18.3833,88.3643,4.3428,23.1467,7.5987
2026-04-21,23.9323,0.0010,46.4338,6.2629,83.3670,21.6341,88.6137,4.8178,26.2428,8.9440
2026-04-22,24.3998,0.0044,38.1234,8.2260,88.7130,25.4593,89.9928,6.4826,29.6475,12.2295
2026-04-23,24.6557,0.0067,32.1380,6.4756,94.1050,29.6966,91.2393,7.0917,33.2005,13.9418
2026-04-24,23.4262,1.6855,50.0142,8.2140,99.2757,31.0021,82.3623,2.2542,34.8200,5.2908
2026-04-25,23.3707,0.1554,51.9165,13.2987,104.4364,33.8546,86.6205,5.1659,37.3999,11.5713
2026-04-26,19.2521,1.3101,54.3131,14.8706,108.8558,36.1088,81.9697,3.0047,39.4787,7.5341
2026-04-27,20.7202,0.0000,46.3750,5.3395,113.5395,38.9455,86.4856,3.3937,41.9325,8.7046
2026-04-28,24.3767,0.0000,40.4164,4.9603,118.8813,42.6256,89.1494,4.8724,44.9545,12.2411
2026-04-29,26.0126,0.0000,36.4971,8.3502,124.5175,46.7996,90.6043,7.1197,48.2565,17.0499
2026-04-30,24.6143,0.0003,43.3698,8.8556,129.9021,50.3299,90.6539,7.3552,51.1324,18.0103
2026-05-01,20.1522,0.3945,57.3766,11.6310,135.9335,52.7147,88.3179,6.0519,53.5312,15.9540
2026-05-02,20.5593,0.0021,43.0282,9.3242,142.0382,55.9633,88.6409,5.6435,56.3861,15.5655
2026-05-03,22.2955,0.0474,51.8925,9.0726,148.4554,58.9264,88.6898,5.6116,59.1534,15.9110
2026-05-04,25.4874,0.0000,39.8304,6.3707,155.4471,63.1380,89.8841,5.8128,63.1266,16.9283
2026-05-05,29.2241,0.0000,32.5757,6.1173,163.1114,68.5207,91.8892,7.6377,68.4820,21.5833
2026-05-06,28.9602,0.0000,30.2910,11.5238,170.7282,74.0373,92.5306,10.9797,73.9699,28.9135
2026-05-07,28.9529,0.0001,28.9836,12.0496,178.3438,79.6561,92.8375,11.7713,79.5586,31.4275
2026-05-08,27.0149,0.0000,36.8692,13.1044,185.6104,84.3288,92.5439,11.9123,84.2108,32.5754
2026-05-09,25.9181,0.0000,34.8539,6.7396,192.6797,88.9626,92.5941,8.7051,88.8234,27.0561
2026-05-10,24.3852,0.0001,33.7724,10.7115,199.4730,93.4061,92.6085,10.6555,93.2463,31.7905
2026-05-11,23.9112,0.0030,36.3240,13.1922,206.1811,97.5989,92.1705,11.3517,97.4209,33.8610
2026-05-12,22.2303,0.0011,39.1500,13.6832,212.5865,101.3363,91.4468,10.5025,101.1441,32.7216
2026-05-13,22.4701,0.0011,44.6289,12.9481,219.0351,104.7722,90.5319,8.8836,104.5696,29.6922
2026-05-14,26.1161,0.0000,36.4209,5.9058,226.1400,109.3277,90.8369,6.5071,109.1035,24.4381
2026-05-15,28.9683,0.0000,29.8925,6.5781,233.7583,114.8774,92.4586,8.4715,114.6208,29.9426
2026-05-16,30.0869,0.0000,26.3299,9.5125,241.5780,120.9261,93.5148,11.3875,120.6306,37.2119
2026-05-17,30.1186,0.0000,23.3922,9.4340,249.4033,127.2223,94.1984,12.4715,126.8834,40.2285
2026-05-18,31.0820,0.0000,20.8036,6.3324,257.4021,133.9321,94.9278,11.7939,133.5434,39.4937
2026-05-19,33.1529,0.0000,20.6098,6.3164,265.7736,141.0913,95.3527,12.4894,140.6465,41.6642
2026-05-20,33.5796,0.0029,17.1081,5.2925,274.2219,148.6593,96.1765,13.2646,148.1507,43.9570
2026-05-21,33.5405,0.0000,24.5019,7.3927,282.6632,155.5445,96.0603,14.5155,154.9802,47.0937
2026-05-22,31.6530,0.0000,30.3077,8.2674,290.7648,161.5538,94.8390,12.8445,160.9441,43.9688
2026-05-23,30.1312,0.0000,35.0258,9.4279,298.5924,166.8961,93.6305,11.5233,166.2489,41.3095
2026-05-24,26.0821,1.0042,45.1261,10.7088,305.6912,170.8229,87.8909,5.4341,170.1563,25.1156
2026-05-25,24.3578,0.3391,48.2681,12.8867,312.4796,174.2901,88.3346,6.4627,173.6093,28.4216
2026-05-26,26.0893,0.0000,43.1041,12.8013,319.5796,178.3627,89.4555,7.5582,177.6594,31.7365
2026-05-27,27.9759,0.0000,36.7892,9.0897,327.0193,183.2013,90.9244,7.7354,182.4643,32.3867
2026-05-28,31.4242,0.0000,26.3721,5.2563,335.0797,189.5057,93.5358,9.2163,188.7128,36.5658
2026-05-29,33.1235,0.0000,24.7852,8.3719,343.4459,196.2825,94.4013,12.1575,195.4259,43.9554
2026-05-30,30.3520,0.0000,30.3678,11.5771,351.3132,202.0482,94.3210,14.1311,201.1412,48.5256
2026-05-31,26.1030,0.0000,39.2785,16.1171,358.4158,206.3968,92.2774,13.3542,205.4592,46.9402
2026-06-01,24.8099,0.0000,34.1669,11.6551,366.2856,210.8874,92.3275,10.7409,209.9216,40.9440
2026-06-02,30.0363,0.0000,24.3385,7.2678,375.0961,217.0895,93.8700,10.6845,216.0692,40.9223
2026-06-03,31.1977,0.0000,24.1332,11.4096,384.1157,223.5404,94.2532,13.8817,222.4610,48.4687
2026-06-04,33.1269,0.0000,18.4704,11.7902,393.4825,230.8868,95.7700,17.4178,229.7318,55.9637
2026-06-05,35.5994,0.0001,18.1587,13.0322,403.2944,238.7941,96.3092,19.9455,237.5534,60.9458
2026-06-06,35.7193,0.0048,19.9881,11.7529,413.1279,246.5499,96.3606,18.8305,245.2244,58.9458
2026-06-07,36.9435,0.0002,20.2367,8.7143,423.1817,254.5386,96.4121,16.2695,253.1229,53.9527
2026-06-08,37.6318,0.0000,20.2516,8.5751,433.3594,262.6704,96.4635,16.2681,261.1599,54.0217
2026-06-09,39.6817,0.0000,20.0024,9.3632,443.9062,271.2593,96.5997,17.2398,269.6444,56.0593
2026-06-10,40.1546,0.0000,18.4234,10.1882,454.5380,280.1192,97.0057,18.9765,278.3916,59.5213
2026-06-11,40.2824,0.0000,17.4551,10.5905,465.1928,289.1121,97.2361,19.9697,287.2658,61.4533
2026-06-12,32.6928,0.0000,31.1371,12.4924,474.4815,295.2385,94.9524,16.1410,293.3274,53.9449
2026-06-13,34.0514,0.0000,25.0724,8.7215,484.0148,302.1725,95.0034,13.4413,300.1780,48.1383
2026-06-14,35.6700,0.0000,24.0078,8.2982,493.8394,309.5287,95.0654,13.2698,307.4416,47.7705
2026-06-15,36.7346,0.0000,23.9605,11.6525,503.8556,317.1027,95.2520,16.1194,314.9175,53.9668
2026-06-16,37.4459,0.0000,17.8134,11.8211,513.9999,325.4428,96.6557,19.6601,323.1390,60.9929
2026-06-17,37.1631,0.0275,18.2337,10.6418,524.0932,333.6795,96.7072,18.6545,331.2568,59.0832
2026-06-18,39.1061,0.0197,19.7930,10.7347,534.5363,342.1693,96.7588,18.8721,339.6218,59.5175
2026-06-19,37.3056,0.0284,19.9067,10.6659,544.6553,350.2674,96.8104,18.9373,347.6001,59.6539
2026-06-20,40.1832,0.0000,15.9613,9.5612,555.2923,359.4011,97.5195,19.6887,356.5881,61.0983
2026-06-21,41.4379,0.0000,13.5176,7.4319,566.1551,369.0861,98.2126,19.3830,366.1107,60.5266
2026-06-22,41.6870,0.0000,17.5665,7.5291,577.0628,378.3717,98.2647,19.6121,375.2424,60.9687
2026-06-23,40.3637,0.0000,22.1206,8.2988,587.7322,386.8730,97.7670,19.0917,383.6073,59.9810
2026-06-24,36.7093,0.0000,22.1728,10.9650,597.7439,394.6199,97.1603,20.1456,391.2308,61.9826
2026-06-25,36.0185,0.0000,19.8841,8.7041,607.6312,402.4488,97.2121,18.1009,398.9306,58.0619
2026-06-26,37.8336,0.0000,18.9001,8.2803,617.8453,410.7615,97.2638,17.8410,407.1008,57.5513
2026-06-27,38.9037,0.0000,18.3687,7.2259,628.2520,419.3586,97.3156,17.0348,415.5463,55.9383
2026-06-28,39.6381,0.0000,15.2521,8.1779,638.7908,428.4478,97.5935,18.5445,424.4671,58.9374
2026-06-29,37.1616,0.0000,17.9867,11.9619,648.8839,436.7089,97.6454,22.5950,432.5786,66.4560
2026-06-30,31.7258,0.0000,26.8693,13.2620,657.9985,443.0288,95.6542,18.4660,438.7989,58.7869
2026-07-01,30.3708,0.0000,29.9005,10.3102,667.1693,448.2100,94.6431,13.8588,443.9178,49.2027
2026-07-02,31.0036,0.0001,29.4442,10.3411,676.4539,453.5297,94.6070,13.8116,449.1716,49.0980
2026-07-03,32.6933,0.0000,25.8596,7.7174,686.0427,459.4139,94.6578,12.1862,454.9741,45.3659
2026-07-04,33.9666,0.0000,22.3039,8.4687,695.8607,465.8126,95.1181,13.4812,461.2760,48.3572
2026-07-05,32.9230,0.0000,25.1615,10.3223,705.4909,471.7926,95.1691,14.9047,467.1701,51.4969
2026-07-06,31.9790,0.0000,30.0856,10.5327,714.9511,477.2241,94.7340,14.1914,472.5317,49.9423
2026-07-07,31.9808,0.0000,28.8436,9.7107,724.4116,482.7524,94.7849,13.7112,477.9864,48.8756
2026-07-08,31.5506,0.0000,29.6704,11.0211,733.7947,488.1454,94.6729,14.4234,483.3089,50.4525
2026-07-09,32.1562,0.0000,29.3331,10.1258,743.2868,493.6648,94.7238,13.8840,488.7543,49.2619
2026-07-10,33.1934,0.0000,26.7454,7.8782,752.9657,499.5647,94.7748,12.4843,494.5687,46.0690
2026-07-11,35.1442,0.0000,25.2128,7.6326,762.9956,505.9307,94.8257,12.4173,500.8365,45.9124
2026-07-12,35.3428,0.0000,32.2452,8.8541,773.0613,511.7297,94.8148,13.1859,506.5571,47.6893
2026-07-13,38.5166,0.0000,27.7815,6.7950,783.6983,518.4491,94.8657,11.9697,513.1718,44.8547
2026-07-14,38.8440,0.0000,29.3179,10.8003,794.3942,525.0798,94.9167,14.7493,519.7009,51.1633
2026-07-15,32.9441,0.0000,36.0073,12.1978,804.0282,530.1963,93.8305,13.6226,524.7564,48.6783
2026-07-16,34.6233,0.0000,23.7874,7.4734,813.9644,536.5905,94.8662,12.3868,531.0463,45.8414
2026-07-17,35.9972,0.0000,14.6228,7.6259,824.1478,544.0289,97.0606,16.8006,538.3443,55.4722
2026-07-18,36.2290,0.0000,13.0054,8.2127,834.3731,551.6557,97.5467,18.4620,545.8226,58.7851
2026-07-19,36.2166,0.0000,13.1282,8.1420,844.5961,559.2692,97.5985,18.5234,553.2865,58.9048
2026-07-20,36.0189,0.0000,13.1637,8.0116,854.7835,566.8392,97.6504,18.5290,560.7066,58.9159
2026-07-21,37.1502,0.0000,11.7560,5.8175,865.1745,574.7664,97.9580,17.2789,568.4713,56.4414
2026-07-22,36.1886,0.0000,14.1790,8.6529,875.3924,582.2822,98.0100,20.0700,575.8363,61.8607
2026-07-23,34.8279,0.0000,16.2686,5.8483,885.3655,589.3473,97.9441,17.2738,582.7637,56.4312
2026-07-24,37.8799,0.0000,16.0612,5.0585,895.8878,597.0316,97.9960,16.7141,590.2921,55.2962
2026-07-25,37.9722,0.0000,23.5994,5.8665,906.4268,604.0424,97.1738,15.6093,597.1726,53.0023
2026-07-26,38.1912,0.0000,22.7720,6.6569,917.0053,611.1688,97.1748,16.2456,604.1637,54.3324
2026-07-27,35.8406,0.0000,25.7998,9.0994,927.1606,617.6062,96.3344,16.4157,610.4865,54.6837
2026-07-28,35.7283,0.0000,28.9309,6.0806,937.2957,623.7533,95.6734,12.8927,616.5297,47.0184
2026-07-29,38.5609,0.0000,20.7222,6.4664,947.9406,631.1377,96.2374,14.1891,623.7661,49.9398
2026-07-30,38.2504,0.0000,19.6215,8.5779,958.5297,638.5660,96.4396,16.2181,631.0426,54.2753
2026-07-31,37.3303,0.0000,22.5207,6.8276,968.9532,645.5590,96.4911,14.9521,637.8982,51.6020
2026-08-01,35.6866,0.0000,29.1698,9.8776,978.3807,650.9381,95.6183,15.4948,643.1919,52.7603
2026-08-02,30.4743,0.0000,40.6870,12.6230,986.8701,654.8044,92.8018,12.0558,647.0222,45.0605
2026-08-03,28.9597,0.0000,45.2524,12.3038,995.0869,658.2019,91.4956,9.8654,650.3992,39.6206
2026-08-04,32.1627,0.0000,32.7759,6.1758,1003.8802,662.8181,92.5302,8.3855,654.9522,35.6318
2026-08-05,34.9450,0.0000,30.1722,9.1058,1013.1743,668.0142,93.5808,11.2596,660.0677,43.1393
2026-08-06,32.4385,0.0000,34.6031,8.3324,1022.0172,672.5422,93.6314,10.9057,664.5363,42.2657
2026-08-07,36.8622,0.0000,18.5590,6.1831,1031.6564,678.9249,96.2989,14.1045,670.7921,49.7530
2026-08-08,37.5487,0.0000,12.6332,7.9732,1041.4192,685.8958,97.7790,18.8110,677.6118,59.4634
2026-08-09,36.1512,0.0000,15.3314,8.7029,1050.9304,692.4071,97.8309,19.6500,683.9868,61.0693
2026-08-10,36.9343,0.0000,18.9696,5.6433,1060.5826,698.7696,97.7459,16.6541,690.2208,55.1735
2026-08-11,36.4647,0.0000,27.5091,8.0622,1070.1502,704.3914,96.2243,15.3500,695.7445,52.4533
2026-08-12,36.5774,0.0000,22.5654,7.1266,1079.7381,710.4145,96.2757,14.7451,701.6517,51.1550
2026-08-13,35.8707,0.0000,20.9646,7.4164,1089.1989,716.4468,96.3271,15.0661,707.5650,51.8469
2026-08-14,36.7992,0.0000,19.2394,5.2223,1098.8267,722.7656,96.3786,13.5829,713.7540,48.5899
2026-08-15,36.1640,0.0000,19.8318,7.4856,1108.3402,728.9330,96.4300,15.3298,719.7957,52.4102
2026-08-16,32.5075,0.0014,20.3658,9.8714,1117.1956,734.4581,96.4815,17.4082,725.2129,56.7015
2026-08-17,29.0935,0.0000,33.0510,11.2972,1125.4364,738.6313,94.1004,13.5146,729.3291,48.4359
2026-08-18,30.9523,0.0000,33.1831,6.0775,1134.0118,743.0526,93.9148,10.1253,733.6874,40.2929
2026-08-19,33.2546,0.0000,31.7335,8.7746,1143.0017,747.8943,93.9655,11.6810,738.4534,44.1636
2026-08-20,32.8829,0.0000,33.1488,8.7329,1151.9246,752.5843,94.0161,11.7387,743.0734,44.3024
2026-08-21,33.2498,0.0000,33.6662,7.4718,1160.9135,757.2883,94.0668,11.0936,747.7075,42.7311
2026-08-22,33.2755,0.0000,39.7388,7.4167,1169.9071,761.5648,93.1831,9.7827,751.9336,39.4052
2026-08-23,32.7280,0.0000,39.7380,8.7567,1178.8021,765.7733,92.9735,10.1635,756.0931,40.3911
2026-08-24,31.0353,0.0031,34.9607,9.9624,1187.3925,770.0882,93.0238,10.8766,760.3490,42.1933
2026-08-25,30.6844,0.0009,38.5354,8.5457,1195.9197,774.1213,92.8425,9.8730,764.3350,39.6406
2026-08-26,32.1391,0.0000,35.1051,7.4269,1204.7087,778.5745,92.8928,9.3979,768.7257,38.3914
2026-08-27,30.8666,0.0000,36.6446,9.2579,1213.2687,782.7555,92.9431,10.3791,772.8531,40.9419
2026-08-28,30.6414,0.0000,37.8687,7.4795,1221.7882,786.8269,92.9269,9.4680,776.8751,38.5776
2026-08-29,33.9919,0.0000,33.0964,7.1116,1230.9107,791.6738,92.9772,9.3599,781.6462,38.2903
2026-08-30,29.0720,0.0481,53.8813,10.2334,1239.1477,794.5465,90.1964,7.3849,784.5206,32.7555
2026-08-31,28.8941,0.0041,50.5872,9.5706,1247.3526,797.6062,90.2459,7.1930,787.5728,32.1848
2026-09-01,29.3997,0.0000,36.1227,9.8359,1254.3486,801.0748,91.3723,8.5605,790.9947,36.1190
2026-09-02,30.0474,0.0000,31.5470,7.9414,1261.4611,804.8707,92.4067,9.0077,794.7305,37.3444
2026-09-03,32.0776,0.0000,24.3279,4.7797,1268.9391,809.3405,94.1945,9.8589,799.1142,39.6038
2026-09-04,33.3240,0.0000,27.8712,7.5455,1276.6414,813.7611,94.2452,11.4131,803.4545,43.5144
2026-09-05,33.2371,0.0000,29.6963,8.8233,1284.3281,818.0590,94.2960,12.2577,807.6774,45.5384
2026-09-06,33.4770,0.0000,24.9519,8.2864,1292.0579,822.6789,94.4797,12.2368,812.2075,45.4890
2026-09-07,33.0044,0.0000,24.4908,9.9415,1299.7027,827.2637,94.5306,13.3947,816.7024,48.1649
2026-09-08,33.1922,0.0000,23.1265,11.0408,1307.3813,831.9570,94.8206,14.7335,821.3008,51.1300
2026-09-09,33.7972,1.1646,23.4203,11.9699,1315.1688,836.7148,93.8243,13.4555,825.9622,48.3025
2026-09-10,33.0176,0.8517,30.8688,9.0960,1322.8160,840.9140,92.4810,9.6479,830.0891,39.0521
2026-09-11,30.8298,5.6916,48.2457,9.2340,1177.5674,104.3033,78.4587,1.5608,170.7877,9.7380
2026-09-12,29.8070,0.0065,56.8130,5.7499,1184.6366,106.6797,86.0196,3.2444,174.1523,17.4230
2026-09-13,31.0868,0.0000,48.7834,7.0790,1191.9363,109.6147,88.9855,5.2954,178.2484,24.9028
2026-09-14,29.5980,8.3770,64.4612,10.3750,1023.5323,59.8593,68.7965,1.0156,104.4475,5.2383
2026-09-15,28.4020,0.0056,60.6189,8.3314,1030.3487,61.9277,83.1051,2.4904,107.6762,11.8445
2026-09-16,27.6296,0.0000,40.8606,7.8427,1037.0260,64.9527,89.2181,5.6900,112.3181,22.5303
2026-09-17,28.8547,0.0000,33.7463,6.7066,1043.9238,68.4860,91.5404,7.4883,117.6724,27.8378
2026-09-18,26.7568,0.0214,36.4656,9.1799,1050.4441,71.6370,91.5903,8.5425,122.4049,30.9287
2026-09-19,23.6525,0.0384,46.0576,9.5805,1056.4055,74.0141,90.5266,7.4914,125.9648,28.6133
2026-09-20,24.7075,0.0006,42.4320,6.3960,1062.5569,76.6592,90.5761,6.4261,129.8906,26.0528
2026-09-21,30.1548,0.0035,29.0561,5.2587,1069.6887,80.6068,92.7636,8.2739,135.6574,31.4280
2026-09-22,30.0585,0.0000,32.7574,6.2194,1076.8032,84.3370,92.8139,8.7458,141.0549,33.0314
2026-09-23,30.8748,0.0000,30.9799,3.3780,1084.0647,88.2661,92.8642,7.6327,146.6758,30.5123
2026-09-24,32.4565,0.0000,26.5783,3.1981,1091.6109,92.6525,93.8514,8.6811,152.8677,33.6445
2026-09-25,31.0216,0.0000,35.1337,6.6442,1098.8988,96.3621,93.5717,9.9334,158.0711,37.0850
2026-09-26,26.5010,19.2048,61.0026,10.2320,803.6367,46.0025,63.0651,0.8115,80.4868,3.3468
2026-09-27,21.4855,36.7980,77.2003,10.1007,517.3849,17.2447,40.5812,0.0645,31.8366,0.0792
2026-09-28,23.8675,0.0000,51.2047,8.6924,523.3851,19.4137,74.6844,1.1670,35.5325,2.5238
2026-09-29,25.0546,0.0606,49.0683,6.3659,529.5989,21.7853,85.3413,3.0443,39.5078,7.6267
2026-09-30,26.0702,0.0000,49.7434,5.0282,535.9956,24.2164,87.7864,4.0208,43.5175,10.2746
2026-10-01,28.3389,0.0005,43.7932,5.2750,541.8006,26.7235,89.5410,5.2365,47.5800,13.3776
2026-10-02,26.6448,1.1556,55.6013,7.4768,547.3006,28.5900,84.6338,2.9214,50.5751,8.5745
2026-10-03,25.7577,1.5551,59.0328,8.7520,552.6410,29.2843,80.9668,1.9631,51.7173,6.0596
2026-10-04,23.1903,0.6885,61.2285,13.4694,557.5193,30.7113,83.8869,3.5736,53.9877,10.5792
2026-10-05,23.2909,0.5863,56.3841,10.0384,562.4156,32.3232,85.7074,3.8547,56.5248,11.5625
2026-10-06,22.8588,0.0003,55.4942,8.9969,567.2342,33.9388,86.6449,4.1736,59.0456,12.6377
2026-10-07,22.4518,0.0269,60.6596,8.9238,571.9795,35.3427,86.6931,4.1867,61.2273,12.9358
2026-10-08,22.1428,9.6982,70.9422,11.8463,524.4652,18.3842,56.7907,0.5911,33.8059,0.7568
2026-10-09,22.5657,0.0013,48.3910,7.8655,529.2311,20.2348,79.8065,1.6569,36.9388,3.9993
2026-10-10,23.8913,0.0000,35.7293,13.9826,534.2355,22.6685,89.0107,7.5257,40.9890,16.3057
2026-10-11,23.9097,0.0000,36.2406,14.0183,539.2432,25.0847,90.3353,9.1159,44.9427,19.7088
2026-10-12,24.5603,0.0000,41.5827,13.3200,544.3681,27.3560,90.3847,8.8632,48.6055,20.1038
2026-10-13,26.3477,0.0002,41.9285,8.5939,549.8147,29.7711,90.4342,7.0346,52.4430,17.6609
2026-10-14,27.3618,0.0000,43.8084,7.0810,555.4438,32.1944,90.4837,6.5645,56.2394,17.4141
2026-10-15,27.6453,0.1616,51.2687,7.5637,561.1240,34.3169,90.0882,6.3561,59.5317,17.5288
2026-10-16,27.8628,0.1851,50.5301,12.7351,566.8433,36.4878,90.1376,8.3068,62.8599,21.9163
2026-10-17,25.5339,4.2360,61.1628,11.0679,554.3097,26.7408,72.3294,1.1840,47.7256,3.3427
2026-10-18,23.7391,4.4943,70.5479,8.1112,540.3787,18.8395,61.3115,0.6659,34.6581,0.8672
2026-10-19,21.2445,1.6858,70.0829,6.8167,544.9067,18.5899,67.5112,0.8143,34.2579,1.2591
2026-10-20,21.9351,0.1899,61.2569,3.0616,549.5590,19.9421,78.9561,1.1967,36.5669,2.6815
2026-10-21,22.8403,0.1578,64.3344,5.1828,554.3742,21.2359,83.3231,2.1857,38.7599,5.5216
2026-10-22,20.5761,0.1813,70.7378,8.0039,558.7819,22.1969,83.6829,2.6410,40.3834,6.7955
2026-10-23,20.0452,1.8033,74.5711,5.5013,563.0941,21.1712,71.4312,0.8656,38.7044,1.7367
2026-10-24,25.3535,0.0124,56.5082,8.1945,568.3617,22.9145,83.5239,2.6114,41.6327,6.8585
2026-10-25,29.0524,0.0035,46.9764,6.2218,574.2951,25.3369,88.4769,4.7144,45.6400,12.0246
2026-10-26,30.6514,0.0175,38.5431,6.5333,580.5164,28.2936,90.9205,6.7967,50.4411,16.8611
2026-10-27,31.1310,0.0000,28.6454,9.3346,586.8240,31.7783,93.1004,10.6514,55.9782,24.6167
2026-10-28,28.8801,0.0000,36.3725,7.8281,592.7264,34.6686,92.9383,9.6512,60.4919,23.8937
2026-10-29,28.0164,0.0000,40.7031,8.1250,598.4733,37.2847,92.1353,8.7501,64.5203,23.0484
2026-10-30,29.4078,0.0000,31.6141,5.4995,604.4707,40.4458,92.3738,7.9280,69.2994,22.3026
2026-10-31,26.7639,0.0000,34.1588,6.6645,609.9922,43.2256,92.4239,8.4670,73.4407,24.0763
2026-11-01,28.8837,0.0000,22.0818,5.9762,614.8953,46.3230,94.1269,10.3741,77.9628,28.5627
2026-11-02,28.8520,0.0000,19.7325,5.0342,619.7927,49.5105,94.7927,10.8442,82.5377,30.2785
2026-11-03,26.4636,0.0000,34.0176,9.0120,624.2601,51.9217,93.3539,10.8576,85.9679,30.9304
2026-11-04,24.1662,0.0000,41.9502,9.2326,628.3140,53.8663,91.5664,8.5363,88.7178,26.6776
2026-11-05,23.4310,0.0063,47.6064,5.3331,632.2356,55.5703,90.3395,5.8884,91.1185,20.8269
2026-11-06,24.0337,0.0065,51.9938,4.8951,636.2657,57.1700,89.5231,5.1240,93.3669,19.0731
2026-11-07,21.8323,0.5777,62.3316,12.6784,639.8995,58.3152,87.2013,5.4379,94.9891,20.0965
2026-11-08,16.8865,14.4696,73.2002,18.0730,549.6538,27.2948,50.4466,0.4304,48.5611,0.7094
2026-11-09,13.4707,0.4161,60.5129,12.1458,551.7825,28.0577,70.4933,1.1722,49.7863,3.4231
2026-11-10,13.1778,0.0004,49.8682,10.6810,553.8585,29.0066,80.7853,2.1199,51.2969,6.4810
2026-11-11,14.4532,0.0003,41.8633,6.1583,556.1641,30.2054,85.5601,3.1057,53.1891,9.3217
2026-11-12,19.8339,0.0008,46.6152,6.9934,559.4382,31.6871,87.3444,4.1675,55.5133,12.1834
2026-11-13,20.8182,0.0000,57.6264,6.1351,562.8895,32.9184,87.3928,4.0189,57.4391,12.0694
2026-11-14,20.8399,0.0002,59.0161,4.8898,566.3447,34.1106,87.4413,3.8007,59.2932,11.7548
2026-11-15,18.9750,0.0012,64.2645,9.0253,569.4642,35.0617,86.5853,4.1444,60.7695,12.7772
2026-11-16,18.0020,0.0000,48.8800,6.1823,572.4085,36.3563,87.0736,3.8492,62.7489,12.2732
2026-11-17,17.1561,0.0001,60.7142,8.6689,575.2006,37.3072,86.7662,4.1764,64.2038,13.2663
2026-11-18,20.3475,0.0018,62.9101,7.1224,578.5672,38.3618,86.7913,3.8771,65.8142,12.6900
2026-11-19,21.3733,0.0000,60.3110,6.3973,582.1184,39.5444,86.8396,3.7637,67.6071,12.5894
2026-11-20,19.5492,0.0000,57.5775,5.5897,585.3412,40.7058,86.8879,3.6385,69.3540,12.4387
2026-11-21,16.5773,0.0003,64.3608,6.2746,588.0291,41.5410,86.2011,3.4174,70.6113,11.9559
2026-11-22,19.1885,0.0000,56.1882,6.5220,591.1871,42.7195,86.2492,3.4838,72.3660,12.3180
2026-11-23,17.8597,0.0007,47.4397,10.9981,594.1058,44.0407,87.1840,4.9841,74.3100,16.4980
2026-11-24,16.8761,0.0007,47.5448,10.3154,596.8475,45.2908,87.2879,4.8875,76.1377,16.4773
2026-11-25,17.8702,0.0000,47.7065,6.4119,599.7681,46.6061,87.4118,4.0864,78.0497,14.5817
2026-11-26,17.8063,0.0267,64.1666,7.6339,602.6773,47.5043,86.4777,3.8054,79.3685,13.9328
2026-11-27,18.5385,0.0003,55.8957,6.4110,605.7182,48.6526,86.5259,3.6025,81.0333,13.5037
2026-11-28,18.2454,0.0006,50.3470,6.1043,608.7064,49.9261,86.9045,3.7429,82.8614,14.0944
2026-11-29,16.6160,0.4231,71.8500,5.0465,611.4013,50.5873,85.2018,2.7941,83.8336,11.2519
2026-11-30,16.0351,0.0817,67.8886,4.9529,613.9916,51.3168,85.2207,2.7882,84.8950,11.3187
2026-12-01,16.9625,1.1797,78.2625,5.7886,616.7488,51.7630,75.8648,1.0789,85.5712,4.8184
2026-12-02,18.6309,0.4743,74.4406,4.1601,619.8064,52.3361,79.5589,1.3407,86.4274,6.0217
2026-12-03,18.8361,0.0049,74.0751,6.7180,622.9009,52.9234,81.5292,1.8905,87.3030,8.3017
2026-12-04,19.8112,0.0003,62.7704,10.5532,626.1709,53.8081,84.1208,3.1829,88.5854,12.9074
2026-12-05,20.0005,0.0000,63.7943,6.1654,629.4750,54.6763,84.7380,2.7737,89.8431,11.6602
2026-12-06,20.2638,0.0000,62.9441,5.0870,632.8265,55.5759,85.0694,2.7491,91.1413,11.6752
2026-12-07,20.3096,0.0000,60.2948,8.4249,636.1862,56.5419,85.5181,3.4611,92.5255,14.1292
2026-12-08,18.6589,0.0002,64.3012,5.6018,639.2488,57.3435,85.5660,3.0222,93.6785,12.7954
2026-12-09,18.6136,0.0000,51.0166,10.9622,642.3033,58.4409,86.6374,4.6031,95.2220,17.8114
2026-12-10,17.3641,0.0000,59.6940,14.9820,645.1328,59.2866,86.6856,5.6754,96.4209,20.8864
2026-12-11,15.3487,0.0000,62.3543,12.5408,647.5996,59.9903,86.2366,4.7098,97.4195,18.3339
2026-12-12,15.9917,0.0000,59.4414,9.4065,650.1821,60.7780,86.2847,4.0491,98.5300,16.4821
2026-12-13,16.2310,0.0000,59.5571,7.5628,652.8077,61.5746,86.3329,3.7150,99.6508,15.5365
2026-12-14,15.1607,0.0000,63.0245,7.1470,655.2406,62.2578,86.0572,3.4994,100.6156,14.9197
2026-12-15,14.6565,0.0028,63.8434,6.4795,657.5828,62.9052,85.8238,3.2747,101.5294,14.2450
2026-12-16,15.6547,0.0000,54.3538,6.0729,660.1046,63.7743,85.9182,3.2510,102.7350,14.2546
2026-12-17,17.3976,0.0031,54.6205,6.4296,662.9402,64.7282,86.1099,3.4003,104.0567,14.8558
2026-12-18,13.0683,12.0209,80.4562,8.3651,583.8948,31.3828,38.2525,0.0375,55.3309,0.0678
2026-12-19,12.2408,0.0006,56.9237,4.8798,585.8021,32.0359,60.7586,0.5482,56.3656,1.0535
2026-12-20,12.6046,14.7349,79.3553,11.9877,503.8981,13.6161,34.6056,0.0203,25.5089,0.0215
2026-12-21,13.2273,2.4469,71.6618,5.1252,505.9830,11.1933,44.2589,0.0948,21.2134,0.0892
2026-12-22,15.1942,1.2012,80.1821,11.1222,508.4220,11.5602,56.3791,0.5511,21.8769,0.5288
2026-12-23,19.1567,0.0154,63.2175,9.7444,511.5742,12.4070,74.8774,1.2432,23.3954,1.8124
2026-12-24,20.7433,0.0001,43.7196,7.3606,515.0120,13.8040,85.1631,3.1229,25.8742,5.9877
2026-12-25,19.9767,0.0022,43.3032,6.9096,518.3118,15.1620,87.7270,4.3833,28.2574,8.5992
2026-12-26,19.4739,0.0020,43.1410,8.7628,521.5211,16.4913,88.3408,5.2548,30.5663,10.4839
2026-12-27,16.2056,0.0000,65.7478,13.0524,524.1421,17.1650,86.2499,4.8418,31.7320,10.0021
2026-12-28,15.0625,0.0000,64.9008,14.9143,526.5574,17.8096,85.7531,4.9598,32.8422,10.4047
2026-12-29,14.1471,0.0031,67.1549,11.8911,528.8079,18.3787,85.2380,3.9646,33.8190,8.7556
2026-12-30,14.1480,0.0919,67.2706,11.6125,531.0585,18.9459,85.0894,3.8300,34.7889,8.6412
2026-12-31,14.3318,0.0023,68.1534,10.1843,533.3422,19.5043,84.9559,3.4992,35.7410,8.1157
2027-01-01,14.3129,0.0000,69.1692,7.7876,535.6225,20.0893,84.7867,3.0300,36.7343,7.2569
2027-01-02,13.6919,0.0000,61.5919,13.7509,537.7911,20.7888,84.8343,4.1189,37.9136,9.6729
2027-01-03,12.7685,0.0000,56.4666,15.4991,539.7934,21.5320,85.0475,4.6317,39.1590,10.8652
2027-01-04,13.4752,0.0000,58.8543,14.5502,541.9230,22.2703,85.0952,4.4446,40.3910,10.6908
2027-01-05,14.8744,0.0043,53.8616,11.4592,544.3044,23.1777,85.6655,4.1166,41.8954,10.2480
2027-01-06,15.2496,4.8273,60.5606,8.8023,526.2809,15.6188,60.2569,0.6481,29.0801,0.7495
2027-01-07,14.4466,2.5403,65.9451,11.3884,528.5853,12.9633,61.3210,0.7859,24.4289,0.8099
2027-01-08,14.7955,0.0001,56.3770,11.9706,530.9525,13.8170,76.8666,1.5762,25.9460,2.8410
2027-01-09,14.0923,0.0000,62.3605,11.8858,533.1931,14.5209,81.6415,2.4855,27.1906,4.9346
2027-01-10,13.8283,0.0000,60.5656,7.8135,535.3862,15.2457,83.4744,2.5452,28.4649,5.2128
2027-01-11,13.8935,0.0022,61.3629,4.9112,537.5910,15.9589,84.0745,2.3805,29.7126,5.0156
2027-01-12,13.9634,1.1180,75.9266,5.4301,539.8084,16.4053,75.8374,1.0578,30.4938,1.8555
2027-01-13,14.9183,2.4515,85.9091,9.8103,542.1977,13.4572,57.6589,0.5709,25.3420,0.6026
2027-01-14,16.6699,0.0128,73.6200,5.5282,544.9023,14.0343,70.1294,0.8300,26.3707,0.8994
2027-01-15,13.9535,0.0000,36.5286,12.0470,547.1179,15.2106,83.2862,3.0742,28.4442,6.2622
2027-01-16,13.8892,0.0000,35.7034,11.0661,549.3220,16.3971,87.3831,5.1453,30.5169,10.2932
2027-01-17,14.9396,0.0000,37.2828,6.9623,551.7151,17.6355,88.4284,4.8597,32.6610,10.1981
2027-01-18,18.0464,0.0000,15.9045,10.4527,554.6675,19.6177,92.9904,11.0965,36.0481,20.3314
2027-01-19,16.7120,0.0000,32.7603,8.8764,557.3796,21.0922,92.0493,8.9779,38.5385,18.0133
2027-01-20,15.6406,0.0000,45.2337,7.6745,559.8989,22.2209,90.0388,6.3466,40.4304,14.2127
2027-01-21,16.3987,0.0000,43.4287,5.7442,562.5547,23.4396,89.6853,5.4739,42.4567,13.0043
2027-01-22,14.8239,0.0008,60.5267,12.1092,564.9270,24.2134,87.1918,5.2770,43.7400,12.8437
2027-01-23,12.7155,0.0000,45.3867,11.3678,566.9198,25.1423,87.2402,5.1187,45.2659,12.7799
2027-01-24,14.5017,0.0001,46.9710,6.5500,569.2341,26.1609,87.2887,4.0432,46.9297,10.7864
2027-01-25,14.5455,0.9611,63.0072,12.9302,571.5563,26.8734,81.5390,2.5883,48.0936,7.4638
2027-01-26,11.7583,0.5091,37.9418,15.1988,573.3768,27.8557,86.1979,5.3555,49.6779,13.9442
2027-01-27,11.7498,0.0000,28.0745,5.5921,575.1957,28.9936,88.8580,4.8240,51.4976,13.1102
2027-01-28,14.5599,0.0001,52.7232,6.4229,577.5205,29.9050,88.0121,4.4553,52.9548,12.5071
2027-01-29,16.7091,0.0000,45.0035,7.5682,580.2322,31.1108,88.0608,4.7531,54.8670,13.4294
2027-01-30,16.8957,0.0000,28.9513,13.4099,582.9774,32.6848,90.2560,8.7410,57.3336,21.6715
2027-01-31,21.1573,0.0000,11.4774,13.6741,586.4897,35.1104,95.0251,17.3027,61.0795,35.6890
2027-02-01,20.4463,0.0000,12.5564,8.2572,589.8740,37.7868,95.3672,13.7999,65.1413,31.6819
2027-02-02,20.8403,0.0000,13.3033,7.3275,593.3293,40.4888,95.4183,13.2604,69.1762,31.7685
2027-02-03,20.6922,0.0000,6.5403,7.7055,596.7579,43.3819,97.0725,16.8950,73.4204,38.3701
2027-02-04,20.3761,0.0000,5.7001,9.8053,600.1296,46.2587,97.6085,20.1695,77.5695,44.1459
2027-02-05,18.5683,0.0001,41.9790,11.3880,603.1759,47.8798,92.1126,10.2807,79.9029,28.7411
2027-02-06,18.1597,0.0000,51.7388,8.8456,606.1486,49.2001,89.3367,6.0876,81.8011,20.1372
2027-02-07,18.2329,0.3283,56.6093,4.1540,609.1346,50.3917,88.0709,4.0076,83.5118,14.9237
2027-02-08,18.3048,0.1434,49.9510,4.9803,612.1334,51.7713,88.1196,4.2073,85.4708,15.6929
2027-02-09,18.2148,0.0004,46.6101,11.3913,615.1161,53.2361,88.1683,5.8524,87.5331,20.2988
2027-02-10,16.1261,0.0000,49.3764,6.9222,617.7228,54.4749,88.2171,4.7051,89.2689,17.4844
2027-02-11,18.1839,0.0020,17.6573,6.9841,620.6999,56.7305,92.4690,8.6592,92.3578,27.4915
2027-02-12,16.3389,0.0022,34.2138,6.8571,623.3449,58.3601,91.6683,7.6835,94.5823,25.6176
2027-02-13,18.5569,0.0005,18.5463,7.3041,626.3891,60.6345,93.1309,9.6567,97.6401,30.4217
2027-02-14,18.6178,0.4379,29.1461,4.4959,629.4443,62.6191,92.7946,7.9966,100.2942,27.1002
2027-02-15,20.1143,0.5670,13.0292,6.5507,632.7689,65.2399,94.4069,11.1000,103.7402,34.3421
2027-02-16,20.9008,0.0000,11.5137,7.2393,636.2351,68.0053,95.5591,13.4571,107.3301,39.5452
2027-02-17,17.3737,0.0000,28.5917,9.6186,639.0663,69.8792,93.6064,11.5956,109.7552,36.2320
2027-02-18,12.2827,0.0000,14.0534,13.1726,640.9812,71.5131,93.7813,14.2111,111.8335,41.6768
2027-02-19,11.6652,0.0001,4.9034,9.4326,642.7850,73.2375,96.3523,16.7339,114.0021,46.6155
2027-02-20,11.8933,0.0000,7.0431,10.5645,644.6297,74.9532,96.4038,17.8393,116.1450,48.8904
2027-02-21,12.3744,0.0000,8.8565,9.8502,646.5611,76.6977,96.4552,17.3282,118.3095,48.3468
2027-02-22,13.5514,0.0000,8.1554,11.9031,648.7044,78.6092,96.5067,19.3504,120.6637,52.1892
2027-02-23,14.1467,0.0000,16.0896,17.3011,650.9548,80.4265,95.5876,22.4302,122.8937,57.5614
2027-02-24,17.3312,0.4980,36.1079,14.0483,653.7784,82.0993,92.3228,12.1095,124.9664,39.2510
2027-02-25,13.6947,12.0400,76.4410,11.4225,576.3805,41.6337,44.1375,0.1276,70.5307,0.2755
2027-02-26,16.1355,0.0041,59.1005,9.0194,578.9889,42.6350,68.3532,0.9352,72.0130,3.5926
2027-02-27,15.7842,0.0015,62.5643,9.7208,581.5340,43.5329,78.5083,1.6066,73.3403,6.3736
2027-02-28,15.8967,0.0002,53.4335,9.5376,584.0994,44.6571,83.7037,2.8611,74.9824,10.7265
2027-03-01,17.5865,0.0000,51.1331,10.0197,586.9690,46.2137,85.9498,3.9839,77.2267,14.2124
2027-03-02,18.2356,0.0036,51.9024,9.9367,589.9554,47.7990,86.5660,4.3273,79.4958,15.3950
2027-03-03,19.0306,0.0014,51.1741,4.6211,593.0849,49.4744,86.9022,3.4722,81.8742,13.1993
2027-03-04,21.4347,0.0000,42.0102,5.6954,596.6472,51.7020,88.5469,4.6374,84.9917,16.8340
2027-03-05,21.4710,0.0000,42.7788,7.5996,600.2159,53.9035,88.8445,5.3272,88.0404,19.0166
2027-03-06,21.5561,0.0001,39.9411,4.4140,603.8000,56.2230,89.3153,4.8544,91.2127,18.1038
2027-03-07,23.7167,0.0003,33.2991,6.6914,607.7731,59.0446,90.7789,6.7141,95.0131,23.3651
2027-03-08,20.5976,0.0000,43.9509,13.9704,611.1846,61.1176,90.2510,8.9850,97.7884,28.9932
2027-03-09,18.1312,0.0029,42.6774,20.3379,614.1522,62.9967,89.9842,11.9200,100.2783,35.4449
2027-03-10,15.3061,0.4976,56.0980,21.1316,616.6113,64.2245,87.7661,9.0254,101.9118,29.6566
2027-03-11,17.4170,0.0193,48.3954,14.6012,619.4504,65.8533,87.8147,6.5400,104.0523,23.9865
2027-03-12,21.0201,0.0000,24.4500,13.2811,622.9380,68.7020,91.7509,10.7455,107.7072,34.1778
2027-03-13,21.2384,0.0000,24.0406,12.6381,626.4649,71.5944,92.5036,11.5699,111.3696,36.4045
2027-03-14,20.4933,0.0015,37.2766,5.2366,629.8577,73.9031,91.6973,7.1102,114.2832,26.5327
2027-03-15,21.5377,0.0000,33.2209,6.9753,633.4385,76.4800,91.7472,7.8163,117.4948,28.6466
2027-03-16,20.9512,0.0000,32.9713,7.2095,636.9137,78.9995,91.7971,7.9653,120.6019,29.3276
2027-03-17,20.9464,0.0000,35.4054,6.2734,640.3881,81.4270,91.7454,7.5428,123.5725,28.5345
2027-03-18,22.6683,0.0000,31.6281,4.3085,644.1723,84.1971,91.7953,6.8802,126.9209,27.0724
2027-03-19,23.8888,0.0000,20.1772,6.4000,648.1763,87.5972,93.6226,9.8817,130.9512,34.9441
2027-03-20,18.1787,0.8240,49.6379,15.4160,651.1525,89.2523,86.6821,5.7980,132.9474,24.4620
2027-03-21,14.2279,0.0755,45.8435,14.1801,653.4175,90.6672,87.0513,5.7413,134.6314,24.4047
2027-03-22,11.9874,26.2069,81.1695,17.3784,488.7763,40.0469,36.7824,0.0434,66.4771,0.0897
2027-03-23,9.4321,3.7165,79.8151,19.0581,478.2349,29.6009,40.6369,0.1023,51.2684,0.1752
2027-03-24,13.8212,0.0051,51.4052,15.2886,480.4268,30.8368,69.1535,1.3157,53.1456,4.1130
2027-03-25,14.7585,0.0000,42.7270,10.5944,482.7873,32.3851,82.0100,2.4341,55.4682,7.7403
2027-03-26,14.9468,0.0003,58.7382,8.8849,485.1817,33.5137,84.0174,2.8861,57.1572,9.1520
2027-03-27,18.4069,0.0002,41.4049,8.3813,488.1989,35.4621,87.4839,4.5594,60.0240,13.6757
2027-03-28,19.2778,0.0000,39.9581,9.8752,491.3729,37.5477,88.7211,5.8695,63.0506,17.0403
2027-03-29,20.1533,0.0000,39.5508,8.4910,494.7045,39.7377,89.1742,5.8419,66.1845,17.4339
2027-03-30,22.3576,0.0000,35.0295,5.5455,498.4329,42.3356,90.2488,5.8750,69.8409,18.0252
2027-03-31,22.9825,0.0008,33.7846,15.2794,502.2738,45.0538,90.7914,10.3681,73.6023,27.7349
2027-04-01,17.2289,0.0029,41.9560,13.7601,506.3290,47.6330,90.1364,8.7457,77.1267,25.2560
2027-04-02,17.8764,0.0017,44.4240,14.0920,510.5007,50.1898,89.7065,8.3618,80.5752,25.0240
2027-04-03,17.5321,0.7486,49.7209,16.2222,514.6105,52.4609,86.1885,5.6314,83.6125,19.2570
2027-04-04,19.4153,0.0000,34.5661,6.7575,519.0593,55.7153,89.1937,5.3683,87.8549,19.1021
2027-04-05,21.3166,0.0000,31.7243,15.7311,523.8503,59.4257,90.7299,10.5142,92.5922,31.3997
2027-04-06,22.4898,0.0002,32.3946,20.1913,528.8524,63.2920,91.0314,13.7420,97.4327,38.3924
2027-04-07,24.1098,0.0005,28.2889,15.9923,534.1462,67.6748,92.0531,12.8568,102.7912,37.6677
2027-04-08,24.0166,0.0002,22.9072,12.2048,539.4232,72.3690,93.1882,12.4609,108.3855,37.7754
2027-04-09,24.6114,0.0005,21.5156,12.4420,544.8072,77.2611,93.7052,13.5533,114.0778,40.7539
2027-04-10,24.9622,0.2216,19.2774,11.2112,550.2544,82.3614,94.2813,13.7970,119.8685,42.0367
2027-04-11,20.5508,1.1988,44.1976,14.5196,554.9075,85.2904,86.1077,5.1100,123.2293,21.7257
2027-04-12,18.1545,0.7876,49.5600,11.6144,559.1293,87.6449,85.1052,3.8386,125.9373,17.8062
2027-04-13,17.0406,0.2622,52.6241,9.6437,563.1507,89.7284,86.0780,3.9802,128.3363,18.4300
2027-04-14,19.9785,0.0001,47.8712,9.0597,567.7008,92.3923,87.3610,4.6359,131.3444,20.7796
2027-04-15,21.5783,0.1293,47.7741,8.1900,572.5389,95.2636,87.8959,4.7898,134.5560,21.4644
2027-04-16,23.5851,0.0033,45.9579,6.2980,577.7382,98.4977,88.5325,4.7705,138.1241,21.6029
2027-04-17,24.3759,0.1566,44.5110,11.4527,583.0799,101.9248,89.0024,6.6170,141.8568,27.4056
2027-04-18,20.6776,1.4129,57.2678,10.6909,587.7558,104.1809,81.3322,2.2570,144.3819,12.4970
2027-04-19,20.0593,5.2465,61.5934,11.3761,566.7619,65.3980,63.7760,0.8884,101.5125,4.4740
2027-04-20,20.4664,1.6680,60.3225,10.2637,571.3999,63.9274,72.6518,1.1513,99.9103,5.7518
2027-04-21,17.2665,13.3188,76.5472,12.2662,502.2288,30.8166,43.8762,0.1277,53.4361,0.2253
2027-04-22,18.5785,4.7941,62.1618,7.5292,488.2339,21.8221,52.1826,0.3081,39.2575,0.4373
2027-04-23,17.1650,18.6650,80.2532,14.9650,407.1351,9.9024,37.0106,0.0403,18.6697,0.0350
2027-04-24,22.0704,0.2020,54.8487,10.1195,412.0618,12.4387,71.3279,1.0885,23.1317,1.3608
2027-04-25,23.5303,0.0026,51.5857,5.6872,417.2512,15.3296,83.4075,2.2668,28.0801,4.5863
2027-04-26,24.3505,0.0000,51.3656,4.0170,422.5883,18.3303,86.7410,3.2919,33.0741,7.3295
2027-04-27,25.3601,0.7673,51.4610,5.9645,428.1071,21.4440,86.3024,3.4128,38.1150,8.2551
2027-04-28,21.6379,2.0187,57.6591,15.1359,432.9560,21.2242,78.7405,2.1554,37.8141,5.3544
2027-04-29,19.5634,0.0050,48.1186,9.5729,437.4314,23.8232,85.3804,3.5977,41.9365,9.1533
2027-04-30,21.4218,0.3810,47.4267,7.3852,442.2413,26.6937,87.4408,4.3096,46.3875,11.2877
2027-05-01,20.5518,0.0127,48.5185,13.9523,448.3446,29.6282,87.6895,6.2171,50.8548,15.8363
2027-05-02,20.7379,0.0000,36.1868,9.3291,454.4814,33.2970,89.5581,6.4391,56.2848,17.1732
2027-05-03,23.0447,0.0000,26.9480,5.2264,461.0335,37.9405,91.7809,7.1912,62.9333,19.7687
2027-05-04,25.2224,0.0001,26.1392,7.1079,467.9775,43.0589,92.6855,8.9829,70.0129,24.4845
2027-05-05,26.0876,0.0000,25.8875,9.4258,475.0773,48.3635,92.9985,10.5489,77.1039,28.7289
2027-05-06,25.9623,0.0014,36.3864,6.2697,482.1545,52.8957,92.5462,8.4443,83.0214,25.5912
2027-05-07,27.3701,0.0067,41.2949,5.6851,489.4851,57.2958,91.9091,7.4943,88.6498,24.3620
2027-05-08,28.6121,0.0030,36.4175,7.5351,497.0393,62.2693,91.9591,8.2848,94.8359,27.0222
2027-05-09,26.1337,0.0000,34.8257,9.4667,504.1474,66.9422,92.0091,9.1966,100.5170,29.8428
2027-05-10,27.8439,0.0002,27.0550,6.7030,511.5633,72.5005,92.9513,9.1359,107.0665,30.5850
2027-05-11,31.8824,0.0000,23.6987,6.5006,519.7061,79.1259,94.3565,10.9953,114.6230,35.6316
2027-05-12,32.7964,0.0120,23.1315,9.5580,528.0134,85.9855,94.7435,13.5288,122.2150,41.8158
2027-05-13,32.2672,0.0000,24.2245,9.3298,536.2255,92.6419,94.7944,13.4681,129.3957,42.5618
2027-05-14,31.3064,0.0000,23.8884,7.0083,544.2647,99.1354,94.8454,12.0653,136.2345,40.3423
2027-05-15,32.1067,0.0004,24.6244,6.9953,552.4479,105.7249,94.8963,12.1420,143.0224,41.1205
2027-05-16,30.1567,0.0000,27.5795,8.1801,560.2801,111.6842,94.8405,12.7906,149.0772,43.0197
2027-05-17,27.9660,0.0027,38.2220,8.7283,567.7180,116.4115,92.8690,10.0014,153.9195,37.0020
2027-05-18,29.8057,0.0000,34.1636,7.1079,575.4870,121.7683,92.9193,9.2824,159.2805,35.5374
2027-05-19,31.3430,0.0000,28.8426,5.5881,583.5328,127.8459,93.2673,9.0272,165.2051,35.1872
2027-05-20,32.6308,0.0000,26.5730,5.8267,591.8103,134.3664,93.9379,10.0303,171.4286,37.9987
2027-05-21,33.1354,0.2239,30.9437,6.9451,600.1787,140.5904,93.9886,10.6866,177.3319,39.8512
2027-05-22,30.1787,0.4156,39.6967,9.7145,608.0149,145.5562,92.7374,10.3187,182.1172,39.1381
2027-05-23,25.2013,10.2684,64.9423,9.1510,554.4848,68.7886,61.8931,0.7244,105.0090,3.6679
2027-05-24,20.6191,0.4493,71.8851,11.1760,560.6002,70.3962,75.8129,1.4109,107.1534,7.2790
2027-05-25,21.8025,0.2072,57.6145,11.4734,566.9287,72.9518,83.7764,3.1846,110.3911,14.5592
2027-05-26,22.8281,0.1131,54.8214,7.1230,573.4418,75.7978,86.2235,3.5779,113.9430,16.1578
2027-05-27,28.5120,0.0000,41.8887,3.8513,580.9779,80.3280,89.5563,4.8847,119.3884,20.7558
2027-05-28,30.1123,0.0118,37.2323,6.9701,588.8021,85.4858,91.1933,7.2232,125.4409,27.8653
2027-05-29,29.4296,0.0916,38.0141,9.2316,596.5035,90.4678,91.2430,8.1525,131.1927,30.7584
2027-05-30,30.0625,0.0031,36.8467,7.6811,604.3187,95.6489,91.4568,7.7724,137.0634,30.2370
2027-05-31,32.3335,0.3189,31.4094,6.2025,612.5428,101.6862,92.8055,8.7280,143.7244,33.1776
2027-06-01,27.6392,1.1671,49.0252,6.6906,620.9218,105.5430,86.5036,3.6420,148.1363,18.1779
2027-06-02,28.6826,0.3371,52.6913,10.6593,629.4887,109.2524,88.0933,5.5801,152.3856,24.8889
2027-06-03,30.5897,0.0244,27.1864,11.5504,638.3988,115.3271,93.0679,11.8556,158.8936,41.6450
2027-06-04,33.5105,0.0006,21.1634,9.8555,647.8347,122.5105,95.1824,14.5845,166.3675,48.0028
2027-06-05,36.9227,0.0171,17.7697,8.9861,657.8848,130.7418,96.5687,16.8450,174.6920,53.0325
2027-06-06,37.2558,0.0033,16.6031,7.9128,667.9948,139.1630,96.9236,16.7360,183.0100,53.2377
2027-06-07,37.2313,0.0830,19.3859,8.0543,678.1004,147.2981,96.9753,16.9726,190.9176,54.0420
2027-06-08,30.4844,2.8228,44.6705,8.1092,675.6472,102.6926,83.8551,2.7162,148.8322,14.5965
2027-06-09,31.5841,0.2766,46.6165,6.7962,684.7363,107.2860,89.1330,5.3321,154.1792,24.1895
2027-06-10,31.7767,0.4080,48.8433,6.9262,693.8601,111.7138,89.5056,5.6620,159.3057,25.4443
2027-06-11,35.3709,0.0543,40.8499,7.3013,703.6309,117.3932,91.4592,7.6277,165.6811,31.4779
2027-06-12,37.0665,0.0239,31.2648,7.4019,713.7069,124.2996,93.6622,10.4508,173.1914,39.1059
2027-06-13,36.7084,0.0000,26.1346,10.5814,723.7184,131.6519,94.7432,14.2442,180.9927,48.0452
2027-06-14,34.8957,0.0000,20.3237,12.5841,733.4036,139.2024,95.6924,17.9386,188.8120,55.8363
2027-06-15,30.7358,0.0000,23.9141,13.6703,742.3400,145.5794,95.6673,18.8835,195.3729,57.8958
2027-06-16,29.8014,0.0000,26.4430,10.6456,751.1083,151.5635,95.1386,15.0863,201.4847,50.5679
2027-06-17,30.4690,0.0000,24.6659,10.2950,759.9967,157.8245,95.1896,14.9259,207.7784,50.4033
2027-06-18,33.2366,0.0000,22.9041,7.6525,769.3833,164.7937,95.2407,13.1566,214.6488,46.7088
2027-06-19,35.6651,0.0226,20.3152,6.3121,779.2070,172.5064,95.8310,13.3262,222.0920,47.2306
2027-06-20,35.3644,0.0713,24.2287,11.0157,788.9766,179.7804,95.8823,17.0082,229.0687,55.1361
2027-06-21,33.0022,0.0604,23.1612,11.6746,798.3210,186.6789,95.9336,17.7050,235.6167,56.6259
2027-06-22,34.0448,0.0003,24.3380,5.6081,807.8531,193.6795,95.9849,13.1327,242.1955,47.0788
2027-06-23,35.0443,0.0090,29.4961,8.3389,817.5651,200.3883,95.4069,13.9321,248.5037,48.9322
2027-06-24,31.3662,0.0168,35.4284,14.4655,826.6150,205.9074,93.7563,15.1152,253.7770,51.5456
2027-06-25,26.4970,0.0000,36.0864,14.9433,834.7884,210.5510,92.7540,13.4605,258.2573,47.9691
2027-06-26,28.5465,0.0000,27.2850,8.8750,843.3308,216.2263,93.1144,10.4280,263.5317,40.7999
2027-06-27,30.0357,0.0000,24.5724,8.5010,852.1412,222.4091,93.9095,11.4321,269.1788,43.3147
2027-06-28,32.3341,0.0000,21.0091,5.3869,861.3654,229.3619,95.0519,11.4380,275.3952,43.3616
2027-06-29,34.3654,0.0000,21.7220,7.7215,870.9552,236.6706,95.3254,13.3560,281.8611,47.8771
2027-06-30,34.3538,0.0000,24.3484,12.0165,880.5429,243.7318,95.3765,16.6993,288.1002,55.0703
2027-07-01,32.9410,0.0000,26.5694,13.4426,890.1762,249.6024,95.4277,18.0690,293.4787,57.8346
2027-07-02,33.0582,0.0000,29.2229,13.7056,899.8307,255.2803,95.0613,17.4162,298.7053,56.5606
2027-07-03,34.4643,0.0000,26.3982,11.6653,909.7383,261.4279,95.1123,15.8247,304.2663,53.3242
2027-07-04,31.6562,0.0000,35.2979,12.7444,919.1404,266.4054,93.7938,13.9320,308.9466,49.2603
2027-07-05,28.2616,0.0001,47.1716,13.2755,927.9315,270.0483,91.2238,9.9678,312.6365,39.8023
2027-07-06,27.6739,0.0008,47.5578,13.6268,936.6168,273.5922,90.7378,9.4670,316.2427,38.4994
2027-07-07,27.6083,0.0016,46.9556,13.8223,945.2903,277.1686,90.7521,9.5802,319.8668,38.8042
2027-07-08,27.6033,0.0076,47.0975,12.9203,953.9629,280.7349,90.7322,9.1286,323.4819,37.6083
2027-07-09,27.5476,0.0000,44.0597,13.1971,962.6254,284.4986,90.7818,9.3226,327.2240,38.1326
2027-07-10,26.5008,0.0004,39.9207,13.2191,971.0996,288.3930,90.8314,9.3992,331.0222,38.3414
2027-07-11,26.2790,0.0008,38.4923,13.3175,979.5338,292.3481,90.8811,9.5130,334.8505,38.6473
2027-07-12,26.8882,0.0603,43.0288,11.0592,988.0777,296.0929,90.9307,8.5501,338.5536,36.0476
2027-07-13,27.7344,0.0716,43.7753,7.6542,996.7739,299.9004,90.9804,7.2532,342.3173,32.3289
2027-07-14,30.1332,0.0015,34.5193,5.6000,1005.9018,304.7036,91.8302,7.3793,346.7881,32.7063
2027-07-15,32.7550,0.0001,29.3806,6.5692,1015.5017,310.3186,93.2948,9.5212,351.8443,38.6849
2027-07-16,34.3572,0.0000,28.2977,7.1406,1025.3900,316.2895,93.8910,10.6472,357.1583,41.5880
2027-07-17,35.0529,0.0000,25.8131,8.6402,1035.4036,322.5885,94.5375,12.5565,362.6840,46.2086
2027-07-18,31.9012,0.0000,29.2007,12.2175,1044.8498,328.0758,94.5883,15.1423,367.5954,51.9803
2027-07-19,31.9783,0.0000,30.4977,7.1219,1054.3099,333.4752,94.5687,11.6818,372.4434,44.1421
2027-07-20,32.0718,0.0000,34.5374,7.1815,1063.7868,338.5751,93.9382,10.7393,377.0988,41.8305
2027-07-21,33.4873,0.0000,30.7640,7.6698,1073.5185,344.1991,93.9888,11.0843,382.1107,42.6902
2027-07-22,34.9466,0.0000,21.1493,7.2995,1083.5129,350.8745,95.4685,13.3325,387.7974,48.0064
2027-07-23,35.4717,0.0000,18.5053,7.5224,1093.6018,357.8741,96.1925,14.8742,393.6773,51.4179
2027-07-24,35.2314,0.0000,19.9996,7.2534,1103.6475,364.7003,96.2439,14.7761,399.4253,51.2080
2027-07-25,35.1569,0.0000,23.7125,9.1640,1113.6797,371.1963,96.2954,16.3827,404.9564,54.6026
2027-07-26,32.5052,0.0000,36.0379,10.6777,1123.2346,376.2444,93.9671,12.8597,409.5372,46.9318
2027-07-27,29.8354,0.0136,45.3685,11.8104,1132.3090,380.2136,91.7497,9.9762,413.3958,39.9000
2027-07-28,32.2629,0.0000,34.3432,7.2141,1141.8203,385.3581,92.2931,8.5457,418.0187,36.0712
2027-07-29,35.9773,0.0000,25.8165,5.4054,1152.0002,391.8179,94.5706,10.7167,423.5184,41.7870
2027-07-30,37.0929,0.0000,23.1106,5.4522,1162.3810,398.7147,95.4498,12.1165,429.2936,45.1981
2027-07-31,37.5871,0.0000,20.0666,6.1254,1172.8506,405.9774,96.2025,13.8818,435.2794,49.2528
2027-08-01,36.1607,0.0000,26.0605,8.1124,1182.3636,411.6650,96.1748,15.2864,440.1827,52.3121
2027-08-02,34.5719,0.0000,37.0807,8.4845,1191.5905,416.2986,94.0722,11.6829,444.4288,44.1638
2027-08-03,33.9828,0.0000,40.5877,9.2379,1200.7114,420.6017,93.1309,10.6449,448.4662,41.6100
2027-08-04,32.9940,0.0000,37.5488,10.5990,1209.6543,424.9974,93.1813,11.4813,452.5233,43.6766
2027-08-05,28.6640,0.0000,46.7647,14.5106,1217.8179,428.2685,91.2459,10.6413,455.8055,41.6015
2027-08-06,25.0952,0.0021,52.2395,14.6029,1225.3390,430.8513,89.6819,8.5497,458.5854,36.0865
2027-08-07,26.3804,0.0092,52.2219,11.6495,1233.0915,433.5619,89.6376,7.3208,461.4781,32.5632
2027-08-08,28.2071,0.0000,49.3986,8.5438,1241.1727,436.6234,89.6868,6.3046,464.6271,29.4492
2027-08-09,27.6949,0.0005,50.1589,10.9687,1249.1618,439.5863,89.7361,7.1745,467.7041,32.1274
2027-08-10,28.7047,0.0000,45.8202,8.3945,1257.3327,442.9200,89.7853,6.3464,471.0227,29.5816
2027-08-11,31.4889,0.0000,37.7479,7.1674,1266.0047,447.1082,91.3633,7.4739,474.9115,33.0164
2027-08-12,31.9623,0.0000,40.6217,8.0416,1274.7619,451.1611,91.4131,7.8660,478.7376,34.1569
2027-08-13,34.1448,0.0000,39.1461,6.9575,1283.9120,455.5889,91.7140,7.7727,482.8428,33.8879
2027-08-14,35.1249,0.0000,33.4113,7.0839,1293.2384,460.5688,92.9321,9.2879,487.2867,38.0968
2027-08-15,35.3526,0.0000,28.5798,8.1184,1302.6059,465.9435,93.9803,11.3244,491.9550,43.2965
2027-08-16,32.3251,0.0000,37.4564,10.3755,1311.4284,470.2593,93.3882,11.6856,495.9328,44.1733
2027-08-17,28.6205,0.0000,49.8585,13.5981,1319.5841,473.3358,90.7816,9.5126,499.1015,38.6944
2027-08-18,28.4035,0.0000,49.4095,13.5571,1327.7007,476.4172,90.5007,9.1196,502.2659,37.6457
2027-08-19,28.9093,0.0000,37.5116,7.8769,1335.9084,480.2886,91.0768,7.4366,505.8850,32.9073
2027-08-20,29.8773,0.0000,34.0105,6.6311,1344.2903,484.5087,91.8968,7.8464,509.7277,34.1014
2027-08-21,29.9844,0.0073,43.1960,7.7515,1352.6915,488.1540,91.8443,8.2407,513.2547,35.2245
2027-08-22,31.1559,0.0000,32.9106,9.9379,1361.3036,492.6215,92.3908,9.9389,517.2729,39.8108
2027-08-23,30.6542,0.0000,37.0470,7.8516,1369.8253,496.7484,92.4410,9.0105,521.0855,37.3512
2027-08-24,30.3224,0.0234,46.2808,8.3999,1378.2874,500.2332,91.4994,8.1080,524.5334,34.8496
2027-08-25,30.2028,0.0816,47.9558,8.7490,1386.7279,503.5965,91.0897,7.7849,527.9104,33.9242
2027-08-26,30.2256,0.0000,47.0379,8.6403,1395.1725,507.0215,91.1394,7.7974,531.3220,33.9603
2027-08-27,28.6748,0.0015,49.9532,11.0866,1403.3379,510.0979,90.5102,8.0631,534.4914,34.7222
2027-08-28,23.1121,0.0614,56.1460,14.7756,1410.5021,512.2899,88.7450,7.5393,536.9937,33.2097
2027-08-29,22.0889,0.1806,54.8974,12.4982,1417.4821,514.4491,88.5084,6.4975,539.4445,30.0578
2027-08-30,22.9702,0.0966,56.7980,8.9419,1424.6207,516.5959,88.3219,5.2880,541.9170,26.1099
2027-08-31,24.5697,0.0082,55.1102,8.7482,1432.0473,518.9748,88.3707,5.2735,544.5691,26.0602
2027-09-01,26.4611,0.0001,48.9499,7.8688,1438.5143,521.4797,88.6040,5.2167,547.1171,25.8654
2027-09-02,30.0083,0.0000,33.1716,6.9137,1445.6198,525.1809,91.7766,7.8246,550.4383,34.0392
2027-09-03,30.5657,0.0006,36.8910,8.8563,1452.8256,528.7388,91.8265,8.6906,553.6979,36.4780
2027-09-04,30.0659,0.0000,35.6141,13.8904,1459.9415,532.3113,91.8765,11.2794,556.9483,43.1876
2027-09-05,31.0166,0.0000,33.7223,8.6866,1467.2285,536.1010,92.2221,9.1121,560.3476,37.6261
2027-09-06,33.3309,0.0000,30.7177,7.1641,1474.9320,540.3480,93.1761,9.6495,564.0711,39.0561
2027-09-07,33.5953,0.0000,22.3446,7.3011,1482.6832,545.1448,94.9413,12.4068,568.0999,45.8887
2027-09-08,32.9840,0.0000,24.5297,8.1332,1490.3243,549.7245,94.9923,13.0288,571.9874,47.3310
2027-09-09,32.5712,0.0222,37.0029,9.6173,1497.8911,553.5009,93.6453,11.6578,575.4245,44.1073
2027-09-10,32.3341,0.0000,47.9153,7.1017,1505.4153,556.6013,91.6861,7.7984,578.4878,33.9637
2027-09-11,31.2586,0.0007,50.1154,8.8088,1512.7458,559.4751,90.9305,7.6333,581.3931,33.4846
2027-09-12,31.5228,0.0000,32.7107,5.9411,1520.1239,563.3833,92.3749,8.1077,584.8649,34.8490
2027-09-13,33.4659,0.0000,26.0439,5.7656,1527.8518,567.9345,94.1006,10.2273,588.7460,40.5544
2027-09-14,30.8621,0.0003,51.4088,9.8145,1535.1109,570.6996,90.9452,8.0470,591.5791,34.6765
2027-09-15,26.8160,0.0008,52.1736,14.9848,1541.6418,573.0766,89.8709,8.9552,594.0685,37.2018
2027-09-16,24.3537,0.0001,35.4552,10.8356,1547.7295,576.0015,90.6465,8.1184,596.7698,34.8796
2027-09-17,30.0653,0.0000,22.2448,5.4784,1554.8452,580.3158,94.0827,10.0555,600.4065,40.1129
2027-09-18,31.1772,0.0000,28.5767,4.8971,1562.1611,584.4202,94.1334,9.8340,603.9660,39.5388
2027-09-19,31.6334,0.0010,28.3952,4.9012,1569.5592,588.5931,94.1841,9.9052,607.5758,39.7242
2027-09-20,32.0878,0.0000,30.8623,5.4585,1577.0390,592.6782,94.2349,10.2590,611.1525,40.6356
2027-09-21,30.2208,0.0000,37.9550,9.2921,1584.1827,596.1380,93.0667,10.5787,614.3327,41.4469
2027-09-22,28.8751,0.0000,39.0224,7.4886,1591.0842,599.3921,92.5315,8.9606,617.3578,37.2165
2027-09-23,30.2194,0.0000,32.8547,5.4945,1598.2277,603.1361,92.5817,8.1614,620.6875,35.0014
2027-09-24,31.4275,0.0000,27.2787,4.8808,1605.5887,607.3475,93.5356,9.0434,624.3044,37.4407
2027-09-25,31.7056,0.0000,23.5740,5.4383,1612.9997,611.8112,94.4004,10.4856,628.0621,41.2120
2027-09-26,30.8741,0.0000,28.6989,6.2207,1620.2610,615.8700,94.4513,10.9840,631.5762,42.4600
2027-09-27,26.0451,0.0745,57.2977,11.1900,1626.6531,617.9337,89.5120,7.0255,633.8753,31.6810
2027-09-28,24.8030,0.0295,50.8228,15.3911,1632.8217,620.2016,89.5612,8.7433,636.2394,36.6233
2027-09-29,18.7239,0.0001,32.5485,15.8465,1637.8960,622.5822,90.2582,9.8861,638.4551,39.6744
2027-09-30,21.4389,0.0000,25.9682,7.4047,1643.4590,625.5529,91.8726,8.1305,641.0734,34.9139
2027-10-01,23.7788,0.0013,34.6885,11.3556,1648.4432,628.0149,91.9226,9.9920,643.3141,39.9489
2027-10-02,23.7918,0.0000,23.9175,9.1491,1653.4297,630.8845,92.9204,10.2896,645.7685,40.7136
2027-10-03,26.5969,0.0000,20.5433,7.8896,1658.9211,634.2190,94.1520,11.4640,648.5619,43.6382
2027-10-04,27.3973,0.0000,25.0365,5.2922,1664.5567,637.4559,94.2028,10.1284,651.3305,40.3007
2027-10-05,25.3023,0.0000,34.6747,12.6848,1669.8151,640.0692,92.9383,12.3272,653.7010,45.7020
2027-10-06,22.2849,0.0000,25.8761,8.4523,1674.5304,642.6956,92.9886,10.0300,655.9738,40.0473
2027-10-07,21.7460,0.0005,36.5499,8.8702,1679.1486,644.8920,92.0147,8.9313,658.0036,37.1369
2027-10-08,22.1155,0.5472,48.5543,4.9729,1683.8334,646.7017,89.8657,5.4031,659.8449,26.5014
2027-10-09,23.5002,0.1548,43.1467,6.5836,1688.7675,648.8208,89.9150,5.9015,661.8950,28.1562
2027-10-10,24.3931,0.0010,42.8862,8.7541,1693.8622,651.0270,89.9643,6.6303,664.0213,30.4716
2027-10-11,23.5346,0.0011,42.6656,8.9738,1698.8024,653.1670,90.0136,6.7517,666.0834,30.8463
2027-10-12,23.5414,0.0000,34.0375,5.4297,1703.7439,655.6299,90.7509,6.2753,668.3135,29.3583
2027-10-13,24.2855,0.0000,30.9650,5.8064,1708.8193,658.2852,91.5090,7.1244,670.6690,31.9792
2027-10-14,25.2377,0.0000,26.4772,4.9258,1714.0661,661.2193,92.5641,7.9113,673.2017,34.2888
2027-10-15,24.5286,0.3996,33.2656,8.3600,1719.1852,663.8108,92.6143,9.4726,675.5317,38.5897
2027-10-16,21.1713,1.3337,56.1867,13.8347,1723.7001,665.2893,83.2167,3.3339,677.1687,18.8050
2027-10-17,19.2180,10.9483,69.6966,18.8604,1187.4352,91.3504,56.6217,0.8303,153.2305,5.2892
2027-10-18,16.7178,0.0001,48.7749,11.6975,1191.1484,92.7334,77.4774,1.6280,155.2504,9.8107
2027-10-19,17.8653,0.0001,37.8143,6.9177,1195.0681,94.5204,86.0075,3.4352,157.8325,17.7398
2027-10-20,18.8343,0.0725,46.7539,6.5314,1199.1623,96.1286,87.2923,4.0415,160.1599,20.0620
2027-10-21,21.4485,0.0000,53.5885,6.2196,1203.7270,97.7143,87.3408,4.0061,162.4590,20.0081
2027-10-22,23.5899,0.0000,42.3906,5.6952,1208.6772,99.8695,88.9231,4.8946,165.5431,23.1956
2027-10-23,24.4602,0.0000,39.3404,11.8853,1213.7840,102.2188,89.8864,7.6773,168.8816,31.7476
2027-10-24,25.3692,0.0000,41.4693,8.3312,1219.0545,104.5662,89.9357,6.4639,172.2046,28.3780
2027-10-25,24.8114,0.0000,44.0491,8.1370,1224.2246,106.7629,89.9850,6.4464,175.3054,28.4276
2027-10-26,23.9638,0.0280,53.4691,6.3832,1229.2421,108.5300,89.2181,5.2865,177.8123,24.8619
2027-10-27,23.8958,0.5272,57.5492,4.5579,1234.2473,110.1377,88.3490,4.2564,180.0980,21.3850
2027-10-28,24.1768,0.0004,55.6116,6.2426,1239.3031,111.8378,88.3978,4.6661,182.5020,22.8867
2027-10-29,23.9567,0.0099,58.0549,4.7677,1244.3193,113.4303,88.2641,4.2496,184.7555,21.4612
2027-10-30,24.1245,0.0257,55.8451,4.3181,1249.3657,115.1179,88.3129,4.1835,187.1299,21.2691
2027-10-31,22.9888,0.4789,60.0615,4.9896,1254.2077,116.5756,87.8521,4.0509,189.1895,20.8213
2027-11-01,21.7065,9.4976,69.8459,9.6968,1034.3069,59.7327,55.8585,0.4908,104.3933,2.2090
2027-11-02,18.7078,1.0251,72.7976,13.3796,1037.3783,60.4471,69.4015,1.2045,105.5225,6.2268
2027-11-03,20.4898,0.0000,59.4569,10.0647,1040.7705,61.6076,81.0549,2.1183,107.3317,10.3599
2027-11-04,23.9106,0.0000,48.8251,6.3421,1044.7784,63.3045,86.6096,3.6328,109.9535,16.0653
2027-11-05,27.4309,0.0000,41.1250,6.0435,1049.4200,65.5315,89.6331,5.5156,113.3652,22.1302
2027-11-06,25.3319,0.0004,41.0406,7.5195,1053.6837,67.5977,89.8468,6.1264,116.5091,24.1229
2027-11-07,21.3438,0.0010,57.8670,6.4217,1057.2296,68.8514,88.2901,4.6362,118.4223,19.9173
2027-11-08,17.1947,0.0078,66.5443,8.9044,1060.0286,69.6629,86.2828,3.9468,119.6653,17.7826
2027-11-09,17.8483,0.0001,44.1205,11.1191,1062.9453,71.0666,87.6441,5.3551,121.7786,22.3530
2027-11-10,19.2126,0.0060,26.3422,6.5928,1066.1076,73.0503,90.8610,6.7595,124.7335,26.5654
2027-11-11,21.1230,0.0310,32.9669,5.8588,1069.6137,75.0253,90.9107,6.5603,127.6639,26.2568
2027-11-12,16.6788,0.5968,58.3541,9.1229,1072.3199,76.0069,87.3451,4.6401,129.1315,20.6576
2027-11-13,17.4080,0.0070,35.3893,8.0213,1075.1574,77.5923,89.0592,5.6119,131.4656,23.8109
2027-11-14,19.3980,0.0004,48.7768,5.2692,1078.3530,78.9844,89.0600,4.8858,133.5196,21.7093
2027-11-15,14.7347,1.4633,67.5319,10.3998,1080.7092,79.6660,76.9998,1.4705,134.5379,8.5120
2027-11-16,11.7300,0.6200,64.2762,14.4434,1082.5246,80.2737,80.0915,2.3772,135.4390,12.7110
2027-11-17,14.7951,0.0000,38.2778,11.6826,1084.8918,81.5744,86.2858,4.5418,137.3332,20.8134
2027-11-18,16.5641,0.0000,32.9350,5.5984,1087.5773,83.1450,88.9430,4.8848,139.6076,22.0517
2027-11-19,17.8504,0.0000,31.0948,5.6004,1090.4944,84.8762,90.1511,5.8094,142.1019,25.0616
2027-11-20,18.4626,0.0025,41.1497,7.6316,1093.5216,86.4026,90.2005,6.4812,144.3009,27.1639
2027-11-21,19.4373,0.0001,35.4096,8.0738,1096.7243,88.1612,90.2499,6.6743,146.8174,27.8624
2027-11-22,18.6150,0.0000,43.2785,8.8373,1099.7790,89.6438,89.9922,6.6848,148.9376,28.0104
2027-11-23,17.9781,0.0000,43.6258,9.7983,1102.7191,91.0698,89.7971,6.8231,150.9694,28.5147
2027-11-24,18.4296,0.0005,53.0051,10.9265,1105.7404,92.2866,88.5684,6.0547,152.7097,26.3550
2027-11-25,18.4591,0.1422,62.2513,7.5005,1108.7671,93.2654,87.0864,4.1210,154.1207,20.1335
2027-11-26,19.0220,0.4036,64.2605,4.8426,1111.8950,94.2189,86.5413,3.3360,155.4969,17.2847
2027-11-27,17.5161,0.0001,65.8763,4.5088,1114.7519,95.0611,86.0243,3.0497,156.7128,16.1972
2027-11-28,16.9348,0.0001,56.6881,5.1740,1117.5042,96.0967,86.0723,3.1750,158.1864,16.7393
2027-11-29,16.8799,0.0006,51.2057,4.8696,1120.2466,97.2599,86.4895,3.3161,159.8289,17.3410
2027-11-30,14.6240,0.0020,70.6366,8.7907,1122.5829,97.8720,85.0237,3.2924,160.7144,17.2742
2027-12-01,15.0875,0.0247,74.1517,6.6582,1125.0026,98.3475,84.1866,2.6389,161.4173,14.6282
2027-12-02,15.7887,0.9553,77.0341,7.8260,1127.5486,98.7883,78.0618,1.4048,162.0764,8.7712
2027-12-03,18.6248,0.3743,71.3908,5.6562,1130.6051,99.4295,81.1988,1.7245,163.0181,10.4491
2027-12-04,18.9184,0.0114,64.6844,11.9457,1133.7144,100.2329,83.6539,3.2091,164.1780,17.0421
2027-12-05,18.6308,0.6728,68.4304,11.3400,1136.7719,100.9408,82.5440,2.6991,165.2072,14.9757
2027-12-06,19.0004,0.0105,63.9010,9.5894,1139.8960,101.7654,84.1364,3.0384,166.3934,16.4136
2027-12-07,18.8957,0.9355,62.9059,8.4504,1143.0012,102.6083,81.4269,2.0383,167.6021,12.0647
2027-12-08,19.4437,1.0694,60.2808,5.8540,1146.2051,103.5355,79.8246,1.5000,168.9242,9.3887
2027-12-09,19.5858,4.0364,59.7682,12.7516,1083.3148,69.6212,67.3215,1.0913,119.9675,6.1266
2027-12-10,14.0697,57.7698,88.5678,21.6477,488.6956,25.6042,27.3477,0.0048,45.2777,0.0075
2027-12-11,11.3119,40.7514,94.7232,8.7204,316.7921,8.7925,7.7994,0.0000,16.4440,0.0000
2027-12-12,13.8822,2.7013,79.9189,11.4982,318.9949,6.5651,29.9045,0.0060,12.4877,0.0041
2027-12-13,12.7215,7.4838,86.1300,11.3730,299.9570,3.2548,26.1692,0.0020,6.3377,0.0010
2027-12-14,12.1470,0.0007,70.2091,7.7538,301.8475,3.7033,49.6360,0.2319,7.1862,0.1180
2027-12-15,13.3984,0.0026,68.4733,8.5659,303.9632,4.2227,66.7806,0.8676,8.1620,0.4704
2027-12-16,15.1675,0.8975,67.0871,12.3291,306.3973,4.8312,74.2646,1.3720,9.2959,0.7959
2027-12-17,15.2901,0.0474,69.1514,15.4394,308.8536,5.4057,80.0859,2.4981,10.3583,2.5018
2027-12-18,13.7788,13.4864,85.1636,7.2317,270.8455,2.3685,32.4211,0.0094,4.6356,0.0039
2027-12-19,14.6759,2.6638,79.2642,6.7405,273.1912,1.4359,40.5413,0.0540,2.8346,0.0187
2027-12-20,14.5539,0.0003,72.6255,4.8788,275.5149,1.9229,58.5945,0.4767,3.7798,0.1828
2027-12-21,14.0085,0.3351,73.1702,4.9025,277.7404,2.3835,69.5425,0.7893,4.6670,0.3297
2027-12-22,15.1387,1.1259,76.3829,6.0705,280.1694,2.8194,69.5267,0.8367,5.5003,0.3754
2027-12-23,15.0978,0.0000,70.3848,9.4312,282.5910,3.3645,77.2926,1.4316,6.5345,0.6955
2027-12-24,15.8339,0.0062,66.4053,5.7568,285.1451,4.0110,81.1326,1.7202,7.7494,0.9084
2027-12-25,16.0687,0.0001,67.7337,8.3253,287.7414,4.6405,82.7226,2.3713,8.9213,2.0605
2027-12-26,15.4529,3.1265,73.7065,10.7965,284.9074,3.1044,62.3795,0.8072,6.0441,0.3780
2027-12-27,11.9040,14.8487,77.8246,17.1921,244.6845,1.2286,37.8908,0.0543,2.4267,0.0178
2027-12-28,12.1379,2.6398,75.0077,9.9310,246.5734,0.6005,45.7612,0.1523,1.1937,0.0415
2027-12-29,11.9735,41.7744,90.0347,21.7498,142.1082,0.1481,20.9759,0.0006,0.2953,0.0001
2027-12-30,15.1460,35.3691,89.3010,23.7714,72.5509,0.1975,21.9672,0.0009,0.3924,0.0002
2027-12-31,15.6042,7.9128,91.5195,14.7117,62.7528,0.1610,20.6509,0.0004,0.3199,0.0001
2028-01-01,21.1682,0.0004,63.7192,6.3643,66.2671,1.1556,55.8464,0.4145,2.2146,0.1323
2028-01-02,19.3614,1.1251,65.6680,5.4103,69.4561,2.0204,68.4938,0.7832,3.7669,0.3000
2028-01-03,19.3892,0.6751,69.2708,5.9366,72.6502,2.7955,76.2868,1.1171,5.1004,0.4847
2028-01-04,21.1045,0.0020,63.6538,9.1239,76.1530,3.7891,82.5521,2.4163,6.7398,1.6710
2028-01-05,16.0084,1.9538,80.2451,7.5666,78.7385,3.1131,66.8426,0.8268,5.6661,0.3759
2028-01-06,13.3381,5.8297,77.7821,14.1146,72.3802,1.5109,46.9913,0.2249,2.8719,0.0780
2028-01-07,10.9382,0.0000,51.5388,14.3606,74.0531,2.2291,69.9329,1.2871,4.1462,0.5120
2028-01-08,11.3858,0.0020,49.4308,5.1139,75.8066,3.0064,79.1922,1.3571,5.4704,0.6073
2028-01-09,14.6356,0.1710,74.5810,5.6746,78.1450,3.4988,80.7243,1.6361,6.2932,0.7808
2028-01-10,17.9632,0.0000,71.3956,5.7530,81.0823,4.1701,82.2450,1.9627,7.3901,1.0955
2028-01-11,16.3771,0.0000,73.8736,7.3149,83.7342,4.7323,82.4511,2.1782,8.2928,1.6688
2028-01-12,13.5891,0.0077,79.6231,7.2027,85.8843,5.1008,82.4297,2.1602,8.8826,1.7552
2028-01-13,10.5595,0.0017,50.8523,15.6791,87.4890,5.8062,84.6313,4.4151,9.9600,4.7671
2028-01-14,11.5600,0.0000,51.7812,11.3050,89.2738,6.5577,85.3568,3.9130,11.0806,4.4665
2028-01-15,13.2980,0.0000,58.3295,9.7855,91.3714,7.2964,85.4046,3.6487,12.1643,4.3843
2028-01-16,14.7950,0.0000,63.9993,9.3771,93.7385,8.0008,85.4525,3.5982,13.1877,4.5374
2028-01-17,14.3863,0.0009,69.3890,9.3344,96.0320,8.5844,84.8949,3.3245,14.0329,4.3356
2028-01-18,13.4098,0.0016,77.6510,5.5717,98.1498,8.9837,83.4617,2.2696,14.6216,2.8597
2028-01-19,13.1694,0.0021,75.9127,6.1654,100.2243,9.4068,83.2848,2.2853,15.2381,2.9764
2028-01-20,10.6899,0.0005,74.4941,12.7781,101.8525,9.7770,83.1691,3.1417,15.7696,4.3955
2028-01-21,12.0053,0.0013,56.0038,6.2202,103.7174,10.4869,84.3224,2.6289,16.7418,3.7620
2028-01-22,12.1804,1.4107,55.7814,6.9879,105.6139,11.2098,76.6156,1.2046,17.7181,1.0970
2028-01-23,10.6258,0.3182,75.7410,9.7648,107.2306,11.5600,78.9504,1.6766,18.2117,2.2669
2028-01-24,12.1945,0.0000,60.5839,5.5301,109.1296,12.2051,81.9897,1.8812,19.0764,2.7663
2028-01-25,14.1547,0.0043,63.7475,7.1303,111.3814,12.8859,83.2712,2.3950,19.9901,3.8339
2028-01-26,14.3583,0.0002,63.2094,9.7911,113.6699,13.5861,83.8960,2.9726,20.9209,4.9787
2028-01-27,13.2708,0.0002,52.1872,9.9932,115.7627,14.4320,85.2536,3.6108,22.0055,6.2205
2028-01-28,14.1052,0.0000,51.5437,9.0517,118.0056,15.3391,85.8818,3.7583,23.1539,6.6606
2028-01-29,16.2564,0.0000,61.9982,10.6495,120.6358,16.1511,85.9298,4.1009,24.2016,7.4070
2028-01-30,16.4188,0.0001,67.2365,11.1190,123.2951,16.8577,85.5270,3.9693,25.1267,7.3528
2028-01-31,15.3734,0.0112,68.3903,10.7260,125.7663,17.4987,85.1526,3.6946,25.9656,7.0248
2028-02-01,15.6827,0.0387,68.7498,6.3557,128.2932,18.2437,85.0526,2.9238,26.9179,5.7621
2028-02-02,15.5378,0.0032,66.9325,6.9864,130.7940,19.0253,85.1003,3.0381,27.9034,6.1175
2028-02-03,14.7310,0.0023,67.4293,10.2833,133.1496,19.7577,85.1009,3.5875,28.8230,7.2844
2028-02-04,16.0169,0.0398,64.5097,9.9052,135.7366,20.6206,85.1486,3.5430,29.8895,7.3631
2028-02-05,15.7494,0.0009,63.1725,7.6577,138.2755,21.5021,85.1964,3.1846,30.9660,6.8264
2028-02-06,14.9526,0.0000,60.0422,7.1663,140.6710,22.4132,85.2441,3.1273,32.0572,6.8596
2028-02-07,14.3904,0.0000,57.4954,6.7754,142.9653,23.3485,85.2919,3.0866,33.1587,6.9223
2028-02-08,15.3545,0.0000,54.3514,7.7206,145.4331,24.4155,85.7080,3.4300,34.3952,7.7897
2028-02-09,14.9142,0.0000,60.8237,7.4628,147.8217,25.3067,85.7559,3.4085,35.4437,7.8893
2028-02-10,15.1505,0.0085,63.6492,4.9901,150.2527,26.1458,85.8039,3.0295,36.4394,7.2192
2028-02-11,13.0035,8.7703,82.1636,5.1938,135.4354,13.7597,38.0529,0.0307,21.9455,0.0295
2028-02-12,15.9482,0.0294,66.0144,9.3488,138.0100,14.5827,62.8942,0.7698,23.0710,0.7645
2028-02-13,15.8432,0.0056,61.0408,11.2117,140.5658,15.5204,76.8644,1.5169,24.3260,2.5532
2028-02-14,15.7120,1.5716,68.9401,11.4489,143.0980,15.5047,72.5506,1.2173,24.4000,1.8322
2028-02-15,17.0424,0.0002,59.4833,5.9335,145.8696,16.5489,80.5114,1.6193,25.7846,2.9253
2028-02-16,16.2628,0.0464,64.6303,7.3958,148.5009,17.4212,82.8673,2.3046,26.9411,4.5340
2028-02-17,16.5909,0.1436,59.7224,7.9762,151.1913,18.4334,84.4051,2.9043,28.2547,5.9060
2028-02-18,17.3657,0.0098,57.4113,6.9032,154.0211,19.5505,85.2858,3.1039,29.6819,6.4911
2028-02-19,18.1798,0.0000,48.2179,6.9002,156.9975,20.9687,86.8081,3.8431,31.4396,8.1609
2028-02-20,18.7703,0.0000,42.1423,6.8573,160.0801,22.6018,88.1303,4.6318,33.4104,9.9241
2028-02-21,20.2797,0.3825,44.4967,5.0395,163.4345,24.2874,88.3467,4.3595,35.4169,9.7533
2028-02-22,19.3855,0.4214,63.5556,3.4968,166.6279,25.3479,87.0254,3.3390,36.7279,7.9165
2028-02-23,18.9835,0.4487,63.1969,3.2036,169.7489,26.3979,86.6718,3.1288,38.0159,7.6313
2028-02-24,19.8578,0.0241,57.5464,4.9960,173.0273,27.6617,86.7201,3.4481,39.5260,8.5153
2028-02-25,20.4033,0.0052,53.3912,4.8880,176.4039,29.0854,86.8436,3.4901,41.1917,8.8222
2028-02-26,20.6395,0.0024,54.1309,6.8701,179.8230,30.5019,86.8919,3.8832,42.8381,9.8885
2028-02-27,16.1616,1.2491,74.0490,9.5490,182.4361,31.1382,77.1153,1.4209,43.6507,3.8366
2028-02-28,17.3868,7.1875,71.1463,5.4496,170.9442,17.9077,48.4820,0.1781,28.3823,0.2027
2028-03-01,16.7085,1.8485,61.8209,9.7203,173.6558,17.2861,63.0831,0.7915,27.6831,0.8857
2028-03-02,19.2666,0.0053,42.8157,6.7935,176.8278,19.2713,81.0876,1.8031,30.2899,3.7793
2028-03-03,19.8552,0.0172,48.8937,7.8810,180.1057,21.0969,85.8567,3.5305,32.6365,7.7420
2028-03-04,19.0289,0.0022,51.0297,5.9754,183.2349,22.7771,86.7169,3.6209,34.7540,8.2233
2028-03-05,20.3026,0.0007,50.4192,4.7104,186.5934,24.5860,87.1945,3.6361,36.9879,8.5680
2028-03-06,19.4672,0.2210,53.4968,5.1639,189.8014,26.2163,87.2429,3.7459,38.9743,9.0698
2028-03-07,21.1063,0.0117,62.2180,5.8610,193.3046,27.6465,87.0883,3.7953,40.7299,9.4146
2028-03-08,22.6528,0.0000,53.2459,5.3460,197.0861,29.5395,87.2334,3.7753,42.9758,9.6752
2028-03-09,23.8635,0.0000,44.5370,7.4799,201.0855,31.8996,88.6531,5.1516,45.6821,12.9107
2028-03-10,22.7976,0.0000,42.0880,13.2487,204.8931,34.2587,89.1680,7.4180,48.3195,17.5911
2028-03-11,22.5664,0.0000,36.9617,15.5760,208.6590,36.8018,90.0373,9.4486,51.0805,21.5929
2028-03-12,23.4328,0.0000,38.0043,9.1823,212.5809,39.3944,90.1233,6.9309,53.8437,17.7141
2028-03-13,23.7955,0.0000,37.7584,4.5628,216.5681,42.0357,90.2251,5.5722,56.6043,15.4486
2028-03-14,24.0930,0.0002,35.4625,5.5468,220.6088,44.8072,90.6444,6.2172,59.4351,17.2280
2028-03-15,24.1754,0.0000,35.8332,6.2016,224.6644,47.5718,90.6940,6.4715,62.2112,18.1885
2028-03-16,23.5152,0.0000,36.4025,11.1434,228.6012,50.2403,90.7436,8.3603,64.8499,22.3751
2028-03-17,22.6970,0.0000,35.2571,15.9814,232.3906,52.8665,90.7932,10.7441,67.4006,27.1891
2028-03-18,23.4315,0.0000,35.4994,13.3989,236.3123,55.5637,90.8428,9.5001,69.9874,25.4540
2028-03-19,24.3876,0.0000,23.2262,10.0637,240.4061,58.8992,93.0005,10.8966,73.0534,28.5852
2028-03-20,24.6494,0.0000,13.6810,8.4319,244.5470,62.6880,95.3542,13.8972,76.4088,34.4121
2028-03-21,24.7581,0.0000,11.0442,6.4119,248.7074,66.6090,96.3042,14.2784,79.7926,35.7802
2028-03-22,23.8865,0.0000,23.1524,10.0909,252.7110,69.8821,95.2029,14.8000,82.6359,37.2478
2028-03-23,23.7977,0.0000,22.7430,5.9036,256.6986,73.1609,94.9222,11.5330,85.4425,32.1100
2028-03-24,24.6596,0.0000,18.4588,7.0609,260.8413,76.7414,94.9732,12.3113,88.4363,34.1109
2028-03-25,23.1701,0.0000,34.9550,12.1021,264.7159,79.4323,92.8491,11.8217,90.7712,33.6291
2028-03-26,22.6764,0.0000,31.9357,9.5803,268.5017,82.1909,92.7256,10.2322,93.1197,30.9166
2028-03-27,22.3796,0.0000,35.0536,12.0353,272.2340,84.7903,92.2020,10.7566,95.3421,32.3362
2028-03-28,22.3993,0.0000,33.6810,12.9087,275.9699,87.4468,92.2521,11.3203,97.5872,33.8259
2028-03-29,22.0148,0.0000,34.5403,13.1702,279.6365,90.0260,92.1082,11.2397,99.7602,34.0137
2028-03-30,22.7892,0.0013,30.4723,9.3274,283.4426,92.8573,92.1582,9.3267,102.0963,30.3481
2028-03-31,22.4140,0.0121,33.3556,7.7089,287.1811,95.5285,92.2083,8.6572,104.3113,29.1437
2028-04-01,22.1803,0.0000,30.7430,6.7544,292.1276,99.4373,92.2584,8.3092,107.4432,28.7272
2028-04-02,23.4128,0.0000,31.5560,6.9055,297.2959,103.5048,92.3085,8.4321,110.6775,29.4010
2028-04-03,25.9942,0.0000,28.3086,10.0225,302.9289,108.2138,92.4847,10.1141,114.3267,33.6814
2028-04-04,25.5843,0.2596,35.1534,11.9159,308.4880,112.4088,92.5348,11.2055,117.6461,36.4606
2028-04-05,23.7738,0.0085,47.8928,12.6264,313.7213,115.5510,90.4143,8.5950,120.3149,30.8457
2028-04-06,20.7107,0.0001,44.3226,17.8028,318.4032,118.4950,90.1230,10.7010,122.7683,35.9675
2028-04-07,19.6211,0.0000,31.4558,10.7079,322.8890,121.9383,90.6572,8.0786,125.4432,30.0690
2028-04-08,20.3678,0.0010,45.1117,10.0293,327.5092,124.7949,90.0572,7.1651,127.8240,27.9110
2028-04-09,23.5646,0.0000,36.3525,4.6409,332.7049,128.6007,90.3943,5.7313,130.8030,24.1199
2028-04-10,26.4299,0.0000,29.5486,6.9027,338.4162,133.3027,92.0457,8.1239,134.3267,30.9401
2028-04-11,29.2270,0.0000,22.7166,11.6061,344.6311,138.9848,94.0692,13.6674,138.9721,43.9786
2028-04-12,31.8789,0.0001,22.1133,9.5335,351.3233,145.2119,94.7844,13.5884,145.1583,44.3848
2028-04-13,30.4731,0.0001,26.4752,6.9249,357.7625,150.8398,94.8354,11.9982,150.7494,41.4140
2028-04-14,29.7124,0.0051,27.5759,4.9710,364.0647,156.2498,94.7749,10.7833,156.1235,39.0035
2028-04-15,29.5599,0.0211,28.0761,6.3369,370.3395,161.5959,94.6623,11.3743,161.4331,40.6987
2028-04-16,27.1107,0.0081,37.1701,9.4892,376.1734,165.8929,92.8913,10.4249,165.7040,38.6904
2028-04-17,27.1111,0.0000,32.0825,9.6166,382.0074,170.5380,92.9416,10.5663,170.3177,39.2556
2028-04-18,28.1024,0.0000,20.6879,7.3919,388.0199,176.1530,94.3579,11.5027,175.8880,41.7261
2028-04-19,28.8818,0.0000,18.4648,5.6548,394.1726,182.0794,95.0889,11.6524,181.7646,42.3172
2028-04-20,29.1512,0.0000,22.9808,7.7447,400.3738,187.7278,95.1400,13.0372,187.3659,45.6796
2028-04-21,28.4349,0.0000,26.9717,8.6541,406.4461,192.9568,94.7730,12.9791,192.5518,45.7306
2028-04-22,28.5252,0.0013,25.5856,5.5038,412.5346,198.3013,94.8240,11.1516,197.8504,41.6574
2028-04-23,27.6874,0.0361,33.6563,8.4221,418.4723,202.9314,93.5654,10.8550,202.4437,41.0572
2028-04-24,26.9765,0.0000,34.8104,9.4305,424.2821,207.3687,93.0148,10.5755,206.8457,40.4718
2028-04-25,25.6470,0.0000,28.5901,15.7804,429.8526,211.9991,93.0651,14.6664,211.4355,49.9416
2028-04-26,27.1349,0.0039,20.3595,19.0779,435.6909,217.4506,94.3431,20.6847,216.8333,61.8965
2028-04-27,23.9382,0.2651,31.9175,9.0210,440.9537,221.5832,93.2916,10.7685,220.9299,41.2115
2028-04-28,27.2792,0.0016,28.2644,6.4590,446.8180,226.5186,93.3421,9.5311,225.8185,38.1483
2028-04-29,28.1157,0.0000,22.4168,7.2360,452.8328,232.0137,94.0561,10.9462,231.2569,41.7974
2028-04-30,27.4520,0.0845,27.5620,6.8785,458.7282,237.0278,94.1068,10.8265,236.2208,41.5631
2028-05-01,29.3677,0.0006,26.0718,5.8546,466.4184,242.9577,94.1575,10.3545,242.0950,40.4475
2028-05-02,29.9229,0.4058,31.4555,5.7868,474.2085,248.5559,94.0531,10.1711,247.6432,40.0337
2028-05-03,29.9484,0.6964,36.3828,7.2007,482.0032,253.7560,91.2126,7.3278,252.7998,32.3071
2028-05-04,28.3745,4.8967,37.4482,9.3025,471.5692,99.2303,80.3475,1.8852,130.0474,10.3544
2028-05-05,22.9265,0.5736,59.1882,13.2789,478.1000,101.8118,84.6081,3.8998,132.8809,18.4047
2028-05-06,21.0468,4.5204,63.3664,12.9177,468.4657,67.4706,66.9313,1.0860,99.2170,5.4055
2028-05-07,22.0617,0.5710,57.6138,13.4294,474.8408,70.0552,81.3479,2.5956,102.3574,11.9130
2028-05-08,22.7150,0.0003,45.8385,11.2446,481.3335,73.4510,87.1604,5.0295,106.3353,20.1015
2028-05-09,25.0390,0.0034,45.9637,7.8883,488.2445,77.1695,88.6134,5.2289,110.6263,21.0646
2028-05-10,25.1277,0.0004,45.8970,12.6205,495.1715,80.9052,88.9165,6.9321,114.8838,26.1309
2028-05-11,26.0895,0.0000,25.5607,10.4080,502.2716,86.2336,92.5895,10.4657,120.6725,35.2105
2028-05-12,29.0961,0.0001,24.2769,10.9620,509.9129,92.2533,93.7777,12.7068,127.0445,40.7353
2028-05-13,29.2616,0.0000,23.6567,12.8612,517.5840,98.3556,94.0393,14.4997,133.3571,45.0705
2028-05-14,29.5671,0.0000,21.0752,11.2191,525.3101,104.7277,94.6359,14.4941,139.7852,45.7339
2028-05-15,29.2795,0.0000,17.0823,11.2479,532.9844,111.3593,95.4927,16.3212,146.3003,49.9413
2028-05-16,30.1534,0.0000,23.4177,12.3734,540.8160,117.6605,95.5439,17.3944,152.4196,52.5310
2028-05-17,29.5667,0.0143,30.7871,11.3071,548.5420,123.2484,94.3637,14.0225,157.8378,46.2798
2028-05-18,32.1615,0.0265,30.4627,5.7294,556.7351,129.3375,94.4145,10.6612,163.6370,39.1490
2028-05-19,25.6879,0.7567,46.8200,16.2788,563.7629,133.0879,88.7057,8.0868,167.3876,32.8068
2028-05-20,24.3909,0.0004,38.9354,10.6024,570.5573,137.1859,89.8982,7.2089,171.3641,30.5260
2028-05-21,26.9734,0.0000,28.9820,9.1880,577.8165,142.4347,92.2028,9.3199,176.2519,36.4113
2028-05-22,25.2162,0.0057,37.8264,12.4224,584.7594,146.7422,92.0343,10.7117,180.3437,40.0308
2028-05-23,20.7306,4.4023,57.7058,20.6550,571.1455,85.2830,72.5507,1.9358,124.2017,10.3633
2028-05-24,21.6974,0.0521,48.5143,10.5331,577.4551,88.3731,84.3827,3.2937,127.8363,15.9781
2028-05-25,25.1160,0.0002,40.6180,5.0754,584.3800,92.4715,88.8195,4.6741,132.5189,20.9728
2028-05-26,30.3858,0.0048,26.6840,7.5323,592.2534,98.5487,93.1106,9.7406,139.1941,35.3267
2028-05-27,29.2085,0.0042,33.6811,12.1221,599.9149,103.8405,93.1610,12.3621,144.9547,41.7615
2028-05-28,22.4271,3.6072,52.3536,17.6314,591.4319,74.4660,76.6551,2.0651,113.2761,10.4423
2028-05-29,23.3628,0.1011,47.6365,8.6259,598.0412,77.8383,85.8272,3.6505,117.4573,16.6377
2028-05-30,27.8391,0.0000,33.0537,4.9871,605.4562,82.9387,90.9207,6.2873,123.5620,25.1715
2028-05-31,30.3318,0.0000,23.9734,7.8380,613.3199,89.2299,93.8585,10.9785,130.8628,37.4357
2028-06-01,29.9908,0.0000,32.5930,8.0681,622.1223,94.7473,93.8197,11.0468,137.2411,38.1897
2028-06-02,35.5225,0.0047,20.1744,4.7901,631.9203,102.4436,95.7343,12.1813,145.7974,41.4365
2028-06-03,35.5526,0.0000,21.0953,7.5637,641.7238,110.0574,95.7855,14.1063,154.0604,46.1810
2028-06-04,36.4165,0.0000,24.0589,6.0015,651.6828,117.5580,95.8368,13.1295,162.0396,44.6565
2028-06-05,37.4518,0.0000,23.0245,5.9889,661.8281,125.3705,95.8881,13.2126,170.1581,45.3021
2028-06-06,39.5462,0.0000,17.9270,8.4649,672.3504,134.1530,96.9857,17.3517,179.0113,54.2476
2028-06-07,39.6160,0.0000,16.7219,9.2698,682.8853,143.0797,97.2805,18.7950,187.7925,57.4181
2028-06-08,40.6934,0.0000,16.4049,5.7815,693.6141,152.2775,97.5199,16.2754,196.6323,52.8599
2028-06-09,41.3931,0.0000,17.6222,7.8008,704.4689,161.4930,97.5718,18.1430,205.3179,56.8210
2028-06-10,40.9327,0.0000,17.3549,7.6423,715.2408,170.6384,97.6236,18.1230,213.7740,57.0134
2028-06-11,39.4169,0.0192,19.6828,8.8410,725.7398,179.2056,97.6755,19.3842,221.6080,59.6015
2028-06-12,34.7666,0.0816,26.3348,9.8211,735.4018,186.1614,96.1769,16.6657,228.0194,54.4288
2028-06-13,27.7289,0.7258,55.2079,11.6293,743.7970,189.5610,89.4119,7.0804,231.5758,31.4034
2028-06-14,26.0810,0.0920,47.2907,14.8230,751.8956,193.3328,89.4611,8.3755,235.3672,35.1569
2028-06-15,25.1381,0.0272,48.0015,10.7310,759.8244,196.9246,89.5103,6.8632,238.9966,30.8199
2028-06-16,29.5387,0.0000,39.3619,5.4519,768.5454,201.8157,90.7172,6.2522,243.6673,28.9709
2028-06-17,34.9102,0.0000,27.4367,5.9641,778.2332,208.6949,93.9514,10.1189,249.8723,39.9191
2028-06-18,37.1381,0.0005,23.5622,7.2716,788.3221,216.3898,95.3398,13.0822,256.6543,47.1015
2028-06-19,35.8755,0.0009,25.8051,9.1829,798.1837,223.6122,95.3909,14.5056,263.0146,50.3122
2028-06-20,31.1050,0.0334,42.3582,12.5466,807.1866,228.4994,92.5694,11.6236,267.6102,43.7679
2028-06-21,27.8113,0.0009,44.7666,14.4661,815.5966,232.7034,91.3709,10.8079,271.6447,41.7966
2028-06-22,29.4198,0.0000,36.1317,12.3337,824.2962,237.8351,91.4983,9.8841,276.3391,39.4765
2028-06-23,29.1719,0.0003,37.6334,12.6867,832.9511,242.8054,91.5482,10.1329,280.9028,40.1364
2028-06-24,30.2030,0.0000,35.2569,9.7453,841.7917,248.1409,91.7899,9.0417,285.7215,37.2883
2028-06-25,35.5803,0.0000,24.4334,5.5467,851.6001,255.4381,94.7439,11.0536,291.9498,42.4889
2028-06-26,36.9137,0.0000,25.5782,8.8617,861.6486,262.8860,94.9377,13.4152,298.2695,48.0737
2028-06-27,34.2312,0.0000,32.4356,10.5990,871.2142,269.1705,94.6295,14.0358,303.7356,49.4763
2028-06-28,35.2575,0.0000,23.9043,8.8164,880.9645,276.4542,94.9989,13.4974,309.8357,48.2910
2028-06-29,37.3975,0.0000,18.2912,6.4347,891.1001,284.7355,96.5171,14.7104,316.5783,50.9847
2028-06-30,39.4591,0.0000,18.6957,6.3362,901.6067,293.4170,96.8329,15.2713,323.5750,52.2029
2028-07-01,38.4134,0.0000,23.4227,5.7147,912.2252,300.5233,96.8845,14.9031,329.5935,51.4253
2028-07-02,36.7634,0.0023,27.8006,11.1659,922.5466,306.9436,96.0547,17.5422,335.1309,56.9013
2028-07-03,30.0321,0.0036,37.9602,17.0654,931.6564,311.4797,93.2014,15.9487,339.3353,53.6560
2028-07-04,28.7277,0.0000,29.6054,10.8092,940.5313,316.4110,93.2519,11.7186,343.7301,44.2090
2028-07-05,33.0091,0.0000,19.9741,4.8740,950.1770,322.8217,95.3107,11.5476,349.1148,43.8016
2028-07-06,35.5735,0.0000,22.2034,4.8393,960.2842,329.5223,95.4335,11.7220,354.7299,44.2273
2028-07-07,38.3494,0.0000,18.3185,4.4652,970.8911,337.0900,96.6773,13.6104,360.9118,48.6186
2028-07-08,42.2483,0.0000,17.4940,5.0453,982.1998,345.4896,97.5266,15.6966,367.6640,53.1559
2028-07-09,38.4047,0.0000,24.8281,11.4485,992.8166,352.4640,96.8973,19.9297,373.4648,61.5671
2028-07-10,32.1302,0.0000,32.8308,14.4830,1002.3041,357.7061,94.5036,16.7766,378.0830,55.3990
2028-07-11,30.2603,0.0001,29.9259,12.0224,1011.4549,362.8672,94.3974,14.6050,382.5909,50.8300
2028-07-12,32.9297,0.0000,23.4088,7.4315,1021.0863,368.9884,94.7088,12.0964,387.7107,45.1401
2028-07-13,34.9905,0.0000,23.1760,5.6251,1031.0886,375.5000,95.1036,11.6583,393.1020,44.0944
2028-07-14,35.5391,0.0000,24.7397,8.1227,1041.1896,381.9761,95.1546,13.3145,398.4806,47.9694
2028-07-15,37.7573,0.0000,18.7566,5.6600,1051.6899,389.3903,96.4833,14.0830,404.4290,49.6932
2028-07-16,36.3061,0.0000,23.6020,7.7574,1061.9290,396.1019,96.5348,15.7617,409.9361,53.3116
2028-07-17,37.9672,0.0000,25.3752,6.5694,1072.4671,402.9488,96.5863,14.9490,415.5604,51.5853
2028-07-18,39.4819,0.0000,23.3594,5.7117,1083.2778,410.2534,96.6378,14.4161,421.4671,50.4301
2028-07-19,40.0409,0.0000,21.1770,8.1986,1094.1892,417.8694,96.6894,16.4541,427.5433,54.7552
2028-07-20,39.0860,0.0000,21.0933,6.7025,1104.9287,425.3165,96.7409,15.3652,433.4841,52.4789
2028-07-21,39.6121,0.0000,22.0608,6.3603,1115.7628,432.7687,96.7925,15.2073,439.4327,52.1435
2028-07-22,40.0277,0.0000,17.8168,7.4703,1126.6718,440.7068,97.1139,16.7886,445.6321,55.4432
2028-07-23,38.2775,0.0000,17.6580,9.3620,1137.2658,448.3218,97.1656,18.5955,451.5901,59.0408
2028-07-24,36.0285,0.0000,23.2934,11.2164,1147.4549,455.0105,96.7739,19.3750,456.9876,60.5423
2028-07-25,35.8825,0.0000,24.9778,8.1627,1157.6177,461.5266,96.4159,15.8317,462.2856,53.4667
2028-07-26,39.1269,0.0000,19.9109,5.6380,1168.3646,469.0931,96.5267,14.1497,469.0591,49.8502
2028-07-27,38.6521,0.0000,20.1010,9.2662,1179.0260,476.5525,96.5782,17.1063,476.4551,56.0909
2028-07-28,34.6222,0.0000,24.9169,11.7082,1188.9620,482.8516,96.2027,18.3922,482.7069,58.6470
2028-07-29,34.1605,0.0000,26.4770,7.5873,1198.8149,488.9402,95.8301,14.2087,488.7509,49.9814
2028-07-30,36.1601,0.0000,29.3042,6.4276,1209.0277,495.1266,95.5813,12.9569,494.8927,47.1647
2028-07-31,34.2373,0.0001,38.5325,11.1466,1218.8944,500.2279,93.6682,12.6318,499.9687,46.4130
2028-08-01,32.3517,0.0000,35.3395,11.7287,1227.7217,504.6933,93.6908,13.0488,504.4132,47.3759
2028-08-02,32.4496,0.0000,33.3240,8.7438,1236.5666,509.3114,93.7414,11.3058,509.0071,43.2515
2028-08-03,35.8957,0.0000,28.5686,6.8049,1246.0318,514.7671,94.1207,10.8073,514.4253,42.0197
2028-08-04,36.6443,0.0000,30.0334,6.5079,1255.6318,520.2190,94.1714,10.7217,519.8405,41.8058
2028-08-05,39.0538,0.0000,23.4494,4.7231,1265.6655,526.5647,95.6857,12.0603,526.1330,45.0705
2028-08-06,39.8809,0.0000,20.6984,4.6459,1275.8481,533.2739,96.4546,13.3299,532.7811,48.0175
2028-08-07,40.2466,0.0000,17.3090,5.7297,1286.0964,540.3323,97.2378,15.6349,539.7698,53.0558
2028-08-08,39.7752,0.0000,14.1929,7.4703,1296.2600,547.5731,97.8245,18.4509,546.9347,58.7634
2028-08-09,39.5002,0.0000,12.4857,7.5462,1306.3740,554.9084,98.1437,19.3189,554.1897,60.4391
2028-08-10,38.7683,0.0000,16.1594,8.7413,1316.3563,561.8090,98.1957,20.6592,561.0178,62.9582
2028-08-11,34.9009,0.0000,23.6833,10.4462,1325.6425,567.4810,96.7454,18.5664,566.6393,58.9886
2028-08-12,32.4798,0.0000,27.4369,8.5228,1334.4929,572.5114,95.5531,14.3445,571.6301,50.2814
2028-08-13,36.8750,0.0000,22.0802,4.1591,1344.1343,578.6202,95.6799,11.7134,577.6797,44.2413
2028-08-14,39.7317,0.0000,23.3380,6.8278,1354.2901,585.0824,95.8962,13.7984,584.0780,49.0727
2028-08-15,40.2779,0.0000,21.0046,6.0416,1364.5441,591.8304,96.4695,14.3298,590.7549,50.2492
2028-08-16,40.4827,0.0000,17.6640,4.7271,1374.8350,598.8987,97.2015,14.7930,597.7429,51.2585
2028-08-17,40.4024,0.0000,14.3750,6.5450,1385.1114,606.2350,97.8794,17.7388,604.9907,57.3613
2028-08-18,39.6005,0.0001,15.5256,4.4218,1395.2435,613.3329,97.9314,16.0487,612.0033,53.9234
2028-08-19,39.5003,0.0000,17.7746,7.4538,1405.3576,620.2249,97.9833,18.8267,618.8140,59.4938
2028-08-20,36.8803,0.0000,19.5577,8.3148,1415.0000,626.5323,97.6736,18.8721,625.0499,59.5815
2028-08-21,35.7330,0.0000,19.1221,8.5829,1424.4360,632.6822,97.5276,18.7619,631.1296,59.3684
2028-08-22,34.9997,0.0000,24.7177,7.3912,1433.7399,638.2928,96.4968,15.3947,636.6826,52.5480
2028-08-23,35.6712,0.0000,26.7541,7.5020,1443.1647,643.8530,96.0452,14.5660,642.1874,50.7659
2028-08-24,34.2614,0.0000,38.6517,8.3870,1452.3358,648.3316,93.7475,11.1138,646.6376,42.7810
2028-08-25,33.3254,0.0000,37.1159,7.4476,1461.3383,652.8008,93.5652,10.3345,651.0767,40.8282
2028-08-26,33.8890,0.0000,28.5007,6.0164,1470.4424,657.9654,93.7949,9.9276,656.1924,39.7821
2028-08-27,34.1809,0.0000,25.9279,7.4320,1479.5989,663.3605,94.3626,11.5334,661.5321,43.8067
2028-08-28,32.2181,0.0064,42.2880,8.8987,1488.4022,667.3302,92.6481,9.7796,665.4831,39.3971
2028-08-29,32.5109,0.0000,37.0373,7.9690,1497.2581,671.6991,92.6983,9.3981,669.8223,38.3919
2028-08-30,32.7767,0.0000,32.7665,8.2837,1506.1620,676.4012,92.7486,9.6160,674.4854,38.9681
2028-08-31,32.3106,0.0000,29.4381,7.7043,1514.9819,681.2682,93.2977,10.0857,679.3073,40.1909
2028-09-01,32.9295,0.0000,26.6742,7.8717,1522.6132,685.7106,93.9760,11.1779,683.7036,42.9388
2028-09-02,33.7074,0.0000,26.2969,5.6277,1530.3845,690.2780,94.2245,10.3321,688.2224,40.8222
2028-09-03,34.3958,0.0506,32.7656,6.1645,1538.2798,694.5269,94.2753,10.6901,692.4333,41.7273
2028-09-04,36.0016,0.0000,37.3896,5.7478,1546.4641,698.6626,93.9973,10.0730,696.5373,40.1583
2028-09-05,37.3834,0.0001,30.7227,6.3574,1554.8971,703.4090,94.0480,10.4605,701.2364,41.1483
2028-09-06,32.9023,0.0000,44.1081,15.8212,1562.5235,706.7925,92.3402,13.2736,704.6042,47.8901
2028-09-07,24.4685,0.0013,55.3903,15.2245,1568.6318,708.8232,89.2786,8.3258,706.6429,35.4647
2028-09-08,29.3645,0.0000,42.5993,4.8314,1575.6214,711.9365,90.1271,5.5695,709.7414,27.0607
2028-09-09,33.3093,0.0667,28.4294,5.3702,1583.3211,716.3210,93.4013,9.0972,714.0805,37.5863
2028-09-10,31.0358,0.0000,40.7098,9.4712,1590.6115,719.7132,92.6041,10.0037,717.4527,39.9793
2028-09-11,28.6470,0.0000,41.0670,11.2335,1597.4720,722.8343,92.0858,10.1625,720.5571,40.3883
2028-09-12,27.4833,0.0001,30.4651,10.4810,1604.1230,726.3728,92.2876,10.0670,724.0636,40.1427
2028-09-13,27.5061,0.0000,23.9835,7.9706,1610.7781,730.2443,93.5295,10.5579,727.8926,41.3945
2028-09-14,28.3264,0.0000,22.2255,8.1859,1617.5808,734.3188,94.1515,11.6355,731.9198,44.0538
2028-09-15,28.8127,0.0001,23.9903,7.4210,1624.4711,738.3668,94.2022,11.2744,735.9220,43.1757
2028-09-16,31.9518,0.0000,18.6396,4.8767,1631.9265,743.1544,95.5020,11.8542,740.6469,44.5796
2028-09-17,31.4852,0.0004,32.8443,4.6719,1639.2978,747.0503,94.3559,10.0266,744.5069,40.0384
2028-09-18,32.8754,0.0009,33.4938,5.1455,1646.9194,751.0731,94.1846,10.0286,748.4926,40.0436
2028-09-19,33.8836,0.0000,32.4807,4.2240,1654.7224,755.2785,94.2353,9.6410,752.6569,39.0339
2028-09-20,34.2481,0.0000,30.5804,9.0576,1662.5911,759.6472,94.2861,12.3864,756.9800,45.8410
2028-09-21,31.1342,0.0033,45.3989,8.5777,1669.8992,762.7807,91.9985,8.7805,760.1006,36.7253
2028-09-22,30.9711,0.1438,49.9225,9.1114,1677.1780,765.6400,90.9567,7.7796,762.9555,33.9094
2028-09-23,29.8347,0.0022,29.9182,8.7393,1684.2523,769.4998,92.6343,9.6825,766.7760,39.1431
2028-09-24,29.8787,0.0000,35.8164,6.3463,1691.3345,773.0397,92.6845,8.6435,770.2870,36.3484
2028-09-25,30.7954,0.0000,35.7243,6.5971,1698.5816,776.6896,92.7348,8.8154,773.9062,36.8208
2028-09-26,31.2002,0.0000,28.7199,7.2845,1705.9017,780.7887,93.2533,9.8136,777.9606,39.4859
2028-09-27,32.5884,0.0000,24.1297,4.2963,1713.4716,785.3392,94.3973,9.8949,782.4544,39.6975
2028-09-28,32.5690,0.0000,26.5509,5.4415,1721.0380,789.7419,94.4481,10.5564,786.8050,41.3910
2028-09-29,30.7977,0.0000,35.8054,5.5874,1728.2856,793.3875,93.5661,9.4110,790.4193,38.4262
2028-09-30,31.3898,0.0000,28.8964,4.2454,1735.6397,797.5004,93.6166,8.8577,794.4865,36.9364
2028-10-01,31.3238,0.0000,28.0893,11.2803,1741.9820,801.0333,93.6672,12.7153,797.9803,46.6084
2028-10-02,30.6453,0.0000,32.6382,13.1351,1748.2022,804.2734,93.7178,14.0596,801.1894,49.6537
2028-10-03,29.8086,0.0000,32.7064,8.1770,1754.2717,807.4249,93.7481,10.9977,804.3110,42.4941
2028-10-04,29.9257,0.0000,31.1145,6.0291,1760.3623,810.6632,93.7987,9.9392,807.5165,39.8124
2028-10-05,29.4595,0.0000,31.7449,6.2530,1766.3690,813.8237,93.8493,10.1228,810.6457,40.2865
2028-10-06,29.0107,0.0544,34.7632,7.1147,1772.2950,816.8001,93.3587,9.8743,813.5959,39.6439
2028-10-07,28.5324,0.0818,47.5930,6.2234,1778.1348,819.1531,91.2527,7.0155,815.9429,31.6508
2028-10-08,28.6716,0.5218,51.1616,6.8583,1783.9997,821.3562,90.2768,6.3020,818.1454,29.4429
2028-10-09,26.9699,2.9518,54.5038,7.2994,1626.7718,123.1021,77.5339,1.3102,207.0367,8.7197
2028-10-10,25.0446,0.0000,49.9945,9.4551,1631.9838,125.0831,86.1360,3.9748,209.9393,20.8418
2028-10-11,24.4357,0.0000,50.9276,5.2402,1637.0862,126.9818,87.5453,3.9263,212.7151,20.6892
2028-10-12,29.9100,0.0000,38.4534,6.5196,1643.1740,129.8736,90.6834,6.5661,216.8906,29.6804
2028-10-13,29.6969,0.0205,48.0159,9.7504,1649.2235,132.2994,90.7330,7.7818,220.3983,33.3142
2028-10-14,30.2319,0.0007,44.1292,11.9285,1655.3692,134.9518,90.7826,8.7462,224.2080,36.0418
2028-10-15,28.0819,0.0000,44.3971,12.7269,1661.1280,137.4104,90.8322,9.1699,227.7263,37.2231
2028-10-16,27.0225,0.2721,55.7743,6.3783,1666.6960,139.2949,89.4154,5.4370,230.4416,26.2246
2028-10-17,26.8524,0.0177,59.9485,6.9970,1672.2334,140.9912,88.5407,4.9473,232.8926,24.5796
2028-10-18,24.3207,0.0006,53.3607,7.2074,1677.3151,142.7876,88.5896,5.0352,235.4635,24.9037
2028-10-19,25.4501,0.0000,37.0456,5.7247,1682.6002,145.3202,90.2944,5.9671,239.0299,28.0296
2028-10-20,26.7985,0.0031,31.2605,5.4032,1688.1279,148.2259,91.7669,7.2413,243.0905,31.9831
2028-10-21,27.8275,0.0532,30.9884,5.5908,1693.8408,151.2508,92.1963,7.7677,247.2961,33.5480
2028-10-22,27.5712,0.0000,28.4979,4.6561,1699.5077,154.3570,92.6593,7.9096,251.5881,33.9844
2028-10-23,27.5087,0.5012,41.3792,7.4002,1705.1632,156.8981,91.9150,8.1775,255.1118,34.7653
2028-10-24,27.6169,0.5419,50.0211,5.4872,1710.8383,159.0728,90.3279,5.9244,258.1410,28.0117
2028-10-25,22.7820,0.1583,53.5861,11.3381,1715.6430,160.7523,89.0810,6.6536,260.4869,30.3220
2028-10-26,20.8776,0.0000,39.7051,9.2971,1720.1050,162.7602,89.3297,6.2214,263.2476,28.9864
2028-10-27,18.7089,0.5383,44.0243,6.8361,1724.1766,164.4402,88.3806,4.7959,265.5618,24.2311
2028-10-28,21.8450,0.0000,32.1961,10.5000,1728.8127,166.7975,90.5441,7.8663,268.7677,33.9577
2028-10-29,23.1426,0.0000,30.8514,14.2140,1733.6824,169.3375,91.3647,10.6621,272.2058,41.4361
2028-10-30,24.3977,0.0000,38.3316,10.6183,1738.7780,171.7200,91.4145,8.9584,275.4357,37.0242
2028-10-31,23.0501,0.0000,44.9066,8.9376,1743.6310,173.7360,90.5873,7.3158,278.1777,32.3945
2028-11-01,25.2005,0.0000,30.1648,9.7335,1747.8711,176.1711,91.7915,9.0385,281.4281,37.2643
2028-11-02,23.2508,0.0000,36.3002,13.4495,1751.7602,178.2276,91.8415,10.9771,284.1741,42.2723
2028-11-03,23.1567,0.0000,39.5064,13.3963,1755.6324,180.1731,91.4393,10.3408,286.7709,40.6887
2028-11-04,23.2456,0.0000,43.0306,10.9885,1759.5207,182.0119,90.8672,8.4429,289.2268,35.6607
2028-11-05,23.2857,0.0010,47.0276,10.3943,1763.4161,183.7245,90.1874,7.4354,291.5182,32.7884
2028-11-06,22.5101,0.0008,48.3417,14.3999,1767.1719,185.3415,89.7505,8.5463,293.6800,35.9602
2028-11-07,23.2125,0.0005,41.1854,13.2717,1771.0542,187.2373,89.7998,8.1312,296.1908,34.8062
2028-11-08,23.1618,0.0118,37.6246,12.1928,1774.9273,189.2437,90.1079,8.0486,298.8331,34.5784
2028-11-09,19.1869,0.2282,64.2173,8.4749,1778.0849,190.2062,87.2072,4.4035,300.1443,22.9030
2028-11-10,19.3196,8.0343,78.0112,9.2362,1308.0838,78.6285,49.6863,0.2514,136.7125,0.8471
2028-11-11,19.4375,0.5755,67.6986,7.2344,1311.2865,79.5080,69.3934,0.8835,138.0846,5.3738
2028-11-12,21.6341,0.0000,43.2849,7.1845,1314.8847,81.2174,84.0092,2.6463,140.7070,14.0293
2028-11-13,22.0640,0.0000,54.0643,9.0240,1318.5602,82.6281,86.3169,3.9898,142.8732,19.2081
2028-11-14,21.4617,0.0000,55.2318,6.9573,1322.1273,83.9673,86.6344,3.7604,144.9244,18.4797
2028-11-15,20.2173,0.0000,51.0087,5.1838,1325.4704,85.3519,87.0899,3.6688,147.0337,18.2328
2028-11-16,20.6584,0.0000,41.4114,6.1900,1328.8929,87.0420,88.5714,4.7711,149.5889,22.1700
2028-11-17,19.1127,0.0000,47.6537,10.6160,1332.0372,88.4448,88.6202,6.0052,151.7069,26.1575
2028-11-18,18.3736,0.0000,46.7246,12.4208,1335.0484,89.8202,88.6691,6.6232,153.7759,28.0846
2028-11-19,18.4060,0.0005,50.5790,9.4231,1338.0655,91.0983,88.6056,5.6430,155.6963,25.2330
2028-11-20,18.6212,0.0017,51.4562,7.1892,1341.1214,92.3676,88.5079,4.9720,157.5992,23.1663
2028-11-21,19.5309,0.0001,48.5675,5.6685,1344.3409,93.7744,88.5568,4.6377,159.6992,22.1278
2028-11-22,19.7631,0.0001,47.8453,6.0272,1347.6023,95.2170,88.6057,4.7555,161.8454,22.6026
2028-11-23,18.7042,0.0016,48.2938,4.8541,1350.6730,96.5746,88.6546,4.5141,163.8590,21.8476
2028-11-24,18.4049,0.0014,40.2390,9.3044,1353.6899,98.1200,88.8310,5.7938,166.1349,26.1176
2028-11-25,16.3826,0.0000,40.4279,10.5894,1356.3428,99.5008,88.8800,6.2250,168.1610,27.5161
2028-11-26,16.2277,0.0000,41.1300,7.4772,1358.9678,100.8532,88.9290,5.3590,170.1399,24.8726
2028-11-27,16.8065,0.0000,43.1523,9.0364,1361.6969,102.2028,88.9780,5.8379,172.1109,26.4594
2028-11-28,16.4580,0.2611,53.3144,11.6120,1364.3634,103.2896,88.1079,5.8668,173.7034,26.6001
2028-11-29,12.8151,4.5945,67.6945,16.6670,1237.7820,66.2971,60.2659,0.9638,116.9360,5.3480
2028-11-30,12.3453,0.0319,64.7595,9.2323,1239.7082,66.9252,73.0833,1.1124,117.9339,6.1785
2028-12-01,16.0181,3.7677,81.3495,9.1342,1168.4554,48.5794,52.2516,0.3366,88.0110,0.8554
2028-12-02,17.6083,0.0764,76.0027,4.7752,1171.3289,49.0896,66.2740,0.7040,88.8681,3.0809
2028-12-03,17.8040,0.0000,61.6640,9.7771,1174.2376,49.9131,78.5591,1.6185,90.2370,7.3890
2028-12-04,16.6583,0.0186,63.7665,11.4992,1176.9401,50.6443,82.5223,2.7134,91.4507,11.5757
2028-12-05,14.8620,0.0004,46.7615,16.7383,1179.3193,51.6100,85.9216,5.5670,93.0408,20.2210
2028-12-06,13.0117,0.0000,41.7007,11.6920,1181.3654,52.5449,87.1927,5.1679,94.5737,19.3223
2028-12-07,14.7055,0.0000,42.6291,7.7566,1183.7164,53.5754,87.6452,4.5212,96.2590,17.6770
2028-12-08,13.3695,0.0000,50.2328,7.5107,1185.8269,54.3937,87.6938,4.4967,97.5957,17.7342
2028-12-09,11.4089,0.0000,42.4166,11.9504,1187.5845,55.2123,87.7424,5.6633,98.9265,21.1280
2028-12-10,11.7439,0.0000,32.4704,14.0006,1189.4024,56.1979,88.8498,7.3604,100.5220,25.6203
2028-12-11,12.5341,0.0000,33.8801,8.6686,1191.3625,57.2224,89.0475,5.7883,102.1758,21.8085
2028-12-12,13.2874,0.0006,39.4975,9.1831,1193.4583,58.2116,89.0966,5.9822,103.7696,22.4950
2028-12-13,13.9571,0.0007,39.2953,6.9207,1195.6746,59.2503,89.1456,5.3754,105.4384,21.0028
2028-12-14,12.7739,0.0000,52.3722,10.0793,1197.6779,60.0012,87.9366,5.2990,106.6456,20.9024
2028-12-15,13.5627,0.0081,73.6918,10.0002,1199.8231,60.4396,84.8347,3.4097,107.3590,15.1287
2028-12-16,13.2986,0.0001,54.7259,8.3225,1201.9209,61.1804,85.2790,3.3309,108.5475,14.9433
2028-12-17,15.6053,0.0001,62.6919,10.2872,1204.4339,61.8886,85.3268,3.7020,109.6869,16.2761
2028-12-18,13.5756,0.0000,43.2494,9.8896,1206.5815,62.8351,86.8630,4.5028,111.1936,18.9472
2028-12-19,14.6464,0.0000,43.2154,7.3626,1208.9218,63.8512,87.4592,4.3160,112.8072,18.4919
2028-12-20,14.0365,0.0000,43.6479,10.0228,1211.1524,64.8205,87.5245,4.9814,114.3422,20.6533
2028-12-21,13.1974,0.0000,43.4123,7.3903,1213.2319,65.7399,87.5730,4.3929,115.7939,18.9597
2028-12-22,14.2901,0.0000,35.8554,11.3700,1215.5081,66.8618,88.6402,6.2556,117.5573,24.5720
2028-12-23,15.0233,0.0000,40.6021,7.4884,1217.9163,67.9501,88.6891,5.1805,119.2651,21.6400
2028-12-24,14.8817,0.0000,43.7148,11.3304,1220.2990,68.9723,88.7380,6.3314,120.8660,25.0689
2028-12-25,14.5301,0.0000,41.7898,10.9329,1222.6184,70.0063,88.7869,6.2496,122.4798,24.9776
2028-12-26,13.8000,0.0000,48.6391,6.0793,1224.8064,70.8759,88.3865,4.6204,123.8367,20.2502
2028-12-27,11.0479,12.8159,81.9059,15.1225,952.2210,34.5736,38.9903,0.0611,63.3929,0.1221
2028-12-28,9.9448,3.5654,62.7168,27.1203,919.2900,25.8356,53.2894,0.9286,48.2791,2.4746
2028-12-29,9.1984,0.0000,31.3239,14.6971,920.6497,26.6393,75.9096,1.6950,49.6845,5.1003
2028-12-30,9.6254,0.0000,26.6798,12.8102,922.0862,27.5330,85.5326,4.3257,51.2409,11.9880
2028-12-31,11.0961,0.0030,45.0851,12.0237,923.7875,28.2941,86.3958,4.6929,52.5633,12.9776
2029-01-01,11.2839,0.0011,68.9541,6.9135,925.5226,28.7674,84.9761,2.9757,53.3863,9.0079
2029-01-02,11.7948,0.0000,60.1435,8.3219,927.3497,29.4001,85.0238,3.2156,54.4820,9.7412
2029-01-03,12.4888,0.0000,58.7184,8.8098,929.3017,30.0907,85.0715,3.3173,55.6746,10.1301
2029-01-04,12.7275,0.0000,63.6316,10.4432,931.2967,30.7098,85.1192,3.6257,56.7419,11.0254
2029-01-05,14.0940,0.0000,59.0507,12.1683,933.5376,31.4758,85.1670,3.9811,58.0578,12.0529
2029-01-06,13.9426,0.0017,60.4507,15.1716,935.7512,32.2082,85.2148,4.6622,59.3126,13.8221
2029-01-07,14.2230,0.0002,56.8381,17.4540,938.0154,33.0224,85.2854,5.2819,60.7023,15.4137
2029-01-08,13.6308,0.0009,61.5417,12.7855,940.1729,33.7198,85.3332,4.2024,61.8904,13.0542
2029-01-09,12.5339,0.0000,63.1496,5.4973,942.1330,34.3384,85.3811,2.9301,62.9416,9.8350
2029-01-10,12.4058,0.0000,49.9419,9.2666,944.0701,35.1707,85.9122,3.8154,64.3482,12.3668
2029-01-11,13.6361,0.0000,41.1522,7.3014,946.2286,36.2383,87.2846,4.1968,66.1437,13.5456
2029-01-12,15.4633,0.0000,45.2373,7.4106,948.7160,37.3550,87.4368,4.3126,68.0148,14.0575
2029-01-13,16.3839,0.0000,42.2572,11.0207,951.3691,38.5978,87.9904,5.5995,70.0869,17.4282
2029-01-14,14.8751,0.0000,58.9457,12.1451,953.7506,39.4052,86.9619,5.1163,71.4322,16.4622
2029-01-15,14.3124,0.0000,62.2126,10.0197,956.0308,40.1222,86.2303,4.1442,72.6248,14.1481
2029-01-16,14.3613,0.0000,60.2030,10.1665,958.3198,40.8797,86.2771,4.2026,73.8805,14.4422
2029-01-17,13.7264,0.0010,60.4155,11.6366,960.4946,41.6023,86.1909,4.4711,75.0751,15.2829
2029-01-18,14.3839,0.0000,51.7587,12.9732,962.7877,42.5219,86.2390,4.8151,76.5874,16.3470
2029-01-19,13.5327,0.0000,51.8141,13.8555,964.9276,43.3899,86.2871,5.0683,78.0101,17.1607
2029-01-20,13.3434,0.0000,51.9417,11.3754,967.0334,44.2444,86.3352,4.5034,79.4062,15.8582
2029-01-21,14.3609,0.0002,45.3499,7.6213,969.3224,45.2846,86.9940,4.0920,81.0975,14.9109
2029-01-22,13.8160,0.0002,40.9587,9.6617,971.5132,46.3688,87.7002,5.0160,82.8517,17.5966
2029-01-23,13.6010,0.0000,35.4491,11.4963,973.6654,47.5371,88.6401,6.2955,84.7320,21.0256
2029-01-24,13.5193,0.0000,43.9651,13.2287,975.8029,48.5456,88.6890,6.9181,86.3514,22.7153
2029-01-25,14.7521,0.0010,46.6588,7.1564,978.1623,49.5866,88.6665,5.0781,88.0182,18.3575
2029-01-26,14.2874,0.0000,50.7435,5.9717,980.4380,50.5197,88.1551,4.4453,89.5089,16.7838
2029-01-27,14.6347,0.0024,60.6217,8.0556,982.7763,51.2825,86.8222,4.0817,90.7290,15.8572
2029-01-28,13.9635,0.0134,77.4608,11.3526,984.9937,51.7004,83.9225,3.2273,91.4065,13.2870
2029-01-29,16.1713,1.7961,65.9756,12.9902,987.6085,48.7845,74.3589,1.4251,86.8445,6.4026
2029-01-30,14.8107,0.0000,33.4127,7.6162,989.9784,50.0888,84.9500,3.0719,88.9290,12.5778
2029-01-31,15.2679,0.0000,18.7008,13.3744,992.4307,51.7270,91.1565,9.9222,91.5276,30.0271
2029-02-01,15.3749,0.0000,44.6480,12.3259,994.9021,53.0224,89.7170,7.6613,93.5770,25.4298
2029-02-02,15.4950,0.0000,56.3525,6.2284,997.3952,54.0513,87.9302,4.3604,95.2042,17.1069
2029-02-03,11.5321,0.9053,57.4011,12.6309,999.1750,54.8157,82.3624,2.8162,96.4087,12.2968
2029-02-04,11.4132,0.0042,41.3000,10.3812,1000.9334,55.8591,85.8203,3.9842,98.0399,16.2400
2029-02-05,13.2059,0.0000,29.2379,5.4377,1003.0144,57.2971,88.7896,4.7398,100.2738,18.6965
2029-02-06,14.2710,0.0000,41.3127,4.7252,1005.2872,58.5785,88.8385,4.6049,102.2601,18.4877
2029-02-07,15.1035,0.0000,40.3023,4.5361,1007.7098,59.9525,88.8875,4.5934,104.3801,18.6449
2029-02-08,15.7486,0.0000,34.6097,5.1500,1010.2486,61.5176,89.3333,5.0508,106.7797,20.2037
2029-02-09,13.2339,3.4683,70.9792,10.1985,974.5932,46.4486,61.7326,0.7571,83.0070,3.1653
2029-02-10,12.3773,0.0001,31.5033,11.4572,976.5251,47.7599,80.4644,2.1281,85.1131,9.0493
2029-02-11,14.3068,0.0000,11.8127,9.5514,978.8043,49.6900,91.0786,8.0933,88.1876,25.6342
2029-02-12,18.0333,0.0009,24.6133,8.7418,981.7543,51.7389,91.7933,8.6001,91.4316,27.2251
2029-02-13,16.8353,0.0439,61.3884,5.8630,984.4887,52.7226,87.9652,4.3024,92.9948,16.7234
2029-02-14,18.9485,0.5459,52.0210,11.4113,987.6034,54.0890,86.8658,4.8636,95.1501,18.5419
2029-02-15,16.8018,5.6285,76.0288,12.4548,918.1647,34.7178,54.9166,0.5188,63.4388,1.2012
2029-02-16,13.6610,8.0056,87.8660,9.7374,827.0553,18.6063,30.4719,0.0064,35.2312,0.0084
2029-02-17,12.9733,0.9401,66.5151,9.7749,829.0945,19.2758,53.9273,0.4128,36.4339,0.5564
2029-02-18,13.6754,0.0000,28.0964,4.7519,831.2600,20.7849,76.7409,1.0857,39.1241,2.5043
2029-02-19,15.8280,0.0724,18.7985,8.8897,833.8131,22.7375,88.8576,5.6956,42.5727,13.4366
2029-02-20,18.6287,0.0195,27.3889,5.3888,836.8702,24.7724,90.8389,6.3415,46.1309,15.2519
2029-02-21,15.5633,10.4561,79.4363,14.3811,735.8434,12.4491,46.2870,0.2060,23.8878,0.2093
2029-02-22,15.4385,3.3251,86.3532,7.8863,720.2810,8.8754,39.9613,0.0513,17.2203,0.0424
2029-02-23,17.3762,0.8902,79.3782,5.8989,723.1127,9.4166,54.9191,0.3729,18.2394,0.3191
2029-02-24,20.3008,0.0044,64.9386,5.9473,726.4708,10.4825,73.0900,0.9429,20.2350,0.8611
2029-02-25,19.9398,0.0014,58.6723,4.3886,729.7640,11.7176,81.3731,1.6507,22.5308,2.6762
2029-02-26,18.1971,0.0031,63.6954,5.1318,732.7435,12.7128,83.4962,2.2299,24.3686,4.0775
2029-02-27,17.1011,1.3479,68.9915,8.1049,735.5257,13.5145,76.2464,1.2427,25.8419,2.0185
2029-02-28,15.5080,22.0107,79.8009,11.7791,568.9303,6.1053,37.2968,0.0365,11.8916,0.0242
2029-03-01,14.8139,8.2881,73.8239,13.4322,527.9503,3.4152,39.9140,0.0672,6.7216,0.0331
2029-03-02,9.4859,2.1247,73.5882,20.0984,529.3617,2.6791,51.7247,0.5521,5.2912,0.2435
2029-03-03,6.2433,0.1791,66.8547,10.6659,530.1895,3.0940,65.5869,0.9236,6.0990,0.4344
2029-03-04,7.4665,0.0131,63.4170,7.6337,531.2375,3.6282,74.1171,1.0751,7.1345,0.5450
2029-03-05,12.5708,0.0000,51.6358,5.9155,533.2042,4.7552,81.1796,1.7433,9.3030,1.0931
2029-03-06,14.4613,0.0000,43.9236,6.1374,535.5113,6.2427,85.4127,3.0395,12.1318,3.5748
2029-03-07,17.1916,0.0000,41.5489,6.5761,538.3097,8.0652,87.5828,4.2222,15.5480,5.8769
2029-03-08,18.9990,0.0002,40.5011,6.7652,541.4336,10.1037,88.5926,4.9264,19.3066,7.6713
2029-03-09,19.6261,0.0000,39.6154,6.9143,544.6703,12.2370,89.0572,5.3059,23.1725,9.0618
2029-03-10,19.8815,0.0000,42.8947,7.0499,547.9529,14.2794,89.1062,5.3800,26.8121,9.9406
2029-03-11,13.5002,6.0468,69.9061,16.8659,522.0546,8.8025,56.5388,0.7458,16.8929,0.6088
2029-03-12,6.9845,2.6897,70.5350,15.8797,523.0158,6.6498,53.8289,0.5561,12.8899,0.3866
2029-03-13,6.1707,1.9875,64.0128,15.8288,523.8305,5.6930,58.2193,0.8058,11.0848,0.5144
2029-03-14,10.7749,0.0016,48.2496,6.6095,525.4740,6.7405,73.9484,1.0129,13.0621,0.7095
2029-03-15,13.2705,0.0005,49.5057,5.0699,527.5667,7.9774,81.4733,1.7284,15.3737,2.0281
2029-03-16,9.0726,12.7238,78.0283,14.4735,465.7700,3.8430,38.6431,0.0552,7.5306,0.0287
2029-03-17,12.0463,0.0284,62.3956,9.9811,467.6424,4.6856,61.9018,0.7557,9.1423,0.4345
2029-03-18,14.2672,5.8670,73.9254,17.8826,447.7309,2.7566,50.4659,0.4273,5.4296,0.1906
2029-03-19,13.2329,5.8367,80.7900,15.9368,428.8266,1.3695,41.3726,0.1000,2.7173,0.0341
2029-03-20,13.5446,1.3907,67.0887,13.4677,430.9686,2.1911,59.5890,0.7860,4.3271,0.3182
2029-03-21,14.1514,1.3705,60.8416,16.1397,433.2198,3.2091,70.4370,1.4309,6.3015,0.6833
2029-03-22,17.3886,0.9722,55.8809,12.0540,436.0538,4.5995,78.3724,1.7855,8.9627,1.1149
2029-03-23,18.1426,0.0048,51.8772,7.6127,439.0235,6.1780,84.2328,2.7861,11.9361,3.1896
2029-03-24,18.3292,0.0000,44.2205,6.1801,442.0267,8.0254,87.0431,3.8320,15.3538,5.3043
2029-03-25,20.4258,0.0000,41.5897,4.3432,445.4074,10.1686,88.4620,4.2794,19.2391,6.7351
2029-03-26,22.5154,0.0011,37.4144,4.5977,449.1641,12.6880,89.7341,5.2029,23.7021,9.0233
2029-03-27,22.4137,0.3384,41.6784,9.6821,452.9026,15.0256,89.7834,6.7699,27.7496,12.2215
2029-03-28,16.8676,2.4111,65.7044,13.0346,455.6428,13.0943,72.3614,1.3089,24.4332,2.0677
2029-03-29,15.8661,0.0062,45.6664,7.4610,458.2027,14.6656,82.5693,2.2269,27.1582,4.3970
2029-03-30,13.8757,1.6302,63.4611,12.4824,460.4043,14.6584,74.6154,1.4075,27.1553,2.5443
2029-03-31,16.3093,0.0052,55.3120,7.9566,463.0440,15.9845,82.0357,2.1378,29.4293,4.4566
2029-04-01,18.8636,0.0023,50.6279,6.4015,467.3934,18.3741,85.6108,3.1662,33.4597,7.1257
2029-04-02,20.8031,0.0000,43.2390,4.2657,472.0920,21.3881,87.8983,3.9318,38.4241,9.3730
2029-04-03,23.6211,0.0015,32.0736,4.7238,477.2978,25.4590,90.6484,5.9681,44.9270,14.3503
2029-04-04,26.1370,0.0009,28.2675,5.6701,482.9564,30.1956,92.2512,7.8594,52.2277,19.1210
2029-04-05,24.9203,0.0098,32.0847,8.7240,488.3961,34.4798,92.3013,9.2319,58.6145,22.7873
2029-04-06,24.2228,0.0030,40.2561,4.5751,493.7102,38.1475,91.6375,6.8191,63.9433,19.1796
2029-04-07,24.7315,0.0095,36.3743,9.0594,499.1159,42.1320,91.6874,8.6086,69.5803,23.6891
2029-04-08,24.2071,0.0204,27.9236,20.0673,504.4271,46.5541,92.2237,16.1725,75.6530,37.8331
2029-04-09,23.8043,0.0060,40.1605,16.0855,509.6659,50.1670,91.4903,11.9275,80.5198,31.8800
2029-04-10,23.7611,0.0000,47.7013,6.9383,514.8969,53.3191,90.3171,6.3640,84.7086,21.1864
2029-04-11,22.9383,0.0003,46.3306,11.1265,519.9798,56.4467,90.1243,7.6455,88.7954,24.7254
2029-04-12,22.0525,0.0006,43.2078,8.6575,524.9033,59.6344,90.1737,6.7990,92.8867,23.3034
2029-04-13,24.6849,0.0080,34.6236,6.3980,530.3005,63.7212,90.8604,6.6928,98.0023,23.6779
2029-04-14,22.7642,0.2245,46.7077,13.1447,535.3521,66.8044,90.1505,8.4958,101.8387,28.4529
2029-04-15,24.2984,0.0634,47.6779,11.0244,540.6798,70.0260,90.0831,7.5615,105.7965,26.7411
2029-04-16,20.5189,0.5816,53.9381,16.1440,545.3272,72.4402,87.9974,7.2561,108.7613,26.3227
2029-04-17,20.6558,0.0024,46.6010,11.1862,549.9992,75.2566,88.0847,5.7232,112.1495,22.6081
2029-04-18,22.0819,0.0387,48.5926,6.9214,554.9280,78.1457,88.1334,4.6488,115.5956,19.7433
2029-04-19,23.8047,0.0016,44.0242,10.2568,560.1668,81.5254,88.9183,6.1553,119.5523,24.4690
2029-04-20,21.6733,0.2346,52.3911,13.3418,565.0220,84.1538,88.8332,7.1032,122.6422,27.3046
2029-04-21,22.3630,0.0107,52.0356,9.1348,570.0014,86.8822,88.8821,5.7868,125.8194,23.9247
2029-04-22,25.6175,0.0000,39.3199,6.9319,575.5665,90.8125,90.0247,6.1012,130.2486,25.1572
2029-04-23,28.6067,0.0000,31.0794,6.6105,581.6697,95.7761,92.0787,8.0426,135.6945,30.8375
2029-04-24,29.1639,0.0000,31.5341,12.0777,587.8732,100.7994,92.3522,11.0104,141.1103,38.4411
2029-04-25,28.6334,0.0003,26.2114,23.3782,593.9813,106.1183,93.3309,22.3219,146.7100,60.6527
2029-04-26,27.2419,0.0025,35.4200,15.5333,599.8388,110.5556,92.8818,14.1176,151.3660,45.9968
2029-04-27,21.8841,0.0042,51.3583,15.9751,604.7319,113.2659,89.7049,9.1920,154.2871,35.0276
2029-04-28,21.8214,0.5364,51.4042,14.2942,609.6138,115.9663,88.8001,7.4171,157.1814,30.5032
2029-04-29,22.1414,0.2913,51.1518,12.3040,614.5532,118.7187,88.8491,6.7567,160.1118,28.7688
2029-04-30,23.9858,0.5567,47.9914,13.4645,619.8247,121.8816,88.2385,6.5626,163.4243,28.3428
2029-05-01,25.2344,0.0036,38.8620,8.4723,626.7709,126.1203,89.9463,6.5200,167.8185,28.3888
2029-05-02,26.0135,0.0000,30.1352,6.5390,633.8573,131.1073,91.7994,7.7032,172.8393,31.9724
2029-05-03,28.7340,0.0000,26.8863,9.1118,641.4334,136.8498,93.1175,10.5578,178.4949,39.5860
2029-05-04,31.9463,0.0000,22.4253,8.3842,649.5878,143.5988,94.6522,12.5928,184.9721,44.5955
2029-05-05,31.7300,0.0000,23.5646,6.4123,657.7032,150.2052,94.7031,11.4818,191.2289,42.2498
2029-05-06,29.6056,0.0101,32.3584,8.7321,665.4362,155.6731,93.9743,11.6704,196.4511,42.8512
2029-05-07,27.9789,0.0000,35.0148,10.6275,672.8764,160.6480,93.1860,11.5055,201.2036,42.5902
2029-05-08,26.7577,0.0060,28.2341,15.3633,680.0967,165.9113,93.2364,14.7097,206.1162,49.9018
2029-05-09,28.1086,0.1174,34.2904,13.6526,687.5603,170.9642,93.1688,13.3678,210.8543,47.0992
2029-05-10,24.9631,0.0132,45.5134,15.4254,694.4577,174.7028,90.9798,10.7291,214.5016,41.0038
2029-05-11,23.7373,0.0084,45.3782,13.1675,701.1344,178.2744,90.4894,8.9279,217.9841,36.4417
2029-05-12,23.6810,0.0838,45.4989,13.5964,707.8009,181.8300,90.3712,8.9702,221.4421,36.6062
2029-05-13,23.0268,0.1911,41.9099,10.1952,714.3498,185.5198,90.4207,7.6110,224.9732,32.8837
2029-05-14,23.3704,0.4413,37.4364,9.6674,720.9604,189.5503,90.4702,7.4639,228.7481,32.5017
2029-05-15,24.5194,0.0077,30.0633,7.5421,727.7779,194.2673,91.6668,7.9516,233.0280,33.9464
2029-05-16,26.5670,0.0000,20.8463,5.2071,734.9640,200.0327,93.8814,9.6459,238.0751,38.5922
2029-05-17,26.7810,0.0000,26.1018,12.5844,742.1886,205.4569,93.9320,14.0877,242.8476,49.2140
2029-05-18,20.7088,2.6198,51.8571,15.9920,748.3201,118.3658,78.4626,2.1948,169.6468,12.8357
2029-05-19,21.0137,0.3264,42.4793,10.5652,754.5066,121.7145,86.6411,4.5144,173.4700,22.1343
2029-05-20,24.4409,0.0000,26.0952,5.3768,761.3100,126.6839,91.6523,7.1151,178.9313,30.5139
2029-05-21,25.6676,0.0000,25.5009,6.8116,768.3341,131.9339,92.8521,9.0592,184.6152,36.0303
2029-05-22,26.9699,0.0000,21.4478,8.9377,775.5927,137.7388,94.0247,11.8745,190.7767,43.1552
2029-05-23,28.6322,0.0000,24.1524,8.3568,783.1505,143.6757,94.0754,11.6132,196.9987,42.7320
2029-05-24,28.7812,0.0003,33.1990,8.9365,790.7351,148.9308,93.6056,11.2026,202.5082,41.8998
2029-05-25,27.6915,3.4811,43.4871,11.2400,775.7469,94.9506,81.4547,2.3536,145.4071,12.9516
2029-05-26,22.1621,0.7473,50.6518,18.6733,782.1401,97.9728,85.5128,5.7966,149.2173,25.4030
2029-05-27,23.1951,0.0106,46.0269,13.4908,788.7192,101.4249,88.0842,6.4275,153.5013,27.5003
2029-05-28,24.3353,0.0022,44.6183,11.8123,795.5036,105.1334,88.9067,6.6461,158.0480,28.3546
2029-05-29,24.9178,0.0318,47.1801,9.9120,802.3928,108.7514,88.9557,6.0818,162.4568,26.8648
2029-05-30,24.9270,0.1172,47.5488,13.4914,809.2836,112.3454,89.0047,7.3354,166.8018,30.7080
2029-05-31,20.4386,5.0866,69.2031,11.5649,773.6724,69.3451,62.7029,0.8528,113.3018,4.6271
2029-06-01,23.4742,0.0421,44.3673,7.9944,781.3017,72.9443,82.9052,2.3867,118.2811,12.0082
2029-06-02,28.7482,0.0067,28.1239,7.1989,789.8804,78.5924,91.7577,7.9167,125.8739,29.6987
2029-06-03,31.4088,0.0017,24.3136,9.7327,798.9380,85.0700,94.0780,12.4514,134.3708,40.9866
2029-06-04,34.4451,0.0000,20.1864,8.7496,808.5421,92.5388,95.5988,14.5999,143.9029,46.3404
2029-06-05,37.1987,0.0000,17.5633,8.9093,818.6419,100.8507,96.6740,17.0190,154.2081,51.9731
2029-06-06,36.5886,0.0000,18.3262,11.3003,828.6318,108.9544,96.7256,19.3314,163.9994,57.0341
2029-06-07,37.1891,0.0000,19.7846,8.8223,838.7298,117.0403,96.7772,17.1806,173.5394,53.6211
2029-06-08,37.1875,0.0000,18.2461,9.2549,848.8276,125.2810,96.8288,17.6810,183.0279,55.0813
2029-06-09,37.4505,0.0000,17.8472,9.6405,858.9727,133.6187,96.8804,18.1530,192.4106,56.3946
2029-06-10,38.9669,0.0001,17.3892,10.4030,869.3907,142.3327,97.0387,19.2676,201.9922,58.8517
2029-06-11,35.4717,0.0024,25.0797,10.3618,879.1796,149.5461,96.3756,17.5911,209.8534,55.8767
2029-06-12,35.0045,0.0000,21.2462,9.9587,888.8844,157.0317,96.4270,17.3572,217.8494,55.6112
2029-06-13,33.8875,0.0000,23.3479,9.0821,898.3882,164.0921,96.3409,16.4158,225.3039,53.8734
2029-06-14,34.0513,0.0000,29.4447,9.8114,907.9214,170.6214,95.3242,14.8369,232.1675,50.6961
2029-06-15,33.4182,0.0000,32.0568,9.9953,917.3407,176.7957,94.6348,13.6251,238.6204,48.1422
2029-06-16,32.4102,0.0001,34.0910,13.0161,926.5785,182.6103,94.0355,14.6056,244.6710,50.3613
2029-06-17,29.7406,0.0000,25.4964,13.5052,935.3359,188.6594,94.0862,15.0756,250.8342,51.4332
2029-06-18,30.0771,0.0000,26.1000,10.9648,944.1537,194.7250,94.1369,13.3575,256.9597,47.7270
2029-06-19,34.2927,0.0000,23.3585,5.1532,953.7304,201.8663,94.9106,11.0873,264.0243,42.4437
2029-06-20,35.6735,0.0000,24.7488,10.6338,963.5556,209.1515,94.9616,14.7163,271.1577,50.8231
2029-06-21,35.7474,0.0000,24.1370,10.6541,973.3942,216.5107,95.0497,14.9103,278.2786,51.2812
2029-06-22,36.4609,0.0000,18.6231,10.0626,983.3611,224.5577,96.3126,17.1814,285.8981,56.0362
2029-06-23,36.2941,0.0000,21.5860,10.4957,993.2981,232.2772,96.3640,17.6826,293.1662,57.0701
2029-06-24,32.7787,0.0000,36.0584,13.1681,1002.6022,237.9802,93.9678,14.5805,298.7062,50.6547
2029-06-25,33.6167,0.0000,28.4633,10.9275,1012.0572,244.5185,94.0185,13.1156,304.8833,47.4131
2029-06-26,34.0790,0.0000,24.4638,10.4965,1021.5954,251.5142,94.6600,14.0222,311.3775,49.4663
2029-06-27,31.5118,0.0000,25.9810,12.2169,1030.6716,257.8692,94.7109,15.3994,317.2821,52.4622
2029-06-28,33.9625,0.0000,27.7368,7.3284,1040.1888,264.5396,94.7618,12.1216,323.4382,45.1435
2029-06-29,35.5332,0.0000,25.8275,14.3536,1049.9888,271.6930,94.8128,17.3916,329.9458,56.5916
2029-06-30,33.1115,0.0006,25.1303,13.2156,1059.3529,278.4363,94.8637,16.5376,336.0544,54.8700
2029-07-01,34.7860,0.0003,24.8583,8.5487,1069.3184,284.7693,94.9147,13.1637,341.9065,47.5897
2029-07-02,35.8010,0.0000,25.5083,7.1746,1079.4666,291.2251,94.9656,12.3692,347.8425,45.7584
2029-07-03,38.0317,0.0004,20.0918,7.9866,1090.0163,298.5689,96.2537,15.3526,354.4306,52.4178
2029-07-04,38.2828,0.0014,20.3808,8.4965,1100.6112,305.9331,96.3052,15.8618,361.0008,53.4973
2029-07-05,38.7902,0.0187,22.3579,6.8044,1111.2974,313.2070,96.3566,14.6667,367.4849,50.9554
2029-07-06,36.6109,0.0072,26.0468,8.4655,1121.5914,319.7567,96.2676,15.7570,373.3884,53.2866
2029-07-07,34.6795,0.0000,22.6833,9.2056,1131.5377,326.2537,96.3190,16.4696,379.1841,54.7709
2029-07-08,33.7638,0.0025,26.3422,9.3703,1141.3191,332.2847,95.8108,15.5039,384.6217,52.7591
2029-07-09,33.5058,0.0025,24.8529,9.7544,1151.0542,338.3922,95.8621,15.9172,390.0861,53.6307
2029-07-10,36.2524,0.0000,16.9978,5.5144,1161.2836,345.6735,96.6460,14.2891,396.3776,50.1450
2029-07-11,37.9526,0.0000,19.9897,8.1304,1171.8191,353.0119,96.6975,16.4157,402.7223,54.6699
2029-07-12,36.2485,0.0000,27.1767,9.0639,1182.0478,359.3996,96.0773,15.8272,408.3806,53.4488
2029-07-13,34.0435,0.0000,29.1370,10.4319,1191.8797,365.2484,95.3290,15.3180,413.6171,52.3747
2029-07-14,34.9018,0.0000,26.2688,8.8791,1201.8660,371.4826,95.3801,14.2642,419.1101,50.0965
2029-07-15,35.8835,0.0000,20.6644,7.8574,1212.0290,378.3735,95.8046,14.3538,425.0302,50.2943
2029-07-16,36.2617,0.0000,20.3986,7.6526,1222.2601,385.3582,95.9421,14.4737,430.9992,50.5577
2029-07-17,37.8946,0.0000,18.2147,7.1274,1232.7851,392.8482,96.6600,15.5282,437.3075,52.8250
2029-07-18,37.7541,0.0000,18.7976,5.9151,1243.2849,400.2580,96.7115,14.7094,443.5386,51.0725
2029-07-19,37.1661,0.0000,17.7602,8.1333,1253.6788,407.6489,96.7631,16.5631,449.7189,54.9823
2029-07-20,35.1978,0.0000,18.6536,8.9257,1263.7184,414.5835,96.8147,17.3575,455.5447,56.5954
2029-07-21,34.3974,0.0000,24.8509,9.7099,1273.6139,420.8485,96.2352,16.7034,460.9282,55.2708
2029-07-22,35.9750,0.0000,16.8869,7.8518,1283.7934,428.0854,96.6520,16.0882,466.9257,54.0027
2029-07-23,34.6569,0.0000,16.3853,10.3168,1293.7357,435.1071,96.7036,18.3425,472.7380,58.5492
2029-07-24,32.0416,0.0000,23.5345,10.6556,1303.2072,441.0588,96.1227,17.2547,477.8270,56.3905
2029-07-25,34.1160,0.0000,17.7943,5.8973,1313.0520,447.8578,96.1741,13.6707,483.4640,48.7850
2029-07-26,34.8193,0.0000,23.5756,7.2045,1323.0235,454.3048,96.2255,14.7032,488.9048,51.0624
2029-07-27,35.3016,0.0000,23.5636,6.6767,1333.0818,460.8395,96.2769,14.4169,494.4001,50.4389
2029-07-28,35.0571,0.0000,26.8634,8.1454,1343.0961,467.0500,95.8995,14.7521,499.6915,51.1688
2029-07-29,35.2263,0.0000,26.3779,7.5201,1353.1408,473.3311,95.9352,14.3639,505.0199,50.3230
2029-07-30,35.8834,0.0000,20.7136,7.7635,1363.3038,480.2177,95.9865,14.6425,510.7031,50.9313
2029-07-31,34.5167,0.0000,29.0804,11.0945,1373.2208,486.1500,95.3872,15.9643,515.7941,53.7464
2029-08-01,34.2354,0.0000,35.2792,9.4171,1382.3872,490.8713,94.2189,12.4962,520.0668,46.0975
2029-08-02,33.7184,0.0000,38.1948,8.6559,1391.4605,495.3139,93.5093,10.8982,524.1646,42.2464
2029-08-03,35.8697,0.0000,31.6987,5.8464,1400.9210,500.5268,93.5599,9.5263,528.7599,38.7312
2029-08-04,38.6812,0.0000,23.0570,5.5785,1410.8877,506.8459,95.6770,12.5768,534.0567,46.2858
2029-08-05,39.0426,0.0000,17.0597,7.7091,1420.9193,513.7194,97.0734,16.9000,539.6636,55.6748
2029-08-06,39.3131,0.0000,17.0647,7.5634,1430.9997,520.6388,97.1655,16.9839,545.2938,55.8452
2029-08-07,39.6266,0.0000,17.5626,6.8497,1441.1365,527.5700,97.2172,16.4973,550.9300,54.8514
2029-08-08,38.9097,0.0000,21.6410,7.9519,1451.1442,534.0423,97.2689,17.5602,556.2835,57.0052
2029-08-09,37.6686,0.0010,22.8863,9.2024,1460.9286,540.2142,97.0955,18.2748,561.4259,58.4191
2029-08-10,37.4457,0.0002,24.3994,8.7787,1470.6728,546.2302,96.7832,17.1567,566.4708,56.1952
2029-08-11,34.3187,0.0000,39.4499,12.2858,1479.8542,550.6577,93.6299,13.3069,570.5538,47.9657
2029-08-12,32.4775,0.0000,40.3540,11.0057,1488.7041,554.7923,92.8875,11.2467,574.4173,43.1076
2029-08-13,31.9721,0.0000,35.0069,10.2467,1497.4631,559.2298,92.9378,10.9013,578.4252,42.2546
2029-08-14,31.5664,0.0000,34.0233,10.0595,1506.1491,563.6791,92.9881,10.8754,582.4246,42.1902
2029-08-15,31.7006,0.0000,40.2047,9.0209,1514.8592,567.7282,92.7204,9.9405,586.2138,39.8155
2029-08-16,33.7559,0.0000,37.3408,6.7995,1523.9392,572.2371,92.7707,8.9507,590.3166,37.1896
2029-08-17,36.6630,0.0000,34.0606,4.5502,1533.5426,577.3777,93.1366,8.4122,594.8520,35.7063
2029-08-18,38.8621,0.0000,28.5057,5.4656,1543.5418,583.2760,94.5939,10.7837,599.8610,41.9614
2029-08-19,39.0793,0.0000,30.1306,7.8368,1553.5800,589.0716,94.6447,12.2376,604.8193,45.4909
2029-08-20,37.7808,0.0000,26.1442,7.9901,1563.3846,594.9998,94.9622,12.8820,609.7993,46.9935
2029-08-21,36.5145,0.0000,27.1921,8.2111,1572.9612,600.6536,95.0132,13.1175,614.5881,47.5343
2029-08-22,32.7370,0.0000,39.6525,12.2268,1581.8578,604.8692,93.1965,12.4893,618.4923,46.0819
2029-08-23,27.4822,0.0000,45.1948,15.6815,1589.8087,608.1031,91.3358,11.4333,621.7022,43.5636
2029-08-24,23.3493,0.0015,38.6000,14.1717,1597.0155,611.2022,91.3856,10.6710,624.6994,41.6793
2029-08-25,27.5126,0.0000,25.2859,3.1396,1604.9718,615.6156,93.0933,7.7877,628.5256,33.9327
2029-08-26,30.2204,0.0000,22.0705,2.7074,1613.4155,620.6545,94.3838,9.1166,632.7692,37.6385
2029-08-27,32.5291,0.0000,21.1949,5.7743,1622.2747,626.1256,95.0890,11.7228,637.3142,44.2643
2029-08-28,31.7054,0.0000,27.1353,10.0626,1630.9857,631.0604,95.1400,14.6524,641.5500,50.9540
2029-08-29,31.3379,0.0000,28.9669,9.7693,1639.6305,635.8173,94.8266,13.8307,645.6794,49.1450
2029-08-30,30.9567,0.0000,34.5975,8.3945,1648.2067,640.1456,93.8155,11.2234,649.5732,43.0506
2029-08-31,32.2362,0.0000,36.2942,7.6669,1657.0132,644.5299,93.5490,10.4257,653.5399,41.0602
2029-09-01,33.6446,0.0024,33.5306,9.3382,1664.7733,648.6416,93.5995,11.4219,657.1620,43.5358
2029-09-02,32.0702,0.0618,39.5255,8.1037,1672.2499,652.2129,92.9754,9.8371,660.4510,39.5471
2029-09-03,31.1220,0.0071,52.7118,7.8794,1679.5559,654.9256,90.6708,7.0191,663.2664,31.6618
2029-09-04,32.6047,0.0000,39.9657,6.8964,1687.1287,658.5281,91.2566,7.2615,666.5899,32.3893
2029-09-05,35.9383,0.0000,29.7951,4.1969,1695.3016,663.1575,93.6907,8.9276,670.5556,37.1269
2029-09-06,36.1058,0.0000,32.6480,9.5627,1703.5047,667.6189,93.7413,11.7819,674.4400,44.4063
2029-09-07,35.6233,0.0000,31.0868,10.4023,1711.6208,672.1245,93.7919,12.3777,678.3286,45.8208
2029-09-08,34.6324,0.0000,29.5172,9.6634,1719.5587,676.6084,93.8425,12.0095,682.1698,44.9503
2029-09-09,35.3740,0.0000,26.4029,9.6529,1727.6300,681.3875,94.4720,13.0953,686.1857,47.4835
2029-09-10,33.9349,0.0000,30.7818,8.7471,1735.4423,685.7050,94.5229,12.5989,689.9149,46.3379
2029-09-11,34.2151,0.0000,30.4138,6.9104,1743.3050,690.0801,94.5737,11.5659,693.6822,43.8855
2029-09-12,34.6902,0.0000,21.8534,7.8315,1751.2532,695.0596,95.3203,13.4209,697.7698,48.2243
2029-09-13,33.8208,0.0000,21.6274,9.1394,1759.0450,699.9321,95.3714,14.4355,701.7702,50.4811
2029-09-14,34.0579,0.7346,28.5708,8.6597,1766.8794,704.4031,93.4818,10.8585,705.5755,42.1484
2029-09-15,30.6935,2.5470,50.1560,9.1132,1774.1082,131.3606,83.2602,2.6428,221.6855,15.5057
2029-09-16,29.5119,0.0000,50.2233,6.9382,1781.1244,134.0735,88.0285,4.5833,225.6775,23.2363
2029-09-17,30.1599,0.0000,38.7617,5.7035,1788.2572,137.4816,90.7207,6.3351,230.6350,29.1225
2029-09-18,31.0166,0.0000,40.0232,5.6438,1795.5441,140.9110,91.0022,6.5749,235.5987,29.9114
2029-09-19,31.3753,0.0001,40.7196,6.8147,1802.8957,144.3385,91.0519,7.0240,240.5345,31.3164
2029-09-20,31.5150,0.0000,34.9529,7.8687,1810.2724,148.1155,91.9975,8.4711,245.9270,35.5168
2029-09-21,31.7553,0.0000,31.3133,7.0666,1817.6924,152.1333,92.7862,9.0918,251.6182,37.2482
2029-09-22,30.9182,0.4708,35.7930,5.1798,1824.9616,155.7934,92.8365,8.3258,256.7839,35.1908
2029-09-23,32.6293,0.0000,26.6558,5.5726,1832.5389,160.1977,93.8808,9.8245,262.9325,39.2532
2029-09-24,34.0198,0.0015,17.5284,4.4496,1840.3665,165.3543,96.0337,12.4700,270.0497,45.7843
2029-09-25,26.7120,3.0752,56.1778,14.4252,1651.8317,102.0131,79.5264,2.2417,176.7388,13.1780
2029-09-26,24.4321,0.0000,56.2709,6.8842,1657.9335,104.0008,85.2187,3.0723,179.8042,16.8416
2029-09-27,30.2949,0.0000,35.1208,2.1952,1665.0905,107.6272,90.7681,5.3446,185.3096,25.2413
2029-09-28,30.7548,0.0000,40.1931,7.5268,1672.3304,111.0190,90.9426,7.1682,190.4330,30.9889
2029-09-29,30.2068,0.0000,35.9768,7.7314,1679.4716,114.5875,91.5949,7.9464,195.7806,33.3336
2029-09-30,29.9061,0.0000,29.3835,5.8947,1686.5587,118.4857,92.7916,8.5769,201.5693,35.1957
2029-10-01,31.3889,0.0000,20.1351,4.7598,1692.9127,122.4172,94.9609,10.9450,207.3499,41.3889
2029-10-02,31.1164,0.0000,25.2196,7.6756,1699.2177,126.0676,95.0119,12.7661,212.6863,45.7855
2029-10-03,30.3597,0.0000,30.4060,7.1518,1705.3864,129.3850,94.4580,11.5223,217.5138,42.9820
2029-10-04,30.7193,0.0000,24.1672,5.2332,1711.6199,133.0410,94.5088,10.5341,222.7895,40.6599
2029-10-05,31.4460,0.0000,22.9886,8.1030,1717.9842,136.8388,94.5715,12.2785,228.2306,44.9386
2029-10-06,30.9108,0.0000,28.5684,8.6339,1724.2521,140.3034,94.6224,12.7000,233.1732,45.9820
2029-10-07,29.8984,0.0002,41.1876,8.8750,1730.3378,143.0657,92.5739,9.6666,237.1186,38.6359
2029-10-08,29.1878,0.0216,38.2863,10.9140,1736.2956,145.8979,92.5887,10.7348,241.1395,41.3894
2029-10-09,27.0251,1.6046,50.6124,8.6053,1741.8641,132.9451,84.3608,2.9800,223.2854,16.9863
2029-10-10,26.5865,0.4317,58.6466,5.4809,1747.3537,134.6799,86.3742,3.3646,225.8420,18.6038
2029-10-11,26.9560,0.4844,52.4987,5.6956,1752.9098,136.6992,87.7621,4.1439,228.7928,21.6573
2029-10-12,26.7942,0.0012,44.7688,9.7507,1758.4367,139.0335,89.1967,6.2449,232.1741,28.8544
2029-10-13,27.7003,0.1791,42.4479,7.8479,1764.1268,141.5450,89.9056,6.2813,235.7928,29.0007
2029-10-14,28.9083,0.0021,40.8109,4.5521,1770.0343,144.2363,90.4377,5.7412,239.6509,27.3029
2029-10-15,30.0611,0.0000,28.8758,6.0456,1776.1493,147.5944,92.7781,8.6261,244.4132,35.9304
2029-10-16,28.1659,0.0000,28.6502,6.4903,1781.9232,150.7583,92.8284,8.8841,248.8766,36.6683
2029-10-17,28.1769,0.0000,28.9414,4.3156,1787.6990,153.9105,92.8787,8.0183,253.3015,34.3045
2029-10-18,28.2992,0.0165,34.2890,6.9739,1793.4968,156.8376,92.9290,9.2325,257.4021,37.6640
2029-10-19,26.9139,1.5966,48.5327,9.3176,1799.0454,141.0165,84.9312,3.3383,235.8214,18.5627
2029-10-20,28.7337,0.6648,53.0785,10.1348,1804.9214,143.1375,87.1738,4.7650,238.9090,23.9856
2029-10-21,27.6161,0.0000,50.1308,4.6394,1810.5963,145.3074,88.3480,4.2733,242.0510,22.2288
2029-10-22,30.7706,0.0000,30.0280,6.2244,1816.8390,148.6864,92.4550,8.3176,246.8653,35.0987
2029-10-23,25.4816,0.0001,52.9506,13.0288,1822.1297,150.5813,89.8149,8.0497,249.5960,34.3678
2029-10-24,23.8406,0.0828,55.0064,5.1404,1827.1250,152.2817,88.9690,4.7911,252.0463,24.1551
2029-10-25,26.2270,0.5578,50.6491,6.4466,1832.5499,154.3251,88.1516,4.5508,254.9704,23.3106
2029-10-26,25.4909,0.0025,64.5160,6.3268,1837.8423,155.7547,87.4867,4.1126,257.0482,21.7038
2029-10-27,26.2265,0.8585,58.6809,6.5089,1843.2670,157.4656,85.0328,2.9385,259.5083,16.9884
2029-10-28,26.6586,0.0000,51.3369,10.9465,1848.7696,159.5123,87.7374,5.3801,262.4204,26.2353
2029-10-29,24.3992,0.0000,52.8625,13.4905,1853.8654,161.3335,87.7860,6.1586,265.0104,28.7949
2029-10-30,23.4031,0.0062,53.5625,8.3954,1858.7820,163.0576,87.8347,4.7974,267.4595,24.2434
2029-10-31,23.5402,0.4882,58.5766,6.1469,1863.7232,164.6042,87.8833,4.3135,269.6660,22.4998
2029-11-01,24.0978,0.3944,61.4940,5.7083,1867.7648,165.8905,87.7008,4.1104,271.4968,21.7464
2029-11-02,24.1703,0.0084,55.2067,4.0296,1871.8195,167.3913,87.7494,3.8033,273.6118,20.5743
2029-11-03,27.1025,0.0000,38.8360,7.3178,1876.4019,169.6783,90.1665,6.3486,276.7843,29.4413
2029-11-04,27.4575,0.0000,33.9954,8.6267,1881.0483,172.1773,91.4109,8.0988,280.2293,34.6661
2029-11-05,23.3810,0.0255,60.5859,8.8065,1884.9609,173.4565,88.3565,5.2782,282.0310,25.9578
2029-11-06,21.3085,0.9173,68.9725,10.4155,1888.5004,174.3784,82.4480,2.5456,283.3480,15.2977
2029-11-07,22.7534,0.0143,55.9512,8.2166,1892.3000,175.7714,85.7518,3.5384,285.2924,19.5529
2029-11-08,19.0892,1.1227,70.0114,15.8818,1895.4401,176.5741,80.0040,2.5326,286.4386,15.2436
2029-11-09,20.0204,0.0013,61.3949,8.4802,1898.7477,177.6551,83.8004,2.7475,287.9545,16.2172
2029-11-10,21.0223,0.0040,66.4867,6.1439,1902.2358,178.6380,84.4191,2.6532,289.3453,15.7968
2029-11-11,21.4900,0.0025,63.2472,5.6150,1905.8079,179.7388,85.0734,2.8248,290.8917,16.5638
2029-11-12,22.7528,0.0010,58.3396,5.3558,1909.6075,181.0562,86.0450,3.1919,292.7265,18.1437
2029-11-13,23.2852,0.0001,47.7181,6.5281,1913.5028,182.7465,87.8290,4.3631,295.0477,22.7452
2029-11-14,22.9020,0.0000,42.4503,7.2373,1917.3292,184.5778,88.9366,5.3004,297.5453,26.0688
2029-11-15,20.2627,0.6103,64.2885,11.6842,1920.6804,185.5893,86.1629,4.4642,298.9597,23.1237
2029-11-16,19.4511,3.4545,82.2422,16.1453,1655.3724,99.7724,61.5482,1.0114,173.4148,6.6664
2029-11-17,18.6201,0.0612,74.3359,6.3435,1658.4280,100.4434,73.0059,0.9586,174.4697,6.3504
2029-11-18,22.0799,0.0081,64.1306,4.9029,1662.1064,101.5458,81.0615,1.6344,176.1821,10.1996
2029-11-19,23.4034,0.0339,64.1781,7.5283,1666.0230,102.7095,84.2615,2.7850,177.9870,15.6076
2029-11-20,26.6239,0.0052,50.9840,9.8473,1670.5193,104.5111,87.6290,5.0118,180.7518,24.0259
2029-11-21,21.6573,5.9495,63.0613,14.9907,1363.2014,62.3528,66.1370,1.1722,111.9088,6.2947
2029-11-22,16.4629,11.9247,73.3287,12.7078,1035.7709,30.7355,45.0413,0.1570,57.2258,0.2911
2029-11-23,16.8778,8.7287,70.4323,21.3369,906.2977,16.3680,49.7396,0.4657,31.3218,0.5661
2029-11-24,18.2872,69.5082,87.3934,32.3569,388.5386,6.2875,33.4161,0.0426,12.0861,0.0286
2029-11-25,16.8882,95.5570,90.9638,26.8047,111.1323,2.4687,21.5241,0.0009,4.6777,0.0004
2029-11-26,15.4128,23.9488,78.6725,23.2696,67.9580,0.9981,35.1452,0.0406,1.9255,0.0124
2029-11-27,18.3452,1.5433,71.6982,14.4273,70.9641,1.3762,58.4745,0.7648,2.6251,0.2575
2029-11-28,18.0952,28.1558,75.1989,21.4202,25.0849,0.6312,45.1802,0.2489,1.1876,0.0677
2029-11-29,13.2110,0.1873,62.8161,9.9802,27.1669,1.3367,66.3204,0.9167,2.3805,0.2991
2029-11-30,14.3300,0.0000,48.1800,5.8115,29.4503,2.3968,78.9756,1.3770,3.9831,0.5391
2029-12-01,15.5661,0.0000,57.2011,15.0187,31.9562,3.2073,83.5308,3.6865,5.1280,2.6518
2029-12-02,15.5672,0.0000,72.8836,9.1683,34.4623,3.7209,83.5780,2.7623,5.8601,1.8870
2029-12-03,16.0437,0.0006,73.3027,7.8108,37.0542,4.2411,83.6253,2.5957,6.5950,1.8650
2029-12-04,14.0599,12.8136,84.8091,14.9841,19.5587,1.7846,37.9646,0.0493,2.9062,0.0172
2029-12-05,11.7743,0.0038,62.8871,8.3728,21.3821,2.3276,60.4324,0.6411,3.6593,0.2428
2029-12-06,10.9385,46.1324,88.1538,16.0773,1.6729,0.5959,23.0701,0.0009,0.6304,0.0002
2029-12-07,11.3391,8.1459,73.6246,22.0613,1.7450,0.3728,37.4333,0.0631,0.4861,0.0148
2029-12-08,13.1860,0.0005,57.1053,6.8702,3.8225,1.0692,62.0672,0.6517,1.2584,0.1795
2029-12-09,14.3676,2.2753,78.8737,12.8271,6.1127,0.5707,58.4750,0.7056,0.9254,0.1826
2029-12-10,14.3514,13.2241,76.7037,18.0695,2.2872,0.4091,41.4246,0.1124,0.5653,0.0269
2029-12-11,9.3234,3.1526,78.7619,17.6758,1.3822,0.2516,44.3846,0.1820,0.3458,0.0412
2029-12-12,10.3116,0.0000,52.1495,12.0340,2.9423,0.8721,67.3875,1.0549,1.0018,0.2771
2029-12-13,10.2694,0.0056,62.3561,5.7609,4.4948,1.3585,75.7137,1.0674,1.5476,0.3086
2029-12-14,10.7465,7.5933,80.7864,6.5138,1.6384,0.2886,38.0449,0.0327,0.4007,0.0075
2029-12-15,10.5071,0.0006,56.9325,5.5623,3.2336,0.8567,59.8461,0.5365,1.0307,0.1417
2029-12-16,10.7139,0.0011,51.0492,7.1943,4.8661,1.5139,74.3724,1.0649,1.7031,0.3155
2029-12-17,10.9537,0.0195,57.0308,11.1985,6.5418,2.1024,80.6805,2.1508,2.3316,0.6972
2029-12-18,10.9712,0.0761,71.1546,11.4082,8.2206,2.4981,81.5863,2.4106,2.8392,0.8332
2029-12-19,12.1268,0.0002,74.9920,8.7227,10.1074,2.8740,81.6633,2.1248,3.3597,0.7795
2029-12-20,12.2735,0.0000,67.9146,9.1369,12.0207,3.3617,82.4919,2.3998,3.9569,0.9371
2029-12-21,9.9989,0.0000,44.2300,13.7659,13.5245,4.0651,85.3465,4.4233,4.6420,3.1680
2029-12-22,11.0222,0.0000,44.3180,7.3799,15.2125,4.8321,86.3627,3.6965,5.3867,2.7389
2029-12-23,12.7428,0.0006,42.5772,9.2674,17.2102,5.7354,87.1585,4.5513,6.2575,3.8258
2029-12-24,13.3373,0.0079,57.3162,6.6052,19.3149,6.4357,86.8001,3.7821,7.0221,3.2906
2029-12-25,15.5583,0.0019,63.0450,8.5451,21.8194,7.1353,86.2207,3.8423,7.8516,3.5779
2029-12-26,14.7878,0.1955,73.5035,15.9477,24.1852,7.6137,84.4519,4.3676,8.5211,4.3215
2029-12-27,17.3711,0.0001,59.0599,11.3724,27.0160,8.4731,85.1466,3.8139,9.4985,3.9673
2029-12-28,17.2963,0.0001,70.7439,9.4738,29.8333,9.0847,84.9516,3.3741,10.3160,3.6336
2029-12-29,16.6888,0.0040,69.3554,6.0702,32.5413,9.7042,84.9993,2.8610,11.1189,3.1384
2029-12-30,15.1322,0.0108,69.6131,8.1702,34.9691,10.2647,84.8288,3.1069,11.8404,3.6086
2029-12-31,13.2029,0.0000,76.3799,10.5477,37.0496,10.6486,83.5619,2.9549,12.3926,3.5086
2030-01-01,13.4775,0.0000,75.5506,12.0275,39.1796,11.0874,83.3896,3.1127,12.9869,3.8398
2030-01-02,13.4895,0.8148,73.8410,11.6172,41.3117,11.5572,79.5659,1.9536,13.6016,2.1914
2030-01-03,15.2025,0.1639,68.3002,7.7912,43.7521,12.1934,81.8771,2.0798,14.3728,2.5122
2030-01-04,13.7958,0.0026,76.0633,4.2563,45.9394,12.6324,81.9238,1.7503,14.9722,2.0176
2030-01-05,13.0144,0.0007,75.9644,5.5063,47.9859,13.0500,81.9705,1.8746,15.5368,2.3161
2030-01-06,11.0736,0.0031,72.3779,6.2611,49.6832,13.4640,82.0397,1.9637,16.0525,2.5421
2030-01-07,10.7526,19.3518,86.5927,14.7839,19.6420,5.9131,30.8207,0.0091,6.7478,0.0045
2030-01-08,9.0020,2.4592,63.2479,21.9506,20.9664,4.4965,50.7602,0.5430,5.8542,0.2506
2030-01-09,8.6901,0.0000,53.7682,12.3814,22.2346,5.0537,69.5353,1.1503,6.4451,0.5552
2030-01-10,9.7626,0.0000,51.7483,7.5231,23.6959,5.6989,78.5919,1.4490,7.1181,0.7336
2030-01-11,11.6829,0.0000,57.4159,7.7393,25.5028,6.3691,82.2798,2.1786,7.8420,1.5789
2030-01-12,13.4807,0.0000,59.1298,8.1631,27.6333,7.1027,83.8519,2.7225,8.6482,2.4669
2030-01-13,13.0195,0.0000,62.6526,9.5037,29.6808,7.7519,84.0352,2.9846,9.3795,2.9484
2030-01-14,12.8488,0.0000,65.0352,6.2904,31.6976,8.3523,84.0826,2.5546,10.0706,2.5262
2030-01-15,12.8230,0.0000,56.1822,5.0589,33.7097,9.1034,84.7508,2.6278,10.8689,2.7743
2030-01-16,14.1263,0.0000,52.5114,5.0555,35.9565,9.9936,85.5524,2.9346,11.7930,3.3671
2030-01-17,11.6928,5.1283,78.8609,15.6662,31.3845,5.9726,51.8590,0.4482,8.0943,0.2420
2030-01-18,10.1631,0.0122,62.8817,15.9184,32.9178,6.4873,69.7085,1.3823,8.6921,0.7741
2030-01-19,10.6429,0.0000,44.2634,7.6900,34.5376,7.2931,80.1104,1.6949,9.5465,0.9972
2030-01-20,11.6266,0.0013,53.7181,6.0392,36.3344,8.0182,83.2498,2.2606,10.3348,2.1612
2030-01-21,12.4838,0.0001,57.6234,7.5965,38.2855,8.7269,84.2631,2.7952,11.1181,3.0495
2030-01-22,12.9942,0.0006,52.1375,5.3791,40.3284,9.5574,85.2782,2.8714,12.0032,3.3203
2030-01-23,14.0462,0.1709,65.9133,6.8210,42.5607,10.1930,85.2690,3.0839,12.7513,3.7549
2030-01-24,14.1485,0.8650,71.4238,6.4915,44.8115,10.7294,79.9769,1.5734,13.4236,1.4727
2030-01-25,13.2056,0.0041,75.4787,5.4164,46.8925,11.1613,80.8550,1.6386,13.9949,1.6805
2030-01-26,14.2705,0.0053,75.4240,5.6158,49.1652,11.6263,81.4128,1.7641,14.6134,1.9966
2030-01-27,14.3506,0.0846,74.3349,5.9610,51.4523,12.1145,81.8245,1.8846,15.2515,2.2968
2030-01-28,13.5259,4.3732,78.0529,10.3843,48.3426,7.8618,53.0834,0.3912,11.1787,0.2509
2030-01-29,11.3942,13.5509,81.7669,16.6752,28.5266,3.6493,33.0092,0.0175,5.5300,0.0079
2030-01-30,10.9200,0.0000,39.8656,9.0115,30.1962,4.5392,63.1709,0.7670,6.5986,0.3743
2030-01-31,11.8059,5.2162,77.2027,11.5752,25.5827,2.4193,45.4044,0.1568,3.9134,0.0610
2030-02-01,15.4909,0.0044,69.1553,5.5771,28.0750,3.1463,63.9256,0.6677,4.9154,0.2851
2030-02-02,15.5400,0.0000,63.6401,5.4948,30.5762,4.0057,75.3828,1.0325,6.0349,0.4832
2030-02-03,16.2536,0.0000,59.2511,4.9903,33.2059,5.0102,81.3570,1.6983,7.2759,0.8692
2030-02-04,18.1095,0.0000,60.5125,5.1522,36.1696,6.0877,83.8819,2.3485,8.5695,1.9619
2030-02-05,14.8107,0.8848,70.4508,10.3152,38.5395,6.7555,79.7911,1.8716,9.3943,1.3891
2030-02-06,13.7380,0.0015,63.2092,6.4182,40.7164,7.5310,82.3326,2.0516,10.2995,1.8424
2030-02-07,14.4439,10.4734,86.4986,19.3411,27.1611,3.6446,39.7483,0.0877,5.4582,0.0392
2030-02-08,15.6957,9.3215,75.9177,20.2175,16.2929,1.8519,42.7882,0.1590,2.8842,0.0553
2030-02-09,12.2866,2.4464,70.4455,16.8076,18.2085,1.3061,54.0982,0.5982,2.2150,0.1909
2030-02-10,10.6351,0.0115,59.6425,10.7638,19.8268,1.9789,70.6549,1.0992,3.1674,0.3947
2030-02-11,12.4023,0.0000,46.5985,5.1804,21.7632,3.0031,80.2792,1.5205,4.4657,0.6235
2030-02-12,15.4223,0.0007,59.0884,5.1370,24.2432,3.9633,83.2241,2.1529,5.6269,0.9758
2030-02-13,15.4346,0.0001,66.6180,6.2452,26.7254,4.7474,83.5870,2.3868,6.5749,1.5942
2030-02-14,17.2727,0.0000,57.1809,5.0427,29.5385,5.8649,84.9794,2.7092,7.8388,2.2800
2030-02-15,16.5072,0.0001,67.3302,6.4644,32.2138,6.6820,85.0271,2.9296,8.8004,2.7571
2030-02-16,17.4958,0.0000,63.7464,6.3123,35.0671,7.6396,85.0748,2.9264,9.8918,2.9811
2030-02-17,17.7225,0.0000,51.5639,5.7656,37.9611,8.9347,86.2351,3.3468,11.2498,3.8012
2030-02-18,18.9789,0.0000,37.3311,4.9485,41.0813,10.7221,88.6485,4.5317,12.9769,5.6766
2030-02-19,19.8932,0.0000,36.2939,7.1164,44.3661,12.6219,89.5957,5.7909,14.7518,7.6534
2030-02-20,21.6589,0.0000,27.8373,5.6323,47.9687,14.9548,91.4156,6.9692,16.8088,9.6240
2030-02-21,19.8494,0.0000,32.7882,5.5919,51.2456,16.9550,91.4654,7.0044,18.5590,10.1723
2030-02-22,15.5784,0.0023,64.7381,11.8844,53.7537,17.7904,87.0936,5.1450,19.4707,8.0108
2030-02-23,12.2747,0.0000,39.0073,15.4491,55.6672,18.9492,87.8237,6.8342,20.4745,10.4900
2030-02-24,12.6686,0.0000,24.0735,12.5883,57.6515,20.4342,90.3373,8.4846,21.6681,12.8634
2030-02-25,14.6554,0.0000,23.4164,11.4034,59.9935,22.1482,91.3831,9.2784,23.0357,14.2262
2030-02-26,15.7455,0.0000,38.0520,12.2022,62.5317,23.6305,90.6802,8.7390,24.3019,13.9512
2030-02-27,16.8795,0.0000,44.0167,8.5344,65.2740,25.0603,89.8461,6.4471,25.5742,11.2492
2030-02-28,18.8758,0.0000,26.4064,7.8575,68.3756,27.1486,91.3208,7.6918,27.2490,13.3921
2030-03-01,17.8280,0.0000,46.3534,11.2808,71.2886,28.8795,89.7795,7.3338,28.8727,13.2964
2030-03-02,16.6082,0.0000,45.5574,11.5476,73.9821,30.5228,89.3301,6.9689,30.5060,13.1499
2030-03-03,17.2611,0.0000,46.6056,6.8587,76.7931,32.1940,89.1583,5.3684,32.1681,10.9776
2030-03-04,16.3953,0.0003,50.1723,12.5352,79.4483,33.6800,88.5436,6.5426,33.6476,13.1842
2030-03-05,13.9091,0.0000,41.5263,12.0518,81.6559,35.1760,88.5925,6.4301,35.1341,13.3115
2030-03-06,16.4975,0.0000,41.1192,7.5602,84.3294,36.9422,88.6414,5.1638,36.8900,11.4791
2030-03-07,18.7744,0.0000,40.3329,5.5505,87.4128,38.9636,88.8550,4.8118,38.9002,11.1673
2030-03-08,20.4242,0.0128,41.0297,5.5807,90.7932,41.1272,89.0221,4.9361,41.0530,11.7526
2030-03-09,17.9544,0.6641,56.6105,13.2282,93.7290,42.5365,85.6555,4.4941,42.4601,11.1018
2030-03-10,17.5379,0.0000,51.3906,16.0138,96.5898,44.0809,86.4997,5.8229,43.9999,13.9196
2030-03-11,15.7737,0.0000,36.8471,24.6264,99.1331,45.8973,88.5773,12.0907,45.8059,24.3365
2030-03-12,18.2926,0.0041,41.5013,15.9339,102.1297,47.8311,88.6262,7.8573,47.7306,18.2379
2030-03-13,19.8800,0.0000,38.7354,6.1469,105.4121,50.0221,89.2210,5.2261,49.9109,13.7167
2030-03-14,20.4613,0.0002,37.7632,7.4876,108.7992,52.3095,89.5873,5.8931,52.1870,15.4206
2030-03-15,16.2706,0.0118,52.4828,12.4208,111.4319,53.7165,88.3473,6.3243,53.5905,16.5022
2030-03-16,15.5649,0.0000,42.6596,9.1944,113.9376,55.3453,88.3962,5.4131,55.2120,14.9049
2030-03-17,18.9602,0.0000,36.4535,5.3544,117.0544,57.5183,89.3588,5.1218,57.3739,14.5917
2030-03-18,21.4210,0.0000,50.4091,5.8395,120.6142,59.4220,89.1782,5.1142,59.2730,14.8412
2030-03-19,23.5271,0.0005,42.8805,7.3513,124.5531,61.8199,89.2375,5.5662,61.6617,16.1775
2030-03-20,15.9910,0.0065,46.6849,20.8578,127.1354,63.3731,88.9403,10.5344,63.2092,25.9693
2030-03-21,13.8494,0.0263,41.1702,11.5489,129.3323,64.8723,88.9893,6.6367,64.7011,18.9215
2030-03-22,15.6848,0.0031,43.0800,9.3087,131.8596,66.5008,89.0383,5.9701,66.3227,17.7370
2030-03-23,18.5336,0.0066,59.8723,11.2698,134.8997,67.8438,87.4727,5.2653,67.6653,16.3264
2030-03-24,21.6469,0.0000,40.9572,8.4259,138.5001,70.1332,88.9092,5.6054,69.9450,17.4227
2030-03-25,21.2383,0.0000,35.8369,12.9282,142.0270,72.5764,89.9627,8.1805,72.3760,23.3236
2030-03-26,22.6743,0.0000,33.2201,12.9124,145.8124,75.2827,90.7902,9.2009,75.0680,25.8013
2030-03-27,24.0922,0.0000,29.3023,11.4647,149.8530,78.3186,91.8118,9.8906,78.0867,27.6685
2030-03-28,24.9611,0.0000,24.2301,8.0541,154.0500,81.6846,93.0167,9.8696,81.4318,28.2090
2030-03-29,25.1951,0.0000,17.2617,7.5062,158.2891,85.3931,94.6313,12.0133,85.1147,32.9335
2030-03-30,25.2193,0.0000,11.6770,7.2046,162.5326,89.3557,96.1167,14.4887,89.0479,38.0896
2030-03-31,25.2572,0.0019,15.8843,5.5062,166.7829,93.1349,96.1680,13.3929,92.7998,36.9021
2030-04-01,27.0994,0.0002,22.8881,5.7505,172.6148,98.4066,95.5748,12.5111,98.0321,36.2108
2030-04-02,27.9247,0.0032,22.5994,9.1842,178.5952,103.8529,95.4937,14.7113,103.4363,41.2199
2030-04-03,26.1343,0.0035,32.5171,6.9441,184.2534,108.3084,93.7716,10.3690,107.8614,33.3995
2030-04-04,24.1117,0.0291,40.4097,6.9147,189.5475,111.9506,91.9383,8.0063,111.4823,28.4734
2030-04-05,21.0930,0.0003,42.0865,15.0505,194.2982,115.0665,90.8247,10.2979,114.5810,34.1175
2030-04-06,17.2065,0.1256,42.7385,18.2918,198.3494,117.6078,90.0098,10.7917,117.1092,35.5049
2030-04-07,17.7967,0.0034,35.6504,10.5904,202.5068,120.5558,90.0592,7.3726,120.0383,27.7695
2030-04-08,19.2148,0.0000,35.3521,7.1796,206.9195,123.7397,90.1086,6.2525,123.2011,25.0448
2030-04-09,20.3383,0.2221,36.1067,5.5868,211.5344,127.0604,90.1580,5.8112,126.4995,24.0463
2030-04-10,22.0712,0.2914,35.7566,7.0998,216.4612,130.6693,90.3081,6.4078,130.0831,26.0157
2030-04-11,19.6339,8.8460,51.9267,10.3536,200.9238,66.7955,62.7349,0.8035,72.9565,3.0301
2030-04-12,17.5884,11.6046,74.3711,7.8195,178.7276,33.9853,41.6339,0.0696,46.0699,0.1105
2030-04-13,19.2599,7.2374,66.1934,14.3996,168.8298,20.3087,51.9117,0.4230,31.2267,0.5131
2030-04-14,17.1667,2.9164,73.3708,13.1059,169.4342,16.7505,56.6779,0.6241,26.8620,0.6846
2030-04-15,17.2037,2.0659,68.4684,10.2180,173.4849,15.8059,63.1912,0.8158,25.7473,0.8702
2030-04-16,17.2776,0.2323,61.8970,7.6163,177.5489,17.5035,76.6309,1.2446,28.0851,2.2034
2030-04-17,20.3555,0.0004,51.2155,4.8089,182.1668,20.0410,84.0066,2.3469,31.4360,5.1376
2030-04-18,21.9500,0.0001,47.8799,5.5600,187.0718,22.9535,87.0580,3.7220,35.1308,8.4784
2030-04-19,22.2710,1.1834,51.3666,9.5300,192.0346,25.7090,83.6889,2.8544,38.5243,7.0819
2030-04-20,25.6562,0.2543,40.4491,12.9669,197.6067,29.5718,89.1494,7.2940,43.0410,16.3418
2030-04-21,25.5344,0.8682,40.0251,11.3717,203.1569,33.4444,88.5737,6.1967,47.3865,15.2045
2030-04-22,19.5273,9.2558,65.7526,11.2045,187.1811,18.1909,56.9695,0.5805,29.2704,0.6742
2030-04-23,19.2257,0.5101,59.4220,9.2859,191.5958,20.1904,75.9000,1.2897,31.9608,2.6207
2030-04-24,16.8198,0.4476,73.4136,12.1792,195.5773,21.3454,80.1001,2.1228,33.5396,4.8513
2030-04-25,15.5312,11.1766,79.4651,14.0926,174.4190,10.9808,43.7222,0.1365,18.9751,0.1197
2030-04-26,14.4537,12.4876,70.7040,22.7756,151.2027,6.0910,44.9867,0.2586,11.0674,0.1649
2030-04-27,14.7643,1.0950,65.9697,11.6639,154.8143,7.3998,63.4905,0.8898,13.2199,0.6277
2030-04-28,17.1081,0.6962,58.4678,7.2454,158.8477,9.2331,75.9602,1.1681,16.1233,0.9269
2030-04-29,18.7918,0.0009,51.3179,7.0862,163.1843,11.5808,83.6576,2.5133,19.6714,4.0000
2030-04-30,21.9578,0.0002,48.8170,4.9190,168.0907,14.4419,86.8021,3.4750,23.7767,6.2893
2030-05-01,23.8521,0.0001,46.9266,7.3463,174.7880,17.9283,88.2103,4.8021,28.5385,9.3532
2030-05-02,27.3715,0.0000,39.7475,7.3446,182.1189,22.4445,90.1335,6.3272,34.3162,12.9778
2030-05-03,26.9324,0.0000,37.7432,9.4072,189.3707,27.0391,90.6914,7.6032,39.8525,16.1910
2030-05-04,27.9815,0.0068,30.9883,7.8448,196.8114,32.3227,92.0908,8.5733,45.8290,19.0371
2030-05-05,28.6861,0.0869,30.9090,8.8740,204.3789,37.7406,92.3898,9.4188,51.6411,21.6647
2030-05-06,28.4601,0.2086,31.5613,10.6540,211.9057,43.0666,92.4400,10.3757,57.1142,24.4154
2030-05-07,27.1338,0.3204,38.2350,8.2406,219.1938,47.6576,92.2884,8.9934,61.7504,22.9751
2030-05-08,26.5806,0.7255,43.2801,5.6741,226.3823,51.7910,89.0792,5.0002,65.8943,15.4717
2030-05-09,22.4429,3.6916,72.0573,9.0886,226.6545,39.8082,66.0067,0.8665,55.3243,2.5726
2030-05-10,28.5912,0.0142,45.2319,4.4629,234.2049,44.0893,84.9353,2.6153,59.9598,8.6623
2030-05-11,28.5684,0.0012,33.0656,9.0444,241.7513,49.3173,91.1226,7.9388,65.3209,21.6469
2030-05-12,27.9519,1.3298,35.1489,7.5562,249.1866,54.2774,88.4768,5.0422,70.2826,16.1370
2030-05-13,21.8025,5.2338,71.1299,13.9625,244.3890,36.8818,63.6966,1.0085,53.5572,3.0394
2030-05-14,19.1070,0.3444,54.8347,10.5702,250.2322,39.2845,79.6480,1.8685,56.4237,6.1363
2030-05-15,21.4471,4.6375,59.8506,6.5403,247.1168,28.7309,63.9167,0.7006,44.5212,1.3704
2030-05-16,24.4118,1.4069,52.2871,7.8397,253.9149,31.9355,77.8344,1.3794,48.5921,4.0383
2030-05-17,25.4307,0.0000,39.7943,8.4435,260.8965,36.1406,87.9940,4.9200,53.6883,13.6296
2030-05-18,22.3322,0.0000,34.4912,11.3897,267.3202,40.1818,90.1829,7.8128,58.4129,20.1862
2030-05-19,21.4183,0.0000,32.5432,13.3830,273.5795,44.1808,90.7544,9.3736,62.9478,23.8891
2030-05-20,18.4133,0.0000,33.9367,17.1101,279.2979,47.5746,90.8040,11.3906,66.7320,28.1585
2030-05-21,21.6092,0.0000,34.9035,9.5098,285.5916,51.4664,90.8537,7.8216,70.9625,22.3642
2030-05-22,25.8436,0.0000,30.8854,4.6758,292.6474,56.3690,91.7653,6.9790,76.0949,21.3885
2030-05-23,28.5092,0.0000,30.9580,8.6651,300.1831,61.7509,92.3158,9.2234,81.5582,26.9512
2030-05-24,26.3083,0.0137,39.8125,10.6815,307.3226,66.0938,91.9114,9.6430,85.9668,28.5428
2030-05-25,24.6329,0.0069,37.2231,13.2822,314.1605,70.3467,91.9614,11.0713,90.1997,32.0919
2030-05-26,21.5584,0.0010,36.0622,14.0336,320.4450,74.1607,91.7596,11.1746,93.9590,32.9377
2030-05-27,23.1307,0.0000,27.2700,6.6693,327.0126,78.8002,92.1651,8.1654,98.3512,27.2343
2030-05-28,26.2377,0.0005,26.8760,7.1000,334.1393,84.0630,92.7597,9.0734,103.2112,29.9391
2030-05-29,27.6319,0.0000,33.7314,7.3236,341.5171,89.0757,92.8100,9.2412,107.8360,30.9207
2030-05-30,30.8834,0.0058,26.4042,5.2967,349.4801,95.2725,93.6424,9.3731,113.3165,31.8963
2030-05-31,30.9212,0.0100,30.6890,9.2134,357.4499,101.1155,93.6929,11.4987,118.4577,37.1840
2030-06-01,31.4031,0.0014,28.3119,6.6716,366.5065,107.2498,93.7435,10.1878,123.8759,34.9407
2030-06-02,30.8864,0.0000,27.5928,9.7374,375.4700,113.3472,93.7941,11.9736,129.1925,39.4330
2030-06-03,30.9366,0.0000,27.7576,8.8014,384.4426,119.4402,93.8447,11.5025,134.4510,38.9454
2030-06-04,31.6271,0.0000,30.5722,8.3741,393.5395,125.4221,93.8953,11.3369,139.6094,39.0492
2030-06-05,32.4630,0.0183,30.6130,9.6592,402.7868,131.5531,93.9460,12.1806,144.8410,41.3567
2030-06-06,31.0684,0.0000,31.8255,13.4140,411.7831,137.3267,93.9966,14.8214,149.7784,47.3031
2030-06-07,30.3844,0.0000,35.3847,11.4821,420.6563,142.6825,93.4476,12.4585,154.4204,42.6926
2030-06-08,32.5858,0.0000,29.5673,5.0295,429.9258,148.9287,93.4981,9.0639,159.6223,35.0017
2030-06-09,33.7668,0.0000,27.9000,5.3848,439.4078,155.5470,93.8838,9.7359,165.0383,36.9702
2030-06-10,34.9727,0.0000,24.2114,6.4567,449.1069,162.7444,94.8378,11.7224,170.7766,41.9989
2030-06-11,35.6442,0.0000,21.7422,8.5856,458.9268,170.3147,95.5153,14.3162,176.6944,47.9993
2030-06-12,35.3627,0.0048,25.1635,10.3874,468.6961,177.4985,95.5665,15.7864,182.3520,51.3068
2030-06-13,32.3530,0.0196,34.2194,10.4131,477.9237,183.2918,94.1582,13.0296,187.1478,45.6546
2030-06-14,32.0934,0.0820,35.7831,9.1690,487.1045,188.9035,93.6594,11.4197,191.8267,42.1217
2030-06-15,29.5442,0.2750,42.4904,10.1286,495.8264,193.5432,92.1537,9.7048,195.9076,38.0247
2030-06-16,30.1226,0.0712,42.8164,9.3579,504.6525,198.2436,91.9600,9.0830,200.0359,36.5128
2030-06-17,31.5165,0.0000,36.5342,9.5414,513.7295,203.6933,92.0100,9.2324,204.5886,37.0061
2030-06-18,33.6927,0.0361,33.6268,8.8984,523.1981,209.7729,92.6829,9.8274,209.7666,38.6516
2030-06-19,29.9992,0.0408,41.4938,13.7971,532.0020,214.5630,92.2128,11.7731,214.5403,43.5220
2030-06-20,25.8281,0.0018,46.4076,15.5554,540.0551,218.3623,90.7977,10.5227,218.3320,40.5603
2030-06-21,25.7482,0.0007,42.6601,13.8591,548.0937,222.4152,90.8473,9.7293,222.3736,38.6138
2030-06-22,25.5163,0.0175,41.4104,13.4690,556.0907,226.5207,90.8969,9.6076,226.4667,38.3561
2030-06-23,28.5911,0.0032,33.1169,9.1570,564.6411,231.7487,91.8419,8.8425,231.6697,36.3938
2030-06-24,27.7991,0.0000,25.2957,11.8956,573.0489,237.4323,93.2951,12.4529,237.3205,45.4648
2030-06-25,29.4249,0.0000,23.0410,11.4590,581.7494,243.6169,94.1457,13.7110,243.4657,48.3896
2030-06-26,31.5336,0.0000,22.0104,10.8794,590.8294,250.3172,94.7593,14.4919,250.1199,50.1723
2030-06-27,33.3180,0.0000,22.2660,6.8334,600.2307,257.3607,95.0279,12.2626,257.1125,45.2133
2030-06-28,34.3423,0.0002,23.6551,9.1652,609.8163,264.4843,95.0790,13.8882,264.1831,48.9667
2030-06-29,34.3845,0.0004,25.5618,9.3168,619.4095,271.4382,95.1300,14.0927,271.0852,49.4632
2030-06-30,34.7256,0.0533,26.0917,9.5548,629.0641,278.4090,95.1810,14.3626,278.0026,50.0939
2030-07-01,32.7312,0.0015,29.1877,11.5626,638.6597,284.0354,94.9872,15.4757,283.5963,52.5116
2030-07-02,32.7805,0.0000,25.5754,13.0814,648.2642,289.9574,95.0382,16.8237,289.4801,55.3296
2030-07-03,32.9372,0.0000,23.5662,13.0887,657.8969,296.0674,95.0892,16.9478,295.5478,55.6061
2030-07-04,32.9521,0.0000,24.0716,10.2639,667.5323,302.1396,95.1402,14.8023,301.5776,51.1441
2030-07-05,33.8364,0.0000,26.6043,6.3536,677.3269,308.1618,95.1913,12.2401,307.5583,45.3909
2030-07-06,31.0729,0.5511,42.9321,9.5099,686.6240,312.4738,92.3013,9.6048,311.8561,38.8547
2030-07-07,30.4175,0.0145,47.2104,9.0796,695.8031,316.3813,91.3431,8.2063,315.7559,35.0578
2030-07-08,32.0784,0.0000,38.9975,7.8994,705.2812,321.1347,91.4096,7.8060,320.4878,33.9242
2030-07-09,32.3561,0.0000,38.3969,10.3614,714.8093,325.9751,91.5638,9.0326,325.3052,37.3521
2030-07-10,34.0431,0.0000,32.7373,8.1612,724.6411,331.5267,92.8695,9.7203,330.8222,39.1873
2030-07-11,35.1144,0.0000,31.0616,7.2828,734.6657,337.3900,93.4559,10.0941,336.6457,40.1637
2030-07-12,37.1549,0.0000,27.3407,6.4881,745.0576,343.9180,94.5536,11.2911,343.1228,43.1716
2030-07-13,36.9215,0.0000,27.4083,7.8527,755.4075,350.4002,94.6044,12.1797,349.5537,45.3139
2030-07-14,37.8072,0.0000,23.7028,5.5192,765.9167,357.3719,95.4508,12.1593,356.4643,45.2714
2030-07-15,38.6466,0.0000,21.0255,6.4024,776.5771,364.7439,96.1792,14.0327,363.7668,49.5628
2030-07-16,38.2162,0.0000,20.8968,9.0992,787.1601,372.0481,96.2306,16.1873,371.0007,54.1829
2030-07-17,38.6568,0.0000,19.9516,10.6193,797.8223,379.5223,96.4371,17.9691,378.4000,57.7923
2030-07-18,38.5638,0.0000,18.8212,13.0914,808.4678,387.0843,96.6644,20.9844,385.8835,63.5347
2030-07-19,38.3884,0.0000,14.5138,10.7467,819.0817,395.0124,97.5374,20.9505,393.7227,63.4763
2030-07-20,38.8345,0.0000,13.4414,7.7517,829.7759,403.1306,97.8482,18.7733,401.7464,59.3753
2030-07-21,39.3419,0.0000,14.4881,6.1517,840.5614,411.2525,97.9002,17.4385,409.7723,56.7500
2030-07-22,38.6855,0.0000,18.1144,7.6854,851.2288,418.9038,97.9521,18.9695,417.3357,59.7586
2030-07-23,39.0050,0.0000,18.2706,7.6621,861.9537,426.6018,98.0041,19.0776,424.9434,59.9683
2030-07-24,33.8135,0.0000,27.7913,13.7036,871.7442,432.5227,95.7867,19.2241,430.8075,60.2503
2030-07-25,28.7077,0.0102,45.7469,13.7516,880.6155,436.3207,91.7542,11.0085,434.5924,42.5154
2030-07-26,30.0356,0.0010,42.1047,10.8528,889.7260,440.5542,91.8041,9.5799,438.8042,38.8687
2030-07-27,33.1147,0.0000,32.7599,7.0559,899.3906,445.9573,92.7238,9.0077,444.1612,37.3405
2030-07-28,39.0319,0.0000,22.9541,3.8713,910.1204,453.2191,95.6953,11.5688,451.3391,43.8888
2030-07-29,43.4918,0.0000,17.7137,6.5309,921.6529,461.8366,97.6650,17.2301,459.8440,56.3397
2030-07-30,43.5824,0.0000,16.5708,6.4335,933.2017,470.5916,97.9498,17.8042,468.4805,57.4883
2030-07-31,44.5865,0.0000,14.3912,7.9454,944.9313,479.7772,98.5296,20.7371,477.5354,63.0999
2030-08-01,36.4205,0.0000,18.4009,12.4671,954.4910,486.0979,97.8932,23.9505,483.7793,68.8321
2030-08-02,34.0327,0.0000,22.0997,9.1576,963.6208,491.7480,96.8772,17.7091,489.3659,57.3004
2030-08-03,34.1817,0.0000,27.2503,8.7543,972.7775,497.0469,95.8196,15.0478,494.6106,51.8061
2030-08-04,32.4696,0.0000,33.3129,10.6022,981.6261,501.6685,94.3631,13.5321,499.1934,48.4740
2030-08-05,28.4503,0.0000,35.4579,13.2534,989.7511,505.6059,93.2245,13.2039,503.1035,47.7304
2030-08-06,29.2147,0.0000,31.1085,7.7332,998.0138,509.9174,93.2749,10.0683,507.3784,40.1452
2030-08-07,33.8971,0.0000,20.6615,5.0134,1007.1192,515.6496,95.3222,11.6472,513.0421,44.0811
2030-08-08,35.6906,0.0000,23.3720,5.6435,1016.5476,521.4697,95.3733,12.1071,518.7939,45.1814
2030-08-09,35.6543,0.0000,20.9221,8.4198,1025.9693,527.4700,95.7149,14.5877,524.7198,50.8124
2030-08-10,31.8245,0.0000,31.9992,10.6025,1034.7017,532.0921,94.4854,13.7624,529.2998,48.9918
2030-08-11,34.1214,0.0000,24.5960,5.2684,1043.8476,537.5749,94.6648,10.7818,534.7194,41.9563
2030-08-12,34.2181,0.0000,34.3545,7.9638,1053.0108,542.3613,94.2790,11.7107,539.4628,44.2347
2030-08-13,35.2021,0.0000,35.8259,7.0826,1062.3512,547.1708,94.1297,10.9731,544.2302,42.4328
2030-08-14,36.7926,0.0000,29.4036,7.3199,1071.9779,552.6934,94.1804,11.1833,549.6922,42.9518
2030-08-15,37.0822,0.0000,20.7520,7.0405,1081.6567,558.9402,95.9174,13.9871,555.8565,49.4927
2030-08-16,35.6839,0.0000,32.7193,8.7305,1091.0838,564.0494,94.9361,13.3239,560.9144,48.0042
2030-08-17,35.0621,0.0000,31.5149,9.8813,1100.3989,569.1622,94.9087,14.0665,565.9741,49.6688
2030-08-18,36.4942,0.0000,24.5116,8.8291,1109.9719,575.0209,95.0922,13.6797,571.7592,48.8070
2030-08-19,38.2500,0.0000,22.5374,9.6267,1119.8609,581.3137,95.7943,15.6703,577.9677,53.1309
2030-08-20,36.5643,0.0000,28.7194,7.8485,1129.4465,586.8563,95.7275,14.1979,583.4453,49.9590
2030-08-21,33.7783,0.0000,26.1300,9.4565,1138.5306,592.1753,95.7373,15.4168,588.7002,52.5948
2030-08-22,28.4693,0.0000,33.6815,11.4952,1146.6590,596.2236,93.7841,13.0644,592.7135,47.4127
2030-08-23,30.5010,0.0000,23.7368,6.6245,1155.1532,601.1990,94.2078,10.8393,597.6281,42.1003
2030-08-24,34.6870,0.0000,17.5481,4.2695,1164.4009,607.2906,96.1621,12.5736,603.6314,46.2789
2030-08-25,34.0865,0.0000,25.3045,10.8727,1173.5404,612.7166,95.9936,17.1424,608.9886,56.1665
2030-08-26,27.1078,0.0000,40.0726,15.1263,1181.4238,616.2064,92.5359,13.1750,612.4575,47.6655
2030-08-27,25.2405,0.0000,31.2347,10.5276,1188.9711,619.9457,92.5861,10.5239,616.1639,41.3088
2030-08-28,28.0579,0.0000,22.4753,10.6392,1197.0255,624.6124,93.9703,12.8403,620.7729,46.8975
2030-08-29,29.3009,0.0000,20.7499,13.0961,1205.3037,629.5862,94.6605,15.9859,625.6812,53.7924
2030-08-30,30.7946,0.0000,23.9384,13.8943,1213.8507,634.5945,94.7114,16.7588,630.6257,55.3876
2030-08-31,32.6660,0.0000,26.2777,12.2582,1222.7346,639.7336,94.7623,15.5409,635.7001,52.8580
2030-09-01,34.1698,0.0023,26.2294,10.0091,1230.5892,644.3658,94.8133,13.9731,640.2720,49.4620
2030-09-02,31.5453,0.0648,37.6044,10.0294,1237.9713,647.9923,93.3787,11.4683,643.8660,43.6486
2030-09-03,25.9585,2.2630,52.2549,15.7478,1244.3479,138.9264,82.4115,3.3152,217.2228,18.3329
2030-09-04,21.4832,5.0608,49.9222,9.7676,1137.7686,79.1109,68.9454,0.9897,134.7911,5.9339
2030-09-05,28.1625,0.0000,39.7710,7.4849,1144.5419,82.2487,87.1385,4.1484,139.4454,19.5980
2030-09-06,27.8472,0.0000,50.4790,9.5620,1151.2584,84.8008,88.3848,5.5054,143.2267,24.1992
2030-09-07,25.6700,0.0000,44.0457,9.8858,1157.5830,87.4676,89.2338,6.3212,147.1402,26.8598
2030-09-08,28.8185,0.0000,30.4204,5.5076,1164.4743,91.1738,92.1090,7.6404,152.4977,30.8717
2030-09-09,31.0997,0.0012,27.0225,4.7652,1171.7762,95.3574,93.4777,8.9185,158.4738,34.5692
2030-09-10,30.7076,0.0188,32.7147,8.3597,1179.0076,99.1677,93.5282,10.7649,163.8759,39.4086
2030-09-11,27.5508,0.2468,39.5369,10.5798,1185.6707,102.2518,92.3404,10.1930,168.2328,38.2515
2030-09-12,28.9053,0.0000,37.3622,6.3781,1192.5777,105.5979,92.3906,8.3065,172.9179,33.6237
2030-09-13,31.3719,0.0000,32.5949,7.4456,1199.9286,109.4947,92.5304,8.9399,178.3117,35.5044
2030-09-14,32.9315,0.0000,33.8199,9.4325,1207.5603,113.5045,92.5806,9.9513,183.8148,38.2856
2030-09-15,33.8532,0.0000,35.3731,7.3304,1215.3579,117.5262,92.6308,9.0145,189.2908,36.0551
2030-09-16,34.0934,0.0000,32.4770,8.1107,1223.1987,121.7569,93.0069,9.8841,194.9906,38.4562
2030-09-17,32.0246,0.0000,32.8417,6.9341,1230.6671,125.7175,93.0572,9.3810,200.2852,37.2987
2030-09-18,30.8420,0.0000,41.1677,6.3413,1237.9227,129.0632,92.4732,8.3882,204.7574,34.7484
2030-09-19,31.1604,0.0000,41.1061,7.0768,1245.2355,132.4458,92.4261,8.6473,209.2507,35.5394
2030-09-20,29.5041,0.0000,41.1131,8.9137,1252.2503,135.6543,92.1775,9.1592,213.4908,36.9835
2030-09-21,28.1207,0.0000,39.2369,7.8443,1259.0160,138.8154,92.2222,8.7336,217.6399,35.9138
2030-09-22,27.9816,0.0001,33.9724,6.0409,1265.7567,142.2340,92.2723,8.0315,222.0798,34.0429
2030-09-23,28.4669,0.0012,33.0333,6.9198,1272.5847,145.7591,92.3224,8.4548,226.6253,35.2775
2030-09-24,24.8971,0.0000,44.7872,9.3029,1278.7702,148.3146,91.0100,7.9148,229.9531,33.8093
2030-09-25,23.4819,0.7980,56.0403,10.1586,1284.7009,150.2385,86.1531,4.1282,232.5024,21.6262
2030-09-26,24.7257,0.0000,36.5635,5.5627,1290.8555,153.1552,89.7850,5.5021,236.2384,26.4896
2030-09-27,24.3743,0.0000,30.8757,7.3007,1296.9469,156.2903,91.3860,7.5486,240.2127,32.8593
2030-09-28,26.8958,0.0000,32.2503,6.8287,1303.4922,159.6671,91.7852,7.8007,244.4702,33.6210
2030-09-29,26.4860,0.0000,41.5161,6.9237,1309.9636,162.5394,91.5907,7.6250,248.1142,33.1429
2030-09-30,25.1000,0.0000,33.3134,9.4216,1316.1856,165.6500,91.6406,8.7092,252.0081,36.2163
2030-10-01,27.8383,0.0000,31.2006,11.0798,1321.9005,168.6667,92.1590,10.1889,255.7522,40.1424
2030-10-02,28.8749,0.0000,33.3565,12.9112,1327.8020,171.6935,92.2091,11.2531,259.4995,42.8195
2030-10-03,27.0032,0.0005,42.6796,13.2250,1333.3666,174.1343,91.5399,10.3994,262.5483,40.7217
2030-10-04,26.7961,0.0493,49.2343,6.2369,1338.8939,176.2801,90.4733,6.2818,265.2519,29.1861
2030-10-05,24.6060,0.1759,61.7130,8.6631,1344.0270,177.7713,88.1555,5.0913,267.1909,25.2695
2030-10-06,27.1877,0.0016,48.2573,6.3824,1349.6248,179.9891,88.7643,4.9529,269.9690,24.7988
2030-10-07,22.3216,0.1171,53.6495,20.7201,1354.3466,181.6340,88.7124,10.1249,272.0539,40.0764
2030-10-08,22.0289,0.0001,52.4772,13.1744,1359.0159,183.2995,88.7614,6.9712,274.1559,31.3501
2030-10-09,22.6381,0.0000,45.2018,16.5844,1363.7947,185.2704,88.8103,8.3366,276.6009,35.3205
2030-10-10,21.8826,0.0001,55.6239,14.1288,1368.4376,186.8158,88.3875,6.9326,278.5605,31.2492
2030-10-11,22.5910,0.0006,60.2109,11.2932,1373.2080,188.2441,87.7619,5.4941,280.3945,26.6819
2030-10-12,25.4316,0.0000,51.1067,14.2290,1378.4897,190.2096,88.0507,6.6392,282.8479,30.3661
2030-10-13,28.4956,0.0014,46.0321,13.4337,1384.3229,192.6297,89.3364,7.6707,285.8268,33.4589
2030-10-14,29.5242,0.5014,48.4882,8.8205,1390.3412,195.0200,89.3496,6.0912,288.7753,28.6595
2030-10-15,24.4324,1.2055,64.5786,8.6192,1395.4431,196.3903,82.1530,2.2422,290.5521,13.8839
2030-10-16,21.6872,0.0377,61.7751,7.1662,1400.0508,197.7101,84.6291,2.8742,292.2455,16.7826
2030-10-17,24.7532,0.0000,42.6103,4.2476,1405.2103,199.9582,88.4386,4.2446,294.9792,22.3052
2030-10-18,26.5189,0.0547,34.9159,5.2246,1410.6877,202.6818,90.7870,6.2429,298.2392,29.1650
2030-10-19,26.5944,0.1290,35.2633,5.4705,1416.1787,205.3984,91.1361,6.6432,301.4817,30.4248
2030-10-20,29.0913,0.5030,36.2982,11.2138,1422.1192,208.3125,91.3851,9.1927,304.9515,37.7470
2030-10-21,20.8770,6.2877,68.3399,16.3655,1219.0338,85.8143,63.6924,1.1381,145.9441,7.0095
2030-10-22,19.8672,1.2731,65.8663,8.3188,1223.3139,86.8987,72.1593,1.0242,147.5875,6.3848
2030-10-23,17.9602,3.2170,76.6293,7.8666,1172.4958,65.2106,57.8780,0.5262,114.5007,2.6534
2030-10-24,18.4162,22.3768,80.3355,11.6811,794.8246,27.2382,36.4542,0.0303,50.1775,0.0511
2030-10-25,19.7509,5.4572,70.8630,7.5206,754.8249,17.6682,45.6798,0.1333,33.3829,0.1692
2030-10-26,16.7678,1.0463,66.8933,16.5964,758.5471,18.5645,66.8987,1.3057,34.9883,2.8876
2030-10-27,16.4379,9.4099,70.6665,17.1227,684.5056,10.0805,50.7865,0.4271,19.4451,0.3804
2030-10-28,16.0701,1.6474,66.1628,11.1311,688.1022,10.0966,63.6586,0.8729,19.4787,0.7782
2030-10-29,17.0725,3.1824,70.8797,9.7169,677.0767,7.6257,58.6818,0.6121,14.8337,0.4620
2030-10-30,17.1699,0.0000,46.2507,13.0124,680.8713,9.1136,79.2376,2.0294,17.6370,2.8651
2030-10-31,18.7487,0.0000,50.8301,13.3107,684.9500,10.5924,85.1233,4.1917,20.3962,6.8358
2030-11-01,23.0332,0.0000,46.5726,7.0694,688.8000,12.3018,87.7595,4.4393,23.5520,7.8274
2030-11-02,25.5037,0.0035,43.7387,4.7138,693.0947,14.2862,89.0867,4.7692,27.1722,9.0432
2030-11-03,23.4802,0.0000,37.7834,7.2650,697.0251,16.3138,89.9833,6.1677,30.8240,12.0004
2030-11-04,21.0228,0.0000,42.7125,14.1688,700.5132,17.9940,90.0326,8.7959,33.8165,16.5915
2030-11-05,20.7857,0.0000,43.5926,10.3337,703.9586,19.6307,90.0820,7.3017,36.7027,15.0352
2030-11-06,23.4127,0.0000,41.2365,8.2799,707.8769,21.5405,90.1314,6.6305,40.0353,14.6234
2030-11-07,26.0394,0.0095,41.1667,8.7972,712.2680,23.6574,90.1808,6.8539,43.6872,15.7150
2030-11-08,20.7393,0.4013,69.2784,9.3267,715.7051,24.5469,86.5524,4.1883,45.2168,10.8660
2030-11-09,18.4946,0.5725,75.4331,6.7545,718.7381,25.1852,84.2760,2.6838,46.3132,7.5278
2030-11-10,16.4330,0.0001,50.9530,5.1962,721.4000,26.3253,85.8568,3.0838,48.2488,8.7289
2030-11-11,15.5582,0.9749,64.6936,11.4464,723.9045,27.1050,80.8483,2.2188,49.5699,6.6105
2030-11-12,17.8334,1.8961,74.8356,10.6900,726.8185,25.2486,70.4395,1.0874,46.4622,2.9421
2030-11-13,17.1719,4.6642,85.3088,14.0067,699.2826,16.8073,48.0998,0.2606,31.7093,0.3194
2030-11-14,17.1386,8.0948,84.8510,19.2590,644.7674,9.1408,38.7621,0.0720,17.6559,0.0604
2030-11-15,16.4311,18.1286,91.8989,12.6275,530.4101,4.0273,19.1351,0.0002,7.9046,0.0001
2030-11-16,17.3911,0.9579,72.9308,12.6006,533.2445,4.6909,49.3335,0.2851,9.1800,0.1643
2030-11-17,19.5772,4.1252,84.7795,13.8456,520.7060,2.7596,45.7497,0.1852,5.4470,0.0827
2030-11-18,19.9028,0.0451,76.9577,5.0663,523.9925,3.4012,63.2485,0.6310,6.6938,0.3101
2030-11-19,23.2823,0.0011,65.4276,4.9945,527.8873,4.5188,77.5045,1.1638,8.8483,0.6578
2030-11-20,17.8003,0.0112,68.1126,9.7511,530.7953,5.3178,81.6178,2.2258,10.3758,2.1175
2030-11-21,14.9989,0.0000,43.6421,9.1595,533.1991,6.5207,85.8697,3.7723,12.6546,4.6503
2030-11-22,16.9637,0.0000,41.3465,7.2211,535.9566,7.9254,87.7232,4.4502,15.2858,6.1208
2030-11-23,18.9550,0.0000,47.7429,5.0132,539.0725,9.3149,87.7718,4.0094,17.8583,6.0643
2030-11-24,15.6654,0.5183,64.2126,9.9599,541.5963,10.1104,86.2007,4.1145,19.3191,6.5088
2030-11-25,12.1095,0.0011,59.0102,10.5762,543.4800,10.8282,86.1561,4.2177,20.6289,6.9206
2030-11-26,11.2625,0.0000,49.0313,9.1731,545.2113,11.6636,86.2041,3.9565,22.1430,6.8019
2030-11-27,11.9467,0.0000,48.1184,8.7328,547.0657,12.5610,86.3534,3.9520,23.7583,7.0847
2030-11-28,14.5460,0.0000,41.4217,7.5201,549.3879,13.7761,87.5174,4.3867,25.9269,8.1873
2030-11-29,14.2861,0.0000,44.2800,8.1804,551.6634,14.9128,87.5659,4.5667,27.9375,8.8514
2030-11-30,15.4701,0.0000,48.2938,6.6032,554.1521,16.0487,87.6145,4.2472,29.9303,8.6512
2030-12-01,16.9898,0.0000,43.8239,5.7562,556.9142,17.2035,87.8886,4.2326,31.9403,8.9581
2030-12-02,15.1785,0.0001,65.4687,8.3519,559.3503,17.8423,86.1640,3.7748,33.0491,8.2759
2030-12-03,14.9957,0.0000,60.8998,4.8960,561.7536,18.5575,86.2121,3.1930,34.2836,7.2898
2030-12-04,15.3580,0.0013,66.3734,6.0816,564.2220,19.1864,85.6286,3.1233,35.3662,7.2847
2030-12-05,13.3311,0.0055,79.0429,4.8349,566.3256,19.5301,83.4547,2.1849,35.9599,5.2429
2030-12-06,14.6538,1.6491,73.6436,8.6230,568.6673,18.8545,71.7901,1.0260,34.8225,2.0469
2030-12-07,12.4665,3.6660,69.4833,14.8943,556.4090,13.6244,58.2180,0.7687,25.6770,0.8185
2030-12-08,12.1583,0.0000,52.8320,5.2619,558.3015,14.3351,73.2756,0.9181,26.9408,1.0782
2030-12-09,15.0940,0.0000,60.1891,6.4169,560.7224,15.0677,80.2607,1.6150,28.2384,3.1427
2030-12-10,18.1936,0.0000,63.7321,7.1448,563.7013,15.8629,83.1773,2.3678,29.6406,4.9801
2030-12-11,18.4407,0.0000,65.9479,8.6426,566.7246,16.6191,83.9984,2.8439,30.9678,6.1395
2030-12-12,18.4454,0.0000,67.3364,9.0524,569.7488,17.3446,84.1149,2.9488,32.2358,6.5180
2030-12-13,17.6982,0.0000,68.3692,7.4178,572.6384,18.0203,84.1623,2.7329,33.4120,6.2083
2030-12-14,16.4388,0.0036,72.6862,4.8738,575.3014,18.5647,84.2097,2.4195,34.3576,5.6229
2030-12-15,15.1765,0.0001,56.5941,10.6147,577.7372,19.3675,85.0894,3.6421,35.7398,8.4055
2030-12-16,14.5673,0.0000,48.8903,10.1723,580.0633,20.2775,86.2165,4.1681,37.2956,9.6771
2030-12-17,15.6671,0.0000,56.1122,8.6961,582.5874,21.1138,86.2646,3.8956,38.7194,9.3417
2030-12-18,15.6176,0.0000,62.8892,8.8337,585.1025,21.8188,86.1006,3.8332,39.9163,9.3815
2030-12-19,15.8404,0.0000,65.3220,6.1177,587.6578,22.4864,85.7815,3.1965,41.0462,8.1547
2030-12-20,16.2424,0.0000,62.5610,10.1769,590.2855,23.2242,85.8295,3.9485,42.2889,9.9518
2030-12-21,14.6582,0.0000,65.6404,10.4755,592.6279,23.8395,85.5195,3.8386,43.3223,9.8581
2030-12-22,15.2283,0.0009,67.2263,7.3194,595.0730,24.4477,85.3019,3.1768,44.3411,8.5043
2030-12-23,16.2766,0.0003,60.7782,5.8605,597.7068,25.2222,85.3497,2.9713,45.6305,8.1640
2030-12-24,14.1361,3.2491,76.4391,7.7651,587.6321,19.2882,59.1869,0.5743,35.6510,0.7624
2030-12-25,12.5537,5.0703,80.5752,7.4376,565.2206,12.2393,40.8692,0.0594,23.2215,0.0593
2030-12-26,10.8030,14.1327,89.6646,8.5470,490.1279,5.6121,18.8923,0.0001,10.9119,0.0001
2030-12-27,10.1165,7.5000,78.7807,7.6818,459.7457,2.7514,25.1629,0.0012,5.4217,0.0005
2030-12-28,10.7885,19.8095,86.0849,13.9591,376.7508,0.8767,20.5268,0.0003,1.7433,0.0001
2030-12-29,11.5061,12.8610,82.8073,15.5384,333.6573,0.2463,25.6386,0.0021,0.4917,0.0005
2030-12-30,10.9277,0.0003,68.0472,5.4746,335.3283,0.6830,47.6489,0.1595,1.3591,0.0447
2030-12-31,12.1191,0.0000,56.1179,15.0882,337.2137,1.3422,70.1434,1.3442,2.6580,0.4544
2031-01-01,12.4366,0.0000,52.8741,10.6704,339.1563,2.1276,79.9376,1.9343,4.1895,0.7727
2031-01-02,12.7475,0.0137,60.3026,14.1731,341.1549,2.8043,82.9004,3.2564,5.4957,2.3294
2031-01-03,13.0921,0.0153,72.7962,17.4751,343.2154,3.2796,82.9474,3.8690,6.4062,3.2071
2031-01-04,14.1031,1.0964,70.6190,16.1124,345.4580,3.8295,77.9355,2.1103,7.4526,1.3923
2031-01-05,13.1425,4.2930,78.3167,15.7117,336.9619,2.1091,54.1306,0.5678,4.1532,0.2260
2031-01-06,13.5182,1.6727,77.1710,15.6979,339.0992,1.9184,60.3324,0.9217,3.7834,0.3536
2031-01-07,14.7800,1.1406,76.5714,8.4678,341.4636,2.3765,65.5866,0.8268,4.6716,0.3455
2031-01-08,17.3617,0.0007,51.7088,4.9861,344.2927,3.4740,78.9890,1.3226,6.7771,0.6538
2031-01-09,14.6302,4.9592,78.9564,6.6480,333.5952,1.8185,48.5225,0.1903,3.5882,0.0715
2031-01-10,13.9166,4.5412,86.3998,6.3726,324.6340,0.6530,34.7784,0.0159,1.2994,0.0044
2031-01-11,12.8379,4.9320,87.3973,7.5524,314.3266,0.2162,28.1297,0.0030,0.4318,0.0007
2031-01-12,14.0239,8.3145,79.6914,10.4341,292.9435,0.3781,31.0069,0.0077,0.7538,0.0019
2031-01-13,10.9873,12.7853,83.1528,21.2457,258.0956,0.2507,28.9921,0.0076,0.5002,0.0018
2031-01-14,9.7773,0.0269,80.2276,22.0775,259.5595,0.5155,50.6658,0.5405,1.0258,0.1426
2031-01-15,12.7141,0.7722,78.7151,11.7626,261.5521,0.8775,62.5231,0.8536,1.7403,0.2544
2031-01-16,13.7042,4.1729,78.5341,5.2226,255.5047,0.3912,45.1534,0.1096,0.7795,0.0275
2031-01-17,13.6753,0.0032,72.2607,5.6811,257.6702,0.8958,61.7500,0.6035,1.7762,0.1808
2031-01-18,14.5150,0.0002,65.7852,14.9422,259.9869,1.5535,75.4805,1.6716,3.0613,0.5930
2031-01-19,14.5917,0.0005,62.4689,21.6424,262.3174,2.2786,81.7418,4.1125,4.4603,2.8317
2031-01-20,14.6044,1.0144,68.3952,15.0332,264.6502,2.8896,78.6498,2.1266,5.6256,0.9638
2031-01-21,15.0466,0.0000,62.2567,7.0215,267.0626,3.6399,82.2253,2.0872,7.0398,1.2554
2031-01-22,14.6398,0.0000,58.1529,8.0420,269.4017,4.4507,84.0988,2.7964,8.5484,2.5388
2031-01-23,14.8118,0.0000,59.1234,9.1807,271.7719,5.2515,84.7026,3.2133,10.0189,3.3695
2031-01-24,16.1853,0.0000,50.5620,6.3916,274.3892,6.3035,86.0439,3.3624,11.9223,3.9627
2031-01-25,15.8616,0.8979,58.4581,6.8187,276.9483,7.1710,82.1428,2.0452,13.4700,2.3251
2031-01-26,16.1232,1.5093,68.5303,5.3514,279.5545,7.4252,73.4698,0.9301,13.9257,0.6763
2031-01-27,16.6489,0.0003,64.4851,2.9945,282.2553,8.2012,79.4461,1.2502,15.2917,0.9609
2031-01-28,15.8902,0.1389,66.2094,4.9426,284.8195,8.9080,82.0409,1.8377,16.5240,2.3747
2031-01-29,15.0127,0.1564,73.9635,7.5013,287.2258,9.4245,82.2294,2.1393,17.4200,3.0332
2031-01-30,14.9484,0.0020,72.9680,5.4392,289.6205,9.9586,82.4147,1.9728,18.3405,2.8501
2031-01-31,14.3461,0.0000,58.2683,6.3552,291.9068,10.7521,84.0673,2.5577,19.6910,4.0805
2031-02-01,15.7969,0.0000,60.1806,4.6764,294.4543,11.7079,84.6395,2.5389,21.2986,4.2721
2031-02-02,15.2216,0.0000,59.2569,5.4131,296.8981,12.6525,84.9073,2.7331,22.8686,4.8431
2031-02-03,17.3583,0.0000,46.2865,6.9659,299.7266,14.0608,86.8312,3.8685,25.1698,7.1906
2031-02-04,18.2666,0.0000,57.0429,10.9382,302.7186,15.2426,86.8795,4.7583,27.0768,9.0075
2031-02-05,17.2559,0.0000,67.0567,11.4006,305.5287,16.1016,85.8608,4.2181,28.4543,8.3499
2031-02-06,17.3231,0.0000,65.5729,11.6506,308.3508,17.0025,85.8471,4.2634,29.8854,8.6722
2031-02-07,17.7671,0.0001,57.5040,13.2478,311.2529,18.1415,85.8951,4.6519,31.6684,9.6604
2031-02-08,17.0245,0.0234,64.9334,13.2216,314.0213,19.0443,85.9046,4.6519,33.0740,9.9029
2031-02-09,15.9937,0.0200,66.0926,15.0975,316.6042,19.8676,85.6192,4.9131,34.3469,10.5878
2031-02-10,17.3637,0.0000,56.8067,14.6919,319.4337,21.0005,85.7666,4.9138,36.0722,10.8860
2031-02-11,16.2698,0.0009,59.7616,20.7659,322.0662,21.9933,85.8145,6.7182,37.5723,14.2786
2031-02-12,16.9018,1.0698,57.8939,18.2510,324.8126,23.0700,82.0971,3.6182,39.1826,8.8314
2031-02-13,16.7200,0.4399,60.8545,4.9407,327.5261,24.0609,83.9095,2.3322,40.6553,6.0725
2031-02-14,18.2595,0.0010,48.2139,4.9674,330.5169,25.4851,86.3443,3.2648,42.7327,8.5143
2031-02-15,16.0182,0.8281,65.6072,9.7648,333.1041,26.3214,82.0634,2.3496,43.9588,6.4410
2031-02-16,17.0699,0.0008,60.0521,11.3954,335.8807,27.3524,84.2471,3.3777,45.4515,9.1024
2031-02-17,15.7200,0.0000,51.4837,11.2912,338.4143,28.5116,85.8086,4.1643,47.1023,11.0739
2031-02-18,15.5100,0.0007,41.2099,23.3112,340.9101,29.8987,87.7156,10.0005,49.0442,22.0249
2031-02-19,13.8545,0.0000,28.9563,25.9203,343.1079,31.4079,89.8167,15.4175,51.1176,30.3426
2031-02-20,14.1644,0.0000,28.0286,14.3278,345.3615,32.9685,90.4147,9.3651,53.2328,21.9137
2031-02-21,15.4629,0.0000,16.0812,5.2160,347.8488,34.9429,92.8246,8.3271,55.8579,20.6501
2031-02-22,17.3743,0.0000,6.2896,6.4222,350.6802,37.4021,96.2090,14.1034,59.0572,30.6455
2031-02-23,16.4867,0.0000,16.7206,5.4962,353.3518,39.4826,95.6577,12.4919,61.7232,28.8470
2031-02-24,17.1662,0.0000,21.6108,5.0302,356.1457,41.5166,94.7780,10.8201,64.2955,26.6815
2031-02-25,15.7511,0.0000,44.2777,6.4974,358.6849,42.8504,91.1252,6.9851,65.9915,19.8479
2031-02-26,13.4825,0.0011,63.2104,4.9815,360.8158,43.6125,87.4306,3.8124,66.9838,12.6503
2031-02-27,16.3256,0.0000,38.5314,5.7311,363.4584,45.1340,88.4425,4.5766,68.8833,14.8229
2031-02-28,17.5050,0.0000,23.4723,10.5545,366.3133,47.1565,91.3650,8.8670,71.3502,24.5001
2031-03-01,16.6728,0.0000,37.0461,10.6091,369.0184,49.0637,90.9099,8.3336,73.6475,23.8441
2031-03-02,17.3915,0.0000,33.5435,10.4437,371.8529,51.1585,90.9595,8.3231,76.1319,24.2353
2031-03-03,18.2043,0.0000,41.0183,12.2603,374.8336,53.0993,90.4243,8.4500,78.4244,24.8711
2031-03-04,18.6673,0.0000,41.7237,9.5932,377.8978,55.0630,90.2448,7.2001,80.7214,22.5483
2031-03-05,21.8632,0.0000,38.3042,8.9340,381.5371,57.4779,90.2942,7.0143,83.5058,22.5365
2031-03-06,21.1856,0.0000,39.0394,12.0096,385.0545,59.7937,90.3437,8.2483,86.1447,25.6630
2031-03-07,22.7610,0.0000,22.7416,15.6005,388.8555,62.9361,92.8149,14.0332,89.6127,37.4174
2031-03-08,23.2193,0.6207,22.3350,15.7640,392.7390,66.1557,92.8739,14.2669,93.1037,38.5157
2031-03-09,21.1669,0.1096,44.0829,8.3731,396.2531,68.2781,90.8654,7.3985,95.4422,25.0661
2031-03-10,22.2848,0.0002,43.3269,6.2689,399.9683,70.5372,90.5964,6.4035,97.9076,22.9404
2031-03-11,22.8153,0.0054,40.6457,7.5526,403.7791,72.9568,90.6459,6.8800,100.5114,24.4421
2031-03-12,23.9999,0.1359,35.9110,6.9448,407.8031,75.6989,90.6955,6.7198,103.4091,24.3746
2031-03-13,20.6606,0.2142,57.7410,13.7193,411.2260,77.2664,88.2893,6.6960,105.1435,24.5069
2031-03-14,17.6405,0.3963,62.0064,8.1402,414.1053,78.4801,86.9606,4.1805,106.5008,17.5673
2031-03-15,19.4189,2.2245,59.4132,4.7278,417.3047,68.4553,73.0519,0.8853,97.0926,4.3120
2031-03-16,18.6024,1.9875,61.6576,13.1705,420.3571,62.5151,72.8386,1.3429,91.1433,6.2600
2031-03-17,18.4619,5.3135,69.1751,12.0483,406.0836,40.9288,57.6368,0.6379,65.3829,1.9548
2031-03-18,16.7110,5.8078,81.3494,6.0636,389.9565,25.8279,40.0328,0.0474,44.3175,0.0733
2031-03-19,14.4922,21.1254,85.3020,14.6809,315.3026,10.4493,26.7258,0.0028,19.2995,0.0025
2031-03-20,12.3145,2.6213,64.7557,23.2199,317.2232,8.5227,51.9069,0.6593,15.9725,0.5202
2031-03-21,12.4964,0.0085,52.0084,9.0050,319.1765,9.6349,71.6995,1.0426,17.9177,0.8824
2031-03-22,17.1981,2.9456,65.2530,13.3535,316.8725,7.7560,65.8272,1.0672,14.6176,0.7985
2031-03-23,16.2001,0.4466,70.1063,9.6469,319.4926,8.6376,76.0406,1.3252,16.1815,1.2651
2031-03-24,14.3757,4.1780,86.6491,12.5877,312.2820,5.4407,47.9742,0.2386,10.4273,0.1472
2031-03-25,13.5671,2.3055,66.1825,13.0377,314.4280,4.6257,58.0390,0.6910,8.9233,0.3923
2031-03-26,10.6330,2.9776,73.0734,13.5209,310.8888,3.2021,53.6846,0.4868,6.2435,0.2315
2031-03-27,13.9247,2.9907,56.8388,19.8252,307.9411,2.6881,63.1225,1.3195,5.2613,0.5804
2031-03-28,17.8213,0.0020,51.1133,13.7165,310.8530,4.2648,80.1668,2.3100,8.2468,1.8459
2031-03-29,16.3551,4.3357,62.4883,12.8212,303.6520,3.1280,62.7921,0.9125,6.0990,0.4291
2031-03-30,12.0064,13.2145,79.1460,14.0247,266.6798,1.3950,36.3882,0.0336,2.7540,0.0115
2031-03-31,12.8966,5.6369,73.6551,11.9401,255.8446,0.7220,39.9952,0.0633,1.4339,0.0180
2031-04-01,13.8897,5.1306,74.9072,12.9963,248.2994,0.9119,42.7450,0.1097,1.8071,0.0330
2031-04-02,14.5571,7.1754,70.7644,15.5842,235.0727,1.1097,44.9970,0.1803,2.1936,0.0574
2031-04-03,15.1302,4.4607,65.5630,17.4705,230.2239,1.3550,53.8214,0.6021,2.6707,0.2039
2031-04-04,15.1294,16.9592,78.1109,8.7424,191.4149,0.8612,33.5115,0.0133,1.7033,0.0039
2031-04-05,14.8191,22.5071,89.6020,12.9684,143.2331,0.4013,19.7531,0.0002,0.7970,0.0001
2031-04-06,16.0658,7.2101,63.4159,11.6756,134.0183,1.5225,42.8401,0.1043,2.9608,0.0366
2031-04-07,16.3487,1.3653,57.8192,6.9447,137.9150,3.3068,62.6758,0.6747,6.2395,0.3207
2031-04-08,16.9361,2.1050,57.6370,9.1432,141.9175,3.9781,67.8951,0.9273,7.4352,0.4797
2031-04-09,16.3870,6.6624,62.4857,11.2615,134.0399,3.1715,54.7001,0.4789,5.9888,0.2233
2031-04-10,17.0620,0.8320,56.7266,10.3207,138.0650,5.0769,72.9342,1.1678,9.2989,0.6776
2031-04-11,16.2600,0.0065,55.8250,6.9854,141.9458,6.9360,81.1965,1.8435,12.3619,1.8261
2031-04-12,13.9215,6.8348,78.6596,8.6964,133.2337,4.1056,45.3818,0.1352,7.6238,0.0708
2031-04-13,15.7161,2.2902,67.8325,9.7610,137.0166,3.9678,56.6649,0.5268,7.3999,0.2718
2031-04-14,15.4334,2.0953,63.6003,10.8782,140.7486,4.1665,63.7381,0.8649,7.7588,0.4570
2031-04-15,16.4749,1.9535,59.3341,9.9306,144.6680,4.7690,68.5485,0.9853,8.8118,0.5557
2031-04-16,18.8918,0.0001,49.7770,6.7986,149.0226,7.2031,81.4589,1.8826,12.8531,1.9644
2031-04-17,20.8363,0.0000,47.6124,4.7347,153.7271,9.9891,86.1354,3.1331,17.1863,4.6312
2031-04-18,22.3448,0.0000,43.6603,5.2590,158.7031,13.1913,88.2542,4.3499,21.8436,7.3587
2031-04-19,24.1804,0.0001,45.0182,4.5871,164.0096,16.5610,88.8145,4.5572,26.4460,8.5618
2031-04-20,24.7874,0.0007,49.7623,5.0257,169.4254,19.7139,88.8635,4.6919,30.5431,9.5318
2031-04-21,23.4249,0.0228,49.8146,6.6609,174.5958,22.6978,88.9124,5.1308,34.2607,10.9566
2031-04-22,25.2765,0.0678,37.4945,3.9949,180.0996,26.6947,90.2259,5.4156,38.9546,12.2942
2031-04-23,27.2452,0.0070,42.6299,7.9291,185.9577,30.6370,90.2753,6.6500,43.3989,15.3038
2031-04-24,26.0745,0.0091,47.5520,9.8670,191.6051,34.0923,90.3248,7.3841,47.1923,17.3144
2031-04-25,20.7403,0.4859,60.7871,10.1782,196.2924,36.1685,87.8459,5.2568,49.5240,13.7201
2031-04-26,20.8266,0.3709,57.3496,7.5543,200.9952,38.4357,87.8343,4.5981,52.0080,12.6933
2031-04-27,24.2543,0.0016,51.4382,7.6946,206.3150,41.4206,87.8829,4.6631,55.1573,13.2689
2031-04-28,26.0511,0.0046,51.1399,6.6428,211.9582,44.6368,88.1401,4.5884,58.4832,13.5429
2031-04-29,22.0305,0.8799,57.4419,14.2566,216.8777,47.0232,84.7979,4.2042,60.9880,12.9492
2031-04-30,16.7023,12.8384,74.1102,16.9829,190.2624,23.2104,49.6178,0.3684,35.5721,0.4883
2031-05-01,17.9306,1.6718,61.7257,12.8440,195.8939,23.7692,66.7594,1.0756,36.4742,2.3070
2031-05-02,16.8919,0.1924,51.5334,11.6649,201.3384,26.0649,80.5995,2.1824,39.3835,5.5738
2031-05-03,19.2183,0.0000,42.7383,7.9561,207.2017,29.1279,86.5217,3.8918,43.1063,9.9433
2031-05-04,21.5965,0.0032,50.0034,6.6843,213.4931,32.1153,87.3828,4.1257,46.6768,10.9323
2031-05-05,26.0502,0.0004,48.6649,4.3414,220.5861,35.7846,88.3668,4.2210,50.9185,11.7113
2031-05-06,26.6502,1.2421,48.0148,10.9765,227.7871,39.5825,85.8919,4.1469,55.1894,12.0943
2031-05-07,21.6809,1.2495,58.0534,7.6658,234.0937,42.0982,81.3351,1.9385,58.0830,6.4801
2031-05-08,24.5722,0.0025,49.6817,4.4305,240.9207,45.4990,86.5347,3.2643,61.8136,10.6428
2031-05-09,26.5571,0.0001,44.7627,4.9325,248.1050,49.5209,88.8594,4.6672,66.0723,14.6994
2031-05-10,29.9845,0.0000,36.4013,4.7751,255.9062,54.7255,91.1866,6.4607,71.3210,19.5451
2031-05-11,30.4570,0.0000,37.3470,6.8987,263.7925,59.9307,91.4242,7.4375,76.4436,22.4348
2031-05-12,30.7718,0.0051,41.0326,4.9619,271.7354,64.8785,91.4741,6.7938,81.2560,21.7118
2031-05-13,33.9004,0.0001,33.7152,4.5193,280.2415,70.9863,92.6316,7.8248,86.9259,24.8546
2031-05-14,35.1200,0.0000,26.5634,5.4751,288.9671,77.9888,94.2989,10.3589,93.1365,31.1762
2031-05-15,34.2965,0.0070,29.9327,6.8002,297.5444,84.5181,94.3497,11.1521,98.8441,33.6928
2031-05-16,30.9431,0.0108,35.9715,9.3272,305.5182,89.9195,93.5003,11.2590,103.6061,34.6463
2031-05-17,31.4211,0.0000,25.7379,11.8943,313.5780,96.2776,93.9404,13.6222,108.9376,40.1125
2031-05-18,33.1719,0.0872,22.0603,14.7076,321.9529,103.3098,95.0099,18.1899,114.6478,49.2417
2031-05-19,27.3642,0.2200,42.4827,9.2975,329.2825,107.6199,92.1394,9.2880,118.4538,32.2894
2031-05-20,32.6786,0.0000,36.7177,6.2933,337.5686,113.2475,92.1895,8.0398,123.1821,29.7618
2031-05-21,28.8718,0.9104,45.8360,9.9196,345.1695,117.5213,88.5262,5.7204,126.9687,23.8163
2031-05-22,24.8036,2.0299,61.6063,11.5056,352.0382,100.4973,78.9870,1.8366,117.2882,9.6402
2031-05-23,25.1205,0.0013,45.7818,7.9643,358.9639,104.2400,87.0541,4.1991,120.7894,18.6900
2031-05-24,27.9572,0.0000,30.9158,8.7943,366.4002,109.5248,91.6553,8.4558,125.3644,31.0012
2031-05-25,31.3618,0.0000,26.8243,6.6566,374.4493,115.7784,93.5329,9.8862,130.6023,34.9218
2031-05-26,33.3470,0.0000,26.3228,5.8341,382.8558,122.4600,94.1252,10.2977,136.0932,36.3772
2031-05-27,30.4128,0.0000,30.6248,11.2391,390.7341,128.2155,94.1759,13.6167,140.8691,44.0556
2031-05-28,29.0720,0.0000,23.4269,12.5536,398.3710,134.2979,94.2267,14.6515,145.7547,46.6127
2031-05-29,30.2625,0.0001,26.2859,11.8251,406.2223,140.3843,94.2774,14.2229,150.6300,46.1549
2031-05-30,29.2647,0.0000,38.8861,10.2994,413.8939,145.2697,92.7901,10.7062,154.7515,38.7358
2031-05-31,24.9546,0.0034,48.0401,13.4690,420.7897,148.8338,90.5542,9.1489,157.9765,35.1291
2031-06-01,23.6348,0.0385,47.8073,11.9797,428.4480,152.2325,90.0506,7.8976,161.2394,32.0177
2031-06-02,22.7829,0.1260,48.1151,12.3949,435.9529,155.4948,89.7974,7.7772,164.3973,31.8340
2031-06-03,22.6880,0.0217,44.2765,9.7257,443.4408,158.9845,89.8467,6.8466,167.6776,29.3433
2031-06-04,22.7051,0.0091,43.7088,10.8620,450.9317,162.5123,89.8960,7.3015,170.9773,30.7752
2031-06-05,23.1499,0.0685,42.4260,10.7905,458.5027,166.1879,89.9453,7.3269,174.3707,30.9700
2031-06-06,26.7315,0.0122,40.8272,5.6187,466.7183,170.5236,90.1290,5.7965,178.2398,26.5141
2031-06-07,31.4415,0.0033,28.1672,8.4419,475.7818,176.6776,93.1653,10.2758,183.2418,39.0725
2031-06-08,29.8810,0.0823,35.7284,11.9029,484.5644,181.9197,93.1859,12.2690,187.6841,43.9597
2031-06-09,25.8042,0.0163,41.9465,12.5366,492.6131,186.0316,91.6696,10.2314,191.3801,39.2255
2031-06-10,22.4643,0.4793,49.0118,13.1915,500.0607,189.1947,89.9368,8.2591,194.4589,34.1663
2031-06-11,27.6982,0.0156,42.2393,8.1435,508.4504,193.5739,90.0483,6.5073,198.3559,29.1979
2031-06-12,31.5879,0.0000,28.6092,4.0396,517.5402,199.7176,93.0107,8.0552,203.3013,33.8000
2031-06-13,33.9838,0.0000,25.5419,7.9231,527.0613,206.5948,94.3533,11.8071,208.6882,43.4810
2031-06-14,33.7029,0.0000,21.4206,14.0782,536.5318,213.7945,95.2511,18.2130,214.2028,57.1981
2031-06-15,35.5927,0.0000,18.9898,12.0494,546.3425,221.6201,96.1086,18.4748,221.5798,57.8716
2031-06-16,38.1254,0.0004,18.3378,9.9347,556.6091,230.0531,96.6823,17.9415,229.9537,56.9982
2031-06-17,38.9051,0.0016,19.6651,10.4241,567.0160,238.5140,96.7339,18.5171,238.3530,58.2497
2031-06-18,37.3556,0.0005,21.9721,9.3292,577.1440,246.4135,96.7855,17.6447,246.1949,56.6496
2031-06-19,36.6927,0.0118,25.1059,7.6207,587.1527,253.8651,96.5111,15.6038,253.5926,52.5756
2031-06-20,36.9940,0.0029,29.9234,6.7497,597.2156,260.8930,95.7026,13.3879,260.5716,47.8234
2031-06-21,35.5813,0.0397,29.2318,6.7619,607.0242,267.7271,95.4876,13.0100,267.3569,47.0132
2031-06-22,35.7606,0.0020,23.4972,9.9817,616.8651,275.1510,95.5388,15.4087,274.7209,52.3233
2031-06-23,35.6158,0.0000,23.2967,7.9978,626.6800,282.5652,95.5900,14.0403,282.0732,49.4062
2031-06-24,36.4201,0.0000,23.3191,10.6818,636.6396,290.1395,95.6412,16.1858,289.5819,54.0225
2031-06-25,33.0639,0.0000,26.1922,13.6482,645.9951,296.7779,95.6075,18.7096,296.1654,59.0942
2031-06-26,29.4914,0.0000,28.4620,13.6825,654.7076,302.5394,94.7325,16.6289,301.8821,54.9797
2031-06-27,33.7624,0.0000,17.5565,6.4984,664.1888,310.1061,96.0707,13.8956,309.3749,49.1807
2031-06-28,34.1080,0.0000,24.9924,10.3699,673.7322,317.0586,96.0325,16.8018,316.2635,55.3724
2031-06-29,34.3384,0.0000,23.5660,9.4805,683.3172,324.1897,96.0838,16.1774,323.3259,54.1053
2031-06-30,35.2882,0.0000,21.5334,10.1673,693.0730,331.7067,96.1352,16.8637,330.7660,55.5274
2031-07-01,33.8184,0.0000,22.2659,8.9360,702.8643,338.0815,96.1866,15.9596,337.0857,53.6755
2031-07-02,34.5145,0.0000,20.0951,6.2530,712.7810,344.7649,96.2380,14.0384,343.7075,49.5570
2031-07-03,36.1472,0.0000,23.5714,4.7236,722.9915,351.4507,96.2894,13.0876,350.3327,47.4248
2031-07-04,34.9121,0.4087,33.9859,7.4658,732.9796,357.0340,94.6822,12.0730,355.8761,45.0666
2031-07-05,31.0100,0.5281,50.7440,7.9425,742.2654,360.7485,91.0825,7.4672,359.5849,32.9739
2031-07-06,31.6498,0.0040,44.9954,11.6154,751.6664,364.9791,91.1322,9.0492,363.7997,37.4319
2031-07-07,31.3228,0.0008,37.7668,9.4748,761.0085,369.7180,91.4845,8.5412,368.5110,36.0440
2031-07-08,34.3674,0.0000,32.6287,4.8677,770.8987,375.3299,92.9128,8.2841,374.0803,35.3290
2031-07-09,36.4474,0.0000,28.4229,7.4700,781.1632,381.6417,94.1930,11.2878,380.3364,43.1895
2031-07-10,36.9167,0.0006,26.1076,9.0851,791.5122,388.2391,94.8054,13.3231,386.8715,47.9848
2031-07-11,35.1117,0.0001,23.5637,10.5554,801.5363,394.7397,95.0555,14.8483,393.3080,51.3617
2031-07-12,29.7735,0.0001,46.1557,12.6274,810.5995,398.6439,91.7363,10.3758,397.1994,40.9210
2031-07-13,28.9000,0.1329,49.2112,10.5463,819.5055,402.2223,90.7389,8.1072,400.7712,34.8378
2031-07-14,31.1080,0.0310,42.8000,11.4542,828.8090,406.5490,90.7886,8.5470,405.0772,36.0723
2031-07-15,31.2573,0.0000,34.1924,10.0130,838.1393,411.5499,92.0783,9.5462,410.0416,38.7755
2031-07-16,32.5312,0.0004,29.2869,8.2984,847.6989,417.1352,93.3083,10.4076,415.5782,41.0061
2031-07-17,33.1645,0.0000,33.0471,10.6203,857.3725,422.5230,93.3588,11.7821,420.9224,44.3992
2031-07-18,31.7502,0.0000,34.2139,13.7176,866.7915,427.5985,93.4092,13.8696,425.9591,49.2241
2031-07-19,31.6570,0.0000,34.1890,10.5313,876.1938,432.6614,93.4597,11.8957,430.9831,44.6728
2031-07-20,35.8781,0.0000,26.3189,5.0411,886.3558,439.0603,94.5327,10.4669,437.3165,41.1596
2031-07-21,40.0344,0.0000,22.6101,6.5308,897.2660,446.5367,96.0503,13.8799,444.7063,49.2499
2031-07-22,42.4112,0.0000,22.1603,8.7916,908.6041,454.4910,96.5975,16.7455,452.5643,55.3560
2031-07-23,39.5648,0.0000,23.2169,9.0023,919.4297,461.8241,96.6491,17.0417,459.8106,55.9591
2031-07-24,38.5227,0.0000,18.8346,9.0654,930.0678,469.3770,96.7006,17.2147,467.2677,56.3091
2031-07-25,36.1219,0.0002,30.8600,9.5106,940.2737,475.4211,95.4167,14.7992,473.2505,51.2694
2031-07-26,32.0221,0.0031,46.8395,11.6735,949.7417,479.5564,91.9461,10.1871,477.3678,40.4496
2031-07-27,30.6863,0.0083,47.0769,13.9800,958.9692,483.5072,91.3349,10.4926,481.3032,41.2278
2031-07-28,26.8606,0.5149,59.3209,14.0734,967.5081,486.1785,88.7775,7.3112,483.9867,32.5358
2031-07-29,30.9974,0.0025,46.1613,7.7033,976.7917,490.2370,89.7675,6.1135,488.0274,28.8405
2031-07-30,33.2307,0.0000,34.5480,6.9215,986.4772,495.5143,92.2307,8.3469,493.2577,35.5225
2031-07-31,35.6024,0.0024,28.9827,5.9485,996.5896,501.6358,93.8844,10.0174,499.3130,40.0135
2031-08-01,35.0414,0.0051,31.0368,9.9380,1005.9011,506.7813,93.9351,12.3342,504.4105,45.7174
2031-08-02,30.7323,0.0000,36.8923,12.9345,1014.4369,510.9285,93.2350,13.0126,508.5292,47.2930
2031-08-03,29.7058,0.0000,27.4356,9.9053,1022.7880,515.5434,93.3146,11.2954,513.1005,43.2261
2031-08-04,34.3165,0.0000,24.3645,7.2295,1031.9689,521.0736,94.6624,11.8977,518.5694,44.6828
2031-08-05,33.2448,0.0000,31.6587,11.6942,1040.9570,525.9192,94.5717,14.7147,523.3707,51.0883
2031-08-06,33.1007,0.0000,25.8299,12.1338,1049.9191,531.1561,94.6226,15.1499,528.5514,52.0258
2031-08-07,34.4938,0.0000,23.0748,9.0293,1059.1320,536.8087,95.0438,13.7271,534.1380,48.9129
2031-08-08,36.4569,0.0000,20.6892,6.7180,1068.6982,542.9580,95.8712,13.6757,540.2100,48.7977
2031-08-09,37.0659,0.0000,20.6078,7.0311,1078.3741,549.2135,96.0299,14.1950,546.3852,49.9523
2031-08-10,35.7069,0.0000,27.4824,7.5410,1087.8053,554.7239,95.8470,14.2082,551.8340,49.9816
2031-08-11,33.2387,0.0000,38.1336,10.6201,1096.7923,559.1096,93.6420,12.2562,556.1865,45.5345
2031-08-12,29.9116,0.0000,41.7848,11.9485,1105.1804,562.8367,92.2934,10.8486,559.8934,42.1234
2031-08-13,29.5073,0.0011,43.9515,10.2154,1113.4957,566.3782,91.7153,9.1611,563.4195,37.7580
2031-08-14,29.5036,0.0091,45.2150,9.8729,1121.8103,569.8396,91.4365,8.6551,566.8678,36.3802
2031-08-15,29.3284,0.0001,46.2572,8.6383,1130.0935,573.2156,91.2142,7.8801,570.2329,34.1989
2031-08-16,31.7029,0.3998,44.7936,8.3296,1138.8040,576.9542,91.2640,7.8136,573.9544,34.0074
2031-08-17,29.1055,0.6298,57.9707,7.1368,1147.0470,579.5750,87.8837,4.5343,576.5869,23.4530
2031-08-18,28.8695,0.3288,56.1667,12.4387,1155.2475,582.2870,87.9323,5.9644,579.3073,28.3605
2031-08-19,29.5249,0.0000,47.1711,8.0646,1163.5660,585.6271,89.2636,5.7916,582.6380,27.7966
2031-08-20,29.6972,0.0000,39.1168,10.5467,1171.9155,589.4980,90.8000,8.1783,586.4838,35.0490
2031-08-21,29.8915,0.0000,31.8725,8.8195,1180.2999,593.8569,92.2664,9.2309,590.8028,37.9457
2031-08-22,35.0195,0.0045,33.6266,9.0221,1189.6075,598.8062,92.9208,10.2246,595.7043,40.5474
2031-08-23,34.8511,0.0000,43.1528,9.9182,1198.8847,603.0253,92.7094,10.3842,599.8976,40.9545
2031-08-24,38.4323,0.0000,28.7601,8.4121,1208.8065,608.8394,94.4646,12.2890,605.6433,45.6120
2031-08-25,38.2839,0.0000,27.0415,7.5141,1218.7016,614.7714,94.8579,12.3982,611.5024,45.8686
2031-08-26,34.3280,0.0000,38.5849,10.2508,1227.8846,619.2633,93.5991,11.9587,615.9581,44.8292
2031-08-27,28.6916,0.0000,50.0388,11.7152,1236.0531,622.3361,90.8152,8.6931,619.0278,36.4852
2031-08-28,28.2239,0.0019,50.8286,10.2341,1244.1374,625.3128,90.2731,7.4667,622.0036,32.9968
2031-08-29,29.1181,0.0001,46.8284,7.9721,1252.3826,628.6299,90.3226,6.7096,625.3107,30.7168
2031-08-30,30.2836,0.0000,41.6499,8.4159,1260.8377,632.4104,90.5788,7.1174,629.0690,31.9579
2031-08-31,29.7589,0.0135,43.3266,7.7217,1269.1983,636.0209,90.6284,6.9215,632.6616,31.3657
2031-09-01,32.2778,0.0039,30.9638,8.2512,1276.7123,640.1233,92.8221,9.6998,636.7204,39.1883
2031-09-02,25.5944,1.5316,52.9742,15.2910,1283.0233,204.1947,84.5278,4.2691,292.1495,22.3915
2031-09-03,23.8602,0.1972,63.0358,9.7821,1289.0221,205.8373,85.4822,3.6876,294.2189,20.1641
2031-09-04,29.3732,0.0372,51.4916,4.5403,1296.0133,208.4691,88.0943,4.1001,297.3594,21.7659
2031-09-05,32.2999,0.0000,35.8334,4.5407,1303.5313,212.2847,91.5990,6.7701,301.7263,30.8158
2031-09-06,33.0143,0.0000,33.6848,4.9080,1311.1778,216.3124,92.5071,7.8410,306.2962,34.0014
2031-09-07,33.4988,0.0000,32.3938,4.3473,1318.9116,220.4768,92.9080,8.0642,310.9875,34.6479
2031-09-08,33.9084,0.0000,26.1775,6.9791,1326.7191,225.0780,94.2016,11.0252,316.0930,42.4798
2031-09-09,33.0538,0.0000,28.7251,10.5343,1334.3728,229.4119,94.2523,13.2811,320.8980,47.8256
2031-09-10,31.5894,0.0000,32.7512,13.5845,1341.7629,233.3257,94.0836,15.1305,325.2522,51.9057
2031-09-11,29.6849,0.0000,37.8787,13.9098,1348.8102,236.7305,92.9439,13.1224,329.0719,47.4785
2031-09-12,30.0687,0.0053,38.3683,10.5534,1355.9266,240.1505,92.7634,10.8036,332.8999,41.9559
2031-09-13,29.7528,7.5741,49.8179,10.0631,1143.2185,86.6459,75.6700,1.3222,145.6873,8.0167
2031-09-14,25.2068,16.5206,65.5697,11.4901,859.0025,42.2791,58.6709,0.6688,75.2936,2.4532
2031-09-15,23.3853,25.1683,76.6465,11.5812,623.8820,16.9749,44.8783,0.1447,31.7876,0.1776
2031-09-16,23.2946,41.1788,78.3034,7.9521,401.2819,7.3591,36.6525,0.0262,14.0730,0.0192
2031-09-17,23.8476,21.2619,77.8186,9.2399,327.8073,3.9286,39.3284,0.0486,7.6286,0.0255
2031-09-18,23.5384,9.1179,76.9611,9.4511,306.5591,2.4518,44.2241,0.1172,4.8075,0.0496
2031-09-19,23.6194,0.9109,66.9640,5.9966,312.5146,3.9057,67.4050,0.7786,7.5747,0.4065
2031-09-20,27.9378,0.0001,52.8728,5.4416,319.2474,6.3421,83.6497,2.3110,12.0840,2.5294
2031-09-21,23.2616,78.7252,78.0165,10.4254,112.7872,3.2415,43.5607,0.1105,6.0485,0.0518
2031-09-22,22.9291,0.2935,66.9160,5.7950,118.6184,4.6569,68.5697,0.8005,8.4813,0.4426
2031-09-23,23.3263,6.8038,73.1543,6.3696,113.0951,3.1411,52.5908,0.3036,5.8743,0.1403
2031-09-24,25.3601,3.2950,67.8981,8.3416,115.5563,2.9650,63.1941,0.7423,5.5725,0.3350
2031-09-25,27.2315,0.0012,57.9191,10.4891,122.1620,5.0876,82.2966,2.5076,9.2156,2.3009
2031-09-26,25.7489,5.6424,66.4342,12.4401,119.4844,3.9529,67.2524,1.0718,7.3018,0.5495
2031-09-27,23.6764,9.8127,77.2253,11.4979,107.6105,2.4385,50.7788,0.3214,4.6155,0.1336
2031-09-28,24.7199,0.0025,64.0738,7.9643,113.7641,4.0899,74.9183,1.1391,7.5053,0.5920
2031-09-29,24.8062,4.3956,68.2759,5.8444,113.7591,3.3483,62.4901,0.6325,6.2376,0.3006
2031-09-30,23.7736,1.8261,75.2521,11.9663,119.7424,3.5467,68.8293,1.1015,6.6044,0.5379
2031-10-01,21.4719,2.6572,69.4645,17.3220,124.3113,3.0204,69.3835,1.4684,5.6948,0.6692
2031-10-02,21.0898,0.0009,51.8080,7.2789,128.8115,4.6407,82.2395,2.1181,8.5145,1.6231
2031-10-03,23.2701,0.0007,48.0715,6.0526,133.7041,6.5582,86.8586,3.7089,11.6836,4.3542
2031-10-04,24.6847,0.0000,43.4488,4.6567,138.8513,8.7675,88.8096,4.5700,15.1444,6.2443
2031-10-05,26.3691,0.0000,47.4643,8.8781,144.3018,10.9541,88.8858,5.7154,18.4138,8.5202
2031-10-06,26.6656,0.0000,41.5195,7.5739,149.8056,13.4144,89.8444,6.1411,21.9215,9.9504
2031-10-07,27.6604,0.0000,37.5238,7.0303,155.4884,16.1370,90.7869,6.8374,25.6254,11.8100
2031-10-08,28.3351,0.0000,45.7833,8.0823,161.2928,18.5551,90.8365,7.2609,28.8212,13.1802
2031-10-09,27.7796,0.0694,53.4820,8.4223,166.9971,20.5906,89.8290,6.3952,31.4782,12.4934
2031-10-10,27.8495,0.0000,47.4078,6.4774,172.7140,22.8976,89.8783,5.8393,34.3953,12.1917
2031-10-11,28.3810,0.0000,46.8283,7.7733,178.5266,25.2727,89.9276,6.2775,37.3330,13.4982
2031-10-12,28.1115,0.0000,46.2679,7.5835,184.2907,27.6510,89.9770,6.2619,40.2167,14.0251
2031-10-13,28.9832,0.0000,38.2700,7.1150,190.2116,30.4648,90.8891,6.9675,43.5085,15.8773
2031-10-14,29.4249,0.0000,36.3724,8.1557,196.2121,33.4076,91.3992,7.8957,46.8663,18.1296
2031-10-15,27.9050,0.0000,37.5401,8.9771,201.9390,36.1526,91.4490,8.2878,49.9495,19.4193
2031-10-16,26.4692,0.0000,48.7160,8.5588,207.4075,38.2949,90.4665,7.0546,52.4017,17.6907
2031-10-17,25.2358,1.5208,61.1204,8.5027,212.6539,38.8474,81.5362,2.0701,53.3362,6.5061
2031-10-18,21.9534,6.1286,79.0347,9.7260,204.7243,24.0743,53.6322,0.4000,37.2096,0.5470
2031-10-19,22.2366,4.4263,78.9297,10.5539,201.6133,16.7053,51.8904,0.3476,27.6773,0.3889
2031-10-20,25.7575,0.0000,57.9106,9.4588,206.9536,18.4181,78.2301,1.5473,30.1321,3.1451
2031-10-21,25.8166,0.0000,42.5858,8.3133,212.3046,20.7597,87.6658,4.6636,33.3634,9.9731
2031-10-22,25.7529,0.0000,38.4683,6.2346,217.6441,23.2632,89.9590,5.8353,36.7155,12.6282
2031-10-23,26.5096,0.0001,33.7581,6.1585,223.1199,26.0344,91.2469,6.9868,40.3100,15.2774
2031-10-24,27.1285,0.0000,36.1138,5.4260,228.7070,28.7669,91.2967,6.7815,43.7702,15.6046
2031-10-25,25.7667,0.0000,49.6693,6.4087,234.0490,30.8158,90.2367,6.1256,46.3689,14.8944
2031-10-26,23.5197,0.0000,56.1370,8.7496,238.9866,32.4521,88.8130,5.6195,48.4549,14.2765
2031-10-27,22.2395,0.5313,58.9677,5.3041,243.6937,33.9031,87.8366,4.1066,50.3087,11.3743
2031-10-28,23.5308,0.0211,61.3778,7.6276,248.6332,35.3445,87.6300,4.4821,52.1541,12.4583
2031-10-29,18.7197,2.5645,61.9501,14.3038,252.7068,30.4265,73.5028,1.4625,46.7738,4.1793
2031-10-30,16.8674,0.0001,48.2734,8.7999,256.4469,31.8347,83.0119,2.5196,48.5898,7.3329
2031-10-31,16.6200,0.5173,53.1421,5.5172,260.1425,33.0928,85.0459,2.8003,50.2157,8.2266
2031-11-01,17.9124,0.7964,66.2067,7.2029,263.0707,33.9446,81.9869,2.0460,51.3309,6.2707
2031-11-02,19.4041,1.5828,69.9651,12.2018,266.2675,33.4936,75.5060,1.4582,50.9613,4.4478
2031-11-03,18.1908,6.3735,73.1872,16.7361,254.1369,20.0036,56.0872,0.7136,33.4290,0.9066
2031-11-04,17.5594,1.6902,65.5041,12.7140,257.0016,19.5374,67.3398,1.0899,32.8345,2.1127
2031-11-05,17.1822,0.0008,65.1650,5.9351,259.7984,20.3817,77.3301,1.2038,34.0795,2.5325
2031-11-06,18.8700,0.1633,71.2640,4.9989,262.8990,21.1426,80.8849,1.6099,35.2067,3.7321
2031-11-07,22.1144,0.0002,64.3399,3.8885,266.5836,22.2401,83.7487,2.1651,36.8041,5.2792
2031-11-08,23.4598,0.0000,55.1076,6.9210,270.5104,23.7019,86.2729,3.5664,38.8859,8.6824
2031-11-09,28.0719,0.0054,45.4598,8.8266,275.2673,25.8113,89.0617,5.8464,41.8193,13.5805
2031-11-10,23.8655,0.0034,63.9842,6.5478,279.2671,27.0034,87.5272,4.1829,43.4930,10.6128
2031-11-11,22.5237,0.3150,68.0117,5.8441,283.0254,28.0052,86.4942,3.4853,44.9027,9.2813
2031-11-12,18.9320,1.9116,68.0962,13.2949,286.1371,26.2400,75.0513,1.5010,42.6923,4.0079
2031-11-13,15.8307,5.4008,73.7671,13.6984,275.9630,16.7675,54.0370,0.5084,29.1127,0.5884
2031-11-14,16.1540,0.0044,62.4070,5.0277,278.5748,17.6274,70.8218,0.8278,30.4395,0.9871
2031-11-15,19.5580,0.0000,57.5433,6.5136,281.7992,18.7902,81.0250,1.7653,32.2109,3.8666
2031-11-16,22.5945,0.0109,56.7174,5.9069,285.5702,20.1499,85.1104,2.8813,34.2569,6.6300
2031-11-17,27.9641,0.2450,41.1638,6.9566,290.3077,22.4171,89.5142,5.6777,37.5796,12.5151
2031-11-18,30.1837,0.0024,23.6073,6.4771,295.4448,25.5855,93.7301,10.0696,42.0642,20.4794
2031-11-19,28.4971,0.0004,27.9312,8.2602,300.2783,28.4135,93.7807,11.0939,45.9557,22.9444
2031-11-20,28.7762,0.0000,19.5095,9.9826,305.1620,31.6017,94.8131,13.9543,50.2056,28.1097
2031-11-21,27.5958,0.0000,27.5554,4.7754,309.8332,34.3579,94.5227,10.3135,53.8006,23.5899
2031-11-22,24.5175,0.0043,33.0994,5.0126,313.9504,36.6301,93.3073,8.8183,56.7166,21.6870
2031-11-23,22.3990,0.0258,51.0587,7.2458,317.6862,38.1548,90.0996,6.2653,58.6882,17.2095
2031-11-24,23.3549,0.0068,45.2035,7.9349,321.5941,39.9314,90.1490,6.5327,60.9446,18.1146
2031-11-25,24.2669,0.2384,40.6923,9.0304,325.6661,41.9260,90.1984,6.9525,63.4355,19.3704
2031-11-26,17.0042,35.5755,84.5182,13.7064,219.2293,14.9277,35.6497,0.0281,25.5124,0.0298
2031-11-27,17.8680,9.8045,82.0787,10.6860,199.4207,7.7767,33.3740,0.0142,14.1718,0.0104
2031-11-28,18.4166,1.4472,76.7043,7.0406,202.4397,8.3795,51.0482,0.2649,15.1873,0.2028
2031-11-29,17.9136,8.8812,87.7812,14.1266,185.9251,4.2404,33.5882,0.0177,8.0233,0.0095
2031-11-30,18.6861,0.4763,76.4965,9.0569,188.9926,4.8569,57.4353,0.5403,9.1275,0.3104
2031-12-01,19.5210,8.6750,89.6362,19.9327,173.9111,2.2204,36.3314,0.0447,4.3035,0.0181
2031-12-02,18.6091,13.6058,87.1415,25.1390,147.5946,0.7313,33.6429,0.0313,1.4447,0.0089
2031-12-03,16.5337,8.0983,74.8570,18.2310,135.0477,0.5038,43.0480,0.1504,0.9984,0.0395
2031-12-04,14.6784,0.0064,71.3927,4.2991,137.3938,1.0168,60.4155,0.5216,1.9966,0.1614
2031-12-05,15.5481,0.0045,68.5060,6.4296,139.8965,1.6126,72.8369,0.9561,3.1349,0.3421
2031-12-06,16.1999,5.1019,72.6484,13.3813,134.3218,0.7818,55.0215,0.5488,1.5412,0.1585
2031-12-07,13.6915,0.0095,72.9169,4.3441,136.4903,1.2370,67.1026,0.7092,2.4193,0.2326
2031-12-08,14.4423,0.0270,76.5405,12.8534,138.7939,1.6514,75.0825,1.4706,3.2074,0.5305
2031-12-09,15.2319,58.3334,88.8593,31.8987,27.6912,0.2961,32.0504,0.0296,0.5769,0.0071
2031-12-10,14.0170,16.5030,81.5049,22.8478,4.5245,0.3177,33.1880,0.0250,0.5406,0.0059
2031-12-11,15.2485,1.3644,71.7351,11.1707,6.9733,0.8428,53.9609,0.4443,1.2945,0.1231
2031-12-12,15.4090,31.1986,87.2305,23.7838,2.4776,0.2396,30.1879,0.0120,0.3859,0.0028
2031-12-13,13.7267,19.7193,80.6431,20.2490,2.1748,0.3261,31.6672,0.0149,0.4744,0.0035
2031-12-14,13.4829,0.0171,68.1594,6.5031,4.3057,0.8538,54.6383,0.3746,1.1417,0.1010
2031-12-15,14.3413,0.0008,71.3079,4.8980,6.5912,1.3573,67.8532,0.7477,1.7920,0.2246
2031-12-16,15.8941,0.7704,74.5270,10.6404,9.1561,1.8492,73.7725,1.2308,2.4576,0.4056
2031-12-17,15.3838,16.7669,92.5375,15.7113,2.4731,0.3706,26.0715,0.0024,0.5392,0.0006
2031-12-18,16.9410,21.8062,86.2869,23.4466,2.7534,0.2811,29.1904,0.0090,0.4479,0.0021
2031-12-19,13.0009,0.0615,66.6379,7.8424,4.7975,0.8157,53.9721,0.3761,1.1448,0.1015
2031-12-20,13.4685,0.0035,62.7323,8.1708,6.9259,1.4327,70.5551,0.9614,1.8887,0.2929
2031-12-21,16.2868,0.0078,68.2055,12.7788,9.5615,2.0609,78.8667,1.9364,2.6785,0.6563
2031-12-22,16.3263,0.0582,74.7208,14.8426,12.2042,2.5616,81.0750,2.7012,3.3600,0.9910
2031-12-23,12.8833,19.5426,88.3284,13.6394,2.0230,0.7775,29.7422,0.0064,0.7930,0.0016
2031-12-24,14.7575,4.6829,78.5383,11.1735,2.3603,0.3867,37.6479,0.0381,0.5487,0.0091
2031-12-25,16.2200,6.8700,84.9300,14.7276,2.6236,0.2966,34.4817,0.0226,0.4625,0.0053
2031-12-26,14.3468,48.3084,90.6345,22.0086,2.2864,0.1644,19.6842,0.0004,0.2787,0.0001
2031-12-27,14.3832,13.7743,78.7621,9.7678,2.2930,0.3737,27.8258,0.0030,0.5310,0.0007
2031-12-28,13.3507,13.5361,87.5866,13.1677,2.1071,0.2038,22.1536,0.0006,0.3283,0.0001
2031-12-29,15.7721,7.7998,80.9795,14.4958,2.5430,0.3647,33.0295,0.0158,0.5369,0.0037
2031-12-30,13.9615,11.6494,86.2467,12.6442,2.2171,0.2354,25.5571,0.0017,0.3720,0.0004
2031-12-31,15.7443,60.7880,91.0120,23.6936,2.5380,0.1720,19.4903,0.0004,0.2942,0.0001
2032-01-01,12.8044,4.5661,68.3802,15.7136,2.0088,0.5413,41.3021,0.0976,0.6468,0.0238
2032-01-02,9.8220,0.0000,47.4652,8.3448,3.4808,1.2476,65.0894,0.8059,1.3160,0.2242
2032-01-03,11.4903,1.0005,52.3374,9.2042,5.2530,1.9864,73.6271,1.1374,2.0422,0.3543
2032-01-04,14.0457,0.0447,63.5556,5.4684,7.4852,2.6659,79.5162,1.4260,2.8205,0.4918
2032-01-05,15.8820,0.6539,69.5633,6.9076,10.0480,3.3023,80.2811,1.6591,3.6256,0.6262
2032-01-06,15.7782,5.2527,85.6078,8.8129,6.4033,1.5742,45.3428,0.1352,1.9500,0.0416
2032-01-07,16.4681,2.2608,86.5380,8.8255,9.0716,0.8888,45.6746,0.1422,1.4279,0.0403
2032-01-08,20.4159,1.2660,74.1844,9.1167,12.4505,1.5726,62.4706,0.7451,2.3904,0.2434
2032-01-09,21.8082,0.2334,55.4640,8.2613,16.0799,2.8287,79.8011,1.6893,3.9293,0.6578
2032-01-10,18.0482,1.8604,64.7448,5.9887,19.0326,2.7694,71.9578,0.9040,4.0614,0.3566
2032-01-11,17.4516,1.2554,66.1610,6.5317,21.8779,3.5423,73.3476,0.9818,5.0432,0.4239
2032-01-12,13.9196,0.2536,78.8357,6.6399,24.0874,3.9336,76.9726,1.2143,5.5865,0.5486
2032-01-13,15.3629,0.4377,81.4659,4.9484,26.5568,4.3093,78.5950,1.2731,6.1313,0.6002
2032-01-14,16.2753,0.0001,72.7893,7.5104,29.1903,4.8913,80.9859,1.8480,6.8944,0.9212
2032-01-15,17.2177,0.0000,71.1702,4.8493,31.9935,5.5415,82.2658,1.8801,7.7340,0.9919
2032-01-16,16.7168,0.0000,75.1180,5.2672,34.7065,6.0872,82.3405,1.9379,8.4634,1.3210
2032-01-17,15.0667,0.0000,75.2591,15.6024,37.1225,6.5796,82.3873,3.2811,9.1187,3.2532
2032-01-18,16.2655,0.0000,68.5865,19.8341,39.7543,7.2512,83.2335,4.5205,9.9605,4.8846
2032-01-19,14.9503,0.0006,73.0877,20.2637,42.1494,7.7830,83.2807,4.6477,10.6497,5.2131
2032-01-20,15.9752,0.1618,68.8954,11.5858,44.7289,8.4369,83.4246,3.0581,11.4666,3.4696
2032-01-21,17.2733,0.0166,64.4907,4.9041,47.5421,9.2401,84.0780,2.3808,12.4371,2.6918
2032-01-22,18.5745,0.0049,62.2556,6.3945,50.5895,10.1543,84.7428,2.8077,13.5228,3.5056
2032-01-23,17.1136,0.4763,67.6842,6.9200,53.3740,10.8789,84.7904,2.9019,14.4133,3.8000
2032-01-24,16.8200,0.3709,62.1425,11.3615,56.1056,11.7141,84.8380,3.6535,15.3933,5.0639
2032-01-25,16.4958,0.0282,64.2846,10.2522,58.7788,12.4877,84.8857,3.4775,16.3118,4.9902
2032-01-26,14.9400,0.0000,75.0357,9.7293,61.1720,12.9807,83.9701,2.9926,16.9627,4.3752
2032-01-27,15.8728,0.0000,71.0009,5.6322,63.7331,13.5867,84.0174,2.4498,17.7261,3.6128
2032-01-28,16.5178,0.0009,72.1010,7.5367,66.4103,14.1918,84.0648,2.7137,18.5000,4.1713
2032-01-29,17.0205,0.0093,69.9911,11.0678,69.1780,14.8612,84.1122,3.2628,19.3371,5.2024
2032-01-30,16.5387,1.0665,77.3463,6.3194,71.8590,15.3531,76.7848,1.1787,20.0153,1.3164
2032-01-31,15.8830,0.7578,75.6316,5.8364,74.4219,15.8626,76.8637,1.1569,20.6967,1.3252
2032-02-01,15.3550,0.0198,67.1463,5.5000,76.8898,16.6305,80.7296,1.6227,21.5879,2.5199
2032-02-02,13.6909,6.5167,70.2197,8.4627,69.3039,9.9230,49.9863,0.2509,14.6146,0.1877
2032-02-03,12.9389,17.4028,81.0055,10.6894,41.6284,4.6039,29.9060,0.0058,7.2134,0.0029
2032-02-04,13.3685,1.9534,70.9064,13.8156,43.7387,4.0294,49.8733,0.3241,6.5502,0.1576
2032-02-05,13.4352,0.0002,65.7405,6.1971,45.8610,4.7367,66.7798,0.7700,7.5293,0.4008
2032-02-06,14.9792,0.0001,64.0601,4.9155,48.2613,5.5576,76.3313,1.0642,8.6306,0.5938
2032-02-07,17.8912,0.0008,62.7730,9.6099,51.1857,6.5619,82.0277,2.3213,9.9385,2.1786
2032-02-08,19.2976,0.0005,63.4753,7.3653,54.3633,7.6202,84.0067,2.6696,11.2856,2.9084
2032-02-09,19.0340,0.0017,67.9959,6.9836,57.4934,8.5355,84.0982,2.6509,12.4501,3.0905
2032-02-10,18.7958,0.0030,63.6583,4.6208,60.5806,9.5626,84.5930,2.5158,13.7135,3.1040
2032-02-11,21.7442,0.0005,45.0312,6.1968,64.1986,11.3463,87.6096,4.1582,15.7386,5.8319
2032-02-12,21.3190,0.0024,42.6658,7.5424,67.7400,13.1722,88.6291,5.1501,17.7269,7.6120
2032-02-13,20.6435,2.5184,50.9340,11.1559,71.1598,11.7340,77.0529,1.5336,16.6175,1.7961
2032-02-14,16.3850,1.9718,74.5006,5.1741,73.8131,10.6158,66.0259,0.7119,15.6167,0.5541
2032-02-15,16.0626,0.0136,65.4298,3.5247,76.4084,11.4586,75.6188,0.9481,16.6682,0.7677
2032-02-16,20.0874,0.0022,60.3021,8.6787,79.7281,12.6534,82.6092,2.3797,18.1181,3.5486
2032-02-17,19.8891,0.0586,70.1279,10.2866,83.0122,13.5441,83.4608,2.8779,19.2402,4.5589
2032-02-18,19.0445,0.4885,72.2021,11.7497,86.1442,14.3395,83.5080,3.1173,20.2514,5.1165
2032-02-19,19.8769,0.9363,70.3162,7.0653,89.4260,15.2240,79.9965,1.6229,21.3580,2.4965
2032-02-20,19.8530,0.3124,71.1497,4.9437,92.7036,16.0827,82.1836,1.8701,22.4350,3.1272
2032-02-21,18.6389,1.9667,74.9824,5.5149,95.7626,14.7579,68.8764,0.7970,21.3068,0.7521
2032-02-22,14.9766,26.8192,85.8364,17.4278,48.8373,6.2840,32.0752,0.0144,9.5091,0.0084
2032-02-23,14.8459,9.5003,77.9580,16.8022,36.7646,3.2269,36.8846,0.0431,5.2925,0.0190
2032-02-24,13.3447,4.3988,75.8255,9.9091,33.7652,1.8125,40.4152,0.0619,3.1962,0.0223
2032-02-25,13.3498,0.0000,58.7252,8.1994,35.8722,2.6598,64.1536,0.7696,4.4877,0.3162
2032-02-26,13.5543,0.0000,47.4965,11.3477,38.0159,3.7527,79.0027,1.8247,6.0198,0.8530
2032-02-27,14.5956,0.0071,44.8885,14.4614,40.3472,4.9814,85.0720,4.4106,7.6130,4.1050
2032-02-28,16.0406,0.0168,56.6272,6.5537,42.9385,6.0375,85.4457,3.1182,8.9344,3.0162
2032-03-01,20.3026,0.0038,51.4390,9.3455,46.2969,7.8091,86.7704,4.3238,10.9857,4.9304
2032-03-02,19.8237,1.7358,66.2047,10.8532,49.5692,8.0109,76.6050,1.4625,11.4113,0.9487
2032-03-03,18.2277,0.8221,66.4867,16.0787,52.5542,9.1150,79.8972,2.5297,12.7163,2.9596
2032-03-04,17.6433,6.0922,73.8934,10.3530,47.0227,5.6248,53.3177,0.4001,8.6598,0.2236
2032-03-05,17.8360,0.0097,65.4768,4.6639,49.9372,6.7391,70.3005,0.7990,10.0781,0.4840
2032-03-06,20.5652,0.0000,59.0237,9.7091,53.3429,8.2524,81.3965,2.1641,11.9017,2.2765
2032-03-07,20.4084,0.0010,59.3919,10.8602,56.7204,9.7412,84.6669,3.4801,13.6303,4.4699
2032-03-08,21.8929,0.0001,51.9336,10.8845,60.3651,11.6251,86.7830,4.6809,15.6942,6.5167
2032-03-09,22.3413,0.0021,51.0025,7.1462,64.0906,13.5830,87.4185,4.2445,17.7574,6.3798
2032-03-10,22.8719,0.0002,55.8524,4.9625,67.9115,15.3869,87.4670,3.8287,19.6458,6.1417
2032-03-11,20.5420,0.0001,61.3014,6.7814,71.3131,16.8146,87.1907,4.0339,21.1575,6.7409
2032-03-12,20.4574,0.0006,60.4173,6.1862,74.6994,18.2691,87.2339,3.9389,22.6745,6.8700
2032-03-13,19.3265,0.8471,65.0095,10.6737,77.8822,19.4874,82.9095,2.7331,23.9765,4.9973
2032-03-14,18.5411,1.6369,63.6401,8.0389,80.9236,19.6057,75.6438,1.1921,24.4203,1.7676
2032-03-15,20.6240,0.0000,51.7432,4.9154,84.3399,21.3927,83.6889,2.2622,26.1825,4.3576
2032-03-16,23.8620,0.0000,41.9240,10.9544,88.3391,23.8638,88.4715,5.9795,28.4882,11.2137
2032-03-17,24.3358,0.0000,40.2352,6.1695,92.4235,26.4551,89.6023,5.5263,30.8408,10.9820
2032-03-18,24.6467,0.0007,40.7151,6.0967,96.5639,29.0570,89.7928,5.6586,33.1649,11.6524
2032-03-19,25.0829,0.0000,33.8460,5.3802,100.7828,32.0095,90.9714,6.4597,35.6847,13.4717
2032-03-20,25.6039,0.0040,34.8941,5.5452,105.0955,34.9731,91.0852,6.6202,38.1816,14.2392
2032-03-21,25.5772,0.0936,36.4855,5.0449,109.4034,37.8614,91.1350,6.5012,40.5981,14.5116
2032-03-22,24.1934,0.4905,44.0479,5.0818,113.4622,40.2738,90.8062,6.2151,42.6768,14.3993
2032-03-23,23.0044,0.0045,49.2742,11.0017,117.3070,42.3580,89.8173,7.2706,44.5237,16.5969
2032-03-24,20.6369,0.0000,46.5933,14.4998,120.7257,44.3369,89.6774,8.4998,46.2292,19.0028
2032-03-25,20.0702,0.0000,50.4554,14.8174,124.0423,46.1248,89.0439,7.8865,47.8072,18.3031
2032-03-26,21.1898,0.0001,51.3887,12.6932,127.5605,47.9718,88.9328,6.9738,49.4509,17.0079
2032-03-27,22.7205,0.0127,50.4335,9.5422,131.3542,49.9844,88.9818,5.9920,51.2311,15.4608
2032-03-28,24.0838,0.0000,40.7262,10.6060,135.3933,52.5289,89.6133,6.9216,53.3307,17.6064
2032-03-29,23.8323,0.0000,36.0294,12.3509,139.3871,55.2476,90.4390,8.5065,55.5001,20.8996
2032-03-30,23.2965,0.0000,39.7843,13.6890,143.2845,57.7518,90.4885,9.1644,57.7464,22.4966
2032-03-31,23.4658,0.0000,37.3329,11.1035,147.2123,60.3760,90.5380,8.1021,60.3578,21.0792
2032-04-01,21.9215,0.0001,43.8622,7.5635,152.1122,63.5091,90.3909,6.6374,63.4770,18.7310
2032-04-02,21.0163,0.4346,51.3611,6.9071,156.8491,66.1170,89.2573,5.4585,66.0767,16.5572
2032-04-03,19.8267,1.4847,59.1207,10.8569,161.3719,68.1909,80.3186,2.0325,68.1478,7.5296
2032-04-04,23.5642,0.2957,43.4767,22.8736,166.5675,71.5707,87.9628,10.1349,71.5124,26.9109
2032-04-05,21.7478,0.3049,46.2118,16.3597,171.4361,74.5500,88.2866,7.6459,74.4799,22.5694
2032-04-06,21.0146,1.9870,54.4518,9.0467,176.1727,68.8228,78.3516,1.5316,69.6362,5.8724
2032-04-07,20.2573,1.8484,61.2990,7.5124,180.7730,64.9772,74.2885,1.0776,68.4474,4.0404
2032-04-08,20.0438,0.5205,61.0567,6.2516,185.3349,66.9734,81.5961,1.8612,70.3720,7.1021
2032-04-09,19.8823,0.8078,61.2244,7.3510,189.8677,68.9458,81.9934,2.0629,72.2773,7.9298
2032-04-10,17.8135,6.6001,73.2318,10.1337,180.9292,42.0351,53.1537,0.3891,53.1813,0.6843
2032-04-11,18.2579,2.7495,62.7010,13.7695,185.1696,35.9579,63.6408,0.9962,48.4127,2.7285
2032-04-12,17.4583,1.1228,59.1945,11.7132,189.2661,37.7938,74.5280,1.3478,50.4181,4.0523
2032-04-13,20.2492,0.0034,48.0726,10.5382,193.8649,40.4814,84.5267,3.3594,53.1939,9.9610
2032-04-14,21.4767,0.0000,35.4953,8.6644,198.6847,44.0120,89.1268,5.8533,56.6510,16.0431
2032-04-15,22.0654,0.0020,36.0265,7.0833,203.6105,47.6047,90.0556,6.1752,60.0877,17.2424
2032-04-16,23.8702,0.0673,32.1076,4.7318,208.8611,51.7146,91.1150,6.3813,63.8844,18.2594
2032-04-17,23.8883,0.0012,34.5499,10.9183,214.1150,55.6796,91.1648,8.7775,67.4858,23.6398
2032-04-18,22.6133,0.0000,36.8739,9.1098,219.1394,59.3086,91.2145,8.0698,70.7483,22.8292
2032-04-19,23.4774,0.0000,41.1223,8.7477,224.3194,62.8168,91.1221,7.8204,73.8985,22.8395
2032-04-20,24.2136,0.0000,36.7294,10.0572,229.6318,66.6996,91.1718,8.4132,77.2810,24.6081
2032-04-21,23.8335,0.0098,38.6363,10.9983,234.8758,70.4088,91.2216,8.8844,80.4936,26.0858
2032-04-22,24.2478,0.0000,41.6696,5.4280,240.1945,73.9933,91.1527,6.6446,83.6016,21.6979
2032-04-23,26.7066,0.0000,39.4092,5.4306,245.9557,78.0778,91.2024,6.6927,87.0619,22.2835
2032-04-24,26.2896,0.1996,38.9878,10.9136,251.6418,82.1291,91.2522,8.8852,90.4539,27.6915
2032-04-25,23.9165,0.0069,49.7582,9.0173,256.9007,85.1762,89.9642,6.7187,93.1456,23.1419
2032-04-26,27.2939,0.0002,39.2407,4.8145,262.7676,89.3586,90.4583,5.8348,96.5951,21.3253
2032-04-27,24.1919,3.1768,51.4407,6.8724,262.9203,69.3369,75.5057,1.1148,83.5739,4.8936
2032-04-28,24.5219,3.2048,60.2608,6.9003,263.0432,55.2523,70.2281,0.8922,72.4561,3.4187
2032-04-29,26.2338,0.3533,53.3237,5.0982,268.7193,58.3454,83.5755,2.2493,75.6352,8.8066
2032-04-30,27.9434,0.2270,46.0428,6.9455,274.7031,62.1445,88.4486,4.8697,79.3895,16.8178
2032-05-01,29.9481,0.0000,37.7050,5.3080,282.4978,67.2365,90.9119,6.3819,84.3081,21.1754
2032-05-02,29.2511,0.0039,41.3717,8.7832,290.1670,71.9211,90.9616,7.6573,88.8106,24.7543
2032-05-03,29.1142,0.0000,31.6708,8.1488,297.8116,77.3563,92.1876,8.8255,93.8009,28.0667
2032-05-04,29.2864,0.0002,23.9179,6.3848,305.4871,83.4426,93.8055,10.1284,99.1673,31.6451
2032-05-05,31.2821,0.0000,26.1910,6.0894,313.5219,89.7349,93.8561,10.0491,104.6142,32.2660
2032-05-06,32.7186,0.0000,23.8104,6.0975,321.8153,96.5183,94.5477,11.0620,110.3195,35.2035
2032-05-07,29.4386,0.0000,32.3196,9.4308,329.5182,101.9597,93.9222,12.0015,114.9780,37.7834
2032-05-08,26.1001,0.0000,44.0715,12.4837,336.6202,105.9647,91.4991,9.9601,118.5967,33.8434
2032-05-09,26.1603,0.0001,44.4922,9.2613,343.7331,109.9483,91.0504,7.9439,122.1876,29.4269
2032-05-10,25.8972,0.0003,42.5191,11.1828,350.7986,114.0337,91.1001,8.8137,125.8183,31.9191
2032-05-11,27.7468,0.0000,27.1217,8.5598,358.1970,119.5684,92.8253,9.8562,130.3542,34.8285
2032-05-12,29.2722,0.0000,30.0452,11.0353,365.8700,125.1619,92.8756,11.2447,134.9284,38.4206
2032-05-13,31.2583,0.0000,22.0403,6.9798,373.9005,131.8032,94.5847,11.6241,140.1214,39.7326
2032-05-14,32.6729,0.0000,21.8832,7.3629,382.1856,138.7488,94.9920,12.5323,145.4694,42.1727
2032-05-15,32.6820,0.0000,21.6050,5.9055,390.4724,145.7209,95.0815,11.7885,150.7735,40.9480
2032-05-16,30.0177,0.0000,35.1399,9.5137,398.2796,151.0344,93.6395,11.5877,155.0627,40.7924
2032-05-17,30.0176,0.0001,39.2154,9.4823,406.0867,156.0140,92.7395,10.2017,159.1596,37.7990
2032-05-18,27.2183,0.0016,44.3172,15.6029,413.3900,160.1653,91.3787,11.4578,162.7193,40.9649
2032-05-19,22.2614,0.1455,50.6143,15.6407,419.8011,163.2027,89.5984,8.9014,165.5279,34.8779
2032-05-20,23.0837,0.0139,45.4754,12.7869,426.3602,166.6741,89.6476,7.7638,168.5869,31.9747
2032-05-21,23.4253,0.0121,45.5078,9.5121,432.9807,170.1925,89.6968,6.6294,171.6793,28.8525
2032-05-22,25.9177,0.1283,38.9582,8.2050,440.0499,174.5343,90.2714,6.7393,175.2740,29.2990
2032-05-23,20.6445,4.6140,60.9826,14.0963,431.3105,90.0043,68.5859,1.2169,118.2951,6.7336
2032-05-24,19.4347,5.5896,68.7680,13.8897,418.1758,57.0517,58.3379,0.7371,85.0835,3.1332
2032-05-25,21.6867,0.8155,57.2008,11.6917,424.4834,59.6192,77.2861,1.6035,88.2510,7.2190
2032-05-26,21.6780,4.7593,61.4653,13.5352,415.8260,42.0717,66.7611,1.1137,67.1568,4.1256
2032-05-27,21.0054,0.5012,61.2756,10.8315,422.0110,44.3254,80.1394,1.9916,70.2137,7.5402
2032-05-28,21.9613,0.8500,56.2611,7.9942,428.3680,46.9809,82.8111,2.3583,73.7426,9.0260
2032-05-29,21.4359,2.8840,57.4184,9.1851,428.2273,40.1909,72.5715,1.0870,65.1057,3.9175
2032-05-30,23.0546,0.1268,48.3886,6.6282,434.7811,43.4729,84.3418,2.6905,69.5583,9.7339
2032-05-31,22.4951,2.8563,50.5030,10.6465,434.8601,38.0190,76.1988,1.4081,62.3993,4.9906
2032-06-01,22.0392,0.1655,50.8076,12.2299,442.2311,41.0156,85.1220,3.9688,66.5910,13.0145
2032-06-02,23.6916,1.1479,55.5680,12.3849,449.8996,43.9156,83.5146,3.2214,70.6022,11.3984
2032-06-03,22.4852,0.3270,59.3847,10.4030,457.3509,46.4375,85.5489,3.8403,74.0725,13.4852
2032-06-04,22.7154,0.3416,56.0240,10.3392,464.8437,49.1947,86.5285,4.3926,77.8042,15.3840
2032-06-05,26.5946,0.0072,44.1024,9.7540,473.0347,53.2702,89.0778,6.1403,83.1351,20.4410
2032-06-06,28.8223,0.0000,30.9226,6.1791,481.6267,58.7118,92.0130,7.7968,89.9965,25.2386
2032-06-07,31.6386,0.0000,22.3126,4.2806,490.7257,65.4077,94.4714,9.9886,98.1199,31.1946
2032-06-08,31.6620,0.0031,23.5527,10.1733,499.8289,72.0013,94.5222,13.5364,105.8742,39.4623
2032-06-09,25.6048,0.0775,43.6573,15.3090,507.8417,75.9625,91.5595,11.5830,110.5755,36.3214
2032-06-10,24.7650,0.0168,41.2497,12.1092,515.7034,79.9630,91.3412,9.5571,115.2503,32.5438
2032-06-11,28.3563,0.0145,30.5075,5.4241,524.2115,85.3521,92.3026,7.8191,121.3206,29.0300
2032-06-12,32.0111,0.0000,21.5885,4.9889,533.3775,92.1872,94.7245,10.7186,128.7449,36.6426
2032-06-13,33.4609,0.0000,21.2409,8.0965,542.8045,99.3533,95.2597,13.4893,136.3252,43.3498
2032-06-14,33.0778,0.0006,23.2318,9.4674,552.1625,106.2608,95.3108,14.5552,143.4878,46.2121
2032-06-15,33.3259,0.0639,30.9400,9.6595,561.5652,112.5198,94.8082,13.7197,149.9344,45.0567
2032-06-16,33.7044,0.0000,25.1674,10.1425,571.0360,119.3766,94.8592,14.1563,156.8030,46.4858
2032-06-17,33.8582,0.0000,23.3198,8.4810,580.5344,126.4337,94.9101,13.1107,163.7243,44.7182
2032-06-18,32.3204,0.0014,32.6845,10.9967,589.7561,132.3564,94.3068,13.6968,169.5720,46.3161
2032-06-19,28.4284,0.0012,38.9854,14.8771,598.2772,137.0996,92.6214,13.1681,174.3279,45.4160
2032-06-20,24.7625,0.0001,35.5781,16.6687,606.1385,141.4859,92.3876,13.9456,178.6941,47.3050
2032-06-21,22.8281,0.0079,39.3640,14.5594,613.6515,145.3056,91.5291,11.1056,182.5481,41.0592
2032-06-22,24.2690,0.0024,38.5735,10.3602,621.4240,149.4082,91.5790,9.0515,186.6352,36.0733
2032-06-23,27.7854,0.0000,34.9723,8.0263,629.8293,154.3532,91.6289,8.1044,191.4246,33.6642
2032-06-24,29.3495,0.0000,30.0739,10.3705,638.5163,159.9587,92.6039,10.4672,196.7160,39.9602
2032-06-25,27.7802,0.0000,33.4022,11.2494,646.9207,165.0223,92.6541,11.0187,201.5266,41.4322
2032-06-26,30.1118,0.0000,29.2739,8.4370,655.7448,170.8338,92.9720,9.9990,206.9087,39.0308
2032-06-27,31.5302,0.0015,30.9796,6.3122,664.8242,176.7630,93.0223,9.0473,212.3664,36.6675
2032-06-28,33.0488,0.0238,34.2905,6.8017,674.1770,182.6704,93.0727,9.3389,217.8041,37.5280
2032-06-29,34.8327,0.0172,32.3461,6.5514,683.8509,189.0704,93.1826,9.3647,223.5935,37.6823
2032-06-30,33.6162,0.0047,33.3479,10.8794,693.3059,195.1621,93.2330,11.7292,229.0988,43.6591
2032-07-01,27.6923,0.0178,46.7697,14.6852,701.9945,198.7616,91.1269,10.5551,232.7629,40.8485
2032-07-02,27.2143,0.0154,45.2213,12.8029,710.5970,202.4042,91.0145,9.4475,236.4408,38.0567
2032-07-03,28.5304,0.0000,40.3181,8.5840,719.4365,206.5574,91.0642,7.6925,240.4942,33.2776
2032-07-04,31.3592,0.0000,32.7792,6.6472,728.7852,211.6818,92.3560,8.3790,245.2652,35.2566
2032-07-05,34.3058,0.0000,28.5683,5.7968,738.6642,217.6216,93.7511,9.7587,250.6385,38.9986
2032-07-06,34.0610,0.0001,31.9220,7.1690,748.4992,223.2433,93.8017,10.5312,255.7730,41.0079
2032-07-07,35.1062,0.0000,27.1471,7.7043,758.5223,229.4382,94.2744,11.5511,261.2892,43.5536
2032-07-08,36.1692,0.0000,19.5339,8.3925,768.7368,236.4813,96.0300,15.2033,267.3528,51.8415
2032-07-09,36.1413,0.0013,14.5100,8.1484,778.9462,243.9585,97.1679,17.4977,273.6532,56.6014
2032-07-10,36.1976,0.0024,18.8831,7.0425,789.1658,251.0640,97.2196,16.6638,279.6831,54.9565
2032-07-11,36.0342,0.0000,28.9403,5.8738,799.3559,257.2613,95.8726,13.1087,285.1189,47.3303
2032-07-12,36.5596,0.0000,30.4315,8.6830,809.6407,263.4143,95.4476,14.2545,290.5249,49.9139
2032-07-13,37.0791,0.0000,31.7340,7.0159,820.0189,269.5354,95.2516,12.7602,295.9106,46.5708
2032-07-14,38.2925,0.0000,30.8478,5.8574,830.6155,275.9331,95.3027,12.1209,301.4826,45.0937
2032-07-15,38.6529,0.0000,27.2042,7.8490,841.2771,282.7295,95.3538,13.4942,307.2847,48.2774
2032-07-16,38.5954,0.0000,26.8759,7.2948,851.9282,289.5466,95.4049,13.2144,313.0775,47.6581
2032-07-17,38.0683,0.0000,32.4643,7.6285,862.4845,295.7592,95.2720,13.1969,318.4849,47.6297
2032-07-18,37.0904,0.0000,29.3651,11.2943,872.8648,302.0946,95.3231,15.9855,323.9206,53.7076
2032-07-19,31.5623,0.0000,41.6578,12.8033,882.2500,306.5700,92.7324,12.0479,328.1076,44.9761
2032-07-20,33.1931,0.0006,41.7381,7.8207,891.9288,311.2624,92.6649,9.2844,332.4668,38.0375
2032-07-21,34.0144,0.0033,39.0741,7.6503,901.7554,316.2868,92.7152,9.2703,337.0375,38.0048
2032-07-22,36.7539,0.0000,26.2377,8.3072,912.0751,322.8444,94.6738,12.5814,342.5555,46.2489
2032-07-23,37.1017,0.0000,20.0506,8.8655,922.4574,330.0174,96.0986,15.7150,348.4141,53.1775
2032-07-24,36.1309,0.0000,22.3063,7.2955,932.6650,336.8109,96.1499,14.6208,354.0126,50.8451
2032-07-25,35.8339,0.0000,29.2180,7.6408,942.8191,342.9506,95.5956,13.8005,359.2281,49.0431
2032-07-26,35.6461,0.0000,32.7755,8.8626,952.9394,348.7521,94.8767,13.3041,364.2438,47.9293
2032-07-27,35.2556,0.0012,34.6166,10.7546,962.9894,354.3348,94.4060,13.7173,369.1213,48.8639
2032-07-28,30.8254,0.0055,46.3806,12.9116,972.2419,358.3551,91.7462,10.5403,373.0018,41.3286
2032-07-29,29.2299,0.0000,43.4174,13.3301,981.2073,362.3856,91.6732,10.6541,376.8342,41.6169
2032-07-30,31.6671,0.0000,27.3455,7.7122,990.6114,367.9767,93.4965,10.3734,381.5878,40.9097
2032-07-31,34.8357,0.0000,19.1363,5.2101,1000.5858,374.8014,95.8152,12.5792,387.1006,46.2747
2032-08-01,32.6866,0.0000,36.6570,10.5564,1009.4734,379.2197,93.8203,12.5236,391.1190,46.1465
2032-08-02,28.6124,0.0094,43.9221,14.6372,1017.6277,382.6595,91.7764,11.5471,394.4786,43.8261
2032-08-03,27.9221,0.0000,38.2286,10.2659,1025.6576,386.3605,91.8263,9.3301,397.9532,38.1994
2032-08-04,31.4914,0.0000,35.1143,7.5832,1034.3301,390.7263,92.0420,8.4029,401.9002,35.6706
2032-08-05,30.8378,0.0000,45.8743,11.3643,1042.8849,394.2950,91.5667,9.5047,405.4025,38.6649
2032-08-06,30.3503,0.0000,44.3577,9.0007,1051.3519,397.9077,91.6166,8.4974,408.9113,35.9355
2032-08-07,36.1545,0.0000,27.2608,3.8735,1060.8638,403.5021,94.2435,9.4829,413.6614,38.6089
2032-08-08,38.0020,0.0000,22.2797,5.2685,1070.7081,409.7760,95.7515,12.5078,418.8253,46.1169
2032-08-09,38.9290,0.0000,21.7554,7.1286,1080.7193,416.2420,96.0900,14.3814,424.1132,50.3546
2032-08-10,38.3907,0.0000,24.8372,7.2214,1090.6337,422.3698,96.1414,14.5495,429.1994,50.7228
2032-08-11,35.9017,0.0000,32.6153,8.7385,1100.1000,427.5173,95.0146,13.4734,433.6882,48.3369
2032-08-12,35.0662,0.0000,36.6464,9.5570,1109.4159,432.2475,94.0568,12.3055,437.9312,45.6457
2032-08-13,36.8800,0.0000,25.2281,8.8431,1119.0583,438.1102,94.9692,13.4607,442.8157,48.3093
2032-08-14,35.5436,0.0000,26.2262,8.2772,1128.4601,443.6911,95.0202,13.1740,447.5045,47.6590
2032-08-15,35.2159,0.0000,40.6509,7.2416,1137.8030,448.1407,93.4280,10.0341,451.6040,40.0544
2032-08-16,35.7969,0.0000,39.7086,8.2634,1147.2504,452.7332,93.4766,10.6362,455.7958,41.5885
2032-08-17,32.3856,0.0000,35.9117,10.8915,1156.0839,457.1636,93.5272,12.2280,459.7835,45.4651
2032-08-18,31.1337,0.0000,36.8941,9.8981,1164.6919,461.3630,93.2429,11.1787,463.6089,42.9380
2032-08-19,33.8399,0.0000,25.3991,5.3384,1173.7871,466.7441,94.3598,10.3745,468.1254,40.9277
2032-08-20,36.6766,0.0000,19.7532,4.7127,1183.3929,473.0024,96.0486,12.6620,473.1797,46.4821
2032-08-21,38.0436,0.0000,22.7509,5.1130,1193.2447,479.2450,96.1000,13.0100,479.2066,47.2859
2032-08-22,38.8310,0.0000,26.4649,5.0834,1203.2383,485.3069,96.1513,13.0811,485.2270,47.4491
2032-08-23,38.8321,0.0000,23.7560,5.4332,1213.2321,491.5923,96.2027,13.4064,491.4656,48.1899
2032-08-24,38.0366,0.0000,18.9804,7.4195,1223.0827,498.1384,96.5360,15.4981,497.9573,52.7659
2032-08-25,35.7904,0.0000,25.2543,9.0866,1232.5289,503.8309,96.3112,16.3539,503.6090,54.5551
2032-08-26,32.6688,0.0000,33.5930,10.5789,1241.4133,508.4604,94.4141,13.6115,508.2148,48.6531
2032-08-27,29.7668,0.0000,45.6780,12.2049,1249.7753,511.9220,91.7419,10.1654,511.6729,40.3950
2032-08-28,27.8745,0.0000,40.5449,9.8107,1257.7968,515.4784,91.7918,9.0740,515.2209,37.5230
2032-08-29,29.9403,0.0000,33.5389,5.7034,1266.1900,519.7374,92.0730,7.6771,519.4594,33.6116
2032-08-30,31.7421,0.0000,38.0158,3.9345,1274.9076,523.9400,92.1231,7.0722,523.6454,31.8215
2032-08-31,32.8600,0.0000,35.5176,8.7154,1283.8264,528.4608,92.2134,9.1142,528.1441,37.6314
2032-09-01,32.0720,0.0000,35.4467,9.2203,1291.3034,532.2732,92.2635,9.4153,531.9374,38.4371
2032-09-02,33.7106,0.0000,32.5878,5.3330,1299.0753,536.4511,92.8865,8.4494,536.0904,35.8099
2032-09-03,32.5423,0.0000,36.3325,10.0649,1306.6369,540.2644,92.9368,10.8005,539.8849,42.0031
2032-09-04,33.5020,0.0000,27.1012,7.6834,1314.3712,544.7553,93.9580,11.0447,544.3431,42.6099
2032-09-05,33.0249,0.0000,31.0389,7.0272,1322.0197,548.9450,94.0087,10.7608,548.5057,41.9039
2032-09-06,32.2637,0.1187,38.4453,7.7740,1329.5312,552.6013,93.2398,10.0397,552.1457,40.0719
2032-09-07,30.7276,0.6300,49.8780,10.3818,1336.7662,555.4415,89.7551,6.9845,554.9856,31.5567
2032-09-08,26.0457,5.2393,65.5940,13.4363,1200.5488,101.6703,70.0327,1.2325,167.8120,7.9030
2032-09-09,24.7817,0.0000,54.9358,8.7955,1206.7135,103.7468,83.3684,2.6377,170.7855,14.8353
2032-09-10,28.1745,0.0000,44.9841,6.6105,1213.4890,106.6142,88.6190,4.9067,174.8284,23.5172
2032-09-11,29.0034,0.0000,42.3274,8.1285,1220.4136,109.7051,90.0495,6.5035,179.1500,28.7175
2032-09-12,27.5562,0.0099,48.4189,9.0750,1227.0777,112.3367,90.0989,6.8696,182.8292,29.9136
2032-09-13,24.0105,0.0002,53.1403,12.0324,1233.1036,114.4316,89.2497,7.0594,185.7657,30.5513
2032-09-14,25.2865,0.0006,39.9062,8.3586,1239.3591,117.2547,89.9548,6.4906,189.6522,28.9581
2032-09-15,29.5896,0.0000,29.4255,5.1013,1246.3893,121.1107,92.5153,7.9270,194.8805,33.2582
2032-09-16,32.2124,0.0000,27.1675,4.3283,1253.8915,125.4303,93.6727,8.9644,200.6753,36.2139
2032-09-17,32.6124,0.0000,31.7294,7.2251,1261.4657,129.5279,93.7232,10.4464,206.1395,40.1368
2032-09-18,32.0590,0.0000,32.6718,7.9309,1268.9403,133.5026,93.7738,10.9010,211.4022,41.3661
2032-09-19,30.9788,0.0000,42.7953,6.3268,1276.2205,136.7697,92.3585,8.2477,215.7388,34.5549
2032-09-20,31.1219,0.0000,49.8705,6.3977,1283.5265,139.6454,91.0588,6.8847,219.5691,30.6816
2032-09-21,28.5276,0.0000,52.4216,10.2413,1290.3654,142.1551,90.1071,7.2939,222.9156,31.9375
2032-09-22,25.7343,0.0581,55.9033,9.6504,1296.7016,144.2618,89.0833,6.1131,225.7385,28.3751
2032-09-23,27.8218,0.0000,35.3338,4.6185,1303.4135,147.5916,91.0299,6.2685,230.0570,28.9085
2032-09-24,30.6429,0.0000,32.2152,5.3819,1310.6333,151.4223,92.3242,7.8263,234.9756,33.6101
2032-09-25,28.8961,0.0000,36.3520,8.7515,1317.5386,154.8214,92.3744,9.3405,239.3337,37.8043
2032-09-26,21.4076,9.7994,67.4573,17.5866,1064.2208,70.3767,61.5427,1.0873,120.7848,6.1287
2032-09-27,21.0376,2.8048,63.9215,13.4111,1040.9779,57.4663,67.5263,1.1359,100.9944,5.7186
2032-09-28,21.2353,0.0001,51.8027,6.2728,1046.5042,59.3829,81.5035,1.8430,104.0108,9.0499
2032-09-29,24.1715,0.0011,31.9105,2.7546,1052.5591,62.4464,89.2266,4.4085,108.7613,18.4590
2032-09-30,26.6465,0.0000,39.9645,7.4910,1059.0595,65.4121,90.1422,6.3820,113.3255,24.5244
2032-10-01,29.5701,0.0000,36.2862,7.0384,1065.0861,68.3730,91.3400,7.4010,117.8349,27.6309
2032-10-02,30.3762,0.0005,42.2978,11.2706,1071.2578,71.1249,91.3898,9.2253,121.9998,32.5221
2032-10-03,29.4453,0.6567,53.7421,10.6155,1077.2620,73.2658,88.1619,5.6229,125.2378,23.4031
2032-10-04,30.7021,0.0000,50.7785,5.7109,1083.4923,75.6377,88.9030,4.8843,128.7973,21.4110
2032-10-05,29.8096,0.0000,36.5839,7.0970,1089.5621,78.6077,91.1749,7.2505,133.1922,28.5624
2032-10-06,30.0923,0.0000,35.7571,5.0159,1095.6827,81.6440,91.6328,6.9676,137.6464,28.1131
2032-10-07,30.3450,0.0000,39.0164,5.2596,1101.8488,84.5496,91.6827,7.1037,141.8813,28.7693
2032-10-08,30.6149,0.0000,34.6787,5.3683,1108.0635,87.6886,91.9636,7.4326,146.4109,29.9538
2032-10-09,30.6175,0.0000,31.3217,4.5685,1114.2786,90.9891,92.5875,7.7957,151.1267,31.2148
2032-10-10,30.0558,0.0000,32.7466,8.1849,1120.3927,94.1640,92.6377,9.4203,155.6283,35.6779
2032-10-11,28.7211,0.0000,47.1360,6.1929,1126.2665,96.5526,91.2195,6.9718,159.0234,29.3382
2032-10-12,29.3037,0.0000,35.9754,5.6568,1132.2451,99.5021,91.4839,7.0458,163.1582,29.7337
2032-10-13,28.9304,0.0000,23.9651,6.3342,1138.1566,102.9618,93.6539,9.8920,167.9420,37.4976
2032-10-14,30.0380,0.0000,24.4001,6.5383,1144.2674,106.5287,93.9924,10.4752,172.8317,39.1493
2032-10-15,28.1598,0.0000,45.6729,10.1105,1150.0402,108.9372,91.5311,8.8778,176.1581,35.2626
2032-10-16,28.6784,0.0000,33.8433,10.2046,1155.9063,111.9222,91.8019,9.2691,180.2195,36.4274
2032-10-17,29.2566,0.0000,26.2671,9.4307,1161.8765,115.3137,93.3259,11.0459,184.7799,40.9976
2032-10-18,29.1223,0.0000,30.8884,5.6613,1167.8225,118.4785,93.3764,9.1996,189.0165,36.5312
2032-10-19,28.9450,0.0000,32.4613,5.3227,1173.7366,121.5531,93.4268,9.1078,193.1097,36.4061
2032-10-20,27.9835,0.0000,37.8773,6.2254,1179.4776,124.2907,92.6759,8.5805,196.7490,35.0957
2032-10-21,27.1126,0.0155,43.6508,7.9094,1185.0619,126.6995,91.5301,7.9446,199.9543,33.4221
2032-10-22,20.9444,17.1682,74.5424,16.9825,867.6696,56.9142,53.0993,0.5464,97.7919,2.4173
2032-10-23,16.8943,20.1410,81.8829,17.7848,667.4259,24.2479,36.5464,0.0421,44.4579,0.0651
2032-10-24,18.3960,0.0025,60.0264,10.1207,671.4412,25.4288,66.3810,0.9252,46.4588,2.3692
2032-10-25,19.4986,0.0000,47.1207,6.3959,675.6549,27.0792,81.3652,1.8247,49.2261,5.4542
2032-10-26,21.5990,0.0013,53.5504,6.1004,680.2468,28.6768,85.4910,3.0669,51.8853,9.0836
2032-10-27,22.9574,0.0000,59.0374,5.5772,685.0831,30.1699,86.1036,3.2544,54.3555,9.8263
2032-10-28,23.5614,0.0000,43.6896,7.0779,690.0281,32.2741,88.4914,4.9325,57.7906,14.2309
2032-10-29,23.5879,0.0000,37.2126,7.1018,694.9780,34.6228,89.9745,6.1095,61.5764,17.3335
2032-10-30,23.9220,0.0000,41.9784,8.3591,699.9879,36.8225,90.0238,6.5553,65.0856,18.8108
2032-10-31,24.7820,0.0000,43.6448,8.4988,705.1527,39.0326,90.0732,6.6485,68.5755,19.5430
2032-11-01,27.0871,0.0000,42.1561,8.2370,709.7324,41.1942,90.1226,6.6079,71.9484,19.9606
2032-11-02,27.1663,0.0001,44.3536,5.6386,714.3263,43.2796,90.1720,5.8381,75.1728,18.6709
2032-11-03,26.6376,0.0008,45.9122,4.7099,718.8251,45.2687,90.2214,5.6107,78.2221,18.5295
2032-11-04,27.3666,0.0000,32.3240,5.1102,723.4551,47.8228,91.6580,7.0258,82.0811,22.3574
2032-11-05,27.2435,0.0021,38.7459,14.5240,728.0629,50.1246,91.7079,11.3706,85.5284,31.8225
2032-11-06,23.7926,0.0676,52.7572,13.3483,732.0496,51.6838,89.5358,7.8595,87.8599,25.0691
2032-11-07,23.3151,0.1145,55.4547,11.4014,735.9503,53.1257,88.7349,6.3513,90.0080,21.8461
2032-11-08,23.3878,0.0000,53.0587,6.9830,739.8641,54.6497,88.7838,5.1194,92.2621,18.9406
2032-11-09,22.7786,0.0000,54.9174,4.4929,743.6682,56.0769,88.6217,4.4118,94.3647,17.1753
2032-11-10,22.4910,0.0024,55.4984,5.0802,747.4206,57.4688,88.4697,4.4463,96.4060,17.4733
2032-11-11,17.9211,0.1465,56.9130,14.4011,750.3504,58.5553,87.6558,6.3288,97.9929,22.7604
2032-11-12,15.7746,0.0000,37.6977,14.5895,752.8938,59.9492,88.6251,7.3415,99.9934,25.5093
2032-11-13,17.5102,0.0000,41.7387,9.8502,755.7497,61.3867,88.6740,5.8226,102.0505,21.8875
2032-11-14,22.5286,0.0001,48.2734,7.4640,759.5088,63.0071,88.7229,5.1993,104.3688,20.4037
2032-11-15,23.2333,0.0000,51.2775,8.0411,763.3948,64.5790,88.7719,5.3905,106.6112,21.1574
2032-11-16,23.0141,0.0046,54.4205,6.6637,767.2413,66.0362,88.7095,4.9842,108.6860,20.1810
2032-11-17,22.1545,0.0001,59.8162,8.0407,770.9331,67.2751,87.8452,4.7195,110.4535,19.5465
2032-11-18,21.4951,0.0008,61.9404,8.0537,774.5063,68.4152,87.2947,4.3652,112.0794,18.5901
2032-11-19,23.1635,0.0507,55.8727,6.9168,778.3797,69.8347,87.3432,4.1508,114.0815,18.0619
2032-11-20,24.6344,0.0002,43.1029,4.8806,782.5179,71.7760,88.9633,4.7250,116.7743,20.0683
2032-11-21,24.8267,0.0000,40.9438,9.0150,786.6907,73.8059,89.6790,6.4489,119.5678,25.2785
2032-11-22,21.7794,0.0000,56.1879,13.9246,790.3150,75.1349,88.4499,6.9233,121.4131,26.7189
2032-11-23,23.0469,0.0006,57.5373,11.6329,794.1674,76.4943,88.2123,5.9616,123.2984,24.2328
2032-11-24,22.1467,0.2025,63.8737,8.1140,797.8578,77.6078,87.1696,4.3011,124.8541,19.2894
2032-11-25,22.7536,0.0000,61.6297,5.2464,801.6575,78.8212,87.2180,3.7482,126.5384,17.5287
2032-11-26,21.8297,0.0120,64.2386,6.5231,805.2908,79.9084,86.8923,3.8161,128.0508,17.8503
2032-11-27,15.3084,1.6856,64.9741,12.1910,807.7503,75.5755,75.6583,1.4708,122.4978,8.1410
2032-11-28,14.4113,2.3314,61.5884,12.0933,810.0483,64.5289,68.6874,1.1036,107.6243,5.7988
2032-11-29,13.3699,49.9021,84.9049,24.9179,446.1096,22.7787,32.8171,0.0253,40.4003,0.0366
2032-11-30,14.1460,0.0000,63.4632,6.5262,448.3599,23.5173,57.6604,0.4839,41.5819,0.7148
2032-12-01,17.1473,0.0389,78.3377,6.2123,451.1504,23.9665,69.0369,0.8297,42.3134,1.7996
2032-12-02,19.3165,0.0003,75.5276,5.3803,454.3313,24.5342,76.3812,1.0931,43.2321,2.7749
2032-12-03,20.7009,0.0000,66.2382,11.3917,457.7615,25.3707,82.2327,2.6037,44.5663,7.1464
2032-12-04,18.9064,0.0051,76.3345,9.5511,460.8686,25.9087,82.3731,2.4145,45.4323,6.7515
2032-12-05,18.3629,0.0026,77.6179,6.3821,463.8780,26.4038,82.4199,2.0701,46.2291,5.9063
2032-12-06,16.2096,1.9030,82.8569,5.4574,466.4997,24.2699,65.5502,0.7094,42.9532,1.3265
2032-12-07,16.8431,0.0008,66.6983,4.1432,469.2354,24.9490,75.5777,0.9757,44.0435,2.4218
2032-12-08,18.6782,0.0000,62.3720,11.3794,472.3015,25.7947,82.1531,2.5768,45.3917,7.1632
2032-12-09,18.7018,0.0000,65.8407,6.9135,475.3718,26.5634,83.6505,2.4892,46.6148,7.0606
2032-12-10,16.7472,0.0001,71.3763,5.1972,478.0903,27.1439,83.6978,2.2972,47.5400,6.6415
2032-12-11,17.1035,0.0000,64.4846,8.9814,480.8730,27.8786,84.2033,2.9733,48.6989,8.5052
2032-12-12,15.7131,0.0000,62.3537,12.5538,483.4053,28.5979,84.4842,3.6972,49.8265,10.3767
2032-12-13,14.8412,0.0000,56.9993,13.4045,485.7807,29.3769,85.1083,4.2028,51.0377,11.6863
2032-12-14,14.9868,0.0000,63.3534,14.6715,488.1824,30.0468,85.1560,4.5095,52.0800,12.5086
2032-12-15,16.0797,0.0000,62.7226,6.7141,490.7807,30.7746,85.2038,3.0398,53.2081,9.1550
2032-12-16,14.9699,0.0180,74.0177,7.5724,493.1793,31.2491,84.2339,2.7809,53.9518,8.5520
2032-12-17,15.6111,3.0085,78.7624,9.4708,487.4898,24.7378,60.7735,0.6915,43.9055,1.2904
2032-12-18,14.5013,0.0046,74.1689,6.5540,489.8041,25.1957,71.2365,0.9066,44.6495,2.2075
2032-12-19,17.6983,0.2462,77.0277,6.5578,492.6938,25.6865,76.9482,1.2071,45.4492,3.2823
2032-12-20,17.3425,0.0000,63.1315,6.0872,495.5194,26.4592,81.7780,1.8861,46.6861,5.4299
2032-12-21,18.4495,0.0000,66.3733,6.2969,498.5443,27.2062,83.3930,2.3331,47.8802,6.7693
2032-12-22,15.5504,0.1244,83.0386,6.1071,501.0474,27.5272,82.2172,1.9912,48.4059,5.8708
2032-12-23,14.3652,20.1984,92.5022,8.6852,408.7246,10.8216,23.6365,0.0008,20.2996,0.0007
2032-12-24,12.4483,48.3541,95.3869,11.0614,240.2068,4.2612,7.3999,0.0000,8.1606,0.0000
2032-12-25,14.3562,7.2879,80.7444,8.6799,225.7020,2.0477,25.0561,0.0012,4.0045,0.0005
2032-12-26,15.8509,0.0003,67.2214,5.3169,228.2592,2.6791,51.3155,0.2504,5.2054,0.1096
2032-12-27,14.9302,0.0199,76.3474,4.9405,230.6506,3.1099,64.4688,0.6619,6.0171,0.3094
2032-12-28,15.8354,0.8717,77.6845,8.1730,233.2050,3.5394,69.8089,0.9386,6.8201,0.4654
2032-12-29,14.7240,21.0036,79.3192,14.1457,182.2738,1.4567,37.4671,0.0426,2.8564,0.0148
2032-12-30,14.6778,0.1038,70.8564,7.1967,184.6198,1.9793,58.7305,0.5409,3.8552,0.2091
2032-12-31,14.7861,13.1073,74.2978,16.6892,158.0479,0.7818,42.9108,0.1359,1.5444,0.0393
2033-01-01,13.3189,0.0007,68.0695,3.4752,160.1493,1.3486,60.1242,0.4915,2.6415,0.1658
2033-01-02,14.5424,0.0000,64.7761,3.8426,162.4709,2.0269,72.2442,0.8200,3.9312,0.3194
2033-01-03,15.9792,4.7002,71.0153,12.3748,157.3511,1.1309,56.0606,0.5715,2.2218,0.1825
2033-01-04,12.7716,14.0932,80.2587,20.7980,130.0358,0.3371,37.5386,0.0605,0.6699,0.0148
2033-01-05,12.3067,0.2873,67.6214,10.0102,131.9550,0.8715,59.7368,0.6667,1.7148,0.1979
2033-01-06,13.2083,8.1572,83.5090,12.8819,119.2538,0.2905,36.7275,0.0342,0.5775,0.0082
2033-01-07,16.4684,3.7830,87.3634,7.4277,116.9932,0.2733,33.8038,0.0133,0.5434,0.0032
2033-01-08,15.2332,0.1224,84.8103,5.1536,119.4392,0.5787,47.9837,0.1642,1.1436,0.0443
2033-01-09,14.7751,0.0002,77.7344,5.7134,121.8027,1.0139,62.0922,0.6156,1.9865,0.1903
2033-01-10,16.7405,0.0005,72.3470,4.8669,124.5200,1.6212,72.6896,0.8785,3.1403,0.3145
2033-01-11,14.2912,13.3636,81.6646,10.9525,101.2358,0.4717,36.5845,0.0301,0.9326,0.0078
2033-01-12,11.4582,0.8537,69.2515,16.7685,103.0022,0.9471,58.6024,0.8683,1.8516,0.2631
2033-01-13,11.8873,0.0000,48.9025,6.7940,104.8460,1.7641,74.5927,1.0554,3.3857,0.3883
2033-01-14,12.8601,0.0000,49.1264,6.9096,106.8648,2.6384,81.9388,2.0043,4.9700,0.8599
2033-01-15,14.4239,0.0000,50.9191,7.5659,109.1651,3.5764,84.8324,3.0152,6.6113,2.3584
2033-01-16,14.3592,0.0000,53.4818,7.5854,111.4537,4.4617,85.5324,3.3244,8.1117,3.0695
2033-01-17,15.1537,0.0000,58.6628,9.8743,113.8854,5.2889,85.5803,3.7557,9.4774,3.8951
2033-01-18,13.2083,0.0003,66.4598,10.5598,115.9669,5.8797,85.1875,3.6815,10.4365,4.0360
2033-01-19,12.7451,0.0000,64.9604,12.2373,117.9650,6.4769,85.2125,4.0202,11.3904,4.6696
2033-01-20,14.1134,0.0000,64.0371,13.0483,120.2094,7.1505,85.2603,4.2156,12.4496,5.1609
2033-01-21,14.0082,0.0006,60.3771,10.3355,122.4349,7.8875,85.3081,3.7014,13.5867,4.7584
2033-01-22,13.2822,0.0017,64.7337,8.6790,124.5297,8.5119,85.3368,3.4186,14.5393,4.5657
2033-01-23,12.2102,0.0000,67.6977,7.5403,126.4315,9.0412,84.8712,3.0273,15.3400,4.1489
2033-01-24,12.7458,0.0037,61.5517,8.6274,128.4298,9.6966,84.9189,3.2187,16.3139,4.6080
2033-01-25,13.3482,0.3276,63.8265,10.1622,130.5365,10.3400,84.9665,3.5004,17.2617,5.2018
2033-01-26,13.4428,0.0049,63.1183,11.8045,132.6602,11.0003,85.0142,3.8274,18.2230,5.8695
2033-01-27,14.0202,0.0019,63.7039,9.5652,134.8878,11.6760,85.0620,3.4415,19.1975,5.4613
2033-01-28,14.3515,0.0026,60.7055,9.0523,137.1751,12.4234,85.1097,3.3758,20.2597,5.5404
2033-01-29,14.8669,0.0021,63.6557,11.5755,139.5551,13.1378,85.1574,3.8588,21.2698,6.4883
2033-01-30,15.4534,0.0667,59.0477,14.1783,142.0407,13.9724,85.2052,4.4287,22.4290,7.5938
2033-01-31,13.9535,0.0000,61.4559,14.6777,144.2564,14.6867,85.2530,4.5717,23.4140,8.0070
2033-02-01,14.8197,0.0000,49.7837,6.8356,146.6279,15.8223,86.1525,3.4914,24.9215,6.5021
2033-02-02,14.6392,0.0000,52.3123,4.5544,148.9670,16.8885,86.2006,3.1334,26.3178,6.0718
2033-02-03,12.6720,1.0300,75.1705,7.7081,150.9519,17.3742,77.8906,1.3766,26.9840,2.4532
2033-02-04,13.4292,0.0832,78.8172,11.3852,153.0732,17.8114,79.5396,1.9259,27.5954,3.7946
2033-02-05,15.7816,0.3905,72.8058,12.6386,155.6179,18.4635,81.4929,2.5368,28.4796,5.1972
2033-02-06,15.0890,0.0002,59.7929,4.2957,158.0379,19.3882,83.5368,2.1493,29.6750,4.5084
2033-02-07,17.0418,0.3035,55.1440,8.9087,160.8094,20.5441,85.2745,3.4287,31.1419,7.3288
2033-02-08,18.2903,0.9480,67.1765,5.7526,163.8057,21.4482,80.5318,1.6082,32.3175,3.4850
2033-02-09,18.2410,0.0278,70.1542,5.0649,166.7930,22.2682,82.3322,1.9163,33.3914,4.3442
2033-02-10,15.3573,0.0017,71.0731,6.3067,169.2613,22.9444,82.7111,2.1388,34.2738,4.9633
2033-02-11,13.2175,19.7649,82.1008,14.4954,128.2630,9.6582,36.4628,0.0350,16.2562,0.0279
2033-02-12,12.2854,1.1787,63.9006,10.3897,130.1784,10.3446,56.9610,0.5568,17.2603,0.4605
2033-02-13,14.0417,0.0007,54.2067,7.7093,132.4099,11.3296,74.0719,1.0769,18.6663,0.9349
2033-02-14,14.7325,0.0000,51.8842,5.2066,134.7658,12.4117,81.5783,1.7620,20.1776,2.6581
2033-02-15,16.2101,0.0000,46.9729,4.9808,137.3876,13.7156,85.3888,2.8579,21.9524,4.9350
2033-02-16,18.2830,0.0000,46.3732,9.4276,140.3825,15.1921,87.1456,4.5798,23.9143,8.1171
2033-02-17,17.3289,0.0000,47.8398,5.2653,143.2057,16.5576,87.2883,3.7896,25.6896,7.1435
2033-02-18,17.8605,0.0000,49.8033,7.8660,146.1246,17.9096,87.3368,4.3502,27.4180,8.3948
2033-02-19,17.2265,0.0040,60.1302,11.1232,148.9294,18.9475,86.9057,4.8208,28.7505,9.4236
2033-02-20,17.6536,0.0021,63.0747,12.4499,151.8110,19.9312,86.4592,4.8379,30.0118,9.6846
2033-02-21,18.1800,0.0002,64.0139,9.6998,154.7874,20.9167,86.3021,4.1194,31.2696,8.6433
2033-02-22,17.7342,0.0018,53.9806,10.1146,157.6836,22.1479,86.3502,4.2351,32.7839,9.0998
2033-02-23,17.0538,0.0000,41.2862,9.0521,160.4573,23.6620,87.9119,5.0139,34.5768,10.8070
2033-02-24,17.8602,0.0000,25.0972,5.8934,163.3761,25.6794,90.8826,6.5455,36.8705,13.8524
2033-02-25,19.3259,0.0000,32.4757,5.1891,166.5588,27.6386,90.9322,6.3622,39.0694,13.9789
2033-02-26,19.9192,0.0000,39.8731,6.7184,169.8482,29.4339,90.7850,6.7290,41.0732,14.9939
2033-02-27,19.8451,0.0000,41.4690,11.4600,173.1243,31.1753,90.5108,8.2170,42.9949,17.8514
2033-02-28,19.3499,0.0000,49.4919,14.7939,176.3113,32.6425,89.2704,8.1375,44.6286,18.0706
2033-03-01,20.6823,0.0000,51.6236,11.1653,179.7381,34.4387,88.8879,6.4156,46.5699,15.4662
2033-03-02,20.9398,0.0000,52.3196,12.2727,183.2113,36.2300,88.7420,6.6431,48.4886,16.2278
2033-03-03,21.0729,0.0005,51.8003,12.9791,186.7084,38.0518,88.7909,6.9323,50.4162,17.1073
2033-03-04,21.9562,0.0722,48.9784,13.5494,190.3646,40.0570,88.8399,7.1847,52.4974,17.9491
2033-03-05,22.3579,0.4825,45.2185,13.8589,194.0930,42.2475,88.8888,7.3492,54.7189,18.6549
2033-03-06,22.3747,0.0000,42.8045,15.8337,197.8244,44.5362,89.0412,8.2977,56.9945,20.8140
2033-03-07,21.4763,0.5440,50.9171,16.1069,201.3942,46.4251,87.9481,7.1916,58.9040,19.0899
2033-03-08,19.6610,0.8187,62.0660,11.3945,204.6371,47.7676,83.8285,3.1940,60.3292,10.3011
2033-03-09,20.3223,0.0223,60.3459,9.0350,207.9991,49.2156,85.1609,3.3968,61.8466,10.9996
2033-03-10,16.9876,0.3318,53.4002,10.8630,210.7609,50.6524,86.0018,4.1873,63.2827,13.1842
2033-03-11,19.0622,0.0000,46.3761,6.7857,213.8961,52.4953,87.3777,4.1439,65.0677,13.2864
2033-03-12,21.3400,0.0001,45.5191,4.6424,217.4413,54.5793,88.1459,4.1518,67.0706,13.5393
2033-03-13,22.5306,0.0000,42.3124,5.1941,221.2008,56.9030,88.9507,4.7915,69.2623,15.3993
2033-03-14,20.4695,0.0040,38.8499,9.6718,224.5893,59.1513,89.3749,6.3813,71.3337,19.3718
2033-03-15,22.8941,0.0000,33.1943,7.1014,228.4143,61.8837,90.6842,6.7622,73.7888,20.5709
2033-03-16,24.3318,0.0000,32.3770,11.3677,232.4980,64.8152,91.2893,9.1390,76.3905,25.9114
2033-03-17,24.7851,0.0000,31.9890,11.3099,236.6633,67.8161,91.5106,9.4035,79.0224,26.8876
2033-03-18,24.4317,0.0006,37.0777,11.2897,240.7650,70.5546,91.5605,9.4607,81.4432,27.4057
2033-03-19,24.7423,0.0000,33.1347,10.0857,244.9226,73.5000,91.6104,8.9670,83.9887,26.8360
2033-03-20,24.7221,0.0000,29.6839,12.5468,249.0766,76.5951,91.9556,10.6597,86.6073,30.6631
2033-03-21,24.5577,0.0015,32.9464,14.2233,253.2010,79.5278,92.0056,11.6816,89.0956,33.0619
2033-03-22,23.4692,0.0027,36.3677,12.6900,257.1294,82.1927,91.9733,10.7638,91.3690,31.6916
2033-03-23,23.2968,0.0000,35.9316,10.0621,261.0269,84.8571,92.0065,9.4732,93.6239,29.4258
2033-03-24,23.0428,0.0448,35.9041,9.1080,264.8786,87.4949,91.9873,9.0040,95.8427,28.7542
2033-03-25,23.3703,0.6425,39.5077,13.1601,268.7892,90.0182,89.5827,7.8378,97.9920,26.4301
2033-03-26,24.2102,0.0009,30.5654,14.7197,272.8511,93.0138,91.4583,11.0837,100.4339,33.8050
2033-03-27,24.3656,0.0000,23.0290,11.6218,276.9409,96.3551,93.1362,12.0126,103.0637,36.0720
2033-03-28,24.4513,0.0000,18.9024,9.4655,281.0461,99.8872,94.2032,12.4995,105.7830,37.4542
2033-03-29,24.3612,0.0000,16.4763,9.1352,285.1351,103.5123,94.8542,13.4466,108.5278,39.7135
2033-03-30,25.0624,0.0008,17.9241,10.2789,289.3504,107.1726,94.9052,14.3442,111.2917,41.8434
2033-03-31,25.4375,0.0136,23.6950,11.5122,293.6331,110.6243,94.8379,15.1237,113.9365,43.7024
2033-04-01,23.0743,0.0031,42.7657,12.5583,298.7405,113.9786,91.5705,10.0995,116.6722,33.9317
2033-04-02,24.1713,0.0258,34.1733,5.1425,304.0453,118.0115,91.6203,6.9998,119.7877,26.7744
2033-04-03,22.7743,1.3269,46.4081,15.4647,309.0987,121.1133,85.4573,4.8933,122.3634,21.0004
2033-04-04,24.5295,1.3449,42.6807,16.6519,314.4680,124.6748,85.9588,5.5719,125.2285,23.2526
2033-04-05,20.6531,2.6309,59.8833,8.6739,319.1396,93.6084,72.8734,1.0722,108.0126,5.6510
2033-04-06,20.7303,0.4268,57.4615,6.7007,323.8250,95.8597,82.1269,2.0291,110.1799,10.1397
2033-04-07,22.1716,0.5877,52.9598,4.6065,328.7699,98.5136,85.2088,2.7354,112.6444,13.0645
2033-04-08,21.7658,12.2038,59.0850,6.9252,295.8158,51.1088,56.8377,0.4630,71.3845,1.0738
2033-04-09,17.8379,33.5304,87.0193,9.2420,203.1687,19.4607,25.9852,0.0017,31.4018,0.0020
2033-04-10,18.3211,5.6506,77.6553,7.6742,196.3862,12.6384,36.4393,0.0247,21.7738,0.0236
2033-04-11,21.0171,0.1310,54.2638,7.8196,201.1233,15.0908,69.2188,0.9049,25.4143,0.9571
2033-04-12,18.2338,0.0005,51.3543,13.2262,205.3593,17.3709,82.1044,2.8114,28.6773,5.7782
2033-04-13,16.9254,0.0000,45.0819,14.3678,209.3599,19.7707,86.3731,5.2644,31.9893,10.7693
2033-04-14,15.8867,0.0000,38.7523,18.2021,213.1735,22.2930,88.2182,8.3079,35.3453,16.2603
2033-04-15,17.0155,0.0000,34.1668,13.5437,217.1903,25.1842,89.4613,7.8529,39.0488,16.4139
2033-04-16,19.6245,0.0000,31.1579,10.8744,221.6767,28.6431,90.5760,8.0527,43.2993,17.6511
2033-04-17,20.7451,0.0000,28.0699,10.7998,226.3648,32.4524,91.4829,9.1289,47.7801,20.3579
2033-04-18,21.9016,0.0000,31.9652,7.3488,231.2611,36.2463,91.5328,7.7263,52.0843,18.8564
2033-04-19,23.4580,0.0000,33.8579,4.7280,236.4376,40.1842,91.5826,6.8185,56.4031,17.9391
2033-04-20,24.3470,0.0000,34.6839,6.4732,241.7740,44.2136,91.6325,7.4982,60.6838,19.9901
2033-04-21,25.1834,0.0015,30.8425,5.5829,247.2610,48.6203,91.8128,7.3548,65.1926,20.4703
2033-04-22,25.8829,0.0000,31.7652,5.7319,252.8740,53.0839,91.8628,7.4628,69.6271,21.4140
2033-04-23,28.7244,0.0000,23.5316,6.4163,258.9984,58.6128,93.7509,10.0679,74.8680,27.4171
2033-04-24,25.9496,0.3316,32.9443,14.8782,264.6233,63.0101,93.1808,14.2433,78.9956,35.5481
2033-04-25,25.6704,0.2919,34.5470,14.6688,270.1980,67.2580,92.7819,13.3278,82.9167,34.8279
2033-04-26,27.8825,0.2119,31.3325,15.3528,276.1708,72.0828,92.8322,13.8929,87.2399,36.6941
2033-04-27,29.2639,0.0290,25.4609,11.7657,282.3923,77.5698,93.5948,12.8997,91.9771,35.8523
2033-04-28,31.2273,0.0000,19.9481,11.1286,288.9672,83.8436,95.1010,15.3787,97.1890,41.2457
2033-04-29,32.3235,0.0000,16.4804,12.1945,295.7395,90.6111,96.1244,18.6501,102.6191,47.7796
2033-04-30,34.3985,0.0000,15.9116,7.4512,302.8852,97.8478,96.6128,15.6840,108.2608,43.7982
2033-05-01,35.7502,0.0001,14.4877,6.9411,311.7242,106.1437,97.1415,16.4070,114.6717,46.1441
2033-05-02,34.9660,0.0001,16.1014,6.9404,320.4221,114.1098,97.1932,16.5200,120.7314,47.2726
2033-05-03,34.0696,0.0000,19.5368,7.1258,328.9587,121.5599,97.1433,16.5645,126.3732,48.1430
2033-05-04,31.1810,0.0025,22.7188,10.6428,336.9752,128.1276,96.2533,17.5504,131.3744,50.5865
2033-05-05,30.5052,0.0000,20.7646,12.7626,344.8702,134.7204,96.2685,19.5689,136.3152,54.7720
2033-05-06,31.1059,0.0000,25.8858,9.0734,352.8732,141.0044,95.5369,14.7155,141.0768,46.3031
2033-05-07,33.6264,0.0000,21.6555,7.3604,361.3300,148.1669,95.5880,13.5929,148.1252,44.6451
2033-05-08,34.0450,0.0000,15.7604,9.5896,369.8621,155.9611,96.5651,17.3568,155.8667,52.7495
2033-05-09,32.5470,0.0129,23.5428,11.7138,378.1246,162.7338,96.1512,18.2699,162.5956,54.9806
2033-05-10,27.8507,0.0411,44.7539,8.7589,385.5417,166.9445,92.0283,8.8984,166.7897,34.9284
2033-05-11,33.3194,0.0000,33.7187,5.0915,393.9432,172.9506,92.5947,8.0120,172.7603,32.8199
2033-05-12,31.1259,0.0004,34.0895,6.8066,401.9498,178.5424,92.6449,8.7972,178.3190,35.1301
2033-05-13,32.1779,0.0877,34.5250,5.6315,410.1459,184.2786,92.6952,8.3501,184.0202,34.1259
2033-05-14,26.5644,0.3372,45.8158,8.5941,417.3315,188.2249,91.1329,7.7721,187.9502,32.6481
2033-05-15,27.8986,0.0080,38.2292,8.4490,424.7572,192.9407,91.1827,7.7703,192.6398,32.7649
2033-05-16,28.6744,0.0000,39.1203,9.4807,432.3226,197.7128,91.2324,8.2431,197.3851,34.1921
2033-05-17,29.3556,0.0000,33.8081,8.2301,440.0106,203.0200,91.8755,8.4792,202.6576,34.9537
2033-05-18,26.5800,0.0000,36.5262,12.2857,447.1990,207.6455,91.9255,10.4756,207.2550,40.2333
2033-05-19,24.6380,0.0000,30.8749,9.8510,454.0379,212.3294,91.9754,9.3319,211.9072,37.4097
2033-05-20,27.0853,0.0000,21.3517,8.2776,461.3172,218.1652,93.9519,11.3707,217.6953,42.6220
2033-05-21,30.3534,0.0000,21.6548,6.2092,469.1848,224.6527,94.6169,11.2309,224.1266,42.3910
2033-05-22,30.5401,0.0000,28.4111,7.3435,477.0860,230.6159,94.6677,11.9750,230.0409,44.2539
2033-05-23,32.6925,0.0011,22.0713,8.8423,485.3747,237.5487,94.9647,13.4519,236.9095,47.7344
2033-05-24,33.4285,0.0013,20.6336,9.3237,493.7958,244.7633,95.3984,14.6239,244.0537,50.3938
2033-05-25,33.3467,0.0002,21.4596,7.4593,502.2022,251.8858,95.4496,13.4057,251.1053,47.7850
2033-05-26,32.4435,0.0009,27.7274,8.4061,510.4460,258.2681,95.2423,13.6688,257.4272,48.4284
2033-05-27,31.4389,0.0006,36.0237,9.3040,518.5090,263.7486,93.7018,11.5657,262.8615,43.5991
2033-05-28,31.7682,0.0001,36.2235,8.2030,526.6313,269.2672,93.4730,10.5985,268.3328,41.2564
2033-05-29,34.5599,0.0000,26.1046,4.9491,535.2561,276.2046,94.3565,10.1685,275.1979,40.2027
2033-05-30,36.9482,0.0000,18.9045,7.8078,544.3108,284.3277,96.2919,15.2934,283.2262,52.1239
2033-05-31,37.0428,0.0002,19.4478,10.7473,553.3825,292.4165,96.3433,17.8584,291.2182,57.4100
2033-06-01,35.9919,0.0011,25.7735,9.1633,563.2650,299.6648,96.2205,16.2174,298.3910,54.1219
2033-06-02,35.5052,0.0037,31.6787,8.8475,573.0599,306.2488,95.1305,13.7642,304.9116,48.8764
2033-06-03,35.9361,0.0153,29.6739,6.7665,582.9324,313.1059,95.1815,12.4808,311.6986,45.9648
2033-06-04,35.3406,0.0913,29.7517,6.7869,592.6977,319.8452,95.2326,12.5811,318.3682,46.2124
2033-06-05,37.1812,0.0017,23.0455,6.7602,602.7944,327.6008,95.5169,13.0609,326.0324,47.3330
2033-06-06,38.4277,0.0000,17.9573,7.0552,613.1153,336.1384,96.7802,15.7233,334.4604,53.1771
2033-06-07,37.4437,0.0000,18.9805,9.0539,623.2592,344.3596,96.8318,17.5100,342.5751,56.8478
2033-06-08,36.8876,0.0000,22.7070,8.9147,633.3030,352.0896,96.8834,17.5082,350.2072,56.8535
2033-06-09,37.3054,0.0794,24.8688,9.1530,643.4220,359.6860,96.6486,17.1706,357.7077,56.1833
2033-06-10,29.4231,0.0994,47.3475,11.4410,652.1221,363.9170,91.7249,9.7580,361.9123,39.3139
2033-06-11,30.4086,0.0000,39.3288,10.7627,660.9997,368.9497,91.7748,9.4971,366.9000,38.6308
2033-06-12,29.4190,0.0000,37.8819,12.4142,669.6991,373.9407,91.8248,10.3945,371.8449,40.9587
2033-06-13,30.3241,0.0000,34.9135,10.2492,678.5614,379.3252,91.8972,9.4163,377.1743,38.4217
2033-06-14,30.4271,0.0022,35.5782,12.1061,687.4423,384.6723,91.9472,10.4133,382.4668,41.0113
2033-06-15,29.5673,0.0005,36.4150,12.8320,696.1684,389.8059,91.9972,10.8779,387.5494,42.1807
2033-06-16,29.9877,0.0000,36.0511,10.6320,704.9702,395.0397,92.0472,9.8055,392.7298,39.4515
2033-06-17,33.0866,0.0000,25.5212,8.9493,714.3298,401.7429,94.1421,12.0761,399.3453,45.0959
2033-06-18,36.9820,0.0000,19.4709,7.4605,724.3905,409.8165,96.1669,14.7767,407.2997,51.2115
2033-06-19,34.2901,0.0299,32.1185,11.8909,733.9668,416.1410,94.8491,15.4386,413.5461,52.6309
2033-06-20,31.5432,0.0000,36.3903,11.6686,743.0486,421.6075,93.5681,12.7891,418.9524,46.7707
2033-06-21,31.5496,0.0127,35.0075,11.9660,752.1315,427.1940,93.6099,13.0579,424.4746,47.3904
2033-06-22,32.4359,0.0000,32.8416,11.5866,761.3739,433.1233,93.6604,12.9010,430.3311,47.0310
2033-06-23,30.3940,0.0000,36.1084,14.0507,770.2488,438.4207,93.2715,13.8359,435.5691,49.1505
2033-06-24,27.0434,0.0006,42.8370,14.6896,778.5207,442.6561,91.6746,11.4118,439.7686,43.5064
2033-06-25,29.0112,0.0769,41.1790,12.8258,787.1467,447.3190,91.7245,10.4626,444.3869,41.1494
2033-06-26,29.6567,0.0965,43.3975,12.0966,795.8889,451.9022,91.7372,10.1034,448.9287,40.2327
2033-06-27,30.7225,0.0023,38.4575,8.7139,804.8229,457.0581,91.7871,8.5805,454.0283,36.1713
2033-06-28,35.7893,0.0011,26.1995,3.7140,814.6690,464.2253,94.3972,9.6086,461.0891,38.9461
2033-06-29,37.4688,0.0000,23.2195,6.3363,824.8174,472.0215,95.4843,12.7282,468.7618,46.6356
2033-06-30,39.2422,0.0000,20.6395,7.4136,835.2850,480.4502,96.3604,15.1316,477.0492,51.9849
2033-07-01,38.7862,0.0000,19.2472,5.9449,845.9705,488.0147,96.6059,14.5242,484.4993,50.6728
2033-07-02,39.0059,0.0000,13.5932,8.1876,856.6956,496.1535,97.8106,19.0950,492.5046,60.0089
2033-07-03,37.4087,0.0000,15.1216,9.7359,867.1331,503.8299,97.8626,20.7867,500.0569,63.1926
2033-07-04,36.6053,0.0000,22.4015,9.7418,877.4261,510.7015,97.1329,18.8723,506.8269,59.5805
2033-07-05,35.8823,0.0000,24.9815,10.4193,887.5889,517.2172,96.4636,17.8525,513.2500,57.5860
2033-07-06,33.4334,0.0000,27.3266,12.6366,897.3109,523.1113,95.6017,17.7658,519.0657,57.4142
2033-07-07,28.9284,0.0000,30.6945,12.2377,906.2220,527.9990,94.3011,14.5693,523.8978,50.7723
2033-07-08,33.9961,0.0000,18.0974,5.2102,916.0453,534.7498,95.9528,12.8162,530.5420,46.8412
2033-07-09,37.2335,0.0000,14.1091,5.1416,926.4514,542.4825,97.3983,15.5062,538.1408,52.7840
2033-07-10,37.7115,0.0000,18.2714,7.6559,936.9434,549.9321,97.4501,17.7224,545.4657,57.3283
2033-07-11,36.1013,0.0000,24.9315,8.9358,947.1457,556.4908,96.5670,16.7986,551.9251,55.4684
2033-07-12,36.4476,0.0000,25.6846,7.1033,957.4102,563.0442,96.3442,14.8644,558.3792,51.4126
2033-07-13,38.2256,0.0000,20.9250,5.5210,967.9948,570.3474,96.3956,13.8207,565.5602,49.1224
2033-07-14,40.4333,0.0000,19.3633,5.6115,978.9768,578.2130,96.8476,14.7527,573.2873,51.1713
2033-07-15,39.2002,0.0000,21.2298,7.9876,989.7369,585.6684,96.8992,16.7445,580.6145,55.3582
2033-07-16,36.7524,0.0000,27.6728,9.9695,1000.0563,592.0982,96.0859,16.5856,586.9459,55.0329
2033-07-17,35.2949,0.0000,30.0889,8.5529,1010.1134,598.0739,95.3561,13.9859,592.8355,49.4902
2033-07-18,38.2885,0.0000,23.4163,5.6680,1020.7093,605.1583,95.6277,12.5493,599.7999,46.2220
2033-07-19,41.8165,0.0000,22.2969,5.5122,1031.9403,612.9902,96.4525,13.9208,607.4913,49.3455
2033-07-20,40.1702,0.0000,24.4969,8.3637,1042.8749,620.3083,96.5040,16.1835,614.6827,54.2037
2033-07-21,37.0489,0.0000,23.5144,11.7950,1053.2477,627.1611,96.5555,19.3719,621.4175,60.5406
2033-07-22,33.6591,0.0000,31.2059,13.3931,1063.0104,632.7770,94.9589,16.9055,626.9529,55.6865
2033-07-23,32.1336,0.0000,31.5163,12.7949,1072.4984,638.1222,94.4747,15.3473,632.2237,52.4474
2033-07-24,31.1910,0.0000,32.6869,10.7837,1081.8168,643.2271,94.0789,13.1303,637.2606,47.5635
2033-07-25,34.9771,0.0000,27.9796,6.0306,1091.8167,649.3293,94.1296,10.4065,643.2656,41.0114
2033-07-26,37.0642,0.0000,25.8484,5.6788,1102.1922,655.9756,94.8704,11.3223,649.7981,43.2928
2033-07-27,38.6341,0.0000,23.6497,7.6393,1112.8504,663.1004,95.6183,13.8422,656.7937,49.1705
2033-07-28,38.8055,0.0000,22.4075,7.7426,1123.5394,670.3725,95.9313,14.5182,663.9299,50.6617
2033-07-29,38.7799,0.0000,22.3135,7.2810,1134.2238,677.6486,95.9827,14.2833,671.0688,50.1474
2033-07-30,37.9616,0.0000,20.6619,9.4224,1144.7608,684.9270,96.1682,16.3150,678.2066,54.4761
2033-07-31,35.5202,0.0000,19.9918,11.3526,1154.8585,691.8081,96.2196,18.1068,684.9556,58.0895
2033-08-01,32.5441,0.0000,28.5551,10.3512,1163.7204,696.7704,95.2508,15.0940,689.8447,51.9067
2033-08-02,34.0638,0.0000,30.0689,8.2646,1172.8559,701.8470,95.0521,13.2233,694.8470,47.7757
2033-08-03,37.2252,0.0000,24.6238,4.8191,1182.5604,707.8108,95.1946,11.3345,700.7083,43.3227
2033-08-04,38.7056,0.0000,23.1708,7.1147,1192.5314,714.1244,95.7406,13.7070,706.9082,48.8683
2033-08-05,38.1923,0.0000,27.5665,9.0956,1202.4101,720.0000,95.7919,15.2515,712.6861,52.2435
2033-08-06,36.0643,0.0000,34.3161,9.7682,1211.9056,725.0396,94.6906,13.5739,717.6565,48.5696
2033-08-07,34.3060,0.0000,41.2208,10.2244,1221.0847,729.3360,93.1332,11.1911,721.9098,42.9713
2033-08-08,33.9910,0.0000,37.8570,8.6385,1230.2071,733.8379,93.1836,10.4047,726.3590,41.0068
2033-08-09,32.7456,0.0193,45.5562,7.8568,1239.1053,737.6420,92.0511,8.5305,730.1362,36.0358
2033-08-10,35.6281,0.0000,39.2257,5.7505,1248.5224,742.2502,92.1011,7.7259,734.6913,33.7540
2033-08-11,37.0008,0.0000,34.5265,6.0136,1258.1865,747.4001,93.0638,8.9641,739.7690,37.2260
2033-08-12,38.4537,0.0000,31.7010,5.4850,1268.1122,752.9772,93.8998,9.8070,745.2594,39.4686
2033-08-13,38.8477,0.0000,26.1420,8.7152,1278.1088,759.0683,95.1122,13.6387,751.2426,48.7152
2033-08-14,38.1379,0.0133,31.6347,9.5725,1287.9776,764.6063,95.1633,14.3405,756.6937,50.2730
2033-08-15,37.2032,0.2535,38.3444,6.5419,1297.6782,769.4817,94.1227,10.6679,761.5078,41.6716
2033-08-16,36.5908,0.0269,42.1296,9.0525,1307.2685,773.9847,93.2660,10.7471,765.9635,41.8701
2033-08-17,35.7783,0.0000,35.0119,7.8712,1316.7126,778.9325,93.3165,10.1976,770.8425,40.4784
2033-08-18,34.4196,0.0234,42.7479,8.7449,1325.9121,783.1307,92.7557,9.8518,775.0004,39.5854
2033-08-19,35.1615,0.0000,32.7277,10.3996,1335.2452,788.1667,93.1463,11.3110,779.9617,43.2653
2033-08-20,34.8620,0.0000,22.6887,11.5070,1344.5244,793.9065,95.1104,15.6950,785.5949,53.1830
2033-08-21,34.0690,0.0024,28.5560,11.5623,1353.6608,799.0937,95.1615,15.8491,790.6970,53.5065
2033-08-22,32.5739,0.1366,46.2662,11.5089,1362.5281,802.8292,92.0869,10.3060,794.4067,40.7557
2033-08-23,33.1862,0.0516,51.1959,7.7416,1371.5056,806.2837,91.0880,7.3978,797.8493,32.7938
2033-08-24,34.8787,0.0000,46.5938,8.3459,1380.7878,810.2505,91.1377,7.6807,801.7865,33.6229
2033-08-25,34.5549,0.0000,30.7682,7.1970,1390.0117,815.3465,93.2898,9.8204,806.8022,39.5036
2033-08-26,35.5987,0.0000,28.8703,7.1974,1399.4234,820.7355,93.9848,10.8175,812.1004,42.0461
2033-08-27,34.3573,0.0018,43.4439,7.7192,1408.6117,824.8754,92.7170,9.3049,816.2013,38.1436
2033-08-28,33.8290,0.1123,41.5653,7.4010,1417.7050,829.0891,92.7672,9.2217,820.3710,37.9211
2033-08-29,30.3075,1.0818,50.1668,8.8557,1426.1643,832.3203,87.5360,4.7046,823.5920,24.0687
2033-08-30,30.4746,0.0007,39.2924,7.9688,1434.6537,836.2775,90.6732,7.0532,827.5070,31.7647
2033-08-31,30.2399,0.3820,39.2619,6.4670,1443.1009,840.2072,91.0059,6.8570,831.3951,31.1690
2033-09-01,30.4201,16.8158,60.2235,6.7273,972.3673,91.6390,65.6614,0.7595,148.3302,4.7660
2033-09-02,33.2570,0.7551,43.5735,5.8708,980.0575,95.0905,86.8231,3.6566,153.0553,18.4143
2033-09-03,33.7910,0.0108,37.1017,5.5775,987.8439,98.9976,91.5521,7.0860,158.3278,29.6306
2033-09-04,33.0845,2.1990,46.7618,7.8573,995.5031,85.7598,85.7233,3.4611,141.1257,17.2238
2033-09-05,28.1387,19.1964,75.8126,9.6543,752.0537,40.3932,54.4038,0.4295,71.2228,0.9338
2033-09-06,28.3940,2.7040,70.6242,7.0490,758.8686,34.5692,66.0743,0.7838,62.0696,2.5131
2033-09-07,27.3971,0.0001,61.1091,10.0494,765.5041,36.5423,82.2663,2.4435,65.2926,8.6174
2033-09-08,25.1622,0.0003,53.9228,9.2145,771.7373,38.6967,86.4983,4.1329,68.7724,13.6856
2033-09-09,25.3871,0.0013,54.1277,8.6343,778.0110,40.8599,87.3601,4.5370,72.2356,15.1231
2033-09-10,28.6396,0.0000,42.3971,4.8963,784.8701,43.9098,89.7324,5.2805,77.0440,17.5715
2033-09-11,31.7280,0.0000,31.1431,5.4980,792.2852,47.9342,92.5609,8.1390,83.2731,24.9835
2033-09-12,33.8246,0.0000,30.0661,4.5745,800.0776,52.2826,93.3958,8.7329,89.8815,27.2781
2033-09-13,33.5222,0.0004,36.1297,6.9131,807.8156,56.2196,93.4463,9.8946,95.7755,30.6404
2033-09-14,34.0303,0.0000,34.2555,6.2131,815.6450,60.3315,93.4968,9.6191,101.8322,30.9487
2033-09-15,34.5036,0.0000,35.1132,6.7140,823.5597,64.4445,93.5473,9.9346,107.8003,32.4526
2033-09-16,33.0899,0.4687,40.5096,8.7955,831.2199,68.0657,92.9515,10.1521,112.9987,33.6004
2033-09-17,32.2343,1.4577,50.9543,8.4343,838.7260,70.9764,86.7226,4.1019,117.1653,18.1245
2033-09-18,31.3579,0.0021,55.3780,8.7290,846.0745,73.5550,88.1171,5.0802,120.8452,21.4595
2033-09-19,26.9356,0.0007,58.1442,9.2939,852.6269,75.6442,88.1658,5.2635,123.8244,22.2325
2033-09-20,28.3190,0.0008,49.3536,4.1845,859.4283,78.2968,88.7534,4.4267,127.5443,19.8690
2033-09-21,31.3963,3.2290,46.7415,10.2537,843.6687,61.9374,82.9348,2.6846,104.6650,12.3884
2033-09-22,29.5326,0.8688,60.4350,13.0650,850.6886,64.0952,85.2032,4.1860,107.8714,17.6957
2033-09-23,26.4450,6.6793,75.0213,11.9853,792.1664,38.7954,61.7854,0.8308,69.1273,3.0066
2033-09-24,25.9409,0.8485,67.2788,8.0101,798.5397,40.3707,76.6802,1.2740,71.6816,4.9974
2033-09-25,24.8908,0.4241,62.2002,7.1277,804.7241,42.1198,83.6149,2.5044,74.4922,9.5607
2033-09-26,28.3566,0.8085,55.0185,5.5102,811.5322,44.4788,85.5380,2.9966,78.2374,11.4291
2033-09-27,29.6233,1.6840,49.1047,4.6878,818.5684,44.9262,83.4879,2.1782,79.0113,8.8075
2033-09-28,28.4405,4.5994,56.1284,10.3136,788.3461,32.7804,74.7503,1.2707,59.3873,4.3190
2033-09-29,28.8256,5.4678,59.5545,11.8040,751.5414,22.3450,72.2617,1.2256,41.5980,3.0998
2033-09-30,26.5142,29.0676,75.8362,9.9093,537.3160,9.5841,49.5071,0.2544,18.3498,0.2185
2033-10-01,23.8804,50.8639,89.7904,10.7425,313.4494,4.0786,25.5718,0.0016,7.9003,0.0008
2033-10-02,21.1765,58.7060,94.6974,9.4542,152.7727,1.4554,11.0432,0.0000,2.8430,0.0000
2033-10-03,25.8553,1.6476,75.0951,6.6753,158.1307,1.9490,45.6963,0.1280,3.7816,0.0491
2033-10-04,26.1347,1.7313,72.7029,6.3430,163.5389,2.4120,63.6165,0.6844,4.6524,0.2855
2033-10-05,24.2264,5.5023,70.6295,13.1717,158.9531,1.8372,61.1349,0.8508,3.5711,0.3193
2033-10-06,20.0663,0.7370,61.1693,9.1091,163.2691,3.0825,76.1024,1.2949,5.8871,0.5991
2033-10-07,20.7999,0.0001,44.2735,6.1204,167.7171,4.9317,85.2693,2.9771,9.1879,2.8984
2033-10-08,19.3897,6.9038,68.4541,6.2143,158.7761,3.1081,54.3450,0.3592,5.9261,0.1667
2033-10-09,21.4346,26.7556,74.9736,9.3479,106.3069,1.7022,41.1903,0.0694,3.2733,0.0252
2033-10-10,21.6599,20.9121,86.1196,7.2006,71.5984,0.6211,27.1620,0.0022,1.2157,0.0006
2033-10-11,25.7216,2.4450,77.2350,8.5493,76.9323,0.9252,51.8716,0.3136,1.7963,0.0942
2033-10-12,23.2326,11.0503,84.6134,8.8020,63.3956,0.5673,37.1293,0.0303,1.1097,0.0081
2033-10-13,24.0643,10.1717,76.9464,6.8825,52.2204,0.8790,41.1852,0.0612,1.6870,0.0181
2033-10-14,23.8524,17.9564,76.4502,7.9151,27.7495,0.8904,40.5908,0.0578,1.6485,0.0170
2033-10-15,21.3423,33.5328,84.6536,7.6023,4.5456,0.5218,27.4734,0.0024,0.8109,0.0006
2033-10-16,20.6425,13.2356,86.0960,8.0798,4.4197,0.4581,26.3445,0.0018,0.7276,0.0004
2033-10-17,26.1801,0.0002,56.0704,7.0364,9.8361,2.2739,68.2456,0.8434,2.8821,0.2930
2033-10-18,20.7556,0.1910,60.4511,10.8570,14.2761,3.5836,80.6997,2.1186,4.4036,0.8637
2033-10-19,17.6187,5.5359,73.3469,8.1348,11.4256,2.1813,53.6056,0.3682,2.9531,0.1290
2033-10-20,20.9059,1.5709,73.1123,6.2030,15.8927,2.6312,63.3735,0.6721,3.7219,0.2562
2033-10-21,20.1086,1.1320,73.2980,5.2402,20.2162,3.4892,69.4390,0.8002,4.8750,0.3405
2033-10-22,19.2242,0.5220,75.8635,6.3528,24.3806,4.2325,76.4711,1.1550,5.9031,0.5351
2033-10-23,19.9549,0.0008,67.7931,5.7762,28.6764,5.2600,81.3668,1.7689,7.2126,0.9014
2033-10-24,21.2988,0.0000,63.6846,5.3815,33.2142,6.4925,83.9733,2.4049,8.7225,2.0680
2033-10-25,21.4464,0.0001,59.9857,6.6910,37.7786,7.8595,85.3615,3.1033,10.3407,3.2994
2033-10-26,21.2892,0.0000,51.1138,7.7976,42.3146,9.5179,86.9132,4.0814,12.1843,4.9326
2033-10-27,20.3323,0.6297,62.5914,8.6341,46.6785,10.7327,84.8292,3.1805,13.6304,4.0570
2033-10-28,20.7667,1.2109,66.8446,7.1398,51.1205,11.8312,79.1864,1.5021,14.9896,1.5328
2033-10-29,21.0382,0.6135,67.7341,5.2967,55.6113,12.9136,81.6302,1.7809,16.3408,2.2466
2033-10-30,20.3285,5.5735,78.2569,4.5579,52.4539,8.0915,50.1237,0.2096,11.6790,0.1377
2033-10-31,19.7444,6.1634,84.7433,6.5288,48.1729,4.6200,36.9405,0.0260,7.4530,0.0135
2033-11-01,19.7506,3.1678,74.3379,10.0336,48.4251,3.2870,50.6475,0.2940,5.6202,0.1332
2033-11-02,14.7437,36.9678,84.3505,14.6575,2.3579,1.2459,28.1677,0.0043,1.1186,0.0012
2033-11-03,15.8007,0.0038,61.7881,8.9041,4.9060,2.1022,58.1093,0.5639,2.0705,0.1764
2033-11-04,17.6476,0.0000,54.8217,4.9686,7.7865,3.2251,75.3006,1.0007,3.2090,0.3610
2033-11-05,20.1552,0.0033,48.5148,5.5901,11.1185,4.6760,84.0779,2.4645,4.6527,1.1683
2033-11-06,21.7685,0.0070,52.6181,8.0738,14.7408,6.1125,86.4639,3.8831,6.0958,3.1310
2033-11-07,21.5599,0.0000,57.1321,6.3799,18.3256,7.4004,86.5121,3.5898,7.3959,3.1862
2033-11-08,21.5724,0.0000,62.0504,7.8698,21.9126,8.5411,86.5603,3.8961,8.6516,3.8464
2033-11-09,21.5901,0.0013,66.5400,6.6281,25.5028,9.5477,86.3994,3.5775,9.8636,3.7780
2033-11-10,20.7571,0.0041,69.9630,4.8319,28.9431,10.4181,85.7746,2.9931,10.9671,3.2844
2033-11-11,21.7307,0.0000,64.3489,8.7863,32.5587,11.4972,85.8226,3.6777,12.2128,4.4320
2033-11-12,20.8350,0.0000,64.3679,10.0625,36.0130,12.5334,85.8706,3.9484,13.4043,5.0431
2033-11-13,22.6222,0.0000,60.0499,8.8015,39.7889,13.7899,86.0504,3.8001,14.7767,5.1408
2033-11-14,22.6952,0.0000,58.9252,6.1082,43.5781,15.0857,86.2448,3.4098,16.1739,4.8653
2033-11-15,21.8009,0.0004,59.0776,4.9077,47.2062,16.3282,86.2930,3.2315,17.5127,4.8396
2033-11-16,22.3506,0.0064,60.3078,4.7674,50.9333,17.5623,86.3411,3.2306,18.8637,5.0708
2033-11-17,23.3031,0.0003,53.1625,3.2928,54.8319,19.0776,87.1054,3.3427,20.4058,5.5116
2033-11-18,22.7698,0.0002,56.5783,4.3687,58.6345,20.4518,87.1538,3.5534,21.8502,6.1000
2033-11-19,21.1607,0.0000,67.5307,7.4901,62.1474,21.4101,86.3189,3.6941,23.0060,6.5292
2033-11-20,20.8087,0.0000,64.1637,5.3686,65.5969,22.4510,86.3670,3.3422,24.1975,6.1269
2033-11-21,20.8768,0.0000,62.2141,8.7740,69.0588,23.5519,86.4152,3.9950,25.4258,7.4477
2033-11-22,19.0279,0.0029,62.8715,5.2438,72.1878,24.5427,86.4634,3.3668,26.5332,6.5315
2033-11-23,18.5538,0.0000,67.2018,3.2213,75.2315,25.3974,85.9516,2.8291,27.5463,5.6640
2033-11-24,20.0460,0.0000,60.7986,5.8158,78.5437,26.4964,85.9997,3.2460,28.7479,6.6342
2033-11-25,20.0475,0.0001,51.2604,6.4258,81.8563,27.8629,86.8681,3.7844,30.1063,7.8453
2033-11-26,20.1205,0.0010,50.2428,7.5198,85.1820,29.2628,87.2521,4.2236,31.4851,8.8674
2033-11-27,20.0495,0.0000,56.8124,7.9153,88.4949,30.4738,87.3005,4.3385,32.7518,9.2838
2033-11-28,19.8072,0.0051,61.5931,10.1911,91.7642,31.5384,87.0141,4.6711,33.9264,10.0823
2033-11-29,18.0908,0.4748,71.4569,10.0068,94.7245,32.2646,85.3352,3.6543,34.8517,8.3037
2033-11-30,19.9634,0.0225,67.9617,6.9798,98.0219,33.1593,85.3830,3.1582,35.9312,7.4310
2033-12-01,20.5099,0.0000,67.0392,5.9065,101.4177,33.9687,85.4308,3.0119,36.9758,7.2471
2033-12-02,19.5333,0.0072,72.9268,5.7664,104.6377,34.6035,84.9586,2.8018,37.8854,6.8886
2033-12-03,18.8916,0.2038,69.2857,14.8002,107.7422,35.3013,85.0063,4.4462,38.8115,10.4517
2033-12-04,17.6746,3.8926,74.7324,5.9968,105.6061,25.6268,57.8466,0.4777,31.9007,0.5880
2033-12-05,18.7584,0.0017,65.2151,8.6914,108.6867,26.4118,74.4979,1.1557,32.8602,2.3084
2033-12-06,16.6989,0.0000,63.6925,13.7539,111.3965,27.1461,81.2846,2.6192,33.7382,5.9993
2033-12-07,17.1591,5.7810,71.7330,16.1501,105.1170,16.9018,57.7702,0.7923,24.1114,0.8096
2033-12-08,16.5296,12.9416,77.3090,10.9484,84.2544,8.2148,39.2346,0.0520,13.2097,0.0367
2033-12-09,15.7616,4.3534,74.7766,4.9731,81.1414,5.1998,40.1760,0.0461,8.9636,0.0263
2033-12-10,15.7668,0.0056,67.4514,4.4578,83.6834,5.8237,60.7386,0.5360,9.9213,0.3220
2033-12-11,14.1755,0.1425,76.3539,4.8006,85.9390,6.2342,69.9695,0.7960,10.5543,0.4945
2033-12-12,14.7573,0.0846,80.0203,5.8521,88.2993,6.5942,74.8758,1.0217,11.1135,0.6531
2033-12-13,17.7103,0.0040,72.0225,6.9664,91.1911,7.1923,79.6765,1.5627,12.0154,1.2288
2033-12-14,18.2834,7.9463,68.2830,15.1639,81.2308,4.0528,56.5984,0.6878,7.2068,0.3504
2033-12-15,15.0105,20.1851,80.1097,11.3748,47.9358,1.7121,33.3975,0.0147,3.1434,0.0053
2033-12-16,14.8265,8.5177,86.4682,16.3616,37.6411,0.4607,29.6716,0.0072,0.8941,0.0018
2033-12-17,17.6052,0.3975,81.5973,11.5887,40.5140,0.8519,52.0836,0.3741,1.6187,0.1094
2033-12-18,17.1733,0.0000,71.6630,6.1583,43.3092,1.4403,68.1359,0.8040,2.6595,0.2719
2033-12-19,18.5353,0.0000,68.1449,14.8912,46.3496,2.1511,78.8802,2.1566,3.8550,0.8335
2033-12-20,18.0639,0.1520,77.1233,5.8623,49.3051,2.6493,80.6294,1.6345,4.6712,0.6829
2033-12-21,14.8240,13.4498,89.2866,10.8815,30.2328,0.8666,31.1174,0.0081,1.6173,0.0024
2033-12-22,11.2859,0.0027,65.8004,8.4192,31.9683,1.3480,54.6258,0.4121,2.4389,0.1355
2033-12-23,13.1880,0.0051,58.9597,4.9049,34.0461,2.0143,70.4428,0.8125,3.5096,0.3030
2033-12-24,14.4854,0.0009,63.4116,5.3815,36.3575,2.6624,78.1555,1.2519,4.5008,0.5150
2033-12-25,14.3893,0.0008,72.7764,5.7618,38.6516,3.1416,80.4268,1.5907,5.2220,0.6974
2033-12-26,10.9373,17.8980,85.6386,15.3482,11.9026,1.0951,32.2341,0.0135,1.7807,0.0040
2033-12-27,10.6607,0.8394,71.2547,10.1192,13.5256,1.4793,52.0195,0.3449,2.3234,0.1117
2033-12-28,12.5612,0.0063,75.8399,6.5769,15.4906,1.8544,64.7797,0.7281,2.8545,0.2521
2033-12-29,14.0654,0.0019,76.6933,5.4011,17.7264,2.2561,72.4188,0.8929,3.4230,0.3298
2033-12-30,13.1023,0.0000,59.1143,7.3681,19.7888,2.9159,79.6838,1.5959,4.2619,0.6420
2033-12-31,13.1815,0.0000,53.3816,7.3050,21.8654,3.6725,83.4633,2.4772,5.1729,1.3569
2034-01-01,13.0843,0.0000,57.0256,6.6623,23.9246,4.4229,84.4668,2.7411,6.0498,1.9093
2034-01-02,12.4953,0.0032,67.5484,7.4270,25.8777,4.9661,84.5143,2.8671,6.7120,2.2143
2034-01-03,12.1953,0.0000,51.4387,8.4401,27.7769,5.7609,85.4017,3.4082,7.5877,3.0362
2034-01-04,13.2869,0.0000,53.6276,12.8278,29.8725,6.5823,85.6100,4.3765,8.4885,4.3217
2034-01-05,14.3517,0.0000,59.1257,13.1982,32.1598,7.3598,85.6579,4.4889,9.3629,4.6861
2034-01-06,13.5306,0.0000,65.9176,13.3712,34.2993,7.9737,85.3041,4.3108,10.0857,4.6833
2034-01-07,14.3996,0.0000,68.3822,13.2689,36.5953,8.5770,84.9809,4.1016,10.8163,4.6276
2034-01-08,14.8326,2.6390,69.8776,9.3233,38.9691,6.6992,66.2651,0.8851,9.3710,0.5157
2034-01-09,13.0813,13.4451,81.6268,9.1218,20.1242,3.1041,33.3200,0.0129,4.4804,0.0053
2034-01-10,13.9962,0.0047,69.3875,15.2242,22.3475,3.6730,59.7847,0.8697,5.2066,0.3808
2034-01-11,13.8165,0.6821,69.1249,15.8771,24.5385,4.2400,72.4556,1.5160,5.9219,0.7033
2034-01-12,13.0582,0.0008,64.4311,10.1115,26.5930,4.8599,79.1849,1.7445,6.6717,0.8560
2034-01-13,12.9182,0.0030,61.5703,5.7519,28.6222,5.5232,82.1042,1.9290,7.4516,0.9989
2034-01-14,13.2871,0.0000,51.8023,6.6497,30.7179,6.3768,84.5665,2.7766,8.3962,2.4821
2034-01-15,14.3539,0.0000,61.2492,4.8281,33.0056,7.1141,84.6140,2.5495,9.2459,2.3626
2034-01-16,14.3618,0.8061,69.4357,7.6724,35.2948,7.6959,80.7053,1.8056,9.9616,1.3739
2034-01-17,13.1342,7.9588,75.9816,14.8715,26.0519,4.0627,47.6129,0.2548,5.8462,0.1175
2034-01-18,13.2791,2.4823,80.0775,13.1998,28.1462,2.8379,50.2401,0.3285,4.5332,0.1355
2034-01-19,14.6463,0.0035,79.3426,6.1277,30.4865,3.2384,63.0475,0.6593,5.1177,0.2865
2034-01-20,16.4217,0.0015,65.0543,6.8516,33.1464,3.9922,75.3650,1.1044,6.1366,0.5209
2034-01-21,16.7713,1.0061,63.7086,7.5291,35.8693,4.7907,77.0574,1.2779,7.1830,0.6499
2034-01-22,14.4801,0.6858,77.0709,4.8341,38.1797,5.2305,77.0813,1.1176,7.7922,0.5918
2034-01-23,15.2053,1.8276,72.6156,6.2689,40.6206,4.7389,67.7796,0.7992,7.3377,0.4107
2034-01-24,11.6914,11.6904,74.3059,20.3774,24.4638,2.2144,43.7799,0.1891,3.6115,0.0713
2034-01-25,10.5850,14.0557,71.2859,21.4189,4.8884,0.8502,39.0617,0.0852,1.1851,0.0231
2034-01-26,11.4026,2.1401,71.3005,12.3144,6.6449,0.5162,50.8856,0.3391,0.8646,0.0867
2034-01-27,11.9298,17.2711,84.6949,16.1915,1.8514,0.2455,28.9140,0.0058,0.3688,0.0013
2034-01-28,9.5428,0.9481,74.0210,7.4361,3.2731,0.5859,45.8401,0.1359,0.8095,0.0344
2034-01-29,10.9144,0.5202,69.0070,7.7498,4.9417,1.0443,62.5776,0.6992,1.3666,0.1962
2034-01-30,11.9870,19.8002,86.9383,19.9842,1.8617,0.2104,29.6723,0.0086,0.3282,0.0019
2034-01-31,11.4683,17.0567,80.7822,14.4375,1.7683,0.2974,27.0672,0.0031,0.4187,0.0007
2034-02-01,11.7841,0.0021,52.9291,7.3870,3.5934,1.1588,55.8112,0.4351,1.2832,0.1203
2034-02-02,12.8611,0.4592,55.0124,4.8115,5.6124,2.0510,71.7432,0.8453,2.1436,0.2671
2034-02-03,12.2651,3.2591,75.0934,11.4088,4.6694,1.1641,56.1858,0.5501,1.4343,0.1561
2034-02-04,11.7701,0.0017,59.5796,8.7626,6.4921,1.9031,71.7626,1.0323,2.1965,0.3286
2034-02-05,12.6779,22.1214,81.4247,17.7115,1.9860,0.6078,35.7127,0.0349,0.6887,0.0086
2034-02-06,9.6129,12.1755,77.7631,20.2379,1.4343,0.3384,32.7877,0.0198,0.4257,0.0046
2034-02-07,12.6385,11.6487,78.9880,12.3940,1.9789,0.4101,30.6174,0.0076,0.5403,0.0018
2034-02-08,15.7683,2.7555,79.0256,13.8686,4.5212,0.5026,44.7739,0.1597,0.7866,0.0402
2034-02-09,13.6627,9.3898,87.7919,11.1656,2.1633,0.2560,27.2187,0.0027,0.3951,0.0006
2034-02-10,11.5455,5.1655,77.2780,8.7054,1.7822,0.4082,32.5223,0.0104,0.5191,0.0025
2034-02-11,12.5864,0.0000,59.2698,6.7941,3.7517,1.2000,57.8124,0.4961,1.3336,0.1384
2034-02-12,13.4178,0.0000,51.3241,5.2207,5.8709,2.2038,73.9490,0.9444,2.2738,0.3038
2034-02-13,14.8253,0.0000,53.4885,7.4520,8.2435,3.2560,81.6209,1.9830,3.2766,0.7209
2034-02-14,15.7816,0.0000,56.9127,4.8427,10.7882,4.2893,84.0587,2.3673,4.3022,0.9559
2034-02-15,15.6866,0.0000,59.6955,2.5008,13.3158,5.2503,84.6398,2.2753,5.2880,1.0380
2034-02-16,18.6086,0.0000,49.4163,6.9561,16.3693,6.6665,86.5274,3.7036,6.6581,3.1092
2034-02-17,19.9043,0.0000,39.8597,6.4236,19.6561,8.4609,88.5463,4.8102,8.4264,4.7546
2034-02-18,19.0165,0.0000,39.2768,6.2447,22.7830,10.1960,89.0097,5.0950,10.1430,5.5618
2034-02-19,18.8556,0.0001,43.3290,5.8334,25.8811,11.8025,89.0587,5.0257,11.7401,5.9373
2034-02-20,19.8058,0.0000,40.0360,8.4263,29.1501,13.5832,89.1341,5.7895,13.5099,7.3035
2034-02-21,20.5042,0.0000,39.7299,6.0714,32.5449,15.4328,89.2837,5.2533,15.3503,7.1607
2034-02-22,21.7291,0.0000,33.4841,5.4401,36.1601,17.5899,90.4216,5.9901,17.4938,8.6339
2034-02-23,21.6837,0.0000,30.5406,4.7525,39.7672,19.8379,91.1285,6.4002,19.7279,9.7388
2034-02-24,19.8839,0.0000,44.4219,7.8278,43.0503,21.4945,90.2404,6.5831,21.3828,10.4048
2034-02-25,18.8974,0.0000,57.5752,5.7574,46.1558,22.6997,88.2125,4.4340,22.5946,7.6342
2034-02-26,19.5693,0.0001,58.1603,5.2206,49.3823,23.9281,87.6799,3.9986,23.8297,7.1736
2034-02-27,19.8174,0.0001,59.2532,5.2781,52.6534,25.1388,87.4299,3.8694,25.0471,7.1712
2034-02-28,19.6560,0.0002,57.5136,4.5066,55.8955,26.3915,87.4784,3.7478,26.3046,7.1728
2034-03-01,16.5335,5.1560,65.4767,15.4252,51.8203,17.6113,62.1108,1.0052,19.0430,0.8836
2034-03-02,12.9596,2.4430,64.9144,13.1342,53.8570,15.1023,62.3509,0.9068,17.7566,0.7632
2034-03-03,15.5495,0.4917,68.3943,8.4944,56.3599,15.9993,74.3611,1.1364,18.7160,0.9881
2034-03-04,17.3665,0.0275,70.5982,5.9694,59.1899,16.9248,79.5089,1.4614,19.7391,1.9822
2034-03-05,15.2843,0.0022,59.2650,9.9639,61.6451,18.0625,83.1535,2.7209,20.8511,4.5330
2034-03-06,18.5952,0.0036,50.8553,8.4291,64.6962,19.7124,85.9487,3.6765,22.3785,6.3922
2034-03-07,13.1977,2.5206,68.9532,11.6472,66.7758,16.6842,67.4308,1.0360,20.5390,0.9550
2034-03-08,5.3734,26.6379,87.0123,12.8216,21.6912,6.8173,22.5850,0.0006,7.6353,0.0003
2034-03-09,8.1865,11.4833,82.8053,12.3962,6.0588,3.1884,22.3619,0.0006,3.0625,0.0002
2034-03-10,10.7129,20.1742,81.5293,7.8922,1.6323,1.2827,20.6314,0.0002,0.9831,0.0001
2034-03-11,15.3200,0.0002,53.6669,3.5169,4.0939,2.5796,51.1333,0.2240,2.3735,0.0730
2034-03-12,18.4235,0.0000,48.4821,10.8440,7.1142,4.2941,76.2601,1.4279,4.1062,0.5658
2034-03-13,20.4280,0.0003,51.2272,10.2876,10.4952,6.0839,84.4925,3.3019,5.9132,2.4900
2034-03-14,20.1598,0.0542,56.7531,11.7077,13.8280,7.6511,85.8285,4.2645,7.5006,3.9233
2034-03-15,19.7957,0.1769,52.0162,13.9821,17.0952,9.3602,86.7559,5.4506,9.2135,5.6495
2034-03-16,18.9735,0.0101,56.9154,11.9540,20.2144,10.8345,86.8042,4.9549,10.6967,5.5682
2034-03-17,16.4970,0.0029,66.4342,8.3332,22.8879,11.8413,85.8765,3.6219,11.7194,4.2526
2034-03-18,19.0323,0.0009,61.8344,4.7637,26.0177,13.1511,85.9245,3.0461,13.0393,3.7571
2034-03-19,21.4103,0.0000,53.3322,6.9356,29.5756,14.9418,86.7673,3.8277,14.8291,5.1895
2034-03-20,21.9202,0.0000,51.0409,13.6686,33.2252,16.8629,87.3865,5.8691,16.7467,8.2864
2034-03-21,21.6300,0.0002,48.9363,15.7093,36.8226,18.8414,87.7696,6.8710,18.7197,10.0554
2034-03-22,20.8362,0.0000,48.6408,16.1470,40.2771,20.7619,87.8183,7.0733,20.6349,10.8355
2034-03-23,21.5488,0.0096,44.0080,18.0789,43.8599,22.9236,88.5668,8.6799,22.7877,13.4334
2034-03-24,20.7941,0.9745,50.4940,14.4315,47.3068,24.7712,85.2229,4.4966,24.6324,8.1239
2034-03-25,19.6303,0.0057,59.1424,6.5448,50.5443,26.2149,85.6136,3.1904,26.0795,6.1419
2034-03-26,20.8788,0.0125,56.9091,6.6361,54.0065,27.8293,86.1546,3.4575,27.6956,6.8736
2034-03-27,22.2475,0.0002,48.8438,6.0996,57.7150,29.8653,87.5320,4.0922,29.7270,8.3424
2034-03-28,23.7581,0.0000,41.6226,4.8425,61.6955,32.3389,89.0879,4.8011,32.1906,10.0127
2034-03-29,23.8863,0.0000,39.7943,6.0955,65.6990,34.9032,89.7245,5.6031,34.7441,11.8600
2034-03-30,24.0760,0.0000,35.4199,6.3399,69.7367,37.6746,90.5592,6.3925,37.5019,13.7243
2034-03-31,24.2751,0.0000,29.7787,7.7007,73.8102,40.7120,91.6946,8.0471,40.5222,17.0432
2034-04-01,22.5985,0.0088,41.9790,9.6359,78.8319,44.0454,91.0044,8.0424,43.8418,17.7491
2034-04-02,16.1208,1.4035,51.6550,18.9840,82.6877,46.0638,82.1312,3.7700,45.8579,10.0419
2034-04-03,14.9529,0.0147,47.6764,10.2539,86.3332,48.1001,85.5130,3.7926,47.8899,10.3533
2034-04-04,17.2302,0.0000,42.1716,7.5477,90.3886,50.6699,87.5569,4.4177,50.4503,12.0839
2034-04-05,19.2239,0.0000,42.9256,6.6570,94.8029,53.4820,88.2797,4.6845,53.2520,13.0550
2034-04-06,21.0858,0.0007,35.1065,7.5322,99.5524,56.9724,89.8804,6.1599,56.7243,16.6832
2034-04-07,23.7078,0.0028,43.6755,14.6741,104.7738,60.3598,89.9297,8.8907,60.0983,22.4736
2034-04-08,20.4883,0.0080,50.0702,4.6590,109.4157,62.9730,89.2786,4.8889,62.7050,14.7932
2034-04-09,24.3581,0.0580,37.4718,5.9055,114.7541,66.8321,90.1874,5.9302,66.5444,17.6811
2034-04-10,20.5453,0.5129,51.3519,13.8801,119.4063,69.3850,89.0168,7.4934,69.0913,21.3899
2034-04-11,17.9058,7.0750,62.3339,19.2366,111.5551,41.8697,62.9578,1.2709,43.2021,3.3449
2034-04-12,18.2209,1.8447,57.8761,14.6793,115.7888,40.6212,72.1090,1.4085,43.2819,3.7736
2034-04-13,17.0119,0.4761,59.0447,10.1038,119.8050,42.4195,80.9710,2.1025,45.0032,5.8865
2034-04-14,17.9460,4.8902,72.1163,9.2460,116.6501,29.3276,56.9301,0.5243,36.0171,0.7011
2034-04-15,18.2793,2.0542,79.3405,10.1734,120.8944,26.9881,58.9844,0.6395,34.6425,0.8326
2034-04-16,20.7507,0.6565,63.7746,7.6308,125.5835,28.9071,75.0077,1.1256,36.6968,2.4758
2034-04-17,23.8484,0.0224,53.5102,3.4896,130.8302,31.7189,83.8213,2.1425,39.4979,5.4844
2034-04-18,23.9271,0.2565,54.4057,6.6248,136.0911,34.4853,86.4578,3.6065,42.2227,9.2098
2034-04-19,27.9231,0.0713,45.9558,5.6128,142.0712,38.2879,88.9116,4.8663,45.7512,12.3504
2034-04-20,24.4775,0.5571,51.4641,18.4298,147.4312,41.2975,87.8174,7.9346,48.5772,18.5394
2034-04-21,17.6319,2.8804,57.6990,19.4459,148.3823,34.9856,73.7972,1.9204,44.0223,5.3049
2034-04-22,17.6878,2.2345,64.6537,15.0171,152.5201,31.9559,70.8040,1.3687,41.9424,3.5609
2034-04-23,20.0759,0.0033,51.3474,9.1262,157.0877,34.4536,82.6969,2.4609,44.5045,6.7796
2034-04-24,23.4307,0.0000,45.6558,5.6843,162.2593,37.6855,87.3485,3.9038,47.6839,10.5771
2034-04-25,25.4797,0.0071,43.2809,5.7992,167.7996,41.3403,89.0899,5.0396,51.1663,13.5188
2034-04-26,23.8655,11.3993,45.9302,8.7069,149.2431,23.0964,66.9096,0.8777,33.3067,1.4508
2034-04-27,20.7274,11.8797,59.3502,14.0036,130.0953,12.8956,58.1555,0.7316,20.6692,0.6772
2034-04-28,19.5961,5.0120,60.9360,8.2162,126.7776,9.6044,57.5224,0.5214,16.1501,0.4141
2034-04-29,21.6535,0.5427,59.4261,5.9731,131.6292,11.8426,76.1007,1.1055,19.3360,0.9811
2034-04-30,20.3645,0.0137,62.2147,9.3115,136.2488,13.8088,82.5747,2.4462,22.0346,4.2014
2034-05-01,17.9002,0.7496,62.3872,12.4244,141.8749,15.6902,82.4789,2.8276,24.5836,5.2572
2034-05-02,17.7996,0.0664,49.7855,7.3775,147.4828,18.1887,85.7196,3.3767,27.8047,6.7413
2034-05-03,17.8774,0.5159,50.6138,9.3384,153.1047,20.6561,86.5057,4.1632,30.8925,8.6611
2034-05-04,17.8264,0.0144,48.5889,9.0886,158.7175,23.2177,87.0837,4.4626,34.0010,9.7159
2034-05-05,18.3458,0.0410,51.6505,9.1091,164.4237,25.6930,87.1321,4.4981,36.9510,10.2595
2034-05-06,23.8371,0.0027,40.5440,4.8567,171.1184,29.5963,89.1753,4.8651,41.3242,11.6593
2034-05-07,24.1726,0.4661,42.1445,10.5908,177.8734,33.4457,89.4393,6.7458,45.5019,15.8680
2034-05-08,16.5306,4.6954,71.8002,16.3750,175.2656,23.2196,61.3993,1.0148,34.8851,2.0154
2034-05-09,15.5689,4.9312,71.3365,12.4798,171.9511,15.9911,52.3903,0.4044,25.9491,0.4336
2034-05-10,13.1645,16.0252,96.6410,8.1507,141.8847,7.1333,13.0772,0.0000,12.6736,0.0000
2034-05-11,17.7186,6.5463,71.1584,8.3779,135.9603,4.9152,36.8700,0.0281,9.0155,0.0160
2034-05-12,17.6914,0.4218,71.2306,8.4074,141.5487,6.3384,60.9612,0.6626,11.4006,0.4296
2034-05-13,18.0965,0.1135,69.3792,5.3415,147.2101,7.8859,73.5360,0.9324,13.9091,0.6775
2034-05-14,21.8336,0.3307,56.0134,4.1120,153.5441,10.5417,82.4668,1.8572,17.9948,2.5913
2034-05-15,24.1616,0.7593,49.5752,7.0783,160.2972,13.8952,85.5502,3.2485,22.8406,5.7508
2034-05-16,23.8822,0.8350,51.2681,5.2444,167.0000,17.1003,85.2639,2.8464,27.2299,5.6553
2034-05-17,25.2329,0.0129,48.8825,4.3764,173.9459,20.6440,87.7313,3.8604,31.8408,8.2551
2034-05-18,26.5106,0.0963,46.1911,7.3638,181.1218,24.5554,88.9040,5.3094,36.6790,11.7026
2034-05-19,28.5477,0.0003,36.0085,10.2557,188.6644,29.5500,91.0997,8.4110,42.4701,18.0468
2034-05-20,28.5262,0.0000,34.2344,8.2098,196.2031,34.6795,91.6551,8.2101,48.1031,18.9124
2034-05-21,29.2095,0.0117,38.1633,9.7410,203.8648,39.6137,91.7050,8.9316,53.3236,21.2023
2034-05-22,24.8633,0.0138,52.0508,7.6648,210.7442,42.8911,89.8475,6.1720,56.8544,16.7286
2034-05-23,22.8628,0.0113,55.2232,9.5329,217.2635,45.7159,88.7840,5.8214,59.9144,16.4721
2034-05-24,21.9378,1.0835,51.5862,13.3457,223.6163,48.6523,84.7690,3.9997,63.0241,12.6856
2034-05-25,18.8742,4.4716,70.4362,11.1625,221.0992,34.9555,61.5076,0.7851,50.1066,2.0047
2034-05-26,23.1073,0.0014,46.7928,10.5958,227.6625,38.3464,82.4452,2.5679,53.9676,7.9763
2034-05-27,21.5639,0.0000,32.6432,11.2691,233.9480,42.3653,89.3306,6.8724,58.3254,18.3683
2034-05-28,23.7490,0.0000,27.0315,7.3817,240.6269,47.1388,91.8915,8.1428,63.2842,21.6823
2034-05-29,26.6014,0.0000,24.3079,5.4549,247.8191,52.6589,93.2466,8.9409,68.7802,24.1830
2034-05-30,26.0724,0.0002,34.6743,10.2959,254.9161,57.3320,92.8457,10.7881,73.3961,28.4577
2034-05-31,25.5932,0.0000,39.7924,9.1343,261.9269,61.5631,91.9419,8.9582,77.5550,25.7538
2034-06-01,23.8211,0.0000,41.2583,10.0681,269.6187,65.4171,91.3076,8.5820,81.4369,25.6220
2034-06-02,23.9549,0.0002,36.7775,10.9043,277.3346,69.5873,91.3574,9.0149,85.5255,27.1859
2034-06-03,21.9519,0.1202,42.4217,14.6817,284.6899,73.0816,90.7573,10.0116,89.0281,29.7984
2034-06-04,20.5620,0.1338,45.5695,15.0191,291.7951,76.1857,90.0102,9.1515,92.1936,28.5254
2034-06-05,19.1995,0.1153,51.2860,12.2257,298.6550,78.7890,88.9190,6.7980,94.9533,23.5630
2034-06-06,21.8874,0.0963,47.6567,11.8066,305.9987,81.9567,88.9680,6.7029,98.1762,23.7237
2034-06-07,22.6879,0.0001,37.8730,8.7869,313.4865,85.8474,89.8405,6.5245,101.9192,23.7093
2034-06-08,27.8455,0.0000,28.4572,5.4821,321.9027,91.2993,92.3806,7.9286,106.8415,27.7513
2034-06-09,31.1417,0.0000,27.8957,6.2671,330.9122,97.4196,93.3603,9.4635,112.2350,31.9711
2034-06-10,30.8551,0.0000,35.9490,10.7483,339.8701,102.8080,93.3251,11.8028,117.0781,37.6477
2034-06-11,27.8908,0.0009,39.9231,11.4545,348.2945,107.3932,92.2797,10.5615,121.2900,35.4928
2034-06-12,30.4562,0.0001,20.4072,6.7968,357.1806,114.0056,94.7261,11.7434,126.8170,38.6830
2034-06-13,32.9837,0.0000,22.7132,6.2611,366.5217,120.9406,94.8822,11.6784,132.5433,39.1434
2034-06-14,36.1538,0.0000,27.0377,5.3788,376.4333,128.0964,94.9332,11.2489,138.4284,38.7490
2034-06-15,34.6271,0.0001,27.9650,10.9907,386.0702,134.8719,94.9842,15.0299,143.9890,47.2070
2034-06-16,31.7697,0.0005,31.7099,9.8597,395.1928,140.7813,94.4097,13.1192,148.9287,43.7111
2034-06-17,32.3800,0.0198,38.4179,8.9604,404.4252,146.2093,93.3094,10.7623,153.5966,38.7930
2034-06-18,34.8644,0.0023,34.1616,7.6825,414.1048,152.4430,93.3598,10.1625,158.7686,37.6818
2034-06-19,35.7484,0.0000,25.0960,8.6009,423.9435,159.7094,94.7670,12.9335,164.4955,44.3780
2034-06-20,36.7784,0.0000,22.1796,11.2649,433.9676,167.4697,95.6133,16.6055,170.4735,52.3223
2034-06-21,31.3946,0.0072,39.3073,12.5686,443.0226,172.6618,93.1482,12.6207,174.9059,44.2327
2034-06-22,28.9574,0.0043,38.0615,11.9510,451.6390,177.5630,92.6832,11.4621,179.0960,41.7664
2034-06-23,30.0316,0.0000,31.9192,10.2698,460.4487,183.1429,92.7335,10.6056,183.6597,39.8957
2034-06-24,29.2615,0.0000,35.5022,12.4554,469.1197,188.2983,92.7837,11.9242,188.2903,43.1876
2034-06-25,29.8844,0.0000,35.1707,10.5295,477.9029,193.5865,92.8340,10.8980,193.5565,40.9251
2034-06-26,29.5413,0.0000,28.5437,10.5588,486.6243,199.3507,93.0402,11.2341,199.2916,41.8937
2034-06-27,32.5238,0.0000,23.0463,7.7057,495.8826,206.1627,94.6111,12.1010,206.0624,44.1081
2034-06-28,37.9701,0.0000,16.8231,6.0184,506.1212,214.7181,96.8933,15.1507,214.5563,51.0389
2034-06-29,36.2935,0.0000,25.5637,14.9140,516.0581,222.0460,96.3640,22.0922,221.8356,64.5418
2034-06-30,35.2057,0.0000,23.3838,17.5674,525.7991,229.3690,96.4155,25.4282,229.1071,70.4097
2034-07-01,33.7887,0.0000,24.7409,15.6123,535.5851,235.5356,96.0776,22.0155,235.2381,64.6739
2034-07-02,35.0303,0.0000,21.7721,13.0975,545.5945,242.1735,96.1289,19.5303,241.8335,60.2307
2034-07-03,36.4712,0.0000,16.1834,9.2724,555.8633,249.5694,96.8733,17.8025,249.1750,56.9954
2034-07-04,36.6952,0.0001,15.1009,9.1774,566.1725,257.1054,97.1672,18.4271,256.6529,58.2943
2034-07-05,38.0458,0.0024,18.6131,9.8312,576.7247,264.5878,97.2189,19.1761,264.0777,59.8014
2034-07-06,38.1106,0.0000,18.1459,9.9406,587.2886,272.1256,97.2706,19.4155,271.5552,60.3141
2034-07-07,36.4904,0.0000,17.1281,7.0001,597.5609,279.4418,97.3224,16.8574,278.8112,55.3454
2034-07-08,36.2290,0.0000,16.7204,7.0336,607.7861,286.7428,97.3742,17.0026,286.0504,55.6765
2034-07-09,36.6264,0.0000,14.2700,6.3689,618.0828,294.3388,97.4259,16.5563,293.5777,54.8011
2034-07-10,36.2959,0.0000,14.1457,7.7763,628.3201,301.8790,97.4778,17.8958,301.0480,57.5221
2034-07-11,34.4167,0.0000,26.2253,9.9840,638.2191,308.0328,96.1163,16.6662,307.1546,55.0719
2034-07-12,30.7920,0.0000,41.3577,12.8886,647.4657,312.4251,92.7835,12.1870,311.5287,45.2749
2034-07-13,31.5275,0.0000,32.7779,9.5623,656.8446,317.5762,92.8338,10.3793,316.6473,40.8636
2034-07-14,36.2726,0.0000,23.1001,6.0443,667.0777,324.3258,95.2124,12.0857,323.3383,45.0581
2034-07-15,36.5289,0.0000,25.3700,8.1464,677.3569,330.9212,95.2635,13.5302,329.8772,48.4040
2034-07-16,37.2811,0.0000,22.2562,7.6049,687.7715,337.9290,95.6967,13.9661,336.8200,49.3883
2034-07-17,38.3954,0.0000,17.9048,6.1013,698.3866,345.5439,96.7901,15.0053,344.3571,51.6655
2034-07-18,38.3998,0.0000,18.4093,8.1256,709.0026,353.1129,96.8417,16.7319,351.8475,55.2874
2034-07-19,35.2327,0.0000,24.8537,11.6636,719.0485,359.5251,96.3419,18.6986,358.2004,59.2042
2034-07-20,33.5116,0.0000,27.3214,10.5111,728.7846,365.4330,95.6084,15.9759,364.0567,53.7382
2034-07-21,34.9341,0.0000,21.1679,7.4539,738.7767,372.1044,95.6596,13.7907,370.6606,49.0290
2034-07-22,35.8864,0.0000,22.2368,7.8521,748.9403,378.8593,95.7108,14.1684,377.3463,49.8711
2034-07-23,35.3719,0.0000,23.0823,7.0169,759.0112,385.4478,95.7621,13.6794,383.8675,48.7869
2034-07-24,38.0264,0.0000,17.6788,5.1911,769.5599,393.0123,96.7771,14.3078,391.3445,50.1843
2034-07-25,39.2825,0.0000,20.8425,7.1476,780.3348,400.5197,96.8287,15.8997,398.7661,53.5975
2034-07-26,39.4230,0.0000,20.3067,7.4326,791.1349,408.1041,96.8804,16.2416,406.2615,54.3113
2034-07-27,38.4883,0.0000,17.7439,7.6485,801.7668,415.7519,96.9320,16.5331,413.8154,54.9147
2034-07-28,38.0052,0.0000,20.4777,7.8450,812.3118,423.0553,96.9836,16.8133,421.0312,55.4896
2034-07-29,38.2443,0.0000,20.5506,6.7367,822.8997,430.3966,97.0353,16.0102,428.2829,53.8357
2034-07-30,39.0702,0.0000,14.5403,7.6557,833.6364,438.4591,97.6424,18.1804,436.2367,58.2274
2034-07-31,36.3261,0.0000,18.7280,10.7450,843.8791,445.6027,97.6547,21.2774,443.2894,64.0882
2034-08-01,30.1822,0.0000,43.8490,12.6131,852.3159,449.2290,92.4841,11.5235,446.9007,43.7786
2034-08-02,31.8128,0.0000,38.8009,8.4340,861.0462,453.3873,92.5342,9.4015,451.0325,38.3975
2034-08-03,37.4403,0.0000,25.9093,6.0378,870.7894,459.2823,94.8323,11.4689,456.8636,43.6468
2034-08-04,34.2959,0.0001,37.4132,9.4416,879.9667,463.8557,93.7955,11.7987,461.4031,44.4436
2034-08-05,35.0283,0.0000,26.4260,8.3031,889.2758,469.3433,94.4048,12.1213,466.8326,45.2131
2034-08-06,35.0516,0.0000,24.0629,7.7514,898.5891,475.0107,94.9184,12.6518,472.4365,46.4585
2034-08-07,34.8266,0.0000,23.7010,8.4274,907.8618,480.6697,94.9873,13.2144,478.0311,47.7533
2034-08-08,33.9106,0.0000,30.1950,9.5726,916.9697,485.7151,94.9635,13.9538,483.0272,49.4171
2034-08-09,33.9762,0.0000,25.1896,9.1159,926.0895,491.1324,95.0145,13.7320,488.3842,48.9226
2034-08-10,32.1183,0.0000,30.2900,7.9737,934.8748,495.9129,94.7029,12.4213,493.1189,45.9215
2034-08-11,34.3564,0.0000,34.3590,6.6019,944.0629,500.7177,94.3105,10.9816,497.8810,42.4530
2034-08-12,36.4527,0.0000,24.2925,7.5259,953.6284,506.5871,95.0965,12.8177,503.6803,46.8442
2034-08-13,36.8618,0.0000,19.1567,6.7156,963.2675,512.9228,96.2567,14.4058,509.9322,50.4150
2034-08-14,36.0631,0.0000,22.7777,7.3917,972.7629,518.8474,96.3081,15.0088,515.7829,51.7228
2034-08-15,34.1521,0.0000,34.9590,8.6791,981.9142,523.5809,94.3980,12.3416,520.4737,45.7351
2034-08-16,35.8028,0.0000,24.9079,6.2028,991.3627,529.3017,94.8678,11.6211,526.1250,44.0184
2034-08-17,38.2045,0.0002,20.9341,3.8389,1001.2436,535.7173,96.0845,12.1755,532.4541,45.3436
2034-08-18,37.1715,0.0006,32.8852,8.2527,1010.9384,541.0201,95.1464,13.3868,537.7016,48.1466
2034-08-19,35.8896,0.0003,38.2601,9.3794,1020.4026,545.7347,93.9182,11.9638,542.3762,44.8410
2034-08-20,36.6635,0.0224,32.4562,8.7943,1030.0060,551.0005,93.9688,11.6981,547.5862,44.2044
2034-08-21,35.8498,0.0003,33.4570,7.2541,1039.4630,556.0765,94.0195,10.9008,552.6103,42.2532
2034-08-22,35.8917,0.0000,28.9992,5.1314,1048.9275,561.4987,94.0702,9.8640,557.9694,39.6169
2034-08-23,37.2649,0.0000,20.1204,7.3803,1058.6392,567.8254,96.0757,14.5368,564.2066,50.7019
2034-08-24,37.4862,0.0000,12.9686,7.8533,1068.3907,574.7583,97.6910,18.4811,571.0300,58.8225
2034-08-25,38.3474,0.0000,12.2255,6.8792,1078.2972,581.9065,98.0293,18.4007,578.0623,58.6656
2034-08-26,37.4522,0.0000,17.3552,7.5150,1088.0426,588.4841,98.0813,19.1305,584.5395,60.0787
2034-08-27,37.0738,0.0012,25.1679,6.5385,1097.7199,594.3815,96.7968,15.3534,590.3572,52.4603
2034-08-28,34.3735,0.0010,32.9008,6.6350,1106.9111,599.2954,94.8956,11.9224,595.2178,44.7427
2034-08-29,30.6408,0.0000,38.7082,10.2371,1115.4305,603.3117,93.0897,11.1304,599.2023,42.8217
2034-08-30,28.9729,0.0000,45.1218,9.5219,1123.6496,606.7188,91.5871,8.6871,602.5944,36.4686
2034-08-31,31.1382,0.0009,33.6603,5.6156,1132.2585,611.1340,92.2130,7.7958,606.9653,33.9561
2034-09-01,30.4967,1.9273,45.3533,9.2912,1139.4519,155.5289,85.8964,3.8117,231.9188,20.4183
2034-09-02,30.1237,0.0000,34.4947,7.5179,1146.5781,159.1703,91.2504,7.4859,236.3234,32.6426
2034-09-03,33.7484,0.0012,22.2061,4.8610,1154.3568,163.9969,94.8078,10.7723,242.0316,41.4913
2034-09-04,33.6335,0.0000,33.0992,11.8490,1162.1149,168.1339,94.4084,14.4999,246.9474,50.1573
2034-09-05,34.3852,0.0000,26.1401,12.6168,1170.0082,172.8001,94.4592,15.1778,252.4051,51.6658
2034-09-06,34.9702,0.0000,26.4881,14.4418,1178.0068,177.5209,94.5101,16.7568,257.8859,54.9924
2034-09-07,36.8632,0.0000,29.8922,9.8268,1186.3462,182.2593,94.5609,13.3733,263.3659,47.8106
2034-09-08,36.7407,0.0000,32.7486,7.9713,1194.6636,186.7901,94.6118,12.2651,268.5918,45.2968
2034-09-09,36.0729,0.3004,31.8945,7.2129,1202.8607,191.2974,94.6626,11.8881,273.7535,44.4346
2034-09-10,33.6458,0.0781,29.6348,7.4509,1210.6209,195.6502,94.7135,12.1161,278.6983,44.9993
2034-09-11,32.4071,0.0000,24.5565,6.8875,1218.1582,200.1507,94.7645,11.8596,283.7478,44.4128
2034-09-12,32.9874,0.0000,23.3650,5.2355,1225.7999,204.8015,94.8154,10.9889,288.9230,42.3191
2034-09-13,32.5885,0.0000,29.8401,6.6159,1233.3698,209.0096,94.8027,11.7600,293.6238,44.2110
2034-09-14,32.9583,0.0000,26.5395,6.1809,1241.0063,213.4639,94.8536,11.5858,298.5464,43.8072
2034-09-15,32.8671,0.0000,22.0985,6.9952,1248.6264,218.1749,94.9990,12.3140,303.6893,45.5548
2034-09-16,33.0917,0.0000,23.2969,5.6252,1256.2869,222.8441,95.0500,11.5732,308.7643,43.8031
2034-09-17,31.8801,0.0000,34.2188,6.3723,1263.7294,226.7065,94.0615,10.4879,313.0253,41.1318
2034-09-18,31.9828,0.5818,38.3921,6.7432,1271.1903,230.3352,91.8401,7.8278,317.0497,33.9820
2034-09-19,30.1796,0.0650,47.5799,7.9410,1278.3266,233.2544,91.1961,7.5884,320.3667,33.2930
2034-09-20,29.5995,0.0000,34.2965,6.4601,1285.3585,236.8455,91.8167,7.6914,324.2992,33.5980
2034-09-21,30.8737,0.0000,24.0294,4.6251,1292.6198,241.1701,93.9836,9.5010,328.9199,38.6082
2034-09-22,30.8967,0.0000,26.2744,7.9303,1299.8852,245.3700,94.0343,11.3018,333.4042,43.1866
2034-09-23,28.3243,0.0000,30.8467,8.3469,1306.6875,248.9926,93.9004,11.3293,337.3012,43.2586
2034-09-24,30.2346,0.0000,26.6656,4.8186,1313.8338,253.0837,93.9510,9.5508,341.6415,38.7542
2034-09-25,29.5214,0.0003,43.9535,8.3395,1320.8516,256.1392,91.9896,8.6648,345.0152,36.3702
2034-09-26,28.2805,0.0000,39.7525,9.9704,1327.6461,259.2906,92.0396,9.4737,348.4498,38.5565
2034-09-27,27.0571,0.0000,43.9913,6.5047,1334.2204,262.0983,91.3631,7.2283,351.5485,32.2613
2034-09-28,28.3259,0.0004,40.8364,6.1618,1341.0230,265.1978,91.4129,7.1549,354.9234,32.0441
2034-09-29,27.4998,0.0006,38.5949,9.4602,1347.6770,268.3244,91.4628,8.5086,358.3025,35.9481
2034-09-30,26.7791,0.0003,43.2150,11.1629,1354.2012,271.1430,91.3103,9.0723,361.3893,37.4928
2034-10-01,28.4880,0.0041,48.7039,15.7714,1360.0331,273.4426,90.6815,10.4629,363.9497,41.1278
2034-10-02,27.6335,2.6274,63.7326,11.9690,1365.7111,122.8489,78.0233,1.7253,200.5891,10.9390
2034-10-03,28.7410,1.3706,63.8530,6.8544,1371.5885,124.4833,80.1967,1.6398,202.9239,10.5098
2034-10-04,30.7951,0.0005,51.0243,5.9927,1377.8356,126.8501,87.6032,4.1119,206.2332,21.3096
2034-10-05,30.6565,0.0130,47.1402,7.1482,1384.0578,129.3936,89.3956,5.6360,209.7615,26.6461
2034-10-06,27.9749,1.8174,58.1463,8.1813,1389.7972,112.8633,81.6561,2.0659,187.6331,12.5061
2034-10-07,25.9717,0.2207,55.6788,8.7009,1395.1761,114.6813,86.2339,3.8797,190.2641,20.2017
2034-10-08,25.3073,0.0000,40.8206,6.7976,1400.4355,117.0492,89.2577,5.4288,193.6376,25.6967
2034-10-09,26.6079,0.0000,33.6249,6.2178,1405.9289,119.8358,91.1760,6.9374,197.5712,30.4741
2034-10-10,27.7974,0.0000,31.0181,6.1844,1411.6364,122.8562,92.1067,7.9029,201.8043,33.3440
2034-10-11,28.0764,0.0000,35.3091,4.5775,1417.3941,125.7161,92.1568,7.3399,205.7988,31.8144
2034-10-12,29.7702,0.0000,28.9373,6.5322,1423.4568,129.0400,92.9219,9.0203,210.3974,36.5604
2034-10-13,26.7280,0.0000,43.7987,17.1459,1428.9718,131.4097,91.4107,12.4406,213.6913,45.0615
2034-10-14,27.7221,0.0000,38.3679,9.4731,1434.6658,134.1013,91.4605,8.5115,217.4004,35.3062
2034-10-15,28.7890,0.0000,30.5126,7.6616,1440.5518,137.2482,92.4009,8.8744,221.6923,36.3530
2034-10-16,28.6939,0.0000,23.4813,7.8312,1446.4207,140.7026,93.8322,10.9347,226.3571,41.7026
2034-10-17,28.1594,0.0388,26.4372,6.5309,1452.1934,143.9639,93.8828,10.3134,230.7412,40.2173
2034-10-18,28.2845,0.0012,30.5230,4.9193,1457.9886,147.0572,93.9099,9.5448,234.8861,38.2945
2034-10-19,28.4693,0.1525,32.7022,7.0918,1463.8171,150.0724,93.6150,10.2215,238.9111,40.0789
2034-10-20,27.5711,0.8738,37.6875,7.5586,1469.4839,152.7794,89.8552,6.1458,242.5224,28.6262
2034-10-21,23.5437,3.3744,66.0287,6.3970,1370.4704,94.1483,69.2186,0.8423,160.6977,5.4627
2034-10-22,26.7752,0.0001,53.0471,4.0655,1375.9940,96.1314,83.2950,2.0586,163.6756,12.0834
2034-10-23,27.6385,0.0132,33.3978,7.2585,1381.6729,99.0316,90.5469,6.6835,167.9658,28.8774
2034-10-24,25.7647,0.0001,38.1767,10.0023,1387.0145,101.5481,90.5964,7.7290,171.6741,32.0002
2034-10-25,24.4030,0.0000,43.2460,10.9690,1392.1111,103.7412,90.6460,8.1725,174.8985,33.3365
2034-10-26,25.9450,0.0000,42.9050,8.5900,1397.4852,106.0809,90.6955,7.3007,178.3216,31.0281
2034-10-27,27.6539,0.0000,40.6683,7.0892,1403.1669,108.6659,90.7451,6.8170,182.0796,29.7372
2034-10-28,27.2235,0.0007,39.3088,5.9467,1408.7711,111.2705,90.7947,6.4814,185.8441,28.8359
2034-10-29,26.8905,0.0475,38.3721,5.6355,1414.3154,113.8842,90.8443,6.4259,189.6006,28.7600
2034-10-30,24.4562,0.8668,50.8326,4.5453,1419.4215,115.7881,86.4106,3.2262,192.3494,17.6808
2034-10-31,22.9474,0.0003,52.9697,6.2089,1424.2561,117.5017,87.1386,3.8902,194.8213,20.3168
2034-11-01,23.8665,0.0011,32.1375,4.9628,1428.2560,119.7480,90.5370,5.9450,197.9952,27.4448
2034-11-02,26.6914,0.0001,22.2770,4.9249,1432.7645,122.6118,93.4438,8.9482,202.0059,36.2004
2034-11-03,26.3320,0.0000,36.6001,8.6076,1437.2082,124.9176,92.6441,9.6317,205.2385,38.0574
2034-11-04,23.4013,0.0000,38.6469,8.0661,1441.1245,126.9106,91.8163,8.3393,208.0230,34.6766
2034-11-05,23.1524,0.0000,31.4968,7.8424,1444.9959,129.1132,91.8663,8.3043,211.0762,34.6350
2034-11-06,22.9081,0.0000,37.9855,7.0363,1448.8234,131.0871,91.6528,7.7362,213.8111,33.0885
2034-11-07,22.9568,0.0000,43.7854,4.9059,1452.6596,132.8801,90.8382,6.1885,216.2966,28.5020
2034-11-08,23.6565,0.0000,35.8313,4.9594,1456.6218,134.9862,90.8878,6.2492,219.1910,28.7292
2034-11-09,20.8139,0.0000,43.2594,6.9246,1460.0723,136.6347,90.4368,6.4694,221.4588,29.4409
2034-11-10,21.2030,0.0002,47.1938,4.4031,1463.5928,138.1962,89.8686,5.2524,223.6082,25.5408
2034-11-11,22.4528,0.0000,42.1583,4.9255,1467.3383,140.0024,89.9179,5.4308,226.0781,26.1633
2034-11-12,19.7118,0.0014,53.6136,6.9011,1470.5904,141.2823,88.7039,5.0402,227.8417,24.8578
2034-11-13,19.0653,0.0023,50.4299,5.2882,1473.7262,142.6075,88.7161,4.6548,229.6572,23.5257
2034-11-14,23.0581,1.7556,50.0759,14.3885,1477.5807,123.2860,82.5095,3.1337,204.0155,17.4544
2034-11-15,15.9153,3.4838,66.4309,15.0384,1368.8467,82.2797,65.3022,1.1387,143.0614,6.9557
2034-11-16,11.9778,0.5442,66.1358,7.4700,1370.7067,82.8669,74.4455,1.0838,143.9737,6.6629
2034-11-17,12.4703,0.0010,54.6209,5.5844,1372.6554,83.6833,80.8279,1.6476,145.2317,9.6806
2034-11-18,13.7738,0.0000,46.2866,6.0900,1374.8387,84.7425,84.8380,2.8012,146.8553,14.8802
2034-11-19,15.7075,0.0000,38.7719,7.5350,1377.3700,86.1069,87.5928,4.4376,148.9367,21.0235
2034-11-20,17.6662,0.0000,39.0329,7.6594,1380.2540,87.6238,88.6262,5.1784,151.2438,23.5690
2034-11-21,18.3103,1.2582,50.9183,6.0338,1383.2538,88.8869,81.8518,1.8978,153.1676,11.0903
2034-11-22,17.8689,3.3569,73.3313,8.6318,1301.1094,65.4843,61.7853,0.7016,116.3313,3.8135
2034-11-23,16.8828,0.0050,69.3054,5.6270,1303.8523,66.2161,73.5964,0.9484,117.5125,5.2787
2034-11-24,19.9159,0.0283,71.3759,4.9282,1307.1412,67.0136,79.4286,1.3758,118.8008,7.5488
2034-11-25,23.0180,0.0000,57.9841,13.6686,1310.9885,68.3571,85.0050,4.1990,120.9482,18.7001
2034-11-26,22.5800,0.0000,60.8162,9.0473,1314.7569,69.5873,85.7241,3.6754,122.9110,17.0636
2034-11-27,22.3684,0.0001,64.2161,9.5577,1318.4872,70.7007,85.7720,3.7965,124.6864,17.5877
2034-11-28,21.6541,0.0023,62.2422,7.0496,1322.0889,71.8397,85.8200,3.3683,126.4957,16.1793
2034-11-29,19.3296,0.0028,65.8004,3.9607,1325.2722,72.7661,85.8680,2.9023,127.9666,14.5134
2034-11-30,23.1407,0.0000,41.6334,7.0411,1329.1416,74.6419,88.6827,5.0604,130.9053,22.0962
2034-12-01,22.3195,0.0000,40.5718,7.0175,1332.8631,76.2235,89.3081,5.5291,133.3780,23.6887
2034-12-02,21.1906,0.0000,43.8040,5.2831,1336.3814,77.6470,89.3572,5.1023,135.5976,22.5152
2034-12-03,20.3725,0.0000,43.2912,6.3602,1339.7524,79.0308,89.4063,5.4250,137.7475,23.6421
2034-12-04,20.7856,0.0066,51.1463,10.2199,1343.1978,80.2458,88.9987,6.2152,139.6361,26.1138
2034-12-05,17.6788,0.0068,74.5716,6.3430,1346.0840,80.7884,85.3234,3.0333,140.4963,15.5712
2034-12-06,17.4312,0.1755,78.7671,10.9969,1348.9256,81.2356,83.6462,3.0562,141.2110,15.6888
2034-12-07,19.1678,0.1856,76.3097,12.5088,1352.0798,81.7812,83.6935,3.3187,142.0783,16.7305
2034-12-08,20.0271,9.6002,70.6510,20.5266,1084.5089,44.0992,58.7025,1.0568,80.0598,4.4765
2034-12-09,17.7013,7.8196,79.4602,9.6666,956.6585,24.9298,41.9801,0.0812,46.8100,0.1305
2034-12-10,17.8537,71.6976,87.0244,28.2135,391.9692,8.2464,30.9509,0.0185,15.6687,0.0144
2034-12-11,13.9219,3.2329,66.2686,15.3648,386.8346,5.9009,49.6999,0.3430,11.3683,0.2220
2034-12-12,14.6571,0.4863,77.2598,8.9787,389.1769,6.3081,64.6317,0.8168,12.1249,0.5483
2034-12-13,16.7297,0.1066,83.9563,7.2037,391.8922,6.6332,71.3139,0.9393,12.7278,0.6483
2034-12-14,18.8963,1.5153,80.7030,6.1795,394.9976,6.6499,66.7370,0.7682,12.7626,0.5310
2034-12-15,19.6603,1.3284,77.3584,11.8174,398.2404,7.1840,69.9653,1.1335,13.7481,0.8180
2034-12-16,14.4456,9.9892,70.6131,17.6930,364.7875,3.7088,49.0389,0.3549,7.2337,0.1811
2034-12-17,12.1028,0.0009,62.7210,9.3706,366.6700,4.2681,67.5995,0.9289,8.2948,0.5078
2034-12-18,12.6837,0.0000,48.6703,4.5302,368.6571,5.0721,78.5361,1.2399,9.8069,0.7402
2034-12-19,12.8451,0.0016,58.9704,5.1779,370.6732,5.7223,82.0812,1.8688,11.0193,1.6644
2034-12-20,14.2836,0.0022,71.7131,5.1932,372.9482,6.2168,82.4195,1.9497,11.9362,1.9412
2034-12-21,16.6585,0.0000,66.9972,6.7696,375.6508,6.8828,83.3560,2.3779,13.1627,2.8049
2034-12-22,17.5707,0.0000,62.4919,12.9566,378.5175,7.6787,84.4285,3.7446,14.6161,5.0319
2034-12-23,16.7506,0.0000,59.9820,7.8908,381.2366,8.4904,84.9309,3.1066,16.0853,4.3989
2034-12-24,15.6568,0.0000,63.9207,6.4015,383.7588,9.1775,84.9786,2.9009,17.3195,4.2900
2034-12-25,17.0713,0.0001,51.8708,9.2219,386.5357,10.1713,86.1342,3.9274,19.0870,6.1849
2034-12-26,15.9650,0.0013,61.4744,8.1736,389.1134,10.9185,86.1823,3.7506,20.4055,6.1612
2034-12-27,14.9745,0.0001,69.1664,11.6977,391.5128,11.4817,85.1568,3.8823,21.3948,6.5481
2034-12-28,16.1701,0.0001,67.2070,11.6978,394.1274,12.1253,85.2045,3.9080,22.5186,6.7924
2034-12-29,16.2255,0.0000,67.9460,5.7999,396.7520,12.7564,85.2354,2.9157,23.6146,5.2809
2034-12-30,14.7845,0.0010,75.3035,6.1425,399.1172,13.2022,84.0440,2.5226,24.3876,4.6541
2034-12-31,12.2705,7.5993,80.6835,15.1056,374.9999,7.1716,45.2366,0.1826,13.6887,0.1315
2035-01-01,10.4072,0.6492,64.9489,11.4725,376.5772,7.6682,63.6072,0.8860,14.5934,0.6622
2035-01-02,10.7214,0.0025,60.6473,8.9637,378.2111,8.2409,74.8801,1.1955,15.6303,0.9310
2035-01-03,11.0420,0.0000,46.4646,5.5320,379.9026,9.0411,81.7957,1.8380,17.0668,2.4423
2035-01-04,12.1121,0.0021,43.9592,5.6971,381.7868,9.9526,85.1762,2.8770,18.6874,4.4708
2035-01-05,11.2884,3.0974,68.8535,11.2654,376.9264,7.2606,62.5546,0.8338,13.8541,0.6045
2035-01-06,11.6387,0.0000,50.2325,6.4319,378.7254,8.0411,76.0209,1.1256,15.2716,0.8644
2035-01-07,12.3045,0.0000,53.9450,5.8320,380.6442,8.8011,81.5970,1.8224,16.6404,2.3608
2035-01-08,13.1354,0.0000,62.6762,5.6732,382.7125,9.4552,83.0605,2.1658,17.8104,3.1321
2035-01-09,12.2160,0.0000,65.8167,5.8856,384.6154,10.0156,83.2934,2.2558,18.8069,3.4253
2035-01-10,10.9027,0.2916,80.2212,7.8779,386.2819,10.3079,82.3017,2.1998,19.3264,3.3926
2035-01-11,14.2498,1.1667,83.4366,5.3430,388.5509,10.6209,72.7901,0.9035,19.8830,0.8159
2035-01-12,14.4490,0.0307,82.9634,4.4674,390.8557,10.9470,75.6755,0.9977,20.4613,0.9175
2035-01-13,14.1490,7.1102,89.4735,12.6753,369.5891,5.8726,36.8794,0.0350,11.2965,0.0225
2035-01-14,14.3603,6.9544,87.9160,6.6414,350.1515,2.9116,25.3603,0.0012,5.7045,0.0006
2035-01-15,15.1658,6.7574,86.5286,12.0483,332.5976,1.2173,27.3164,0.0029,2.4125,0.0010
2035-01-16,13.9144,24.5170,91.2648,10.6721,256.6951,0.1615,14.9259,0.0000,0.3224,0.0000
2035-01-17,10.9051,6.2784,69.5298,20.4986,243.8885,0.4503,38.0775,0.0667,0.8965,0.0172
2035-01-18,11.0223,0.0004,51.9005,9.7877,245.5765,1.1682,63.6171,0.8142,2.3089,0.2631
2035-01-19,11.7403,0.0000,46.2144,5.4367,247.3938,2.0184,77.0009,1.1452,3.9561,0.4471
2035-01-20,13.1905,0.0001,64.3437,6.0273,249.4721,2.6457,80.8417,1.6874,5.1547,0.7355
2035-01-21,14.9296,0.0026,65.1284,6.5343,251.8634,3.3338,82.7169,2.1651,6.4541,1.2362
2035-01-22,15.2776,0.4954,62.1107,10.9965,254.3174,4.0978,83.9484,3.1808,7.8782,2.8495
2035-01-23,15.7001,0.0000,54.2818,7.1582,256.8474,5.0434,85.2936,3.1475,9.6147,3.2007
2035-01-24,16.2846,0.0740,50.4731,5.8868,259.4826,6.1033,86.2545,3.3766,11.5288,3.8985
2035-01-25,17.0880,0.0000,37.8307,6.9277,262.2625,7.4954,88.3381,4.7888,13.9911,6.2434
2035-01-26,16.1858,0.0000,44.3887,4.7543,264.8799,8.6788,88.3869,4.3222,16.0435,6.1202
2035-01-27,13.9015,0.0004,58.5806,11.0942,267.0862,9.4438,87.0347,4.9029,17.3536,7.1958
2035-01-28,12.8986,0.0000,38.2489,15.4271,269.1119,10.5080,87.9947,6.9959,19.1469,10.3278
2035-01-29,11.8048,0.0000,32.8906,10.9248,270.9408,11.5742,88.8471,6.3013,20.9147,9.9151
2035-01-30,13.4980,0.0000,31.6834,8.8076,273.0745,12.8019,89.4774,6.1999,22.9178,10.2719
2035-01-31,17.2585,0.0000,45.0589,5.7170,275.8850,14.0436,89.3924,5.2415,24.9164,9.3363
2035-02-01,18.5666,0.0000,59.0840,7.4485,278.9310,15.1867,87.7251,4.5027,26.7344,8.5257
2035-02-02,17.6462,0.0029,67.2688,8.5752,281.8113,16.0583,86.0947,3.7804,28.1119,7.5231
2035-02-03,17.4028,0.0029,68.2524,5.6204,284.6478,16.8927,85.5662,3.0252,29.4205,6.3007
2035-02-04,16.8290,0.0050,70.0931,4.6971,287.3810,17.6544,85.1174,2.7135,30.6080,5.8247
2035-02-05,14.5640,0.0006,64.4518,11.4077,289.7065,18.4454,85.1651,3.8304,31.8250,8.1964
2035-02-06,13.3376,0.0841,53.2545,6.7861,291.8113,19.4041,85.5559,3.2036,33.2763,7.1777
2035-02-07,14.6590,0.0090,60.4427,7.8007,294.1539,20.2896,85.6038,3.3942,34.6108,7.7466
2035-02-08,16.0447,0.0003,56.8112,7.8331,296.7459,21.3414,85.6517,3.4225,36.1781,8.0175
2035-02-09,15.6552,0.0000,52.1643,8.5308,299.2679,22.4799,86.1194,3.7851,37.8516,8.9934
2035-02-10,16.2306,0.0000,53.5946,7.7210,301.8934,23.6223,86.1675,3.6584,39.5148,8.9610
2035-02-11,18.7581,0.0000,46.5722,7.9271,304.9739,25.1294,87.3708,4.3848,41.6741,10.7641
2035-02-12,19.1178,0.0019,52.7092,5.3591,308.1191,26.4876,87.4193,3.8794,43.6041,9.9839
2035-02-13,19.3483,0.2665,55.3795,6.7880,311.3057,27.7837,87.4678,4.1980,45.4308,10.9164
2035-02-14,20.5857,0.0205,35.7352,8.7786,314.7152,29.7633,89.5493,6.2550,48.1440,15.4453
2035-02-15,17.4840,0.0000,53.1836,10.1327,317.5663,30.9992,88.3946,5.6739,49.8365,14.6068
2035-02-16,15.9777,0.0000,43.2814,12.3912,320.1463,32.3751,88.4434,6.4025,51.6838,16.3335
2035-02-17,16.1691,0.0000,28.5784,14.0321,322.7607,34.1272,90.2949,9.0697,53.9842,21.5724
2035-02-18,14.9817,0.0000,47.0569,15.8872,325.1614,35.3366,89.0783,8.3645,55.5745,20.6622
2035-02-19,16.0251,0.0000,47.5502,15.2703,327.7499,36.6125,88.8039,7.7953,57.2396,19.9406
2035-02-20,17.6089,0.0397,42.1237,14.1645,330.6235,38.1506,88.8529,7.4248,59.2183,19.5942
2035-02-21,18.5743,0.0209,38.4782,11.0132,333.6709,39.8700,89.1554,6.6158,61.3988,18.3570
2035-02-22,18.1459,0.4658,45.3051,9.0283,336.6412,41.3653,89.2045,6.0285,63.2888,17.4185
2035-02-23,19.5319,0.0158,30.7325,9.6005,339.8609,43.3954,90.5690,7.5445,65.7897,20.9493
2035-02-24,18.3840,9.1554,57.2779,11.1946,314.7478,23.8803,59.6619,0.7043,40.1458,1.1105
2035-02-25,15.7045,4.4318,76.6646,5.1141,306.9983,16.3726,45.6981,0.1184,28.8929,0.1363
2035-02-26,17.4902,0.0344,68.6818,5.8011,309.8505,17.1996,65.5560,0.7220,30.2072,0.8564
2035-02-27,14.2003,8.6057,78.8730,6.7277,287.7818,9.2848,38.0409,0.0331,17.1837,0.0273
2035-02-28,11.6950,17.8763,87.6307,11.1188,238.1998,4.1382,20.8894,0.0003,7.9318,0.0002
2035-03-01,18.0876,3.3476,64.6658,16.0207,235.8091,3.3134,51.8144,0.4541,6.4019,0.2185
2035-03-02,19.8290,0.0033,55.9369,34.5783,239.0823,4.8854,79.5673,6.2142,9.2959,6.4343
2035-03-03,18.6338,0.0000,61.3256,17.9226,242.1404,6.1863,83.7975,4.4199,11.6298,5.2062
2035-03-04,17.6124,0.0131,66.1424,8.2526,245.0146,7.2663,84.0957,2.8250,13.5295,3.5319
2035-03-05,13.5739,8.6504,86.0487,7.8281,226.2530,3.6809,37.0492,0.0284,7.0741,0.0143
2035-03-06,13.6083,2.5725,85.3849,9.9920,228.4065,2.4912,39.8992,0.0564,4.8502,0.0239
2035-03-07,10.7520,1.9216,66.0134,19.3772,230.0459,2.2630,56.5544,0.8475,4.4174,0.3460
2035-03-08,8.1614,1.7925,58.3160,14.7752,231.2189,2.1603,63.0836,1.0212,4.2220,0.4092
2035-03-09,9.6202,0.0041,60.6797,10.8797,232.6546,2.8789,74.5679,1.2951,5.5850,0.5850
2035-03-10,6.4195,0.0007,61.2135,11.3943,233.5141,3.3760,79.2552,1.8737,6.5165,0.9091
2035-03-11,13.9212,0.0000,45.2787,6.6571,235.7239,4.7772,84.4747,2.7433,9.0936,2.5846
2035-03-12,13.9953,0.1501,73.8498,8.9880,237.9471,5.4500,83.9564,2.8777,10.3097,3.0023
2035-03-13,17.6892,0.0003,57.0445,6.1029,240.8351,6.8258,85.2054,2.9483,12.7484,3.5661
2035-03-14,19.8750,0.0000,49.2676,8.8649,244.1166,8.6397,86.9331,4.3191,15.8748,6.0789
2035-03-15,22.0518,0.0007,48.1557,10.4035,247.7899,10.6857,87.8281,5.3033,19.2916,8.1858
2035-03-16,22.4541,0.0002,49.1939,4.7625,251.5357,12.7256,87.9214,4.0448,22.5936,7.0247
2035-03-17,23.5175,0.0000,42.6131,6.2785,255.4728,15.1337,89.0120,5.1053,26.3632,9.4220
2035-03-18,23.7658,0.0016,40.9174,8.4163,259.4546,17.6380,89.5340,6.1284,30.1517,11.7971
2035-03-19,23.5336,0.0295,45.6914,6.0290,263.3947,19.9185,89.5832,5.4723,33.5030,11.4045
2035-03-20,24.9104,0.0096,36.8264,5.8835,267.5826,22.7194,90.4286,6.1316,37.4826,13.2804
2035-03-21,22.8672,0.0037,49.4698,12.5280,271.4027,24.7838,89.6890,7.7087,40.3548,16.4678
2035-03-22,18.6868,2.0265,65.2301,9.5644,274.4703,23.1242,74.8643,1.2311,38.2021,2.8942
2035-03-23,18.3434,2.6169,67.0743,5.9944,277.4761,19.7388,65.1046,0.7163,33.5169,0.9117
2035-03-24,19.5300,0.0009,65.0830,5.6602,280.6955,20.9667,77.1072,1.1674,35.3350,2.5117
2035-03-25,16.2710,2.7897,71.6242,9.0256,283.3283,17.2318,63.2857,0.7717,29.9150,0.9094
2035-03-26,17.2268,0.5480,51.3001,9.3550,286.1331,18.7532,78.8726,1.6305,32.2261,3.5334
2035-03-27,16.5653,6.8251,83.2018,16.1089,271.5082,10.9258,47.2576,0.2582,19.8542,0.2330
2035-03-28,15.3319,1.2955,63.7293,16.2047,273.9719,11.9417,66.1774,1.2480,21.5367,1.6558
2035-03-29,14.4046,0.0334,46.3089,11.9082,276.2687,13.3608,80.3985,2.1616,23.8393,3.8778
2035-03-30,14.3698,0.0052,44.9560,10.4601,278.5593,14.8123,85.2413,3.6904,26.1484,7.0473
2035-03-31,13.6745,0.0000,38.0019,12.0126,280.7247,16.3737,87.6010,5.5673,28.5799,10.5947
2035-04-01,15.6126,0.0000,34.4111,8.4216,284.4890,19.0311,89.0116,5.6873,32.6087,11.5919
2035-04-02,18.1896,0.0000,33.7237,6.1630,288.7171,22.1305,89.8226,5.7018,37.1432,12.4770
2035-04-03,21.0403,0.0000,35.3823,6.4259,293.4584,25.5988,90.1540,6.0588,42.0315,14.0018
2035-04-04,23.7009,0.0011,36.0977,6.6386,298.6785,29.4410,90.4786,6.4151,47.2406,15.5848
2035-04-05,20.6462,0.0000,47.5753,10.6657,303.3488,32.2048,89.7081,7.0375,50.9001,17.3885
2035-04-06,17.7160,0.0140,60.7460,7.9517,307.4917,33.9954,87.4930,4.4675,53.2679,12.5765
2035-04-07,16.0845,11.3636,73.9235,17.9581,278.1050,16.5732,50.8239,0.4474,28.8484,0.5146
2035-04-08,14.8401,3.1842,57.4426,20.1562,276.3500,13.6793,62.5096,1.3021,24.3458,2.0433
2035-04-09,15.8816,0.0001,47.6552,7.8519,280.1627,15.8342,78.6531,1.4814,27.7478,2.7769
2035-04-10,19.5385,0.0000,37.2888,4.8608,284.6336,18.9720,86.6472,3.3895,32.5242,7.4484
2035-04-11,21.8912,0.0000,36.2680,10.2209,289.5280,22.5243,89.5482,6.7255,37.7136,14.3193
2035-04-12,17.1067,0.7848,54.1345,14.4789,293.5612,24.5487,85.2113,4.5001,40.6079,10.8338
2035-04-13,17.3750,0.0002,45.1408,7.5566,297.6427,27.0058,87.0893,4.1344,44.0253,10.5856
2035-04-14,19.8219,0.0000,35.2527,6.3736,302.1647,30.2899,89.3623,5.3945,48.4403,13.8286
2035-04-15,22.0956,0.0000,29.0743,7.9734,307.0959,34.2783,91.2654,7.6761,53.5995,19.0511
2035-04-16,23.6091,0.0000,23.3020,12.8088,312.2995,38.8727,92.9432,12.4131,59.2942,28.1584
2035-04-17,24.7617,0.0000,24.6524,17.3098,317.7106,43.5968,93.0755,15.8645,64.9218,34.7052
2035-04-18,27.1027,0.0000,25.2631,18.8723,323.5431,48.7067,93.3249,17.7730,70.7764,38.9657
2035-04-19,23.5414,0.2100,42.7157,10.8283,328.7346,52.1288,91.3504,8.9715,74.6598,25.2824
2035-04-20,21.7790,0.0099,51.7862,9.4513,333.6088,54.8030,89.4556,6.3843,77.6971,20.2845
2035-04-21,22.1618,0.0022,49.7585,6.6179,338.5519,57.6364,89.3758,5.4719,80.8585,18.5128
2035-04-22,20.5089,1.4237,53.0677,13.2755,343.1975,60.0950,82.4099,2.9263,83.5954,11.6615
2035-04-23,20.3783,0.9773,51.1433,12.1813,347.8196,62.6390,83.5308,3.1953,86.3851,12.7581
2035-04-24,23.8945,0.0000,41.5181,6.9689,353.0746,66.1827,88.3517,4.8081,90.1293,17.8604
2035-04-25,25.9290,0.0000,36.4964,9.6321,358.6958,70.3439,90.4861,7.4675,94.4039,25.0912
2035-04-26,28.6192,0.0000,29.4561,10.9701,364.8013,75.4265,92.4849,10.6092,99.4481,32.6851
2035-04-27,31.4420,0.0012,22.1371,9.1119,371.4148,81.5692,94.5809,12.9356,105.3156,38.2270
2035-04-28,32.0449,0.0084,22.2607,5.8063,378.1369,87.8159,94.8153,11.3095,111.1184,35.8300
2035-04-29,32.6217,0.0098,21.5341,5.5607,384.9628,94.2306,95.0712,11.5692,116.9154,37.1387
2035-04-30,33.2150,0.0145,20.1751,5.0278,391.8955,100.8713,95.4604,11.8774,122.7531,38.5039
2035-05-01,34.3020,0.0002,16.8204,4.9328,400.4739,108.6238,96.3537,13.3415,129.4608,42.3123
2035-05-02,33.8806,0.0000,16.8487,7.3499,408.9764,116.2814,96.4052,15.1745,135.9374,46.6768
2035-05-03,30.3316,0.0000,24.1874,7.0135,416.8401,122.5548,95.7742,13.6996,141.2717,44.2642
2035-05-04,33.2849,0.0178,20.2952,5.7095,425.2354,129.7699,95.8255,12.9178,147.2207,43.1445
2035-05-05,33.3100,0.0024,21.2141,4.4269,433.6352,136.9071,95.8767,12.1938,153.0288,42.0117
2035-05-06,33.4432,0.1051,26.5112,11.2739,442.0590,143.5902,95.6514,16.6993,158.4834,51.6988
2035-05-07,31.5819,0.0161,37.0096,11.2568,450.1477,149.0100,93.5868,12.5590,163.0697,43.4706
2035-05-08,29.7957,0.0080,42.7327,9.3135,457.9149,153.6680,92.1463,9.3045,167.1253,35.9858
2035-05-09,23.0396,0.0119,52.0445,11.9777,464.4661,156.7156,89.6579,7.4646,170.0173,31.1991
2035-05-10,26.4822,0.0000,39.1726,7.0697,471.6369,161.1326,90.3100,6.3998,173.8109,28.2389
2035-05-11,25.8787,0.0013,38.0181,9.5727,478.6990,165.5349,90.5146,7.4756,177.5645,31.5005
2035-05-12,24.5802,2.9129,43.8673,9.6233,478.1201,106.0286,79.7620,1.8021,136.4235,10.1810
2035-05-13,23.7233,0.6459,49.7944,10.1239,484.7943,109.3096,85.6636,3.8477,139.8098,18.5661
2035-05-14,26.0742,0.0000,38.2776,5.0590,491.8916,113.7253,89.6422,5.2556,144.1385,23.4702
2035-05-15,29.2822,0.0000,34.9319,5.7855,499.5664,118.9298,91.4472,7.0548,149.1129,29.0677
2035-05-16,30.5579,0.0017,32.2957,5.6808,507.4708,124.5726,92.3480,7.9717,154.3944,31.8694
2035-05-17,29.0541,0.0000,36.0817,9.7428,515.1046,129.6468,92.3981,9.8517,159.1514,36.9463
2035-05-18,29.7463,0.0000,23.7707,8.6562,522.8629,135.8372,93.9533,11.5920,164.7023,41.3843
2035-05-19,31.4250,0.0000,20.9551,7.6397,530.9234,142.6056,94.9343,12.6082,170.6321,43.9961
2035-05-20,33.2361,0.0000,17.1428,5.4590,539.3099,150.0955,96.0843,13.2107,177.0228,45.6365
2035-05-21,33.2270,0.0000,20.8060,7.5848,547.6948,157.2524,96.1356,14.8069,183.0866,49.3224
2035-05-22,29.8907,0.0060,35.1385,10.0301,555.4791,162.5443,93.7995,12.1606,187.7443,43.7137
2035-05-23,31.3348,0.0011,31.6585,7.0535,563.5234,168.3800,93.8501,10.5407,192.7651,40.0307
2035-05-24,33.5442,0.0001,24.4627,5.2208,571.9653,175.2695,94.5468,10.5826,198.4837,40.2913
2035-05-25,35.4794,0.0000,21.5509,5.7112,580.7556,182.8242,95.5014,12.3623,204.6146,44.6772
2035-05-26,36.2609,0.0000,22.2499,6.9499,589.6866,190.4716,95.5525,13.2505,210.7556,46.8354
2035-05-27,35.1564,0.0000,21.9977,9.0308,598.4188,197.9170,95.6037,14.8182,216.6777,50.3811
2035-05-28,34.6920,0.0019,21.1524,8.3518,607.0673,205.3466,95.6549,14.4198,222.5196,49.6415
2035-05-29,34.9500,0.0065,21.1190,10.0843,615.7623,212.8330,95.7062,15.8451,228.3489,52.7556
2035-05-30,33.9349,0.0000,27.3756,9.8784,624.2746,219.5315,95.5510,15.3543,233.6503,51.8148
2035-05-31,33.9913,0.0000,30.8983,8.7212,632.7970,225.9154,94.9525,13.3476,238.7447,47.5233
2035-06-01,36.6336,0.0000,22.4897,8.9046,642.7951,233.6153,95.5297,14.5767,244.8038,50.3002
2035-06-02,38.0700,0.0000,17.8797,8.6959,653.0517,242.0836,96.7445,16.9969,251.2883,55.4140
2035-06-03,38.0336,0.0020,18.0939,6.7936,663.3017,250.5220,96.7961,15.5504,257.7091,52.5007
2035-06-04,36.0901,0.0001,18.8333,13.0378,673.2019,258.4689,96.8477,21.4483,263.7641,64.0159
2035-06-05,34.2878,0.0000,23.5206,13.2113,682.7777,265.5941,96.4341,20.4679,269.3001,62.2688
2035-06-06,35.7477,0.0216,26.3140,10.9389,692.6163,272.7422,96.1041,17.4587,274.8775,56.5314
2035-06-07,29.4135,0.0040,43.2715,16.9927,701.3148,277.2993,92.2243,13.8525,278.9032,48.9751
2035-06-08,27.9124,0.0001,39.0984,12.3207,709.7430,281.9509,92.2211,10.9417,282.9207,42.1799
2035-06-09,31.1915,0.0000,33.1986,8.0222,718.7615,287.6299,92.3768,9.0065,287.6280,37.1998
2035-06-10,31.3073,0.0000,30.5131,11.9097,727.8008,293.5583,92.9101,11.8082,293.5220,44.3261
2035-06-11,29.6667,0.0000,35.9478,15.1773,736.5448,298.7464,92.9604,14.0203,298.6842,49.4269
2035-06-12,29.8733,0.0000,33.8348,12.8421,745.3260,304.1417,93.0107,12.5520,304.0499,46.1122
2035-06-13,29.3529,0.0018,36.4284,13.4214,754.0135,309.2383,92.9728,12.8554,309.1204,46.8273
2035-06-14,27.3211,0.0399,43.2251,13.7067,762.3353,313.4864,91.6127,10.7655,313.3532,41.8297
2035-06-15,27.9300,0.0023,38.1424,8.6557,770.7667,318.2140,91.6626,8.4057,318.0580,35.6206
2035-06-16,33.5416,0.0447,26.2498,6.3183,780.2082,324.9399,94.0198,10.3991,324.7344,40.9273
2035-06-17,34.8089,0.0148,29.5234,7.2747,789.8778,331.6025,94.0705,10.9895,331.3485,42.4158
2035-06-18,34.9446,0.0181,25.3618,7.5767,799.5718,338.6852,94.6187,12.0352,338.3742,44.9596
2035-06-19,35.7379,0.0049,22.9601,6.4693,809.4086,346.1567,95.2639,12.4344,345.7811,45.9092
2035-06-20,36.2624,0.0014,21.7248,7.6964,819.3399,353.8560,95.6405,13.9239,353.4103,49.3129
2035-06-21,37.1744,0.0000,21.7641,9.3717,829.4353,361.7393,95.7990,15.4801,361.2192,52.6941
2035-06-22,34.8239,0.0000,23.9843,10.2127,839.1076,368.9285,95.8503,16.2629,368.3420,54.3377
2035-06-23,32.2931,0.0001,32.8404,11.0046,848.3243,374.8327,94.4205,13.9190,374.1999,49.3171
2035-06-24,33.7675,0.0000,27.2566,9.6370,857.8065,381.5102,94.4713,13.0834,380.8167,47.4359
2035-06-25,34.3665,0.0000,23.4396,9.6617,867.3965,388.6587,94.9406,13.9727,387.8945,49.4429
2035-06-26,34.4605,0.0000,23.2840,9.7894,877.0034,395.8408,95.0151,14.2071,395.0036,49.9641
2035-06-27,32.1428,0.0000,29.6163,13.8508,886.1931,402.0005,94.8001,16.9271,401.1071,55.7156
2035-06-28,32.2385,0.0000,30.7522,10.6562,895.4000,408.0783,94.5977,14.0148,407.1294,49.5428
2035-06-29,32.7904,0.0003,32.8910,8.9085,904.7062,414.0659,94.2989,12.3153,413.0633,45.6647
2035-06-30,34.2611,0.0001,23.0527,10.0576,914.2772,421.2292,94.9931,14.3570,420.1483,50.3005
2035-07-01,32.8930,0.0044,22.4353,8.0535,923.9020,427.4216,95.0441,13.0690,426.2829,47.4161
2035-07-02,31.8332,0.0000,22.3240,9.9045,933.3360,433.4295,95.0951,14.4471,432.2348,50.4999
2035-07-03,32.8017,0.0000,20.0893,7.2901,942.9443,439.7920,95.4201,13.2385,438.5337,47.8050
2035-07-04,33.1461,0.0000,23.9478,7.2905,952.6146,445.9088,95.4712,13.3315,444.5922,48.0169
2035-07-05,34.3280,0.0001,25.8928,9.6056,962.4976,452.0749,95.5224,15.0857,450.6998,51.8846
2035-07-06,35.0449,0.0000,23.4748,7.3571,972.5097,458.5710,95.5736,13.5639,457.1298,48.5434
2035-07-07,36.2646,0.0002,18.5015,5.8386,982.7413,465.7227,96.3199,13.9011,464.2003,49.2987
2035-07-08,37.2058,0.0013,14.5082,7.8621,993.1424,473.4138,97.3411,17.6496,471.7970,57.1811
2035-07-09,35.0657,0.0000,18.2908,10.0988,1003.1582,480.3540,97.3929,19.8919,478.6562,61.5236
2035-07-10,31.9572,0.0002,26.8894,11.6953,1012.6145,486.0301,95.6585,17.0741,484.2771,56.0262
2035-07-11,31.5965,0.0000,32.0640,10.6590,1022.0059,491.2469,94.4349,13.7060,489.4493,48.8644
2035-07-12,33.8348,0.0000,26.7773,7.6930,1031.8001,497.2545,94.4858,11.8862,495.3952,44.6549
2035-07-13,36.0662,0.0000,22.2177,6.7165,1041.9960,504.0439,95.4617,12.9346,502.1054,47.1136
2035-07-14,35.8235,0.0000,21.0858,9.5839,1052.1483,510.8871,95.7135,15.4660,508.8664,52.6983
2035-07-15,35.9565,0.0000,26.1587,7.4575,1062.3244,517.3135,95.7648,13.9916,515.2209,49.5020
2035-07-16,35.7396,0.0000,23.3515,13.3464,1072.4616,523.9451,95.8160,18.9566,521.7737,59.7437
2035-07-17,35.0502,0.0000,23.8318,13.1216,1082.4746,530.4119,95.8673,18.8738,528.1639,59.5841
2035-07-18,37.0834,0.0000,26.6709,8.6116,1092.8536,536.9877,95.9186,15.1420,534.6630,52.0088
2035-07-19,34.9222,0.0271,36.6259,8.6169,1102.8436,542.3492,94.1618,11.9080,539.9769,44.7078
2035-07-20,35.7862,0.0000,28.1420,10.0462,1112.9891,548.5742,94.2128,12.8879,546.1311,47.0068
2035-07-21,34.0842,0.0000,34.5392,10.8218,1122.8283,553.9834,94.1588,13.3018,551.4889,47.9538
2035-07-22,35.9602,0.0000,32.7218,7.2839,1133.0051,559.8391,94.2095,11.2081,557.2835,43.0127
2035-07-23,37.1190,0.0807,28.5570,10.5352,1143.3905,566.2518,94.3533,13.4682,563.6204,48.3309
2035-07-24,37.0805,0.5322,32.0056,12.9084,1153.7690,572.3488,93.6403,13.7509,569.6500,48.9664
2035-07-25,32.7113,0.0400,47.3879,8.6179,1163.3610,576.5267,91.7976,8.5518,573.8082,36.0947
2035-07-26,34.0096,0.0000,43.1767,9.0577,1173.1868,581.2122,91.8476,8.8055,578.4614,36.7935
2035-07-27,36.7050,0.0837,36.4281,7.6886,1183.4977,586.8565,92.6534,9.2079,584.0500,37.8838
2035-07-28,37.3561,0.0239,33.0123,8.6700,1193.9258,592.9066,93.4509,10.8174,590.0329,42.0456
2035-07-29,38.4688,0.0013,31.8281,7.4306,1204.5541,599.2418,93.9036,10.8228,596.2938,42.0592
2035-07-30,36.6497,0.0000,37.7205,8.8963,1214.8551,604.7633,93.9542,11.7346,601.7616,44.2924
2035-07-31,35.2071,0.0000,35.6728,11.8475,1224.8964,610.2485,94.0049,13.7120,607.1909,48.8795
2035-08-01,32.4658,0.0000,34.2142,10.8678,1233.7442,614.8071,93.9400,12.9347,611.7084,47.1149
2035-08-02,34.8398,0.0000,26.0997,6.5772,1243.0194,620.2903,94.4443,11.1723,617.1263,42.9250
2035-08-03,37.4845,0.0000,21.4970,5.5964,1252.7706,626.5435,95.8371,12.8646,623.2949,46.9536
2035-08-04,38.5253,0.0000,26.9685,6.8286,1262.7092,632.5178,95.8884,13.7842,629.1948,49.0411
2035-08-05,38.0582,0.0000,23.4266,8.4624,1272.5636,638.7081,95.9397,15.0715,635.3020,51.8584
2035-08-06,35.0826,0.0000,23.5922,9.9471,1281.8825,644.4155,95.9910,16.3555,640.9350,54.5597
2035-08-07,35.3201,0.0000,26.5460,7.4859,1291.2441,649.9384,95.9384,14.3453,646.3893,50.2835
2035-08-08,36.9011,0.0000,26.4177,7.3014,1300.8903,655.7111,95.9897,14.3117,652.0880,50.2097
2035-08-09,36.3031,0.0000,28.4966,8.4565,1310.4289,661.2323,95.7551,14.6946,657.5418,51.0454
2035-08-10,36.2152,0.0000,26.9289,8.7703,1319.9516,666.8614,95.8063,15.0330,663.0991,51.7759
2035-08-11,35.2723,0.0000,23.9455,8.2843,1329.3046,672.5723,95.8576,14.7716,668.7329,51.2125
2035-08-12,35.2606,0.0000,28.0834,6.7485,1338.6555,677.9707,95.6574,13.3050,674.0641,47.9616
2035-08-13,31.5394,0.0000,40.0966,14.0173,1347.3366,682.0072,93.0163,13.3282,678.0708,48.0142
2035-08-14,33.2159,0.0000,29.0661,8.9956,1356.3195,687.0324,93.5398,11.1335,683.0362,42.8296
2035-08-15,35.0194,0.0000,25.1718,10.0586,1365.6269,692.6121,94.6442,13.6864,688.5409,48.8221
2035-08-16,35.5455,0.0001,26.5315,8.7697,1375.0291,698.1702,94.6951,12.9158,694.0253,47.0716
2035-08-17,33.3205,0.0095,37.8522,7.3881,1384.0308,702.5864,93.5882,10.3366,698.4018,40.8335
2035-08-18,32.2816,0.0125,49.1803,11.3242,1392.8455,706.0887,91.4100,9.2768,701.8936,38.0685
2035-08-19,32.1048,0.0000,46.1166,7.7250,1401.6284,709.7824,91.4598,7.7930,705.5698,33.9483
2035-08-20,32.3629,0.0000,38.5104,12.8689,1410.4577,714.0302,91.5498,10.2287,709.7814,40.5581
2035-08-21,33.2092,0.0000,33.3092,12.8003,1419.4394,718.7540,92.6405,11.8916,714.4540,44.6690
2035-08-22,34.1485,0.0000,36.5364,9.9748,1428.5901,723.3721,92.6907,10.3865,719.0267,40.9606
2035-08-23,33.3300,0.0000,43.2318,9.0050,1437.5935,727.4072,92.4406,9.5492,723.0347,38.7921
2035-08-24,30.1242,0.0000,45.9167,12.4085,1446.0198,730.8935,91.5024,9.9272,726.5060,39.7812
2035-08-25,29.1107,0.0000,47.2322,9.4665,1454.2638,734.1845,91.0433,8.0184,729.7865,34.5951
2035-08-26,32.5017,0.0000,36.9443,4.8254,1463.1181,738.5587,91.7890,7.0555,734.1196,31.7717
2035-08-27,36.5091,0.0000,27.2034,5.5667,1472.6937,744.2108,94.3576,10.4915,739.6941,41.2269
2035-08-28,37.4834,0.0000,23.3355,7.0138,1482.4447,750.3174,95.4638,13.1336,745.7085,47.5710
2035-08-29,37.5088,0.0000,23.0295,8.3841,1492.2003,756.4524,95.5855,14.3076,751.7496,50.2006
2035-08-30,38.4044,0.0000,22.4543,10.4117,1502.1171,762.7767,95.8560,16.4396,757.9745,54.7332
2035-08-31,37.2950,0.0001,20.6537,9.2225,1511.8342,769.0661,96.0572,15.9110,764.1623,53.6362
2035-09-01,37.9739,0.0000,20.7387,7.6743,1520.3735,774.5799,96.1569,14.9166,769.5866,51.5256
2035-09-02,34.1796,0.0047,32.1336,7.4264,1528.2298,778.8426,94.8823,12.3848,773.7967,45.8373
2035-09-03,34.2605,0.0000,28.7270,8.6853,1536.1007,783.3296,94.9333,13.2884,778.2226,47.9239
2035-09-04,33.2099,0.0000,22.7584,9.7664,1543.7825,788.0478,94.9842,14.1308,782.8681,49.8112
2035-09-05,32.2715,0.0000,41.2485,9.9616,1551.2954,791.5384,92.8921,10.6772,786.3298,41.6949
2035-09-06,31.0961,0.0000,44.6121,9.5508,1558.5967,794.7133,91.9208,9.1210,789.4846,37.6503
2035-09-07,32.5978,0.0000,38.0747,5.1227,1566.1683,798.4285,91.9708,7.3486,793.1629,32.6482
2035-09-08,36.1928,0.0000,32.0138,6.4020,1574.3870,802.9424,93.3907,9.5686,797.6185,38.8433
2035-09-09,36.4102,0.0001,33.0547,5.0494,1582.6448,807.4131,93.4412,9.0013,802.0327,37.3269
2035-09-10,37.2255,0.0000,29.9292,6.1520,1591.0494,812.1943,94.0577,10.3666,806.7473,40.9100
2035-09-11,34.9170,0.0000,30.8381,6.8411,1599.0385,816.6292,94.1084,10.8085,811.1228,42.0235
2035-09-12,33.6743,0.0000,27.0275,9.4236,1606.8038,821.1469,94.1591,12.3973,815.5746,45.8667
2035-09-13,28.8544,0.0000,32.3375,9.9930,1613.7016,824.7553,93.7614,12.0739,819.1399,45.1034
2035-09-14,30.1980,0.0000,35.8997,7.7720,1620.8413,828.3271,93.3183,10.1494,822.6732,40.3547
2035-09-15,30.1012,0.0000,41.5355,6.1206,1627.9635,831.5748,92.3672,8.1725,825.8947,35.0328
2035-09-16,31.1722,0.0000,35.8127,5.8955,1635.2785,835.2627,92.4174,8.1376,829.5420,34.9341
2035-09-17,32.5932,0.0000,29.4535,4.4295,1642.8492,839.4945,93.2947,8.5479,833.7152,36.0840
2035-09-18,33.5484,0.0000,26.1385,6.8251,1650.5919,844.0508,94.1783,10.9048,838.2023,42.2636
2035-09-19,32.3038,0.0000,23.7266,7.2815,1658.1106,848.5868,94.5287,11.7114,842.6665,44.2367
2035-09-20,30.8615,0.0003,23.0566,9.6885,1665.3697,852.9652,94.5795,13.3145,846.9751,47.9832
2035-09-21,30.9645,0.0829,23.8794,11.9557,1672.6473,857.3106,94.6304,15.0307,851.2521,51.7711
2035-09-22,30.0569,0.0001,36.4834,11.0425,1679.7616,860.8339,93.3297,11.9867,854.7373,44.8961
2035-09-23,23.5909,0.2529,55.6295,15.6785,1685.7119,862.7844,89.2876,8.5295,856.6958,36.0330
2035-09-24,19.3707,0.0001,43.9615,15.0043,1690.9026,864.8267,89.3368,8.3029,858.7315,35.4003
2035-09-25,15.9604,0.9622,54.0611,4.8763,1695.4795,866.2220,83.1092,2.0936,860.1373,13.2151
2035-09-26,21.6883,0.0000,35.9879,4.6272,1701.0874,868.8191,88.5416,4.3910,862.7115,22.9274
2035-09-27,24.3330,0.0000,25.8483,3.9003,1707.1714,872.1767,91.9627,6.9018,866.0225,31.3058
2035-09-28,26.7708,0.0000,18.3419,4.5661,1713.6941,876.2286,94.4557,10.1115,870.0060,40.2574
2035-09-29,28.9782,0.0001,20.5093,5.5120,1720.6142,880.4853,94.6941,10.9590,874.1915,42.3981
2035-09-30,21.9835,0.0033,36.3132,15.2123,1726.2752,883.1026,92.3968,12.9756,876.7856,47.2092
2035-10-01,19.0357,0.4709,31.7712,16.6141,1730.4056,885.1843,92.1725,13.4917,878.8433,48.3842
2035-10-02,19.9719,0.0221,32.2395,10.2705,1734.7046,887.3477,92.1616,9.7853,880.9819,39.4120
2035-10-03,22.0733,0.0000,27.4796,9.3683,1739.3818,889.8941,92.2117,9.4167,883.4933,38.4414
2035-10-04,26.0359,0.0000,33.1738,5.0674,1744.7722,892.6417,92.2618,7.6357,886.2082,33.4918
2035-10-05,27.6926,0.0565,34.7599,4.9291,1750.4609,895.4879,92.3119,7.6364,889.0219,33.4940
2035-10-06,27.7624,0.0000,36.4297,10.1954,1756.1621,898.2680,92.3620,10.0278,891.7724,40.0417
2035-10-07,20.2752,0.0613,50.8450,17.3221,1760.5157,899.8600,89.5125,9.5698,893.3637,38.8466
2035-10-08,19.3168,0.0002,38.5803,5.7364,1764.6967,901.7601,89.5617,5.3756,895.2477,26.4081
2035-10-09,22.3145,0.0064,36.5193,6.9659,1769.4173,904.0122,90.1026,6.1802,897.4773,29.0553
2035-10-10,21.4730,3.0420,54.6842,10.9858,1607.8220,121.7834,74.7325,1.3133,204.7880,8.7232
2035-10-11,19.4054,23.8673,71.0197,16.8200,890.0260,53.1983,50.0388,0.3848,92.5648,1.1076
2035-10-12,19.8256,9.0800,68.1531,14.2510,793.8762,29.2943,51.6458,0.4076,53.6403,0.7213
2035-10-13,19.4056,0.2083,65.0218,5.0118,798.0732,30.3811,70.5865,0.8208,55.4820,2.3926
2035-10-14,20.8294,0.4383,61.2808,7.1014,802.5265,31.6676,80.7570,1.7645,57.6483,5.8953
2035-10-15,18.9355,9.9255,71.3179,12.4100,715.7875,16.1688,52.4653,0.4062,30.6090,0.4861
2035-10-16,18.5615,1.2688,66.7193,9.2290,719.8326,17.1602,67.2136,0.9105,32.3901,1.5083
2035-10-17,17.7377,0.0022,56.1034,9.4518,723.7294,18.4132,79.8904,1.8103,34.6241,4.1966
2035-10-18,18.5206,0.0000,45.9787,10.7124,727.7671,20.0192,85.8461,4.0659,37.4621,9.5011
2035-10-19,20.3791,0.0000,32.0847,14.9688,732.1393,22.2295,89.9272,9.0205,41.3224,18.7340
2035-10-20,21.7235,0.0000,36.6995,16.0987,736.7536,24.4186,90.0746,9.7528,45.1002,20.7321
2035-10-21,25.0068,0.0000,38.4721,14.0126,741.9588,26.8524,90.2828,9.0452,49.2489,20.5396
2035-10-22,23.3011,9.5670,66.7584,11.2967,670.6742,14.5501,60.5512,0.7482,27.6030,0.8356
2035-10-23,21.2938,0.2509,74.6145,10.4960,675.2111,15.4114,74.5747,1.2707,29.1590,2.3563
2035-10-24,19.5940,3.3750,71.2093,9.3142,663.4620,11.7480,62.4259,0.7508,22.5000,0.7337
2035-10-25,19.0866,0.0006,53.4188,6.9482,667.6016,13.1728,78.6802,1.4189,25.1070,2.3945
2035-10-26,20.0475,0.0227,66.7284,8.3555,671.9141,14.2389,82.5768,2.3318,27.0450,4.6023
2035-10-27,18.9125,2.5135,84.8128,10.9273,676.0224,11.6180,62.4009,0.8134,22.2787,0.7898
2035-10-28,20.3367,0.4845,84.1525,6.2446,680.3870,12.1327,70.6561,0.8754,23.2298,0.8731
2035-10-29,21.6969,0.0008,67.5442,5.3223,684.9964,13.2538,79.4852,1.4112,25.2845,2.3917
2035-10-30,22.2701,0.0013,63.7125,6.1945,689.7090,14.5387,83.5669,2.3744,27.6218,4.7588
2035-10-31,23.5130,0.0000,51.8297,5.6065,694.6454,16.3352,86.6523,3.5218,30.8563,7.4663
2035-11-01,25.2393,0.0000,43.5237,7.0349,698.8924,18.3074,88.9056,5.2233,34.3643,11.1365
2035-11-02,22.9620,0.0007,51.7295,4.8757,702.7296,19.8473,88.9546,4.7179,37.0766,10.6932
2035-11-03,20.1814,1.3024,60.6362,8.5673,706.0662,20.9579,80.9156,1.9337,39.0202,4.9057
2035-11-04,20.2319,0.0000,44.8210,11.9060,709.4120,22.5185,86.7159,4.8814,41.7257,11.7547
2035-11-05,20.7815,0.0000,47.4537,16.1346,712.8566,24.0429,87.7368,6.9869,44.3465,16.0730
2035-11-06,20.8035,0.0000,51.1732,15.9789,716.3053,25.4608,87.7854,6.9808,46.7659,16.5226
2035-11-07,20.1582,0.0002,55.0398,14.3824,719.6377,26.7279,87.8340,6.4862,48.9141,16.0127
2035-11-08,20.4435,0.0001,56.6824,7.8098,723.0216,27.9652,87.8703,4.6817,50.9990,12.7339
2035-11-09,20.6835,0.0000,50.2607,7.3773,726.4486,29.4017,87.9189,4.6128,53.4002,12.9176
2035-11-10,19.4777,0.0000,41.7345,9.3216,729.6586,30.9913,88.5880,5.6000,56.0328,15.4211
2035-11-11,19.2732,0.0000,36.0950,10.0786,732.8318,32.7174,89.5481,6.6773,58.8648,18.0710
2035-11-12,19.6010,0.0000,35.5681,7.7045,736.0640,34.4858,89.8746,6.2084,61.7400,17.5667
2035-11-13,21.9277,0.0000,27.0460,8.4676,739.7149,36.7131,91.6992,8.3697,65.3212,22.4770
2035-11-14,22.6938,0.0064,32.9509,10.2059,743.5038,38.8282,91.7491,9.2007,68.6885,24.6556
2035-11-15,20.1937,0.4304,59.1276,8.6757,746.8427,39.9821,88.3691,5.2531,70.5253,16.6737
2035-11-16,21.3263,1.6633,51.7916,11.6547,750.3854,39.4365,81.3222,2.3666,69.7136,8.7371
2035-11-17,14.2226,1.4196,71.5931,9.9650,752.6495,40.0136,73.6897,1.1852,70.6387,4.5869
2035-11-18,13.4719,0.0019,48.1383,5.7976,754.7784,41.0156,81.7350,1.8493,72.2198,7.1844
2035-11-19,12.0987,28.0937,83.0770,10.5266,540.6552,15.2049,31.0321,0.0077,28.4122,0.0088
2035-11-20,14.5935,1.3342,81.8866,8.2628,542.9861,15.5818,44.8803,0.1224,29.0775,0.1416
2035-11-21,14.2140,0.0251,71.3945,4.9473,545.2486,16.1626,61.7601,0.5819,30.0949,0.6886
2035-11-22,16.4250,0.0144,64.3681,5.8345,547.9091,16.9905,74.6253,1.0073,31.5361,1.7724
2035-11-23,18.2046,0.0000,61.3464,6.1703,550.8899,17.9798,81.3522,1.8014,33.2468,4.0498
2035-11-24,18.0194,0.0000,63.9855,5.9863,553.8374,18.8927,83.4650,2.3185,34.8162,5.4404
2035-11-25,18.4130,0.0000,62.0859,5.2567,556.8558,19.8735,84.5073,2.5677,36.4912,6.1968
2035-11-26,19.8930,0.0000,58.4177,4.8482,560.1405,21.0309,85.4817,2.8757,38.4524,7.1217
2035-11-27,18.7688,0.0001,67.7070,5.9269,563.2229,21.8815,85.5296,3.0566,39.8888,7.7001
2035-11-28,16.8357,0.0021,73.5710,5.1997,565.9573,22.5100,84.5993,2.5925,40.9484,6.7399
2035-11-29,17.9190,0.0082,73.5846,4.7972,568.8867,23.1761,84.4769,2.4986,42.0676,6.6280
2035-11-30,18.7942,0.0091,68.4808,7.2091,571.9737,24.0074,84.5245,2.8397,43.4550,7.6063
2035-12-01,18.0147,0.0001,66.7736,12.0137,574.9203,24.7292,84.5720,3.6410,44.6563,9.6001
2035-12-02,17.7098,0.0001,63.0395,13.3074,577.8121,25.5192,84.7427,3.9777,45.9634,10.5137
2035-12-03,18.2598,0.0023,63.4814,6.1842,580.8029,26.3226,84.7997,2.7998,47.2875,7.9211
2035-12-04,18.4216,0.0188,60.8665,5.1207,583.8227,27.1908,85.1273,2.7758,48.7100,8.0089
2035-12-05,17.1666,0.2602,62.6629,7.1921,586.6167,27.9658,85.1750,3.1016,49.9754,8.9633
2035-12-06,18.7832,0.8476,65.3419,11.3536,589.7017,28.7489,82.1987,2.5879,51.2514,7.7718
2035-12-07,18.3110,9.1530,79.3262,22.0458,541.6972,14.8992,51.9772,0.6262,27.8813,0.7041
2035-12-08,16.8757,70.8586,89.9545,32.8430,248.2362,5.7145,28.1324,0.0106,10.8070,0.0067
2035-12-09,16.9688,59.3754,90.7685,26.9470,105.2815,2.2191,21.8208,0.0010,4.2161,0.0004
2035-12-10,15.9220,77.6970,93.8728,23.5920,2.5700,0.4880,14.2683,0.0000,0.6618,0.0000
2035-12-11,18.0453,49.5391,86.9032,17.2417,2.9522,0.2849,25.1940,0.0020,0.4591,0.0005
2035-12-12,17.1021,7.4840,79.1086,13.9534,2.7824,0.4321,36.5667,0.0348,0.6226,0.0085
2035-12-13,13.6304,0.0533,75.3262,4.9071,4.9398,0.8452,54.1771,0.3309,1.1839,0.0899
2035-12-14,14.0796,6.1601,78.5935,13.9951,2.2383,0.3693,43.2081,0.1248,0.5229,0.0296
2035-12-15,13.5063,8.7531,82.9031,14.4256,2.1351,0.2838,33.5526,0.0179,0.4260,0.0041
2035-12-16,15.2588,14.1523,78.1984,22.6718,2.4506,0.4053,38.2643,0.0773,0.5735,0.0185
2035-12-17,12.1506,0.3406,70.3055,8.3457,4.3417,0.8524,58.4010,0.5600,1.1436,0.1511
2035-12-18,16.1270,13.8719,86.1048,24.6814,2.6069,0.2720,36.8154,0.0631,0.4315,0.0146
2035-12-19,13.9703,0.0558,76.1842,6.0022,4.8255,0.6799,54.8778,0.3735,1.0056,0.0982
2035-12-20,14.8751,0.0000,62.6462,11.6230,7.2070,1.3580,72.6915,1.2349,1.8463,0.3739
2035-12-21,13.9566,0.0007,71.4407,17.4729,9.4232,1.8467,78.9052,2.4620,2.4789,0.8136
2035-12-22,14.4308,0.0473,72.7900,15.0839,11.7247,2.3269,81.1212,2.7487,3.1105,0.9807
2035-12-23,13.6923,37.6352,87.7822,15.4373,2.1686,0.6450,28.8776,0.0055,0.7398,0.0014
2035-12-24,13.4837,0.2035,75.2096,8.3459,4.2997,1.0558,50.6834,0.2711,1.3084,0.0753
2035-12-25,13.8845,12.7166,88.0244,15.5874,2.2032,0.2039,28.2626,0.0046,0.3312,0.0010
2035-12-26,16.1241,7.8207,92.8482,8.0089,2.6063,0.1400,17.9685,0.0001,0.2468,0.0000
2035-12-27,18.8254,0.3502,82.7595,5.7746,5.6989,0.5304,39.2645,0.0403,0.8605,0.0103
2035-12-28,19.9812,0.0013,72.6635,11.2489,8.9995,1.1853,64.7125,0.9188,1.7833,0.2756
2035-12-29,18.8976,0.0024,75.1889,15.2698,12.1051,1.7491,76.0652,1.7620,2.5699,0.5891
2035-12-30,15.0557,24.3891,87.9561,11.3752,2.4140,0.3816,28.5963,0.0041,0.5470,0.0010
2035-12-31,13.7197,2.9195,77.8801,5.4946,2.3102,0.3725,37.0133,0.0251,0.5310,0.0059
2036-01-01,13.4388,5.1476,78.4870,5.9907,2.1230,0.3851,34.5140,0.0147,0.5299,0.0035
2036-01-02,13.4975,10.9631,82.3183,8.3560,2.1336,0.3178,26.9798,0.0022,0.4631,0.0005
2036-01-03,13.9904,24.4676,81.0198,16.1082,2.2223,0.3526,28.5813,0.0052,0.5049,0.0012
2036-01-04,11.7588,0.0146,76.2738,12.4536,4.0429,0.7282,50.7192,0.3349,1.0042,0.0880
2036-01-05,14.8743,0.0008,60.5721,7.0280,6.4242,1.5036,69.7419,0.8841,1.8971,0.2697
2036-01-06,14.3683,0.4731,70.0459,6.1927,8.7145,2.0740,76.7677,1.1697,2.6007,0.3926
2036-01-07,14.5908,1.3275,70.5679,7.2887,11.0449,2.6426,72.5638,0.9876,3.3070,0.3602
2036-01-08,15.0385,0.0041,66.9625,9.9237,13.4558,3.2989,79.2793,1.7439,4.0906,0.6900
2036-01-09,14.9487,0.0000,68.6629,13.0540,15.8506,3.9181,81.8691,2.7088,4.8432,1.5567
2036-01-10,13.5989,0.0045,69.1358,13.4437,18.0024,4.4766,82.6256,3.0317,5.5210,2.0996
2036-01-11,13.9199,0.0028,64.6883,11.2729,20.2120,5.1295,83.4510,3.0207,6.2767,2.2819
2036-01-12,13.3134,0.0000,62.4945,7.9338,22.3124,5.7951,83.9168,2.7145,7.0273,2.1076
2036-01-13,14.0441,0.0000,38.0108,7.4650,24.5443,6.9508,87.1313,4.1400,8.1392,3.9738
2036-01-14,12.6985,0.0000,56.3822,11.8863,26.5340,7.6917,86.8097,4.9419,8.9195,5.0383
2036-01-15,12.7286,0.0000,55.4487,9.8888,28.5292,8.4502,86.8250,4.4784,9.7101,4.7699
2036-01-16,13.5647,0.0000,40.4048,8.6925,30.6748,9.5261,87.6806,4.7635,10.7253,5.3636
2036-01-17,12.9246,0.0006,60.4388,11.7085,32.7053,10.2092,86.5046,4.6905,11.4684,5.4805
2036-01-18,13.1432,0.0001,64.7761,12.4922,34.7750,10.8268,85.6417,4.3222,12.1763,5.2252
2036-01-19,12.4630,0.0000,64.3686,7.1921,36.7224,11.4217,85.3991,3.1993,12.8509,3.9324
2036-01-20,13.3740,0.0000,49.8968,10.6158,38.8337,12.3145,86.0463,4.1614,13.7380,5.3928
2036-01-21,11.7633,0.0000,61.5915,11.3937,40.6551,12.9228,85.7677,4.1620,14.4014,5.5433
2036-01-22,10.4266,0.0002,73.5128,11.2651,42.2359,13.2986,84.0219,3.2559,14.8824,4.4003
2036-01-23,10.0467,0.0011,80.8964,11.0826,43.7483,13.5608,82.2834,2.5795,15.2803,3.4543
2036-01-24,10.7526,0.0012,73.1190,16.0649,45.3877,13.9530,82.3302,3.3349,15.7791,4.6821
2036-01-25,11.4501,0.0001,51.5897,15.3508,47.1528,14.7010,84.6353,4.3450,16.5232,6.2563
2036-01-26,11.9111,0.0000,55.4267,12.0378,49.0008,15.4150,84.9947,3.8623,17.2575,5.7319
2036-01-27,12.3789,0.0000,53.7509,11.7909,50.9330,16.1824,85.3571,4.0102,18.0376,6.1012
2036-01-28,12.0416,0.5302,68.5241,9.4752,52.8045,16.6917,84.5215,3.1819,18.6472,4.9569
2036-01-29,14.5665,0.0014,60.7606,5.6035,55.1304,17.4485,84.6400,2.6605,19.4820,4.2281
2036-01-30,15.1733,0.0000,58.5721,13.3742,57.5656,18.2784,85.0092,4.1395,20.3795,6.7538
2036-01-31,14.3557,0.3694,67.2352,14.7101,59.8537,18.9019,85.0569,4.4569,21.1253,7.3784
2036-02-01,16.3895,0.0148,67.1676,6.4663,62.5078,19.7176,85.1046,2.9613,22.0480,5.1308
2036-02-02,18.6561,0.2875,67.8587,5.1912,65.5699,20.6196,85.1523,2.7953,23.0880,4.9873
2036-02-03,15.9304,0.4447,77.9866,7.3946,68.1413,21.1521,83.6594,2.5533,23.8194,4.6384
2036-02-04,17.2722,2.4676,74.7316,6.1637,70.9543,17.9792,65.3016,0.7281,22.0134,0.7015
2036-02-05,17.3996,0.0000,64.2474,6.6486,73.7902,18.9187,76.8586,1.2048,23.0581,1.6831
2036-02-06,18.5611,0.4294,68.2714,6.8521,76.8353,19.8049,81.2752,1.8478,24.0877,3.2590
2036-02-07,14.6132,0.8436,70.3016,8.9504,79.1696,20.4677,79.0447,1.6235,24.8648,2.8471
2036-02-08,14.3151,0.0422,64.9267,3.7442,81.4504,21.2357,81.6951,1.6596,25.7122,3.0103
2036-02-09,15.5176,0.0001,60.0175,5.0972,83.9475,22.1795,83.6916,2.2838,26.7140,4.4644
2036-02-10,15.5397,0.0039,70.3506,6.5593,86.4487,22.8804,83.7389,2.4738,27.5389,4.9534
2036-02-11,17.4420,0.0000,68.8667,3.3037,89.2922,23.7004,83.7862,2.1127,28.4935,4.3007
2036-02-12,20.3949,0.0000,54.2339,6.8866,92.6673,25.0978,85.9139,3.3850,29.9301,7.0698
2036-02-13,21.5696,0.0000,53.1170,4.7383,96.2538,26.6075,86.7853,3.4353,31.4681,7.3884
2036-02-14,22.1380,0.0000,47.5714,5.9007,99.9427,28.3381,87.8432,4.2359,33.1661,9.1628
2036-02-15,22.1298,0.0413,47.4458,10.4620,103.6300,30.0723,88.1288,5.5531,34.8569,11.7959
2036-02-16,14.5617,3.4883,68.1214,13.9417,101.8310,22.8285,64.5862,1.0469,29.2588,1.7347
2036-02-17,15.3086,0.0163,47.0172,5.9552,104.2906,24.0634,78.8883,1.3758,30.5212,2.7399
2036-02-18,18.1935,0.0000,48.4113,7.7574,107.2694,25.4773,84.9293,3.0851,31.9711,6.7627
2036-02-19,19.6342,0.0001,57.3245,6.9632,110.5076,26.7342,85.7481,3.3202,33.3177,7.4198
2036-02-20,21.1963,0.0474,56.8281,5.6143,114.0269,28.1015,86.2351,3.3215,34.7766,7.6204
2036-02-21,21.2898,0.0000,52.9193,4.9966,117.5631,29.5989,86.8690,3.5219,36.3305,8.2432
2036-02-22,19.9084,0.0010,53.1407,6.8184,120.8506,30.9973,86.9174,3.8872,37.7732,9.1893
2036-02-23,18.2709,0.3677,68.0075,11.1839,123.8433,31.8776,85.8437,4.1623,38.7922,9.8898
2036-02-24,15.6725,3.8296,70.1490,9.9153,121.2804,23.3726,61.0848,0.7200,31.5464,0.8794
2036-02-25,18.3738,0.0002,47.5558,4.9215,124.2917,24.8233,78.4268,1.2524,33.1133,2.6022
2036-02-26,20.2941,0.0033,57.2985,5.2095,127.6486,26.1210,83.6982,2.2988,34.5612,5.3676
2036-02-27,20.1931,0.0800,62.5681,5.1045,130.9874,27.2532,84.7488,2.6332,35.8560,6.2743
2036-02-28,19.8456,0.0787,55.8663,7.3571,134.2636,28.5663,85.9104,3.4645,37.2951,8.2551
2036-03-01,21.3727,0.0000,46.0359,6.4105,137.8147,30.6335,87.7367,4.2803,39.3823,10.2127
2036-03-02,19.5065,0.0000,58.9230,6.7854,141.0298,32.0764,87.4439,4.1831,40.8979,10.2411
2036-03-03,18.4755,2.2181,61.8727,6.2147,144.0594,29.0921,72.7320,0.9418,38.6642,2.0034
2036-03-04,13.9402,3.1217,67.6522,13.8792,142.5621,23.1109,62.2023,0.9343,32.8915,1.6243
2036-03-05,16.2445,0.0000,44.0517,5.0349,145.1901,24.7650,78.6144,1.2809,34.7232,2.7983
2036-03-06,18.6701,0.0000,44.0185,4.9660,148.2547,26.6516,85.3582,2.8436,36.7755,6.8522
2036-03-07,20.8469,0.0000,48.0802,6.0211,151.7111,28.5939,87.2211,3.8991,38.8718,9.3706
2036-03-08,21.5474,0.0029,44.4413,8.6530,155.2937,30.7388,88.3316,5.2189,41.1263,12.3019
2036-03-09,21.3598,0.5124,51.4579,7.2062,158.8424,32.5972,88.0597,4.6664,43.0883,11.5428
2036-03-10,16.3918,2.2971,65.6700,12.9256,161.4970,28.9791,72.3634,1.3019,40.0098,3.2280
2036-03-11,18.2895,0.0000,53.4854,7.0803,164.4931,30.5165,81.9699,2.0292,41.6950,5.3952
2036-03-12,20.4718,0.0000,54.6998,5.4770,167.8820,32.1822,85.2641,2.8800,43.5119,7.7091
2036-03-13,23.3585,0.0000,44.1066,5.1475,171.7905,34.5125,88.1470,4.2596,45.9479,11.1197
2036-03-14,24.3979,0.0000,40.8395,5.5409,175.8862,37.0838,89.4465,5.2356,48.5677,13.5296
2036-03-15,24.6685,0.0001,37.2190,9.0110,180.0305,39.8415,90.3277,7.0754,51.3005,17.5306
2036-03-16,23.5290,0.1310,44.8114,12.3179,183.9697,42.1585,90.3771,8.4176,53.6061,20.3725
2036-03-17,18.1502,7.0741,67.6165,12.6924,172.8446,25.2611,58.3611,0.6951,37.0025,0.9469
2036-03-18,17.8266,1.6627,64.1246,4.9979,175.7574,25.0274,65.3779,0.6886,36.9137,0.9364
2036-03-19,19.0646,0.0889,59.1534,5.7966,178.8931,26.4314,78.3338,1.2982,38.6036,3.1210
2036-03-20,18.7132,3.8111,66.0780,7.3740,176.1788,19.8185,61.9806,0.6654,30.9368,0.8021
2036-03-21,20.4049,0.0035,56.9770,4.9586,179.5556,21.3956,77.7329,1.1831,32.9697,2.3952
2036-03-22,21.5343,0.0088,54.8951,6.1568,183.1358,23.1359,84.2202,2.5847,35.1655,6.0866
2036-03-23,21.9806,0.0007,50.8959,8.2535,186.7963,25.0678,86.7813,4.0986,37.5408,9.5774
2036-03-24,23.2956,0.0000,41.9965,8.6686,190.6935,27.4799,88.8759,5.6474,40.4038,12.9688
2036-03-25,24.2919,0.0017,36.3124,6.5510,194.7701,30.2365,90.2936,6.2201,43.5651,14.5698
2036-03-26,23.8947,0.0010,44.2476,8.8921,198.7751,32.6118,90.3431,7.0486,46.2527,16.5457
2036-03-27,22.1342,0.0005,49.1476,5.7976,202.4633,34.6259,89.6776,5.4825,48.5106,14.0151
2036-03-28,24.5660,0.0084,34.1341,4.1170,206.5892,37.5075,90.8065,5.9204,51.5961,15.3793
2036-03-29,26.0257,0.0018,29.2006,5.5658,210.9778,40.7812,92.0897,7.6419,54.9893,19.2458
2036-03-30,27.9213,0.0017,29.4043,4.9754,215.7076,44.2735,92.5352,7.8989,58.5195,20.3662
2036-03-31,29.1608,0.0203,32.7494,5.0173,220.6606,47.7425,92.5854,7.9717,61.9668,21.1226
2036-04-01,26.0777,0.3082,38.8340,6.5074,226.3086,51.7726,92.1064,8.0322,65.8716,21.9239
2036-04-02,20.4027,0.6712,51.3701,15.4435,230.9350,54.3076,87.6110,6.6275,68.4014,19.4717
2036-04-03,18.8470,0.6747,51.3937,13.3033,235.2815,56.6581,86.0813,4.7884,70.7331,15.5732
2036-04-04,16.7676,10.9798,67.5137,11.3899,212.3748,29.6509,51.6071,0.3514,43.9585,0.5397
2036-04-05,15.3290,7.7367,71.8047,12.9460,199.2050,17.0032,45.2632,0.1644,28.0261,0.1855
2036-04-06,15.5706,5.6927,65.0575,8.4813,191.9247,11.3872,47.1616,0.1735,19.8327,0.1564
2036-04-07,15.5155,8.5088,72.1483,8.2464,177.6600,6.7779,40.2861,0.0555,12.3754,0.0377
2036-04-08,16.6178,3.0975,61.8252,10.5107,177.6322,5.9072,55.4716,0.4944,10.9076,0.3128
2036-04-09,17.7538,0.0000,50.0545,9.1591,181.7819,8.1901,76.6952,1.3514,14.7220,1.1118
2036-04-10,19.1928,0.0000,47.5489,6.6363,186.1906,10.7705,84.5351,2.7629,18.8194,4.3022
2036-04-11,19.6829,0.0000,47.5743,5.9615,190.6875,13.4119,86.8813,3.7039,22.8126,6.5120
2036-04-12,21.2497,0.0071,44.4190,4.6086,195.4664,16.4235,88.1520,4.1484,27.1450,8.0050
2036-04-13,20.3899,1.4165,53.3856,7.1083,200.0906,18.8520,81.1489,1.8448,30.5161,3.8993
2036-04-14,19.5553,1.4498,53.8431,14.6757,204.5646,21.1633,80.2514,2.4462,33.6289,5.6028
2036-04-15,19.9922,0.5989,49.7331,18.4164,209.1172,23.7337,85.5286,5.7346,36.9759,12.5030
2036-04-16,20.6622,0.3572,49.1400,15.2376,213.7904,26.4170,87.2331,6.2145,40.3648,13.9703
2036-04-17,22.2902,0.1520,47.5457,12.5360,218.7566,29.3914,88.0231,6.0722,44.0027,14.3796
2036-04-18,23.8684,0.0674,43.4660,6.6065,224.0069,32.8135,88.9625,5.1537,48.0358,13.2818
2036-04-19,21.7258,2.1477,60.6731,9.0677,228.8716,30.9548,76.5112,1.3280,46.2660,3.7232
2036-04-20,23.6495,0.5930,56.5700,4.5190,234.0825,33.5607,83.2926,2.1055,49.4111,6.2795
2036-04-21,26.0447,0.0000,49.7315,4.8689,239.7245,36.8687,87.3230,3.7330,53.2596,10.8786
2036-04-22,27.4599,0.0001,44.1978,7.3677,245.6213,40.7324,89.2941,5.6163,57.5891,15.6891
2036-04-23,29.1391,0.0004,34.1794,9.5442,251.8203,45.5576,91.5631,8.6673,62.7393,22.5658
2036-04-24,30.2351,0.0000,32.9067,8.6736,258.2166,50.6545,92.2135,9.0952,67.9731,24.3267
2036-04-25,30.6294,0.0017,34.8942,7.3784,264.6839,55.6625,92.2636,8.5809,72.9644,24.2214
2036-04-26,27.0873,0.0043,31.6129,8.9100,270.5136,60.3358,92.3137,9.3351,77.4726,26.4840
2036-04-27,27.5977,0.0158,23.6822,7.8438,276.4352,65.6454,93.6056,10.6023,82.3822,29.7919
2036-04-28,28.3888,0.0000,20.8532,5.8163,282.4992,71.3036,94.4362,10.7400,87.4351,30.9649
2036-04-29,30.9814,0.0026,17.3806,6.6038,289.0299,77.7294,95.6498,13.1948,92.9594,36.5734
2036-04-30,29.1778,0.0067,31.1625,17.2828,295.2359,82.7823,94.2109,18.5537,97.3345,46.5263
2036-05-01,18.1464,4.4075,66.6649,16.5835,291.1906,57.2954,66.5157,1.2875,76.8083,5.3164
2036-05-02,20.0851,0.0463,47.1323,7.9131,297.2099,60.2440,81.9655,2.1150,79.9657,8.6526
2036-05-03,22.8290,0.0003,45.8080,7.6331,303.7231,63.6580,87.1451,4.1835,83.5417,15.4246
2036-05-04,25.2660,0.0015,45.9135,5.2000,310.6750,67.4123,88.6104,4.5644,87.4084,16.8964
2036-05-05,25.5690,0.0103,45.3976,7.6129,317.6814,71.2459,89.0422,5.4842,91.3016,19.8047
2036-05-06,23.8158,0.0935,49.0938,9.2037,324.3723,74.5851,89.0912,5.9839,94.7208,21.4974
2036-05-07,23.4743,0.0036,42.5815,9.3522,331.0017,78.2998,89.2589,6.1757,98.4046,22.4157
2036-05-08,27.5971,0.0000,33.8598,4.6287,338.3731,83.2967,91.2711,6.4908,103.1270,23.7579
2036-05-09,31.8376,0.0001,29.6618,6.7020,346.5079,89.3960,93.0348,9.2429,108.6896,31.0329
2036-05-10,33.1441,0.0107,32.3493,5.4325,354.8778,95.4949,93.0851,8.7315,114.1785,30.5100
2036-05-11,32.3299,0.0030,33.0086,9.6265,363.1012,101.3908,93.1355,10.8625,119.4175,35.9362
2036-05-12,30.5696,0.0000,31.2772,10.7586,371.0077,107.1206,93.1859,11.5815,124.4270,38.0690
2036-05-13,29.0258,0.0000,24.5524,13.9221,378.6364,113.1044,93.7734,14.7419,129.4999,45.1014
2036-05-14,29.9749,0.0000,33.2468,8.8672,386.4359,118.5654,93.6985,11.3087,134.1963,38.4935
2036-05-15,31.9290,0.0000,32.2592,4.8657,394.5871,124.4558,93.7491,9.3089,139.1719,34.2828
2036-05-16,32.4571,0.0045,37.8475,8.0923,402.8334,129.9466,93.3209,10.3182,143.8693,37.0623
2036-05-17,23.7705,1.9118,65.3146,13.8067,409.5161,110.8764,79.4195,2.1501,132.2417,11.6150
2036-05-18,24.4695,0.0013,50.3326,9.5366,416.3246,114.2198,86.3396,4.1074,135.5015,19.2577
2036-05-19,20.3919,0.9635,61.7576,13.5018,422.3991,116.3835,82.8179,3.1153,137.8279,15.7787
2036-05-20,19.7425,7.0234,68.5250,18.5102,403.3523,64.9065,61.0848,1.1102,92.5718,5.2601
2036-05-21,22.7839,0.0057,48.2592,6.6094,409.8574,68.1598,80.9340,1.7557,96.2877,8.2820
2036-05-22,25.0878,0.0000,42.5395,7.1433,416.7773,72.1214,87.9267,4.5639,100.6850,18.2217
2036-05-23,22.1766,0.0003,41.9029,13.2616,423.1730,75.6815,88.9784,7.2235,104.5970,25.7720
2036-05-24,23.1086,0.0008,36.7730,9.1637,429.7366,79.7112,90.0827,6.8843,108.9158,25.3973
2036-05-25,25.7394,0.0000,37.6623,9.8760,436.7737,84.1159,90.5191,7.5957,113.5580,27.6886
2036-05-26,25.7023,0.0000,38.0612,11.7272,443.8041,88.4864,90.5686,8.3975,118.1035,30.1389
2036-05-27,29.7520,0.0000,23.7282,8.2031,451.5635,94.6814,93.7742,11.0521,124.2386,36.9025
2036-05-28,31.2879,0.0000,23.5701,9.7271,459.5993,101.1983,94.3710,12.9625,130.5388,41.6550
2036-05-29,32.2266,0.0000,23.1994,13.5088,467.8041,107.9366,94.6432,16.2829,136.9036,48.9067
2036-05-30,33.3343,0.0001,23.1016,9.8905,476.2083,114.9077,94.8547,13.9691,143.3441,45.0093
2036-05-31,29.0214,0.0000,41.4459,12.9106,483.8361,119.5510,92.3938,11.5498,147.8014,40.1923
2036-06-01,22.9855,0.0001,35.6672,14.4980,491.3775,123.6303,92.0978,11.9999,151.7869,41.4928
2036-06-02,23.6475,0.0003,34.2879,10.3822,499.0381,127.9116,92.1479,9.8215,155.9146,36.6855
2036-06-03,27.7715,0.0000,31.8247,8.3875,507.4409,133.0935,92.1979,8.9453,160.7692,34.7582
2036-06-04,29.6963,0.0068,36.5436,9.4245,516.1903,138.2383,92.2480,9.4920,165.6032,36.3879
2036-06-05,29.7867,0.0000,38.7577,9.7365,524.9559,143.2182,92.2981,9.7108,170.2902,37.1541
2036-06-06,29.8593,0.0009,33.6871,10.5410,533.7345,148.6230,92.3482,10.1842,175.2478,38.5416
2036-06-07,29.8458,0.0003,34.8909,10.0587,542.5108,153.9274,92.3984,10.0102,180.1028,38.3007
2036-06-08,31.3994,0.0000,30.1861,9.1032,551.5667,159.9007,92.9826,10.3557,185.4183,39.3446
2036-06-09,29.3111,0.0000,35.5127,11.9830,560.2467,165.0637,93.0329,12.0577,190.1034,43.5573
2036-06-10,27.5965,0.0000,35.5871,11.8701,568.6180,169.9300,92.8606,11.7032,194.5260,42.8721
2036-06-11,24.1025,0.0078,41.5263,14.4173,576.3605,173.8097,91.4518,10.9060,198.1968,41.0737
2036-06-12,24.0565,0.0618,46.7138,11.6377,584.0947,177.3387,90.4336,8.1999,201.6321,34.1668
2036-06-13,28.5088,0.0023,36.2504,7.6374,592.6302,182.3080,91.2184,7.4969,206.1069,32.2736
2036-06-14,31.0224,0.0000,30.0697,10.2405,601.6183,188.2218,92.8435,10.7548,211.2303,41.0045
2036-06-15,29.9268,0.0035,37.4530,13.3119,610.4091,193.3309,92.8693,12.6006,215.7941,45.4708
2036-06-16,28.0759,0.0003,37.5322,12.5052,618.8668,198.1290,92.5951,11.6416,220.0981,43.3113
2036-06-17,31.2742,0.0000,25.3267,6.8870,627.9001,204.4935,93.9033,10.5300,225.4370,40.6889
2036-06-18,35.2629,0.0108,19.9001,6.7540,637.6515,212.1615,95.7709,13.5156,231.6416,47.8055
2036-06-19,32.2862,0.0173,29.9265,11.3607,646.8670,218.3206,94.8991,15.1353,236.8209,51.3971
2036-06-20,29.5737,0.0144,39.8101,13.4402,655.5942,223.1811,92.7302,12.4370,241.1382,45.4720
2036-06-21,29.4981,0.0089,38.3642,10.3219,664.3079,228.1462,92.6477,10.5062,245.5051,40.8612
2036-06-22,33.0459,0.0074,28.6102,8.6085,673.6601,234.5637,93.5708,10.9657,250.8056,42.0493
2036-06-23,32.2058,0.0001,28.5709,10.8058,682.8612,240.8268,93.6214,12.3361,255.9696,45.3765
2036-06-24,29.4618,0.0000,35.5921,12.5733,691.5683,246.0090,93.2205,12.7520,260.4213,46.3747
2036-06-25,30.3201,0.0066,34.6760,10.7830,700.4299,251.4125,93.2709,11.7344,265.0143,44.0177
2036-06-26,33.1891,0.0000,28.7574,8.5953,709.8079,257.8437,93.6133,11.0233,270.2557,42.3222
2036-06-27,36.2877,0.0000,24.1764,6.7174,719.7437,265.3069,95.0492,12.2266,276.1410,45.2475
2036-06-28,36.4333,0.0298,28.0487,8.1921,729.7057,272.4166,95.1002,13.2621,281.8137,47.6644
2036-06-29,33.9539,0.0085,35.0748,10.8776,739.2214,278.4082,94.1643,13.3495,286.7883,47.8837
2036-06-30,30.0600,0.0000,38.2973,13.6348,748.0362,283.4699,92.9394,12.9336,291.1295,46.9533
2036-07-01,27.9153,0.0000,42.0591,13.6351,756.7650,287.4182,91.8695,11.1242,294.8641,42.6720
2036-07-02,26.3554,0.0026,45.3659,14.2384,765.2130,290.9411,90.9831,10.1109,298.3211,40.1378
2036-07-03,25.8188,0.0132,46.6379,13.1385,773.5643,294.3147,90.5837,9.0358,301.6811,37.3177
2036-07-04,27.1922,0.0008,44.6519,9.8999,782.1629,297.9923,90.6332,7.7298,305.2477,33.6786
2036-07-05,29.7496,0.0000,32.8594,7.1423,791.2219,302.8568,92.0315,8.2061,309.5228,35.0464
2036-07-06,31.1382,0.0000,30.0978,9.8645,800.5307,308.1493,92.9269,10.6770,314.0650,41.6096
2036-07-07,29.7607,0.0000,32.8102,11.1461,809.5917,313.0191,92.9772,11.4699,318.3360,43.5727
2036-07-08,31.2579,0.0000,32.1437,8.5273,818.9221,318.1758,93.0275,10.1230,322.8040,40.2197
2036-07-09,30.5421,0.0000,38.2134,10.8125,828.1237,322.7674,92.8688,11.1086,326.9534,42.7038
2036-07-10,31.3483,0.0000,38.4019,9.7634,837.4704,327.4616,92.9191,10.6112,331.1821,41.4721
2036-07-11,32.2976,0.0000,35.5877,10.6660,846.9879,332.5139,92.9694,11.1836,335.6251,42.8997
2036-07-12,31.0696,0.0000,34.7114,13.7996,856.2845,337.4466,93.0198,13.1892,339.9613,47.6456
2036-07-13,28.5655,0.0000,37.9398,14.5290,865.1303,341.7704,92.6190,12.9346,343.8979,47.0675
2036-07-14,27.7930,0.0971,45.5694,15.2472,873.8370,345.4639,91.2434,11.0398,347.4874,42.5582
2036-07-15,25.7618,0.2097,53.4686,13.7587,882.1781,348.3994,89.5858,8.0814,350.6211,34.7433
2036-07-16,27.7733,0.0000,40.4381,6.1825,890.8813,352.4383,90.2858,6.0988,354.3846,28.7701
2036-07-17,32.8518,0.0000,29.0371,4.6344,900.4987,358.0967,93.2001,8.5233,359.1450,35.9892
2036-07-18,34.6135,0.0000,29.2407,6.3604,910.4331,364.0317,93.7423,10.0276,364.1024,40.0151
2036-07-19,34.4868,0.0000,31.2941,10.4774,920.3447,369.7740,93.7929,12.4264,369.7464,45.9093
2036-07-20,31.8881,0.0000,29.3297,10.3399,929.7886,375.2491,93.8435,12.4277,375.1922,45.9153
2036-07-21,34.9488,0.0000,27.1823,8.0828,939.7834,381.4141,94.2449,11.7257,381.3190,44.2523
2036-07-22,35.3652,0.0000,27.1774,9.9845,949.8531,387.6507,94.3391,13.0739,387.5158,47.4172
2036-07-23,35.6969,0.0000,23.6584,7.7167,959.9826,394.2481,95.1020,12.9513,394.0664,47.1383
2036-07-24,35.5037,0.0000,24.9616,6.6772,970.0772,400.6989,95.1530,12.3764,400.4716,45.8051
2036-07-25,36.5553,0.0000,22.3266,7.2632,980.3612,407.5679,95.5581,13.4715,407.2876,48.3274
2036-07-26,36.0973,0.0000,23.3365,10.3974,990.5627,414.2653,95.6093,15.8866,413.9332,53.5745
2036-07-27,37.2034,0.0000,24.6655,10.5287,1000.9633,421.0422,95.6605,16.1037,420.6572,54.0289
2036-07-28,37.1585,0.0000,25.5822,9.8175,1011.3558,427.7288,95.7117,15.6454,427.2914,53.0708
2036-07-29,36.4271,0.0000,30.8345,7.1802,1021.6167,433.8247,95.3437,13.0292,433.3447,47.3260
2036-07-30,35.5489,0.0000,35.8565,8.7699,1031.7195,439.3457,94.3067,12.2429,438.8329,45.4983
2036-07-31,33.9779,0.0000,38.2204,10.3709,1041.5395,444.4352,93.5438,11.9391,443.8958,44.7780
2036-08-01,31.0623,0.0000,43.3879,11.5304,1050.1347,448.1942,92.1805,10.4545,447.6456,41.1292
2036-08-02,32.4497,0.0000,42.7796,10.2845,1058.9797,452.1573,92.2305,9.8880,451.5974,39.6760
2036-08-03,32.4927,0.0000,43.8334,10.5563,1067.8324,456.0525,92.1609,9.9263,455.4827,39.7758
2036-08-04,29.1112,0.0000,49.2142,12.8922,1076.0764,459.2200,90.8052,9.2112,458.6505,37.8899
2036-08-05,28.8543,0.0000,40.8183,11.6349,1084.2742,462.8798,90.8549,8.7071,462.2999,36.5214
2036-08-06,28.7525,0.0000,32.7572,10.5012,1092.4536,467.0239,91.9345,9.5870,466.4230,38.8895
2036-08-07,28.6331,0.0000,37.9288,10.2412,1100.6116,470.8340,91.9845,9.5294,470.2189,38.7378
2036-08-08,30.1128,0.0000,31.6485,8.0752,1109.0359,475.2384,92.4644,9.1428,474.5983,37.7070
2036-08-09,31.1132,0.0000,30.2422,9.0470,1117.6403,479.8775,92.9320,10.2535,479.2085,40.6195
2036-08-10,30.0048,0.0000,32.4151,8.7481,1126.0451,484.2175,92.9823,10.1717,483.5242,40.4103
2036-08-11,34.9008,0.0000,25.2685,4.1656,1135.3313,489.7717,94.5312,10.0131,489.0343,40.0021
2036-08-12,37.1962,0.0000,30.2748,8.8280,1145.0306,495.2842,94.5820,12.7539,494.5067,46.6962
2036-08-13,38.5933,0.0008,32.4313,7.1274,1154.9814,500.8212,94.6329,11.7887,500.0046,44.4213
2036-08-14,39.2657,0.0000,30.0308,4.7989,1165.0532,506.6519,94.6838,10.5572,505.7901,41.3918
2036-08-15,40.2596,0.0000,26.3206,3.0847,1175.3039,512.9431,95.3336,10.5850,512.0261,41.4620
2036-08-16,40.8508,0.0000,22.4774,4.8756,1185.6611,519.6570,96.2407,13.1019,518.6750,47.4977
2036-08-17,40.5679,0.0000,20.6279,6.8324,1195.9673,526.4847,96.6074,15.1913,525.4335,52.1142
2036-08-18,40.1237,0.0000,23.0171,8.2177,1206.1936,533.0363,96.6589,16.4028,531.9206,54.6566
2036-08-19,39.4181,0.0000,24.4864,10.9803,1216.2928,539.3529,96.7105,18.9836,538.1763,59.7960
2036-08-20,35.3730,0.0011,39.6614,11.6920,1225.6640,543.8962,93.7323,13.1000,542.6952,47.4939
2036-08-21,31.0866,0.0000,40.1152,11.5670,1234.2636,547.8754,92.7390,11.3308,546.6565,43.3133
2036-08-22,33.6284,0.0000,25.3353,6.0463,1243.3207,553.2285,94.3009,10.6642,551.9615,41.6620
2036-08-23,36.7096,0.0000,20.8175,4.6747,1252.9324,559.4092,95.8318,12.2721,558.0778,45.5719
2036-08-24,37.6756,0.0000,19.8225,5.6865,1262.7180,565.8275,96.2853,13.7308,564.4263,48.9214
2036-08-25,38.2703,0.0000,17.0440,5.7330,1272.6107,572.5700,96.9732,15.0949,571.0906,51.9084
2036-08-26,35.9035,0.0001,21.8492,8.8130,1282.0773,578.5401,96.9664,17.6131,576.9976,57.1110
2036-08-27,35.8519,0.0000,25.7766,6.2351,1291.5346,584.2023,96.3304,14.2018,582.6039,49.9676
2036-08-28,34.9963,0.0000,37.3074,7.3695,1300.8380,588.8741,94.1295,11.1327,587.2444,42.8274
2036-08-29,32.7149,0.0000,43.0877,8.3420,1309.7306,592.8472,92.5603,9.3924,591.2005,38.3766
2036-08-30,32.1368,0.0000,48.1882,8.5459,1318.5193,596.4023,91.4647,8.1278,594.7489,34.9062
2036-08-31,29.7599,0.0027,53.9535,11.0905,1326.8801,599.3359,90.0817,7.5852,597.6882,33.3444
2036-09-01,28.1481,0.0021,53.4587,12.6725,1333.6507,601.7594,89.7596,7.8441,600.1151,34.0954
2036-09-02,28.5839,0.0000,42.3366,9.9767,1340.4998,604.8068,90.1425,7.2339,603.1498,32.3068
2036-09-03,29.5336,0.0000,39.1740,9.6796,1347.5199,608.1242,90.8573,7.8929,606.4488,34.2358
2036-09-04,28.8210,0.0000,39.9316,9.5859,1354.4117,611.3240,90.9070,7.9115,609.6321,34.2894
2036-09-05,29.4086,0.0000,34.1613,8.7453,1361.4092,614.9001,91.7866,8.5933,613.1823,36.2098
2036-09-06,31.4219,0.0000,24.1965,5.3438,1368.7692,619.2892,94.0536,9.9473,617.5266,39.8333
2036-09-07,33.0132,0.0000,23.6557,5.3994,1376.4155,623.9259,94.6401,10.8163,622.1142,42.0430
2036-09-08,32.1029,0.0309,29.8292,6.9806,1383.8980,628.0739,94.6910,11.7956,626.2248,44.4392
2036-09-09,31.3856,0.0007,34.2667,6.6194,1391.2515,631.8756,93.9185,10.4110,629.9972,41.0227
2036-09-10,30.6113,0.1889,44.8219,7.4075,1398.4655,634.9909,91.9959,8.2747,633.1009,35.3212
2036-09-11,32.5767,0.0015,33.3999,5.0375,1406.0333,638.9840,92.5299,7.9177,637.0613,34.3071
2036-09-12,29.8408,0.0001,39.4322,13.3814,1413.1086,642.3204,92.4974,12.0009,640.3783,44.9297
2036-09-13,29.8151,0.0000,28.7277,11.9697,1420.1794,646.2432,93.0194,12.0268,644.2648,44.9914
2036-09-14,30.9992,0.0000,28.1413,9.7257,1427.4632,650.3498,93.3622,11.2682,648.3317,43.1605
2036-09-15,32.1989,0.0000,23.9234,6.8950,1434.9630,654.8599,94.4024,11.2874,652.7926,43.2073
2036-09-16,32.0436,0.0000,29.1508,5.6961,1442.4349,659.0406,94.4532,10.7003,656.9329,41.7529
2036-09-17,31.5633,0.0000,29.2280,7.1618,1449.8203,663.1561,94.5041,11.6015,661.0088,43.9717
2036-09-18,31.1133,0.0000,26.1015,9.0007,1457.1247,667.3943,94.5549,12.8174,665.2026,46.8447
2036-09-19,30.0467,0.0000,29.8199,8.3177,1464.2371,671.2860,94.4022,12.1259,669.0577,45.2269
2036-09-20,30.0189,0.0040,28.8285,6.3538,1471.3445,675.2291,94.4531,11.0607,672.9625,42.6498
2036-09-21,30.2137,0.0000,29.8405,5.8306,1478.4869,679.1404,94.4032,10.6990,676.8366,41.7496
2036-09-22,30.7737,0.0000,27.8278,5.8235,1485.7302,683.2360,94.4540,10.7704,680.8902,41.9283
2036-09-23,30.8566,0.2340,26.3209,5.6330,1492.9884,687.4279,94.5048,10.7425,685.0372,41.8585
2036-09-24,29.8281,5.8472,35.6902,5.4738,1279.2507,102.8786,79.3069,1.3974,171.3141,8.8700
2036-09-25,28.5669,0.1051,44.4654,6.1677,1286.0968,105.8118,88.0644,4.4315,175.5216,21.8975
2036-09-26,28.4465,0.0628,47.0431,5.7903,1292.9212,108.5975,89.1116,5.0531,179.5023,24.1329
2036-09-27,28.8448,0.0152,39.8648,5.4364,1299.8172,111.8035,90.4649,6.0262,184.0331,27.3910
2036-09-28,26.8396,0.4568,50.4813,12.4828,1306.3523,114.2667,90.0747,8.1283,187.5261,33.6244
2036-09-29,23.0246,0.0012,58.7677,10.5253,1312.2008,116.0376,88.3241,5.7291,190.0582,26.5954
2036-09-30,23.6669,0.0010,49.8673,5.4844,1318.1648,118.2482,88.3729,4.4752,193.1739,22.4317
2036-10-01,25.7530,10.5028,50.9852,5.5631,1048.4238,60.1486,65.0888,0.7005,105.2076,3.5342
2036-10-02,21.4597,23.7950,79.2296,9.7438,728.5291,24.8011,40.1137,0.0580,45.7118,0.0915
2036-10-03,23.9696,0.1886,60.3380,12.3507,733.5476,26.3077,73.2619,1.3115,48.2861,3.7990
2036-10-04,23.0505,0.0509,67.1006,16.4700,738.4007,27.5116,82.1186,3.3163,50.3347,9.5311
2036-10-05,24.2695,4.2546,69.1982,7.6440,716.2257,19.8470,64.7353,0.7669,37.1223,1.2412
2036-10-06,21.6630,20.4484,84.4644,10.7891,568.6079,8.6838,36.3358,0.0282,16.7289,0.0229
2036-10-07,20.1336,43.0996,87.2351,12.4391,359.8534,3.7669,25.5283,0.0017,7.3416,0.0009
2036-10-08,21.4573,15.1212,84.0427,5.6965,313.2404,1.7890,26.3001,0.0016,3.5277,0.0006
2036-10-09,23.5366,2.6343,71.3783,8.9613,318.1810,1.7063,53.2145,0.3691,3.3675,0.1355
2036-10-10,19.8346,0.6821,68.5145,12.6031,322.4552,2.7050,72.2029,1.2731,5.2990,0.5617
2036-10-11,18.4333,1.1486,63.5245,12.8607,326.4772,3.7846,76.7981,1.6404,7.3560,0.8441
2036-10-12,18.0283,0.0000,54.6424,9.4693,330.4263,5.0992,83.4448,2.7560,9.8196,2.7464
2036-10-13,19.5927,0.0000,49.9946,5.7694,334.6569,6.6671,86.2153,3.3382,12.7015,4.0905
2036-10-14,21.5964,0.0000,49.9319,7.3001,339.2483,8.3889,87.3232,4.2197,15.8009,5.9288
2036-10-15,23.1990,0.0000,48.8111,7.9307,344.1281,10.2735,87.9643,4.7742,19.1201,7.4174
2036-10-16,24.0383,0.0039,50.7748,6.4126,349.1590,12.1485,88.0129,4.4535,22.3527,7.6170
2036-10-17,25.1631,0.0001,50.4630,6.8972,354.3924,14.1198,88.1422,4.6490,25.6815,8.5664
2036-10-18,25.7482,0.0000,53.3285,6.1704,359.7310,16.0184,88.1909,4.5132,28.8276,8.9212
2036-10-19,25.0409,0.0434,60.3197,4.9238,364.9424,17.5901,88.0499,4.1536,31.3969,8.7261
2036-10-20,23.9136,0.0199,59.8457,6.6477,369.9508,19.1119,87.9378,4.4583,33.8519,9.6835
2036-10-21,23.9084,0.1867,58.8237,6.3604,374.9584,20.6722,87.9864,4.4250,36.3362,10.0231
2036-10-22,23.3231,0.0000,59.4828,6.8952,379.8605,22.1716,87.8981,4.4887,38.6966,10.5165
2036-10-23,25.3585,0.0000,46.5604,7.5283,385.1290,24.3140,88.7082,5.2052,41.9992,12.4208
2036-10-24,25.7016,0.0000,44.3973,5.2530,390.4593,26.5720,89.2163,4.9925,45.4171,12.5529
2036-10-25,25.1209,0.0001,46.1206,7.9061,395.6851,28.7126,89.2654,5.7470,48.6073,14.5509
2036-10-26,22.1721,0.0000,41.8719,10.3386,400.3801,30.7623,89.3145,6.5424,51.6111,16.5884
2036-10-27,23.6903,0.0000,47.7829,7.8379,405.3483,32.7237,89.3636,5.8086,54.4567,15.6104
2036-10-28,24.1870,0.0006,55.4534,9.3313,410.4060,34.4305,88.8266,5.7980,56.9224,15.9700
2036-10-29,24.7753,0.0002,58.8256,7.3122,415.5695,36.0448,88.3360,4.8811,59.2433,14.3134
2036-10-30,24.4121,0.0932,61.1063,4.0404,420.6677,37.5483,87.8939,3.8850,61.3962,12.2088
2036-10-31,24.3039,0.1811,60.5184,5.4182,425.7464,39.0680,87.8665,4.1480,63.5558,13.1188
2036-11-01,27.3902,0.0000,49.9945,10.4415,430.3806,40.9568,88.5076,5.8571,66.1709,17.4657
2036-11-02,24.4510,0.0000,55.7727,11.1571,434.4858,42.4551,88.5564,6.1149,68.2402,18.3340
2036-11-03,23.6999,0.0000,57.1197,8.0605,438.4558,43.8649,88.3838,5.1035,70.1777,16.2711
2036-11-04,24.3177,0.0041,59.4787,5.9003,442.5370,45.2305,88.1083,4.3998,72.0507,14.7500
2036-11-05,21.0572,0.0756,68.7792,7.9676,446.0313,46.1476,86.3009,3.7745,73.3283,13.2262
2036-11-06,20.7360,0.0076,62.1753,5.0494,449.4678,47.2426,86.3490,3.2805,74.8238,11.9728
2036-11-07,19.5422,13.1591,74.9699,15.4564,398.1375,22.7160,51.3299,0.4180,39.7605,0.5985
2036-11-08,20.8352,2.4320,74.1130,9.9578,401.5919,19.5433,59.6262,0.6602,34.8470,0.8629
2036-11-09,20.1879,0.1880,73.7437,5.2525,404.9297,20.2843,72.4368,0.8869,36.0535,1.6584
2036-11-10,20.7917,0.0148,70.0175,4.7230,408.3762,21.1545,79.3568,1.3521,37.4581,3.1973
2036-11-11,20.7869,0.0151,70.0783,5.2384,411.8218,22.0228,82.2397,1.9112,38.8515,4.8322
2036-11-12,18.6027,0.1865,77.5648,7.8252,414.8743,22.6088,82.2865,2.1899,39.7959,5.6323
2036-11-13,18.2018,5.3981,80.9359,11.2257,400.4109,14.3255,51.8873,0.3595,26.2988,0.3888
2036-11-14,15.9000,0.4500,66.3829,7.0174,402.9769,15.0832,69.3429,0.8725,27.5852,0.9741
2036-11-15,15.8767,0.0001,56.7297,4.8551,405.5387,16.0571,79.0920,1.3268,29.2217,2.5089
2036-11-16,18.1896,0.0087,60.5105,6.1546,408.5168,17.0671,83.1334,2.2398,30.9061,4.8423
2036-11-17,16.7740,37.9058,81.7744,16.6263,273.0737,6.9362,38.4971,0.0598,13.0441,0.0418
2036-11-18,13.8006,5.7987,74.0700,15.9089,261.6912,3.9962,43.1244,0.1355,7.6986,0.0713
2036-11-19,13.8783,0.0013,54.9290,5.1064,263.8933,4.8913,65.5235,0.6963,9.3493,0.4051
2036-11-20,18.9501,0.0166,52.7042,10.6595,267.0083,6.1485,80.6212,2.0795,11.6276,2.1017
2036-11-21,19.8853,0.2410,67.9142,7.7888,270.2917,7.0412,83.0227,2.3978,13.2214,2.8447
2036-11-22,21.1121,0.4606,68.9101,4.8823,273.7959,7.9568,83.8311,2.3013,14.8357,2.9428
2036-11-23,22.8018,0.0071,58.3167,6.2021,277.6042,9.2777,85.7249,3.1849,17.1246,4.7001
2036-11-24,23.8005,0.0198,57.6978,6.9240,281.5923,10.6742,86.4624,3.6638,19.5004,5.8614
2036-11-25,22.8428,0.0034,59.1875,5.5385,285.4080,11.9697,86.5106,3.4401,21.6676,5.8828
2036-11-26,21.7446,0.0003,61.2891,6.5256,289.0260,13.1422,86.5588,3.6403,23.6014,6.5405
2036-11-27,20.9871,0.0043,61.6476,5.3157,292.5077,14.2652,86.6071,3.4484,25.4300,6.5072
2036-11-28,21.1026,0.6571,61.2935,6.2463,296.0102,15.4046,84.7576,2.7925,27.2623,5.5546
2036-11-29,18.7063,0.1748,68.3939,5.6318,299.0813,16.2346,84.8052,2.7250,28.5894,5.5938
2036-11-30,16.8685,2.7042,78.7117,10.6232,301.8216,13.0438,63.9647,0.8625,23.5439,0.8678
2036-12-01,18.7880,12.7568,79.1791,12.1094,267.6856,6.4423,42.0378,0.0928,12.1534,0.0624
2036-12-02,14.1492,0.0004,63.9392,7.0152,269.9364,7.0672,63.5321,0.7053,13.2661,0.4985
2036-12-03,15.9218,0.0000,45.0470,8.8786,272.5063,8.1302,79.7777,1.7385,15.1318,2.0163
2036-12-04,15.6222,0.0000,50.5723,8.4563,275.0223,9.0695,84.4017,2.9741,16.7574,4.3118
2036-12-05,17.2336,0.0000,64.2119,6.2689,277.8284,9.8151,84.4906,2.6959,18.0372,4.0712
2036-12-06,19.3501,0.0000,66.9194,10.4086,281.0154,10.5839,84.5382,3.3427,19.3462,5.3314
2036-12-07,19.4457,0.0034,74.6906,11.4107,284.2196,11.1748,84.4599,3.4788,20.3494,5.7213
2036-12-08,18.3905,0.0047,76.0336,12.7326,287.2339,11.7056,84.0778,3.5321,21.2466,5.9619
2036-12-09,16.4721,0.0003,66.1214,12.8484,289.9029,12.3822,84.1252,3.5753,22.3751,6.2254
2036-12-10,13.3595,0.0000,46.5316,14.0623,292.0116,13.2607,86.1071,4.9931,23.8175,8.7328
2036-12-11,13.5334,0.0000,40.9132,8.2717,294.1516,14.2433,87.3799,4.4674,25.4106,8.2234
2036-12-12,16.6980,0.0000,37.7994,6.7156,296.8612,15.5014,88.5943,4.9153,27.4228,9.3276
2036-12-13,17.9278,0.0178,34.8356,5.7057,299.7922,16.9104,89.5083,5.3263,29.6409,10.4221
2036-12-14,14.9867,0.0012,52.2499,6.0766,302.1938,17.7833,88.3264,4.5801,31.0052,9.4195
2036-12-15,14.4160,0.0002,56.9682,5.7331,304.4927,18.5421,87.3371,3.9071,32.1845,8.3958
2036-12-16,14.3794,0.0006,66.1534,5.1453,306.7850,19.1375,85.9146,3.1010,33.1112,6.9456
2036-12-17,12.4064,0.1641,74.5636,6.3047,308.7222,19.5279,84.1531,2.5807,33.7230,5.9128
2036-12-18,13.1621,4.4977,80.1916,6.9146,300.4399,12.9731,50.0542,0.2340,23.4182,0.2346
2036-12-19,14.1920,0.0101,69.5605,6.4418,302.6984,13.5021,66.2761,0.7658,24.2949,0.7864
2036-12-20,15.0546,0.0004,60.8790,9.2980,305.1123,14.2203,77.6528,1.4628,25.4725,2.5317
2036-12-21,14.7690,0.0001,60.4435,8.0257,307.4747,14.9336,82.0927,2.1602,26.6333,4.1972
2036-12-22,15.1795,0.0000,60.8205,10.1808,309.9110,15.6584,83.8586,3.0165,27.8047,6.0623
2036-12-23,15.6230,0.0000,56.9590,11.1048,312.4271,16.4764,84.9946,3.6849,29.1143,7.5081
2036-12-24,16.2876,0.0000,54.5310,7.3266,315.0629,17.3748,85.6940,3.3561,30.5392,7.1019
2036-12-25,15.7361,0.0033,62.8741,4.3916,317.5994,18.0851,85.7420,2.9141,31.6628,6.3729
2036-12-26,16.4271,0.0068,60.6294,11.3739,320.2603,18.8693,85.7899,4.1708,32.8935,8.9987
2036-12-27,16.7786,0.0033,60.4581,5.0236,322.9844,19.6727,85.8379,3.0491,34.1459,6.9718
2036-12-28,18.2782,0.0015,58.8402,4.9881,325.9785,20.5791,85.8859,3.0641,35.5478,7.1821
2036-12-29,20.1273,0.0000,42.0622,6.3943,329.3054,21.9767,88.0996,4.5050,37.6687,10.3865
2036-12-30,18.3960,0.0001,50.5451,4.3899,332.3207,23.0724,88.1483,4.1008,39.3200,9.8443
2036-12-31,13.6557,0.0058,78.7688,8.4740,334.4827,23.4284,84.0804,2.8509,39.8744,7.2300
2037-01-01,14.3307,20.2210,88.3069,21.6402,271.8594,9.6273,33.8778,0.0278,17.6886,0.0233
2037-01-02,14.8441,24.3731,83.8383,30.0537,206.6392,4.2415,33.3630,0.0375,8.0690,0.0202
2037-01-03,12.9403,0.0147,66.7825,9.1874,208.6724,4.8157,57.4230,0.5434,9.1060,0.3118
2037-01-04,14.3460,0.0002,69.4691,7.3500,210.9587,5.3962,70.8262,0.9307,10.1438,0.5658
2037-01-05,14.5161,1.0402,85.5405,8.6167,213.2756,5.6742,68.3075,0.9151,10.6407,0.5711
2037-01-06,19.7398,1.0975,71.3752,9.0842,216.5327,6.4086,73.5172,1.1250,11.9342,0.7484
2037-01-07,14.3840,1.3203,78.9118,9.1111,218.8259,6.8106,69.3112,0.9686,12.6379,0.6658
2037-01-08,14.3250,8.1227,83.4229,21.4913,202.9138,3.4343,43.3651,0.1869,6.5897,0.0911
2037-01-09,14.4096,2.5270,78.6095,11.0250,205.2115,2.3605,48.9365,0.2503,4.5890,0.1038
2037-01-10,14.6085,0.5276,83.3220,7.1877,207.5451,2.6830,60.5694,0.6089,5.1980,0.2664
2037-01-11,15.5499,1.0663,76.6997,11.7675,210.0480,3.1606,67.5898,1.0478,6.0921,0.4925
2037-01-12,14.1335,0.0003,75.7739,6.2853,212.2961,3.6150,74.4371,1.0206,6.9347,0.5102
2037-01-13,14.6578,0.0048,75.7383,6.0342,214.6385,4.0856,78.1678,1.2951,7.8001,0.6862
2037-01-14,15.8754,0.0001,63.2818,9.2091,217.2001,4.8530,82.1840,2.3186,9.1925,2.0389
2037-01-15,13.9533,0.0021,73.8871,7.1167,219.4157,5.3369,82.2308,2.0986,10.0620,1.8742
2037-01-16,13.5080,0.2628,79.2317,9.2630,221.5511,5.7104,82.2776,2.3518,10.7294,2.3615
2037-01-17,14.3464,0.0017,78.5512,9.0951,223.8374,6.1183,82.3244,2.3455,11.4539,2.4762
2037-01-18,16.5341,0.0006,74.4169,5.8493,226.5176,6.6737,82.4332,2.0186,12.4317,2.1284
2037-01-19,18.0025,0.0002,65.7862,10.1173,229.4620,7.4783,83.7328,2.9572,13.8297,3.7768
2037-01-20,17.4379,0.0009,68.3087,10.1378,232.3049,8.2015,83.8033,2.9880,15.0727,4.0433
2037-01-21,15.5130,0.0046,67.9538,15.4449,234.8012,8.8569,83.8506,3.9286,16.1874,5.6102
2037-01-22,14.9523,0.0020,67.3932,17.1986,237.1966,9.5013,83.8979,4.3186,17.2729,6.3816
2037-01-23,14.4973,17.8335,80.2533,15.0188,194.0023,4.3946,40.0405,0.0746,8.3181,0.0408
2037-01-24,10.7619,7.5522,79.3271,9.9059,179.9739,2.0737,32.0319,0.0097,4.0313,0.0038
2037-01-25,10.9670,0.0000,54.4492,13.3820,181.6519,2.7504,60.7275,0.8398,5.3002,0.3706
2037-01-26,11.4723,0.0006,49.4631,6.2777,183.4209,3.5326,75.1734,1.0612,6.7406,0.5233
2037-01-27,12.9152,0.0002,47.7885,5.3996,185.4497,4.4335,82.1854,1.9140,8.3668,1.2551
2037-01-28,15.2495,0.0000,50.8247,7.4905,187.8986,5.4232,85.0618,3.0998,10.1165,3.2481
2037-01-29,16.4318,0.0000,55.3980,8.1625,190.5603,6.3859,85.6389,3.4736,11.7845,4.0776
2037-01-30,16.4485,0.0010,58.1532,5.5279,193.2250,7.2900,85.6868,3.0621,13.3233,3.8330
2037-01-31,16.7405,0.0045,50.8891,10.8425,195.9423,8.3686,86.4348,4.4461,15.1225,6.0781
2037-02-01,14.3574,0.0000,51.3258,11.4063,198.2307,9.4374,86.4830,4.6055,16.8672,6.6857
2037-02-02,13.7863,0.0000,46.3644,10.9610,200.4162,10.5715,86.8649,4.7539,18.6798,7.2923
2037-02-03,14.6944,0.0000,53.2492,7.9991,202.7652,11.6204,86.9132,4.1230,20.3283,6.7190
2037-02-04,14.9369,0.0000,58.8429,6.1958,205.1578,12.5580,86.7126,3.6591,21.7826,6.2606
2037-02-05,13.6346,0.0038,64.2930,9.2677,207.3160,13.3054,85.8366,3.7754,22.9314,6.6502
2037-02-06,15.6867,0.3736,60.1083,11.2778,209.8436,14.2566,85.8846,4.2061,24.3734,7.6091
2037-02-07,16.2112,0.0053,60.4814,11.3758,212.4657,15.2284,85.9326,4.2554,25.8286,7.9531
2037-02-08,16.2641,0.0001,60.3414,12.4260,215.0972,16.2066,85.9806,4.5170,27.2755,8.6482
2037-02-09,16.9053,0.0000,59.0154,11.2406,217.8441,17.2548,86.0287,4.2839,28.8056,8.5240
2037-02-10,18.4615,1.9169,53.3668,9.8719,220.8712,16.5948,77.4076,1.4768,27.9413,2.7824
2037-02-11,13.8803,4.4383,68.6566,8.5844,214.9040,11.2878,55.4235,0.4468,19.9552,0.4044
2037-02-12,15.0049,0.0000,45.4948,5.1900,217.3089,12.5347,74.8163,0.9850,21.9099,0.9462
2037-02-13,16.0322,0.0000,41.7570,6.5413,219.8987,13.9521,83.9676,2.5477,24.0840,4.6626
2037-02-14,16.9186,0.0000,46.1473,8.6551,222.6480,15.3305,86.5521,4.0487,26.1582,7.6651
2037-02-15,17.4313,0.0001,53.1608,9.2467,225.4897,16.5635,86.6003,4.1998,27.9874,8.2382
2037-02-16,17.9719,0.0000,45.8399,5.2375,228.4286,18.0308,87.4466,3.8708,30.1182,8.0057
2037-02-17,18.7558,0.0012,48.6909,6.7757,231.5087,19.4779,87.4951,4.2118,32.1860,8.9603
2037-02-18,18.3627,0.0001,57.0465,4.7516,234.5180,20.6655,87.4856,3.7983,33.8696,8.4434
2037-02-19,19.8643,0.0000,46.3215,4.1815,237.7975,22.2640,87.8757,3.9025,36.0824,8.9742
2037-02-20,20.6162,0.0000,40.4435,6.5796,241.2125,24.1012,88.9000,5.1007,38.5683,11.6521
2037-02-21,19.7522,0.0002,43.1654,9.4816,244.4719,25.7847,88.9490,5.9456,40.8089,13.5776
2037-02-22,19.9293,0.0039,37.4292,9.3910,247.7631,27.6538,89.5122,6.4168,43.2417,14.8627
2037-02-23,19.9154,0.0059,28.0774,10.8342,251.0519,29.8009,91.1563,8.7298,45.9620,19.3190
2037-02-24,20.0767,0.0419,19.1188,9.9075,254.3697,32.2339,93.1758,11.0796,48.9578,23.6605
2037-02-25,20.4610,0.0002,26.6921,6.6445,257.7567,34.4791,93.2262,9.4662,51.6767,21.7502
2037-02-26,21.0425,0.0002,23.9333,7.2150,261.2483,36.8717,93.2766,9.8112,54.5100,22.9252
2037-02-27,21.7966,0.0000,11.0290,7.0835,264.8757,39.7654,95.5945,13.4164,57.8271,29.3247
2037-02-28,22.4127,0.0429,6.8558,7.3314,268.6140,42.8764,97.1837,16.8273,61.2935,35.0987
2037-03-01,24.0323,0.2843,33.2020,7.5051,272.6438,45.7381,93.9143,10.8797,64.4473,26.8145
2037-03-02,23.7649,0.0012,40.9240,9.8990,276.6255,48.2420,91.7891,9.1110,67.1900,24.2122
2037-03-03,19.4501,0.0000,61.2444,4.5886,279.8305,49.5996,88.1969,4.1710,68.7393,13.7802
2037-03-04,21.4436,0.0000,50.9109,5.4317,283.3944,51.4860,88.2457,4.3826,70.8105,14.5621
2037-03-05,17.2383,0.0075,62.2129,9.8991,286.2013,52.6672,86.8587,4.5022,72.1442,15.0236
2037-03-06,13.6667,7.3219,84.5309,11.4023,269.4651,30.5985,42.8092,0.1024,47.6656,0.1665
2037-03-07,15.2343,13.1533,67.3614,14.3052,236.2965,14.2523,43.0527,0.1235,24.7696,0.1284
2037-03-08,13.7588,6.3337,73.1821,14.7435,224.5534,8.5957,43.4860,0.1357,15.6898,0.1059
2037-03-09,15.0277,0.0098,56.6099,3.6075,226.9624,9.7885,65.0596,0.6340,17.6716,0.5321
2037-03-10,18.1303,0.1583,51.4194,9.8997,229.9298,11.3810,80.2499,1.9227,20.2555,2.9851
2037-03-11,15.4893,11.2282,73.4678,8.1390,205.2145,6.0486,43.9429,0.1048,11.2670,0.0675
2037-03-12,16.8205,0.0009,56.7846,4.2480,207.9462,7.3687,66.9100,0.7011,13.5381,0.5014
2037-03-13,18.6587,0.7475,51.4283,6.6960,211.0087,9.0046,78.9051,1.4303,16.2732,1.5341
2037-03-14,14.2271,12.9987,81.8771,12.3927,182.7153,4.4414,38.4748,0.0481,8.3739,0.0264
2037-03-15,18.5589,0.0087,59.1144,11.7853,185.7599,5.8115,68.4702,1.0791,10.7799,0.6782
2037-03-16,16.3048,0.0103,66.2153,9.3952,188.3988,6.8138,77.9830,1.5103,12.4976,1.1823
2037-03-17,14.7276,5.5954,81.7477,12.7228,180.2548,3.9360,47.9802,0.2404,7.4645,0.1246
2037-03-18,14.6416,0.0108,50.4003,6.1427,182.5943,5.2669,70.3240,0.8615,9.8253,0.5148
2037-03-19,13.8447,12.8846,68.7924,15.5260,156.5286,2.8542,46.5497,0.2268,5.4596,0.1014
2037-03-20,16.1897,6.4907,65.0514,14.2031,147.3364,1.9555,50.6572,0.3631,3.7854,0.1394
2037-03-21,18.4221,26.7736,68.3173,9.9409,94.7894,1.3175,41.9709,0.0822,2.5466,0.0274
2037-03-22,16.3796,26.2170,83.3670,16.6509,49.3336,0.4956,31.0884,0.0107,0.9669,0.0028
2037-03-23,15.8357,27.1787,86.3778,13.4029,7.0867,0.3933,23.7094,0.0010,0.6907,0.0002
2037-03-24,16.4131,2.4153,59.9347,16.1383,9.7450,1.1961,54.8760,0.6223,1.8305,0.1880
2037-03-25,15.9093,0.0021,57.0976,7.4248,12.3127,2.4400,73.3300,1.0263,3.2633,0.3725
2037-03-26,18.1107,0.0127,49.1867,4.7609,15.2766,4.1039,82.5854,1.9475,4.9102,0.8312
2037-03-27,20.3658,0.0303,46.3683,5.2428,18.6465,6.0664,86.5845,3.4248,6.6908,2.8256
2037-03-28,22.4079,0.1632,46.0773,7.7122,22.3839,8.2271,88.0722,4.7955,8.5750,4.7840
2037-03-29,18.3156,0.9956,60.7918,12.8867,25.3847,9.5248,82.6624,2.9615,9.8293,3.0130
2037-03-30,18.0928,0.0126,57.0560,5.2532,28.3454,10.9297,84.7883,2.6673,11.1302,2.8768
2037-03-31,18.7302,8.8561,71.9304,12.8957,18.7743,6.2961,53.7959,0.4769,6.8496,0.2370
2037-04-01,20.4617,0.0097,58.0869,3.6040,23.4114,8.4870,73.3573,0.8475,8.9042,0.4806
2037-04-02,22.3769,0.0051,51.1855,10.8693,28.3932,11.2653,84.3597,3.3396,11.3111,3.8050
2037-04-03,22.3580,0.0000,50.1529,9.6595,33.3717,14.1001,87.0204,4.5517,14.0737,5.9677
2037-04-04,23.9610,0.0008,47.0611,6.6368,38.6387,17.3164,88.2436,4.6556,17.2606,6.8418
2037-04-05,24.5387,0.0003,41.3770,14.4038,44.0096,20.9602,89.4839,8.2273,20.8725,12.3173
2037-04-06,24.7692,0.0011,42.8647,19.9356,49.4221,24.5435,89.5331,10.9492,24.4320,16.6154
2037-04-07,25.4604,0.0006,45.1150,21.2055,54.9589,28.0776,89.5823,11.7554,27.9480,18.7040
2037-04-08,24.3246,0.0000,50.6602,8.1929,60.2914,31.1188,89.5609,6.0833,30.9804,11.9008
2037-04-09,27.0145,0.0055,47.6196,4.9678,66.1080,34.6889,89.6101,5.2074,34.5370,11.1400
2037-04-10,26.0009,0.1499,48.9792,6.0275,71.7422,38.0411,89.6594,5.5320,37.8784,12.3123
2037-04-11,22.2503,0.0833,51.5591,10.5472,76.7012,40.7832,89.1768,6.4822,40.6147,14.4821
2037-04-12,24.1364,0.0000,37.2155,5.9813,81.9997,44.6245,90.1759,5.9431,44.4355,14.2182
2037-04-13,25.3905,0.0000,43.5211,6.8244,87.5240,48.2516,90.2253,6.2450,48.0477,15.4098
2037-04-14,25.4104,0.0008,45.9550,6.4166,93.0519,51.7251,90.2747,6.1614,51.5086,15.8379
2037-04-15,24.2430,0.0008,42.6205,7.4256,98.3697,55.2504,90.3242,6.5288,55.0192,17.1407
2037-04-16,27.2217,0.0000,29.9750,4.8916,104.2236,60.0584,92.0595,7.3552,59.7975,19.5606
2037-04-17,26.1598,0.0000,38.9487,8.9168,109.8863,64.0931,91.9719,8.8983,63.8123,23.1914
2037-04-18,26.5802,0.0011,35.5397,13.0271,115.6247,68.4187,92.0219,11.0237,68.1141,27.8190
2037-04-19,25.6091,0.0168,41.7932,13.7188,121.1884,72.1877,91.4540,10.5322,71.8658,27.6995
2037-04-20,28.2985,0.0246,42.7891,11.7015,127.2361,76.2652,91.5039,9.5817,75.9243,26.6887
2037-04-21,20.8618,0.0081,49.5194,14.7203,131.9452,78.9529,89.6377,8.5460,78.6040,25.0972
2037-04-22,20.9130,0.0020,38.8393,8.6174,136.6636,82.2168,89.6869,6.3281,81.8514,20.7152
2037-04-23,20.0377,2.2453,57.0963,13.7515,141.2243,71.8975,77.2967,1.7804,71.7015,6.9053
2037-04-24,22.1746,0.0041,50.5420,6.6196,146.1698,74.6882,84.9949,2.9395,74.4835,10.9233
2037-04-25,20.5136,1.8668,57.6322,9.9958,150.8162,70.0854,77.5710,1.5053,69.9654,5.7941
2037-04-26,20.6628,0.2305,51.2351,7.7130,155.4895,72.6582,84.6896,2.9789,72.5305,10.8674
2037-04-27,24.0783,0.0000,38.8288,5.0827,160.7776,76.3921,88.9684,4.7768,76.2453,16.2085
2037-04-28,23.8222,0.0064,41.7848,10.6886,166.0196,79.9095,89.4093,6.7500,79.7458,21.4081
2037-04-29,22.8788,0.0000,38.4297,10.6433,171.0918,83.4887,89.8701,7.1948,83.3064,22.9166
2037-04-30,26.0866,0.0000,30.4504,6.0073,176.7414,88.0726,91.7353,7.4317,87.8618,24.1079
2037-05-01,28.7181,0.0000,30.9118,5.3371,184.3147,93.4961,92.3401,7.8262,93.2556,25.7639
2037-05-02,26.1222,0.0057,39.1220,10.6438,191.4207,97.8590,91.9947,9.7388,97.5997,30.5899
2037-05-03,25.3745,0.0016,33.1306,11.1977,198.3921,102.5197,92.0448,10.0855,102.2366,32.0061
2037-05-04,23.1074,0.0000,35.6270,11.2988,204.9554,106.6222,92.0426,10.1338,106.3200,32.6841
2037-05-05,23.1250,0.0000,23.6148,9.7673,211.5219,111.4938,92.8994,10.5840,111.1615,34.3022
2037-05-06,24.5707,0.0000,21.1813,7.3695,218.3486,116.8205,93.7091,10.5020,116.4527,34.7942
2037-05-07,26.2864,0.0000,19.8646,5.3766,225.4842,122.5982,94.3336,10.3571,122.1891,35.1386
2037-05-08,28.8011,0.0000,17.0422,7.8390,233.0724,129.1286,95.3871,13.5488,128.6685,42.6417
2037-05-09,29.3187,0.0000,20.1233,7.6075,240.7538,135.5253,95.4383,13.4854,135.0152,43.2076
2037-05-10,30.4838,0.0000,19.6188,5.6816,248.6448,142.2089,95.4894,12.3238,141.6440,41.3962
2037-05-11,31.4810,0.0044,19.7015,7.2392,256.7154,149.0965,95.5406,13.4232,148.4727,44.3176
2037-05-12,29.2042,0.0097,27.9799,8.5490,264.3762,154.8423,94.8065,12.9700,154.1740,43.7877
2037-05-13,22.8766,0.0070,50.3586,12.8204,270.8980,157.9758,90.3543,8.6053,157.2979,33.6977
2037-05-14,23.7176,0.0020,46.2676,9.3664,277.5711,161.4865,90.2462,7.1197,160.7936,29.8400
2037-05-15,25.2646,0.0058,40.4862,7.6936,284.5227,165.6173,90.2956,6.5906,164.9005,28.4850
2037-05-16,28.3365,0.0106,35.3441,5.6122,292.0273,170.6278,91.3121,6.8605,169.8754,29.4665
2037-05-17,30.1105,0.0000,34.0618,5.2088,299.8512,176.0458,91.9460,7.3547,175.2519,31.0798
2037-05-18,30.2467,0.1299,36.3524,6.6955,307.6996,181.2983,91.9960,7.9831,180.4652,33.0115
2037-05-19,30.9030,0.0000,29.7903,10.7056,315.6661,187.2137,92.9465,11.1699,186.3294,41.3480
2037-05-20,31.3873,0.0001,23.4499,14.0075,323.7199,193.7608,94.3645,16.0684,192.8131,52.3061
2037-05-21,32.8462,0.0000,22.6670,13.6004,332.0362,200.6720,94.8521,16.8346,199.6540,54.0814
2037-05-22,33.4942,0.0000,20.5596,12.9534,340.4691,207.9070,95.4225,17.6166,206.8115,55.8427
2037-05-23,33.6403,0.0004,18.8331,8.4577,348.9284,215.3305,95.8366,14.8588,214.1516,50.4129
2037-05-24,33.2302,1.7985,34.2200,9.5472,357.3138,155.3566,90.0749,7.0108,155.2081,29.2664
2037-05-25,24.6039,3.1895,62.7553,9.4945,357.5770,98.2320,73.4153,1.1433,116.4722,6.2955
2037-05-26,25.3049,0.0090,56.7087,5.8307,364.5359,101.2414,83.6338,2.3519,119.5070,11.9267
2037-05-27,31.0800,0.0000,40.5400,6.9722,372.5343,106.2788,90.0609,6.1454,124.0694,24.8148
2037-05-28,29.9435,11.9664,44.4970,9.2559,339.2383,56.8021,74.9440,1.2174,80.0819,5.1802
2037-05-29,22.7286,2.7359,66.2886,11.0509,345.7334,48.2826,70.3713,1.1049,71.5758,4.3021
2037-05-30,23.7270,1.0036,53.4969,6.6534,352.4083,51.3221,80.3519,1.6504,75.2479,6.6529
2037-05-31,24.5403,15.2949,68.8076,8.3865,308.3336,25.1254,54.3953,0.4026,41.7462,0.5964
2037-06-01,23.4903,15.3730,74.9253,7.7738,269.8416,12.3512,44.2931,0.1089,22.1660,0.1054
2037-06-02,27.6226,0.3004,51.0652,10.6829,278.2176,16.0515,79.5072,1.8529,28.0563,3.6777
2037-06-03,29.9854,0.0000,37.3951,10.7476,287.0190,21.1749,90.0673,7.4399,35.7552,15.0438
2037-06-04,31.2657,0.0000,26.3255,11.9638,296.0508,27.4526,93.5372,12.9249,44.5723,25.1559
2037-06-05,33.3484,0.0000,22.0726,13.3842,305.4575,34.5199,95.0111,17.0191,53.8311,33.2343
2037-06-06,33.0822,0.0849,29.2368,9.4419,314.8163,40.8879,95.0036,13.9386,61.7317,31.0683
2037-06-07,29.8763,0.0925,44.8968,10.3834,323.5981,45.3815,91.9926,9.6090,67.2020,25.1311
2037-06-08,30.7718,0.0392,37.4707,11.7414,332.5410,50.6282,92.0426,10.3625,73.3415,27.6751
2037-06-09,29.9340,0.0014,34.1397,12.0736,341.3331,56.0091,92.0927,10.6122,79.4330,29.2809
2037-06-10,29.0576,0.0001,24.6710,13.5931,349.9675,61.9899,93.6608,14.2744,85.9284,37.0771
2037-06-11,29.9351,0.0000,22.5838,10.8319,358.7598,68.3151,94.3498,13.6644,92.5648,37.3447
2037-06-12,30.8824,0.0005,21.3615,10.3987,367.7226,74.9364,94.8054,14.2349,99.2889,39.6215
2037-06-13,31.5266,0.0000,20.1448,12.4930,376.8014,81.7956,95.1960,16.6885,106.0423,45.1666
2037-06-14,31.1333,0.0125,23.5706,12.0851,385.8094,88.2813,95.2470,16.4635,112.3134,45.8614
2037-06-15,32.6010,0.0000,28.4657,8.1804,395.0816,94.6281,95.1058,13.2644,118.3747,40.7871
2037-06-16,30.0151,0.0388,43.0163,12.2124,403.8883,99.2959,92.2978,11.0007,122.9956,36.6511
2037-06-17,28.1110,0.0008,43.5095,11.9428,412.3523,103.6402,91.5830,9.8084,127.2949,34.4220
2037-06-18,26.9330,0.0269,43.7495,13.0148,420.6042,107.7915,91.2679,9.8997,131.3974,35.0277
2037-06-19,24.1250,0.2930,49.0266,14.6235,428.3507,111.1766,90.0457,9.0166,134.8523,33.2192
2037-06-20,25.7356,0.0112,47.7487,10.2044,436.3871,114.8681,90.0950,7.2678,138.5570,28.9967
2037-06-21,24.3761,0.0381,44.7190,13.1768,444.1788,118.5758,90.1444,8.5020,142.2294,32.4985
2037-06-22,22.8109,0.1626,46.3212,12.1757,451.6888,121.9549,90.0717,8.0001,145.6183,31.4251
2037-06-23,22.9237,0.1207,44.7896,11.7435,459.2191,125.4467,90.1211,7.8833,149.0809,31.3298
2037-06-24,22.7586,0.0302,41.9276,10.9675,466.7196,129.0943,90.1705,7.6348,152.6390,30.8641
2037-06-25,23.9073,0.0017,39.2368,10.2366,474.4269,133.0947,90.2199,7.4109,156.4583,30.4501
2037-06-26,24.1127,0.0004,39.3269,10.5819,482.1712,137.1220,90.2693,7.5945,160.2865,31.1440
2037-06-27,24.7901,0.0002,41.1825,9.9566,490.0374,141.1310,90.3188,7.4112,164.1057,30.8077
2037-06-28,25.7491,0.0023,40.0480,10.4576,498.0763,145.3687,90.3682,7.6547,168.0902,31.6530
2037-06-29,28.2334,0.0019,33.5170,7.7178,506.5623,150.5028,91.6391,7.9909,172.7172,32.7605
2037-06-30,31.2876,0.0003,24.8967,6.3557,515.5980,156.9065,93.8919,10.2356,178.2220,38.7875
2037-07-01,31.1816,0.0082,28.7240,7.9732,524.9147,162.3103,93.9425,11.1831,183.0879,41.2635
2037-07-02,31.6440,0.0001,32.7887,9.5673,534.3146,167.4790,93.9932,12.2039,187.7971,43.8147
2037-07-03,31.6389,0.0000,37.6412,8.9470,543.7136,172.2737,93.2717,10.6985,192.2573,40.4020
2037-07-04,33.0761,0.0000,33.7129,7.7223,553.3713,177.5942,93.3221,10.1293,197.0720,39.1289
2037-07-05,35.8529,0.0000,29.3130,5.3498,563.5289,183.7288,93.9380,9.7922,202.4469,38.4074
2037-07-06,34.8935,0.0026,29.9292,11.4595,573.5137,189.6521,93.9887,13.4164,207.6432,47.1324
2037-07-07,30.4401,0.0000,32.3282,11.7305,582.6969,194.6648,93.9456,13.5199,212.1469,47.4660
2037-07-08,33.3996,0.0000,24.0861,6.0500,592.4128,200.8157,94.6093,11.1296,217.3979,42.0349
2037-07-09,33.6474,0.0000,31.8338,7.0716,602.1734,206.3785,94.5981,11.6994,222.2940,43.4852
2037-07-10,35.8066,0.0000,26.2669,7.2106,612.3225,212.7695,94.6489,11.8644,227.7194,43.9599
2037-07-11,36.3322,0.0000,27.6543,6.7394,622.5663,219.1295,94.6998,11.6673,233.1234,43.5657
2037-07-12,36.3109,0.0000,28.3179,8.5713,632.8063,225.4276,94.7507,12.8855,238.4737,46.4736
2037-07-13,35.6162,0.0000,25.9063,8.8947,642.9212,231.8167,94.8017,13.1891,243.8354,47.2242
2037-07-14,33.4474,0.0000,34.5647,11.4993,652.6458,237.1259,94.1352,13.7188,248.5173,48.4600
2037-07-15,31.1679,0.0000,36.5302,9.5806,661.9600,241.9359,93.4038,11.2513,252.8448,42.7651
2037-07-16,33.7310,0.0000,29.0040,7.5784,671.7355,247.7435,93.6621,10.5441,257.7939,41.0548
2037-07-17,33.4644,0.0000,32.0269,7.8542,681.4631,253.2614,93.7127,10.7671,262.5682,41.6434
2037-07-18,32.8968,0.0000,30.0750,8.9574,691.0886,258.8444,93.7633,11.4629,267.3509,43.3788
2037-07-19,35.7618,0.0000,23.9387,6.4162,701.2297,265.4292,95.0160,11.9878,272.7527,44.6661
2037-07-20,39.0819,0.0000,21.4414,5.5120,711.9684,272.8427,96.1437,13.3530,278.6871,47.8552
2037-07-21,38.8307,0.0000,25.4913,6.0390,722.6619,279.8301,96.1951,13.8078,284.3725,48.9013
2037-07-22,39.7362,0.0000,23.2168,7.2045,733.5185,287.1941,96.2465,14.7450,290.2675,50.9805
2037-07-23,38.5544,0.0000,20.1478,7.4646,744.1622,294.6308,96.3797,15.2101,296.1401,52.0003
2037-07-24,33.7739,0.0000,23.8598,10.2369,753.9456,300.8670,96.2307,17.1427,301.2222,56.0201
2037-07-25,34.9344,0.0000,23.0233,8.5151,763.9378,307.3814,96.2822,15.8275,307.3539,53.3389
2037-07-26,32.6786,0.0000,28.6709,9.7639,773.5239,313.0401,95.2658,14.6838,312.9840,50.9187
2037-07-27,33.1791,0.0000,30.1786,9.7228,783.2001,318.6611,94.9061,13.9497,318.5770,49.3215
2037-07-28,32.7212,0.0000,32.7933,10.3953,792.7939,323.9994,94.3477,13.3632,323.8906,48.0171
2037-07-29,31.9620,0.0000,39.2062,10.7201,802.2511,328.7200,93.0977,11.4173,328.5952,43.4617
2037-07-30,31.6976,0.0000,35.3257,9.2365,811.6607,333.7016,93.1481,10.6698,333.5560,41.6223
2037-07-31,32.8642,0.0000,29.6159,9.5591,821.2802,339.3160,93.3881,11.2145,339.1398,42.9798
2037-08-01,35.6916,0.0000,27.1987,6.5541,830.7087,344.8456,94.3310,10.9862,344.6384,42.4230
2037-08-02,35.8433,0.0000,33.7958,6.9477,840.1645,349.8948,94.3817,11.2851,349.6645,43.1632
2037-08-03,35.7693,0.2882,38.9769,7.8585,849.6070,354.5396,93.7046,10.7573,354.2927,41.8619
2037-08-04,36.3542,0.0000,32.3901,5.9370,859.1548,359.7674,93.7552,9.8335,359.4941,39.5091
2037-08-05,36.2602,0.0000,27.9875,6.6895,868.6856,365.3216,94.2948,11.0063,365.0155,42.4887
2037-08-06,33.3058,0.0000,28.1405,8.7520,877.6846,370.4258,94.3456,12.2976,370.0906,45.6071
2037-08-07,32.0131,0.0000,28.4978,13.0239,886.4510,375.3137,94.3964,15.3586,374.9513,52.4460
2037-08-08,32.2627,0.0000,26.7194,13.0086,895.2623,380.3610,94.4472,15.4547,379.9683,52.6527
2037-08-09,32.2452,0.0042,28.2626,10.1547,904.0704,385.2994,94.4980,13.4787,384.8780,48.3360
2037-08-10,34.3315,0.0031,28.6555,7.4103,913.2541,390.5180,94.5488,11.8204,390.0648,44.4830
2037-08-11,36.6391,0.0000,25.7771,7.1904,922.8531,396.3008,94.8415,12.1700,395.8074,45.3174
2037-08-12,37.0361,0.0000,24.6725,8.9889,932.5236,402.2313,95.1454,13.8910,401.6947,49.2664
2037-08-13,34.1155,0.0107,40.5951,10.0807,941.6684,406.5501,93.2641,11.3155,405.9977,43.2656
2037-08-14,32.4826,0.0032,47.6665,9.0972,950.5193,410.1784,91.6730,8.6074,409.6215,36.2404
2037-08-15,32.5920,0.0000,36.0857,7.7936,959.3898,414.6240,92.0289,8.4767,414.0464,35.8790
2037-08-16,35.8569,0.0000,27.2559,6.6411,968.8481,420.1741,94.2595,10.9261,419.5575,42.3089
2037-08-17,38.3843,0.0000,20.3885,4.5245,978.7613,426.6635,96.1975,12.7974,425.9915,46.7912
2037-08-18,37.4483,0.0000,30.0987,8.3297,988.5060,432.2264,95.6812,14.4551,431.5160,50.5173
2037-08-19,35.0894,0.0000,45.8654,8.5600,997.8261,436.2709,92.5788,9.5208,435.5503,38.7123
2037-08-20,34.2817,0.0000,47.2520,8.4163,1007.0008,440.1238,91.9268,8.6215,439.3960,36.2837
2037-08-21,35.2091,0.0000,33.9720,7.9583,1016.3424,445.0732,92.8617,9.6109,444.3159,38.9508
2037-08-22,31.6087,0.0000,32.2376,11.6803,1025.0360,449.6489,92.9120,11.6756,448.8645,44.1466
2037-08-23,27.4874,0.0000,41.2642,12.2655,1032.9877,453.1153,91.9427,10.4905,452.3216,41.2208
2037-08-24,30.2157,0.0000,26.2777,4.7163,1041.4305,457.8815,93.4538,8.8670,457.0540,36.9589
2037-08-25,32.5662,0.0000,28.9578,4.7587,1050.2965,462.8191,93.5043,8.9487,461.9572,37.1817
2037-08-26,34.7572,0.0000,27.3649,6.5977,1059.5568,468.1959,94.1516,10.7408,467.2927,41.8518
2037-08-27,33.5970,0.0000,34.1522,9.5178,1068.6082,472.9127,94.1413,12.4257,471.9807,45.9308
2037-08-28,29.4138,0.0000,44.3488,12.4066,1076.9067,476.4184,91.8770,10.4676,475.4785,41.1643
2037-08-29,25.2560,1.7046,55.9921,15.5882,1084.4568,173.6884,83.0418,3.5608,248.0547,19.5255
2037-08-30,22.2882,1.1278,55.0734,14.6325,1091.4727,175.8576,83.0697,3.4056,250.7239,18.9120
2037-08-31,23.7029,0.0005,46.4135,8.1910,1098.7432,178.6015,87.4990,4.5256,253.9881,23.2152
2037-09-01,28.7956,0.0000,30.9988,6.2558,1105.6304,182.2741,91.7860,7.5796,258.1512,33.0763
2037-09-02,31.0845,0.0000,27.4402,8.7933,1112.9296,186.4318,93.3984,10.8054,262.8046,41.7401
2037-09-03,32.7626,0.0000,23.5738,6.9292,1120.5309,191.0393,94.5679,11.5677,267.8951,43.6349
2037-09-04,34.2274,0.0001,22.3784,5.3785,1128.3958,195.9214,95.1316,11.5585,273.2381,43.6420
2037-09-05,32.1932,0.0000,32.8080,9.2309,1135.8946,199.9041,94.3161,12.5469,277.6502,46.0035
2037-09-06,28.8025,0.0000,39.1016,11.3451,1142.7830,203.1462,92.6908,11.1292,281.2858,42.6351
2037-09-07,28.2105,0.0000,28.5028,6.2823,1149.5649,206.8771,92.8259,8.7883,285.3668,36.5997
2037-09-08,29.5763,0.0000,29.1072,5.6947,1156.5927,210.7489,92.9367,8.6655,289.5821,36.2770
2037-09-09,30.8793,0.0000,28.9821,5.5101,1163.8550,214.7923,93.1711,8.8717,293.9579,36.8532
2037-09-10,31.6760,0.0000,28.6213,5.8713,1171.2606,218.9575,93.3870,9.3112,298.4384,38.0481
2037-09-11,31.6357,0.0191,25.3466,5.7995,1178.6591,223.3084,94.0282,10.1426,303.0686,40.2312
2037-09-12,30.3616,0.1435,35.9215,10.2281,1185.8281,226.8976,93.3698,11.5694,306.9601,43.7897
2037-09-13,23.7219,0.0776,57.5727,15.1797,1191.8021,228.7725,89.0126,7.9957,309.1755,34.4496
2037-09-14,23.2295,0.9683,58.2545,13.9919,1197.6874,230.5808,84.6408,4.0605,311.3213,21.6351
2037-09-15,24.4240,0.0000,49.8920,5.6403,1203.7877,232.8578,87.3518,3.8970,313.9104,21.0105
2037-09-16,29.7895,0.0000,29.8751,2.6808,1210.8539,236.7143,92.0006,6.5253,318.0074,30.0864
2037-09-17,30.8166,0.0000,24.3960,4.8509,1218.1048,241.0103,93.9263,9.5336,322.4991,38.6853
2037-09-18,31.6581,0.0000,23.7443,4.9474,1225.5073,245.4576,94.3959,10.2230,327.1184,40.4822
2037-09-19,32.2508,0.0000,26.1334,5.3308,1233.0165,249.8436,94.4467,10.4957,331.6721,41.1815
2037-09-20,31.0332,0.0000,29.6313,9.6891,1240.3064,253.8693,94.4975,13.1653,335.8711,47.5860
2037-09-21,26.6749,0.0000,35.2156,9.4453,1246.8119,257.0728,93.1170,10.7360,339.2670,41.7947
2037-09-22,24.3777,0.0002,31.7291,9.4176,1252.9039,260.1695,93.0366,10.6010,342.5237,41.4594
2037-09-23,24.2100,0.0000,33.8602,5.8766,1258.9657,263.1499,92.7084,8.4697,345.6695,35.8307
2037-09-24,28.1396,0.0000,39.1364,6.7374,1265.7348,266.3182,92.3504,8.4105,349.0375,35.6686
2037-09-25,29.7747,0.0023,40.2075,8.3129,1272.7982,269.6049,92.3422,9.0949,352.5280,37.5480
2037-09-26,24.3700,41.2834,76.7089,10.6148,642.1793,72.7957,48.2679,0.2247,113.4426,0.6809
2037-09-27,22.8682,0.5469,76.1444,10.3954,647.9996,73.8137,68.9472,1.0215,114.9052,5.6035
2037-09-28,22.4750,0.0036,75.4248,8.3175,653.7491,74.8451,77.7984,1.4088,116.3804,7.6250
2037-09-29,24.6215,0.0002,61.2440,3.7411,659.8849,76.6199,83.6377,2.1179,118.7650,10.9214
2037-09-30,24.8968,0.0132,60.8002,12.0081,666.0704,78.4342,85.7835,4.3024,121.1909,19.0527
2037-10-01,26.6227,0.0168,45.7272,13.8741,671.5664,80.7140,88.7794,7.2402,124.1306,27.7965
2037-10-02,27.8582,0.3963,38.2208,9.3887,677.2849,83.4247,90.5764,7.4723,127.5667,28.7006
2037-10-03,27.9848,1.3956,32.9786,9.5779,683.0262,86.3783,88.9106,5.9417,131.2580,24.7678
2037-10-04,26.8122,0.0243,49.5090,9.3405,688.5564,88.5137,88.9596,5.9125,133.9722,24.8669
2037-10-05,24.1433,0.1424,68.4105,7.4471,693.6062,89.7219,86.8441,3.9707,135.5941,18.7917
2037-10-06,24.7687,0.4760,58.7400,10.2579,698.7685,91.3392,86.8924,4.6064,137.6848,21.0445
2037-10-07,23.6404,0.0001,33.8713,10.0453,703.7278,93.8181,90.3058,7.4306,140.7318,29.5852
2037-10-08,21.4149,0.0347,49.5866,9.3064,708.2865,95.5379,89.4941,6.3729,142.8909,26.7684
2037-10-09,23.5905,0.0000,32.5348,7.9186,713.2368,98.0619,90.9343,7.3024,145.9557,29.5700
2037-10-10,24.1703,0.0000,25.4231,6.3710,718.2914,100.9174,92.5117,8.4463,149.3699,32.8276
2037-10-11,25.7354,0.0000,23.8332,7.0334,723.6278,104.0144,93.3064,9.7623,153.0354,36.3651
2037-10-12,26.1386,0.0000,28.2035,6.3899,729.0367,106.9776,93.3568,9.5176,156.5321,35.9725
2037-10-13,27.0379,0.0000,31.0589,6.5895,734.6076,109.9169,93.4073,9.6817,159.9877,36.5733
2037-10-14,27.6205,0.2567,34.2267,5.6335,740.2833,112.7791,93.1684,8.9236,163.3457,34.8313
2037-10-15,24.3291,0.0160,47.3301,11.0652,745.3665,114.8085,90.7002,8.2760,165.7796,33.2454
2037-10-16,22.8919,0.0000,35.9754,6.1256,750.1910,117.1360,90.7498,6.4983,168.4981,28.3493
2037-10-17,24.1955,0.0000,37.4501,4.8454,755.2502,119.5334,90.7994,6.1356,171.2912,27.3531
2037-10-18,26.1371,0.0000,37.3803,4.5685,760.6589,122.1177,90.8490,6.0935,174.2851,27.3217
2037-10-19,26.8149,0.0000,34.8774,4.9091,766.1896,124.8721,91.2401,6.5542,177.4451,28.8181
2037-10-20,24.0728,0.0008,35.9913,10.1580,771.2267,127.3135,91.2899,8.5993,180.2417,34.6729
2037-10-21,23.1375,0.0000,41.2918,8.4677,776.0954,129.4696,91.0746,7.6589,182.7306,32.1804
2037-10-22,24.5669,0.0000,43.9427,6.3466,781.2215,131.6497,90.8453,6.6612,185.2532,29.3616
2037-10-23,24.7579,0.0000,39.8705,5.4360,786.3819,134.0055,90.8950,6.4077,187.9435,28.6649
2037-10-24,24.4146,0.0649,37.9152,5.5082,791.4805,136.4057,90.9446,6.4767,190.6631,28.9398
2037-10-25,18.8937,0.0380,56.3990,14.2436,795.5854,137.7266,88.3529,6.9383,192.2503,30.3591
2037-10-26,18.8506,0.0005,46.8506,6.5284,799.6825,139.3332,88.4017,4.7364,194.1130,23.3674
2037-10-27,19.7858,0.0007,59.3890,5.3943,803.9479,140.6184,87.5923,3.9836,195.6737,20.6809
2037-10-28,21.6563,0.0009,55.5416,5.0190,808.5501,142.1514,87.6409,3.9362,197.4975,20.5314
2037-10-29,22.1878,0.0069,53.2066,4.7916,813.2479,143.8025,87.6895,3.9185,199.4401,20.4932
2037-10-30,26.4623,0.0084,33.6793,7.0854,818.7151,146.5722,90.9147,6.9826,202.5083,30.7060
2037-10-31,26.9986,0.0017,39.8028,6.3319,824.2788,149.1351,90.9643,6.7702,205.3750,30.1240
2037-11-01,23.3189,0.0264,59.2479,7.4989,828.1802,150.4544,88.5001,5.0445,206.9280,24.6342
2037-11-02,22.4431,0.9651,64.2473,11.6390,831.9240,151.5704,83.2506,2.9978,208.2753,16.9323
2037-11-03,21.4579,0.5874,64.7699,4.7814,835.4904,152.6240,83.7564,2.2671,209.5491,13.6905
2037-11-04,21.2063,0.0054,57.4811,6.1119,839.0116,153.8815,85.5752,3.1049,211.0104,17.4087
2037-11-05,19.6617,0.3829,59.5084,9.3293,842.2547,154.9961,85.6867,3.7086,212.3142,19.8494
2037-11-06,15.2833,44.7597,93.4419,15.9988,486.2563,58.3364,22.4434,0.0007,89.7534,0.0019
2037-11-07,17.4956,22.9002,75.2020,21.9326,385.8972,24.2007,40.1277,0.1074,41.8414,0.1594
2037-11-08,15.7215,0.6611,68.8702,6.7917,388.4311,24.8949,60.6946,0.6013,42.9139,0.9081
2037-11-09,17.4108,0.0005,62.1401,4.9193,391.2690,25.8241,74.7166,0.9666,44.3331,2.4053
2037-11-10,16.5184,1.6951,82.1367,8.2515,393.9463,24.6850,65.7264,0.8221,42.6835,1.7897
2037-11-11,15.1618,2.7364,74.2847,13.7763,396.3794,20.2218,60.2196,0.8308,35.8689,1.4371
2037-11-12,14.6048,5.7351,73.4384,18.1121,380.6204,12.5635,51.0060,0.4605,23.2116,0.4591
2037-11-13,14.3336,3.3531,70.2575,12.5805,375.2644,9.2252,53.5370,0.4576,17.3821,0.3801
2037-11-14,14.3022,0.0032,63.8187,4.8502,377.5427,9.9640,69.1967,0.7786,18.6946,0.6766
2037-11-15,15.9550,0.6140,70.1457,10.6772,380.1187,10.6391,76.6861,1.4578,19.8866,1.9894
2037-11-16,19.3761,0.8537,79.7852,5.0328,383.3103,11.1878,75.5124,1.0165,20.8540,0.9461
2037-11-17,23.1077,0.0007,66.1189,6.9155,387.1737,12.2752,82.1295,2.0518,22.7475,3.5304
2037-11-18,25.7782,0.0012,51.7635,7.6937,391.5178,13.9941,86.8581,4.0284,25.6925,7.5501
2037-11-19,26.3794,0.0293,42.9328,9.2588,395.9701,16.0732,89.2710,6.1573,29.1848,11.6350
2037-11-20,20.2103,0.0035,67.8534,4.9871,399.3119,16.9815,86.6779,3.4260,30.6991,7.2598
2037-11-21,21.0079,0.0032,63.3426,4.8616,402.7974,18.0559,86.7261,3.4278,32.4728,7.5168
2037-11-22,19.3464,0.0045,72.0658,9.4288,405.9837,18.8132,85.3155,3.5397,33.7199,7.9148
2037-11-23,17.7374,15.9699,77.2766,18.5916,348.5674,8.7580,48.0190,0.3248,16.4807,0.2612
2037-11-24,17.4966,12.4022,83.5308,21.9765,311.0669,4.2812,38.7363,0.0821,8.2776,0.0448
2037-11-25,18.0963,45.6354,91.4571,25.8419,181.7069,1.6026,22.8683,0.0014,3.1361,0.0005
2037-11-26,17.7876,25.8787,93.6106,10.6740,126.4038,0.2426,12.7713,0.0000,0.4828,0.0000
2037-11-27,16.3144,8.4127,74.5879,20.8128,113.9101,0.5867,40.0843,0.1007,1.1585,0.0272
2037-11-28,15.3151,0.0009,57.8376,9.1434,116.3708,1.5043,66.0705,0.8709,2.9144,0.3037
2037-11-29,15.1205,0.0000,55.2814,9.3740,118.7965,2.4660,78.6350,1.5969,4.6886,0.6683
2037-11-30,15.9823,0.0000,64.5778,9.6100,121.3773,3.2682,82.2202,2.3765,6.1242,1.4726
2037-12-01,14.3030,1.7585,80.3877,6.4683,123.6558,2.8109,67.5291,0.8006,5.3194,0.3539
2037-12-02,13.0778,6.5462,78.5722,15.8624,114.7023,1.2427,45.8258,0.2074,2.4199,0.0680
2037-12-03,15.1855,5.0894,77.9534,12.1208,109.4671,0.4286,43.3329,0.1159,0.8489,0.0295
2037-12-04,13.4063,0.0019,76.9436,5.1635,111.5842,0.8087,58.3266,0.4745,1.5886,0.1381
2037-12-05,14.2910,0.1135,79.5158,4.9289,113.8606,1.1669,67.6003,0.7426,2.2756,0.2389
2037-12-06,13.9255,0.7043,73.6952,6.0800,116.0712,1.6161,72.8341,0.9393,3.1235,0.3356
2037-12-07,12.1384,1.6547,73.4773,15.1770,117.9601,1.4712,68.4246,1.2784,2.8534,0.4426
2037-12-08,10.9410,5.1732,72.9833,8.7128,111.7184,0.5250,46.9065,0.1693,1.0379,0.0448
2037-12-09,13.4679,41.7215,77.4418,28.3817,35.2708,0.3735,38.1803,0.1013,0.7276,0.0252
2037-12-10,10.8602,2.3836,70.7139,8.0361,36.9296,0.3980,46.9397,0.1644,0.7752,0.0413
2037-12-11,10.9759,0.0008,67.3110,7.5762,38.6093,0.8466,63.8647,0.7365,1.6053,0.2149
2037-12-12,12.9155,5.7948,80.3324,16.1550,33.0368,0.3132,45.1810,0.1909,0.6120,0.0462
2037-12-13,13.7425,0.0497,78.6774,13.8104,35.2145,0.6729,62.3378,0.9376,1.2844,0.2594
2037-12-14,15.9174,2.9412,67.3572,15.7308,35.2738,0.6313,62.4692,1.0397,1.2085,0.2838
2037-12-15,13.6225,12.0298,79.4746,7.8400,19.1190,0.3434,34.4567,0.0159,0.6573,0.0039
2037-12-16,15.1210,0.0002,68.0181,11.1124,21.5447,0.9329,60.2199,0.7265,1.6836,0.2146
2037-12-17,15.0755,0.0000,63.0496,6.4928,23.9623,1.6122,73.8289,1.0013,2.7601,0.3428
2037-12-18,15.9133,0.0039,64.6346,3.9531,26.5307,2.2959,79.6191,1.3348,3.7751,0.5117
2037-12-19,15.0202,0.8409,80.6548,4.8985,28.9384,2.6503,76.0286,1.0424,4.3131,0.4214
2037-12-20,13.6138,0.8695,80.9472,10.4235,31.0929,2.9689,74.2805,1.2474,4.7935,0.5269
2037-12-21,13.9965,2.8284,82.4624,13.0669,31.0301,1.7629,57.2351,0.6511,3.0873,0.2317
2037-12-22,13.7908,22.1876,89.4273,31.4132,2.1863,0.3503,29.6878,0.0154,0.5003,0.0036
2037-12-23,14.1919,11.0388,64.8604,20.0340,2.2585,0.6106,44.4388,0.2067,0.7287,0.0514
2037-12-24,12.9328,0.0003,51.8433,4.9450,4.2904,1.3786,66.3490,0.7120,1.5290,0.2052
2037-12-25,14.5535,0.0691,79.0187,8.2102,6.6141,1.7518,73.4250,1.0721,2.1079,0.3371
2037-12-26,13.6604,0.0000,64.7337,7.6081,8.7769,2.3434,79.4326,1.5753,2.8107,0.5426
2037-12-27,14.1940,0.0001,56.2005,5.4479,11.0359,3.1046,83.0609,2.1414,3.6454,0.8100
2037-12-28,13.2713,0.0148,62.9686,11.2811,13.1287,3.7094,83.7357,3.1370,4.3477,1.8792
2037-12-29,11.5100,0.0000,57.1189,7.4718,14.9045,4.3239,84.3996,2.8293,5.0124,1.7420
2037-12-30,13.5932,0.0001,71.3354,9.3742,17.0553,4.8025,84.2547,3.0537,5.6369,2.1539
2037-12-31,16.2277,0.0000,68.0256,6.1528,19.6803,5.4321,84.3022,2.6128,6.4284,1.8472
2038-01-01,15.8906,0.0000,65.1304,10.5346,22.2446,6.1615,84.3497,3.2793,7.2811,2.8172
2038-01-02,14.7582,0.0000,69.9561,13.8325,24.6050,6.7480,84.3971,3.8971,8.0065,3.6781
2038-01-03,14.1234,0.0004,67.4204,7.5066,26.8513,7.3586,84.4447,2.8516,8.7336,2.6465
2038-01-04,14.3556,0.0000,64.0189,10.0780,29.1393,8.0433,84.4922,3.2671,9.5183,3.3260
2038-01-05,13.6378,0.0000,63.2194,14.5542,31.2981,8.7106,84.5397,4.1202,10.2733,4.5138
2038-01-06,12.3280,0.0010,65.5649,17.3291,33.2211,9.2798,84.5873,4.7692,10.9281,5.4253
2038-01-07,12.6713,1.0692,68.4489,12.9553,35.2060,9.8148,78.4790,1.8861,11.5675,1.7794
2038-01-08,13.1206,0.0095,68.1827,12.8244,37.2717,10.3718,81.3346,2.5138,12.2331,2.8544
2038-01-09,13.6302,0.0022,65.4356,14.6920,39.4291,10.9986,82.8984,3.3418,12.9596,4.1475
2038-01-10,14.0058,0.0000,66.0008,15.4024,41.6541,11.6309,83.4354,3.7119,13.6990,4.7961
2038-01-11,14.1825,0.4084,67.5520,11.5785,43.9110,12.2413,83.4826,3.0803,14.4275,4.0630
2038-01-12,14.3588,0.0052,66.5407,7.6664,46.1996,12.8781,83.6034,2.5695,15.1786,3.4224
2038-01-13,13.9346,0.2704,71.3681,6.1341,48.4118,13.4081,83.6506,2.3934,15.8451,3.2429
2038-01-14,14.2033,0.0000,68.7556,6.8888,50.6724,13.9967,83.6979,2.5017,16.5588,3.5270
2038-01-15,14.2501,0.0000,68.9310,11.6160,52.9414,14.5838,83.7452,3.1944,17.2725,4.7405
2038-01-16,14.6065,0.0000,65.6750,19.7945,55.2746,15.2476,83.8294,4.8777,18.0484,7.3212
2038-01-17,14.1770,0.0002,56.4970,16.4099,57.5305,16.0657,84.9064,4.7562,18.9216,7.3487
2038-01-18,14.9379,0.0102,58.6798,6.9920,59.9233,16.8816,85.0452,3.0160,19.8106,4.8781
2038-01-19,15.0957,0.0005,60.6822,5.5187,62.3445,17.6655,85.0930,2.8187,20.6810,4.6782
2038-01-20,15.2197,0.0004,59.8367,11.7280,64.7881,18.4724,85.1407,3.8796,21.5698,6.5757
2038-01-21,14.7413,0.0122,65.3172,8.6765,67.1455,19.1488,85.1885,3.3487,22.3576,5.8441
2038-01-22,14.6006,0.8954,67.5494,7.6731,69.4776,19.7761,80.3782,1.7423,23.1083,2.9319
2038-01-23,14.4606,0.0001,58.2916,10.9584,71.7845,20.5751,83.4880,2.9876,23.9725,5.4630
2038-01-24,14.9378,0.0000,63.5953,11.2793,74.1773,21.2939,84.0056,3.2511,24.7939,6.0585
2038-01-25,15.4746,0.0010,63.8755,12.7450,76.6667,22.0310,84.2153,3.6000,25.6413,6.8070
2038-01-26,14.4902,0.0009,62.7723,13.5063,78.9790,22.7455,84.3086,3.7880,26.4485,7.2665
2038-01-27,14.9015,0.0026,60.4849,11.0848,81.3653,23.5239,84.6410,3.5073,27.3091,6.9052
2038-01-28,15.9628,0.0003,53.9321,6.2731,83.9426,24.4916,85.5911,3.1372,28.3236,6.3662
2038-01-29,13.3304,0.9743,75.1596,5.9682,86.0460,24.9329,78.1895,1.2932,28.9177,2.3970
2038-01-30,13.3959,0.0001,49.2095,12.1195,88.1613,25.8393,83.8085,3.3040,29.8250,6.8994
2038-01-31,13.7855,0.0000,42.6991,8.4934,90.3467,26.8894,86.4516,3.9592,30.8354,8.2812
2038-02-01,15.5358,0.0002,46.5113,9.5561,92.8471,28.1534,87.0449,4.5439,32.0278,9.5319
2038-02-02,16.2628,0.0010,54.9480,11.6269,95.4784,29.2645,87.0933,5.0785,33.1373,10.6635
2038-02-03,17.7025,0.0003,55.9119,9.6117,98.3689,30.4421,87.1417,4.6199,34.3266,10.0570
2038-02-04,18.0535,0.0000,53.7871,5.3935,101.3225,31.6994,87.1901,3.7611,35.5745,8.6200
2038-02-05,15.6578,1.1087,69.5993,7.7220,103.8449,32.4231,79.0104,1.5212,36.4189,3.5921
2038-02-06,14.5131,0.0700,65.2249,5.9719,106.1613,33.1943,81.8364,1.8884,37.2615,4.6313
2038-02-07,17.1890,0.0037,45.3811,11.0594,108.9593,34.6133,86.1944,4.3451,38.5840,10.2195
2038-02-08,18.6267,0.0037,48.7351,10.6387,112.0161,36.0499,87.0995,4.8361,39.9540,11.3839
2038-02-09,16.4974,0.0249,65.4965,5.7337,114.6896,36.9123,86.1101,3.2832,40.9089,8.3313
2038-02-10,16.1442,0.0016,63.0871,5.3708,117.2996,37.8165,86.0979,3.2181,41.8792,8.3049
2038-02-11,16.7944,0.5436,78.9584,5.7218,120.0265,38.3514,83.5566,2.3154,42.6408,6.2255
2038-02-12,17.8798,0.0050,71.3125,4.9299,122.9489,39.1248,83.6038,2.2386,43.5798,6.1174
2038-02-13,18.8840,0.0022,63.3540,4.6828,126.0520,40.1651,84.4543,2.4766,44.7124,6.8403
2038-02-14,19.6093,0.0016,63.5700,5.8851,129.2857,41.2368,84.8314,2.7699,45.8850,7.6984
2038-02-15,22.4241,0.0000,37.7012,6.6886,133.0260,43.3186,88.9362,5.1556,47.7577,13.2426
2038-02-16,22.8505,0.0000,23.9846,4.7206,136.8431,45.9047,92.1496,7.3855,49.9334,17.8404
2038-02-17,18.4501,0.0015,54.9666,11.4082,139.8682,47.1554,88.8413,6.4513,51.1765,16.3401
2038-02-18,18.7818,0.0000,18.5820,17.1649,142.9529,49.4548,92.7739,15.0971,53.0380,30.4531
2038-02-19,17.4976,0.0035,28.1291,20.3024,145.8064,51.3534,92.6169,17.2973,54.6166,33.8273
2038-02-20,17.7316,0.0082,46.5270,18.0260,148.7021,52.7839,89.9533,10.5622,55.9326,24.4624
2038-02-21,18.3478,0.0000,46.3114,11.4083,151.7087,54.2670,89.4772,7.0678,57.2962,18.5746
2038-02-22,19.5274,0.0000,29.4051,6.8376,154.9277,56.3356,90.8149,6.7985,59.0191,18.3379
2038-02-23,20.3155,0.0018,15.2552,11.4264,158.2885,58.9136,94.0141,13.4413,61.0352,30.1490
2038-02-24,18.9224,0.0000,44.1884,6.3303,161.3985,60.5009,91.0636,6.8661,62.4643,19.0377
2038-02-25,19.9017,0.0000,37.7663,4.3821,164.6848,62.3576,91.0907,6.2481,64.0675,18.0053
2038-02-26,21.4771,0.0000,21.6013,5.7868,168.2547,64.8719,92.8271,8.5731,66.0645,22.9967
2038-02-27,19.5793,0.0000,44.6644,9.0967,171.4829,66.4973,90.6128,7.4015,67.5290,20.9484
2038-02-28,20.3789,0.0022,42.0477,4.9779,174.8552,68.2655,90.4713,5.8939,69.0936,17.9631
2038-03-01,17.8059,0.0048,61.3420,10.0448,177.7642,69.5113,87.5478,5.0036,70.2995,16.0456
2038-03-02,16.8662,0.0294,74.0918,7.7836,180.5041,70.3048,84.9649,3.1043,71.2406,11.1195
2038-03-03,18.1366,0.0028,66.8897,5.4968,183.4727,71.3905,85.0126,2.7846,72.3760,10.2653
2038-03-04,21.6815,0.0000,54.2042,5.3086,187.0794,73.1689,86.4147,3.3546,73.9910,12.1087
2038-03-05,23.2378,0.0003,49.7512,9.3492,190.9662,75.2535,87.6564,4.9068,75.8158,16.4876
2038-03-06,23.9556,0.0032,49.3080,6.8136,194.9822,77.4186,88.0651,4.5786,77.7047,15.8646
2038-03-07,24.0418,0.0123,46.6544,11.3019,199.0137,79.7048,88.5532,6.1569,79.7037,20.0306
2038-03-08,18.8306,0.0002,50.6948,19.7163,202.1072,81.3799,88.6021,9.4743,81.3739,27.4207
2038-03-09,19.3007,0.0000,43.0188,17.1358,205.2854,83.3614,88.6510,8.3777,83.3475,25.5027
2038-03-10,21.9914,0.0067,45.2755,15.4871,208.9478,85.5154,88.6999,7.7641,85.4939,24.5080
2038-03-11,23.8079,0.0029,41.1061,8.9782,212.9372,88.0160,89.4569,6.2350,87.9844,21.3033
2038-03-12,24.2789,0.0113,35.2075,5.4028,217.0114,90.8189,90.5641,6.1019,90.7742,21.3239
2038-03-13,22.7813,0.4213,39.6290,10.6204,220.8161,93.2765,90.6137,7.9932,93.2212,26.1385
2038-03-14,21.6847,0.0009,50.3061,13.3582,224.4233,95.2066,89.4562,7.7741,95.1457,25.9029
2038-03-15,21.2567,0.0005,53.0408,9.4691,227.9535,96.9962,88.8150,5.8287,96.9311,21.3471
2038-03-16,20.3077,0.3211,53.5322,9.2767,231.3129,98.6918,88.4915,5.5105,98.6228,20.6845
2038-03-17,20.8850,0.4393,49.1068,11.6531,234.7762,100.5991,88.5403,6.2552,100.5240,22.8602
2038-03-18,20.3295,0.2401,51.1369,17.8329,238.1395,102.3840,88.5892,8.6005,102.3039,28.7529
2038-03-19,22.5238,0.0026,37.3051,21.7822,241.8978,104.9087,89.9172,12.6972,104.8167,37.6873
2038-03-20,22.0721,0.4346,41.3256,23.7892,245.5748,107.2262,89.9665,14.1481,107.1244,40.8126
2038-03-21,20.8232,0.4963,51.2972,14.8224,249.0269,109.0463,89.0765,7.9254,108.9392,27.9887
2038-03-22,20.0278,1.8592,61.6837,15.8946,252.3360,97.0253,78.4569,2.1829,98.9413,10.1412
2038-03-23,20.4562,0.9798,60.3752,14.0577,255.7221,98.4813,81.1376,2.6150,100.3490,11.8529
2038-03-24,18.9842,2.8239,66.9275,10.9554,254.8570,76.0292,68.4525,1.0344,87.0995,4.6756
2038-03-25,19.3334,0.7854,63.5532,7.3094,258.0410,77.2987,77.0969,1.2675,88.3970,5.7969
2038-03-26,20.4710,0.5514,59.5758,5.2494,261.4298,78.7851,82.5595,1.9896,89.8652,8.8408
2038-03-27,23.0384,0.0000,40.9913,10.2458,265.2807,81.2131,88.2142,5.5606,92.0079,20.0860
2038-03-28,22.3812,0.0001,41.3543,28.9715,269.0133,83.5604,89.2003,16.4583,94.0707,42.4428
2038-03-29,21.8570,0.0005,41.5968,29.9348,272.6516,85.8459,89.2494,17.3990,96.0708,44.4037
2038-03-30,22.9690,0.0000,40.6085,15.8985,276.4900,88.2826,89.5238,8.9218,98.1876,28.9110
2038-03-31,21.9567,0.0019,47.0387,6.1465,280.1462,90.3641,89.5730,5.4967,100.0488,20.7974
2038-04-01,21.1376,0.0052,50.1224,5.1919,284.9050,93.0531,89.2409,4.9948,102.4516,19.6379
2038-04-02,23.5692,0.0012,41.8967,4.1905,290.1014,96.5280,89.3960,4.8559,105.3887,19.5103
2038-04-03,23.8142,0.1530,35.3001,8.5591,295.3420,100.4359,90.4982,7.0867,108.5696,25.8755
2038-04-04,21.9178,2.9325,50.4277,6.9939,295.4753,77.8009,75.1455,1.0985,93.8339,5.2556
2038-04-05,22.2680,3.8226,59.8184,5.6142,292.6731,57.4953,65.4252,0.7116,77.1169,2.7333
2038-04-06,24.5768,0.0014,47.2439,7.8415,298.0509,60.7793,83.4812,2.5511,80.5127,10.1829
2038-04-07,26.0226,0.0000,37.9690,5.2583,303.6890,64.8581,89.2807,5.0403,84.5653,17.8607
2038-04-08,28.3798,0.0000,31.9519,4.7078,309.7514,69.7214,91.7426,6.9679,89.2308,23.2251
2038-04-09,28.2051,0.0000,31.8261,9.8122,315.7823,74.5648,92.1118,9.4949,93.7735,29.4945
2038-04-10,28.1571,0.0000,30.5466,10.2901,321.8046,79.4911,92.3786,10.0993,98.2863,31.4515
2038-04-11,26.1659,0.0000,36.6757,7.8373,327.4684,83.6769,92.3735,8.9188,102.1187,29.4467
2038-04-12,26.4196,0.0002,27.2217,6.8941,333.1780,88.5324,92.7520,8.9700,106.3898,30.1230
2038-04-13,25.9191,0.0046,30.9136,9.6831,338.7974,93.0577,92.8023,10.3966,110.3445,33.7915
2038-04-14,21.3329,0.0508,43.7302,14.7631,343.5913,96.1180,90.7970,10.1099,113.1224,33.5231
2038-04-15,19.9050,0.0012,35.7479,11.1416,348.1282,99.3899,90.8466,8.4834,115.9915,30.1212
2038-04-16,23.8189,0.0000,29.1985,7.7181,353.3696,103.6671,91.7742,8.1455,119.6100,29.6770
2038-04-17,27.5954,0.0000,34.7691,9.1093,359.2908,108.2050,91.8241,8.7991,123.4578,31.6547
2038-04-18,27.6702,0.0000,35.2202,13.0443,365.2255,112.7233,91.8741,10.8050,127.2559,36.6824
2038-04-19,28.6219,0.0000,31.7838,9.2649,371.3314,117.6386,92.1978,9.3495,131.2927,33.7175
2038-04-20,29.7958,0.0001,28.8448,10.2701,377.6486,122.9682,92.9624,10.9519,135.5740,37.8252
2038-04-21,29.6568,0.0035,24.0526,15.1353,383.9409,128.6312,93.9608,16.0842,140.0013,48.8632
2038-04-22,23.8711,0.3379,47.4619,18.5393,389.1917,131.8117,90.6336,11.9470,142.7537,40.6708
2038-04-23,19.7297,0.7252,51.1830,16.1683,393.6970,134.2769,86.6618,6.0046,144.9553,25.8055
2038-04-24,19.1436,1.2354,57.6593,11.0299,398.0969,136.3548,81.3354,2.2967,146.9110,12.7489
2038-04-25,21.1869,0.6537,55.3951,8.8916,402.8645,138.7649,84.3419,3.0156,149.1202,15.8197
2038-04-26,24.1191,0.0000,36.7396,9.5995,408.1599,142.6326,89.4576,6.4340,152.2525,27.4575
2038-04-27,26.8389,0.0000,25.9251,7.0982,413.9449,147.6499,92.6597,8.9459,156.1008,34.5089
2038-04-28,28.6701,0.0000,23.5585,9.2840,420.0595,153.1668,93.8505,11.7952,160.2517,41.5917
2038-04-29,26.5527,0.0008,32.0092,15.9978,425.7930,157.7249,93.4235,15.5893,163.7793,49.8887
2038-04-30,22.6280,2.0511,48.3131,10.0979,430.8201,121.7563,81.3756,2.2016,142.6939,12.1997
2038-05-01,24.5072,2.9038,52.8197,5.3350,431.0995,89.7713,73.9478,0.9498,118.0739,5.3017
2038-05-02,27.0651,0.0001,37.8231,6.2004,438.3752,94.3817,87.8720,4.3181,122.7133,19.2055
2038-05-03,29.2232,0.0000,23.3669,5.7468,446.0394,100.4994,93.3721,9.2338,128.5744,33.1910
2038-05-04,32.0188,0.0000,24.1606,5.9030,454.2068,107.1119,94.3215,10.6178,134.7697,36.9946
2038-05-05,33.5665,0.0000,24.1631,5.6828,462.6528,114.0331,94.6502,10.9872,141.1134,38.3887
2038-05-06,33.2500,0.0002,23.7871,8.9902,471.0418,120.9252,94.7024,13.0732,147.3084,43.4828
2038-05-07,29.1115,0.0018,36.2603,11.7281,478.6858,125.9948,93.2498,12.2705,151.9819,42.1059
2038-05-08,26.5263,0.1020,43.5419,13.3234,485.8646,130.1011,91.5105,10.4074,155.8628,38.0979
2038-05-09,22.8657,1.2877,49.7805,12.4547,492.3844,133.2696,84.7786,3.8292,158.9709,19.2519
2038-05-10,23.6541,0.0251,49.9477,11.6376,499.0462,136.5315,87.4006,5.3088,162.1550,24.4357
2038-05-11,25.9164,0.0010,45.4172,9.5610,506.1151,140.4137,88.8968,5.9249,165.8182,26.5128
2038-05-12,28.7266,0.0014,37.8348,7.0498,513.6899,145.2951,90.7738,6.8314,170.2230,29.3945
2038-05-13,31.2676,0.0000,25.9516,4.9166,521.7221,151.6050,93.5663,9.0985,175.6248,35.8168
2038-05-14,32.9398,0.0013,26.4333,4.9233,530.0552,158.1977,94.0387,9.7187,181.1973,37.6093
2038-05-15,33.7631,0.0024,24.3167,4.8779,538.5366,165.1441,94.6255,10.5146,186.9591,39.7865
2038-05-16,33.6689,0.0027,21.5807,8.9977,547.0010,172.3222,95.2180,14.0357,192.7997,48.0583
2038-05-17,33.4181,0.0012,23.2871,7.3671,555.4203,179.2934,95.2690,13.0190,198.4413,46.0022
2038-05-18,34.0275,0.0000,22.9628,9.2622,563.9492,186.4177,95.3201,14.4238,204.1375,49.2390
2038-05-19,33.8784,0.0044,23.2379,11.1649,572.4513,193.4865,95.3713,15.9863,209.7425,52.6591
2038-05-20,33.4027,0.1080,33.1771,13.3719,580.8678,199.5562,94.4279,15.6986,214.7069,52.1856
2038-05-21,26.2669,0.0001,31.1797,15.3949,587.9999,204.5146,93.6350,15.5749,218.7866,52.0170
2038-05-22,24.8059,0.0000,21.7913,11.8777,594.8689,209.8485,93.7324,13.2234,223.0165,47.0162
2038-05-23,27.2025,0.0000,16.9132,6.6554,602.1694,216.0394,95.0973,12.2689,227.7790,44.9096
2038-05-24,30.0726,0.0000,17.8946,4.9544,609.9865,222.7776,95.4632,11.8381,232.9039,43.9688
2038-05-25,30.8766,0.0000,23.0250,6.4273,617.9482,229.2576,95.5144,12.8393,237.8814,46.3610
2038-05-26,28.6791,0.4141,37.3823,10.0942,625.5145,234.1667,93.1797,11.1905,241.9207,42.5175
2038-05-27,28.6863,0.8769,40.1309,5.9170,633.0820,238.8615,89.5145,5.3881,245.8373,26.1761
2038-05-28,32.0791,0.0000,29.3990,4.9903,641.2602,245.0284,92.9170,8.3403,250.6350,35.1899
2038-05-29,33.4346,0.0010,26.1977,6.4464,649.6825,251.7384,94.1158,10.6065,255.7410,41.1966
2038-05-30,33.2067,0.0000,32.9756,8.5231,658.0637,257.7919,94.1665,11.8595,260.4803,44.2864
2038-05-31,26.9515,4.5336,52.9486,11.3402,640.6663,100.2980,76.2414,1.4622,144.1704,8.7184
2038-06-01,28.1915,0.0158,46.5046,11.6302,649.1447,104.4233,87.5247,5.4018,148.9466,24.1700
2038-06-02,29.3976,0.0001,39.0664,12.1206,657.8403,109.3156,90.5843,8.5849,154.4624,33.4880
2038-06-03,27.4222,0.0000,36.4126,11.8365,666.1803,114.0904,91.0550,9.0505,159.7735,34.9756
2038-06-04,29.3580,0.0007,33.7263,10.9717,674.8687,119.4046,91.8811,9.7431,165.5723,37.0144
2038-06-05,25.8504,0.0191,41.3352,14.0378,682.9258,123.5669,91.5303,10.8193,170.1621,39.8546
2038-06-06,28.6679,0.0000,28.3236,8.0796,691.4900,129.1841,92.7969,9.5823,176.1141,37.0743
2038-06-07,32.2093,0.0000,22.3031,6.8258,700.6917,135.9975,94.6819,11.6894,183.1338,42.4560
2038-06-08,32.4018,0.0000,24.1827,9.0241,709.9280,142.6845,94.7328,13.1504,189.9344,46.0232
2038-06-09,30.5673,0.0000,23.8114,11.6847,718.8341,149.0363,94.7837,15.1426,196.3165,50.5245
2038-06-10,30.0390,0.0000,23.5447,11.7541,727.6452,155.3040,94.8346,15.3023,202.5373,51.0501
2038-06-11,29.2618,0.1255,29.9858,11.6313,736.3163,160.9004,94.3163,14.1605,208.1099,48.7746
2038-06-12,25.1645,21.1990,59.3968,8.4802,580.3968,65.6852,60.4896,0.6468,102.3985,3.1438
2038-06-13,27.7953,0.3450,48.9906,8.3387,588.8040,69.5655,83.4799,2.6154,107.4066,12.3020
2038-06-14,27.2756,0.0538,48.1844,8.2175,597.1176,73.4363,88.0052,4.8721,112.3342,20.1614
2038-06-15,29.4505,0.0202,42.9721,7.3830,605.8227,78.0231,89.9252,6.1531,118.0404,24.3321
2038-06-16,29.2964,0.0829,44.7362,9.7057,614.5000,82.4454,89.9745,6.9661,123.4752,27.0140
2038-06-17,28.8596,0.0363,45.1613,10.4744,623.0988,86.7708,90.0238,7.2926,128.7264,28.3238
2038-06-18,29.4393,0.0492,44.3679,11.2051,631.8018,91.2436,90.0732,7.6198,134.0787,29.6117
2038-06-19,27.3329,0.0592,48.7509,13.1249,640.1258,95.0798,90.1226,8.4534,138.6677,32.1152
2038-06-20,25.0281,0.0658,53.4223,12.4004,648.0348,98.2837,89.3420,7.2873,142.5268,29.3145
2038-06-21,26.7984,0.0084,44.7028,10.6518,656.2625,102.3451,89.4481,6.7751,147.2720,28.1753
2038-06-22,29.4751,0.1232,39.3539,5.4736,664.9720,107.2267,90.6997,6.2434,152.8399,26.9250
2038-06-23,30.3010,0.0566,41.1882,7.3974,673.8302,112.0886,90.7493,6.9279,158.3325,29.1808
2038-06-24,32.5176,0.0000,34.2672,7.9996,683.0874,117.9062,92.2597,8.8490,164.7287,34.7049
2038-06-25,34.8565,0.0000,26.1401,5.9409,692.7655,124.8978,94.3139,10.6268,172.1872,39.4870
2038-06-26,36.2121,0.0000,21.8415,7.0386,702.6877,132.5754,95.5544,13.3132,180.1697,46.0013
2038-06-27,36.6894,0.0000,19.8402,6.4564,712.6958,140.5502,96.1109,13.9418,188.2760,47.6940
2038-06-28,35.7458,0.0000,21.2507,8.7876,722.5341,148.1891,96.1623,15.7888,195.9213,51.8466
2038-06-29,33.1743,0.0000,30.5819,12.3996,731.9094,154.4528,94.9583,16.0787,202.2206,52.6399
2038-06-30,28.3186,0.0000,40.4188,14.1342,740.4108,159.0674,92.4762,12.4277,206.9719,44.8845
2038-07-01,27.8525,0.0000,43.1668,11.6036,749.1282,162.9318,91.6306,9.7076,211.0874,38.3698
2038-07-02,29.8768,0.0000,37.2581,9.0346,758.2101,167.4964,91.6805,8.5894,215.8075,35.4941
2038-07-03,32.3737,0.0080,34.0667,4.9330,767.7413,172.6797,92.3443,7.6730,221.0586,33.0121
2038-07-04,34.0689,0.0000,33.1078,6.4307,777.5777,178.2047,92.8600,8.8967,226.5869,36.4789
2038-07-05,35.8732,0.0064,29.3310,5.6397,787.7389,184.3412,93.9061,9.8924,232.6024,39.1688
2038-07-06,36.1370,0.0000,30.5482,7.5263,797.9476,190.4150,93.9567,10.9556,238.5290,41.9070
2038-07-07,35.9175,0.0000,31.6997,5.8463,808.1167,196.3529,94.0074,10.1373,244.3051,39.9179
2038-07-08,35.8493,0.0088,34.1694,6.7709,818.2736,202.0655,94.0581,10.6956,249.8718,41.3727
2038-07-09,36.2502,0.0009,32.9987,6.4122,828.5026,207.9428,94.1088,10.5780,255.5418,41.1236
2038-07-10,38.2362,0.0000,26.6933,8.8387,839.0891,214.7151,94.9058,13.3413,261.8913,47.7281
2038-07-11,36.8732,0.0003,31.8232,10.3613,849.4303,220.7953,94.9568,14.5062,267.6577,50.3459
2038-07-12,35.0030,0.0381,40.0281,7.6789,859.4348,225.8803,93.4895,10.3460,272.6277,40.6425
2038-07-13,37.0651,0.0001,33.3024,7.5695,869.8106,231.8586,93.5400,10.3618,278.2739,40.7085
2038-07-14,39.4620,0.0000,23.6626,5.0304,880.6177,239.1307,95.6844,12.2465,284.8706,45.3335
2038-07-15,40.5549,0.0000,25.7975,8.0036,891.6216,246.3898,95.7356,14.3251,291.4394,50.0721
2038-07-16,37.9718,0.0000,33.1930,9.7421,902.1605,252.5202,95.1631,14.4634,297.1236,50.3946
2038-07-17,36.3308,0.0000,35.0397,8.1753,912.4040,258.2307,94.5411,12.2719,302.4566,45.4524
2038-07-18,36.5953,0.0000,28.3386,7.4951,922.6952,264.5749,94.5920,11.9417,308.2091,44.6858
2038-07-19,34.8959,0.0000,27.2030,10.6195,932.6804,270.7290,94.6428,14.0761,313.7660,49.5911
2038-07-20,32.9716,0.0000,32.7757,10.8039,942.3193,276.1083,94.3451,13.6364,318.7355,48.6231
2038-07-21,36.1865,0.0000,28.6395,7.5136,952.5369,282.3573,94.3959,11.6343,324.3498,43.9808
2038-07-22,36.0264,0.0047,32.6037,6.6768,962.7257,288.2338,94.4467,11.2323,329.6957,43.0116
2038-07-23,37.7040,0.0000,27.7202,7.0133,973.2164,294.8209,94.6257,11.7095,335.5315,44.1778
2038-07-24,38.8548,0.0000,24.0433,9.8297,983.9142,301.9484,95.5702,15.3566,341.7229,52.4126
2038-07-25,39.6268,0.0000,23.4035,9.1061,994.7511,309.2748,95.8627,15.4068,348.0342,52.5265
2038-07-26,37.9881,0.0000,27.0781,7.3459,1005.2929,315.9691,95.9140,14.1975,353.8756,49.9188
2038-07-27,37.9292,0.0020,30.7499,7.6583,1015.8242,322.3167,95.6068,13.8337,359.4798,49.1172
2038-07-28,36.9975,0.0317,35.7163,7.2662,1026.1877,328.0685,94.5850,11.7935,364.6743,44.4061
2038-07-29,38.0386,0.0046,29.2889,6.4246,1036.7387,334.5682,94.6359,11.3832,370.3474,43.4175
2038-07-30,38.3730,0.0000,24.9279,7.1843,1047.3498,341.5277,95.3041,12.9615,376.2937,47.1543
2038-07-31,38.9738,0.0000,23.3590,5.8030,1058.0691,348.7408,95.7497,12.8460,382.3906,46.8913
2038-08-01,39.3672,0.0000,22.3839,6.7505,1068.1592,355.2251,96.0331,14.0018,387.9283,49.5076
2038-08-02,38.8684,0.0000,25.1477,9.1739,1078.1595,361.4014,96.0844,15.9306,393.2539,53.6601
2038-08-03,38.9003,0.0000,20.6050,9.5411,1088.1656,367.9578,96.3360,16.7886,398.7918,55.4331
2038-08-04,36.8233,0.0851,25.3677,8.3953,1097.7978,373.8008,96.3874,15.9570,403.8358,53.7189
2038-08-05,35.9114,0.0211,37.0303,8.3315,1107.2658,378.6122,94.2862,11.9415,408.2434,44.7778
2038-08-06,35.3103,0.0046,43.9682,9.0684,1116.6257,382.8240,92.7846,10.0546,412.2815,40.1021
2038-08-07,34.3182,0.0033,48.4463,9.9529,1125.8069,386.5936,91.7509,9.0864,416.0318,37.5498
2038-08-08,33.1684,0.0246,48.3531,9.5009,1134.7812,390.2474,91.4930,8.5628,419.6792,36.1187
2038-08-09,37.1701,0.0000,38.3171,5.4324,1144.4759,395.1208,92.3554,7.8808,424.1532,34.1955
2038-08-10,39.3140,0.0000,28.2418,6.8455,1154.5564,401.1078,94.6975,11.7261,429.3293,44.2659
2038-08-11,36.5960,0.0000,37.8183,11.8312,1164.1477,405.9469,94.0406,13.7688,433.7576,49.0004
2038-08-12,34.0879,0.0000,40.6748,12.3534,1173.2875,410.2565,93.1097,12.4175,437.8030,45.9087
2038-08-13,30.9261,0.0000,45.1634,12.1978,1181.8582,413.8821,91.8168,10.2702,441.3588,40.6597
2038-08-14,30.9392,0.0000,37.8680,9.3795,1190.4312,417.9917,91.8668,8.9738,445.1893,37.2485
2038-08-15,34.2851,0.0000,26.0198,5.4883,1199.6065,423.3961,94.2016,10.2273,449.8556,40.5509
2038-08-16,37.0943,0.0000,20.3837,5.6042,1209.2875,429.6738,95.9867,13.1333,455.0957,47.5667
2038-08-17,36.9961,0.0001,23.4655,6.7058,1218.9508,435.6931,96.0380,13.9797,460.1787,49.4731
2038-08-18,33.3358,0.0399,28.3741,9.5575,1227.9552,440.7851,95.3612,14.7223,464.6210,51.1025
2038-08-19,31.8099,0.0000,33.4682,9.1876,1236.6850,445.3054,94.1949,12.3117,468.6932,45.6628
2038-08-20,34.1709,0.0000,28.5566,4.7533,1245.8398,450.5075,94.2457,9.9157,473.2163,39.7492
2038-08-21,36.0548,0.0000,28.6200,7.1920,1255.3336,455.9827,94.2964,11.2911,477.9466,43.2146
2038-08-22,36.2572,0.0000,38.4054,7.2569,1264.8639,460.7330,93.8653,10.6718,482.2820,41.6795
2038-08-23,36.8814,0.0000,37.3528,7.0138,1274.5066,465.6453,93.9160,10.6162,486.7245,41.5399
2038-08-24,36.5440,0.0000,37.6510,7.7543,1284.0885,470.4907,93.9666,11.0974,491.1173,42.7391
2038-08-25,35.9443,0.0000,36.3371,7.2482,1293.5625,475.3594,94.0173,10.8943,495.5010,42.2360
2038-08-26,35.8813,0.0000,34.9094,6.6444,1303.0251,480.3288,94.0680,10.6422,499.9351,41.6058
2038-08-27,36.7443,0.0000,30.2241,6.3129,1312.6431,485.7803,94.1187,10.5396,504.6557,41.3475
2038-08-28,36.3547,0.0000,25.1487,7.7868,1322.1909,491.5681,94.8977,12.6384,509.5402,46.4287
2038-08-29,34.5902,0.0000,24.4865,7.9864,1331.4212,497.1320,94.9486,12.8557,514.2405,46.9321
2038-08-30,35.1195,0.0000,24.3648,6.6262,1340.7467,502.7875,94.9996,12.0882,519.0027,45.1366
2038-08-31,34.1850,0.0000,28.0936,7.4745,1349.9040,508.0255,95.0506,12.7046,523.5069,46.5827
2038-09-01,33.1821,0.0000,26.2622,9.8493,1357.5808,512.5260,95.1017,14.4200,527.3384,50.4463
2038-09-02,32.5673,0.0000,24.5658,8.1289,1365.1469,517.0476,95.1527,13.3152,531.1573,47.9840
2038-09-03,34.9338,0.0000,20.5119,4.4722,1373.1390,522.1470,95.6641,11.8740,535.3583,44.6264
2038-09-04,34.8158,0.0000,31.1098,8.3607,1381.1098,526.5520,95.0529,13.2889,539.1873,47.9245
2038-09-05,35.8064,0.0000,26.6380,8.7332,1389.2590,531.3724,95.1039,13.6356,543.2657,48.7077
2038-09-06,37.7913,0.0000,22.8052,7.4213,1397.7654,536.7174,95.6603,13.7693,547.6831,49.0075
2038-09-07,37.6441,0.4948,28.0631,9.2167,1406.2453,541.6795,95.7116,15.1784,551.8925,52.0870
2038-09-08,37.7625,0.0002,31.6828,6.8665,1414.7466,546.4063,95.3994,12.9226,555.9817,47.0869
2038-09-09,33.1671,0.5109,47.4304,10.5846,1422.4206,549.6135,91.9745,9.6820,559.1234,39.1413
2038-09-10,30.5053,0.0002,48.6385,9.4740,1429.6156,552.5035,91.0869,8.0713,562.0085,34.7457
2038-09-11,30.4069,3.0945,49.8975,7.4968,1354.6829,119.8530,80.9710,1.8436,196.2901,11.5061
2038-09-12,30.2127,0.0001,32.5994,10.3483,1361.8252,123.6105,91.1871,8.5562,201.4971,35.1380
2038-09-13,29.3019,0.0000,25.9304,14.4319,1368.8035,127.6196,93.3786,14.3167,206.9922,49.0838
2038-09-14,23.9379,1.9357,59.8688,11.9560,1374.8163,108.2985,80.3445,2.1542,180.9600,12.8358
2038-09-15,25.4412,10.9415,66.5121,9.6860,1066.5628,55.6139,59.8005,0.6585,98.4005,3.1066
2038-09-16,27.9670,0.0004,46.3279,5.3924,1073.3008,58.3914,83.2012,2.1744,102.8009,10.3340
2038-09-17,28.0209,0.0000,39.2960,7.5331,1080.0486,61.5386,89.5753,5.8965,107.7315,22.6671
2038-09-18,25.1056,0.0038,46.8469,9.9673,1086.2716,64.0185,89.6246,6.7132,111.5951,25.2320
2038-09-19,22.0449,0.0000,46.5171,11.8042,1091.9437,66.2223,89.6738,7.4165,115.0077,27.3882
2038-09-20,23.6508,0.0000,39.1196,7.1518,1097.9048,68.9051,89.9124,6.0707,119.1200,24.1964
2038-09-21,28.9284,0.0000,29.8012,5.7882,1104.8160,72.6580,92.3387,8.0045,124.7977,29.8233
2038-09-22,30.1660,0.0000,34.5061,8.7215,1111.9498,76.3037,92.3888,9.3453,130.2606,33.6137
2038-09-23,31.2161,0.0000,30.7266,10.4963,1119.2727,80.2893,92.8537,10.9099,136.1604,37.7839
2038-09-24,32.2703,0.0000,30.0620,12.0294,1126.7854,84.4444,93.1877,12.3505,142.2392,41.5060
2038-09-25,32.0995,0.0002,31.7142,10.5494,1134.2673,88.4805,93.2381,11.5440,148.0825,40.2004
2038-09-26,32.3384,0.0000,36.9964,8.8164,1141.7922,92.2313,93.2886,10.6535,153.4702,38.5293
2038-09-27,33.0249,0.0110,36.8466,7.5570,1149.4407,96.0681,93.3390,10.0690,158.9288,37.4644
2038-09-28,33.0899,0.1990,38.5277,5.6030,1157.1008,99.8100,93.2473,9.0088,164.2089,35.0924
2038-09-29,33.2941,0.0035,35.4965,5.4894,1164.7978,103.7598,93.2977,9.0207,169.7225,35.3747
2038-09-30,28.8124,0.0020,40.6383,8.1148,1171.6880,106.9211,92.3136,8.9684,174.1195,35.4207
2038-10-01,26.0699,0.0000,36.6062,14.5188,1177.0846,109.5309,92.3550,12.4565,177.7187,43.9918
2038-10-02,24.8765,0.0000,36.6307,9.3794,1182.2664,112.0251,92.2041,9.4120,181.1404,36.8269
2038-10-03,28.4862,0.0000,29.6404,9.8499,1188.0979,115.1792,92.6056,10.1987,185.4199,38.9565
2038-10-04,27.6697,0.0843,35.9772,14.1236,1193.7824,117.9701,92.6558,12.7390,189.1985,45.0786
2038-10-05,27.7821,0.0001,37.1766,7.1497,1199.4872,120.7194,92.5788,8.8678,192.9031,35.7676
2038-10-06,28.4496,0.0000,43.8645,5.8663,1205.3121,123.2327,91.6706,7.3117,196.2925,31.5424
2038-10-07,28.5258,0.0010,43.6323,5.8435,1211.1508,125.7630,91.5382,7.1674,199.6882,31.1946
2038-10-08,26.9281,5.8805,55.3497,9.3352,1091.6541,71.6017,72.0549,1.0739,123.0295,6.1189
2038-10-09,23.4780,9.1656,79.8685,13.0736,940.3641,38.9854,50.7126,0.3453,70.6485,0.7461
2038-10-10,27.6896,0.0974,60.7354,10.5354,946.0523,40.6982,78.5781,1.6844,73.4925,6.6716
2038-10-11,27.7208,0.5347,56.4950,6.3054,951.7460,42.5980,85.4842,3.0959,76.6224,11.5893
2038-10-12,25.8898,0.0000,44.1811,9.4981,957.1102,44.8807,88.7656,5.7960,80.3429,19.2418
2038-10-13,26.3488,0.0000,36.1521,5.2542,962.5570,47.5362,90.6092,6.0955,84.6244,20.5287
2038-10-14,26.9510,0.0000,34.4078,5.4443,968.1121,50.3241,91.3023,6.7932,89.0727,22.7909
2038-10-15,25.7591,0.0003,43.0719,5.3218,973.4528,52.6409,91.1737,6.6289,92.7436,22.8722
2038-10-16,25.7746,0.6280,46.8236,6.3662,978.7962,54.8062,88.7013,4.9043,96.1526,18.7585
2038-10-17,22.7560,0.0016,55.6712,8.8250,983.5963,56.4086,88.4876,5.3835,98.6704,20.3446
2038-10-18,21.8769,0.0000,48.9916,8.7179,988.2381,58.1844,88.5365,5.3922,101.4379,20.6539
2038-10-19,21.5283,0.0323,62.4068,10.0535,992.8172,59.4733,87.3530,4.8684,103.4536,19.3686
2038-10-20,22.8499,0.0234,64.7421,8.4801,997.6342,60.7528,86.9670,4.2566,105.4514,17.7166
2038-10-21,25.7535,0.0000,46.1668,6.8801,1002.9738,62.9432,88.6433,4.9912,108.8143,20.2130
2038-10-22,26.6004,0.2407,51.0999,6.4665,1008.4659,64.9956,88.6922,4.9227,111.9528,20.2807
2038-10-23,25.0914,0.9039,61.4111,6.2404,1013.6863,66.5270,84.3188,2.6303,114.3005,12.7588
2038-10-24,21.2327,1.3572,72.2264,8.1921,1018.2122,67.4668,77.0668,1.3222,115.7583,7.1790
2038-10-25,18.1829,0.5343,57.0477,12.9942,1022.1891,68.7218,83.2232,3.1984,117.6667,15.0645
2038-10-26,18.7300,19.9162,55.0959,13.2566,755.6408,30.9078,56.6339,0.6266,56.0810,1.5439
2038-10-27,18.5822,74.3534,88.5215,13.8872,324.6410,9.1159,25.6904,0.0019,17.0359,0.0016
2038-10-28,19.9694,23.3129,81.6585,7.1174,255.9016,4.3015,27.5257,0.0024,8.2561,0.0013
2038-10-29,19.5887,18.1695,84.6981,6.5458,211.6468,1.9678,24.5548,0.0009,3.8463,0.0004
2038-10-30,21.3898,5.7731,70.9223,5.0119,204.6034,1.4207,41.0121,0.0540,2.7929,0.0186
2038-10-31,21.4229,6.5587,71.8371,10.9086,195.6903,1.0456,49.4390,0.2653,2.0637,0.0829
2038-11-01,22.5845,2.5699,70.6029,16.7632,199.4595,1.0295,65.0980,1.2322,2.0327,0.3834
2038-11-02,22.3091,4.6084,71.3718,16.0015,194.9829,0.8885,62.1561,1.0373,1.7570,0.3099
2038-11-03,20.8359,1.2109,77.0630,9.5670,198.4373,1.5556,69.0216,0.9821,3.0513,0.3480
2038-11-04,20.3777,0.0078,74.1857,7.2001,201.8093,2.2906,77.3442,1.2845,4.4549,0.5262
2038-11-05,20.7872,0.0089,71.9731,7.0443,205.2550,3.1039,81.2927,1.8695,5.9817,0.8714
2038-11-06,19.8208,8.1438,79.4961,10.5852,190.8708,1.5772,48.7035,0.2376,3.0906,0.0846
2038-11-07,17.9316,3.4038,73.7902,11.4070,188.8992,1.0076,53.4020,0.4255,1.9887,0.1315
2038-11-08,18.4216,9.3703,74.7379,13.5924,171.8876,0.6538,45.9973,0.1897,1.2953,0.0526
2038-11-09,13.7734,36.2726,80.6269,23.1614,95.1567,0.3820,33.9319,0.0304,0.7564,0.0076
2038-11-10,13.9559,0.3915,65.2965,10.5674,97.3728,1.0747,59.7553,0.6865,2.0918,0.2154
2038-11-11,14.0045,0.9905,75.0905,11.6745,99.5976,1.5736,67.6087,1.0436,3.0275,0.3688
2038-11-12,15.2436,0.3179,72.1475,7.5606,102.0455,2.1771,75.7723,1.1729,4.1337,0.4660
2038-11-13,15.3660,2.8164,75.7550,4.9371,101.8121,1.4051,58.3073,0.4684,2.7164,0.1595
2038-11-14,15.3943,37.6549,86.6603,11.6681,34.5960,0.2917,25.9556,0.0019,0.5714,0.0005
2038-11-15,15.3804,2.3412,71.6563,5.7738,37.0685,0.6193,42.7514,0.0763,1.1889,0.0208
2038-11-16,15.6801,0.0046,67.0671,7.4747,39.5949,1.3520,64.1602,0.7423,2.4913,0.2457
2038-11-17,16.6219,0.0006,62.3041,4.8858,42.2909,2.2377,75.9832,1.0387,3.9525,0.4054
2038-11-18,17.3336,0.0001,57.1737,7.9475,45.1149,3.2843,82.4901,2.2597,5.5572,1.1264
2038-11-19,12.8273,0.0302,56.6980,11.0093,47.1278,4.0839,84.1878,3.2863,6.7134,2.6826
2038-11-20,13.6818,0.0027,56.4858,10.4692,49.2945,4.9366,84.9122,3.5285,7.8963,3.2468
2038-11-21,10.2912,0.0000,62.1975,9.4896,50.8510,5.5075,84.9599,3.3806,8.6681,3.2663
2038-11-22,10.7127,0.0000,50.8967,8.7408,52.4832,6.2766,85.4602,3.4885,9.6638,3.6254
2038-11-23,11.8792,0.0000,51.1905,7.2917,54.3255,7.1165,85.7353,3.3695,10.7217,3.7167
2038-11-24,12.4897,0.0000,49.1747,8.8783,56.2777,8.0322,86.1302,3.8578,11.8398,4.5756
2038-11-25,14.1790,0.0018,57.8524,10.5268,58.5339,8.8860,86.1783,4.2205,12.8827,5.2696
2038-11-26,14.6845,0.0018,63.6524,11.9427,60.8811,9.6466,85.8668,4.3385,13.8191,5.6378
2038-11-27,16.8793,0.0046,65.3768,11.0157,63.6233,10.4719,85.8211,4.1141,14.8382,5.5768
2038-11-28,15.7479,0.0000,62.7399,10.2938,66.1620,11.3042,85.8691,3.9939,15.8418,5.6291
2038-11-29,16.2103,0.0001,62.3376,7.9477,68.7838,12.1686,85.9171,3.5725,16.8741,5.2358
2038-11-30,15.2564,0.0000,64.7402,6.2797,71.2340,12.9332,85.7375,3.2030,17.7911,4.8438
2038-12-01,14.9209,0.0000,60.2384,9.0701,73.6237,13.6571,85.7855,3.7114,18.6605,5.7791
2038-12-02,15.1711,0.0000,63.3381,12.8892,76.0585,14.3350,85.8334,4.5292,19.4877,7.1483
2038-12-03,14.6486,0.0010,64.9841,9.7589,78.3993,14.9617,85.6062,3.7475,20.2582,6.1295
2038-12-04,15.5734,0.0000,62.4224,6.1021,80.9065,15.6737,85.6542,3.1377,21.1191,5.2895
2038-12-05,16.2803,0.0012,68.1713,6.3030,83.5409,16.3023,85.3336,3.0315,21.9139,5.2324
2038-12-06,13.3544,6.3715,89.4694,8.4280,76.0183,9.3385,38.6990,0.0412,14.2887,0.0304
2038-12-07,14.1818,5.9691,82.1389,17.8814,69.5992,5.2708,38.3591,0.0619,8.8634,0.0350
2038-12-08,13.9159,2.1915,84.0041,10.6031,71.8080,4.0212,43.9511,0.1188,7.0547,0.0599
2038-12-09,15.8073,0.5216,80.9503,5.8418,74.3574,4.3872,58.3198,0.4907,7.6465,0.2574
2038-12-10,13.7464,0.0046,78.6545,4.2762,76.5357,4.7473,67.4530,0.7151,8.2200,0.3891
2038-12-11,12.6839,0.5190,78.0415,9.4565,78.5228,5.0913,73.8163,1.1619,8.7622,0.6534
2038-12-12,13.8189,0.9409,73.9583,8.4942,80.7142,5.5328,74.0206,1.1176,9.4467,0.6539
2038-12-13,13.3097,0.0000,49.5444,12.6997,82.8140,6.3590,82.3569,2.8240,10.6698,3.0022
2038-12-14,14.0475,0.0000,54.6920,15.5527,85.0465,7.1389,84.6555,4.4015,11.8013,5.2276
2038-12-15,14.0427,0.0001,64.8366,11.6789,87.2782,7.7440,84.7031,3.6445,12.6762,4.4897
2038-12-16,13.9901,0.0000,67.9298,8.5524,89.5004,8.2940,84.7507,3.1336,13.4678,3.9604
2038-12-17,15.1598,0.0000,64.8079,8.9076,91.9332,8.9442,84.7983,3.2110,14.3887,4.2436
2038-12-18,14.1884,0.0000,73.1343,7.7045,94.1911,9.4110,84.1780,2.7786,15.0602,3.7261
2038-12-19,14.4895,0.0000,69.7306,6.8365,96.5032,9.9472,84.2255,2.6766,15.8183,3.6927
2038-12-20,13.8366,0.0032,71.8145,5.0040,98.6978,10.4257,84.1724,2.4232,16.4953,3.3884
2038-12-21,15.0352,0.0622,66.7955,6.5161,101.1081,11.0345,84.2198,2.6318,17.3384,3.8586
2038-12-22,15.4838,0.0006,65.8423,8.0472,103.5992,11.6782,84.2673,2.8611,18.2214,4.3710
2038-12-23,15.4211,0.0000,67.0466,9.1355,106.0790,12.2969,84.3148,3.0417,19.0679,4.8010
2038-12-24,15.6198,0.0000,63.9973,6.2348,108.5946,12.9810,84.3622,2.6450,19.9886,4.2753
2038-12-25,14.0511,0.0033,68.1916,14.7560,110.8278,13.5287,84.4097,4.0897,20.7308,6.7458
2038-12-26,13.2854,0.0007,67.0320,6.6327,112.9231,14.0676,84.4572,2.7334,21.4536,4.6424
2038-12-27,15.1836,0.0000,51.8074,7.9178,115.3602,14.9594,85.7071,3.4638,22.5940,6.0766
2038-12-28,18.6578,0.0000,50.2916,11.8016,118.4226,16.0755,86.7835,4.9026,24.0046,8.6334
2038-12-29,17.1820,0.6348,72.0518,8.3559,121.2193,16.6561,83.5070,2.6269,24.7949,4.9076
2038-12-30,15.5694,0.4224,80.7382,6.0938,123.7258,17.0210,82.7185,2.1180,25.3303,3.9617
2038-12-31,18.3379,0.0031,72.4344,7.0528,126.7307,17.6299,83.0066,2.3057,26.1613,4.4443
2039-01-01,16.7138,0.2292,75.5306,3.5173,129.4431,18.1665,83.0536,1.9411,26.8963,3.7557
2039-01-02,17.8406,0.0009,66.1114,7.7160,132.3584,18.9567,83.8526,2.6621,27.9174,5.3816
2039-01-03,20.0556,0.0001,54.4904,13.0612,135.6725,20.1420,85.9821,4.6649,29.3797,9.2774
2039-01-04,18.5773,0.0006,55.0922,6.2729,138.7204,21.2299,86.2083,3.4206,30.7101,7.2509
2039-01-05,17.4644,0.0005,55.3090,6.9025,141.5680,22.2513,86.2564,3.5549,31.9486,7.6897
2039-01-06,17.7426,0.0000,48.7839,14.4166,144.4656,23.4394,87.0122,5.7779,33.3509,11.8865
2039-01-07,15.8608,0.0000,61.7784,7.1785,147.0246,24.2374,86.4804,3.7205,34.3274,8.3590
2039-01-08,15.9634,0.0000,49.6334,7.5706,149.6020,25.2955,86.7136,3.9222,35.5595,8.9357
2039-01-09,14.9476,0.0004,60.6058,5.3522,151.9965,26.0738,86.4484,3.3781,36.4960,7.9677
2039-01-10,14.1886,0.0006,69.5904,8.9419,154.2545,26.6461,85.1189,3.3613,37.2191,8.0283
2039-01-11,13.0088,0.0000,56.3883,12.9669,156.3001,27.4036,85.1736,4.1483,38.1051,9.7599
2039-01-12,12.9125,0.0000,51.6631,13.9930,158.3283,28.2375,85.7278,4.7181,39.0595,11.0149
2039-01-13,13.1528,0.0000,59.6557,11.9843,160.3998,28.9454,85.7758,4.2926,39.8932,10.3136
2039-01-14,13.2888,0.0000,56.0151,11.0577,162.4958,29.7245,85.8237,4.1244,40.7936,10.1061
2039-01-15,14.1337,0.0030,56.4105,14.4074,164.7439,30.5420,85.8717,4.9156,41.7390,11.8231
2039-01-16,13.9751,0.6277,72.3108,9.0527,166.9634,31.0559,82.8094,2.4869,42.3968,6.6329
2039-01-17,14.7791,0.0014,65.7130,6.7871,169.3276,31.7262,83.4527,2.4101,43.2115,6.5221
2039-01-18,14.8985,0.0000,51.8504,9.0836,171.7134,32.6745,85.3534,3.4970,44.2830,9.2304
2039-01-19,15.0708,0.0000,53.0428,12.7591,174.1301,33.6093,85.8728,4.5245,45.3405,11.5896
2039-01-20,15.0016,0.0000,66.1203,16.4908,176.5344,34.2809,85.4880,5.1750,46.1550,13.0315
2039-01-21,16.1513,0.0000,64.7419,16.1834,179.1456,35.0297,85.5359,5.1295,47.0563,13.0816
2039-01-22,15.8906,0.0000,64.0015,12.5986,181.7100,35.7827,85.5837,4.3104,47.9563,11.5076
2039-01-23,15.2552,0.0000,61.5695,11.1713,184.1599,36.5565,85.6316,4.0382,48.8638,11.0316
2039-01-24,15.2280,0.0021,62.0953,12.2715,186.6049,37.3185,85.6796,4.2970,49.7591,11.7248
2039-01-25,15.4252,0.0052,60.5826,16.7999,189.0855,38.1204,85.7275,5.4347,50.6917,14.2622
2039-01-26,13.3195,0.0012,64.1562,22.3410,191.1870,38.7567,85.5125,6.9730,51.4427,17.3672
2039-01-27,11.5681,0.0002,59.8924,21.4097,192.9732,39.3822,85.5604,6.6978,52.1548,16.9777
2039-01-28,12.9313,0.0003,55.2804,17.7112,195.0049,40.1547,85.6083,5.5962,53.0168,14.9520
2039-01-29,13.0666,0.0000,35.2528,9.3535,197.0608,41.2839,87.9455,5.1153,54.1874,14.1213
2039-01-30,14.5930,0.0000,32.0915,6.7994,199.3916,42.5958,89.2800,5.4467,55.5330,15.0235
2039-01-31,14.9896,0.0000,29.5750,7.7634,201.7937,43.9908,90.1044,6.4353,56.9461,17.2737
2039-02-01,15.5435,0.0000,34.9457,7.2605,204.2955,45.5288,90.1538,6.3188,58.4773,17.2852
2039-02-02,15.5377,0.1623,57.1556,7.3653,206.7963,46.5414,87.9300,4.6174,59.5674,13.7517
2039-02-03,13.6446,0.0260,63.7349,9.4319,208.9563,47.3010,86.2541,4.0367,60.4130,12.4707
2039-02-04,15.5365,0.0002,51.1212,5.7792,211.4569,48.4561,86.4148,3.4352,61.6143,11.0765
2039-02-05,16.0283,0.0000,51.9109,6.7489,214.0460,49.6261,86.4630,3.6319,62.8330,11.7231
2039-02-06,16.1873,0.0034,57.1287,4.9803,216.6637,50.6789,86.5112,3.3449,63.9576,11.0812
2039-02-07,15.1108,0.0045,63.4340,9.0997,219.0877,51.5209,86.0415,3.8527,64.8918,12.5239
2039-02-08,14.7489,0.0000,52.3050,11.4088,221.4465,52.5947,86.1278,4.3810,66.0006,13.9893
2039-02-09,15.3567,0.0000,52.0126,8.6282,223.9147,53.7165,86.2552,3.8771,67.1564,12.8393
2039-02-10,17.0835,0.0000,51.7494,4.8306,226.6937,54.9628,86.5114,3.3199,68.4411,11.4662
2039-02-11,17.8474,0.0000,44.8205,4.5553,229.6102,56.4479,87.5226,3.7808,69.9216,12.8839
2039-02-12,14.9039,2.1472,69.8519,12.6709,231.9969,50.3283,71.2493,1.2345,65.2623,4.5048
2039-02-13,14.1028,6.7175,72.8134,12.4187,219.3815,30.3589,48.9780,0.2700,45.1112,0.4223
2039-02-14,14.1442,0.0000,44.3462,4.1477,221.6314,31.5641,70.9167,0.7944,46.5532,1.8752
2039-02-15,15.7654,0.0000,41.1139,4.6179,224.1732,32.9748,82.2588,1.8567,48.2180,5.4685
2039-02-16,16.8269,0.0093,64.0076,4.2134,226.9060,33.8914,83.5915,2.1558,49.3537,6.4159
2039-02-17,21.1598,0.0025,43.2703,12.3642,230.4188,35.6852,87.7477,5.7870,51.4500,15.0907
2039-02-18,20.8355,0.0078,47.5823,8.8387,233.8732,37.3185,87.9159,4.9632,53.3533,13.6747
2039-02-19,21.8967,0.0123,45.3610,9.2980,237.5186,39.1033,88.4038,5.4474,55.4036,15.0058
2039-02-20,18.5018,2.9935,70.3650,9.2312,236.2467,31.6597,67.0722,0.9062,47.4292,2.3486
2039-02-21,18.5433,0.0003,53.6442,2.9635,239.2885,32.9531,79.0309,1.1992,49.0271,3.4707
2039-02-22,19.7188,0.0002,36.3187,5.1210,242.5419,34.8364,86.9937,3.6075,51.2648,10.3400
2039-02-23,21.2069,0.0000,44.2017,4.9334,246.0631,36.6045,88.2113,4.2529,53.3631,12.1046
2039-02-24,21.7261,0.0028,46.4723,6.5753,249.6778,38.3401,88.2868,4.6700,55.4089,13.3186
2039-02-25,20.1972,0.0002,57.4889,5.1430,253.0173,39.6262,87.8563,4.0848,56.9531,12.1679
2039-02-26,18.5568,0.0728,70.7621,9.0077,256.0615,40.4425,85.6813,3.6462,57.9883,11.2191
2039-02-27,19.0048,0.4825,68.4054,9.0883,259.1864,41.3448,85.6194,3.6296,59.1150,11.3048
2039-02-28,17.0464,10.6379,86.7931,24.1174,234.4779,20.6649,43.4601,0.2167,33.8678,0.2777
2039-03-01,15.2898,0.9892,64.8919,15.9581,236.9341,21.6458,65.5943,1.2062,35.2424,2.6198
2039-03-02,18.6862,2.3948,69.6648,14.6446,240.0016,18.9713,66.6872,1.1748,31.6818,2.2802
2039-03-03,19.0759,0.0157,72.2612,7.3606,243.1393,19.9253,76.4149,1.2106,33.0745,2.4811
2039-03-04,22.9959,0.0002,56.1527,7.5580,246.9825,21.7263,84.1400,2.7441,35.6193,6.4949
2039-03-05,16.5209,0.9472,56.5552,13.8029,249.6603,23.0312,82.2478,2.9455,37.4301,7.1564
2039-03-06,18.4020,0.0006,36.4228,6.2050,252.6766,25.1447,87.6538,4.1863,40.2708,10.1561
2039-03-07,17.1912,3.3927,59.3087,7.7240,249.7919,19.7821,67.0969,0.8407,33.0257,1.2840
2039-03-08,15.8161,6.3990,67.0761,13.9954,237.7577,12.2293,53.8558,0.5071,21.6718,0.4837
2039-03-09,17.6389,0.0001,48.1515,6.1301,240.6367,13.8854,75.4006,1.0672,24.2697,1.3993
2039-03-10,18.7658,0.0009,45.0758,5.6044,243.7186,15.7453,84.2814,2.5345,27.1118,5.0238
2039-03-11,21.2132,0.0042,44.4410,5.7128,247.2409,17.8585,87.5038,3.9971,30.2538,8.2573
2039-03-12,20.1115,1.0070,54.7544,12.9494,250.5650,19.4945,83.8679,3.4724,32.6402,7.6284
2039-03-13,13.9837,0.0006,43.0748,15.3875,252.7861,20.9581,86.6210,5.7398,34.7198,12.0871
2039-03-14,16.2468,0.0000,33.4081,5.1762,255.4145,22.9272,88.9037,4.7550,37.4501,10.8237
2039-03-15,17.2270,0.0017,46.6573,8.4176,258.2194,24.5936,88.9527,5.6382,39.7278,12.8325
2039-03-16,18.1658,0.0000,44.9790,8.9779,261.1932,26.4006,89.0017,5.8406,42.1501,13.6286
2039-03-17,19.3684,0.0008,56.0158,8.0416,264.3835,27.9352,88.1085,4.9012,44.1959,12.1814
2039-03-18,20.7880,0.0000,41.3531,10.9359,267.8294,30.1233,88.8779,6.3327,47.0243,15.3943
2039-03-19,22.8072,0.0028,41.0082,9.4010,271.6387,32.5274,89.3620,6.2832,50.0666,15.8295
2039-03-20,23.4989,0.0035,41.1533,7.1892,275.5725,34.9949,89.5245,5.7531,53.1242,15.2884
2039-03-21,18.9668,0.0071,51.1129,12.2518,278.6905,36.6671,88.8036,6.6951,55.1832,17.4924
2039-03-22,18.1573,0.0001,38.4437,8.8692,281.6628,38.6878,89.0895,5.8824,57.5973,16.2492
2039-03-23,23.0255,0.0014,29.4207,6.9325,285.5114,41.5903,91.2894,7.3088,60.9751,19.6720
2039-03-24,24.1390,0.0078,32.3682,12.2726,289.5604,44.5000,91.3506,9.6491,64.2969,24.6437
2039-03-25,24.5984,0.0063,35.3628,8.7333,293.6921,47.3314,91.4004,8.1303,67.4766,22.3927
2039-03-26,29.6005,0.0000,32.1808,12.7578,298.7242,50.8805,92.2407,11.2165,71.3705,28.8158
2039-03-27,21.3726,0.0144,42.9121,14.7685,302.2753,53.0674,90.8037,10.1223,73.7611,27.3121
2039-03-28,21.0104,0.0003,36.0503,6.8664,305.7612,55.4776,90.8533,6.8458,76.3312,21.1296
2039-03-29,24.8227,0.0000,22.2671,5.8023,309.9333,58.9125,93.1958,9.0345,79.8703,26.2984
2039-03-30,28.5928,0.0048,14.5474,5.2322,314.7840,63.2376,95.7423,12.4693,84.1916,33.5780
2039-03-31,25.5958,0.0053,28.8744,11.8158,319.0952,66.4742,94.2599,14.1820,87.4199,37.2292
2039-04-01,21.9673,0.0085,43.2712,5.6340,324.0033,69.6466,91.5054,7.0592,90.6036,23.6246
2039-04-02,27.0289,0.2389,30.7062,7.9400,329.8225,74.3720,92.0972,8.6223,95.1215,27.8136
2039-04-03,20.8212,0.7385,51.9208,20.6267,334.5243,76.9271,86.9583,7.8405,97.6915,26.3968
2039-04-04,18.1955,0.0057,42.8931,13.9032,338.7535,79.5985,88.0527,6.5329,100.2856,23.5445
2039-04-05,21.1768,0.0000,23.9035,10.2484,343.5194,83.7082,91.8580,9.3637,104.0373,30.6948
2039-04-06,22.5542,0.0000,26.1684,12.1505,348.5331,87.9421,92.3120,10.9884,107.8514,34.7072
2039-04-07,24.5355,0.0007,27.0463,12.9311,353.9035,92.4761,92.5047,11.7438,111.8713,36.8318
2039-04-08,22.8511,2.4133,45.9412,13.7747,358.9707,78.4348,81.1851,2.5921,101.4518,11.8412
2039-04-09,18.8921,3.2519,57.6938,9.2590,356.4828,60.8560,68.8035,0.9603,85.3054,4.2518
2039-04-10,17.0005,8.9708,67.2710,6.6181,331.9042,33.7693,47.2357,0.1596,53.8430,0.2831
2039-04-11,18.7469,3.6534,64.7199,10.9044,328.3566,26.1880,57.2111,0.5828,43.6690,0.8910
2039-04-12,23.4876,0.3746,51.6742,6.1373,333.5384,29.0686,79.1249,1.4198,47.7364,4.1108
2039-04-13,24.5786,0.0000,47.8808,5.7023,338.9165,32.3132,86.4012,3.4153,52.1873,9.9847
2039-04-14,24.7722,0.0000,36.7725,9.6644,344.3295,36.2790,89.9309,6.9084,57.4306,18.2882
2039-04-15,25.9168,0.0061,35.5698,15.0211,349.9486,40.4990,90.8959,10.3877,62.8222,25.6387
2039-04-16,19.8656,2.9671,59.0319,17.5450,348.8861,34.1574,74.6897,1.8235,54.8819,5.8810
2039-04-17,15.1725,7.8964,74.4721,18.1913,328.4318,19.0934,50.7430,0.4484,33.3411,0.5687
2039-04-18,15.3214,2.3370,58.9907,14.7508,332.1437,17.4628,63.5748,1.0435,30.8683,1.8386
2039-04-19,17.1742,1.8963,58.0490,12.9849,336.1890,17.4156,70.7295,1.2324,30.8374,2.3800
2039-04-20,18.5406,0.0051,49.7902,5.2869,340.4803,19.8063,81.7916,1.8145,34.5832,4.2036
2039-04-21,23.7181,0.0000,34.1060,6.6489,345.7036,23.7709,89.1872,5.3340,40.5681,12.4230
2039-04-22,25.7649,0.0004,30.6882,6.6349,351.2952,28.2852,91.5418,7.4629,47.0912,17.4319
2039-04-23,27.0620,0.0001,26.5667,4.6719,357.1204,33.2987,92.8343,8.1129,54.0079,19.9132
2039-04-24,27.9508,0.0001,28.3777,5.8226,363.1055,38.3430,92.8846,8.6581,60.6696,22.1620
2039-04-25,27.6449,0.0002,32.0827,6.9344,369.0356,43.0759,92.9349,9.2218,66.6906,24.3249
2039-04-26,28.0735,0.0000,31.8589,4.8715,375.0429,47.8952,92.9852,8.3702,72.6090,23.7426
2039-04-27,29.9541,0.0006,23.5984,8.8314,381.3886,53.6471,94.0794,11.9009,79.3798,31.6238
2039-04-28,30.8198,0.0007,23.2752,7.5268,387.8902,59.5844,94.3791,11.6150,86.1028,32.3859
2039-04-29,32.2198,0.0396,28.5517,8.3491,394.6437,65.3558,94.4299,12.1915,92.4399,34.6255
2039-04-30,35.7942,0.1913,21.8921,10.4779,402.0407,72.3421,95.4928,15.7002,99.7930,42.3010
2039-05-01,35.5252,0.0033,19.0439,11.2663,410.8392,80.1480,96.0960,17.7298,107.7469,47.2488
2039-05-02,30.9914,0.0094,23.1067,13.7671,418.8217,86.6444,95.9168,19.6290,114.2168,51.5683
2039-05-03,28.5346,0.0050,36.2822,11.4475,426.3619,91.6155,93.3886,12.3348,119.1984,39.0192
2039-05-04,29.9283,0.0363,33.4372,9.4357,434.1530,97.0528,93.4391,11.2244,124.5175,37.3090
2039-05-05,29.2956,0.1134,30.5319,9.4423,441.8302,102.6118,93.4895,11.3075,129.8385,38.0595
2039-05-06,26.7627,3.4570,45.0129,9.7234,439.6615,75.9694,79.9285,1.8425,106.1043,9.1525
2039-05-07,20.0776,17.7049,77.6885,8.2698,373.3142,35.8081,42.4302,0.0819,57.7644,0.1529
2039-05-08,20.9749,1.3744,68.8821,8.2839,379.4936,37.6165,62.9004,0.7298,60.2922,2.2005
2039-05-09,21.0323,3.1504,69.8019,8.7502,378.9046,30.8330,61.7836,0.7058,51.2417,1.7162
2039-05-10,22.4504,5.0206,72.5022,5.9080,370.9080,21.3630,53.5015,0.3257,37.3482,0.4466
2039-05-11,25.8647,1.2491,62.5579,7.4967,377.9676,24.0210,73.4357,1.0347,41.4554,2.4775
2039-05-12,27.1698,0.3208,52.7715,5.2998,385.2622,27.5359,84.8455,2.6946,46.7232,7.5975
2039-05-13,29.2639,0.0010,45.5799,8.1558,392.9337,31.8862,89.0342,5.6298,53.0167,15.0207
2039-05-14,29.3911,0.1089,39.0366,7.1879,400.6281,36.7799,90.7025,6.8095,59.8283,18.4934
2039-05-15,29.3047,0.1942,37.6453,8.8061,408.3069,41.7710,91.1428,7.8666,66.5272,21.7124
2039-05-16,31.0651,0.0075,30.9725,8.5787,416.3026,47.6163,92.6622,9.6423,74.0563,26.4675
2039-05-17,33.0616,0.0018,27.0850,7.6692,424.6577,54.1740,93.8665,10.8976,82.1485,30.3066
2039-05-18,33.0928,0.0132,30.0775,4.9330,433.0184,60.4682,93.9171,9.5609,89.6418,28.9807
2039-05-19,33.1577,0.7667,37.8714,5.5104,441.3908,66.0716,91.2794,6.7936,96.1584,23.7023
2039-05-20,33.4773,0.0024,29.5879,9.0986,449.8207,72.4812,93.3555,10.9075,103.3354,33.8864
2039-05-21,33.4758,0.0040,31.2054,6.7397,458.2504,78.7433,93.4060,9.7536,110.1624,32.3621
2039-05-22,32.1399,1.9815,40.7164,6.8207,466.4395,75.1096,87.1372,4.0112,107.1029,17.0828
2039-05-23,29.8412,2.3825,47.4307,7.1094,474.2150,67.1980,82.6110,2.1993,99.2395,10.2223
2039-05-24,29.1754,4.5862,47.2221,6.1440,465.8554,49.3476,76.0419,1.1108,78.0309,4.6282
2039-05-25,22.8429,13.0974,72.7917,10.6755,415.9732,24.8635,51.9974,0.3539,43.2623,0.5375
2039-05-26,27.0659,0.2205,50.5153,4.0004,423.2490,28.5329,78.8106,1.2378,48.8353,3.5892
2039-05-27,26.9880,4.4461,54.4709,4.5169,417.0152,22.4209,69.8768,0.7824,39.5287,1.4604
2039-05-28,28.9632,2.2161,47.7609,5.3253,424.6326,23.2931,79.1706,1.3688,40.9679,3.4939
2039-05-29,30.1033,0.2036,42.8611,4.4284,432.4551,27.9869,88.5463,4.3502,48.1789,11.6243
2039-05-30,32.1883,0.0004,36.0550,6.1870,440.6530,33.5908,91.6342,7.3926,56.4279,19.0420
2039-05-31,34.9117,0.0006,22.2038,7.0379,449.3411,40.9664,95.0897,12.4947,66.7246,29.9841
2039-06-01,32.3009,0.0006,33.2914,12.5977,458.5593,46.8323,94.2195,14.6697,74.6140,35.2531
2039-06-02,31.1683,0.0483,36.5009,8.5528,467.5736,52.2267,93.4301,10.7226,81.6525,29.8851
2039-06-03,26.1352,1.1352,55.5437,10.2709,475.6819,55.4142,85.5305,3.8051,85.8313,14.5676
2039-06-04,28.3711,0.1532,52.3565,10.2884,484.1927,59.1108,87.9412,5.3587,90.5771,19.3918
2039-06-05,26.5219,0.1233,50.2283,10.9420,492.3707,62.7301,88.3591,5.8801,95.1530,21.2794
2039-06-06,29.8299,0.0000,36.4845,7.6914,501.1441,67.9021,91.1392,7.4331,101.4421,25.9087
2039-06-07,32.4118,0.0000,27.7971,8.4011,510.3822,74.2722,93.4984,10.7428,108.9189,34.3394
2039-06-08,33.8581,0.0012,20.3890,9.0187,519.8807,81.5990,95.4245,14.4521,117.2068,42.9309
2039-06-09,35.0385,0.0048,22.4097,11.8327,529.5916,88.9810,95.4756,16.7703,125.3213,48.3757
2039-06-10,36.1842,0.0006,21.3694,14.7438,539.5087,96.6991,95.7155,20.0638,133.5541,55.2689
2039-06-11,36.7943,0.0004,21.6499,13.3427,549.5357,104.5155,95.7667,18.8266,141.6706,54.0955
2039-06-12,36.9626,0.0001,22.3442,10.8207,559.5930,112.2971,95.8180,16.6955,149.5608,50.9563
2039-06-13,37.3003,0.0000,20.4355,8.3160,569.7110,120.3406,96.1011,15.2910,157.5059,48.8541
2039-06-14,38.7334,0.0000,20.0459,5.6155,580.0870,128.7252,96.4219,13.9359,165.5878,46.5978
2039-06-15,39.5466,0.0013,19.5840,9.1485,590.6094,137.3304,96.6627,17.1992,173.6922,53.6658
2039-06-16,35.5198,0.0730,30.5426,10.5768,600.4070,144.0266,95.3728,15.5228,180.0666,50.6648
2039-06-17,37.0732,0.0000,29.5307,6.0736,610.4842,151.1086,95.4239,12.4580,186.6914,44.3544
2039-06-18,39.2559,0.0000,23.5781,5.4020,620.9542,159.2279,95.7569,12.6015,194.0548,44.9289
2039-06-19,39.1664,0.0013,23.5163,7.2734,631.4082,167.3358,95.8082,13.9443,201.3001,48.1253
2039-06-20,38.6225,0.0166,27.9854,7.5015,641.7642,174.8667,95.8595,14.2039,208.0267,48.8664
2039-06-21,39.8377,0.0000,21.4514,7.9267,652.3390,183.3323,96.3066,15.4157,215.3562,51.6121
2039-06-22,36.5888,0.0000,18.2769,11.8619,662.3290,191.4410,96.4605,19.1906,222.2692,59.2508
2039-06-23,34.8573,0.0039,22.0928,10.7446,672.0073,198.8160,96.5120,18.2661,228.5721,57.6054
2039-06-24,34.8191,0.0082,23.9306,10.1001,681.6787,206.0093,96.3881,17.3900,234.6986,55.9891
2039-06-25,29.4941,0.7386,47.8307,7.0536,690.3917,210.2112,89.7814,5.9284,238.7133,27.9027
2039-06-26,31.1640,0.2973,47.4197,5.4258,699.4052,214.6774,89.8307,5.5002,242.9361,26.5320
2039-06-27,34.9069,0.0010,35.3254,5.1921,709.0924,220.8082,92.3663,7.7979,248.3099,33.6422
2039-06-28,37.3141,0.0000,24.1690,7.0501,719.2130,228.4770,95.1625,12.6276,254.6853,46.0433
2039-06-29,37.2935,0.0078,22.2508,9.3948,729.3298,236.3357,95.6975,15.2861,261.1282,51.9714
2039-06-30,34.1665,0.0094,32.0587,9.6430,738.8838,242.6437,94.7972,13.6876,266.4978,48.5366
2039-07-01,32.9319,0.0026,35.3102,8.2854,748.5155,247.8141,93.9588,11.3862,271.1781,43.2143
2039-07-02,31.6123,0.2818,42.0939,9.9520,757.9097,252.2628,92.5333,10.1475,275.3810,40.1501
2039-07-03,27.5711,0.1354,55.4996,13.0278,766.5765,255.2593,89.6666,7.8799,278.5966,34.0373
2039-07-04,27.5946,0.1309,54.1932,12.0345,775.2476,258.3463,89.5165,7.3356,281.8668,32.4657
2039-07-05,28.9473,0.5409,52.3888,7.5376,784.1621,261.7061,88.4974,5.0524,285.3394,25.1904
2039-07-06,31.9954,0.1042,46.0363,7.4289,793.6252,265.9005,89.9116,6.1553,289.3976,28.8663
2039-07-07,35.5786,0.0000,34.6065,7.0679,803.7334,271.5336,92.6554,8.9269,294.4091,37.0045
2039-07-08,37.5716,0.0000,24.9170,7.7255,814.2003,278.3529,95.0770,12.9129,300.1624,46.9357
2039-07-09,38.7132,0.0000,17.6302,8.9368,824.8726,286.0547,96.8848,17.5310,306.4380,56.8153
2039-07-10,38.8282,0.0000,14.5207,9.2347,835.5657,294.0704,97.6071,19.5942,312.8651,60.8427
2039-07-11,39.2576,0.0000,14.5736,6.6110,846.3361,302.1673,97.6835,17.3424,319.3188,56.4717
2039-07-12,39.2291,0.0000,15.7846,7.9241,857.1013,310.1438,97.7354,18.6565,325.6736,59.0765
2039-07-13,37.2553,0.0000,23.2596,8.9513,867.5113,317.0566,97.0565,17.9513,331.3552,57.7073
2039-07-14,35.0285,0.0000,28.1966,10.3251,877.5204,323.1491,95.7770,16.1934,336.5030,54.1609
2039-07-15,36.0558,0.0000,25.1468,7.3231,887.7144,329.6810,95.8282,14.0172,341.9121,49.5080
2039-07-16,39.2086,0.0000,20.7094,5.4933,898.4760,337.1872,96.3507,13.7181,347.9349,48.8487
2039-07-17,37.5364,0.0000,25.4534,9.6073,908.9365,343.9515,96.4022,16.9956,353.4910,55.8254
2039-07-18,35.0756,0.0000,27.9891,11.1575,918.9541,350.0696,95.7148,16.7452,358.6120,55.3211
2039-07-19,33.5232,0.0000,28.8450,10.8460,928.6923,355.8556,95.2459,15.4647,363.4985,52.6633
2039-07-20,35.8941,0.0000,25.9616,7.1373,938.8572,362.2882,95.2970,12.9184,368.7965,47.0508
2039-07-21,38.0988,0.0000,25.8967,6.6644,949.4190,369.1102,95.3481,12.7025,374.3631,46.5553
2039-07-22,38.5561,0.0000,27.8030,7.7144,960.0631,375.8343,95.3992,13.4863,379.8856,48.3510
2039-07-23,38.0179,0.0000,29.1711,8.1187,970.6103,382.3414,95.4504,13.8602,385.2701,49.1916
2039-07-24,37.9762,0.0000,28.6629,7.9149,981.1501,388.8882,95.5015,13.8145,390.6659,49.0919
2039-07-25,35.1843,0.0000,33.6346,10.7845,991.1872,394.5436,94.6383,14.1848,395.5069,49.9152
2039-07-26,35.0492,0.0000,30.7516,8.6206,1001.2001,400.4226,94.6892,12.8088,400.4513,46.8119
2039-07-27,34.6610,0.0000,30.0745,10.5936,1011.1431,406.2955,94.7401,14.2470,406.2627,50.0556
2039-07-28,31.6514,0.0000,35.4833,11.6144,1020.5443,411.2580,93.7188,13.0245,411.2033,47.3112
2039-07-29,30.6668,0.0000,37.5434,11.6439,1029.7683,415.9176,93.0948,11.9565,415.8449,44.8155
2039-07-30,32.9465,0.0000,32.8092,9.1718,1039.4027,421.2902,93.1452,10.6308,421.1890,41.5711
2039-07-31,37.0520,0.0000,26.0967,5.8386,1049.7761,427.9121,94.7610,11.2437,427.7639,43.0939
2039-08-01,37.7174,0.0000,26.5178,7.6462,1059.5692,433.8008,94.8824,12.5229,433.6140,46.1546
2039-08-02,37.0275,0.0000,33.0332,7.8261,1069.2382,439.0719,94.9333,12.7255,438.8570,46.6266
2039-08-03,37.0436,0.0000,26.6081,8.8385,1078.9100,444.8513,94.9843,13.4855,444.5977,48.3654
2039-08-04,35.8133,0.0000,26.1511,9.5168,1088.3604,450.4790,95.0353,14.0522,450.1875,49.6330
2039-08-05,32.3337,0.0000,32.2291,10.5420,1097.1845,455.1567,94.4063,13.5718,454.8407,48.5610
2039-08-06,32.6724,0.0000,29.0741,8.2577,1106.0695,460.1018,94.4572,12.1812,459.7561,45.3545
2039-08-07,32.5785,0.0000,29.2999,10.0696,1114.9376,465.0174,94.5080,13.4395,464.6420,48.2634
2039-08-08,32.3040,0.0000,39.1924,11.6267,1123.7564,469.2108,93.1596,12.0549,468.8199,45.0558
2039-08-09,33.6982,0.0000,40.0742,10.6571,1132.8260,473.5158,93.0596,11.3207,473.1090,43.2866
2039-08-10,30.7355,0.0034,41.1659,12.9939,1141.3624,477.3826,92.4234,11.6468,476.9645,44.0791
2039-08-11,28.7486,0.0000,38.7478,11.4774,1149.5412,481.1570,92.4288,10.7983,480.7266,41.9962
2039-08-12,29.9758,0.0000,34.0420,7.4533,1157.9408,485.3885,92.4790,8.8789,484.9378,36.9926
2039-08-13,32.1247,0.0000,39.5408,7.2586,1166.7272,489.5355,92.5292,8.8545,489.0693,36.9263
2039-08-14,34.2501,0.0000,32.8682,9.0368,1175.8963,494.4347,92.9535,10.2792,493.9398,40.6858
2039-08-15,34.6061,0.0000,34.0565,7.5452,1185.1294,499.2956,93.0038,9.6024,498.7731,38.9312
2039-08-16,35.0596,0.0000,44.0125,8.1513,1194.4441,503.4751,92.6139,9.3729,502.9403,38.3240
2039-08-17,35.9814,0.0000,33.7406,8.3675,1203.9247,508.5475,93.0802,10.1162,507.9819,40.2685
2039-08-18,34.2694,0.0000,25.8654,9.3363,1213.0972,513.9607,94.3484,12.6700,513.3536,46.5022
2039-08-19,35.1068,0.0000,24.7429,7.0607,1222.4205,519.5860,94.7859,11.9988,518.9334,44.9241
2039-08-20,37.4908,0.0002,19.3113,4.4380,1232.1728,526.0144,96.2976,12.9149,525.3009,47.0687
2039-08-21,37.0136,0.0006,19.6457,8.8035,1241.8392,532.3370,96.3490,16.2045,531.5633,54.2466
2039-08-22,33.1584,0.0000,25.5211,10.8972,1250.8118,537.6045,95.8638,16.8646,536.7883,55.6026
2039-08-23,29.7997,0.0004,31.2595,9.9619,1259.1797,541.9895,94.3925,13.1557,541.1457,47.6211
2039-08-24,30.7698,0.0010,29.0178,7.6028,1267.7223,546.6597,94.4433,11.7634,545.7828,44.3613
2039-08-25,30.4829,1.3291,47.2806,8.5319,1276.2132,550.0971,87.4535,4.5742,549.2160,23.5980
2039-08-26,27.3617,0.1666,59.7322,12.1690,1284.1423,552.4632,87.5020,5.5325,551.5984,26.9368
2039-08-27,28.3273,0.0000,50.1346,11.0349,1292.2452,555.4926,88.5778,6.0960,554.6299,28.7854
2039-08-28,27.6978,0.1592,50.5865,12.5554,1300.2348,558.4303,88.6267,6.6278,557.5708,30.4636
2039-08-29,25.2688,0.8370,56.9049,12.2851,1307.7872,560.7763,85.7898,4.3667,559.9304,22.8375
2039-08-30,28.7502,0.0000,48.5884,4.9413,1315.9662,563.9445,88.5044,4.4373,563.0981,23.0980
2039-08-31,29.8841,0.0020,36.9731,9.0211,1324.3494,567.9760,91.1021,7.9063,567.1101,34.2742
2039-09-01,30.8928,0.0000,31.7649,7.0412,1331.6141,571.8626,92.4707,8.6862,570.9701,36.4661
2039-09-02,30.7895,0.0000,34.5207,7.9609,1338.8602,575.5802,92.5208,9.1627,574.6647,37.7625
2039-09-03,31.1448,0.0001,33.6497,6.4382,1346.1703,579.3892,92.5710,8.5461,578.4490,36.0790
2039-09-04,29.3791,0.0002,47.9013,11.8745,1353.1625,582.2163,91.1071,9.1354,581.2726,37.6890
2039-09-05,28.1943,0.0000,46.7945,11.9671,1359.9415,584.9912,90.9156,8.9311,584.0433,37.1362
2039-09-06,28.2508,0.0000,37.6143,10.0870,1366.7306,588.2511,91.0145,8.2392,587.2870,35.2211
2039-09-07,30.6411,0.0000,29.7716,5.0385,1373.9500,592.2198,92.7631,8.1820,591.2256,35.0597
2039-09-08,31.7719,0.0000,33.7228,7.4115,1381.3729,596.0985,92.8134,9.2866,595.0784,38.0946
2039-09-09,31.1398,0.5250,42.1352,6.6007,1388.6821,599.4199,92.1743,8.1479,598.3866,34.9630
2039-09-10,28.7894,0.0190,36.1180,10.5401,1395.5682,602.8193,92.2244,10.0074,601.7666,39.9889
2039-09-11,26.8073,0.0000,30.9193,6.9179,1402.0975,606.2516,92.2745,8.3970,605.1751,35.6639
2039-09-12,29.9384,0.0000,30.3938,5.6477,1409.1904,610.0980,92.6913,8.3524,608.9924,35.5391
2039-09-13,26.7675,0.3927,55.2079,5.7970,1415.7126,612.3203,89.8020,5.5811,611.2219,27.0995
2039-09-14,25.3978,0.0002,54.4755,10.1723,1421.9882,614.4680,89.1963,6.3787,613.3762,29.6851
2039-09-15,22.8648,0.0089,55.9466,13.7573,1427.8078,616.3475,88.5369,6.9514,615.2649,31.4566
2039-09-16,22.0966,0.9508,59.6981,9.3665,1433.4892,618.0119,83.8588,2.8953,616.9427,16.9408
2039-09-17,23.5931,0.0047,52.0179,7.3652,1439.4400,620.1214,86.7795,3.9182,619.0566,21.1407
2039-09-18,26.6848,0.0000,39.5062,5.2089,1445.9473,623.1138,89.7658,5.3901,622.0362,26.4572
2039-09-19,28.9598,0.0010,34.3033,6.0276,1452.8640,626.6297,91.5228,7.2184,625.5296,32.2606
2039-09-20,28.3598,0.0000,34.6143,6.9210,1459.6728,630.0591,91.6159,7.6513,628.9376,33.5371
2039-09-21,28.8148,0.0000,31.6697,5.5157,1466.5635,633.6983,92.2055,7.7484,632.5505,33.8193
2039-09-22,26.0938,22.6731,59.2730,10.5373,882.3549,86.9828,62.9182,0.8183,139.5688,5.0012
2039-09-23,20.8700,25.0868,79.2281,11.3882,636.6884,38.9095,40.2167,0.0642,67.5055,0.1342
2039-09-24,20.6983,8.8669,75.7341,9.0232,587.1853,21.1838,42.0195,0.0792,38.8625,0.1116
2039-09-25,20.7772,5.4485,78.2724,8.6303,565.7648,13.7106,44.1704,0.1115,25.8549,0.1192
2039-09-26,22.3620,0.6133,76.6534,5.3486,571.4939,14.6859,63.3454,0.6429,27.5987,0.7180
2039-09-27,25.7770,0.0000,60.8044,5.5242,577.8378,16.5614,79.8750,1.4829,30.9081,3.0480
2039-09-28,26.9825,0.0000,49.9117,5.6743,584.3986,19.0657,86.8071,3.6124,35.2558,8.2773
2039-09-29,27.5715,0.0000,42.5490,4.9597,591.0655,21.9983,89.4300,5.0725,40.2514,11.8810
2039-09-30,28.0049,0.0028,44.5519,4.8478,597.8104,24.8714,89.6515,5.2069,45.0565,12.9202
2039-10-01,30.3050,0.0009,38.4449,6.9092,603.9693,27.8005,91.0289,7.0344,49.8631,17.1937
2039-10-02,30.4006,0.0000,38.1177,7.4866,610.1454,30.7542,91.2671,7.4919,54.6249,18.9028
2039-10-03,30.4319,0.0000,36.0424,5.2063,616.3271,33.8099,91.6489,7.0508,59.4646,18.9105
2039-10-04,31.0283,0.0000,33.6946,5.1758,622.6162,37.0377,92.1950,7.6055,64.4852,20.8508
2039-10-05,30.8522,0.0000,39.9340,7.6236,628.8736,39.9457,92.2450,8.6649,68.9433,23.6854
2039-10-06,29.8236,0.0000,43.9816,5.6890,634.9459,42.5705,91.7710,7.3506,72.9187,21.7034
2039-10-07,30.4288,0.0000,41.1084,5.2055,641.1271,45.3839,91.8210,7.2246,77.1199,22.0781
2039-10-08,30.6436,0.0000,36.4403,4.9916,647.3469,48.4410,91.8709,7.1979,81.6140,22.6756
2039-10-09,30.6417,0.0015,38.5931,5.9118,653.5664,51.3943,91.9209,7.5930,85.9012,24.1884
2039-10-10,29.0571,0.0000,46.2884,8.3942,659.5007,53.8486,91.2482,7.8215,89.4401,25.2140
2039-10-11,29.1511,0.0167,42.3455,7.7153,665.4519,56.4913,91.2980,7.6121,93.2023,25.2652
2039-10-12,29.0654,0.1531,42.6965,4.5667,671.3876,59.1104,91.3478,6.5414,96.8940,23.1673
2039-10-13,30.0190,0.0000,31.6854,5.4840,677.4951,62.3316,92.3576,7.9037,101.3515,27.0184
2039-10-14,29.0315,0.0000,41.4453,9.4241,683.4247,65.0049,92.0476,9.2269,105.0337,30.5245
2039-10-15,27.1066,0.0000,47.2500,10.5997,689.0079,67.2594,90.8481,8.2566,108.1302,28.6856
2039-10-16,27.6838,0.0000,32.9222,8.3060,694.6950,70.1848,91.7217,8.3283,112.0650,29.3140
2039-10-17,28.4871,0.0002,28.6304,7.2735,700.5267,73.3844,92.7276,9.1118,116.3087,31.6411
2039-10-18,26.9742,0.0003,42.6396,7.1065,706.0861,75.8244,91.6846,7.7987,119.5528,28.8074
2039-10-19,26.4018,0.0001,44.6539,6.0225,711.5424,78.1307,91.1155,6.8106,122.6049,26.5223
2039-10-20,25.4887,0.0754,56.2839,10.5048,716.8344,79.8919,89.1448,6.4387,124.9651,25.7057
2039-10-21,19.9061,9.8569,71.5478,19.7749,646.8155,42.9876,58.2840,0.9877,73.7257,3.8976
2039-10-22,17.4698,1.1623,58.8165,10.1725,650.6641,44.1464,72.0863,1.1214,75.4884,4.5562
2039-10-23,18.3294,0.0014,54.1077,9.0105,654.6674,45.4974,82.0486,2.2579,77.5254,8.9753
2039-10-24,19.2191,0.0000,47.7804,8.3388,658.8308,47.1052,86.1802,3.7809,79.9242,13.9187
2039-10-25,20.5890,0.1987,53.4327,7.0459,663.2408,48.6355,86.7166,3.8215,82.2014,14.2566
2039-10-26,20.0937,0.3868,63.6167,11.2087,667.5617,49.8039,86.6490,4.6683,83.9499,16.8019
2039-10-27,17.1015,13.4258,71.5762,16.6178,579.5877,23.9811,51.3263,0.4431,43.4661,0.6751
2039-10-28,16.7971,0.0459,58.8432,10.7312,583.3152,25.0972,72.8377,1.1876,45.3197,3.2105
2039-10-29,19.0752,0.0000,55.6518,7.7445,587.4527,26.4529,82.0931,2.1299,47.5526,6.1866
2039-10-30,21.4819,0.0000,52.2469,6.3980,592.0234,28.0868,85.8777,3.2860,50.2176,9.4439
2039-10-31,18.1611,3.9996,67.1115,9.3098,578.6525,20.4972,63.1866,0.7791,37.6595,1.3339
2039-11-01,20.6164,11.1607,71.3104,13.8939,520.2462,10.5901,51.5380,0.3956,20.1546,0.3603
2039-11-02,18.1763,0.0000,43.0067,8.7973,523.2220,12.0467,76.8927,1.3458,22.7821,2.0110
2039-11-03,18.6277,0.0052,41.6365,7.2115,526.2790,13.5732,85.4531,3.2265,25.5021,6.1217
2039-11-04,20.2193,0.0005,43.5531,7.5267,529.6224,15.1687,87.8215,4.5833,28.3103,8.9467
2039-11-05,21.5294,0.0000,46.8899,9.2828,533.2017,16.7621,88.1189,5.2253,31.0814,10.5330
2039-11-06,23.6425,0.0004,61.7801,12.8873,537.1614,18.0158,87.6193,5.8335,33.2442,11.9573
2039-11-07,24.9126,0.0264,61.3643,11.2588,541.3496,19.3483,87.6679,5.4113,35.5226,11.6740
2039-11-08,25.6107,0.0020,57.9901,6.4059,545.6636,20.8360,87.7165,4.2670,38.0406,9.9837
2039-11-09,23.1651,0.0000,56.9746,4.6979,549.5373,22.2201,87.7651,3.9424,40.3604,9.6703
2039-11-10,21.5731,0.0003,50.9563,5.8686,553.1244,23.6944,87.8137,4.2112,42.8047,10.5739
2039-11-11,22.4571,0.0071,37.3035,5.3733,556.8707,25.6525,89.6125,5.3168,46.0068,13.2877
2039-11-12,22.4195,0.0056,45.7460,5.7823,560.6102,27.3443,89.6618,5.4659,48.7447,14.0193
2039-11-13,20.5188,0.4248,60.4530,5.8763,564.0076,28.4778,87.8225,4.2181,50.5719,11.6590
2039-11-14,21.2089,0.5623,71.6372,4.6616,567.5292,29.3167,85.5386,2.8714,51.9274,8.5864
2039-11-15,22.7292,0.0031,69.8703,3.7128,571.3245,30.2686,85.5865,2.7557,53.4568,8.4357
2039-11-16,24.8588,0.0063,64.3176,5.3239,575.5030,31.4966,85.6888,3.0317,55.4117,9.3638
2039-11-17,20.3245,1.0479,75.4808,10.4128,578.8654,32.1931,79.2343,1.7797,56.5269,5.8635
2039-11-18,16.4258,1.0489,48.4497,24.3366,581.5261,33.3909,82.6282,5.2507,58.3987,15.0195
2039-11-19,15.3727,0.0084,43.3547,22.0486,583.9972,34.6280,86.6469,8.0585,60.3151,20.9899
2039-11-20,20.2578,0.8295,65.5321,22.3865,587.3476,35.6040,83.3939,5.2491,61.8369,15.4987
2039-11-21,20.0006,5.7872,80.3249,9.0362,561.5361,22.1662,51.7498,0.3171,40.3504,0.4587
2039-11-22,18.5626,0.0017,74.0149,5.0001,564.5813,22.8436,67.2686,0.7371,41.4903,1.3747
2039-11-23,20.0888,0.1576,72.9560,10.3229,567.9013,23.6033,77.3508,1.5041,42.7633,4.0221
2039-11-24,20.2106,0.0075,73.2087,5.7676,571.2432,24.3603,80.8791,1.6724,44.0268,4.6067
2039-11-25,20.6794,0.3232,73.0179,7.0272,574.6695,25.1394,82.4710,2.1522,45.3221,6.0490
2039-11-26,17.8223,4.9554,79.2956,9.0196,554.7058,16.5156,52.8230,0.3555,30.7430,0.4268
2039-11-27,16.9571,3.0163,83.3008,12.2002,547.8608,12.6433,49.6149,0.2894,23.9072,0.2941
2039-11-28,17.5867,4.4991,73.4025,13.2922,532.0886,8.4229,51.5223,0.3831,16.2045,0.3049
2039-11-29,15.3621,0.0000,61.2018,3.8145,534.5578,9.2697,68.7482,0.7286,17.7691,0.6135
2039-11-30,14.3877,0.3007,69.9883,7.9850,536.8515,9.8859,76.6004,1.2653,18.9017,1.4350
2039-12-01,16.3496,7.1938,85.2155,8.6111,505.5642,5.3218,40.5434,0.0594,10.3707,0.0365
2039-12-02,15.5515,20.8038,89.3365,23.9546,409.7517,2.1739,26.2474,0.0038,4.2908,0.0015
2039-12-03,16.2464,31.4554,80.6027,26.0195,295.1732,0.7509,35.3819,0.0492,1.4924,0.0141
2039-12-04,13.9516,0.0356,66.8243,5.7816,297.3884,1.3184,57.5320,0.4615,2.6079,0.1550
2039-12-05,15.8664,11.5266,77.6750,17.3095,266.9925,0.4304,42.6020,0.1330,0.8574,0.0340
2039-12-06,17.9066,9.7899,77.0581,15.5909,244.4420,0.4955,42.3436,0.1167,0.9860,0.0306
2039-12-07,14.1946,0.0066,47.9164,11.5977,246.7010,1.4008,69.9548,1.1206,2.7623,0.3837
2039-12-08,16.2485,0.0546,60.7585,19.9462,249.3297,2.1744,80.6424,3.3282,4.2560,2.0411
2039-12-09,16.9326,0.1318,66.2372,21.8290,252.0816,2.8663,83.1664,4.9555,5.5741,3.9644
2039-12-10,16.2271,1.0323,68.9336,16.5056,254.7065,3.4780,79.4135,2.4618,6.7264,1.7270
2039-12-11,15.5510,0.0390,71.8749,12.1209,257.2097,4.0102,81.5307,2.4825,7.7195,1.9689
2039-12-12,16.2296,0.0002,70.2793,9.4156,259.8350,4.5955,82.6028,2.4677,8.8018,2.1677
2039-12-13,15.8246,0.0005,73.0538,5.7464,262.3874,5.1138,82.6534,2.0642,9.7523,1.7682
2039-12-14,15.3183,0.0000,70.5093,4.8827,264.8487,5.6640,82.9036,2.0399,10.7531,1.8994
2039-12-15,15.9686,0.0000,65.0682,5.4701,267.4271,6.3416,83.6710,2.3208,11.9733,2.5260
2039-12-16,17.7342,0.0000,65.5724,7.6504,270.3232,7.0784,84.1268,2.7520,13.2870,3.3832
2039-12-17,19.4043,0.0000,60.5168,7.0510,273.5200,7.9984,85.0777,3.0385,14.9070,4.0887
2039-12-18,18.5768,0.3075,68.0796,5.5192,276.5678,8.7122,85.1254,2.8314,16.1523,3.9891
2039-12-19,18.7819,0.2737,64.0213,6.5397,279.6526,9.5251,85.1731,3.0005,17.5553,4.4866
2039-12-20,17.8105,0.0000,62.9016,8.6219,282.5625,10.3223,85.2209,3.3545,18.9170,5.2757
2039-12-21,15.6340,0.0099,72.6149,12.6103,285.0806,10.8431,84.4843,3.7078,19.8031,5.9848
2039-12-22,16.9476,0.0050,66.4898,11.0313,287.8352,11.5304,84.5319,3.4463,20.9615,5.7739
2039-12-23,16.0535,0.0072,60.7737,12.8890,290.4288,12.2950,84.8145,3.9331,22.2366,6.7817
2039-12-24,15.6216,1.5526,70.0522,10.1618,292.9447,12.2351,74.6540,1.2547,22.1568,1.7303
2039-12-25,17.6392,0.0073,67.1737,8.4853,295.8238,12.9342,80.5485,1.8490,23.3194,3.1795
2039-12-26,18.2705,0.0000,65.3695,11.0653,298.8165,13.6965,83.2240,2.9024,24.5767,5.3946
2039-12-27,17.6400,0.0001,69.5818,7.8026,301.6956,14.3443,83.4813,2.5461,25.6408,4.8612
2039-12-28,15.1859,0.5199,74.2540,9.4876,304.1331,14.8208,83.0529,2.6222,26.4225,5.1110
2039-12-29,15.1673,0.2130,71.0989,5.8342,306.5672,15.3550,83.1000,2.1945,27.2926,4.3440
2039-12-30,15.4358,0.0000,60.7095,7.6633,309.0497,16.0934,84.2165,2.7872,28.4792,5.7041
2039-12-31,11.7841,0.0002,44.9127,11.4056,310.8748,16.8999,86.0646,4.3415,29.7558,8.7873
2040-01-01,14.3513,0.1283,50.1670,5.5994,313.1620,17.8478,86.3263,3.3619,31.2440,7.2136
2040-01-02,16.1998,6.2829,79.6372,6.4516,299.1437,10.5973,47.1750,0.1569,19.4702,0.1398
2040-01-03,16.6201,0.6728,80.6775,7.5682,301.8393,11.0188,60.6892,0.6251,20.1946,0.5701
2040-01-04,14.4076,4.5500,89.0772,5.8955,293.7784,6.8004,36.6058,0.0234,12.8567,0.0163
2040-01-05,14.4237,5.4183,80.1048,5.9371,283.0520,3.8492,33.4919,0.0115,7.4453,0.0059
2040-01-06,14.8538,0.0031,70.6071,6.8946,285.4297,4.4265,56.1447,0.4367,8.5226,0.2421
2040-01-07,14.9452,13.3200,81.0721,11.8070,250.3175,1.9854,34.9098,0.0216,3.8935,0.0084
2040-01-08,13.1696,14.8176,84.0347,17.7900,213.7305,0.5916,28.7642,0.0060,1.1751,0.0016
2040-01-09,14.9007,19.2282,91.3015,25.0123,169.5910,0.1713,21.0935,0.0007,0.3418,0.0002
2040-01-10,16.2496,6.0656,85.8248,19.3412,161.0540,0.3028,31.9673,0.0154,0.6027,0.0037
2040-01-11,15.1934,11.9057,87.7403,15.9201,138.9077,0.2459,25.9380,0.0023,0.4897,0.0005
2040-01-12,14.8626,1.6326,75.7105,11.0859,141.2869,0.4773,46.3276,0.1755,0.9467,0.0456
2040-01-13,14.6311,0.0401,67.6651,3.6606,143.6245,1.1035,63.3297,0.5901,2.1655,0.1870
2040-01-14,16.2660,0.0103,64.6004,9.1223,146.2564,1.8604,76.0595,1.2922,3.6061,0.4868
2040-01-15,17.8242,0.0429,68.4527,9.1591,149.1688,2.5953,80.9823,2.0073,4.9743,0.8615
2040-01-16,15.4629,0.5714,77.9040,5.1914,151.6561,3.0459,80.4416,1.5481,5.8005,0.7114
2040-01-17,16.8446,0.0011,63.1393,14.6836,154.3921,3.8602,83.3767,3.5526,7.2662,3.1124
2040-01-18,15.4575,0.8918,75.4630,16.6976,156.8785,4.3604,79.1899,2.4323,8.1541,1.9924
2040-01-19,14.6003,13.7176,83.1918,14.3872,130.7708,1.8953,38.3045,0.0513,3.6580,0.0194
2040-01-20,12.3862,6.3683,84.6072,7.4063,121.8901,0.6216,28.8220,0.0036,1.2276,0.0010
2040-01-21,15.1233,0.0037,68.9234,5.8552,124.3163,1.2423,53.1201,0.3126,2.4241,0.1026
2040-01-22,15.2282,0.0000,61.9178,7.2387,126.7614,2.0078,70.8996,0.9278,3.8627,0.3589
2040-01-23,15.7925,0.0038,62.8444,5.5806,129.3081,2.7805,78.8524,1.3455,5.2774,0.5926
2040-01-24,16.5065,0.0118,61.8679,8.4178,131.9832,3.6071,82.7016,2.3761,6.7528,1.6206
2040-01-25,16.7244,0.0000,65.1548,8.7755,134.6976,4.3717,83.7231,2.7603,8.0872,2.3963
2040-01-26,15.9217,0.0363,72.5050,6.2551,137.2675,4.9479,83.7704,2.4464,9.0777,2.1923
2040-01-27,18.0200,0.0023,65.8476,6.0026,140.2151,5.7518,84.1506,2.5409,10.4335,2.5746
2040-01-28,20.9513,0.0308,63.2262,6.6520,143.6904,6.7501,84.9376,2.9212,12.0813,3.4036
2040-01-29,17.3204,8.4224,71.7018,15.0791,130.7004,3.7018,54.1369,0.5504,6.9140,0.2747
2040-01-30,13.5921,0.0032,65.0573,4.5866,132.8510,4.3338,68.7640,0.7579,8.0140,0.4071
2040-01-31,12.2330,16.5521,84.0833,11.2798,101.9295,1.7813,31.1002,0.0082,3.4135,0.0030
2040-02-01,13.7070,0.0312,67.1691,5.2522,104.1007,2.4718,53.9167,0.3283,4.6667,0.1371
2040-02-02,15.5291,0.0806,78.1472,4.8283,106.6000,2.9880,65.6671,0.6903,5.5847,0.3118
2040-02-03,18.8630,0.0082,70.3872,9.3986,109.6993,3.8278,76.7497,1.3731,7.0413,0.6915
2040-02-04,18.7497,0.5914,70.2334,7.2268,112.7782,4.6671,80.2061,1.6726,8.4590,0.9236
2040-02-05,17.2242,1.3454,74.6305,8.9729,115.5826,5.3275,73.9828,1.1428,9.5540,0.6727
2040-02-06,16.9069,2.0019,74.3713,8.2981,118.3298,4.6784,66.3617,0.8435,8.5152,0.4673
2040-02-07,18.8298,0.0000,65.3766,6.3526,121.4232,5.6586,77.5077,1.2466,10.1363,0.7575
2040-02-08,19.0261,0.0650,57.4422,9.1417,124.5519,6.8753,83.4462,2.7114,12.0832,3.1116
2040-02-09,17.2990,0.6423,68.1056,10.8698,127.3697,7.7089,82.5408,2.6348,13.3916,3.2291
2040-02-10,17.6530,1.2916,69.4899,7.9592,130.2513,8.5217,76.4339,1.2492,14.6476,0.9358
2040-02-11,17.3943,1.8250,72.2955,5.0790,133.0863,8.0162,68.1541,0.7619,13.9341,0.5542
2040-02-12,14.5827,16.4356,86.6373,7.7099,102.8136,3.6491,28.2923,0.0031,6.7033,0.0015
2040-02-13,15.6811,6.6495,78.7502,7.9115,94.6679,1.8936,32.8764,0.0109,3.6068,0.0041
2040-02-14,15.7841,0.0000,63.1486,16.1795,97.2131,2.7774,63.6639,1.1260,5.1846,0.4921
2040-02-15,17.2877,0.0487,65.7702,11.4122,100.0288,3.6715,76.7756,1.5225,6.7259,0.7499
2040-02-16,18.9934,0.4558,65.5535,5.1335,103.1516,4.6547,81.5749,1.7548,8.3657,0.9635
2040-02-17,21.4996,0.4593,60.5243,7.5540,106.7256,5.9220,84.6168,2.9260,10.4011,3.0835
2040-02-18,20.8748,0.0735,63.6875,5.0995,110.1870,7.0555,85.0088,2.7280,12.1638,3.1495
2040-02-19,18.7452,0.4535,67.1487,7.0002,113.2652,7.9816,85.0565,3.0220,13.5721,3.8225
2040-02-20,18.1752,0.3546,51.9907,6.2115,116.2407,9.2961,86.2452,3.4278,15.4943,4.7630
2040-02-21,19.1153,0.4580,52.1999,9.4565,119.3854,10.6687,86.7173,4.3154,17.4409,6.4130
2040-02-22,17.5828,0.0068,68.9006,9.7604,122.2543,11.4940,85.6080,3.7487,18.6132,5.8265
2040-02-23,18.8626,0.0000,64.4993,6.2274,125.3536,12.5007,85.6560,3.1584,20.0122,5.1454
2040-02-24,18.7894,0.0112,61.9340,12.0455,128.4397,13.5762,85.7039,4.2628,21.4770,7.1542
2040-02-25,17.4637,0.8563,65.3750,10.2839,131.2872,14.4893,81.9560,2.3807,22.7121,4.1666
2040-02-26,18.3223,0.0027,65.2660,4.1724,134.2892,15.4475,83.5046,2.1270,23.9947,3.8264
2040-02-27,18.4341,0.0002,69.8115,4.4919,137.3113,16.2852,83.6334,2.1983,25.1218,4.1027
2040-02-28,16.9050,13.9472,79.5645,8.5176,112.4375,7.8722,40.3918,0.0574,13.3991,0.0408
2040-03-01,16.5110,1.7688,68.0632,7.4115,115.1135,7.7516,56.1654,0.4490,13.2693,0.3174
2040-03-02,14.6861,3.0999,82.7130,7.5384,114.0554,5.4958,47.0881,0.1637,9.8098,0.0977
2040-03-03,14.3612,29.0664,88.9693,9.8256,60.5834,2.2923,20.4473,0.0003,4.1884,0.0001
2040-03-04,15.2554,1.0388,64.7144,16.5757,63.0334,3.2761,53.8710,0.5784,5.7987,0.2657
2040-03-05,13.1508,0.0175,62.3958,10.1477,65.1046,4.1895,71.0107,1.0783,7.2179,0.5497
2040-03-06,14.2794,0.6389,64.1297,7.2711,67.3789,5.1299,77.3674,1.2914,8.6192,0.7200
2040-03-07,15.2386,0.4916,61.2806,12.1280,69.8258,6.2083,82.2215,2.6984,10.1585,2.7363
2040-03-08,14.0870,2.1425,72.2341,7.0328,72.0655,5.3503,66.9434,0.8076,9.0255,0.4613
2040-03-09,16.6824,0.0125,62.6716,5.6305,74.7723,6.4818,77.4064,1.1925,10.6546,0.7447
2040-03-10,15.6322,9.5888,76.5428,12.7353,61.7239,3.5002,45.9760,0.1811,6.1312,0.0854
2040-03-11,13.1915,4.8167,77.6407,13.9228,57.5852,1.9879,43.3749,0.1278,3.6599,0.0484
2040-03-12,14.1759,2.4967,63.3123,13.0176,59.8409,1.7863,57.0735,0.6413,3.3245,0.2344
2040-03-13,14.9402,4.7244,71.5401,12.7160,56.2184,1.1482,51.2169,0.3595,2.1849,0.1142
2040-03-14,13.7395,23.0398,85.4949,12.0745,19.8653,0.3669,26.4289,0.0022,0.7014,0.0006
2040-03-15,12.5443,4.0180,74.2797,17.7553,17.5781,0.5982,41.8934,0.1203,1.1026,0.0322
2040-03-16,9.8049,2.5670,76.4620,12.6573,19.0470,0.4375,46.6883,0.2002,0.8275,0.0508
2040-03-17,13.0084,2.3723,69.7645,9.2172,21.0925,0.7271,53.5063,0.3850,1.3389,0.1075
2040-03-18,14.2265,1.0195,62.1029,10.0844,23.3572,1.7172,68.0973,0.9787,2.9012,0.3408
2040-03-19,14.7187,0.0006,55.7270,6.0908,25.7106,2.9110,78.6248,1.3521,4.5376,0.5581
2040-03-20,15.0324,0.0018,56.3870,6.1445,28.1204,4.1104,82.9243,2.1795,6.0206,1.1285
2040-03-21,13.8191,0.0020,65.1866,8.8553,30.3119,4.9957,83.4764,2.6831,7.0759,2.0807
2040-03-22,16.4977,0.0000,46.8348,6.1085,32.9855,6.5905,86.1531,3.3661,8.7903,3.2781
2040-03-23,19.3420,0.0000,42.5139,4.3300,36.1710,8.5936,87.9264,3.9605,10.7827,4.4522
2040-03-24,19.0474,0.0203,54.9306,9.4295,39.3036,10.1414,87.9431,5.1332,12.3295,6.2214
2040-03-25,18.1290,0.0010,56.7573,8.4860,42.2708,11.5588,87.6057,4.6640,13.7309,6.0248
2040-03-26,19.4747,0.0000,48.3586,6.1124,45.4802,13.3700,87.6542,4.1671,15.4127,5.7732
2040-03-27,19.4182,0.0000,41.3799,12.2316,48.6795,15.4202,88.5898,6.4861,17.2108,9.1664
2040-03-28,20.4308,0.0001,41.2799,15.6400,52.0611,17.5754,88.9473,8.1070,19.0624,11.6264
2040-03-29,23.8639,0.0008,29.8983,11.0679,56.0606,20.5584,91.3912,9.1333,21.4508,13.5615
2040-03-30,21.2621,1.0256,50.6829,7.4391,59.5917,22.4383,85.1236,3.1182,23.1164,5.5674
2040-03-31,18.9943,1.8468,71.9144,6.2174,62.7147,21.3839,72.1954,0.9226,23.0874,0.9166
2040-04-01,19.7871,0.0064,60.6164,4.6762,67.2304,23.3781,80.7106,1.5535,25.0123,2.7015
2040-04-02,22.0204,0.0002,51.1601,4.6504,72.1481,26.1157,85.6283,2.9059,27.4190,5.7962
2040-04-03,23.4581,0.0013,50.3955,4.6662,77.3245,29.0689,87.3340,3.7009,29.9705,7.6700
2040-04-04,23.6589,0.0034,50.5191,6.9862,82.5371,32.0390,87.7882,4.4389,32.5196,9.4273
2040-04-05,20.8199,1.5410,57.3628,11.3290,87.2387,33.3267,80.4655,2.1146,34.0931,4.8879
2040-04-06,15.6650,7.2119,63.7139,21.7347,79.6302,19.6962,59.5982,1.1929,24.3408,1.7630
2040-04-07,16.5206,2.6160,53.9774,10.6496,83.5579,17.6588,65.9863,0.9367,23.1085,0.9312
2040-04-08,17.5994,0.0005,51.7619,5.9650,87.6798,19.8456,79.4885,1.4581,25.3480,2.5095
2040-04-09,21.8413,0.0000,46.7674,7.1564,92.5652,22.8062,86.1450,3.5446,28.2264,7.1141
2040-04-10,26.0660,0.0046,34.6983,6.2329,98.2111,27.1070,90.3832,6.2002,32.0789,12.3139
2040-04-11,29.2818,0.0337,29.9157,10.9477,104.4359,32.2690,92.5017,10.6223,36.4116,19.7971
2040-04-12,24.2966,0.7433,50.1308,5.8566,109.7632,35.3395,87.6373,4.1038,39.1594,9.8268
2040-04-13,27.4307,0.6361,49.7098,11.1532,115.6548,38.8179,88.0078,5.6511,42.2143,13.2922
2040-04-14,22.1809,0.0195,53.3782,10.3117,120.6013,41.4493,88.0565,5.4544,44.5878,13.3237
2040-04-15,20.3654,0.2325,51.3675,13.0101,125.2211,43.9801,88.1053,6.2926,46.8359,15.2868
2040-04-16,17.5984,1.8439,57.7874,15.1364,129.3428,42.5208,77.9657,2.0141,46.6784,5.7899
2040-04-17,19.2906,0.0000,43.8261,11.1320,133.7691,45.2976,85.8977,4.1829,49.0615,11.3793
2040-04-18,20.7269,0.0000,31.5943,8.1681,138.4540,48.9174,89.9035,6.3815,51.9491,16.3381
2040-04-19,23.1364,0.0000,30.5598,10.2943,143.5725,52.9974,91.2945,8.6642,55.1243,21.1029
2040-04-20,23.1358,0.1048,32.7214,11.7807,148.6910,56.9504,91.3442,9.4043,58.1860,23.0011
2040-04-21,22.2688,0.0028,38.3433,10.1088,153.6533,60.4435,91.3811,8.6899,60.9482,22.2724
2040-04-22,19.9408,0.0027,49.9057,10.3886,158.1967,62.9988,89.5265,6.7615,63.1384,18.9330
2040-04-23,20.4661,0.0143,51.1629,8.7017,162.8346,65.5521,88.9939,5.7534,65.5472,17.1465
2040-04-24,22.1012,0.1582,49.4984,5.8424,167.7668,68.3927,89.0429,5.0166,68.3777,15.8320
2040-04-25,20.2059,1.0725,56.7380,12.0564,172.3579,70.6273,83.4591,3.1457,70.6078,11.1804
2040-04-26,19.7722,14.3023,66.2432,16.3346,145.9863,34.9090,56.2430,0.7085,43.6960,1.3637
2040-04-27,19.6903,8.0026,63.6423,16.2443,135.5344,20.3127,56.9220,0.7456,29.5527,0.8715
2040-04-28,19.4997,1.8134,54.9484,11.7909,139.9983,20.7783,71.3881,1.1866,30.3101,2.2143
2040-04-29,20.6240,0.0000,44.5356,5.4128,144.6646,23.6994,83.6675,2.3131,33.6267,5.3011
2040-04-30,22.0629,0.0000,47.6293,5.1949,149.5900,26.6402,87.0078,3.6282,36.8666,8.5350
2040-05-01,28.9846,0.0000,33.8777,6.0070,157.2112,31.8773,91.2238,6.9110,42.3079,15.5461
2040-05-02,27.9919,0.0000,37.2437,6.9411,164.6537,36.6837,91.2736,7.2955,47.1215,17.1458
2040-05-03,27.1470,0.0000,43.7930,7.8745,171.9442,40.8635,91.2460,7.6169,51.2672,18.5060
2040-05-04,25.5438,0.0000,39.9020,10.0988,178.9461,45.0790,91.2958,8.5808,55.3190,20.9952
2040-05-05,24.9954,0.0000,39.7363,11.3634,185.8493,49.2192,91.3456,9.2104,59.2258,22.8709
2040-05-06,24.9798,0.0000,39.2051,8.4944,192.7496,53.3933,91.3954,8.0272,63.0932,21.4281
2040-05-07,27.1389,0.0000,26.8273,7.9668,200.0386,58.8332,92.8121,9.5484,67.8086,25.1356
2040-05-08,28.2240,0.0001,29.9873,7.2281,207.5229,64.2382,92.8624,9.2647,72.4272,25.4553
2040-05-09,29.2757,0.0004,24.9543,10.7246,215.1966,70.2395,93.6965,12.4148,77.3566,32.1184
2040-05-10,23.0342,0.5232,47.0070,14.6567,221.7467,73.6066,90.5301,9.6799,80.4509,27.6644
2040-05-11,17.2587,6.8868,66.3349,13.3658,212.3043,44.6714,58.7172,0.7374,58.5459,2.1645
2040-05-12,17.9411,2.1878,58.0726,12.6581,217.9377,41.2803,68.3820,1.1245,56.0290,3.5991
2040-05-13,19.9451,0.3596,53.8959,10.0431,223.9318,43.8346,81.5833,2.2496,58.8631,7.4949
2040-05-14,22.3537,0.4519,52.3396,3.8477,230.3595,46.7775,85.7072,2.8216,62.0532,9.4441
2040-05-15,25.2813,0.0048,45.7610,6.4986,237.3141,50.5445,88.3722,4.7093,65.9650,14.7878
2040-05-16,22.8183,0.4343,52.5162,9.3368,243.8254,53.5345,88.4210,5.4716,69.1258,17.0019
2040-05-17,19.5490,8.5944,68.0400,11.6354,229.0596,30.7495,56.7720,0.5840,46.0458,0.9268
2040-05-18,21.8669,0.0119,53.0461,6.0111,235.3996,33.5885,77.7334,1.2476,49.5144,3.6631
2040-05-19,23.9123,0.0121,47.7659,5.9205,242.1079,37.0281,85.9371,3.2347,53.5726,9.6908
2040-05-20,26.5743,0.0011,44.6257,7.0948,249.2952,41.0625,88.8339,5.1854,58.1710,14.8441
2040-05-21,27.2001,0.0005,39.7666,8.4253,256.5952,45.5501,90.2092,6.7541,63.0978,18.9114
2040-05-22,25.5476,0.0244,44.2149,13.1793,263.5978,49.4637,90.2586,8.6433,67.3378,23.3583
2040-05-23,23.5859,0.0326,43.6959,10.7355,270.2473,53.1229,90.3081,7.6961,71.2376,22.1533
2040-05-24,25.9617,0.0000,27.5926,7.8671,277.3244,58.2815,92.3259,8.8724,76.4151,25.3889
2040-05-25,28.5263,0.0000,33.1970,9.2291,284.8631,63.4918,92.3760,9.5701,81.5454,27.6405
2040-05-26,30.9936,0.0000,35.7300,9.5827,292.8459,68.9221,92.4261,9.8112,86.7828,29.0188
2040-05-27,31.3872,0.0000,27.7357,10.7433,300.8996,75.1027,93.4567,12.0184,92.4919,34.3088
2040-05-28,32.9393,0.0000,23.1513,11.2986,309.2327,81.9894,94.7073,14.6957,98.6134,40.3213
2040-05-29,33.4714,0.0000,18.6122,10.2705,317.6616,89.3969,95.8165,16.2358,104.9534,44.1870
2040-05-30,34.1788,0.0000,22.4758,7.0924,326.2177,96.5971,95.8677,13.9297,111.0133,41.0186
2040-05-31,34.1458,0.1221,33.0252,8.9901,334.7680,102.8117,94.6613,12.9995,116.3171,39.9817
2040-06-01,30.2991,0.0897,36.1742,12.1968,343.6258,108.0878,93.4056,12.8399,121.0134,40.2804
2040-06-02,28.9191,0.0170,44.8646,9.8830,352.2353,112.4451,91.6639,8.9435,125.0723,32.1606
2040-06-03,28.9881,0.0041,42.1205,9.6600,360.8571,117.0299,91.7138,8.9063,129.2593,32.4641
2040-06-04,28.7621,0.0001,36.4879,10.3048,369.4383,122.0230,91.7637,9.2658,133.6701,33.7256
2040-06-05,28.7463,0.0055,35.5434,10.7171,378.0167,127.0877,91.8136,9.5275,138.1020,34.7271
2040-06-06,22.7381,1.1995,50.9636,16.4570,385.5135,130.1651,85.2832,5.0215,141.1691,22.5730
2040-06-07,22.7088,1.3628,56.2707,12.8833,393.0051,132.9061,82.0835,2.7562,144.0367,14.5992
2040-06-08,23.5594,0.1635,50.9899,10.5166,400.6498,136.0878,86.6496,4.5087,147.1880,21.1873
2040-06-09,22.3306,0.2031,49.0790,12.5447,408.0733,139.2288,87.6945,5.7956,150.2768,25.4525
2040-06-10,22.6590,0.0212,45.4715,8.5309,415.5559,142.6396,88.4441,5.2713,153.5306,23.9675
2040-06-11,26.8466,0.0001,36.4717,4.6332,423.7923,147.3136,90.5695,5.8743,157.6373,26.0314
2040-06-12,27.7641,0.0469,37.1461,9.0666,432.1938,152.0898,90.9751,7.7824,161.8188,31.7313
2040-06-13,28.8043,0.0038,36.4545,8.4724,440.7826,157.0926,91.3006,7.9111,166.1488,32.2766
2040-06-14,29.8627,0.0000,28.5534,8.7762,449.5619,162.9165,92.9320,10.1145,170.9536,38.1850
2040-06-15,33.5996,0.0000,22.4082,3.3177,459.0138,170.0047,94.8627,10.0417,176.5436,38.2422
2040-06-16,33.6536,0.0000,27.3845,9.4094,468.4755,176.6486,94.9137,13.7453,181.8609,47.0139
2040-06-17,32.3898,0.0081,27.9403,9.1754,477.7096,183.0020,94.9647,13.6795,186.9556,47.0762
2040-06-18,30.6937,0.0020,36.0561,11.9522,486.6385,188.3542,93.5251,12.8957,191.4530,45.5076
2040-06-19,24.6284,0.0177,46.1289,17.4616,494.4756,192.0031,90.8745,11.7113,194.8537,42.9008
2040-06-20,24.3398,0.0522,42.5058,16.9648,502.2608,195.8537,90.9242,11.5029,198.3469,42.5087
2040-06-21,25.0791,0.0087,39.9432,11.6711,510.1790,199.9929,90.9738,8.8722,202.0117,35.9985
2040-06-22,27.9134,0.0000,36.2650,7.6699,518.6074,204.8611,91.1968,7.4862,206.1439,32.2434
2040-06-23,30.1462,0.0000,33.8978,7.0228,527.4377,210.2987,91.9756,8.0925,210.6364,34.0402
2040-06-24,32.9236,0.0000,28.1420,7.5477,536.7680,216.7352,93.5813,10.4101,216.7090,40.2520
2040-06-25,31.2900,0.0000,35.3251,9.3120,545.8042,222.2502,93.5243,11.2880,222.1987,42.4989
2040-06-26,33.3615,0.0005,29.8850,6.4359,555.2132,228.6114,93.5748,9.8340,228.5243,38.9684
2040-06-27,35.5532,0.0000,24.4674,5.7800,565.0168,235.8999,94.8585,11.3617,235.7651,42.8647
2040-06-28,35.5631,0.0000,24.8725,9.8274,574.8222,243.1513,94.9095,14.0298,242.9675,49.0883
2040-06-29,32.5361,0.0000,35.1130,11.2190,584.0827,248.8972,93.9300,13.1474,248.6819,47.1792
2040-06-30,30.4768,0.0001,36.5408,12.2122,592.9725,254.1727,93.2593,12.5901,253.9300,45.9503
2040-07-01,27.8076,0.0000,43.1354,13.0491,601.6819,258.0333,91.7383,10.6016,257.7833,41.1989
2040-07-02,28.7334,0.1014,46.1066,11.7135,610.5579,261.8094,91.1878,9.1663,261.5544,37.5132
2040-07-03,30.6425,0.0792,46.2824,8.1746,619.7775,265.8140,91.2376,7.7237,265.5524,33.5326
2040-07-04,31.7859,0.0134,42.9118,9.5088,629.2030,270.2231,91.2873,8.3195,269.9499,35.2442
2040-07-05,33.3856,0.0255,37.5676,8.2906,638.9164,275.2796,91.8606,8.4872,274.9860,35.7328
2040-07-06,35.9233,0.0000,30.7080,12.6643,649.0866,281.3047,93.6221,13.5485,280.9774,48.3063
2040-07-07,36.5152,0.0000,24.7563,14.5990,659.3633,287.9518,94.9992,18.0641,287.5805,57.7988
2040-07-08,37.0917,0.0000,24.1203,13.0364,669.7438,294.7579,95.2761,17.3407,294.3392,56.3928
2040-07-09,35.1369,0.0000,27.7726,10.1940,679.7725,300.9048,95.3272,15.1319,300.4467,51.8479
2040-07-10,32.9618,0.0000,34.9109,9.0995,689.4096,306.1116,94.1020,12.1005,305.6271,45.0565
2040-07-11,30.8453,0.0000,41.4388,11.5751,698.6658,310.5052,92.5396,11.0221,310.0057,42.4598
2040-07-12,31.0128,0.0000,42.2647,11.2921,707.9521,314.8595,92.2261,10.3964,314.3457,40.9028
2040-07-13,27.6547,0.0230,45.8369,14.7229,716.6339,318.5173,91.1335,10.5851,317.9974,41.3862
2040-07-14,29.0965,0.0005,36.9394,9.7322,725.5753,322.9894,91.2825,8.4079,322.4504,35.6331
2040-07-15,31.7229,0.0000,32.2650,8.2507,734.9894,328.2109,92.5437,9.3275,327.6421,38.1463
2040-07-16,36.3039,0.0000,25.2305,4.9567,745.2281,334.7790,94.7567,10.7486,334.1607,41.8202
2040-07-17,37.8700,0.0001,23.1720,6.5744,755.7487,341.8106,95.5801,13.0510,341.1348,47.3313
2040-07-18,38.4736,0.0000,23.5013,6.3218,766.3779,348.9205,95.6519,13.0123,348.1851,47.2503
2040-07-19,38.8549,0.0000,23.8323,6.4323,777.0758,356.0678,95.7031,13.1764,355.2712,47.6319
2040-07-20,38.0788,0.0000,29.2425,8.1317,787.6340,362.5785,95.7544,14.4546,361.7311,50.4894
2040-07-21,36.4602,0.0000,34.1304,10.6733,797.9008,368.3890,94.7696,14.3625,367.5020,50.2919
2040-07-22,34.0897,0.0000,37.9330,11.5430,807.7410,373.5185,93.6551,12.8631,372.6022,46.9258
2040-07-23,35.1780,0.0018,38.7655,11.4743,817.7770,378.7357,93.5588,12.6481,377.7893,46.4309
2040-07-24,36.3211,0.0027,35.3640,10.2758,828.0188,384.4163,93.6094,11.9909,383.4313,44.8878
2040-07-25,38.8180,0.0000,27.9511,7.5383,838.7101,391.1709,94.7287,12.1950,390.1272,45.3743
2040-07-26,38.3583,0.0000,26.6531,8.8213,849.3186,397.9680,94.9607,13.4302,396.8630,48.2310
2040-07-27,34.3916,0.0000,29.0770,12.8716,859.2131,403.8797,95.0116,16.5864,402.7260,55.0209
2040-07-28,31.9471,0.0000,27.7172,11.4279,868.6676,409.4898,95.0627,15.5307,408.2897,52.8245
2040-07-29,32.9110,0.0000,27.9892,7.4476,878.2955,415.2418,95.1137,12.7973,413.9930,46.7889
2040-07-30,31.7433,0.0123,35.4017,7.7123,887.7133,420.2245,93.8446,10.8882,418.9421,42.2145
2040-07-31,33.8110,0.0000,27.6813,6.3560,897.5033,426.1540,93.9626,10.3367,424.8190,40.8272
2040-08-01,34.0048,0.0000,32.6818,13.7479,906.6282,431.0327,94.0133,15.1076,429.6631,51.9287
2040-08-02,34.1145,0.0000,22.3863,13.0847,915.7728,436.6751,95.0977,16.9641,435.2528,55.7989
2040-08-03,36.9348,0.0000,16.2899,7.7168,925.4250,443.2482,96.8710,16.4552,441.7546,54.7595
2040-08-04,37.4977,0.0000,17.3419,6.5581,935.1786,449.8346,96.9226,15.6296,448.2692,53.0404
2040-08-05,37.4415,0.0000,20.3816,6.9739,944.9221,456.1697,96.9742,16.0711,454.5374,53.9659
2040-08-06,36.8661,0.0000,25.5818,8.5154,954.5620,462.0025,96.4832,16.2622,460.3139,54.3632
2040-08-07,35.7764,0.0000,28.0066,10.0082,964.0057,467.4834,95.8297,16.0514,465.7449,53.9260
2040-08-08,32.6606,0.0000,29.0044,9.9494,972.8886,472.4316,95.1253,14.5398,470.6509,50.7062
2040-08-09,35.9196,0.0000,24.9027,4.9846,982.3582,478.1709,95.1764,11.4010,476.3329,43.4827
2040-08-10,36.6908,0.0000,30.9880,6.5902,991.9665,483.5551,95.2274,12.4483,481.6696,45.9842
2040-08-11,38.8179,0.0000,28.0882,6.2706,1001.9577,489.4812,95.2785,12.3352,487.5374,45.7191
2040-08-12,39.0738,0.0000,28.1551,10.1451,1011.9950,495.4399,95.3296,15.0995,493.4365,51.9170
2040-08-13,37.1010,0.0015,30.6233,11.1633,1021.6772,500.9112,95.3807,16.0057,498.8572,53.8324
2040-08-14,37.2650,0.0898,26.6750,8.2406,1031.3889,506.7188,95.4319,13.9104,504.6049,49.3214
2040-08-15,38.2601,0.0000,24.4091,5.8370,1041.2797,512.8611,95.4830,12.4099,510.6793,45.8952
2040-08-16,39.1237,0.0000,25.7999,5.6975,1051.3260,519.0227,95.5342,12.4091,516.7733,45.8935
2040-08-17,39.3170,0.0000,22.6190,7.3001,1061.4070,525.4793,95.9688,14.2703,523.1536,50.1178
2040-08-18,38.7390,0.0000,23.6491,9.5619,1071.3841,531.7589,96.0201,16.1045,529.3599,54.0388
2040-08-19,38.3179,0.0000,19.3319,8.8973,1081.2853,538.3234,96.5023,16.6208,535.8414,55.1046
2040-08-20,35.2892,0.0028,29.0658,8.6639,1090.6413,543.6522,95.5935,14.5265,541.1159,50.6794
2040-08-21,31.6600,0.0036,47.6265,10.5984,1099.3441,547.1943,91.8122,9.4687,544.6478,38.5789
2040-08-22,31.3849,0.0000,45.0354,8.7642,1107.9974,550.8805,91.7540,8.5620,548.3190,36.1228
2040-08-23,32.4240,0.0000,44.2649,9.0290,1116.8377,554.7378,91.8040,8.7386,552.1584,36.6099
2040-08-24,33.8590,0.0000,40.5309,9.0111,1125.9364,559.0298,91.8539,8.7927,556.4226,36.7583
2040-08-25,36.8787,0.0000,26.0028,5.0842,1135.5785,564.8316,94.6601,10.6753,562.1581,41.6897
2040-08-26,34.9950,0.0000,38.1495,10.2632,1144.8816,569.4405,93.7464,12.2139,566.7316,45.4347
2040-08-27,34.1811,0.0000,30.5393,12.7299,1154.0382,574.4998,93.7970,13.9280,571.7403,49.3614
2040-08-28,32.3072,0.0006,35.0305,11.6426,1162.8575,578.9806,93.7526,13.1044,576.1838,47.5041
2040-08-29,30.8668,0.1193,46.5914,8.0535,1171.4176,582.5052,91.7102,8.2097,579.6967,35.1377
2040-08-30,33.8384,0.0328,48.4720,7.2263,1180.5125,586.2219,91.5750,7.7249,583.4016,33.7510
2040-08-31,36.3896,0.0000,34.7530,7.2831,1190.0666,591.2717,92.8894,9.3257,588.4047,38.1989
2040-09-01,38.6938,0.0000,26.0302,7.0757,1198.7355,596.5123,95.0564,12.4617,593.5826,46.0173
2040-09-02,33.2910,0.0000,38.2377,16.4660,1206.4319,600.2939,93.4843,16.0974,597.3347,54.0246
2040-09-03,31.7104,0.0000,32.7355,17.4316,1213.8437,604.2231,93.5348,17.0193,601.2266,55.9174
2040-09-04,32.1824,0.0000,31.7825,15.6213,1221.3406,608.2653,93.5853,15.6452,605.2288,53.0781
2040-09-05,33.1143,0.0000,28.4845,12.2646,1229.0051,612.6216,93.6780,13.3821,609.5370,48.1364
2040-09-06,34.0209,0.0000,21.9508,7.8402,1236.8329,617.5018,95.1323,13.0862,614.3544,47.4627
2040-09-07,35.9885,0.0000,20.6454,6.5997,1245.0148,622.7417,95.8091,13.4805,619.5237,48.3588
2040-09-08,35.3868,0.0000,15.3527,9.7290,1253.0884,628.2404,96.8690,18.2065,624.9417,58.2854
2040-09-09,33.3548,0.0000,22.2634,7.9010,1260.7963,633.0089,96.5486,15.9056,629.6479,53.6249
2040-09-10,33.9170,0.0000,29.3984,6.1328,1268.6054,637.4104,95.4002,12.4548,633.9997,46.0014
2040-09-11,34.2292,0.0000,26.1216,5.8344,1276.4706,642.0572,95.4513,12.3547,638.5892,45.7666
2040-09-12,35.4491,0.0029,22.0663,5.0873,1284.5555,647.1284,95.5025,11.9814,643.5915,44.8835
2040-09-13,36.7840,0.0965,21.4933,4.8381,1292.8806,652.4235,95.7817,12.2897,648.8127,45.6136
2040-09-14,38.7212,0.0007,17.2148,5.3470,1301.5544,658.2926,96.9848,14.8271,654.5926,51.3323
2040-09-15,33.3597,0.5508,31.9873,9.3590,1309.2632,662.4652,94.6710,13.2612,658.7199,47.8619
2040-09-16,30.7010,0.0577,44.1360,9.2826,1316.4933,665.6281,92.1903,9.3480,661.8650,38.2585
2040-09-17,29.5220,0.0026,47.9552,8.2547,1323.5113,668.4655,91.0984,7.6028,664.6929,33.3958
2040-09-18,28.1626,0.1599,53.7224,10.5879,1330.2846,670.8765,89.8624,7.1668,667.1056,32.1063
2040-09-19,24.3151,0.6262,51.8834,11.8084,1336.3653,673.0537,87.5673,5.4838,669.2840,26.7736
2040-09-20,23.7609,0.0033,51.8544,10.5285,1342.3463,675.1846,87.6751,5.2212,671.4165,25.8811
2040-09-21,26.6954,0.0009,38.3635,4.5768,1348.8554,678.2348,90.0955,5.4737,674.4439,26.7394
2040-09-22,30.0193,0.0000,29.8264,4.1454,1355.9629,682.1226,92.5134,7.5521,678.2881,33.2476
2040-09-23,30.6941,0.0001,33.6915,8.2344,1363.1918,685.8760,92.5635,9.3459,682.0037,38.2529
2040-09-24,29.9872,0.0000,37.7808,8.8137,1370.2935,689.3196,92.6138,9.6909,685.4183,39.1648
2040-09-25,34.1907,0.0000,31.8345,9.2267,1378.1519,693.6025,93.1439,10.6584,689.6528,41.6476
2040-09-26,31.5531,0.0000,40.1190,14.1455,1385.5354,697.0836,92.7198,12.8683,693.1069,46.9621
2040-09-27,31.3797,0.0000,38.0837,7.6537,1392.8878,700.6640,92.7701,9.3437,696.6563,38.2470
2040-09-28,32.9650,0.0000,31.9121,7.1959,1400.5255,704.7934,92.9407,9.3518,700.7394,38.2686
2040-09-29,32.1068,0.1461,30.7221,8.5156,1408.0087,708.8891,93.0413,10.1366,704.7878,40.3219
2040-09-30,32.2243,0.0009,32.8997,8.7032,1415.5131,712.8701,93.0916,10.3053,708.7255,40.7537
2040-10-01,31.4592,0.0012,36.4694,9.9683,1421.8797,716.0043,93.1420,11.0613,711.8313,42.6513
2040-10-02,29.6698,0.3927,54.1801,8.5166,1427.9243,718.1405,90.2715,6.8461,713.9697,31.1357
2040-10-03,29.0250,0.0772,53.0789,8.2712,1433.8528,720.2823,89.9773,6.4830,716.1119,30.0128
2040-10-04,27.8868,0.0070,50.3929,11.3712,1439.5764,722.4611,90.0266,7.6328,718.2873,33.4834
2040-10-05,22.0692,16.0115,68.3678,14.2445,983.7022,89.3417,56.8794,0.6718,145.6197,4.1494
2040-10-06,21.0024,5.9811,68.0642,14.5324,911.0657,54.9565,57.7322,0.7282,95.5098,3.4183
2040-10-07,19.8326,2.3776,55.8310,13.3643,915.3396,48.2325,69.8595,1.2212,85.2365,5.4438
2040-10-08,21.7888,0.0000,38.8730,5.4159,919.9655,50.3525,84.6851,2.6517,88.5838,11.1479
2040-10-09,24.0414,0.0000,34.8158,4.3236,924.9970,52.8356,89.5748,5.0156,92.4670,18.6804
2040-10-10,25.9301,0.0000,31.1437,5.1472,930.3684,55.6557,91.5237,6.9061,96.8302,24.0607
2040-10-11,27.2092,0.0000,30.6573,6.3809,935.9701,58.6301,92.1296,8.0074,101.3833,27.2656
2040-10-12,27.6875,0.0004,30.7298,11.2139,941.6578,61.6516,92.2759,10.4285,105.9599,33.2637
2040-10-13,27.2969,0.0039,43.0777,10.0055,947.2753,64.1008,91.5474,8.8514,109.6517,30.2586
2040-10-14,28.7263,0.0018,42.1928,7.7009,953.1500,66.7133,91.5973,7.9369,113.5563,28.5325
2040-10-15,28.1565,0.1034,52.8915,6.3864,958.9222,68.8016,90.1076,6.0066,116.6749,23.8056
2040-10-16,28.6594,0.0006,42.8975,5.2082,964.7848,71.3764,90.1569,5.7005,120.4712,23.2594
2040-10-17,27.9603,0.0000,33.1991,6.4960,970.5217,74.3178,91.6100,7.4829,124.7531,28.4852
2040-10-18,23.6043,0.0012,56.1552,9.2233,975.4745,75.9590,89.0638,5.9662,127.1629,24.5435
2040-10-19,24.0800,0.0000,45.3853,4.7145,980.5129,78.0427,89.1128,4.7872,130.1813,21.1925
2040-10-20,27.4979,0.0000,41.2788,7.2462,986.1665,80.5872,90.0437,6.2155,133.8330,25.7368
2040-10-21,26.9144,0.0000,54.6900,6.8861,991.7151,82.5105,89.4228,5.5838,136.6068,24.0567
2040-10-22,25.7301,0.0007,63.6884,6.2264,997.0505,83.9866,87.8521,4.3114,138.7535,20.1188
2040-10-23,21.4599,5.1933,64.8200,20.7619,935.0920,54.5696,68.6844,1.7080,95.2437,8.0286
2040-10-24,16.7936,0.0181,45.2388,14.5225,938.8189,56.0543,82.6524,3.2119,97.5478,13.7306
2040-10-25,17.3394,0.0000,34.6606,6.3101,942.6440,57.8798,87.8237,4.3121,100.3548,17.4426
2040-10-26,19.7991,0.0000,30.1727,5.6122,946.9118,60.0910,90.3225,5.9573,103.7259,22.4238
2040-10-27,21.8759,0.0002,32.8157,5.7049,951.5535,62.4299,90.7740,6.3840,107.2659,23.9244
2040-10-28,21.1802,0.1854,45.0432,5.6437,956.0699,64.2852,90.2247,5.8838,110.0681,22.8592
2040-10-29,21.5857,0.0000,45.0674,5.0093,960.6593,66.1734,90.1161,5.6108,112.9038,22.3599
2040-10-30,22.9095,0.0000,38.4169,4.9697,965.4871,68.4137,90.1655,5.6394,116.2364,22.7323
2040-10-31,23.5265,0.0000,38.5194,4.8339,970.4258,70.7078,90.2149,5.6407,119.6251,23.0184
2040-11-01,27.4496,0.0000,33.7476,9.1122,975.0708,73.2155,91.4629,8.3609,123.2877,30.5697
2040-11-02,25.3458,0.0049,51.3344,8.2929,979.3370,74.9218,89.9514,6.4660,125.7862,25.8473
2040-11-03,25.7950,0.0001,51.5231,5.1836,983.6841,76.6504,89.7170,5.3457,128.3062,22.7977
2040-11-04,24.5007,0.0000,44.2313,9.5980,987.7982,78.5433,89.7662,6.7247,131.0383,26.9694
2040-11-05,22.3995,0.0007,51.1761,4.8494,991.5342,80.0644,89.3046,4.9545,133.2331,21.9093
2040-11-06,19.8640,0.0070,51.7526,10.3362,994.8137,81.4054,88.7829,6.0610,135.1604,25.3794
2040-11-07,17.7548,0.0005,42.3341,8.6394,997.7135,82.8469,88.8319,5.6035,137.2101,24.1532
2040-11-08,18.6020,0.0000,37.3966,5.1423,1000.7659,84.4822,89.2888,5.0167,139.5196,22.4689
2040-11-09,18.4609,0.0000,41.1747,4.1890,1003.7928,86.0077,89.3380,4.8153,141.6690,21.9359
2040-11-10,21.5869,0.0003,39.2118,7.8120,1007.3825,87.8362,89.5500,5.9582,144.2324,25.6272
2040-11-11,17.8281,30.9522,76.7988,14.4577,645.1662,38.0488,43.9964,0.1454,66.3195,0.3000
2040-11-12,15.5468,25.4981,89.7982,12.3966,487.8341,13.9977,21.2169,0.0004,26.1215,0.0004
2040-11-13,16.7012,0.0003,64.3115,4.5483,490.5444,14.8400,49.8005,0.2014,27.5930,0.2248
2040-11-14,19.8016,0.0008,57.7157,5.1790,493.8127,16.0117,72.0965,0.8723,29.6222,1.1391
2040-11-15,22.4972,0.0014,53.3682,8.4326,497.5662,17.4706,83.3995,2.6004,32.1215,5.7687
2040-11-16,20.8342,0.0023,60.1923,8.2278,501.0203,18.6282,85.1136,3.2402,34.0879,7.3611
2040-11-17,15.7872,0.0010,60.8866,5.9825,503.5660,19.5039,85.1614,2.9127,35.5642,6.8582
2040-11-18,17.7361,0.0007,53.4364,6.4127,506.4625,20.6668,86.0469,3.3674,37.5072,8.0791
2040-11-19,16.3866,1.8956,75.8139,8.4091,509.1161,19.1374,70.5194,0.9719,34.9869,1.8832
2040-11-20,17.7742,8.8771,84.7373,5.7798,471.3007,10.1505,36.1890,0.0212,19.2638,0.0188
2040-11-21,21.5034,0.3157,69.3627,8.5846,474.8753,11.0687,64.3786,0.7923,20.9184,0.7389
2040-11-22,23.2066,0.0297,65.8405,7.2470,478.7565,12.1695,78.4571,1.4119,22.8847,2.1764
2040-11-23,21.4240,0.4923,71.2941,7.5735,482.3168,13.0267,81.9734,2.0812,24.4055,3.7806
2040-11-24,20.5095,1.1306,74.5995,10.3950,485.7125,13.7544,77.6331,1.5435,25.6901,2.7413
2040-11-25,18.3286,3.2891,72.9738,15.1959,479.1518,10.3272,64.2675,1.1003,19.5984,0.9848
2040-11-26,16.1239,0.4610,67.2904,8.2465,481.7581,11.0742,75.6567,1.2056,20.9447,1.4884
2040-11-27,15.7678,0.0000,59.8669,5.1198,484.3003,11.9717,81.2888,1.6960,22.5498,2.7753
2040-11-28,18.6394,0.0000,55.5461,9.2366,487.3594,13.1350,84.8016,3.2662,24.6118,6.0574
2040-11-29,18.1410,0.0000,60.8137,5.7593,490.3288,14.1347,85.1070,2.8586,26.3690,5.5621
2040-11-30,19.2791,0.0000,64.9451,5.2269,493.5030,15.0818,85.1547,2.8013,28.0226,5.6725
2040-12-01,22.0579,0.0000,62.5127,10.1054,497.1774,16.0683,85.4802,3.7471,29.7342,7.7188
2040-12-02,23.2479,0.0000,64.4439,8.6394,501.0661,17.0521,85.5280,3.5036,31.4302,7.5152
2040-12-03,23.0570,0.0000,63.2554,5.2677,504.9203,18.0609,85.5989,2.9854,33.1567,6.7121
2040-12-04,21.2858,0.0000,72.9888,8.1939,508.4558,18.7480,85.1800,3.2644,34.3313,7.4434
2040-12-05,22.6944,0.0000,67.2629,5.2727,512.2448,19.6332,85.2278,2.8362,35.8329,6.7236
2040-12-06,23.0825,0.0002,65.3580,8.8027,516.1036,20.5852,85.2755,3.4109,37.4374,8.1616
2040-12-07,22.8694,0.0036,62.9346,10.3923,519.9241,21.5948,85.5568,3.8425,39.1269,9.2905
2040-12-08,21.8368,0.0082,71.2184,5.0809,523.5587,22.3450,85.5311,2.9297,40.3814,7.4698
2040-12-09,22.0799,0.0000,67.9212,7.3515,527.2371,23.1900,85.5790,3.3068,41.7853,8.4926
2040-12-10,20.4489,0.0013,70.9286,4.9109,530.6219,23.9019,85.4096,2.8560,42.9654,7.5911
2040-12-11,19.4277,0.0062,67.9016,5.4725,533.8229,24.6507,85.4574,2.9576,44.1989,7.9712
2040-12-12,18.9402,0.0046,76.0718,7.4172,536.9361,25.1957,84.3644,2.8082,45.1005,7.7091
2040-12-13,18.8252,1.9428,76.9820,11.4317,540.0287,23.1681,71.0340,1.1513,41.8479,2.8809
2040-12-14,17.6870,0.0002,67.7076,4.6971,542.9163,23.8575,78.3823,1.2335,42.9921,3.2137
2040-12-15,21.3048,0.0003,55.4094,8.5176,546.4552,24.9929,84.4811,3.0155,44.8568,8.1835
2040-12-16,21.9215,0.1990,58.9570,6.4746,550.1051,26.0666,85.7038,3.2194,46.6115,8.8696
2040-12-17,18.7572,0.1871,72.1669,5.1890,553.1854,26.6947,85.0567,2.7584,47.6418,7.8540
2040-12-18,19.4476,0.5709,64.7649,10.1506,556.3899,27.5174,84.3424,3.2133,48.9790,9.1265
2040-12-19,19.9628,0.0000,62.6228,6.3602,559.6872,28.4121,84.9509,2.8839,50.4247,8.4629
2040-12-20,19.4545,0.0460,67.8303,9.9703,562.8931,29.1635,84.9986,3.4820,51.6385,10.0833
2040-12-21,18.5548,0.9212,78.7177,7.2004,565.9369,29.6389,78.8389,1.4582,52.4151,4.5430
2040-12-22,15.5590,13.9860,80.4725,26.2464,492.3901,13.0842,46.1263,0.3659,24.5383,0.3782
2040-12-23,13.0760,2.0752,67.8495,16.6282,494.4477,11.5190,58.7633,0.8720,21.7701,0.8342
2040-12-24,17.1014,7.5994,88.9126,18.6537,464.4743,6.1332,36.7025,0.0455,11.8743,0.0302
2040-12-25,15.4458,0.0018,82.7977,7.4040,466.9585,6.4566,52.9032,0.3305,12.4817,0.2255
2040-12-26,17.3716,0.0016,77.4571,5.1362,469.7894,6.9298,66.1938,0.7149,13.3667,0.5075
2040-12-27,18.4557,0.0002,67.1917,8.3298,472.8154,7.6589,77.3472,1.3600,14.7216,1.1420
2040-12-28,16.8744,0.0001,68.1722,12.0618,475.5568,8.3090,81.5095,2.4689,15.9225,3.3775
2040-12-29,17.2375,0.0000,63.8745,6.3125,478.3636,9.0618,83.4414,2.3497,17.3042,3.3821
2040-12-30,16.7260,0.0039,64.0585,7.9901,481.0783,9.7899,84.1109,2.7936,18.6319,4.3244
2040-12-31,15.0783,0.1504,76.4010,6.7026,483.4964,10.2238,83.5879,2.4427,19.4209,3.8407
2041-01-01,13.0212,13.9494,90.8531,8.8052,422.7758,4.6778,27.8150,0.0029,9.1037,0.0017
2041-01-02,11.5832,31.5722,92.5183,16.0862,303.6033,1.7197,13.4226,0.0000,3.3915,0.0000
2041-01-03,13.3346,7.1867,86.6370,14.7773,286.4368,0.4809,23.9886,0.0012,0.9577,0.0003
2041-01-04,13.4469,0.8392,81.0884,24.4263,288.5612,0.8196,48.7372,0.4793,1.6276,0.1403
2041-01-05,15.9417,0.4627,76.4514,22.2509,291.1347,1.3136,68.4289,1.8261,2.5979,0.6127
2041-01-06,17.4472,3.1839,73.2926,10.0398,288.4231,0.8051,59.4007,0.6532,1.5990,0.1904
2041-01-07,14.7848,3.7870,80.8611,5.4916,283.2757,0.3743,45.1166,0.1104,0.7461,0.0275
2041-01-08,15.4678,2.6705,72.0301,12.4807,285.7639,0.5705,54.2027,0.4859,1.1353,0.1309
2041-01-09,15.9024,0.0001,64.1000,8.9266,288.3303,1.3219,71.7921,1.0419,2.6139,0.3503
2041-01-10,15.4855,0.0062,66.1504,4.9108,290.8217,2.0131,78.4956,1.2594,3.9577,0.4918
2041-01-11,14.3442,0.0027,63.8129,12.0819,293.1077,2.7011,82.1056,2.6542,5.2806,1.6117
2041-01-12,12.4510,0.0035,46.3597,6.0961,295.0528,3.5960,85.0726,2.8938,6.9793,2.3080
2041-01-13,12.9001,0.0000,56.5505,9.9592,297.0789,4.3449,85.1282,3.5427,8.3832,3.3835
2041-01-14,11.8050,0.0000,50.7350,9.1859,298.9078,5.1276,85.6644,3.6705,9.8334,3.8812
2041-01-15,11.1973,0.0000,45.7794,10.7393,300.6273,5.9484,86.3599,4.3765,11.3361,5.0809
2041-01-16,13.3810,0.2343,58.6181,10.9727,302.7399,6.6862,86.3917,4.4482,12.6726,5.4999
2041-01-17,13.3609,1.5193,80.0803,6.1881,304.8488,6.6069,71.4718,0.8974,12.5346,0.6139
2041-01-18,16.2183,3.1622,80.9335,11.9563,301.7986,4.5022,56.3030,0.5711,8.6806,0.3196
2041-01-19,15.2029,14.3785,90.4185,15.2850,261.9180,1.8262,26.4044,0.0026,3.5899,0.0010
2041-01-20,15.1420,0.5597,76.7150,4.9795,264.3476,2.2918,46.6013,0.1343,4.4864,0.0552
2041-01-21,14.3911,0.0093,78.6206,4.9205,266.6420,2.6995,60.2199,0.5318,5.2658,0.2340
2041-01-22,15.6320,0.0044,73.1597,4.8038,269.1598,3.2524,71.0325,0.8244,6.3141,0.3940
2041-01-23,14.7577,1.1059,85.9444,6.8904,271.5201,3.5268,67.2451,0.8101,6.8318,0.4021
2041-01-24,16.2277,1.2186,81.5771,4.9279,274.1451,3.9198,65.6796,0.6941,7.5691,0.3623
2041-01-25,21.2036,0.0000,59.2278,8.5102,277.6658,5.0393,79.8752,1.7237,9.6412,1.1316
2041-01-26,20.6020,0.0040,57.9138,5.1168,281.0781,6.1638,84.1438,2.4277,11.6868,2.6358
2041-01-27,18.0758,0.0351,59.2594,5.0441,284.0358,7.1255,85.0367,2.7308,13.4100,3.3737
2041-01-28,15.2349,0.7034,70.3260,11.7773,286.4821,7.7223,82.0054,2.5821,14.4695,3.3283
2041-01-29,13.4117,0.0002,63.1054,7.1682,288.6002,8.3814,83.2614,2.3965,15.6282,3.2156
2041-01-30,16.5091,0.0006,66.2077,5.5182,291.2758,9.1140,83.7492,2.3506,16.9055,3.3268
2041-01-31,17.3335,0.0007,68.8414,6.4165,294.0998,9.8211,83.7965,2.4749,18.1287,3.7135
2041-02-01,14.6928,0.0197,70.7124,9.6325,296.4485,10.4781,83.8438,2.9286,19.2548,4.6452
2041-02-02,12.4135,0.4804,60.9510,9.4648,298.3869,11.2277,84.1506,3.0251,20.5246,5.0061
2041-02-03,13.6605,0.0092,64.3840,5.2036,300.5498,11.9745,84.1981,2.4562,21.7796,4.1860
2041-02-04,15.7702,0.0020,70.2347,4.9680,303.0925,12.6878,84.2455,2.4427,22.9715,4.3177
2041-02-05,17.0795,0.0039,63.2253,7.4390,305.8708,13.6374,84.5307,2.8752,24.5396,5.3393
2041-02-06,16.8490,0.4702,66.2647,8.0115,308.6076,14.4976,84.5782,2.9786,25.9477,5.7304
2041-02-07,15.2435,0.0015,70.0499,11.5168,311.0554,15.1929,84.6258,3.5771,27.0792,6.9952
2041-02-08,13.6386,0.0017,68.9321,14.6545,313.2144,15.8433,84.6470,4.2019,28.1295,8.2662
2041-02-09,13.7865,0.0322,72.0045,15.6875,315.3999,16.4353,84.2275,4.1822,29.0820,8.3940
2041-02-10,16.2703,0.0199,61.0145,22.6204,318.0326,17.3973,84.7507,6.3667,30.6086,12.2627
2041-02-11,17.2752,0.0019,57.3438,22.0686,320.8461,18.5107,85.4880,6.8545,32.3547,13.3918
2041-02-12,18.7066,0.0016,55.7649,16.7500,323.9173,19.7552,86.0406,5.6642,34.2833,11.8764
2041-02-13,18.9592,0.0035,55.2649,11.4014,327.0340,21.0299,86.2605,4.4619,36.2347,10.0767
2041-02-14,18.5926,0.0049,58.3888,10.8579,330.0846,22.1939,86.3086,4.3710,38.0003,10.1802
2041-02-15,17.8177,0.0027,61.4432,10.8941,332.9958,23.2301,86.3567,4.4088,39.5607,10.4937
2041-02-16,17.9497,0.0001,57.0011,12.1688,335.9308,24.3936,86.4049,4.7334,41.2913,11.3979
2041-02-17,18.2445,0.0080,55.8108,15.6657,338.9188,25.6079,86.4531,5.6840,43.0785,13.5024
2041-02-18,17.4171,0.6058,64.5801,12.6517,341.7579,26.5396,84.2963,3.6223,44.4497,9.5320
2041-02-19,18.6302,0.0050,63.0924,6.4022,344.8153,27.5740,84.7271,2.8028,45.9597,7.7879
2041-02-20,19.4136,0.0000,52.3421,5.8635,348.0138,28.9627,86.2637,3.3770,47.9492,9.3994
2041-02-21,21.0553,0.0001,36.3063,9.8082,351.5077,30.9672,89.3090,6.3648,50.7557,16.1030
2041-02-22,19.5430,0.0017,47.5507,15.6080,354.7295,32.5052,89.2936,8.5064,52.8934,20.3857
2041-02-23,19.9079,0.1631,46.5414,16.5655,358.0169,34.1005,89.3427,8.9901,55.0843,21.6601
2041-02-24,17.8059,1.1758,67.0984,13.7866,360.9260,34.9841,80.6364,2.4385,56.3205,7.8290
2041-02-25,19.3354,0.3419,63.8875,10.6259,364.1103,36.0324,83.6173,2.9882,57.7720,9.4888
2041-02-26,14.9919,0.1554,51.4047,12.6288,366.5129,37.1432,85.5469,4.2949,59.2701,12.9558
2041-02-27,17.2375,0.0000,41.4560,7.2372,369.3196,38.6682,87.6590,4.4131,61.2928,13.4906
2041-02-28,19.7209,0.0000,46.8584,6.3215,372.5734,40.2399,87.8456,4.3281,63.3693,13.5410
2041-03-01,22.1021,0.0098,45.1504,7.2155,376.2558,42.4092,88.4363,4.9277,66.1722,15.3363
2041-03-02,22.5795,0.0071,45.4871,8.9949,380.0241,44.6096,88.5859,5.5069,68.9769,17.0637
2041-03-03,22.2363,0.0124,48.9768,6.7986,383.7306,46.6393,88.6348,4.9647,71.5406,16.1070
2041-03-04,22.7873,0.0000,46.2824,5.0069,387.5363,48.8266,88.6837,4.5681,74.2620,15.4401
2041-03-05,22.7849,0.0001,45.7514,9.4356,391.3416,51.0352,88.7327,5.7505,76.9746,18.7033
2041-03-06,14.8030,0.0000,42.8411,14.3493,393.7101,52.5847,88.7816,7.4180,78.8433,22.7586
2041-03-07,16.9685,0.0000,34.1187,4.5044,396.4685,54.6138,89.5213,5.0228,81.2478,17.4237
2041-03-08,19.4235,0.0009,42.5184,5.5619,399.6687,56.6248,89.5705,5.3352,83.6285,18.5120
2041-03-09,19.4571,0.0000,42.9855,6.5862,402.8750,58.6227,89.6197,5.6577,85.9711,19.6162
2041-03-10,18.1823,0.0000,40.0383,9.5481,405.8518,60.5935,89.6689,6.6149,88.2484,22.2566
2041-03-11,15.0378,0.2609,46.5696,13.0224,408.2626,62.0633,88.9933,7.1523,89.9439,23.7538
2041-03-12,16.2546,0.0019,38.9750,10.1929,410.8924,63.8686,89.0423,6.2457,91.9901,21.8327
2041-03-13,18.3338,0.0000,22.9430,6.0011,413.8965,66.4213,91.6286,7.3178,94.8066,24.7923
2041-03-14,21.9259,0.0000,26.6224,7.4234,417.5472,69.3013,92.0873,8.3890,97.9572,27.6896
2041-03-15,23.1557,0.0000,32.4230,7.6607,421.4192,72.0954,92.1373,8.5501,100.9956,28.4651
2041-03-16,23.8763,0.0000,31.0094,6.1350,425.4209,75.0326,92.1874,7.9736,104.1446,27.5324
2041-03-17,24.6292,0.0000,25.1768,7.8708,429.5582,78.3142,92.8409,9.5408,107.5905,31.5587
2041-03-18,25.0146,0.0000,23.0690,7.6422,433.7648,81.7388,93.3963,10.1936,111.1260,33.4532
2041-03-19,25.1067,0.0207,25.7823,7.6086,437.9880,85.0543,93.4468,10.2482,114.5140,34.0001
2041-03-20,25.4026,0.2170,21.3385,7.4089,442.2645,88.6079,93.8794,10.7748,118.0749,35.5852
2041-03-21,26.8397,0.0061,19.3906,11.0693,446.7996,92.4470,94.5557,14.2272,121.8594,43.1401
2041-03-22,25.3183,0.6466,23.7403,16.0121,451.0609,95.8812,93.0757,14.8607,125.2186,44.8003
2041-03-23,23.9759,0.8118,39.4600,13.5224,455.0806,98.4689,89.1748,7.5284,127.8035,28.8672
2041-03-24,22.3998,0.0002,56.4868,7.5607,458.8166,100.2120,88.4348,5.0131,129.6374,21.8676
2041-03-25,24.6884,0.0019,44.9688,4.7606,462.9645,102.6311,88.9326,4.6758,132.0688,20.9516
2041-03-26,27.0780,0.0007,35.7622,7.8572,467.5425,105.7165,90.8651,7.2083,135.0770,28.5888
2041-03-27,25.5703,0.0000,35.1718,9.4920,471.8492,108.6638,91.0204,8.0026,137.9215,30.9014
2041-03-28,29.1971,0.0000,22.5218,8.1212,476.8086,112.6651,93.9645,11.3012,141.6525,39.1435
2041-03-29,31.5268,0.0000,20.1091,7.6539,482.1875,117.1083,95.1267,12.9540,145.7321,43.0988
2041-03-30,31.5347,0.0000,20.9020,4.7998,487.5677,121.5084,95.1777,11.2974,149.7300,39.7634
2041-03-31,30.4240,0.0028,14.1501,7.4072,492.7480,126.1216,96.3388,15.0829,153.8173,48.1563
2041-04-01,25.6766,0.0000,34.9463,11.3146,498.3238,130.3446,93.4087,12.2869,157.6195,42.5294
2041-04-02,25.0904,0.0000,35.2108,7.7946,503.7941,134.4583,92.7026,9.3215,161.2956,35.7426
2041-04-03,26.9553,0.0000,25.4934,10.2585,509.6000,139.5259,93.2091,11.3300,165.6598,40.8306
2041-04-04,26.8200,0.0000,22.0480,14.9025,515.3816,144.8022,93.9399,15.8507,170.1151,50.8050
2041-04-05,25.9911,0.0000,22.3524,20.5902,521.0140,149.9019,93.9906,21.2602,174.3776,61.1796
2041-04-06,24.5139,0.2516,28.2717,16.2789,526.3805,154.3560,93.7757,16.6062,178.1270,52.7447
2041-04-07,24.4057,0.0027,32.7036,10.0590,531.7276,158.5172,93.0648,10.9926,181.6511,40.7556
2041-04-08,23.7609,0.0004,41.8117,6.9170,536.9585,162.0243,91.5248,7.5514,184.7103,31.9357
2041-04-09,22.9385,0.0311,46.8402,8.0335,542.0415,165.1223,90.3382,6.7455,187.4711,29.6706
2041-04-10,22.1455,0.0006,47.3580,12.9878,546.9817,168.0889,89.8770,8.1050,190.1182,33.6315
2041-04-11,21.5280,0.2393,48.3797,13.5509,551.8107,170.9206,89.5598,7.9674,192.6558,33.3165
2041-04-12,21.7663,0.0011,43.6079,12.7474,556.6826,174.0467,89.6090,7.7055,195.3798,32.6479
2041-04-13,17.3531,3.5741,63.4557,22.1452,547.5500,97.5193,70.3587,1.9317,134.9512,10.7346
2041-04-14,19.2310,0.0090,51.4786,11.1303,551.9656,99.9109,82.5171,2.6617,137.5687,13.9747
2041-04-15,17.7117,3.1587,69.0157,17.9292,545.6694,74.1745,67.8927,1.4436,110.7220,7.5766
2041-04-16,19.5123,1.0234,51.0662,13.2873,550.1356,76.6197,79.5852,2.1293,113.6635,10.7282
2041-04-17,19.4976,0.0010,49.3904,10.2470,554.5991,79.1469,85.4378,3.7518,116.6692,16.9299
2041-04-18,21.1221,0.0001,47.3125,8.7404,559.3551,81.9854,87.4527,4.6220,119.9996,19.9876
2041-04-19,22.3639,0.0036,47.8455,10.6100,564.3346,84.9521,88.0250,5.5120,123.4467,22.9431
2041-04-20,23.1364,0.0002,31.9027,8.8660,569.4532,88.9533,90.7238,7.4329,127.9425,28.6288
2041-04-21,25.9848,0.0000,24.1780,4.7099,575.0844,93.9320,92.9781,8.2939,133.3939,31.2985
2041-04-22,28.5183,0.0000,23.9617,6.1861,581.1717,99.3918,93.7655,9.9719,139.2482,35.8811
2041-04-23,29.7786,0.0000,21.9361,6.6379,587.4859,105.2357,94.4535,11.2207,145.3710,39.2621
2041-04-24,32.8084,0.0001,17.4091,7.7189,594.3454,112.0250,95.9383,14.5145,152.2895,46.8848
2041-04-25,30.2487,0.0000,21.1445,10.0854,600.7442,118.0180,95.9896,16.4668,158.2931,51.2343
2041-04-26,28.4413,0.0001,24.2727,10.1565,606.8176,123.4414,95.4034,15.2611,163.6546,49.2192
2041-04-27,27.0272,0.0000,27.3164,10.2743,612.6365,128.3976,94.6053,13.7621,168.5058,46.3968
2041-04-28,27.3762,0.0000,23.2727,6.6429,618.5182,133.6945,94.6562,11.5413,173.5862,41.7131
2041-04-29,27.6836,0.0000,25.8220,9.0119,624.4552,138.8707,94.7071,13.0959,178.5008,45.4509
2041-04-30,28.4926,0.0000,19.9828,10.5681,630.5379,144.6113,94.7603,14.2682,183.8243,48.2176
2041-05-01,27.7204,0.0000,23.5239,13.7950,637.9316,150.4139,94.8112,16.9054,189.2642,53.8433
2041-05-02,21.1961,0.0000,23.1387,18.1187,644.1509,154.9255,94.3948,19.8498,193.5023,59.6191
2041-05-03,23.0432,0.0000,17.6124,12.6874,650.7027,160.1621,94.4562,15.2256,198.3011,50.7617
2041-05-04,22.8225,0.0000,19.0114,12.4800,657.2147,165.2628,94.5071,15.1732,202.9447,50.7924
2041-05-05,24.6809,0.0000,24.6859,7.2555,664.0613,170.3745,94.4895,11.6330,207.5952,43.0457
2041-05-06,25.6030,0.0010,37.2234,8.4228,671.0738,174.7877,92.7045,9.6239,211.7164,38.1656
2041-05-07,28.5766,0.0000,24.2973,7.3066,678.6216,180.7023,93.6831,10.4311,216.9691,40.3089
2041-05-08,29.0243,0.0000,20.7929,7.6560,686.2500,186.9839,94.5646,11.9937,222.4437,44.1828
2041-05-09,30.3009,0.0000,27.9268,5.2749,694.1081,192.9421,94.6155,10.7124,227.6699,41.1733
2041-05-10,33.2220,0.0000,20.5548,4.5361,702.4921,200.1206,95.3432,11.4030,233.7610,42.9399
2041-05-11,34.8039,0.0000,16.8590,4.7827,711.1608,207.9793,96.4135,13.3481,240.2821,47.5427
2041-05-12,34.9909,0.0000,15.7416,7.3468,719.8632,215.9851,96.7542,15.9005,246.8273,53.1249
2041-05-13,34.6683,0.0127,17.4183,8.0842,728.5075,223.7615,96.8058,16.6169,253.1416,54.6635
2041-05-14,34.9195,0.0067,18.0808,9.2647,737.1970,231.5297,96.8574,17.7577,259.3924,57.0092
2041-05-15,35.4711,0.0000,18.5775,7.0144,745.9858,239.3690,96.9090,15.9640,265.6423,53.4276
2041-05-16,35.8954,0.0050,22.5269,7.4052,754.8509,246.9146,96.8456,16.1439,271.6692,53.8416
2041-05-17,33.9101,0.0000,23.4053,11.0512,763.3588,253.9743,96.4116,18.3014,277.2999,58.2086
2041-05-18,31.2306,0.0009,23.8358,10.8962,771.3843,260.4570,95.9063,16.9612,282.4726,55.5750
2041-05-19,33.2277,0.0000,21.1154,7.2718,779.7693,267.5861,95.9576,14.2284,288.0520,49.8467
2041-05-20,32.8767,0.0000,23.5352,10.0830,788.0911,274.4258,96.0089,16.5079,293.4188,54.7015
2041-05-21,29.7520,0.0066,29.8913,13.0065,795.8504,280.1202,94.6038,15.7901,298.0098,53.2314
2041-05-22,28.3268,0.0111,34.2775,13.3706,803.3533,285.2118,93.4412,13.6901,302.2005,48.7032
2041-05-23,25.6597,0.1913,39.1612,17.1833,810.3760,289.4978,92.0879,13.7194,305.8457,48.7788
2041-05-24,26.0535,0.1807,41.3817,12.4003,817.4696,293.6882,91.5926,10.0509,309.4448,40.0101
2041-05-25,28.7899,0.0006,33.6222,7.8256,825.0558,298.9115,91.8620,8.2923,313.6974,35.2964
2041-05-26,29.2525,0.0000,30.9101,9.4832,832.7253,304.4323,92.4544,9.8011,318.1171,39.3796
2041-05-27,28.5515,1.8041,37.2797,9.8196,840.2685,163.7030,87.2424,4.7360,220.1707,23.7256
2041-05-28,27.6294,0.3968,39.0843,8.7891,847.6458,168.3104,90.1717,6.8422,224.9529,30.6189
2041-05-29,28.6894,0.0071,30.8658,6.9356,855.2139,173.7323,92.1551,8.2641,230.4352,34.7951
2041-05-30,29.4074,0.0009,24.2938,6.9848,862.9112,179.8127,93.7539,10.3648,236.4482,40.4144
2041-05-31,31.4716,0.0000,22.1191,9.3037,870.9801,186.4909,94.6929,13.2640,242.9390,47.3836
2041-06-01,34.1056,0.0000,15.6421,10.1028,880.5232,194.3096,96.5516,17.7792,250.4493,56.9635
2041-06-02,36.4525,0.0000,11.5106,10.2963,890.4886,203.0579,97.8737,21.4135,258.6603,63.9048
2041-06-03,37.6131,0.0000,11.2542,10.8521,900.6630,212.1028,98.1349,22.7942,267.0074,66.4430
2041-06-04,37.4276,0.0000,14.6812,9.3534,910.8039,220.7567,98.1869,21.2815,274.9253,63.8011
2041-06-05,37.4452,0.0012,17.9190,8.3248,920.9481,229.0859,98.0459,19.8346,282.4951,61.1744
2041-06-06,37.5736,0.1020,20.1803,6.6653,931.1153,237.2127,97.6853,17.3938,289.8308,56.4804
2041-06-07,37.6618,0.0810,25.0511,6.6706,941.2984,244.8610,96.8191,15.5020,296.7423,52.6214
2041-06-08,33.0462,0.0116,33.6336,13.8007,950.6508,250.8270,94.4764,16.1491,302.2706,53.9934
2041-06-09,31.6268,0.0566,30.2844,12.1904,959.7476,256.8336,94.5273,14.9952,307.7670,51.5769
2041-06-10,29.4029,1.2114,48.1282,8.8389,968.4441,260.9991,87.4224,4.6250,311.8718,23.7264
2041-06-11,29.4463,0.2627,50.7794,4.6320,977.1484,264.9574,88.5764,4.4141,315.8232,22.9631
2041-06-12,35.3260,0.0178,37.0278,6.0578,986.9111,270.9962,92.0390,7.7779,321.3758,33.8444
2041-06-13,36.0722,0.0096,35.7679,9.7341,996.8081,277.2821,92.6861,10.2547,327.0945,40.5630
2041-06-14,36.3765,0.0376,35.9811,7.9984,1006.7599,283.5984,92.7363,9.4624,332.8160,38.5111
2041-06-15,38.6775,0.0321,32.3180,5.6639,1017.1259,290.6861,93.8022,9.7627,339.0955,39.3076
2041-06-16,39.3291,0.0083,25.6551,6.9940,1027.6091,298.5991,95.2829,12.8007,345.9128,46.7611
2041-06-17,38.7595,0.0033,23.3859,10.9720,1037.9898,306.6387,95.7133,16.5859,352.7543,54.9896
2041-06-18,33.6223,0.3665,41.4834,14.7118,1047.4458,311.9879,93.0475,13.8633,357.6531,49.1817
2041-06-19,30.3050,0.0029,43.0674,12.9880,1056.3047,316.6950,92.0547,11.0531,362.0333,42.6025
2041-06-20,31.2671,0.0000,34.6415,12.2323,1065.3368,322.2643,92.1142,10.7300,366.9914,41.8021
2041-06-21,30.0417,0.0000,33.5292,12.8061,1074.1483,327.7139,92.1643,11.1231,371.8255,42.7810
2041-06-22,28.0409,0.0003,38.8366,14.6123,1082.5997,332.4063,92.2143,12.2694,376.1079,45.5439
2041-06-23,28.1209,0.0000,35.9695,13.8923,1091.0654,337.3320,92.2644,11.9162,380.5337,44.7083
2041-06-24,26.9669,0.0027,40.2868,14.3365,1099.3235,341.7443,91.9082,11.5877,384.5939,43.9207
2041-06-25,27.5934,0.0060,39.3111,12.8647,1107.6943,346.3287,91.9581,10.8357,388.7745,42.0762
2041-06-26,28.8154,0.0000,35.4893,12.2823,1116.2851,351.4094,92.0081,10.5971,393.2940,41.4797
2041-06-27,29.5851,0.0000,30.4779,11.4071,1125.0144,357.0256,92.6067,11.0328,398.1595,42.5685
2041-06-28,29.6693,0.0000,28.2829,12.5071,1133.7589,362.8351,93.0917,12.4827,403.1342,46.0548
2041-06-29,32.0460,0.0000,22.2539,5.9595,1142.9312,369.6194,94.6824,11.1909,408.7602,42.9608
2041-06-30,33.3623,0.0000,22.9209,6.1813,1152.3404,376.6126,94.8959,11.6535,414.5296,44.0883
2041-07-01,34.2035,0.0137,24.5121,8.9593,1162.2010,382.8715,94.9469,13.4984,419.9093,48.3910
2041-07-02,32.9043,0.0050,27.9185,12.8507,1171.8278,388.6280,94.9979,16.5378,424.9375,54.9267
2041-07-03,34.7516,0.0000,21.2569,5.5959,1181.7871,395.2581,95.4749,12.2465,430.5304,45.5056
2041-07-04,37.3667,0.0000,23.1390,5.8646,1192.2171,402.2018,95.5404,12.5246,436.3718,46.1591
2041-07-05,38.8134,0.0000,18.4943,7.5947,1202.9075,409.8421,96.7348,16.0585,442.6481,53.9384
2041-07-06,37.6708,0.0000,24.7727,9.0515,1213.3922,416.6920,96.6945,17.1885,448.4110,56.2547
2041-07-07,36.1441,0.0000,32.6578,11.3516,1223.6021,422.5824,95.0817,15.5115,453.5610,52.7916
2041-07-08,32.7872,0.0000,25.9385,12.3237,1233.2079,428.4767,95.1327,16.4043,458.6017,54.6566
2041-07-09,35.5404,0.0000,18.8981,5.0272,1243.3091,435.4556,96.0922,12.9404,464.3379,47.1252
2041-07-10,35.7834,0.0000,24.4290,9.2648,1253.4541,442.0018,96.1436,16.1323,469.8230,54.0946
2041-07-11,35.1897,0.0000,26.1595,13.3466,1263.4923,448.2951,96.0009,19.4377,475.1366,60.6632
2041-07-12,34.9154,0.0000,25.5689,9.8592,1273.4811,454.5908,96.0404,16.3926,480.4339,54.6339
2041-07-13,35.7438,0.0000,29.9043,8.1282,1283.6189,460.6562,95.4467,13.8598,485.6214,49.2079
2041-07-14,33.9401,0.0000,37.4704,11.3262,1293.4321,465.8020,93.7923,12.9684,490.2349,47.1910
2041-07-15,34.9786,0.0000,35.2232,9.6590,1303.4323,471.2907,93.8429,12.0075,495.0684,44.9442
2041-07-16,36.1013,0.0000,30.0903,7.7427,1313.6345,477.3987,93.8936,10.9791,500.2749,42.4469
2041-07-17,38.2498,0.0000,25.1644,5.8538,1324.2235,484.3147,95.1948,11.9415,505.9868,44.7872
2041-07-18,38.8052,0.0000,23.9319,9.1356,1334.9124,491.4437,95.6045,14.8981,511.8227,51.4846
2041-07-19,38.7544,0.0000,27.1769,7.3249,1345.5922,498.2600,95.6557,13.6940,517.4775,48.8383
2041-07-20,38.4818,0.0000,23.3556,8.9175,1356.2229,505.3849,95.7069,14.9418,523.2801,51.5791
2041-07-21,38.8205,0.0000,19.5145,7.4841,1366.9146,512.9309,96.5316,15.5395,529.3082,52.8543
2041-07-22,39.1670,0.0000,19.6718,7.3117,1377.6687,520.5275,96.5870,15.5202,535.3623,52.8135
2041-07-23,43.7393,0.0026,14.7197,3.1344,1389.2458,529.5082,98.2928,15.7747,542.2872,53.3499
2041-07-24,46.2264,0.0110,16.4591,6.0992,1401.2705,538.7936,98.4018,18.5807,549.4365,59.0164
2041-07-25,45.4907,0.0003,18.2150,6.4545,1413.1629,547.7426,98.4540,19.0463,556.3660,59.9168
2041-07-26,43.0944,0.0000,16.6651,9.1300,1424.6238,556.3922,98.5061,21.9449,563.0405,65.3031
2041-07-27,38.5104,0.0000,22.3641,8.6095,1435.2597,563.6145,97.5108,18.7453,568.8108,59.3359
2041-07-28,40.7025,0.0000,18.7146,6.1593,1446.2902,571.5948,97.5626,16.6824,575.0346,55.2313
2041-07-29,42.3485,0.0000,22.5037,7.0521,1457.6169,579.5026,97.6145,17.5706,581.2693,57.0262
2041-07-30,38.1459,0.0000,27.5523,10.0054,1468.1872,586.1802,96.3987,17.3318,586.7270,56.5479
2041-07-31,35.9816,0.0000,27.8598,10.7343,1478.3679,592.4628,95.8682,16.7366,592.4377,55.3421
2041-08-01,36.3101,0.0000,28.5590,8.5992,1487.9077,597.9803,95.7268,14.7439,597.9164,51.1522
2041-08-02,38.9908,0.0000,23.6879,7.5211,1497.9300,604.2963,95.7780,14.0617,604.1791,49.6584
2041-08-03,38.3177,0.0004,31.3825,7.2981,1507.8312,609.8801,95.5414,13.4645,609.7247,48.3228
2041-08-04,37.7955,0.0000,32.6225,8.4350,1517.6384,615.2904,95.2177,13.6428,615.0995,48.7243
2041-08-05,37.3385,0.0000,32.7194,7.5220,1527.3633,620.6295,95.0934,12.8098,620.4034,46.8271
2041-08-06,39.1542,0.0000,19.2228,7.2210,1537.4151,627.3423,96.6218,15.5217,627.0508,52.8173
2041-08-07,39.2608,0.0025,22.4061,8.4857,1547.4860,633.8077,96.6733,16.6580,633.4558,55.1814
2041-08-08,38.5434,0.0000,34.6057,8.4664,1557.4278,639.1597,95.1079,13.4608,638.7726,48.3144
2041-08-09,38.3100,0.0000,30.9713,9.9485,1567.3276,644.7759,95.1590,14.6062,644.3463,50.8534
2041-08-10,36.8932,0.0000,31.6198,9.2794,1576.9724,650.1393,95.2012,14.2038,649.6704,49.9723
2041-08-11,36.9013,0.0000,34.2444,9.6910,1586.6186,655.2980,94.7600,13.6508,654.7946,48.7423
2041-08-12,36.9051,0.0000,23.5442,12.3451,1596.2655,661.2967,95.3539,16.9257,660.7370,55.7276
2041-08-13,35.7832,0.0000,20.3611,9.8355,1605.7105,667.3608,95.8527,15.9620,666.7402,53.7427
2041-08-14,35.7577,0.0000,20.0623,5.9675,1615.1509,673.4433,95.9347,13.2821,672.7606,47.9096
2041-08-15,34.8001,0.0005,33.9680,8.5429,1624.4189,678.3372,94.6041,12.6101,677.6210,46.3640
2041-08-16,35.5066,0.0003,31.1291,7.5882,1633.8141,683.5420,94.6549,12.1023,682.7851,45.1708
2041-08-17,35.8516,0.0000,29.3365,7.2183,1643.2714,688.9326,94.7058,11.9622,688.1302,44.8377
2041-08-18,34.8648,0.0000,36.8592,8.6785,1652.5511,693.6206,93.9596,11.6152,692.7893,44.0048
2041-08-19,34.9696,0.0000,34.9005,7.5167,1661.8496,698.4682,94.0103,11.0319,697.6036,42.5788
2041-08-20,35.7798,0.0000,31.4510,7.3068,1671.2940,703.6873,94.0610,10.9928,702.7806,42.4820
2041-08-21,36.8628,0.0000,33.1139,6.0237,1680.9333,708.9294,94.1117,10.3771,707.9815,40.9367
2041-08-22,36.6480,0.0000,40.5698,7.7990,1690.5339,713.5607,93.5412,10.4840,712.5878,41.2080
2041-08-23,36.2275,0.0000,42.9774,8.2739,1700.0588,717.9549,93.0168,9.9796,716.9626,39.9170
2041-08-24,36.8716,0.0000,31.8079,5.9282,1709.6997,723.3006,93.6122,9.6356,722.2633,39.0198
2041-08-25,36.9192,0.0000,24.9944,7.7775,1719.3492,729.1877,94.9968,12.8053,728.0900,46.8168
2041-08-26,30.8541,0.0000,37.0910,12.2721,1727.9069,733.3377,93.3744,12.8328,732.2161,46.8802
2041-08-27,28.9259,0.0000,44.9607,12.1082,1736.1176,736.7494,91.6177,9.9394,735.6211,39.8128
2041-08-28,28.7193,0.0000,33.1047,8.8141,1744.2911,740.8675,91.9468,8.8211,739.7118,36.8363
2041-08-29,30.7214,0.0000,25.9842,5.5050,1752.8249,745.7299,93.6042,9.4219,744.5293,38.4551
2041-08-30,31.6362,0.0000,34.6966,5.6786,1761.5234,750.1433,93.6548,9.5718,748.9122,38.8517
2041-08-31,31.6984,0.0000,40.4748,7.7306,1770.2331,754.1738,92.7839,9.3982,752.9232,38.3921
2041-09-01,32.6441,0.0000,36.4857,10.6237,1777.8131,757.9895,92.8342,10.9501,756.7130,42.3761
2041-09-02,33.1343,0.0000,27.7583,10.1948,1785.4813,762.3926,93.7703,12.2124,761.0737,45.4315
2041-09-03,33.1616,0.0000,17.4836,10.6353,1793.1543,767.4260,95.9523,16.8442,766.0457,55.5618
2041-09-04,31.4431,0.2698,30.4602,13.7319,1800.5181,771.4550,94.7047,16.6069,770.0393,55.0768
2041-09-05,32.5571,1.0624,48.9162,9.8110,1808.0824,774.5160,88.6316,5.7759,773.0958,27.7448
2041-09-06,34.3895,0.0000,48.9574,7.8906,1815.9765,777.7411,89.8455,6.2409,776.3152,29.2489
2041-09-07,33.8766,0.0000,32.4514,7.2971,1823.7783,781.9474,92.7484,9.1493,780.4854,37.7266
2041-09-08,35.8810,0.0000,26.0867,3.4976,1831.9409,786.8138,94.5101,9.6536,785.2997,39.0670
2041-09-09,34.6277,0.0015,35.7510,6.7051,1839.8778,790.9006,94.0926,10.7113,789.3549,41.7805
2041-09-10,34.7276,0.0000,25.1653,9.8969,1847.8328,795.6740,94.6281,13.5452,794.0759,48.5048
2041-09-11,33.0292,0.0000,33.4952,9.9948,1855.4821,799.7150,94.2351,12.8941,798.0829,47.0216
2041-09-12,33.5079,0.0000,44.6243,10.5138,1863.2175,803.1269,92.4020,10.2477,801.4811,40.6066
2041-09-13,33.5390,0.0000,46.5800,9.6821,1870.9585,806.4213,91.9005,9.1552,804.7654,37.7425
2041-09-14,32.8868,0.1749,48.4934,7.7682,1878.5821,809.5379,91.4502,7.7993,807.8760,33.9664
2041-09-15,29.6513,0.0067,43.9418,10.9985,1885.6234,812.6070,91.5000,9.2432,810.9337,37.9787
2041-09-16,23.6209,7.5328,52.5112,11.1584,1364.5960,98.6035,68.7446,1.0548,167.0332,6.8557
2041-09-17,23.7574,5.4932,63.6507,7.0961,1210.8888,61.5749,61.1004,0.6252,109.2598,3.1810
2041-09-18,25.8405,0.0014,55.0144,4.9117,1217.2441,63.7325,80.3453,1.5107,112.7117,7.9704
2041-09-19,30.5081,0.0001,39.9922,5.3970,1224.4395,67.1094,89.4625,5.2098,118.0443,21.6313
2041-09-20,30.2031,0.0002,47.3437,8.8671,1231.5801,70.0440,89.5502,6.2838,122.6493,25.0868
2041-09-21,29.8772,0.0000,46.8883,14.3435,1238.6620,72.9731,89.5994,8.3394,127.2104,30.8825
2041-09-22,28.5965,0.0000,53.1979,9.4759,1245.5134,75.4476,89.6486,6.5717,131.0492,26.5459
2041-09-23,29.8859,0.0001,53.9211,6.5767,1252.5968,77.9896,89.6979,5.7187,134.9702,24.3590
2041-09-24,25.7555,0.0020,56.3377,11.9653,1258.9368,80.0772,88.9454,6.7348,138.1811,27.5025
2041-09-25,27.0416,0.0012,41.0414,5.5651,1265.5083,83.0311,89.9689,5.6498,142.6618,24.6104
2041-09-26,24.4006,0.0008,60.0663,12.0042,1271.6044,84.8441,88.2564,6.1127,145.4298,26.1524
2041-09-27,26.8982,0.0000,56.9797,8.2594,1278.1501,86.9885,88.3052,5.0970,148.6799,23.1904
2041-09-28,27.7671,0.0021,59.0549,9.6926,1284.8522,89.0929,88.3540,5.5173,151.8604,24.6689
2041-09-29,23.3140,0.0756,61.6279,15.6380,1290.7527,90.7607,87.6243,6.7055,154.3825,28.3525
2041-09-30,21.3774,0.1468,54.1043,9.6516,1296.3046,92.5974,87.6729,4.9939,157.1339,23.2199
2041-10-01,26.0905,0.0000,30.7182,7.0743,1301.7049,95.4517,91.3681,7.4440,161.3286,30.7754
2041-10-02,28.9428,0.0000,29.6627,8.4395,1307.6186,98.6535,92.5760,9.4596,165.9978,36.3253
2041-10-03,28.3788,0.0013,45.5173,13.3408,1313.4308,101.0871,91.3376,10.1640,169.5508,38.2424
2041-10-04,28.8144,0.0018,56.0275,16.5304,1319.3214,103.0802,89.5744,9.2776,172.4718,36.1517
2041-10-05,24.4734,0.6024,56.4916,12.9365,1324.4306,104.7661,87.0011,5.3542,174.9372,25.0027
2041-10-06,24.1462,0.0000,38.2476,6.9938,1329.4809,107.1283,89.6153,5.7714,178.3321,26.4376
2041-10-07,25.4679,0.0000,43.8026,6.5248,1334.7692,109.3906,89.6645,5.6766,181.5782,26.2242
2041-10-08,28.8825,0.0000,37.8139,6.8842,1340.6720,112.2157,90.9057,6.9033,185.5951,30.0891
2041-10-09,29.9568,0.0000,36.5917,9.5164,1346.7682,115.1995,91.4503,8.5177,189.8093,34.7476
2041-10-10,29.0399,0.0000,42.4979,10.2727,1352.6994,117.8255,91.5001,8.9114,193.5119,35.8992
2041-10-11,27.8323,0.0000,45.9180,10.8290,1358.4133,120.1964,91.0587,8.6071,196.8484,35.1698
2041-10-12,26.8013,0.0000,46.7350,9.2510,1363.9415,122.4482,90.7280,7.5831,200.0071,32.4019
2041-10-13,26.6766,0.0002,45.7771,5.7146,1369.4473,124.7303,90.7776,6.3904,203.1931,28.9304
2041-10-14,27.5406,0.0005,40.3027,4.3852,1375.1086,127.3209,90.8272,6.0188,206.7780,27.8305
2041-10-15,27.3490,0.0161,37.9560,6.0647,1380.7354,129.9954,90.8769,6.5969,210.4552,29.6826
2041-10-16,26.2642,0.0019,41.1831,6.7349,1386.1670,132.4341,90.9265,6.8719,213.8017,30.5640
2041-10-17,26.7088,0.0215,47.4342,6.5557,1391.6785,134.6490,90.6003,6.5004,216.8466,29.4783
2041-10-18,27.7255,0.0022,48.6893,6.6583,1397.3731,136.8900,90.4961,6.4376,219.9203,29.3239
2041-10-19,27.9472,0.5442,50.3115,8.3298,1403.1076,139.0769,89.3744,5.9636,222.9151,27.8691
2041-10-20,27.4317,1.7495,55.6431,5.3630,1408.7493,121.6038,81.5274,1.7653,200.0390,11.1412
2041-10-21,27.6544,0.0000,36.4566,8.5376,1414.4311,124.3723,89.8000,6.4058,203.9179,28.9905
2041-10-22,26.6544,0.0000,31.7335,7.5085,1419.9329,127.2431,91.6142,7.8792,207.9085,33.3946
2041-10-23,24.2132,0.0005,47.3381,9.3445,1424.9953,129.2630,90.4155,7.2863,210.7357,31.7425
2041-10-24,24.1639,0.0000,48.7286,9.4703,1430.0488,131.2256,89.9719,6.8814,213.4778,30.5877
2041-10-25,24.5257,0.0000,50.7298,9.6418,1435.1674,133.1387,89.6504,6.6285,216.1479,29.8612
2041-10-26,24.9849,0.0001,52.1782,12.7859,1440.3687,135.0288,89.4420,7.5377,218.7826,32.5925
2041-10-27,24.3122,0.0014,50.2980,11.0452,1445.4489,136.9425,89.4912,6.9536,221.4374,30.9116
2041-10-28,24.4066,0.0000,49.8888,13.4503,1450.5461,138.8792,89.5404,7.9051,224.1150,33.7128
2041-10-29,25.0805,0.0000,51.0960,10.8951,1455.7646,140.8192,89.5896,6.9993,226.7930,31.1112
2041-10-30,25.3583,0.0000,48.8687,6.3881,1461.0331,142.8690,89.6388,5.6168,229.6070,26.8123
2041-10-31,25.7732,0.1454,39.8716,5.3285,1466.3763,145.3173,90.0843,5.6759,232.9272,27.0356
2041-11-01,28.4987,0.3796,32.7486,4.7018,1471.2101,147.9564,91.7419,6.9651,236.4617,31.1049
2041-11-02,28.6731,0.0000,28.2188,5.2246,1476.0752,150.7899,92.8203,8.3257,240.2279,35.0653
2041-11-03,27.6758,0.0000,33.9953,12.3458,1480.7609,153.3080,92.8706,12.0040,243.5716,44.4846
2041-11-04,25.2731,0.0000,47.2656,22.3634,1485.0140,155.1519,90.6286,14.4755,246.0393,50.0948
2041-11-05,28.0674,0.0051,41.9292,18.6322,1489.7701,157.3975,90.6782,12.0796,249.0209,44.7158
2041-11-06,26.3439,0.0000,41.2534,4.8895,1494.2160,159.5350,90.7277,6.0867,251.8468,28.4988
2041-11-07,28.8676,0.1140,29.2547,5.8327,1499.1162,162.3458,92.5356,8.2481,255.5146,34.9659
2041-11-08,28.8230,0.0094,34.3294,7.3147,1504.0084,164.9510,92.5858,8.9506,258.9121,36.9178
2041-11-09,27.0862,0.0022,48.4417,9.3153,1508.5879,166.8777,90.7667,7.6498,261.4519,33.2980
2041-11-10,24.4506,0.0011,54.3686,15.8700,1512.6930,168.4235,89.2011,8.5059,263.5013,35.7297
2041-11-11,25.8096,0.0007,51.2163,11.6720,1517.0427,170.1640,89.2502,6.9328,265.7939,31.1990
2041-11-12,18.5893,0.0037,55.9271,11.1382,1520.0928,171.3144,88.0633,5.6918,267.3133,27.2939
2041-11-13,20.5405,0.0000,36.8017,4.8515,1523.4940,173.1276,89.4423,5.0538,269.6490,25.1489
2041-11-14,22.6120,0.0000,38.0588,8.4127,1527.2682,175.0749,89.8889,6.4472,272.1551,29.7336
2041-11-15,22.3848,0.0000,42.8323,10.0691,1531.0015,176.8549,89.9382,7.0581,274.4512,31.6128
2041-11-16,22.5837,0.0000,46.7763,11.5214,1534.7705,178.5261,89.9361,7.5917,276.6126,33.1980
2041-11-17,21.2826,0.0000,42.7556,8.0973,1538.3054,180.2248,89.9854,6.4339,278.7927,29.7156
2041-11-18,21.1661,0.0000,41.4493,8.1460,1541.8193,181.9533,90.0348,6.4955,281.0024,29.9149
2041-11-19,21.5010,0.0000,45.9386,9.5835,1545.3935,183.5732,89.9330,6.8824,283.0804,31.1116
2041-11-20,20.9122,0.0002,45.0333,7.3297,1548.8617,185.1773,89.9549,6.1628,285.1311,28.8788
2041-11-21,19.9509,0.0027,42.3087,7.2665,1552.1568,186.7874,90.0042,6.1868,287.1772,28.9607
2041-11-22,20.2080,0.0374,42.2078,7.5021,1555.4983,188.4201,90.0536,6.3051,289.2476,29.3411
2041-11-23,19.4893,0.0048,47.9656,8.8583,1558.7104,189.8405,89.4327,6.1761,291.0585,28.9365
2041-11-24,18.1925,0.0002,43.4111,6.9892,1561.6890,191.2879,89.4819,5.6607,292.8878,27.2680
2041-11-25,18.6433,0.6719,47.8247,14.2950,1564.7488,192.6536,87.0005,5.7331,294.6218,27.5104
2041-11-26,14.0025,26.4671,89.1962,9.7722,844.1728,66.8473,27.2107,0.0025,111.6013,0.0076
2041-11-27,17.6109,6.1487,76.0561,12.2758,789.1743,41.0742,40.1529,0.0664,72.6902,0.1464
2041-11-28,20.6887,0.0766,61.9126,20.1804,792.6022,42.1745,72.6135,1.8947,74.4458,7.4940
2041-11-29,20.6381,0.1050,65.0697,15.9118,796.0211,43.1812,81.6323,3.0412,76.0489,11.3720
2041-11-30,20.1397,0.0078,65.6197,12.2979,799.3503,44.1493,83.8495,3.3520,77.5857,12.4442
2041-12-01,20.0292,0.0000,63.8586,16.5234,802.6595,45.0171,84.7388,4.6750,78.9627,16.2615
2041-12-02,19.8030,0.0000,66.2627,15.4584,805.9281,45.8185,84.7864,4.4596,80.2335,15.8237
2041-12-03,19.0183,0.0000,67.5445,11.9103,809.0554,46.5605,84.8340,3.7539,81.4085,13.9819
2041-12-04,18.5191,0.0000,63.2553,11.5062,812.0928,47.3797,84.8842,3.7036,82.6975,13.9631
2041-12-05,17.4208,0.0000,65.2793,11.9463,814.9325,48.1105,84.9319,3.8114,83.8461,14.3916
2041-12-06,17.9887,0.0430,62.9553,7.4705,817.8745,48.9141,84.9795,3.0619,85.1038,12.2238
2041-12-07,14.9251,1.3550,69.3678,9.7178,820.2650,49.4719,76.1910,1.3430,85.9798,6.0091
2041-12-08,13.6375,0.0000,44.3177,5.8283,822.4238,50.4045,83.3261,2.2589,87.4153,9.6815
2041-12-09,17.1463,0.0020,44.9751,9.5176,825.2141,51.5454,86.5977,4.2560,89.1668,16.2096
2041-12-10,13.7518,39.0240,87.4875,17.5915,511.0564,18.7277,30.7817,0.0103,34.3120,0.0134
2041-12-11,10.9359,14.9101,88.6524,13.9303,441.1020,8.4426,19.8918,0.0003,16.1142,0.0002
2041-12-12,11.8888,0.0005,62.6014,11.5308,442.9460,8.9947,50.0005,0.2934,17.1202,0.2414
2041-12-13,12.7298,0.0000,58.2144,8.5674,444.9414,9.6514,69.3119,0.9425,18.3098,0.8084
2041-12-14,13.0009,0.0000,56.8327,6.9882,446.9855,10.3431,78.5941,1.4108,19.5550,1.8506
2041-12-15,13.6604,0.0000,57.2384,5.9946,449.1484,11.0604,82.5335,2.0590,20.8379,3.3184
2041-12-16,15.2250,0.0000,63.0885,9.8498,451.5929,11.7451,83.7421,2.9212,22.0562,5.0618
2041-12-17,15.3543,0.0000,62.8767,7.6718,454.0607,12.4393,84.2018,2.7828,23.2839,4.9923
2041-12-18,15.1589,0.0005,66.0219,5.6966,456.4933,13.0671,84.2492,2.5353,24.3889,4.6787
2041-12-19,13.3085,0.5703,72.8443,10.4704,458.5928,13.5117,82.6125,2.6056,25.1695,4.9159
2041-12-20,11.7665,0.0080,64.2210,12.1876,460.4148,14.0349,83.2667,3.0883,26.0821,5.9540
2041-12-21,10.4892,0.0305,49.0483,14.8763,462.0068,14.7059,85.1104,4.5277,27.2439,8.6602
2041-12-22,10.4447,0.0001,44.2224,8.5296,463.5909,15.4377,86.2317,3.8452,28.5025,7.7017
2041-12-23,10.8377,0.0000,50.5177,7.6251,465.2456,16.1090,86.2798,3.6989,29.6512,7.6170
2041-12-24,13.2676,0.0000,54.6011,7.5522,467.3378,16.8502,86.3279,3.7104,30.9138,7.8319
2041-12-25,14.7696,0.0000,57.0294,5.6377,469.7003,17.6251,86.3761,3.3922,32.2270,7.4119
2041-12-26,14.1956,0.0000,53.5675,7.4321,471.9595,18.4322,86.4243,3.7385,33.5853,8.2855
2041-12-27,13.9701,0.0000,55.1707,8.7221,474.1782,19.2000,86.4724,4.0169,34.8701,9.0160
2041-12-28,14.8632,0.0000,62.4579,10.5436,476.5575,19.8810,86.1213,4.1903,36.0067,9.5236
2041-12-29,14.9682,0.0007,71.1053,5.7469,478.9558,20.4086,84.9351,2.7901,36.8877,6.7459
2041-12-30,15.6326,0.0002,65.3727,4.9063,481.4737,21.0670,84.9828,2.6919,37.9796,6.6486
2041-12-31,12.9549,9.4340,84.5918,7.4689,442.6373,10.8102,36.8283,0.0266,20.3764,0.0244
2042-01-01,14.0066,9.3244,78.4968,9.7711,408.0950,5.6165,32.7931,0.0117,10.8593,0.0074
2042-01-02,12.3254,0.0000,43.4667,5.5108,410.0176,6.5509,61.4329,0.5881,12.5985,0.4035
2042-01-03,13.1732,0.0000,35.9606,6.7862,412.0928,7.6762,78.8828,1.4339,14.6692,1.3364
2042-01-04,15.1475,0.0000,51.5375,10.7322,414.5233,8.6455,84.0082,3.1638,16.4341,4.5467
2042-01-05,13.5303,0.0003,71.0592,16.0902,416.6628,9.1668,84.0556,4.1707,17.3778,6.1965
2042-01-06,13.3032,0.0002,61.0479,15.6139,418.7613,9.8575,84.3278,4.2234,18.6192,6.5274
2042-01-07,13.2468,0.0016,68.8860,8.0830,420.8497,10.4070,84.3753,2.9083,19.6022,4.6659
2042-01-08,12.5957,0.0000,59.3579,15.2663,422.8210,11.0923,84.5490,4.2761,20.8191,7.0460
2042-01-09,13.1064,0.0000,52.6002,16.4850,424.8841,11.9213,85.4613,5.1544,22.2797,8.6476
2042-01-10,13.1070,0.0005,63.1681,15.3367,426.9474,12.5655,85.5092,4.8971,23.4086,8.5036
2042-01-11,12.8126,0.0000,64.5196,14.4004,428.9576,13.1732,85.3624,4.5771,24.4678,8.2200
2042-01-12,13.7913,0.0000,63.6280,13.4548,431.1441,13.8400,85.4102,4.3932,25.6236,8.1423
2042-01-13,14.4264,0.0000,60.4253,11.2747,433.4448,14.5964,85.4581,3.9624,26.9260,7.6483
2042-01-14,14.5920,0.0000,55.7818,6.2700,435.7754,15.4506,85.5222,3.1067,28.3853,6.3166
2042-01-15,15.1301,0.0000,45.1373,9.6717,438.2028,16.5469,86.8933,4.4729,30.2391,9.0996
2042-01-16,14.3729,0.0000,53.5006,14.2186,440.4940,17.4326,86.9416,5.6634,31.7263,11.3796
2042-01-17,14.9783,0.0724,64.3545,16.0142,442.8941,18.1382,85.9738,5.4070,32.9072,11.1821
2042-01-18,13.5137,1.3467,70.1518,15.4575,445.0305,18.6752,76.7426,1.8624,33.8040,4.2512
2042-01-19,13.4097,0.0000,65.9938,11.6256,447.1483,19.2826,80.9320,2.2601,34.8122,5.3037
2042-01-20,12.2627,0.0000,67.0343,10.4743,449.0596,19.8249,82.3015,2.5072,35.7087,5.9716
2042-01-21,13.2294,0.0000,49.4662,10.8268,451.1448,20.7164,85.0616,3.6672,37.1661,8.6565
2042-01-22,13.5038,0.0288,47.6499,11.7873,453.2795,21.6576,86.2387,4.5356,38.6933,10.6066
2042-01-23,11.1822,0.0000,24.5570,12.3138,454.9963,22.7983,89.5500,7.4755,40.5208,16.1259
2042-01-24,11.7885,0.0000,16.3867,11.7806,456.8223,24.1250,92.1199,10.4970,42.6227,21.2415
2042-01-25,13.1786,0.0000,31.2411,12.7467,458.8984,25.3337,91.5627,10.1846,44.5227,21.2482
2042-01-26,13.6097,0.0002,39.5966,12.3412,461.0522,26.4275,90.3424,8.3857,46.2303,18.8160
2042-01-27,14.2349,0.0017,53.3003,8.5821,463.3184,27.3092,88.3464,5.2113,47.6037,13.3308
2042-01-28,14.1059,0.0019,51.7762,10.7032,465.5615,28.2119,87.8784,5.4229,49.0006,13.9738
2042-01-29,12.7171,0.0000,56.5029,8.9985,467.5546,28.9518,87.0493,4.4207,50.1415,12.0481
2042-01-30,14.2034,0.0000,51.4780,11.7639,469.8152,29.8660,87.0976,5.1168,51.5409,13.7362
2042-01-31,15.0512,0.0000,52.9395,15.8765,472.2284,30.8017,87.1460,6.3386,52.9664,16.4262
2042-02-01,15.9980,0.0000,55.9298,9.6442,474.8120,31.8721,87.1945,4.6624,54.5842,13.1893
2042-02-02,14.3508,0.0000,56.9081,6.3198,477.0992,32.8179,86.9636,3.8157,56.0048,11.4060
2042-02-03,14.7577,0.0000,46.2569,7.4648,479.4596,34.0285,87.1318,4.1403,57.8012,12.4049
2042-02-04,15.6273,0.0000,47.1780,7.4435,481.9765,35.2836,87.1803,4.1645,59.6503,12.6901
2042-02-05,15.6814,0.0012,53.5045,5.8369,484.5031,36.3919,87.2287,3.8673,61.2772,12.1506
2042-02-06,15.7539,0.2565,55.8220,10.1166,487.0428,37.4496,87.2508,4.8132,62.8228,14.6322
2042-02-07,16.8765,0.0000,47.3309,8.8465,489.7846,38.7945,87.3328,4.5679,64.7645,14.2961
2042-02-08,17.1213,0.0000,41.7395,7.8995,492.5704,40.3025,88.1106,4.8677,66.9170,15.2888
2042-02-09,18.5402,0.0000,14.3242,6.2514,495.6117,42.6928,93.1980,9.2440,70.2557,25.0235
2042-02-10,20.4189,0.0000,8.7712,7.3315,498.9911,45.4814,95.9844,14.3232,74.0820,34.5805
2042-02-11,19.7340,0.0000,35.7958,5.9999,502.2472,47.3815,92.9682,8.8388,76.6786,25.3667
2042-02-12,18.4515,0.0000,41.4673,10.8798,505.2725,49.0071,90.9624,8.5116,78.8861,25.0730
2042-02-13,18.7210,0.0000,49.1644,12.7210,508.3462,50.4385,89.3741,7.4402,80.8275,23.0941
2042-02-14,18.6836,0.0000,47.7614,12.2133,511.4133,51.9065,89.1767,7.0497,82.8026,22.5159
2042-02-15,19.0066,0.0000,33.7352,12.7795,514.5385,53.7991,90.0191,8.1854,85.3010,25.3975
2042-02-16,18.1379,0.0000,45.2524,14.5795,517.5073,55.2952,89.5956,8.4346,87.2768,26.2381
2042-02-17,18.4403,0.0000,37.7238,13.2317,520.5306,57.0238,89.6449,7.9366,89.5282,25.4842
2042-02-18,18.7748,0.0003,36.1611,10.6422,523.6140,58.8261,89.7011,7.0221,91.8537,23.7034
2042-02-19,17.8470,0.3669,46.4092,7.8243,526.5305,60.2685,89.3563,5.7986,93.7186,20.9028
2042-02-20,20.0145,0.0036,32.7260,6.0482,529.8371,62.2863,90.3145,6.0826,96.2773,21.9318
2042-02-21,20.3939,0.2583,23.9982,4.8720,533.2120,64.6067,92.0335,7.3210,99.1728,25.3581
2042-02-22,21.7465,0.0000,12.3899,8.5983,536.8304,67.4500,95.0695,13.4796,102.6548,38.8229
2042-02-23,22.1711,0.0000,8.8858,5.8510,540.5252,70.4619,96.4873,14.2270,106.2858,40.8208
2042-02-24,22.4807,0.0000,6.7452,5.9318,544.2757,73.5856,97.3571,16.0479,109.9936,44.7387
2042-02-25,22.7567,0.0000,5.9100,13.5009,548.0759,76.7742,97.7899,24.8889,113.7228,59.6109
2042-02-26,20.6548,0.0027,37.7178,9.8229,551.4978,78.6989,93.0179,10.7915,116.0108,35.3691
2042-02-27,19.8194,0.5154,47.8638,4.6710,554.7692,80.2482,90.2742,5.6422,117.8708,22.8784
2042-02-28,22.1227,0.0000,23.0813,4.6169,558.4553,82.7855,92.4606,7.6765,120.8019,28.6195
2042-03-01,22.8265,0.0000,40.1923,7.7677,562.2681,85.2248,91.4903,7.8437,123.6098,29.3073
2042-03-02,21.1872,0.0000,46.0763,6.0138,565.7858,87.2734,90.2818,6.0437,125.9693,24.6752
2042-03-03,22.8417,0.0000,35.4080,4.3249,569.6013,89.9095,90.4876,5.7165,128.9380,23.9465
2042-03-04,23.4030,0.0000,32.9009,5.0071,573.5178,92.7121,91.0051,6.3699,132.0555,26.0526
2042-03-05,23.3124,0.0000,33.8231,5.2320,577.4181,95.4659,91.0548,6.4883,135.0935,26.6003
2042-03-06,22.9531,0.0001,35.2287,6.1044,581.2536,98.1216,91.1045,6.8280,138.0026,27.7508
2042-03-07,23.0256,0.0000,33.9619,6.1018,585.1023,100.8374,91.1542,6.8756,140.9471,28.0768
2042-03-08,23.7739,0.0000,30.0310,4.9815,589.0856,103.8041,91.6616,6.9839,144.1192,28.5773
2042-03-09,23.9921,0.0000,33.3049,4.0781,593.1081,106.6567,91.7115,6.7205,147.1567,28.0135
2042-03-10,25.3232,0.0000,20.8731,9.0605,597.3703,110.2207,93.7352,11.4777,150.8556,40.2540
2042-03-11,25.1455,0.0001,22.8458,6.4945,601.6005,113.6724,93.7858,10.1567,154.4069,37.4073
2042-03-12,24.1520,0.0021,20.6166,5.4065,605.6519,117.0895,93.8945,9.7611,157.8748,36.6513
2042-03-13,20.4474,0.1717,42.5368,13.2517,609.0364,119.2001,91.1585,9.8639,160.0755,37.0273
2042-03-14,19.8591,0.0000,37.5480,7.3836,612.3150,121.4313,91.1420,7.3216,162.3643,30.4801
2042-03-15,19.0527,0.6827,64.6548,10.4261,615.4485,122.6455,86.3013,4.2725,163.7242,21.0000
2042-03-16,20.0103,0.4604,51.7303,18.4278,618.7544,124.3824,86.9474,7.0073,165.5616,29.7236
2042-03-17,16.4256,0.0002,35.1722,15.6806,621.4150,126.3191,88.9519,8.1290,167.5107,32.9261
2042-03-18,19.3157,0.0000,22.6627,10.4613,624.5958,129.0105,91.9352,9.5687,170.1563,36.7915
2042-03-19,20.7702,0.0000,14.8429,10.6285,628.0384,132.1851,94.3592,13.5428,173.2232,46.1761
2042-03-20,23.7471,0.0000,16.5195,7.1153,632.0169,135.7209,94.7765,12.0164,176.6215,42.9447
2042-03-21,23.2530,0.0012,22.8665,19.1857,635.9065,138.9229,94.6587,21.7215,179.7004,62.3038
2042-03-22,17.4974,0.0000,23.0938,17.2873,638.7600,141.3609,93.9861,17.9893,182.0180,55.6238
2042-03-23,18.5565,0.0000,26.5190,10.0411,641.8041,143.8230,93.4085,11.5228,184.3613,42.1124
2042-03-24,19.9599,0.0000,29.9216,6.4202,645.1009,146.3387,92.9084,8.9526,186.7618,35.8176
2042-03-25,22.7164,0.0000,18.1235,4.5280,648.8939,149.6627,94.0315,9.5174,189.8541,37.3773
2042-03-26,23.6099,0.0000,10.6107,6.1092,652.8477,153.4278,96.0568,13.6002,193.2909,47.1287
2042-03-27,23.5891,0.0001,20.2839,7.2047,656.7977,156.7827,95.5659,13.4460,196.3748,46.8889
2042-03-28,22.9427,0.0015,27.1602,8.7176,660.6314,159.7679,94.2805,12.1665,199.1369,44.0828
2042-03-29,20.6828,0.0007,39.6579,10.7761,664.0583,162.0084,91.7645,9.4896,201.2630,37.6029
2042-03-30,19.6105,0.0000,43.4105,12.5953,667.2922,164.0062,90.4574,8.6346,203.1733,35.3858
2042-03-31,21.4986,0.0000,42.6381,7.1511,670.8659,166.2159,90.4786,6.5829,205.2798,29.5560
2042-04-01,20.8972,0.0000,44.9312,11.2063,675.5814,169.1526,90.0949,7.6440,208.0659,32.7303
2042-04-02,20.0239,0.0001,38.3748,9.6046,680.1397,172.3085,90.1443,7.1014,210.9869,31.2037
2042-04-03,23.0920,0.0000,31.9483,9.1982,685.2503,176.2997,91.0799,7.9521,214.5816,33.7114
2042-04-04,24.1437,0.0000,30.4343,9.5929,690.5502,180.5570,91.6529,8.8000,218.3712,36.1041
2042-04-05,25.5710,0.0000,32.1437,6.4401,696.1069,184.9445,91.7028,7.5606,222.2610,32.7048
2042-04-06,23.6701,0.1730,43.7099,10.1896,701.3216,188.3248,90.8838,8.1290,225.3604,34.3584
2042-04-07,17.5375,10.7739,63.9413,10.1079,626.5485,75.1804,54.1002,0.4269,115.6640,1.9718
2042-04-08,21.0897,0.0045,50.6253,9.6528,631.2987,77.8365,78.0921,1.5442,118.9942,8.3692
2042-04-09,23.8045,0.0000,44.1254,6.4422,636.5375,81.2100,86.6638,3.6793,123.1432,17.0908
2042-04-10,23.9984,0.0246,42.9708,8.6764,641.8112,84.6800,88.8194,5.6040,127.3529,23.5020
2042-04-11,22.3288,2.9797,50.2533,6.0163,635.1708,67.6527,74.5276,1.0115,106.8529,5.2975
2042-04-12,23.1095,0.2600,48.4664,6.6296,640.2845,70.6773,84.8641,2.8887,110.7829,13.5219
2042-04-13,19.7593,0.0045,46.6425,16.8750,644.7952,73.3756,87.3371,6.8498,114.2484,25.8538
2042-04-14,19.6382,0.0088,30.5358,6.7570,649.2841,76.8680,90.1552,6.1617,118.6260,24.4071
2042-04-15,17.3234,4.5353,52.0153,15.3677,629.2098,53.6675,69.1257,1.3198,88.4702,6.0307
2042-04-16,19.6510,0.0126,48.9078,9.6792,633.7010,56.2378,82.5647,2.4888,92.0526,10.8307
2042-04-17,22.0847,0.0000,34.6468,8.5033,638.6302,59.9112,88.9854,5.6893,97.0591,20.9938
2042-04-18,24.4079,0.0000,32.1659,8.7350,643.9776,64.1060,91.0557,7.7418,102.6626,26.7992
2042-04-19,25.9928,0.0000,30.1060,8.8675,649.6103,68.6967,91.9872,8.8954,108.6650,30.2389
2042-04-20,27.2482,0.0000,28.5070,7.5074,655.4690,73.6101,92.5909,9.0444,114.9481,31.3300
2042-04-21,27.1456,0.0000,25.2618,11.6636,661.3092,78.7279,93.2747,12.2732,121.3419,39.1607
2042-04-22,27.7984,0.0000,20.0055,11.3749,667.2669,84.3322,94.5126,14.3624,128.1682,44.2007
2042-04-23,28.8243,0.0000,17.4387,10.2368,673.4093,90.3217,95.3326,15.1756,135.2815,46.6074
2042-04-24,29.0717,0.0000,26.8894,10.0194,679.5962,95.6695,94.9035,14.1545,141.5297,45.2186
2042-04-25,30.9038,0.0017,26.7319,7.5038,686.1129,101.3542,94.9544,12.5568,148.0373,42.4332
2042-04-26,27.6436,3.6409,43.0541,13.5609,673.3192,73.9630,81.9874,2.8188,116.0550,13.5739
2042-04-27,21.5860,0.1659,51.6137,18.9088,678.1587,76.6242,86.3936,6.6371,119.4946,25.7820
2042-04-28,20.8497,1.2853,49.7083,16.0284,682.8657,79.3004,83.5782,3.9031,122.9156,17.8433
2042-04-29,24.0984,0.0018,34.2722,6.3349,688.1574,83.3156,89.5812,5.5557,127.9145,23.3991
2042-04-30,24.0047,0.2389,43.5245,11.1958,693.4322,86.7528,89.6304,7.1480,132.1680,28.2088
2042-05-01,27.8393,0.0000,24.2878,4.9206,700.8473,92.5211,93.1239,8.5554,139.1261,32.4082
2042-05-02,29.6077,0.0005,26.2943,7.8500,708.5807,98.4797,93.5055,10.4588,146.1715,37.5654
2042-05-03,23.3274,0.0020,39.1571,17.5393,715.1836,102.3925,91.8158,13.4402,150.8074,44.5390
2042-05-04,23.6892,0.0007,23.7027,9.3053,721.8517,107.3717,92.9308,10.3861,156.5343,38.0879
2042-05-05,26.9218,0.0001,17.1318,4.9139,729.1016,113.4851,94.8796,10.9080,163.3906,39.7208
2042-05-06,29.2964,0.0035,19.4983,5.2959,736.7789,119.9271,94.9951,11.2974,170.4805,40.9987
2042-05-07,28.6359,0.0643,27.2810,7.7217,744.3374,125.6199,94.7183,12.2906,176.6907,43.5718
2042-05-08,26.7322,0.4526,37.2032,8.6782,751.5532,130.2211,92.8721,9.9805,181.7242,38.2856
2042-05-09,26.9289,0.1612,41.3438,9.2386,758.8044,134.5494,91.8775,8.9238,186.4477,35.7323
2042-05-10,24.7740,0.0411,37.9222,15.0421,765.6677,138.7780,91.8929,11.9812,191.0060,43.4103
2042-05-11,21.0214,0.3212,43.9924,14.5492,771.8556,142.0398,90.5354,9.6348,194.5671,37.8103
2042-05-12,24.6174,0.0053,40.9129,11.2056,778.6907,146.0403,90.5849,8.1988,198.8478,34.1033
2042-05-13,25.2637,2.9826,44.4123,8.8007,769.3531,99.2863,79.6145,1.7034,150.1347,10.0754
2042-05-14,23.0796,6.0471,56.9878,8.8792,728.3457,61.3293,65.4506,0.8397,101.3281,4.2066
2042-05-15,19.9054,0.7242,48.6491,13.3217,734.3326,64.1690,81.0857,2.5049,105.3280,11.7596
2042-05-16,19.0005,4.7689,58.9671,13.3180,708.2806,44.6599,65.6546,1.0584,77.1572,4.3591
2042-05-17,22.3110,0.0030,48.3361,9.1095,714.7006,47.8441,82.6162,2.4340,81.9700,9.9017
2042-05-18,24.3308,0.0000,41.0506,8.4798,721.4842,51.7908,88.4131,5.2344,87.8213,18.7482
2042-05-19,24.6666,0.0000,38.0218,10.0979,728.3281,55.9951,90.0385,7.1706,93.9354,24.3294
2042-05-20,22.7139,0.1618,46.5448,9.9196,734.8206,59.3464,90.0075,7.0750,98.7537,24.7103
2042-05-21,26.7784,0.0000,36.1858,4.5426,742.0448,64.0300,90.8759,6.1090,105.3366,22.9963
2042-05-22,29.3442,0.0001,31.4694,6.6954,749.7307,69.5227,92.2397,8.2627,112.8775,29.2484
2042-05-23,31.2033,0.0003,29.1768,7.1436,757.7513,75.5457,93.1188,9.5627,120.9464,33.1972
2042-05-24,30.0417,0.0028,30.8935,11.7919,765.5628,81.2115,93.1692,12.1721,128.3771,39.7664
2042-05-25,25.8191,0.0000,36.7078,12.4794,772.6142,85.6969,92.4760,11.4332,134.1850,38.7673
2042-05-26,28.4981,0.0000,30.9626,8.9174,780.1479,91.0764,92.5262,9.6224,141.0009,35.1856
2042-05-27,28.3752,0.0000,36.1954,10.6710,787.6594,96.0276,92.5764,10.5859,147.1926,37.9378
2042-05-28,26.9697,0.0000,40.3047,12.5337,794.9180,100.4389,91.9644,10.6660,152.6569,38.5054
2042-05-29,26.3177,0.0000,39.1994,13.1857,802.0592,104.8276,91.9336,10.9743,158.0222,39.5675
2042-05-30,26.5265,0.0000,39.1866,11.0275,809.2380,109.2506,91.9598,9.8800,163.3641,37.2422
2042-05-31,29.3692,0.0000,24.5295,7.4780,816.9284,115.3045,93.6847,10.5239,170.4604,39.1599
2042-06-01,31.0692,0.0001,22.6982,10.3146,825.9249,121.8512,94.5075,13.6057,178.0367,46.5432
2042-06-02,27.6992,0.0002,36.1554,15.2582,834.3147,126.6918,93.0204,14.1964,183.6608,48.0578
2042-06-03,26.7635,0.0005,36.8999,14.0835,842.5361,131.3205,92.5347,12.4985,188.9969,44.5283
2042-06-04,27.7848,0.0000,24.3521,10.9709,850.9414,137.0731,93.5461,12.3095,195.4404,44.3056
2042-06-05,29.9621,0.0000,17.6586,8.8797,859.7386,143.8067,95.3661,14.2374,202.8060,48.8018
2042-06-06,30.1507,0.0004,20.0487,7.1170,868.5697,150.3844,95.4172,13.1185,209.9094,46.5207
2042-06-07,30.2127,0.0001,28.5487,8.1213,877.4120,156.2746,94.8150,12.7083,216.2564,45.7262
2042-06-08,32.2768,0.0000,26.5584,8.1232,886.6258,162.7279,94.8660,12.7987,223.0921,46.0563
2042-06-09,31.4626,0.0000,22.1161,12.0888,895.6931,169.4046,94.9170,15.7393,230.0394,52.5640
2042-06-10,27.8960,0.0000,27.0143,13.2185,904.1184,174.9760,94.6264,16.0094,235.8437,53.2115
2042-06-11,28.9792,0.0000,26.0421,11.8488,912.7386,180.8327,94.6773,15.0466,241.8677,51.2735
2042-06-12,29.3972,0.0000,26.0420,9.9593,921.4341,186.7707,94.7282,13.7762,247.9137,48.5813
2042-06-13,30.9852,0.0000,25.2934,7.6005,930.4155,193.0811,94.7791,12.3182,254.2542,45.3208
2042-06-14,32.6720,0.0000,25.7777,5.4861,939.7004,199.6802,94.8300,11.1510,260.8096,42.5789
2042-06-15,34.4008,0.0115,21.8479,8.8731,949.2966,206.9844,95.2927,14.0909,267.9237,49.4395
2042-06-16,35.8947,0.0003,17.8107,7.6001,959.1616,214.9892,96.3956,15.3471,275.5641,52.1978
2042-06-17,37.2510,0.0000,17.6246,6.4868,969.2708,223.3062,96.7013,15.1185,283.3899,51.7524
2042-06-18,37.3013,0.0000,20.5371,6.4403,979.3890,231.3397,96.7528,15.1877,290.8981,51.9328
2042-06-19,38.3650,0.0000,19.8549,6.0605,989.6987,239.6666,96.8044,15.0033,298.5750,51.5666
2042-06-20,38.6264,0.0000,18.9087,7.6381,1000.0555,248.1477,96.8560,16.3573,306.2919,54.4359
2042-06-21,36.8694,0.0000,23.3978,9.1477,1010.0960,255.8049,96.8269,17.5815,313.2713,56.9351
2042-06-22,36.1304,0.0000,27.2605,9.1833,1020.0034,262.9344,96.0656,15.8977,319.7850,53.5161
2042-06-23,37.4038,0.0000,22.4572,8.1908,1030.1401,270.7947,96.1170,15.2275,326.8140,52.1156
2042-06-24,31.0084,0.0000,35.5566,18.2434,1039.1256,276.2422,93.7360,18.2334,331.9017,58.2632
2042-06-25,25.9400,0.0005,38.1978,15.3567,1047.1988,280.6417,92.3411,12.9682,336.1015,47.1353
2042-06-26,29.6872,0.0000,35.3428,10.5149,1055.9465,285.8823,92.3912,10.2327,340.9776,40.5237
2042-06-27,34.7908,0.0000,30.3086,6.4358,1065.6129,292.4673,93.5068,9.7413,346.9058,39.2589
2042-06-28,37.3852,0.0000,23.8753,5.5606,1075.7462,300.1802,95.2836,11.9099,353.6505,44.6766
2042-06-29,37.6647,0.0187,25.5776,8.7646,1085.9298,307.7753,95.3347,14.0946,360.2761,49.6971
2042-06-30,36.2568,0.0335,27.8904,6.3345,1095.8601,314.8671,95.3858,12.5574,366.4845,46.2134
2042-07-01,34.5278,0.1901,35.3976,5.7409,1105.7791,320.2726,94.2826,10.4749,371.5270,41.1625
2042-07-02,33.3996,0.0661,37.8235,5.1354,1115.4950,325.3104,93.5632,9.1954,376.2833,37.8317
2042-07-03,35.9809,0.0393,31.0532,4.8413,1125.6755,331.3148,93.6455,9.1645,381.7401,37.7509
2042-07-04,37.2125,0.0000,27.2509,7.8911,1136.0778,337.8607,94.5967,12.1903,387.5704,45.3625
2042-07-05,36.5230,0.0000,26.6920,8.1028,1146.3559,344.3382,94.6476,12.4076,393.3179,45.8759
2042-07-06,35.9088,0.0101,30.1404,8.9313,1156.5235,350.4102,94.6985,13.0274,398.7679,47.3147
2042-07-07,33.7891,0.0000,37.7969,10.7354,1166.3096,355.5071,93.6323,12.3112,403.5189,45.6526
2042-07-08,30.6189,0.0000,43.1680,13.4418,1175.5250,359.7407,92.1506,11.4631,407.6234,43.6257
2042-07-09,30.4003,0.0000,42.9496,11.7105,1184.7010,363.9613,91.9754,10.2486,411.7105,40.6001
2042-07-10,33.5464,0.0000,35.4070,9.4908,1194.4434,369.2172,92.3318,9.6369,416.5401,39.0156
2042-07-11,35.0333,0.0000,34.6612,9.9325,1204.4534,374.7619,92.7368,10.4317,421.5859,41.0683
2042-07-12,35.5943,0.0000,32.5604,10.0018,1214.5644,380.5738,93.2481,11.2454,426.8067,43.0981
2042-07-13,35.0469,0.0000,30.5955,11.6633,1224.5768,386.4658,93.5640,12.7783,432.0519,46.7480
2042-07-14,34.2253,0.0000,31.7457,12.2803,1234.4414,392.1284,93.6145,13.2748,437.1209,47.8873
2042-07-15,33.6073,0.0000,31.8921,11.2762,1244.1947,397.6800,93.6650,12.7089,442.0948,46.5887
2042-07-16,31.5372,0.0000,34.0888,13.3322,1253.5754,402.7321,93.7156,14.1957,446.6942,49.9498
2042-07-17,30.8533,0.0000,35.3277,10.7621,1262.8330,407.5854,93.4805,12.0698,451.1465,45.0899
2042-07-18,36.1677,0.0000,26.4404,6.4239,1273.0471,414.0237,94.5660,11.2738,456.7135,43.1709
2042-07-19,35.3056,0.0000,30.2218,9.9891,1283.1061,419.9898,94.6168,13.5873,461.9570,48.5965
2042-07-20,35.6155,0.0000,23.1880,8.6164,1293.2209,426.6132,95.2021,13.7386,467.5955,48.9364
2042-07-21,34.4742,0.0000,21.1542,8.5355,1303.1303,433.2006,95.4696,14.1915,473.1648,49.9425
2042-07-22,34.0360,0.0000,25.0930,7.0597,1312.9607,439.3819,95.5208,13.2665,478.4668,47.8720
2042-07-23,34.4523,0.0112,27.5858,6.6612,1322.8662,445.4282,95.5598,13.0721,483.6915,47.4285
2042-07-24,35.3768,0.0000,27.7875,6.2746,1332.9380,451.6145,95.6110,12.9095,489.0174,47.0553
2042-07-25,36.2103,0.0000,26.3630,8.3573,1343.1598,458.0670,95.6622,14.4381,494.5147,50.4851
2042-07-26,37.5589,0.0000,21.5304,8.4380,1353.6244,465.1914,95.9100,14.9926,500.4321,51.6877
2042-07-27,38.0232,0.0000,21.7207,7.0160,1364.1726,472.3840,95.9613,14.0532,506.3888,49.6384
2042-07-28,36.4985,0.0000,30.8592,10.7921,1374.4463,478.4893,95.3671,15.6800,511.6627,53.1503
2042-07-29,34.3990,0.0000,32.6466,12.8750,1384.3421,484.1046,94.6657,15.8201,516.5848,53.4447
2042-07-30,31.4154,0.0004,41.6458,13.2925,1393.7009,488.5608,92.6325,12.1764,520.7502,45.3456
2042-07-31,33.5810,0.0000,34.9563,5.3135,1403.4495,493.8586,92.6827,8.2030,525.4590,35.1185
2042-08-01,36.9190,0.0000,32.9830,7.2790,1413.0989,499.1187,93.3807,9.9869,530.1253,39.9352
2042-08-02,36.5490,0.0000,35.0508,7.4138,1422.6817,504.1669,93.4311,10.1260,534.6572,40.2940
2042-08-03,38.1813,0.0000,34.9423,6.5060,1432.5584,509.4427,93.4816,9.7415,539.3658,39.2972
2042-08-04,38.3502,0.0000,31.3055,7.6018,1442.4654,515.0374,93.9860,11.0421,544.2547,42.6036
2042-08-05,38.3104,0.0000,29.4181,10.8480,1452.3653,520.7801,94.3737,13.7207,549.2202,48.8987
2042-08-06,36.9969,0.0000,32.4141,10.7499,1462.0287,526.0957,94.4245,13.7491,553.9019,48.9622
2042-08-07,36.4964,0.0159,29.4968,8.4929,1471.6021,531.5679,94.4753,12.3573,558.6505,45.7724
2042-08-08,37.1563,0.0000,32.0145,7.3587,1481.2942,536.9373,94.5261,11.7529,563.3599,44.3363
2042-08-09,35.9244,0.0012,34.3489,10.0947,1490.7646,541.9553,94.5132,13.4662,567.8330,48.3264
2042-08-10,32.4767,0.0018,40.3266,9.3522,1499.6144,546.0917,93.0189,10.5399,571.7080,41.3490
2042-08-11,35.6674,0.0000,35.8030,5.4243,1509.0386,550.9646,93.0692,8.7084,576.0895,36.5273
2042-08-12,37.1922,0.0000,32.0468,5.7919,1518.7371,556.3365,93.6233,9.5845,580.7913,38.8852
2042-08-13,37.9284,0.0000,26.9029,7.7348,1528.5683,562.2261,94.7863,12.4141,585.7954,45.9059
2042-08-14,36.7435,0.0000,26.3402,7.7240,1538.1861,567.9809,94.8372,12.4944,590.6825,46.0939
2042-08-15,35.3228,0.0000,26.8079,7.0850,1547.5482,573.4844,94.8882,12.1834,595.3825,45.3628
2042-08-16,34.7191,0.0020,37.0042,9.6158,1556.8016,578.1428,93.9305,12.1279,599.6043,45.2313
2042-08-17,33.8185,0.0055,43.9201,8.3345,1565.8930,582.1855,92.5508,9.3763,603.4641,38.3338
2042-08-18,35.1807,0.0000,41.6475,6.9990,1575.2295,586.5561,92.6010,8.8282,607.5450,36.8556
2042-08-19,36.1660,0.0001,37.7616,6.8475,1584.7434,591.3443,92.6512,8.8231,611.8819,36.8418
2042-08-20,36.7357,0.0000,33.4556,7.5121,1594.3598,596.5421,93.2597,9.9357,616.4553,39.8031
2042-08-21,34.2839,0.0000,38.0587,9.5657,1603.5349,601.0669,93.3101,11.0967,620.5853,42.7388
2042-08-22,32.1132,0.0000,39.5561,8.8117,1612.3193,605.2113,92.9305,10.1305,624.4386,40.3062
2042-08-23,33.2556,0.0000,37.0103,7.0541,1621.3093,609.6789,92.9808,9.3375,628.5017,38.2306
2042-08-24,33.4998,0.0000,42.4295,7.6017,1630.3432,613.7912,92.6342,9.1429,632.3835,37.7094
2042-08-25,34.8535,0.0023,38.8271,7.5893,1639.6208,618.3317,92.6844,9.2019,636.5377,37.8680
2042-08-26,35.0512,0.0000,34.5833,8.3169,1648.9341,623.2139,92.7764,9.6697,640.8785,39.1094
2042-08-27,35.7516,0.0000,31.6883,7.1253,1658.3734,628.4110,93.4359,9.9865,645.4077,39.9347
2042-08-28,36.9316,0.0000,28.6658,7.8845,1668.0250,634.0118,94.2586,11.6312,650.1874,44.0434
2042-08-29,32.4673,0.7722,45.7038,11.2523,1676.8732,637.7744,89.9279,7.4806,653.8464,33.0377
2042-08-30,28.2200,0.0588,55.3804,12.8890,1684.9568,640.4753,89.4576,7.5940,656.8019,33.3700
2042-08-31,27.7153,0.0003,48.9117,9.8795,1692.9495,643.5144,89.5068,6.5716,659.9180,30.2893
2042-09-01,25.7742,0.0000,51.0857,12.6271,1699.2929,645.8547,89.5559,7.6009,662.3534,33.3903
2042-09-02,28.4322,0.0000,38.7847,6.8446,1706.1147,649.0733,90.6566,6.6490,665.3414,30.5294
2042-09-03,32.4858,0.0000,25.9561,5.9505,1713.6661,653.5008,93.7945,9.8941,669.1020,39.6952
2042-09-04,33.2249,0.0000,24.5966,4.9094,1721.3506,658.1087,94.4629,10.2982,672.9806,40.7358
2042-09-05,33.9253,0.0000,30.8239,6.3798,1729.1611,662.4224,94.5138,11.1682,676.7277,42.9150
2042-09-06,33.3174,0.0000,38.2352,9.0996,1736.8623,666.2070,93.4821,11.1023,680.1768,42.7526
2042-09-07,33.5314,0.0000,36.5485,7.9249,1744.6019,670.1192,93.5326,10.5381,683.6991,41.3446
2042-09-08,33.7260,0.0000,34.0104,9.0018,1752.3766,674.2108,93.5831,11.2043,687.3207,43.0036
2042-09-09,33.8848,0.0000,32.8501,8.5642,1760.1799,678.3932,93.6336,11.0373,690.9941,42.5921
2042-09-10,34.4820,0.0015,36.2478,9.7216,1768.0906,682.4318,93.6842,11.7827,694.6127,44.4082
2042-09-11,29.7649,12.8362,60.8705,12.5405,1144.5219,91.4070,70.1948,1.1842,152.3879,7.3897
2042-09-12,27.6473,2.1029,61.6372,5.6654,1151.2024,80.3218,74.6209,0.9986,136.7843,6.0276
2042-09-13,30.1054,0.0048,51.0201,9.5728,1158.3253,83.0430,86.8258,4.4082,140.8426,20.5494
2042-09-14,30.2310,0.0000,51.7184,18.1190,1165.4709,85.7361,88.5994,8.7382,144.8357,33.2801
2042-09-15,31.0262,0.0000,53.7753,20.7638,1172.7596,88.3800,88.6483,10.0542,148.7376,36.7894
2042-09-16,30.5120,0.0000,52.1398,16.6660,1179.9558,91.0736,88.7530,8.3023,152.6851,32.6498
2042-09-17,30.8273,0.0038,45.5193,8.1113,1187.2087,94.1704,89.8434,6.3087,157.1731,27.3224
2042-09-18,29.8266,0.0009,48.2789,8.8068,1194.2815,97.0182,89.8927,6.5801,161.2818,28.3046
2042-09-19,29.0319,0.0000,41.1042,5.7090,1201.2112,100.1777,90.4134,6.0648,165.7895,26.9414
2042-09-20,30.8162,0.0023,39.8235,14.3057,1208.4622,103.5971,90.9898,10.1550,170.6262,38.2697
2042-09-21,26.7546,0.1766,50.7110,20.9756,1214.9820,106.0414,90.0685,12.4587,174.0958,43.8318
2042-09-22,23.7937,6.2113,72.0538,15.3283,1086.7483,62.3836,64.1066,1.1001,109.1090,5.8314
2042-09-23,25.4372,0.7060,66.3817,5.8571,1093.0310,63.9719,77.5132,1.2163,111.6129,6.5070
2042-09-24,30.3041,0.0000,43.9010,5.8363,1100.1897,67.1085,88.2920,4.5027,116.4579,19.3543
2042-09-25,30.3946,0.0000,40.1689,10.3910,1107.3648,70.4633,90.6313,7.9213,121.5850,29.3126
2042-09-26,29.5091,0.0000,44.3892,11.1201,1114.3804,73.4938,90.6809,8.2761,126.1831,30.6313
2042-09-27,30.7213,0.0000,47.8633,9.4748,1121.6143,76.4475,90.7304,7.6717,130.6353,29.4756
2042-09-28,30.1828,0.0000,50.1825,8.8201,1128.7512,79.2221,90.6426,7.3303,134.7929,28.8961
2042-09-29,28.1532,0.0000,48.7429,11.1672,1135.5228,81.8916,90.5499,8.1420,138.7647,31.3248
2042-09-30,27.2230,0.0000,44.1711,10.0016,1142.1269,84.7068,90.5995,7.7321,142.9151,30.5389
2042-10-01,28.0266,0.0000,31.7720,8.1936,1147.8757,87.7179,91.9486,8.5516,147.2958,32.9679
2042-10-02,29.6184,0.0000,27.0368,5.0675,1153.9110,91.1140,93.2172,8.7321,152.1860,33.7351
2042-10-03,30.5114,0.0000,27.9429,6.0136,1160.1071,94.5653,93.3394,9.3161,157.1132,35.5026
2042-10-04,28.1484,0.0228,45.6028,10.6713,1165.8778,96.9761,91.4321,9.0048,160.5635,34.9001
2042-10-05,26.2916,2.5881,58.7170,12.6656,1171.3143,78.0742,79.0743,1.9633,133.8448,10.8414
2042-10-06,21.7706,0.9433,59.3851,17.1267,1175.9370,79.4817,82.4026,3.5498,135.9852,17.3176
2042-10-07,21.3673,0.4656,53.0069,9.2985,1180.4871,81.0814,85.9589,3.8467,138.3983,18.4959
2042-10-08,22.8645,0.0000,36.2278,7.2287,1185.3067,83.3971,89.5158,5.7573,141.8441,24.8901
2042-10-09,24.2701,0.0000,24.6626,5.8441,1190.3793,86.2931,92.4180,8.1173,146.1072,31.7645
2042-10-10,27.7128,0.0000,26.1114,11.1662,1196.0716,89.5189,93.1786,11.8098,150.8181,40.9989
2042-10-11,28.2584,0.0001,30.7037,9.4976,1201.8621,92.6014,93.2290,10.9341,155.2907,39.3039
2042-10-12,23.1035,0.0020,48.1688,9.1952,1206.7248,94.5023,90.5088,7.3287,158.0593,30.3002
2042-10-13,24.4635,0.0000,32.8719,5.6116,1211.8322,97.1024,91.1709,6.7238,161.7940,28.7466
2042-10-14,26.0872,0.0003,25.2652,7.1678,1217.2319,100.1810,92.8978,9.2825,166.1713,35.8854
2042-10-15,24.3682,0.0004,43.7113,8.5786,1222.3222,102.3532,91.2398,7.8850,169.2709,32.3357
2042-10-16,23.8414,0.0000,17.7415,8.6676,1227.3176,105.4618,94.0714,11.7900,173.6252,42.2899
2042-10-17,24.0496,0.0000,14.1977,6.2015,1232.3506,108.7315,95.2792,12.2934,178.1640,43.6427
2042-10-18,25.2399,0.0000,15.3102,7.5017,1237.5977,112.1114,95.3729,13.2947,182.8197,46.0721
2042-10-19,23.4826,0.0000,24.5694,9.3497,1242.5286,114.9210,94.6529,13.2220,186.6777,46.0634
2042-10-20,23.7886,0.0000,24.9635,6.4641,1247.5145,117.7508,94.4090,11.0550,190.5397,41.2120
2042-10-21,24.8672,0.0000,24.8515,6.6706,1252.6946,120.7075,94.4547,11.2411,194.5490,41.7790
2042-10-22,24.5723,0.0016,35.6499,6.0987,1257.8216,123.2106,92.8881,8.7837,197.9464,35.6698
2042-10-23,20.9156,0.0008,52.9904,7.9245,1262.2905,124.7788,89.5849,6.0222,200.1059,27.7279
2042-10-24,21.1771,0.0160,40.6719,7.7319,1266.8063,126.7814,89.6341,6.0063,202.8179,27.7257
2042-10-25,19.8620,1.9933,61.8532,12.1140,1271.0855,105.7352,77.0331,1.6071,175.0638,10.0420
2042-10-26,19.0026,0.0001,36.5806,6.5222,1275.2100,107.6670,86.3596,3.5385,177.8037,18.6580
2042-10-27,20.3004,0.0215,41.8928,6.2450,1279.5680,109.5511,88.2673,4.5801,180.4738,22.5404
2042-10-28,21.8631,0.0003,53.9759,5.3174,1284.2074,111.1525,88.3161,4.4016,182.7590,21.9637
2042-10-29,23.4906,0.0000,37.4239,5.3331,1289.1397,113.4841,89.8631,5.5001,186.0277,25.7657
2042-10-30,23.5217,0.0002,42.8710,8.0750,1294.0776,115.6154,89.9124,6.3598,189.0136,28.5444
2042-10-31,18.7960,0.1792,52.5385,10.5847,1298.1649,117.0461,88.7008,6.0655,191.0323,27.6808
2042-11-01,21.3953,0.0000,23.9287,5.9643,1301.7200,119.3149,91.8962,7.5866,194.1424,32.2817
2042-11-02,21.1934,0.9892,41.6929,12.2186,1305.2388,121.0383,87.1748,5.2933,196.5175,25.3038
2042-11-03,14.5611,7.2881,77.9085,16.2733,1115.9367,64.6967,50.4434,0.3930,113.0135,1.6623
2042-11-04,14.0973,1.2127,67.8378,11.5095,1118.1782,65.3448,64.2139,0.9117,114.0301,4.9781
2042-11-05,15.7706,0.0000,50.1943,5.2544,1120.7209,66.4588,78.1448,1.2428,115.7566,6.7822
2042-11-06,17.8552,0.0000,44.1481,3.1575,1123.6389,67.8624,84.7377,2.3835,117.9202,11.9776
2042-11-07,19.9793,0.0004,46.5797,4.6990,1126.9391,69.3553,87.0754,3.5729,120.2147,16.5440
2042-11-08,17.5272,0.0017,62.1652,12.5286,1129.7980,70.2897,86.6048,4.9583,121.6573,21.1489
2042-11-09,17.6164,13.6614,83.5133,23.4700,889.8401,33.8098,45.6095,0.2946,61.7538,0.5770
2042-11-10,16.8797,11.7171,85.3275,12.0442,762.3354,15.5358,31.2518,0.0089,29.5653,0.0104
2042-11-11,15.7758,16.2862,88.8069,5.2118,628.7676,7.0403,17.6501,0.0001,13.6972,0.0000
2042-11-12,21.8224,0.4186,68.0851,7.2512,632.3996,8.0102,53.1047,0.3348,15.5288,0.2597
2042-11-13,17.1549,26.3675,84.5953,10.9927,474.8669,3.5528,29.2935,0.0049,6.9751,0.0025
2042-11-14,15.5649,1.6500,78.3101,11.4502,477.3726,3.3871,47.3135,0.2058,6.6562,0.1009
2042-11-15,18.4789,0.0088,67.2147,5.4495,480.4028,4.2382,67.3449,0.7559,8.2934,0.4132
2042-11-16,17.4816,0.0000,54.2424,11.1436,483.2535,5.3654,80.4490,2.0912,10.4410,1.9272
2042-11-17,16.9212,0.0000,60.8763,14.3287,486.0033,6.3002,83.6940,3.6377,12.2048,4.3789
2042-11-18,18.8156,0.0000,58.1286,9.5081,489.0941,7.4058,85.2066,3.5008,14.2713,4.6272
2042-11-19,18.5929,0.2973,64.6473,5.0779,492.1448,8.3288,85.2544,2.8189,15.9814,3.9414
2042-11-20,19.7065,0.0232,62.3402,4.9258,495.3960,9.3676,85.3022,2.8159,17.8896,4.2450
2042-11-21,17.8589,0.4592,67.9875,5.5918,498.3146,10.1723,85.3500,2.9314,19.3567,4.6660
2042-11-22,14.2248,0.0001,58.4808,14.5591,500.5791,11.0159,85.3978,4.6366,20.8829,7.5952
2042-11-23,12.3629,0.0000,47.9629,7.0253,502.5084,11.9447,86.1197,3.5087,22.5494,6.1441
2042-11-24,12.8116,0.0093,53.4614,5.6132,504.5185,12.8030,86.1678,3.2899,24.0785,6.0168
2042-11-25,14.6407,0.0082,66.2945,6.0870,506.8578,13.5064,85.5532,3.0915,25.3257,5.8499
2042-11-26,15.4798,0.0009,70.0600,3.3339,509.3482,14.1646,84.9934,2.4905,26.4876,4.8577
2042-11-27,15.7898,0.0001,57.0868,5.5546,511.8944,15.1255,85.3337,2.9193,28.1701,5.9239
2042-11-28,16.3807,0.0000,55.7674,6.1144,514.5469,16.1506,85.6687,3.1460,29.9510,6.6106
2042-11-29,15.7042,0.0001,56.7565,10.4655,517.0776,17.1141,85.7166,3.9436,31.6124,8.3749
2042-11-30,12.8542,0.0001,50.8922,13.2266,519.0954,18.0226,85.9804,4.7028,33.1664,10.0094
2042-12-01,11.3495,0.0001,42.0647,10.2941,520.8423,18.8422,86.9306,4.6399,34.5589,10.1324
2042-12-02,13.0903,0.0000,43.1195,7.2958,522.9026,19.7595,87.3071,4.2091,36.1078,9.5754
2042-12-03,14.5028,0.0000,49.5891,5.8097,525.2171,20.6533,87.3556,3.9325,37.6093,9.2569
2042-12-04,14.9809,0.0000,51.8196,5.2444,527.6176,21.5338,87.4041,3.8486,39.0801,9.2966
2042-12-05,14.6595,5.4424,82.1462,9.3290,506.7418,13.4171,48.6465,0.2213,25.1682,0.2326
2042-12-06,14.8967,0.0003,70.9959,3.3153,509.1272,13.9444,63.6369,0.5881,26.1015,0.6330
2042-12-07,15.7283,0.0000,65.6592,4.6149,511.6623,14.6011,74.6162,0.9468,27.2576,1.2472
2042-12-08,17.6166,0.0000,61.3591,6.0691,514.5373,15.4230,81.1915,1.7593,28.6956,3.5249
2042-12-09,17.7251,0.0000,66.0104,5.6863,517.4318,16.1501,83.0928,2.1762,29.9622,4.5990
2042-12-10,17.6329,0.0000,66.1449,5.2666,520.3098,16.8708,83.8048,2.3381,31.2115,5.0933
2042-12-11,16.2246,0.0000,64.5972,6.0755,522.9342,17.5678,84.1178,2.5390,32.4133,5.6700
2042-12-12,15.1683,1.1907,83.0350,5.4112,525.3685,17.8814,73.6691,0.9413,32.9584,1.6523
2042-12-13,13.1828,0.1929,63.7074,15.9019,527.4454,18.4705,80.2904,2.6129,33.9673,6.0122
2042-12-14,11.7279,0.0000,40.7420,9.7098,529.2604,19.3343,85.2113,3.5388,35.4327,8.1538
2042-12-15,12.0843,0.0011,44.1617,14.6807,531.1396,20.1709,86.5636,5.4941,36.8439,12.0588
2042-12-16,12.8411,0.6876,57.3338,12.9132,533.1550,20.8469,83.9773,3.5168,37.9810,8.4566
2042-12-17,14.4867,0.7623,70.8218,8.3240,535.4666,21.3637,80.7453,1.8742,38.8522,4.7356
2042-12-18,13.5636,6.3590,83.2297,5.7997,508.5993,12.5454,41.2476,0.0587,23.6334,0.0592
2042-12-19,14.4772,0.5523,78.3713,7.1111,510.9092,12.9283,57.4912,0.4920,24.3182,0.5055
2042-12-20,16.3883,0.1099,73.9832,7.1430,513.5631,13.4453,70.3757,0.9075,25.2388,0.9555
2042-12-21,16.3244,0.9040,74.4249,9.9020,516.2055,13.9518,73.7967,1.1872,26.1374,1.8960
2042-12-22,14.7322,8.8939,79.3883,9.9537,477.0605,7.3648,41.7291,0.0788,14.1822,0.0580
2042-12-23,13.1975,13.1474,89.5398,8.0834,421.0175,3.3026,20.5707,0.0002,6.4782,0.0001
2042-12-24,11.9500,2.1272,79.1124,15.0794,422.8725,2.4137,39.0666,0.0619,4.7595,0.0261
2042-12-25,10.5863,0.0008,40.1981,14.0903,424.4820,3.2079,68.1128,1.1982,6.2968,0.5720
2042-12-26,11.0395,1.5997,69.1618,15.5066,426.1732,3.0951,67.8913,1.2776,6.0798,0.6000
2042-12-27,9.7426,10.7532,91.5714,14.9107,386.1280,1.0486,26.6657,0.0028,2.0830,0.0009
2042-12-28,10.4057,2.6841,79.0690,15.5307,387.7051,0.3600,39.3895,0.0675,0.7183,0.0167
2042-12-29,11.5251,0.0051,65.6874,15.1093,389.4836,0.8523,62.8023,1.0245,1.6953,0.3032
2042-12-30,11.2359,0.0039,66.8867,13.9575,391.2100,1.3165,74.3190,1.4933,2.6110,0.5019
2042-12-31,11.4093,0.0000,44.0944,8.3535,392.9677,2.1112,82.3424,2.2645,4.1665,0.9026
2043-01-01,12.5401,0.0000,34.5499,7.1498,394.9289,3.2103,86.8113,3.8935,6.2927,3.1988
2043-01-02,13.0918,0.0000,27.3037,8.0247,396.9895,4.4804,89.4742,5.9574,8.7149,5.9858
2043-01-03,12.0934,0.0000,33.3948,6.8552,398.8703,5.5622,89.5234,5.6562,10.7497,6.3410
2043-01-04,14.2526,0.0000,40.7617,5.6252,401.1397,6.6819,89.5726,5.3539,12.8295,6.6127
2043-01-05,13.9348,0.0000,44.5016,8.9994,403.3520,7.7091,89.1283,5.9542,14.7151,7.8353
2043-01-06,14.3155,0.0802,56.3455,7.1725,405.6328,8.5376,87.6319,4.3817,16.2216,6.2398
2043-01-07,13.9797,0.0014,67.6374,7.4692,407.8531,9.1384,85.7224,3.3937,17.3073,5.0501
2043-01-08,14.1717,0.0000,54.9107,8.7521,410.1081,9.9861,85.7703,3.6446,18.8262,5.7085
2043-01-09,14.1335,0.0000,51.4769,7.5179,412.3561,10.8961,86.0595,3.5665,20.4418,5.8774
2043-01-10,14.3582,0.0001,65.0619,6.9290,414.6446,11.5610,85.6408,3.2651,21.6153,5.5832
2043-01-11,13.1978,0.0005,73.2999,7.1352,416.7242,12.0310,84.3052,2.7465,22.4422,4.8072
2043-01-12,12.4321,0.0058,64.9960,5.1532,418.6659,12.6141,84.3526,2.5014,23.4611,4.4929
2043-01-13,12.8232,0.0001,58.3390,5.1201,420.6781,13.3282,84.6446,2.5981,24.7000,4.8398
2043-01-14,12.7833,0.0036,64.0187,4.2261,422.6831,13.9432,84.6921,2.4998,25.7618,4.7853
2043-01-15,13.2960,2.7244,79.6203,3.1296,424.7804,10.9087,58.2127,0.4248,20.5011,0.3911
2043-01-16,14.5812,0.0002,70.6473,5.0991,427.1090,11.4753,70.2835,0.8163,21.5061,0.7748
2043-01-17,13.2345,0.1411,77.7287,10.6959,429.1952,11.8684,75.8562,1.3809,22.2019,2.0403
2043-01-18,11.6641,22.0906,87.0842,15.2613,343.1608,5.1437,29.3916,0.0063,9.9158,0.0038
2043-01-19,10.4581,13.1470,86.8081,6.6898,302.3198,2.1768,18.2361,0.0001,4.2766,0.0000
2043-01-20,10.6862,4.5485,88.2871,5.0619,293.5819,0.7966,19.5556,0.0001,1.5824,0.0000
2043-01-21,13.4063,0.0038,73.9065,8.6257,295.6990,1.2625,44.3577,0.1148,2.4984,0.0380
2043-01-22,13.8642,0.0000,61.4097,4.4381,297.8985,1.9735,64.0557,0.6341,3.8826,0.2457
2043-01-23,14.3654,0.0000,62.3774,6.0816,300.1883,2.6898,75.4360,1.0668,5.2617,0.4693
2043-01-24,14.4792,0.0003,67.9876,12.0069,302.4986,3.3038,80.3402,2.1588,6.4319,1.2187
2043-01-25,12.7683,0.5102,68.8115,12.6669,304.5009,3.8363,81.8566,2.6525,7.4383,2.1234
2043-01-26,12.6702,0.3300,64.0013,7.2021,306.4855,4.4465,83.0139,2.3253,8.5818,1.9324
2043-01-27,12.8180,0.0018,62.4609,11.3676,308.4967,5.0897,83.7248,3.1462,9.7763,3.2340
2043-01-28,9.8168,0.0001,36.2425,14.5211,309.9678,5.9466,86.8060,5.6406,11.3489,6.5061
2043-01-29,10.3084,0.0000,36.0972,11.2688,311.5273,6.8441,87.8422,5.5508,12.9756,6.8793
2043-01-30,11.5095,0.0000,36.3814,10.1084,313.3030,7.8317,88.2793,5.5741,14.7422,7.3927
2043-01-31,14.5241,0.0000,34.4503,8.0490,315.6213,9.0926,89.0422,5.6060,16.9634,8.0138
2043-02-01,16.3694,0.0000,42.9630,5.9762,318.2718,10.5079,89.0912,5.0857,19.4135,7.9161
2043-02-02,16.5848,0.0000,58.4372,6.2914,320.9611,11.5521,87.5724,4.1559,21.1968,6.9364
2043-02-03,16.7862,0.0000,61.9629,5.8589,323.6866,12.5185,86.7228,3.6027,22.8296,6.3477
2043-02-04,15.8370,0.0000,63.1984,9.4118,326.2413,13.4039,86.2053,4.0050,24.3107,7.2694
2043-02-05,16.3775,0.0000,59.2230,14.4201,328.8932,14.4162,86.2534,5.1898,25.9850,9.4772
2043-02-06,16.6416,0.0000,61.5957,8.9074,331.5927,15.3841,86.3015,3.9579,27.5704,7.7483
2043-02-07,15.6220,0.0002,62.4602,10.8586,334.1087,16.2758,86.1615,4.2815,29.0177,8.5562
2043-02-08,16.0274,0.0311,63.3426,14.6534,336.6976,17.1677,86.0556,5.1070,30.4534,10.2176
2043-02-09,17.3936,0.0042,64.4377,12.3468,339.5324,18.1019,86.0541,4.5457,31.9459,9.5211
2043-02-10,17.0762,0.0832,67.2588,9.3983,342.3101,18.9473,85.6352,3.6949,33.2882,8.1570
2043-02-11,18.3653,0.0009,59.1784,4.9860,345.3199,20.0760,85.6832,2.9782,35.0567,6.9367
2043-02-12,17.7306,0.5569,63.2727,5.3837,348.2154,21.0584,84.5985,2.6163,36.5855,6.3186
2043-02-13,17.3474,0.0002,57.7123,12.0408,351.0419,22.1665,85.3580,4.0615,38.2887,9.6143
2043-02-14,16.0908,0.0005,61.5228,16.7283,353.6423,23.1061,85.4058,5.1779,39.7236,11.9900
2043-02-15,17.3706,0.0507,58.4486,12.0587,356.4730,24.1963,85.5047,4.1489,41.3721,10.2396
2043-02-16,17.7086,0.0051,54.1160,7.9007,359.3646,25.4222,86.0833,3.6482,43.2037,9.4287
2043-02-17,17.5921,0.0000,48.2509,6.4543,362.2351,26.7963,86.9523,3.8355,45.2282,10.1046
2043-02-18,16.8416,0.0000,46.2880,10.7544,364.9706,28.1652,87.3843,5.0659,47.2203,12.9788
2043-02-19,17.1270,0.0000,45.1663,8.8928,367.7575,29.5849,87.6767,4.8092,49.2624,12.7557
2043-02-20,18.4476,0.0000,31.8385,5.0416,370.7820,31.4776,89.7817,5.3570,51.9330,14.2941
2043-02-21,18.6822,0.0000,33.4750,6.1857,373.8488,33.3470,90.1194,5.9563,54.5332,15.9224
2043-02-22,17.9492,0.0000,20.5361,9.9600,376.7837,35.4972,92.3498,9.8926,57.4608,23.6849
2043-02-23,18.5267,0.0004,20.2149,11.5005,379.8225,37.7216,92.9629,11.6532,60.4375,27.2228
2043-02-24,19.7333,0.0001,29.4870,5.1610,383.0785,39.8083,92.7834,8.2561,63.1983,21.8817
2043-02-25,21.7358,0.0000,18.7347,5.2341,386.6949,42.4445,93.7524,9.4877,66.6106,24.7977
2043-02-26,20.2889,0.0000,19.1059,5.4383,390.0509,44.9023,93.8030,9.6534,69.7350,25.6910
2043-02-27,21.2494,0.0000,13.6293,4.4285,393.5798,47.6443,94.9608,10.7635,73.1507,28.3657
2043-02-28,22.4154,0.3703,7.3064,5.0962,397.3186,50.7406,96.9143,14.5034,76.9223,35.5114
2043-03-01,23.8476,0.0015,24.8825,8.2724,401.3152,53.9350,95.1632,13.4311,80.7417,34.5481
2043-03-02,23.4878,0.0000,32.4363,8.8689,405.2470,56.7668,93.3942,10.8403,84.0866,30.5564
2043-03-03,22.8240,0.0002,43.9748,6.7950,409.0593,59.0515,91.2051,7.1718,86.7832,23.3615
2043-03-04,22.6257,0.0010,47.6599,6.2146,412.8359,61.1683,90.1414,5.9837,89.2698,20.8426
2043-03-05,19.8658,0.0000,40.3855,7.5730,416.1158,63.2988,90.1908,6.4531,91.7178,22.3123
2043-03-06,20.4926,0.0000,42.1008,7.6982,419.5085,65.4299,90.2402,6.5401,94.1492,22.8297
2043-03-07,21.6508,0.0016,35.7762,7.5949,423.1096,67.9206,90.2896,6.5523,96.9382,23.1998
2043-03-08,21.2581,0.0000,31.8228,13.8752,426.6401,70.5189,90.8721,9.7717,99.7988,30.9846
2043-03-09,21.0201,0.0000,39.8560,20.5339,430.1277,72.7867,90.8940,13.7102,102.2966,39.1916
2043-03-10,20.2506,0.0000,42.1198,16.6007,433.4768,74.8932,90.4807,10.6010,104.6044,33.4348
2043-03-11,18.9562,0.7760,44.7971,15.4512,436.5929,76.7805,87.1478,6.2058,106.6650,23.3912
2043-03-12,16.5267,2.2302,57.1878,14.2201,439.2717,66.9354,75.0166,1.5697,96.9414,7.5307
2043-03-13,18.7798,1.1538,55.9624,7.4990,442.3561,68.4277,78.2592,1.4054,98.6898,6.8889
2043-03-14,19.5765,0.0022,56.4930,9.5527,445.5838,69.9611,83.9691,2.9658,100.4809,13.1112
2043-03-15,20.3361,0.0018,56.1341,9.8947,448.9484,71.5639,85.7733,3.8623,102.3432,16.2261
2043-03-16,18.7058,2.5527,65.4531,6.4038,452.0194,59.9450,69.4180,0.8480,90.0386,3.8754
2043-03-17,20.8804,2.4444,62.1149,5.6363,455.4819,51.8741,67.7581,0.7736,80.7554,3.1689
2043-03-18,23.4922,0.0000,42.9878,4.3440,459.4145,54.2640,83.7000,2.2012,83.7867,9.2216
2043-03-19,24.5732,0.0003,39.6481,6.1190,463.5416,56.9052,88.7859,4.9028,87.0839,17.7835
2043-03-20,24.9003,0.0000,35.5140,4.7508,467.7277,59.7632,90.4721,5.8275,90.5892,20.6084
2043-03-21,23.8137,0.0909,39.6234,12.6628,471.7181,62.3273,90.5216,8.7439,93.7026,27.8745
2043-03-22,21.8991,0.0000,35.5914,6.4769,475.3640,64.8524,90.5711,6.4477,96.7176,22.9113
2043-03-23,24.3641,0.0024,27.3953,13.6888,479.4535,68.0038,92.1909,11.6728,100.4050,34.9789
2043-03-24,25.4144,0.0063,29.5172,7.8232,483.7321,71.1894,92.2409,8.7475,104.0844,29.3201
2043-03-25,27.9015,0.0108,25.4731,9.2729,488.4584,74.8737,93.3050,10.9264,108.2605,34.6349
2043-03-26,22.4223,0.0000,41.9568,12.7034,492.1984,77.2010,91.3120,9.8069,110.9112,32.5754
2043-03-27,20.5468,0.1960,60.5529,11.6948,495.6008,78.6566,88.0201,5.8176,112.6261,22.9154
2043-03-28,23.3762,0.0018,51.2700,4.5031,499.5126,80.6897,88.0688,4.0775,114.9555,17.8888
2043-03-29,25.4073,0.0001,37.6661,6.4450,503.7899,83.5062,90.1070,6.0239,118.0809,23.9763
2043-03-30,23.9323,0.0000,46.4575,12.2268,507.8017,85.7909,90.1564,8.1185,120.6314,29.7118
2043-03-31,22.6651,0.4999,51.0628,6.1054,511.5854,87.7734,89.4341,5.3771,122.8520,22.4997
2043-04-01,28.1227,0.3081,34.8397,10.2531,517.6015,92.3896,91.2953,8.6472,127.7654,31.6945
2043-04-02,20.9600,1.5636,57.2902,12.9781,522.3283,90.4490,81.3566,2.5398,126.2450,13.0039
2043-04-03,19.6162,0.2171,53.4085,15.9278,526.8132,92.7890,85.5350,5.0633,128.8439,21.9713
2043-04-04,18.3073,0.0044,35.0479,14.7934,531.0625,95.8450,88.9759,7.8004,132.0911,29.9278
2043-04-05,16.9456,3.2835,58.9191,16.2366,524.4036,71.2593,70.8312,1.4567,106.3797,7.4599
2043-04-06,20.7504,0.4999,58.8322,14.6542,529.0927,73.4401,82.2064,3.0590,109.0416,14.0259
2043-04-07,18.4315,1.6567,60.6822,16.3377,533.3643,71.2370,77.6706,2.0886,106.8097,10.2115
2043-04-08,15.8805,2.9533,57.9158,21.0400,528.4505,57.4182,70.6574,1.8450,90.3061,8.3056
2043-04-09,15.7335,0.0895,49.1837,9.1474,532.2365,59.4920,81.5857,2.1509,92.9967,9.6518
2043-04-10,18.3987,0.0431,39.6232,5.1373,536.5023,62.3461,86.8889,3.5570,96.6215,14.7812
2043-04-11,19.7760,0.0022,47.1796,7.3878,541.0160,65.0193,87.6134,4.4178,99.9951,17.7260
2043-04-12,23.8360,0.0000,35.2913,5.2447,546.2605,68.9312,90.1127,5.6750,104.8009,21.7704
2043-04-13,26.9330,0.0000,31.4127,6.6329,552.0624,73.5924,91.7510,7.6868,110.3946,27.5720
2043-04-14,29.1056,0.0080,31.3599,7.4068,558.2554,78.6188,92.3306,8.6748,116.2937,30.6113
2043-04-15,22.0468,3.1267,50.6295,20.1226,552.7815,62.5027,78.5556,2.7251,97.4569,12.0516
2043-04-16,18.3862,2.8682,56.4519,18.3448,548.4314,51.7874,72.7736,1.7384,83.7936,7.5004
2043-04-17,16.3059,0.0639,47.6990,13.0246,552.3204,53.9944,83.1413,3.1696,86.7799,12.7106
2043-04-18,17.1716,0.0010,33.3567,9.5854,556.3653,56.9464,88.3091,5.4523,90.6872,19.6506
2043-04-19,17.7342,0.0072,36.3920,14.2219,560.5115,59.8508,89.2463,7.8790,94.4803,26.0533
2043-04-20,16.4026,1.1426,49.1855,13.6796,564.4179,62.0069,83.3890,3.3827,97.2925,14.2738
2043-04-21,18.3621,0.1584,53.2921,13.4694,568.6771,64.2107,85.7699,4.6223,100.1508,18.3433
2043-04-22,19.2695,0.0007,43.8662,12.1805,573.0996,66.9827,87.7899,5.7684,103.6728,21.9103
2043-04-23,20.7099,0.0000,32.9984,8.2358,577.7814,70.5254,90.0676,6.5557,108.0720,24.4584
2043-04-24,21.8188,0.0000,35.0507,7.8703,582.6628,74.1341,90.3671,6.7179,112.4878,25.3339
2043-04-25,23.7415,0.0000,31.7974,7.4190,587.8903,78.2416,91.2302,7.4273,117.4162,27.6571
2043-04-26,25.3562,0.0000,30.1372,5.8087,593.4084,82.7224,91.8930,7.5239,122.6876,28.4055
2043-04-27,27.3084,0.0000,28.2887,8.5255,599.2779,87.6613,92.6325,9.5764,128.3760,33.9848
2043-04-28,28.2204,0.0024,24.9263,7.2959,605.3116,92.9977,93.4962,10.1577,134.3809,35.9005
2043-04-29,29.9903,0.0076,26.6031,4.7222,611.6638,98.5298,93.5467,8.9851,140.4847,33.5871
2043-04-30,31.3404,0.3414,24.2695,5.6821,618.2591,104.4857,94.2074,10.3360,146.9043,37.3300
2043-05-01,27.9201,0.4248,41.6991,12.5257,625.6887,108.9399,92.1313,10.9162,151.8030,39.0321
2043-05-02,22.9007,0.2021,51.7038,19.1497,632.2148,111.9915,89.5904,10.6110,155.2361,38.5421
2043-05-03,18.6127,0.0975,45.9780,17.0495,637.9691,114.7951,89.4485,9.3529,158.3549,35.6642
2043-05-04,17.7692,0.6376,49.1457,13.4298,643.5716,117.3213,86.8783,5.3940,161.1841,24.6721
2043-05-05,17.1193,15.4851,69.1437,15.0149,548.7969,55.3719,51.0207,0.3946,88.4364,1.0624
2043-05-06,17.8634,13.3895,67.9151,11.6693,484.4947,27.5284,45.6310,0.1631,48.2088,0.2673
2043-05-07,20.6063,0.7772,53.4686,4.2470,490.6078,30.1874,69.8763,0.7718,52.3257,2.0495
2043-05-08,25.0302,0.0000,42.6697,6.9007,497.5173,34.1313,85.4737,3.1855,58.2690,10.0653
2043-05-09,27.0309,0.0000,39.3727,7.8677,504.7868,38.6213,89.7226,6.1248,64.8402,17.8567
2043-05-10,25.1692,0.0007,48.1354,9.9514,511.7213,42.2081,89.7719,6.8511,69.9849,20.1905
2043-05-11,21.9410,0.4641,58.9836,13.3991,518.0747,44.6961,88.0850,6.3986,73.5325,19.7278
2043-05-12,20.1323,0.0026,44.3224,16.2731,524.1025,47.8084,88.3612,7.6945,77.8607,23.2025
2043-05-13,21.6589,0.0001,29.6681,9.0153,530.4051,52.0224,90.9195,7.7010,83.5566,24.0785
2043-05-14,25.5991,0.0000,26.9045,7.5439,537.4169,57.1603,92.4783,8.9187,90.3075,27.7404
2043-05-15,28.7381,0.0001,31.2530,5.2921,544.9938,62.5606,92.5285,8.0184,97.2209,26.7453
2043-05-16,30.1974,0.0000,28.8124,5.4378,552.8333,68.4261,93.0503,8.6913,104.5125,29.2475
2043-05-17,32.3954,0.0000,23.6483,7.6143,561.0685,75.1590,94.4681,11.8105,112.6068,37.0700
2043-05-18,32.9304,0.0000,24.6075,11.1613,569.3999,81.9134,94.5190,14.2211,120.4921,42.9454
2043-05-19,33.3172,0.0000,24.2450,8.7297,577.8010,88.7775,94.6117,12.7427,128.2802,40.9500
2043-05-20,33.7700,0.0000,23.2516,6.1294,586.2836,95.8230,94.8880,11.6104,136.0539,39.3343
2043-05-21,35.1471,0.0004,21.4055,8.4060,595.0141,103.3230,95.5066,14.1704,144.0926,45.4887
2043-05-22,28.9490,0.0015,35.0990,16.3228,602.6289,108.4573,93.4958,16.0072,149.6030,49.6347
2043-05-23,25.6228,0.0015,42.2774,14.4687,609.6450,112.5182,91.6271,11.2098,153.9859,39.8575
2043-05-24,27.9360,0.0010,33.4576,9.3807,617.0775,117.6048,91.7670,8.8483,159.3066,34.4329
2043-05-25,27.3942,0.0000,35.0561,10.0843,624.4125,122.4766,91.8169,9.2327,164.3576,35.6720
2043-05-26,31.8523,0.0011,21.6179,4.6543,632.5499,129.2764,94.6361,10.4120,171.1212,38.9195
2043-05-27,34.0020,0.0001,20.1240,4.8468,641.0742,136.6579,95.5577,11.9265,178.2968,42.8108
2043-05-28,35.2858,0.0000,18.0066,5.9549,649.8297,144.5121,96.2686,13.8863,185.7528,47.4775
2043-05-29,35.6739,0.0000,16.7578,7.9400,658.6550,152.5711,96.6350,16.1231,193.2379,52.4325
2043-05-30,35.5426,0.0000,18.5930,8.8679,667.4566,160.4242,96.6866,17.0122,200.4202,54.4590
2043-05-31,36.2355,0.0000,17.2971,5.9191,676.3830,168.5532,96.7381,14.7650,207.7064,50.0605
2043-06-01,37.2772,0.0000,18.6583,7.5637,686.4969,176.7715,96.7897,16.1520,215.0839,53.1266
2043-06-02,37.0317,0.0001,20.7585,10.2406,696.5666,184.7264,96.8413,18.6128,222.1619,58.1488
2043-06-03,34.8992,0.0340,30.1426,11.6224,706.2525,191.3470,95.3711,16.3588,228.1564,53.8079
2043-06-04,37.2254,0.0000,26.8170,6.4526,716.3571,198.7310,95.4223,12.6954,234.6920,45.9913
2043-06-05,36.8890,0.0000,24.9742,8.3146,726.4011,206.2345,95.4734,14.0417,241.2407,49.0944
2043-06-06,34.3170,0.0049,28.5371,9.1289,735.9821,212.8978,95.3757,14.4363,247.0993,50.0212
2043-06-07,35.1611,0.0075,27.3523,7.6916,745.7151,219.8329,95.4269,13.5217,253.1199,48.0633
2043-06-08,34.7624,0.0052,29.8460,8.3365,755.3764,226.4564,95.2181,13.5761,258.8840,48.2329
2043-06-09,33.8698,0.0000,34.2980,9.0889,764.8769,232.5052,94.3130,12.4520,264.2190,45.7064
2043-06-10,33.2009,0.0085,36.1652,9.8794,774.2571,238.2697,93.7748,12.0272,269.3303,44.7406
2043-06-11,31.3558,0.0527,40.4318,10.9706,783.3052,243.3595,92.7349,10.9890,273.9444,42.2567
2043-06-12,28.6754,0.0019,45.9674,13.0382,791.8707,247.5950,91.3300,9.9993,277.9347,39.7809
2043-06-13,30.4848,0.0023,33.5293,12.6640,800.7620,253.1222,92.1306,10.9914,282.7779,42.3022
2043-06-14,30.3235,0.0091,23.3135,12.0010,809.6242,259.4663,94.1430,14.0853,288.1048,49.5319
2043-06-15,28.6562,0.0023,39.1929,13.5962,818.1864,264.2298,92.6053,12.3170,292.3924,45.5274
2043-06-16,29.4606,0.0000,32.8334,10.9987,826.8933,269.6337,92.6555,10.8825,297.0841,42.0816
2043-06-17,33.7793,0.0000,23.3643,5.0899,836.3775,276.6708,94.7028,10.7412,302.8704,41.7453
2043-06-18,36.2480,0.0000,26.0650,8.4434,846.3062,283.9404,94.7537,12.8079,308.8384,46.7172
2043-06-19,37.3906,0.0000,21.1928,8.9476,856.4405,291.9262,95.9134,15.3896,315.2296,52.4367
2043-06-20,37.9924,0.0000,19.1790,9.1318,866.6831,300.2440,96.4778,16.7630,321.7925,55.3057
2043-06-21,37.0621,0.0000,24.3613,12.6419,876.7583,307.8433,96.5293,20.1454,327.8786,61.9154
2043-06-22,38.0415,0.0001,19.9291,11.6612,887.0098,316.0943,96.5808,19.3073,334.3324,60.3441
2043-06-23,35.9232,0.0264,19.8570,8.8376,896.8799,323.9058,96.6323,16.8630,340.4395,55.5408
2043-06-24,33.7496,0.3585,35.7847,10.2838,906.3589,329.7973,94.2185,13.0534,345.3960,47.3416
2043-06-25,26.1779,0.2905,60.2667,11.4935,914.4749,332.6507,89.0062,6.6343,348.4342,30.4544
2043-06-26,27.7290,0.0262,48.9791,10.0645,922.8701,336.5231,89.0553,6.2170,352.0814,29.1465
2043-06-27,30.8811,0.0000,40.1427,9.0755,931.8327,341.5628,90.7876,7.5805,356.4678,33.3042
2043-06-28,31.4593,0.0000,37.1836,11.5635,940.8994,346.9472,91.5818,9.6212,361.0555,38.9548
2043-06-29,27.3249,0.0001,41.3186,14.8743,949.2218,351.3385,91.6317,11.4487,364.9639,43.5738
2043-06-30,28.2664,0.0001,38.7767,13.0669,957.7138,356.0718,91.6816,10.5264,369.0850,41.2912
2043-07-01,27.9869,0.0000,38.7788,11.2662,966.4554,360.2540,91.7315,9.6815,372.9540,39.1195
2043-07-02,30.3002,0.0000,29.7295,8.4919,975.6135,365.4361,92.8244,9.8214,377.4335,39.4873
2043-07-03,32.0653,0.0000,28.8766,6.3669,985.0892,370.9760,93.3676,9.5209,382.1583,38.7008
2043-07-04,34.4385,0.0000,26.6538,4.7218,994.9922,377.0977,94.2196,9.8643,387.2655,39.6027
2043-07-05,35.1097,0.0828,27.8828,5.6584,1005.0159,383.2306,94.2703,10.4138,392.3940,41.0161
2043-07-06,35.7248,0.0506,28.7215,6.1813,1015.1504,389.3952,94.3211,10.7671,397.5531,41.9075
2043-07-07,33.0966,0.5632,38.5518,5.4430,1024.8118,394.3302,92.6053,8.1674,401.9763,35.0088
2043-07-08,35.8873,0.0221,32.0248,6.0043,1034.9755,400.2350,93.3794,9.3638,406.9964,38.2915
2043-07-09,33.2031,0.0854,37.6406,9.8394,1044.6560,405.2589,93.4072,11.4044,411.4642,43.4837
2043-07-10,32.0138,0.5631,45.0312,11.2121,1054.1225,409.5338,91.7156,9.6334,415.5031,39.0062
2043-07-11,35.0351,0.0000,32.4586,12.9864,1064.1328,415.2657,93.1234,12.8446,420.3953,46.8993
2043-07-12,37.1279,0.0067,25.9436,12.8744,1074.5199,421.9145,94.8382,16.1989,425.8247,54.2275
2043-07-13,36.6986,0.0399,27.3299,10.6387,1084.8296,428.3656,94.8891,14.5745,431.1308,50.7778
2043-07-14,37.4602,0.0851,28.9868,7.8125,1095.2764,434.7967,94.9401,12.7286,436.4473,46.6336
2043-07-15,36.2055,0.0107,37.9902,6.2652,1105.4974,440.2296,94.0137,10.3625,441.2121,40.8951
2043-07-16,35.6606,0.0004,38.2073,9.5660,1115.6203,445.5644,93.7679,11.8275,445.9060,44.5114
2043-07-17,36.5698,0.0000,32.8324,7.7141,1125.9069,451.5067,93.8185,10.8498,451.4850,42.1229
2043-07-18,34.0983,0.0000,38.0074,11.8322,1135.7486,456.6314,93.5352,12.8360,456.5867,46.8841
2043-07-19,32.9772,0.0000,29.4877,8.7910,1145.3885,462.2746,93.5857,11.0900,462.1950,42.7194
2043-07-20,36.4225,0.0000,18.7800,6.2383,1155.6485,469.4321,96.1760,13.9112,469.2917,49.3216
2043-07-21,38.2976,0.0000,14.6907,7.0028,1166.2461,477.3255,97.4601,17.1714,477.1107,56.2224
2043-07-22,38.1274,0.0000,18.2312,7.9339,1176.8130,484.8587,97.5119,18.1205,484.5746,58.1143
2043-07-23,37.1807,0.0000,24.0535,8.1418,1187.2096,491.6867,96.8792,16.8300,491.3450,55.5310
2043-07-24,36.4152,0.0014,25.8501,8.5849,1197.4683,498.2198,96.3589,16.0484,497.8246,53.9214
2043-07-25,34.7176,0.0000,27.9739,10.0013,1207.4215,504.2786,95.6681,15.6977,503.8366,53.1873
2043-07-26,35.7267,0.0000,24.6858,8.6021,1217.5563,510.7925,95.7194,14.7312,510.2944,51.1237
2043-07-27,36.2277,0.0000,19.1277,8.5692,1227.7813,517.8823,96.1972,15.6898,517.3150,53.1711
2043-07-28,34.1957,0.0000,23.7255,11.9767,1237.6405,524.2050,96.2486,18.7587,523.5813,59.3614
2043-07-29,32.4208,0.0000,32.0192,11.6957,1247.1802,529.5568,94.6298,14.8338,528.8953,51.3462
2043-07-30,32.0007,0.0000,29.2868,10.7438,1256.6444,535.0540,94.6807,14.2384,534.3500,50.0479
2043-07-31,30.4864,0.0000,29.8925,10.5943,1265.8359,540.2547,94.4702,13.7280,539.5123,48.9148
2043-08-01,28.2013,0.0000,40.3097,12.3414,1273.9161,543.8655,92.4329,11.2852,543.1115,43.2017
2043-08-02,25.4284,0.0003,48.9846,14.4323,1281.4972,546.6594,90.3959,9.3891,545.9085,38.3678
2043-08-03,28.6008,0.0000,46.8159,11.3535,1289.6494,549.9204,90.4454,8.0970,549.1669,34.8184
2043-08-04,32.9064,0.0000,36.9844,4.6752,1298.5765,554.3444,91.7790,6.9924,553.5677,31.5807
2043-08-05,35.0716,0.0000,29.9517,6.8341,1307.8934,559.5753,93.5806,10.0414,558.7593,40.0765
2043-08-06,34.2823,0.0000,26.5326,8.1279,1317.0682,564.9417,94.2465,11.7550,564.0815,44.3414
2043-08-07,35.0687,0.0000,25.1780,6.6246,1326.3846,570.5286,94.6853,11.5770,569.6195,43.9120
2043-08-08,37.0650,0.0000,26.6013,4.8734,1336.0603,576.3117,94.7544,10.7003,575.3516,41.7526
2043-08-09,37.3213,0.0000,31.5262,7.6873,1345.7821,581.7430,94.8054,12.4169,580.7405,45.9125
2043-08-10,38.3561,0.0000,28.2204,8.0018,1355.6902,587.5898,94.8563,12.7038,586.5358,46.5814
2043-08-11,37.1431,0.0000,25.5871,8.8199,1365.3800,593.4648,94.9790,13.4630,592.3558,48.3194
2043-08-12,34.2902,0.0000,32.0484,11.4438,1374.5562,598.4295,94.7069,14.8028,597.2831,51.2798
2043-08-13,31.7233,0.0000,37.8943,11.9282,1383.2704,602.6379,93.3195,12.5161,601.4688,46.1445
2043-08-14,30.1236,0.0000,45.8193,11.2744,1391.6967,606.1304,91.6375,9.5572,604.9542,38.8132
2043-08-15,31.0324,0.0000,37.6924,9.4919,1400.2865,610.2636,91.6874,8.7982,609.0653,36.7738
2043-08-16,31.8206,0.0000,35.2802,9.8388,1409.0182,614.6622,92.0541,9.4304,613.4360,38.4778
2043-08-17,30.4802,0.0000,43.1126,11.5255,1417.5086,618.3710,91.9491,10.1157,617.1325,40.2679
2043-08-18,32.1794,0.0000,27.8399,6.2679,1426.3049,623.3287,93.5002,9.6503,622.0478,39.0584
2043-08-19,34.1267,0.0000,29.8992,6.1088,1435.4517,628.4267,93.5618,9.6558,627.1029,39.0727
2043-08-20,35.9240,0.0000,30.3259,4.8287,1444.9221,633.7523,93.7733,9.3229,632.3822,38.1915
2043-08-21,37.1502,0.0000,27.9896,5.6149,1454.6131,639.4386,94.4406,10.6382,638.0144,41.5968
2043-08-22,36.8753,0.0000,23.3152,8.3600,1464.2547,645.4506,95.3746,13.8855,643.9621,49.2672
2043-08-23,32.4673,0.0000,25.9436,10.0990,1473.1028,650.5826,95.4257,15.2632,649.0452,52.2684
2043-08-24,35.0826,0.0000,24.3983,7.7184,1482.4217,656.2299,95.4769,13.6325,654.6336,48.7012
2043-08-25,32.8387,0.0000,34.1274,8.8591,1491.3366,660.8452,94.2425,12.1895,659.2143,45.3773
2043-08-26,30.1985,0.0000,39.2485,12.2231,1499.7763,664.7707,92.8250,11.8538,663.1192,44.5787
2043-08-27,27.9933,0.0000,40.3636,11.5444,1507.8192,668.3525,92.1401,10.4024,666.6860,41.0010
2043-08-28,31.4915,0.0000,23.7183,6.3334,1516.4916,673.4851,94.2096,10.6841,671.7659,41.7121
2043-08-29,30.6970,0.0000,36.9853,14.2414,1525.0211,677.6216,93.2457,13.9191,675.8764,49.3418
2043-08-30,31.1649,0.0000,33.0269,13.8073,1533.6348,682.0826,93.2961,13.7141,680.3028,48.8843
2043-08-31,32.5152,0.0000,35.8643,10.8676,1542.4915,686.5335,93.3465,11.9095,684.7218,44.7120
2043-09-01,35.8227,0.0008,32.9624,11.9556,1550.6436,690.9402,93.3970,12.6696,689.0900,46.5023
2043-09-02,32.5554,0.4307,43.2072,9.8227,1558.2076,694.3432,92.4129,9.9122,692.4770,39.7423
2043-09-03,32.9172,7.8324,54.0072,8.1048,1238.6196,97.4477,76.0439,1.2264,162.8626,7.7981
2043-09-04,35.8626,10.3717,48.6750,5.8247,1011.9066,53.5024,77.2068,1.1859,94.5120,5.6975
2043-09-05,41.0873,0.1259,22.5240,6.9161,1021.0064,59.3215,95.6093,13.3304,103.5955,38.6997
2043-09-06,41.3163,0.0000,17.9945,6.3295,1030.1473,65.5142,97.2452,16.1307,113.0538,45.3913
2043-09-07,41.1260,0.0008,19.3479,7.0695,1039.2540,71.5774,97.2970,16.8594,122.1266,48.0868
2043-09-08,28.5978,0.0000,47.5191,15.4030,1046.1056,74.3523,91.5860,11.6818,126.2681,38.4904
2043-09-09,28.3458,0.0000,48.4877,9.2191,1052.9118,77.0527,90.7620,7.6077,130.2720,29.2788
2043-09-10,30.7993,0.0000,37.4289,6.3880,1060.1597,80.6063,91.4117,7.2356,135.4636,28.6905
2043-09-11,29.3927,0.0000,44.0751,9.9682,1067.1543,83.6423,91.4615,8.7277,139.8763,32.8987
2043-09-12,30.0924,0.0000,40.6037,6.3273,1074.2750,86.9408,91.5113,7.3164,144.6212,29.5263
2043-09-13,31.5736,0.0000,33.0571,5.8911,1081.6622,90.8350,92.3833,8.0968,150.1475,31.9605
2043-09-14,32.0422,0.0001,30.2585,5.7707,1089.1338,94.9501,93.0601,8.8504,155.9180,34.2545
2043-09-15,32.4915,0.0000,31.3494,7.8618,1096.6863,99.0557,93.1104,9.9034,161.6171,37.2080
2043-09-16,33.3666,0.0000,30.6137,9.3376,1104.3963,103.3134,93.2761,10.9180,167.4626,39.9574
2043-09-17,33.9230,0.0000,24.4059,8.1340,1112.2064,108.0270,94.5904,12.3297,173.8416,43.5296
2043-09-18,33.5712,0.0000,26.6279,8.3087,1119.9532,112.5561,94.6413,12.5261,179.9095,44.2428
2043-09-19,32.3556,0.1202,37.7591,5.5759,1127.4812,116.2633,93.4920,9.3089,184.8686,36.6871
2043-09-20,32.0434,0.0019,46.8484,6.9472,1134.9530,119.3996,91.8015,7.8656,189.0722,32.9398
2043-09-21,29.8287,0.8721,55.5004,12.4982,1142.0262,121.8500,87.2843,5.4529,192.3834,25.7504
2043-09-22,26.9205,5.1413,64.3970,7.3906,1057.3098,72.8737,67.8789,0.8484,124.3251,4.8772
2043-09-23,26.9734,9.8654,66.8149,6.7104,907.4129,39.8037,57.7217,0.4906,71.7402,1.3273
2043-09-24,27.1602,11.8112,67.0189,6.9820,777.7385,20.3557,55.4710,0.4139,38.2112,0.5764
2043-09-25,28.1574,6.8155,64.6523,4.6488,728.2977,13.2136,58.5644,0.4702,25.2804,0.4956
2043-09-26,25.9047,11.8075,73.2014,5.3472,642.4474,7.4437,47.8629,0.1632,14.4682,0.1213
2043-09-27,29.5227,0.4525,48.5173,7.4605,649.4655,10.2505,81.3008,1.9110,19.7227,2.8999
2043-09-28,29.2772,0.0017,39.1772,5.6183,656.4394,13.5399,89.4699,5.2738,25.7519,9.5588
2043-09-29,28.6545,0.1874,41.3262,4.9138,663.3012,16.6481,90.2509,5.6926,31.3303,11.3487
2043-09-30,27.3484,0.0000,39.2051,11.8153,669.9279,19.7272,90.5326,8.3916,36.7491,16.7165
2043-10-01,26.6362,0.0000,44.2496,22.6665,675.4265,22.0702,90.5822,14.6011,40.8069,26.2256
2043-10-02,27.6292,0.0000,45.0151,7.2688,681.1037,24.4637,90.6317,6.7686,44.8960,15.7949
2043-10-03,29.0124,0.0000,41.7426,4.6471,687.0300,27.1218,90.6813,5.9730,49.3711,15.1162
2043-10-04,30.4204,0.0000,33.5978,7.0457,693.2096,30.2931,92.0148,8.1470,54.6192,20.0912
2043-10-05,30.1690,0.0000,34.9481,11.2751,699.3440,33.3752,92.0649,10.1537,59.6354,24.5799
2043-10-06,30.7871,0.0000,36.3854,7.2267,705.5897,36.4488,92.1149,8.3387,64.5601,22.2823
2043-10-07,32.0459,0.0000,36.3257,5.4352,712.0620,39.6467,92.1650,7.6730,69.6046,21.8395
2043-10-08,32.9785,0.0161,30.3942,7.3292,718.7021,43.2408,93.1747,9.7282,75.1745,26.8334
2043-10-09,27.6085,0.0037,56.1323,11.6306,724.3756,45.1490,89.6728,7.3508,78.1247,22.5040
2043-10-10,23.0466,0.0342,59.3516,15.0041,729.2280,46.6362,88.1295,6.9819,80.4155,22.0159
2043-10-11,21.4840,0.0637,42.5533,6.2132,733.7992,48.6020,88.7763,4.9193,83.3952,17.4069
2043-10-12,24.3122,0.0683,35.3490,6.0555,738.8793,51.0914,90.4269,6.1834,87.1221,21.0664
2043-10-13,24.0854,0.0016,41.7525,7.8966,743.9187,53.3142,90.4764,6.8327,90.4268,23.0646
2043-10-14,23.5486,0.3666,56.4267,6.5240,748.8615,54.9415,88.8558,5.0543,92.8523,18.8277
2043-10-15,23.5401,1.2760,65.4742,7.0816,753.8027,56.2305,80.9282,1.7968,94.7847,8.3686
2043-10-16,25.7746,0.0005,57.6791,4.6135,759.1461,57.9538,85.4591,2.8330,97.3317,12.4222
2043-10-17,26.8412,0.0003,56.4947,7.2750,764.6815,59.7957,87.0090,4.0298,100.0353,16.5548
2043-10-18,23.0196,3.6321,66.8825,11.7898,746.9472,45.1500,69.6777,1.1216,78.4457,4.6938
2043-10-19,23.1114,0.0000,52.8533,4.6708,751.8113,46.8796,82.3078,1.8729,81.1144,7.8449
2043-10-20,27.2053,0.0000,40.8822,7.0869,757.4122,49.4151,88.9484,5.2693,84.9710,18.5043
2043-10-21,25.3685,0.0025,55.7933,13.0338,762.6826,51.1880,88.8605,7.0212,87.6665,23.1365
2043-10-22,20.6939,2.1637,62.7651,8.9719,767.1115,46.2385,75.2918,1.2238,80.3665,5.2213
2043-10-23,19.0448,0.1841,57.2712,7.2509,771.2435,47.5427,82.5818,2.2069,82.3884,9.1432
2043-10-24,20.5112,0.0000,54.5527,5.3193,775.6396,49.0309,85.4705,2.9402,84.6795,11.7973
2043-10-25,24.4524,0.0000,41.0910,6.2413,780.7450,51.3116,88.8934,5.0098,88.1414,18.1891
2043-10-26,25.9030,0.5269,42.4075,8.5576,786.1115,53.6680,89.4829,6.1271,91.6873,21.4989
2043-10-27,24.8590,0.0925,52.9372,9.4916,791.2901,55.5192,89.2933,6.2500,94.4680,22.1447
2043-10-28,24.7276,0.0000,53.2291,8.5242,796.4451,57.3495,89.2014,5.8747,97.2011,21.4979
2043-10-29,25.1307,0.0000,52.2542,7.2468,801.6727,59.2471,89.2505,5.5474,100.0154,20.9316
2043-10-30,24.9248,0.0000,48.3890,7.4706,806.8631,61.2823,89.2997,5.6500,103.0060,21.5204
2043-10-31,23.9997,0.0000,45.6184,8.6302,811.8871,63.3505,89.3488,6.0324,106.0196,22.8621
2043-11-01,25.4506,0.0000,35.5316,11.3150,816.1722,65.6198,90.7318,8.4188,109.2754,29.2047
2043-11-02,25.0470,0.0000,36.8984,9.9909,820.3846,67.8073,90.7814,7.9314,112.3910,28.3919
2043-11-03,24.4921,0.0000,36.4562,10.4148,824.4972,69.9633,90.8311,8.1602,115.4378,29.2802
2043-11-04,23.4530,0.0000,41.5611,10.3718,828.4228,71.8657,90.8807,8.2003,118.1151,29.6596
2043-11-05,23.4620,0.0000,48.2047,11.6543,832.3499,73.5524,90.0357,7.7526,120.4870,28.7820
2043-11-06,22.5897,0.2783,55.9942,10.4117,836.1201,74.9345,88.6695,5.9858,122.4365,24.2328
2043-11-07,22.9495,0.0000,48.4090,10.2444,839.9550,76.5794,88.7184,5.9774,124.7296,24.3903
2043-11-08,22.9995,0.0022,48.1153,11.7386,843.7989,78.2372,88.7673,6.4903,127.0290,26.0129
2043-11-09,22.3511,3.2917,63.9856,11.8226,824.4758,59.5473,71.7102,1.2021,100.8797,6.0353
2043-11-10,17.8361,17.4759,84.9853,10.7685,662.1133,26.1595,34.4200,0.0183,47.6158,0.0297
2043-11-11,17.4148,2.8765,75.2276,7.7161,653.5996,21.1444,46.1886,0.1451,39.1246,0.2055
2043-11-12,21.4972,0.2247,60.9133,12.2741,657.1731,22.3154,73.5807,1.3249,41.1385,3.3739
2043-11-13,23.1601,0.5594,61.3129,11.6631,661.0459,23.5598,82.6108,2.7664,43.2646,7.4089
2043-11-14,23.8647,1.6023,64.0394,5.8506,665.0455,23.6796,77.4018,1.2054,43.4880,3.1556
2043-11-15,24.5937,0.8541,60.9835,5.0288,669.1764,25.0086,81.4579,1.7218,45.7435,4.8821
2043-11-16,23.2439,0.0067,62.5983,4.3709,673.0643,26.2158,84.4081,2.4228,47.7791,6.9991
2043-11-17,22.4929,1.1531,69.9261,5.2772,676.8170,27.1565,78.9881,1.3420,49.3615,3.9665
2043-11-18,19.4283,0.0107,72.3566,7.8099,680.0181,27.9088,81.6935,2.0366,50.6236,6.1850
2043-11-19,18.3876,0.0001,64.9883,5.6223,683.0319,28.8134,83.5035,2.2879,52.1292,7.0299
2043-11-20,20.8117,0.0001,56.7137,5.6919,686.4820,30.0709,85.5279,3.0200,54.2057,9.2081
2043-11-21,20.0446,0.0034,62.3329,4.8678,689.7940,31.1269,85.5758,2.9165,55.9427,9.1128
2043-11-22,19.0793,0.0000,59.0606,7.9599,692.9323,32.2221,85.6734,3.4549,57.7327,10.7068
2043-11-23,18.1977,0.0000,42.0912,8.1303,695.9119,33.7037,87.7765,4.6945,60.1274,14.0036
2043-11-24,19.6276,0.0000,38.0980,8.5384,699.1489,35.4048,89.1007,5.7945,62.8526,16.8483
2043-11-25,22.1222,0.0000,41.8437,6.6207,702.8349,37.1954,89.1848,5.3247,65.6985,16.1995
2043-11-26,21.6908,0.0000,53.3932,9.0298,706.4432,38.6036,88.7634,5.6589,67.9275,17.2685
2043-11-27,20.6639,0.0000,60.1121,11.1811,709.8667,39.7546,87.6138,5.3487,69.7444,16.7973
2043-11-28,20.7859,0.0000,61.6092,9.6505,713.3122,40.8685,87.1995,4.6671,71.4963,15.3641
2043-11-29,20.6929,0.0000,56.8921,6.7309,716.7409,42.1141,87.2479,4.0566,73.4402,14.0045
2043-11-30,18.8705,0.0000,58.0706,9.0891,719.8416,43.2242,87.2963,4.6001,75.1649,15.6277
2043-12-01,17.4444,0.0001,55.1527,10.5544,722.6856,44.1693,87.3448,4.9870,76.6299,16.7882
2043-12-02,16.4988,0.0000,54.6398,9.2574,725.3594,45.0765,87.3933,4.7039,78.0303,16.2295
2043-12-03,16.1021,0.0000,55.8754,6.1589,727.9617,45.9391,87.3357,3.9910,79.3581,14.4551
2043-12-04,16.1948,0.0004,52.3462,8.7632,730.5808,46.8756,87.3842,4.5823,80.7918,16.2152
2043-12-05,15.4185,0.0000,50.5376,6.4789,733.0601,47.8041,87.4327,4.1124,82.2062,15.0849
2043-12-06,15.9020,0.0001,62.3896,4.7622,735.6265,48.5308,86.5576,3.3302,83.3197,12.9044
2043-12-07,16.9582,0.0104,63.3175,8.3505,738.3830,49.2836,86.2774,3.8352,84.4719,14.5229
2043-12-08,14.2144,24.1787,86.5410,16.1452,556.1641,19.6765,33.3352,0.0185,36.1552,0.0248
2043-12-09,12.5800,1.1734,72.4587,7.7396,558.1325,20.1047,50.6269,0.2612,36.8875,0.3551
2043-12-10,11.7693,0.0006,52.2683,7.3058,559.9549,20.8027,70.0050,0.9041,38.0697,1.8384
2043-12-11,12.0991,0.0018,46.9299,5.6752,561.8368,21.5988,79.9464,1.5053,39.4099,3.7775
2043-12-12,13.5162,13.6993,73.7142,15.6545,490.2132,10.1179,44.8237,0.1761,19.2430,0.1558
2043-12-13,13.3572,25.7268,85.9784,12.7194,376.2612,4.3449,24.4118,0.0012,8.4459,0.0007
2043-12-14,16.2796,0.0025,60.7178,15.0706,378.8955,5.1207,59.7862,0.8630,9.9067,0.5180
2043-12-15,15.5815,3.9593,74.2391,6.3790,371.2989,3.1687,49.5670,0.2145,6.2050,0.1017
2043-12-16,16.5915,0.0065,72.0589,5.7361,373.9894,3.7304,66.0850,0.7339,7.2793,0.3757
2043-12-17,14.0362,2.1926,85.2589,5.3772,376.2199,2.6699,53.9249,0.3307,5.2467,0.1453
2043-12-18,14.6810,0.0049,71.3667,7.8254,378.5665,3.1834,68.6984,0.8904,6.2357,0.4231
2043-12-19,14.5372,0.0002,67.7026,11.6159,380.8872,3.7573,77.5729,1.6336,7.3338,0.8393
2043-12-20,16.0324,0.0003,66.3390,9.2736,383.4770,4.4127,81.5549,2.1568,8.5786,1.6928
2043-12-21,14.4919,0.0021,67.0640,21.6253,385.7895,4.9963,82.9656,4.7801,9.6791,5.0896
2043-12-22,15.1834,0.0027,63.2094,28.1491,388.2265,5.6770,84.0196,7.6212,10.9537,8.3882
2043-12-23,14.4916,7.4745,79.0205,13.8002,365.6920,2.8924,47.7116,0.2447,5.6726,0.1113
2043-12-24,14.0566,16.8197,88.4387,8.8482,310.0058,0.9754,22.5879,0.0005,1.9355,0.0002
2043-12-25,13.5386,10.7002,89.7284,8.5086,280.8796,0.1709,17.7750,0.0001,0.3412,0.0000
2043-12-26,14.3281,0.0025,80.4020,7.2237,283.1627,0.5145,38.7378,0.0390,1.0243,0.0103
2043-12-27,15.4371,0.0023,68.5245,3.5976,285.6454,1.1060,58.5276,0.4448,2.1908,0.1415
2043-12-28,14.9198,0.0586,78.6265,6.5272,288.0349,1.4951,68.7535,0.8355,2.9519,0.2926
2043-12-29,15.6232,0.0003,70.7761,5.8478,290.5511,2.0505,76.3977,1.1204,4.0298,0.4407
2043-12-30,15.6609,0.0000,50.9560,11.0816,293.0741,2.9846,83.4251,2.9816,5.8210,2.1235
2043-12-31,18.0777,0.0000,56.1161,7.5726,296.0320,3.9410,85.2342,3.1876,7.6281,2.7981
2044-01-01,17.9120,0.0000,61.2338,10.9941,298.9602,4.8483,85.2819,3.8125,9.3189,3.9213
2044-01-02,12.3449,0.0000,51.7135,19.1550,300.8863,5.6476,85.7041,6.0995,10.7889,6.8165
2044-01-03,10.3447,0.0000,34.7862,17.1604,302.4523,6.5664,87.7559,7.3778,12.4567,8.6844
2044-01-04,8.8741,0.0000,43.5401,15.0653,303.7537,7.2597,87.8046,6.6850,13.7008,8.3612
2044-01-05,11.4901,0.0004,49.0904,11.0788,305.5259,8.0488,87.7363,5.4152,15.1029,7.2962
2044-01-06,12.5442,0.0000,60.2269,7.6259,307.4878,8.7169,86.5668,3.8521,16.2799,5.5216
2044-01-07,12.6012,0.0002,66.1659,6.5692,309.4601,9.2876,85.4957,3.1423,17.2787,4.6613
2044-01-08,12.4305,0.6612,73.2918,11.0560,311.4015,9.7324,81.8992,2.4582,18.0542,3.6744
2044-01-09,11.0181,0.0160,48.7560,4.7696,313.0888,10.4969,84.4105,2.4728,19.3703,3.8865
2044-01-10,11.6512,15.6211,78.9727,9.0633,267.4568,4.8946,36.2886,0.0256,9.3610,0.0149
2044-01-11,12.0651,5.9384,84.0055,11.9602,255.5177,2.4539,31.6532,0.0098,4.7927,0.0041
2044-01-12,11.0957,0.0005,68.1643,7.5398,257.2189,2.9319,53.5314,0.3547,5.7012,0.1617
2044-01-13,12.3609,0.4966,72.8239,6.1398,259.1479,3.3822,66.4141,0.7580,6.5507,0.3687
2044-01-14,13.8666,0.7482,82.5313,7.0019,261.3479,3.7041,69.5024,0.8762,7.1546,0.4447
2044-01-15,14.9436,0.5306,82.4812,4.4849,263.7417,4.0501,73.4623,0.8901,7.8007,0.4716
2044-01-16,13.9684,0.0027,82.1660,5.4816,265.9600,4.3809,76.2905,1.0920,8.4153,0.6014
2044-01-17,16.6319,0.0003,74.3893,5.7761,268.6578,4.9400,79.6164,1.4629,9.4458,0.8559
2044-01-18,17.9840,0.0006,64.2087,5.1846,271.5989,5.7809,82.7167,2.0227,10.9776,1.9088
2044-01-19,18.8094,0.4533,53.8823,8.5808,274.6886,6.9113,85.4537,3.4573,13.0045,4.3117
2044-01-20,16.4892,0.3259,72.6684,13.7722,277.3607,7.5031,84.6147,4.0015,14.0556,5.2561
2044-01-21,17.2617,0.0032,73.9379,4.9627,280.1718,8.0922,84.3522,2.4774,15.0945,3.2641
2044-01-22,15.0750,0.0950,75.2858,5.0185,282.5893,8.5844,83.8418,2.3204,15.9569,3.1393
2044-01-23,14.9429,0.1174,65.2220,4.8806,284.9830,9.2713,83.9401,2.3346,17.1478,3.3342
2044-01-24,14.9911,0.1348,70.4045,4.7235,287.3854,9.8575,83.9874,2.3308,18.1580,3.4694
2044-01-25,17.6749,0.0023,66.7739,5.9494,290.2709,10.6255,84.0942,2.5150,19.4693,3.9743
2044-01-26,14.7338,7.4183,79.2661,14.3170,273.2279,5.8246,48.0797,0.2640,11.0598,0.1683
2044-01-27,11.8678,0.0016,59.1824,10.9367,275.0681,6.4762,68.3347,1.0295,12.2325,0.6945
2044-01-28,13.2380,0.0006,63.5885,5.0097,277.1550,7.1190,76.6810,1.0953,13.3788,0.7780
2044-01-29,13.2873,0.1181,71.0527,4.7275,279.2507,7.6317,79.6860,1.3973,14.2872,1.1823
2044-01-30,13.1869,4.7468,81.4278,6.2608,270.9019,4.5075,46.8485,0.1484,8.6549,0.0829
2044-01-31,11.1100,16.6526,89.1664,20.8736,226.7060,1.7702,24.5026,0.0019,3.4726,0.0007
2044-02-01,13.6763,0.9338,68.7523,23.9982,228.8717,2.4261,55.9695,1.0187,4.7269,0.4278
2044-02-02,14.9584,0.0006,60.2359,20.5223,231.2682,3.3331,75.4632,2.2121,6.4344,1.3094
2044-02-03,15.9109,0.0018,64.8922,9.4941,233.8362,4.1815,80.9418,2.0321,8.0051,1.3861
2044-02-04,15.6354,7.7666,72.5069,11.2636,218.4775,2.2915,50.2351,0.2978,4.4658,0.1221
2044-02-05,9.3593,0.6588,70.6303,6.6339,219.8662,2.7278,62.5778,0.6610,5.2915,0.2915
2044-02-06,12.3685,0.0000,53.7122,9.3798,221.7965,3.6134,76.3769,1.3368,6.9440,0.6687
2044-02-07,13.6552,0.0002,63.1083,8.4596,223.9584,4.3866,81.0250,1.9471,8.3637,1.3163
2044-02-08,13.4627,0.0014,60.7623,8.9785,226.0857,5.1983,83.1962,2.6033,9.8315,2.5468
2044-02-09,15.0126,0.0002,57.1544,5.5499,228.4920,6.1790,84.5598,2.6245,11.5754,2.8980
2044-02-10,16.1030,0.0012,60.1046,4.9517,231.0945,7.1539,84.8749,2.6584,13.2800,3.2450
2044-02-11,17.0941,0.0031,59.0147,5.4147,233.8755,8.2131,85.2187,2.8530,15.1005,3.8459
2044-02-12,17.8937,0.4567,60.4412,4.5446,236.8004,9.2805,85.2687,2.7496,16.9046,3.9819
2044-02-13,18.8374,0.0000,47.4473,6.5527,239.8951,10.7688,86.9928,3.8769,19.3645,6.1619
2044-02-14,20.8439,0.0043,28.1950,9.6349,243.3510,13.0071,90.7863,7.7958,22.9477,12.3845
2044-02-15,18.1850,0.0193,65.0403,4.3369,246.3283,13.9648,87.3423,3.6443,24.4625,6.6910
2044-02-16,18.6110,0.0000,59.8316,8.8610,249.3823,15.0894,87.1167,4.4326,26.2136,8.3149
2044-02-17,17.0493,0.5028,78.6547,7.3335,252.1551,15.6398,84.0735,2.6892,27.0804,5.3280
2044-02-18,20.0902,0.0004,68.0344,3.4743,255.4754,16.6019,84.2174,2.2570,28.5634,4.6204
2044-02-19,22.9327,0.0000,43.4109,9.1650,259.3073,18.5338,88.0937,5.1756,31.4483,10.5189
2044-02-20,18.2215,0.0029,59.0056,8.0352,262.2911,19.6589,87.3682,4.4071,33.1132,9.4683
2044-02-21,20.3956,0.0000,24.1328,6.7939,265.6663,21.9755,91.4246,7.3987,36.4196,15.1259
2044-02-22,21.7799,0.0046,28.4116,5.0728,269.2907,24.3022,91.7099,7.0643,39.6572,15.2735
2044-02-23,22.1039,0.1136,25.9466,4.6300,272.9734,26.7431,92.2348,7.4409,42.9634,16.5727
2044-02-24,23.0027,0.0000,11.6112,5.9996,276.8179,29.7693,95.4243,12.4123,46.9232,25.0834
2044-02-25,22.7588,0.0038,11.2642,11.4146,280.6185,32.7767,96.0354,17.7170,50.7378,33.1863
2044-02-26,17.3706,0.0012,44.2659,6.9237,283.4492,34.2390,91.5542,7.5856,52.5951,18.6996
2044-02-27,18.9455,0.0116,22.0923,6.2205,286.5634,36.4574,92.4648,8.3274,55.3199,20.5473
2044-02-28,19.8070,0.3904,49.1244,7.8197,289.8326,37.9683,89.9489,6.3114,57.2027,17.0665
2044-03-01,15.7506,2.8282,65.0212,15.4175,288.0182,31.5087,70.2870,1.3731,49.4838,4.0755
2044-03-02,14.2594,0.0051,58.8074,6.8243,290.2889,32.5872,79.0454,1.4587,50.8918,4.4448
2044-03-03,14.5924,4.0535,59.8845,10.3961,284.1903,23.7384,61.7576,0.7657,39.2752,1.3741
2044-03-04,13.9538,2.7532,65.6846,13.7931,286.4060,19.7035,61.4437,0.8932,33.6241,1.5286
2044-03-05,16.1094,0.0000,49.5488,5.1545,289.0097,21.1835,77.2031,1.1462,35.8059,2.4800
2044-03-06,19.3191,0.0070,41.0863,5.5723,292.1911,23.2341,85.6325,3.0459,38.7625,7.5402
2044-03-07,21.0325,0.0000,37.3343,5.1788,295.6810,25.5983,88.8531,4.7212,42.0874,11.4981
2044-03-08,23.8798,0.0000,33.3384,4.3145,299.6833,28.4368,90.6657,5.8607,45.9687,14.3285
2044-03-09,25.2065,0.0000,32.2004,6.6851,303.9245,31.4771,91.4282,7.3621,50.0064,17.8121
2044-03-10,25.1964,0.0000,32.9285,5.1496,308.1638,34.4835,91.4781,6.8623,53.8910,17.5920
2044-03-11,23.5857,0.0077,38.7416,15.7016,312.1133,37.0612,91.5279,11.7615,57.1554,26.6457
2044-03-12,11.2685,8.4766,65.7209,20.8227,289.8164,20.1529,54.2837,0.7455,34.3366,0.9646
2044-03-13,13.6582,0.0000,44.2472,12.0466,291.9789,21.5555,75.8769,1.4800,36.3939,3.4777
2044-03-14,16.5788,0.0000,36.0924,7.4454,294.6671,23.4813,85.5055,3.2886,39.1610,8.1236
2044-03-15,20.4444,0.0000,36.0505,5.9208,298.0511,25.8298,88.9474,4.9679,42.4604,12.0396
2044-03-16,20.7410,0.0025,46.0796,5.1221,301.4885,27.8373,88.9964,4.8056,45.2333,12.1489
2044-03-17,21.0520,0.0093,49.7128,5.5222,304.9818,29.7362,89.0454,4.9381,47.8168,12.8092
2044-03-18,22.7019,0.0000,42.4720,7.0810,308.7722,32.0702,89.1593,5.4297,50.9189,14.2873
2044-03-19,22.8859,0.0000,41.1652,11.8298,312.5956,34.4758,89.4059,7.1461,54.0491,18.1556
2044-03-20,22.8889,0.0101,47.3355,15.2724,316.4196,36.6293,89.4551,8.5599,56.8158,21.2497
2044-03-21,16.1264,2.6652,65.8613,16.4734,319.0264,30.9978,71.2569,1.4956,49.8794,4.4951
2044-03-22,15.3245,0.0073,41.3462,17.9699,321.4888,32.6399,83.8640,4.4696,52.0648,12.4185
2044-03-23,17.2269,0.0000,32.1617,10.3783,324.2936,34.7592,88.7314,6.0291,54.8269,16.1163
2044-03-24,19.4300,0.0000,35.9308,6.1688,327.4950,37.0013,89.5950,5.5203,57.7038,15.5018
2044-03-25,21.1513,0.0000,41.0444,6.4527,331.0063,39.2374,89.6442,5.6395,60.5353,16.1739
2044-03-26,22.6975,0.0013,41.9207,6.1067,334.7958,41.5934,89.6935,5.5813,63.4729,16.4695
2044-03-27,29.6692,0.0001,22.5646,7.4695,339.8403,45.6549,93.8882,10.8209,68.3530,27.5156
2044-03-28,23.5363,0.1105,39.4426,17.0814,343.7808,48.1980,91.8711,13.2370,71.3780,32.2230
2044-03-29,21.4629,0.0000,33.5344,10.9387,347.3481,50.7543,91.9211,9.7822,74.3490,26.7852
2044-03-30,24.3594,0.0000,24.7914,13.3195,351.4368,54.0182,92.8592,12.5875,78.0459,32.5587
2044-03-31,25.1442,0.0000,28.5147,11.5903,355.6668,57.2162,92.9095,11.6188,81.6106,31.5374
2044-04-01,25.1010,0.0007,35.0485,12.0298,361.1390,61.3419,92.5836,11.3475,86.1155,31.8877
2044-04-02,22.5568,0.0049,46.0830,11.7839,366.1532,64.4341,90.5765,8.4310,89.4955,26.5677
2044-04-03,19.7158,0.1548,51.7874,6.9086,370.6560,66.8671,89.1151,5.3487,92.1666,19.5451
2044-04-04,22.0175,0.0020,45.9919,6.9271,375.5732,69.8939,89.1642,5.3915,95.4022,20.0172
2044-04-05,22.3119,1.1681,49.6135,16.7994,380.5433,72.7538,85.1367,5.0065,98.4516,19.2784
2044-04-06,17.0823,19.4250,80.5991,12.8276,315.2405,32.9529,40.6682,0.0752,52.2510,0.1305
2044-04-07,19.3783,1.0230,61.5097,8.0296,319.6826,34.8638,65.2302,0.7976,54.7896,2.2660
2044-04-08,20.8450,0.3572,57.5245,4.7071,324.3887,37.1236,78.9861,1.3038,57.7303,4.3431
2044-04-09,24.0407,0.1717,49.2645,6.6141,329.6700,40.2159,86.0968,3.4257,61.6349,11.0536
2044-04-10,25.0956,0.0000,43.7179,4.8768,335.1412,43.7902,88.6800,4.5358,66.0159,14.3726
2044-04-11,25.1799,0.1446,39.2952,10.1770,340.6276,47.6577,89.9566,7.1153,70.6156,20.8479
2044-04-12,24.9298,0.0055,36.5124,7.3500,346.0690,51.6641,90.5572,6.7243,75.2451,20.7015
2044-04-13,24.5548,0.2371,39.4377,6.9128,351.4428,55.4308,90.6067,6.6245,79.5100,21.0888
2044-04-14,26.7395,0.0036,32.1304,5.2416,357.2099,60.0114,91.6541,7.0686,84.5230,22.8055
2044-04-15,28.1272,0.2745,32.9161,5.8426,363.2268,64.7647,91.8899,7.5335,89.5926,24.5845
2044-04-16,29.5373,0.0688,30.2131,6.6130,369.4975,69.9481,92.6196,8.6808,94.9566,27.9188
2044-04-17,28.0369,0.0138,33.3102,15.7319,375.4982,74.6589,92.6698,13.8416,99.7403,38.9882
2044-04-18,17.7621,1.9232,49.9869,25.1551,379.6494,69.4730,81.3048,4.6632,95.3330,17.9940
2044-04-19,16.4613,1.4419,51.2891,12.9775,383.5664,71.5469,79.1977,2.0180,97.5865,9.4157
2044-04-20,17.6211,0.5975,54.1490,8.8916,387.6922,73.6279,83.4586,2.6818,99.8491,12.0616
2044-04-21,18.4298,0.1541,48.9706,9.8372,391.9636,76.0439,86.3078,4.1514,102.4147,17.1348
2044-04-22,22.1671,0.0003,35.6225,8.6991,396.9076,79.6753,89.6010,6.2764,106.1028,23.5197
2044-04-23,20.3878,3.1624,51.8009,10.2904,394.4017,62.7202,73.9626,1.2201,89.7564,5.6470
2044-04-24,23.4546,0.0001,44.9137,14.9547,399.5775,65.9994,86.2755,5.3481,93.4219,19.6836
2044-04-25,25.9240,0.0000,40.3930,21.5981,405.1979,69.9046,89.6977,12.1904,97.6799,35.5383
2044-04-26,28.4970,0.0017,32.0386,23.2779,411.2813,74.7810,91.9850,18.3820,102.8227,47.3859
2044-04-27,26.1752,0.0752,29.6362,23.1089,416.9469,79.4337,92.2371,18.8868,107.6132,49.1421
2044-04-28,24.0180,0.3396,45.9305,10.4936,422.2241,82.7262,90.7077,8.0497,111.0550,28.5304
2044-04-29,24.1415,0.9882,49.7587,11.1873,427.5236,85.8006,86.3018,4.4399,114.2690,18.9927
2044-04-30,23.8210,1.2111,52.7668,6.9241,432.7653,88.6543,83.2585,2.3663,117.2569,11.8753
2044-05-01,25.6143,0.1139,47.1382,10.0945,439.7799,92.3721,87.8743,5.2560,121.1354,22.0093
2044-05-02,27.7873,0.0000,37.4851,9.1295,447.1856,97.1263,90.5651,7.3635,125.8940,28.2732
2044-05-03,29.2177,0.0000,31.4436,6.2280,454.8488,102.5983,92.1799,8.0026,131.2070,30.3771
2044-05-04,29.4902,0.0007,26.8913,6.0461,462.5610,108.4860,93.2605,9.2292,136.7758,33.8969
2044-05-05,30.6225,0.0000,23.6658,7.8794,470.4771,114.8610,94.1948,11.5260,142.6540,39.7305
2044-05-06,31.3358,0.0000,21.4124,9.6946,478.5215,121.5718,94.8526,13.8279,148.6987,45.1819
2044-05-07,31.4165,0.0000,23.3403,12.2263,486.5805,128.1342,94.9035,15.8196,154.5331,49.6783
2044-05-08,32.4917,0.0000,17.9530,13.3915,494.8330,135.3901,95.8225,19.0165,160.7940,56.2196
2044-05-09,33.9998,0.0003,17.5766,11.3932,503.3570,143.0065,96.1850,18.0593,167.2333,54.9100
2044-05-10,32.0263,0.0440,27.0353,6.7437,511.5257,149.3698,95.4692,12.9655,172.6797,44.8902
2044-05-11,32.0311,4.0971,44.2720,8.9892,504.9053,90.4705,82.7509,2.4607,124.9629,12.6249
2044-05-12,28.5917,3.7039,61.5568,7.3928,500.0995,66.5910,73.1529,1.0169,99.9198,5.0863
2044-05-13,29.5388,4.3970,53.1951,11.6310,491.7929,49.1901,76.4987,1.5098,78.7007,6.3133
2044-05-14,30.3208,0.2448,45.8491,6.3734,499.6547,53.6695,87.8301,4.3299,84.6166,15.9475
2044-05-15,32.6833,0.0000,32.0972,9.2270,507.9417,59.7087,92.4560,9.6777,92.2944,29.6458
2044-05-16,31.9931,0.0000,34.4006,4.9178,516.1044,65.4239,92.5062,7.8439,99.3596,26.6228
2044-05-17,34.2535,0.0006,31.6754,6.4618,524.6740,71.7832,93.1689,9.3047,106.9764,30.9528
2044-05-18,35.0825,0.0000,23.2209,9.1989,533.3929,79.0968,95.0271,13.8133,115.4088,41.4490
2044-05-19,35.8928,0.0003,13.9160,9.2483,542.2576,87.4805,97.2125,18.6052,124.6769,51.5331
2044-05-20,35.4165,0.0067,18.8133,7.8240,551.0366,95.2855,97.2642,17.4365,133.0523,50.5905
2044-05-21,36.0033,0.0065,16.7662,7.5369,559.9212,103.4158,97.3160,17.3049,141.4966,51.3149
2044-05-22,35.9105,0.3541,20.6823,7.7844,568.7891,111.1442,97.2265,17.3145,149.3359,52.1059
2044-05-23,27.9062,3.0948,56.0568,10.6779,565.7566,82.7324,79.3902,1.8312,121.1678,9.7756
2044-05-24,28.3874,0.0002,42.1479,8.0592,573.2704,87.2234,88.5977,5.2622,126.3763,22.4115
2044-05-25,30.9010,0.0030,33.6527,7.9733,581.2365,92.8131,91.8741,8.3686,132.6654,31.4275
2044-05-26,30.3167,0.0001,33.6288,8.3520,589.0976,98.3026,92.1285,8.8422,138.7304,33.0982
2044-05-27,31.1059,0.0000,31.2574,8.7320,597.1006,104.1311,92.7101,9.7826,145.0308,35.8741
2044-05-28,31.4634,0.0002,31.6122,8.9740,605.1680,109.9939,92.7604,9.9728,151.2573,36.7627
2044-05-29,32.7683,0.0037,30.0644,7.9247,613.4703,116.2296,93.2546,10.1372,157.7432,37.5614
2044-05-30,32.6965,0.0720,30.1445,9.4344,621.7597,122.4450,93.3050,11.0158,164.0988,40.0128
2044-05-31,30.5118,0.0019,36.0387,11.7300,629.6558,127.7680,93.2512,12.2739,169.5331,43.1916
2044-06-01,29.4062,0.0000,37.8453,15.1119,638.3529,132.7598,92.7863,13.6371,174.6919,46.4528
2044-06-02,23.7259,0.0469,46.9067,15.1160,646.0276,136.2299,90.5669,9.9586,178.4068,38.1084
2044-06-03,25.4476,0.0031,40.0624,11.9512,654.0122,140.4190,90.6164,8.5510,182.7468,34.6265
2044-06-04,26.4294,0.0000,33.9122,10.6233,662.1735,145.2087,91.3329,8.8572,187.5806,35.5904
2044-06-05,29.3492,0.0000,25.7383,9.0113,670.8603,151.1617,93.3933,10.9171,193.3864,40.9662
2044-06-06,32.3310,0.0110,20.6583,5.1936,680.0839,158.1448,95.0743,11.3619,200.0133,42.2181
2044-06-07,33.4742,0.0037,22.1520,6.1445,689.5133,165.2307,95.1253,12.0031,206.6566,43.8941
2044-06-08,35.8250,0.0000,19.0449,6.2232,699.3658,173.1004,96.1121,13.7812,213.8657,48.0797
2044-06-09,37.8427,0.0000,17.8878,10.4882,709.5814,181.5188,96.7319,18.5720,221.4281,58.0550
2044-06-10,38.2949,0.0000,20.5061,12.5310,719.8785,189.7633,96.7835,20.7285,228.7667,62.2383
2044-06-11,39.1175,0.0000,20.0646,8.6612,730.3237,198.2268,96.8351,17.1744,236.1870,55.5819
2044-06-12,39.2398,0.0067,19.9055,8.1356,740.7908,206.7329,96.8867,16.8416,243.5481,55.0128
2044-06-13,40.3856,0.0001,19.1516,7.1735,751.4643,215.5630,96.9383,16.1558,251.0717,53.6982
2044-06-14,41.3066,0.0016,17.9873,6.4522,762.3035,224.7191,97.2867,16.3207,258.7478,54.1096
2044-06-15,42.4695,0.0167,16.3756,8.3486,773.3520,234.3111,97.8055,19.2374,266.6485,59.9391
2044-06-16,37.4175,0.0000,15.8292,14.2984,783.4911,242.8463,97.8574,26.1419,273.6473,72.1901
2044-06-17,32.5787,0.0000,17.0369,10.5284,792.7593,250.2022,97.5217,20.6784,279.7082,62.7286
2044-06-18,34.1790,0.0000,18.8533,8.7173,802.3155,257.7389,97.3420,18.4290,285.8827,58.5042
2044-06-19,32.4323,0.0002,23.2863,14.5869,811.5573,264.5112,96.3094,21.5715,291.5003,64.4221
2044-06-20,30.5371,0.0025,24.7723,11.8103,820.4580,270.7769,95.6363,17.1217,296.7290,55.9620
2044-06-21,30.4919,0.0360,36.3369,10.3495,829.3506,276.0718,93.5787,11.9842,301.3567,44.7693
2044-06-22,29.6982,0.0452,41.8918,14.3559,838.1002,280.7833,92.2193,12.1204,305.6047,45.1035
2044-06-23,26.5434,0.0001,38.4160,18.0545,846.2820,285.2651,92.1255,14.4115,309.6162,50.3180
2044-06-24,25.7720,0.0030,35.4170,14.5742,854.3250,289.8340,92.1756,12.1791,313.6498,45.2607
2044-06-25,28.3065,0.0000,33.1910,10.8814,862.8242,295.0062,92.2257,10.1829,318.1056,40.3655
2044-06-26,31.0298,0.0000,22.9364,8.1913,871.8136,301.5248,94.3167,11.9076,323.4120,44.6347
2044-06-27,33.0110,0.0000,26.3232,8.5817,881.1595,308.1411,94.3675,12.2296,328.8156,45.4070
2044-06-28,34.3446,0.0024,28.6195,10.1268,890.7456,314.8019,94.4183,13.3128,334.2671,47.9191
2044-06-29,31.9038,0.0018,35.3359,13.8549,899.8922,320.4204,93.7214,14.5863,339.0399,50.7537
2044-06-30,29.8997,0.0091,38.1871,14.4392,908.6782,325.4651,92.8690,13.3364,343.4198,47.9840
2044-07-01,31.2773,0.0000,25.7110,6.4611,918.0121,331.1140,93.8523,10.2338,348.2268,40.5334
2044-07-02,34.5775,0.0000,24.3911,7.3224,927.9401,337.4493,94.7378,12.0780,353.5101,45.0765
2044-07-03,34.3404,0.0000,32.0861,8.3985,937.8253,343.1021,94.6785,12.6476,358.4020,46.4176
2044-07-04,36.1974,0.0000,28.5497,6.9538,948.0449,349.3608,94.7294,11.8422,363.6776,44.5221
2044-07-05,37.6348,0.0000,21.1437,7.1947,958.5231,356.5344,95.9570,14.1720,369.4838,49.8745
2044-07-06,36.0974,0.0000,23.3950,6.7876,968.7247,363.2266,96.0083,13.9811,374.9662,49.4554
2044-07-07,36.9054,0.0000,22.3476,4.8036,979.0716,370.1577,96.0596,12.7391,380.5906,46.6432
2044-07-08,38.8752,0.0000,20.6184,5.1530,989.7732,377.6104,96.3254,13.4390,386.5434,48.2471
2044-07-09,37.2993,0.0022,28.7600,11.4767,1000.1911,384.0351,95.8939,17.4352,391.8917,56.7370
2044-07-10,31.6431,0.0000,37.1606,15.0932,1009.5908,388.8674,93.5482,15.1559,396.2105,52.0236
2044-07-11,30.1085,0.0000,33.4915,13.1520,1018.7144,393.7421,93.5988,13.8406,400.4961,49.1536
2044-07-12,30.3821,0.0000,32.4369,11.5038,1027.8871,398.7376,93.6493,12.8274,404.8510,46.8562
2044-07-13,32.7356,0.0000,25.9179,7.6900,1037.4835,404.6245,94.1204,11.2998,409.7434,43.2280
2044-07-14,34.5738,0.0000,22.1876,7.4057,1047.4108,411.1438,95.2023,12.9261,415.0172,47.0860
2044-07-15,33.1146,0.0000,32.0354,11.1441,1057.0754,416.6051,94.5707,14.3103,419.6945,50.1978
2044-07-16,34.2357,0.0000,31.8098,9.6457,1066.9419,422.2640,94.6215,13.3628,424.5084,48.0852
2044-07-17,35.0584,0.0010,32.2160,9.5310,1076.9564,428.0203,94.6724,13.3791,429.3970,48.1229
2044-07-18,37.4700,0.0000,22.5552,8.0156,1087.4050,435.0355,95.6395,14.1478,435.0342,49.8427
2044-07-19,36.6031,0.0035,20.3401,9.5089,1097.6975,442.0893,96.0018,16.0218,442.0327,53.8619
2044-07-20,36.8997,0.0042,25.0735,8.5039,1108.0435,448.7760,96.0531,15.3367,448.6704,52.4203
2044-07-21,38.1169,0.0022,23.3586,7.2840,1118.6085,455.8350,96.1045,14.5229,455.6734,50.6681
2044-07-22,40.0205,0.0000,19.2501,7.0941,1129.5162,463.6333,96.7955,15.7865,463.4024,53.3719
2044-07-23,41.6169,0.0000,23.7413,8.0038,1140.7113,471.2838,96.8471,16.6416,470.9871,55.1450
2044-07-24,34.9735,0.0000,37.4842,12.8537,1150.7105,476.5802,94.0603,14.5364,476.2552,50.6990
2044-07-25,34.0347,0.0000,38.0848,10.6912,1160.5407,481.6892,93.5439,12.1335,481.3380,45.2427
2044-07-26,34.6398,0.0000,34.1917,11.2276,1170.4799,487.2129,93.5944,12.5539,486.8274,46.2311
2044-07-27,33.6936,0.0002,28.5056,11.6082,1180.2487,493.0551,93.7681,13.1099,492.6265,47.5153
2044-07-28,36.1530,0.0000,21.1652,6.0353,1190.4603,499.9524,95.6451,12.8140,499.4608,46.8356
2044-07-29,39.2152,0.0000,17.9074,5.5182,1201.2230,507.7252,96.9171,14.8208,507.1546,51.3176
2044-07-30,40.3303,0.0000,14.6049,6.7268,1212.1865,516.0343,97.8138,17.7474,515.3725,57.3776
2044-07-31,40.0844,0.0000,16.1002,7.2982,1223.1057,524.1494,97.8657,18.3917,523.3983,58.6474
2044-08-01,37.7638,0.0000,23.5631,9.0186,1232.9072,530.2821,97.0940,18.1026,529.4762,58.0805
2044-08-02,36.8824,0.0000,23.5001,8.7526,1242.5500,536.2807,96.8545,17.2987,535.4208,56.4808
2044-08-03,37.8313,0.0000,19.4242,5.3811,1252.3636,542.7568,96.9061,14.6971,541.8322,51.0505
2044-08-04,37.2710,0.0000,25.2429,7.9562,1262.0764,548.6787,96.5888,16.0364,547.7009,53.8974
2044-08-05,36.4760,0.0000,27.9950,9.0343,1271.6461,554.2644,95.9527,15.5395,553.2396,52.8546
2044-08-06,34.7553,0.0002,27.3743,9.9819,1280.9060,559.6403,95.7094,15.7706,558.5702,53.3415
2044-08-07,35.5404,0.0000,31.9917,7.7032,1290.3073,564.7846,95.0186,12.7955,563.6758,46.7938
2044-08-08,37.0191,0.0000,28.5673,8.8139,1299.9748,570.4061,95.0696,13.6270,569.2486,48.6886
2044-08-09,37.0557,0.0000,26.4140,8.9147,1309.6488,576.2025,95.1206,13.7924,574.9915,49.0591
2044-08-10,31.5150,0.0000,47.0224,11.6319,1318.3255,579.7696,91.8236,9.9910,578.5518,39.9463
2044-08-11,30.0566,0.0000,49.3522,12.3345,1326.7396,583.0273,90.8773,9.0485,581.8081,37.4545
2044-08-12,31.5280,0.0000,43.9985,9.9754,1335.4187,586.7995,90.9270,8.0914,585.5683,34.8029
2044-08-13,35.8912,0.0000,31.6112,5.6816,1344.8831,592.0222,93.3324,9.1527,590.7490,37.7356
2044-08-14,37.6668,0.0000,28.7045,6.8487,1354.6671,597.7281,94.3667,11.2057,596.4032,43.0070
2044-08-15,38.3336,0.0000,28.2670,9.6896,1364.5712,603.5679,94.6200,13.3896,602.1882,48.1533
2044-08-16,39.3954,0.0000,23.3630,8.7320,1374.6663,609.9748,95.7984,14.9879,608.5266,51.6789
2044-08-17,39.3168,0.0000,23.7556,5.6907,1384.7473,616.3365,95.8497,12.9480,614.8199,47.1456
2044-08-18,36.9316,0.0000,31.7549,9.0281,1394.3990,621.6948,95.2715,14.1604,620.1318,49.8765
2044-08-19,36.0927,0.0007,34.2047,8.2345,1403.8997,626.7467,94.6606,12.5127,625.1438,46.1366
2044-08-20,36.8625,0.0159,32.4817,8.2787,1413.5390,632.0383,94.7115,12.6286,630.3899,46.4069
2044-08-21,37.7832,0.1712,32.0315,7.7701,1423.3440,637.4943,94.7624,12.3955,635.7972,45.8623
2044-08-22,39.5299,0.1222,27.1381,6.6456,1433.4633,643.6059,95.0598,12.2002,641.8445,45.4026
2044-08-23,39.5827,0.1675,22.9249,4.3356,1443.5922,650.0793,95.9233,12.2146,648.2427,45.4367
2044-08-24,40.5836,0.0014,19.1567,2.9569,1453.9013,657.0362,96.8860,12.9720,655.1115,47.2008
2044-08-25,40.8437,0.0015,16.1165,4.6488,1464.2571,664.2997,97.5853,15.5064,662.2774,52.7849
2044-08-26,39.8901,0.0000,19.5322,7.8145,1474.4414,671.1091,97.6371,18.3137,668.9992,58.4957
2044-08-27,37.5061,0.0052,29.9426,9.5469,1484.1964,676.6927,95.8891,15.8094,674.5258,53.4232
2044-08-28,36.9538,0.0964,28.8317,7.8669,1493.8521,682.2838,95.7809,14.3144,680.0580,50.2156
2044-08-29,36.8975,0.0064,28.7322,9.4605,1503.4977,687.8743,95.7719,15.4924,685.5890,52.7553
2044-08-30,36.1927,0.0166,33.0642,8.4695,1513.0164,693.0276,94.9325,13.1434,690.6942,47.5936
2044-08-31,32.5699,0.0017,39.5823,10.0814,1521.8829,697.2273,93.2009,11.2164,694.8669,43.0335
2044-09-01,30.2670,0.0000,34.2065,11.4531,1529.0350,700.9015,93.2513,12.1042,698.5106,45.1752
2044-09-02,31.4305,0.0000,28.2152,6.3868,1536.3965,705.0590,93.4337,9.6187,702.6249,38.9754
2044-09-03,35.2469,0.0000,24.3786,5.6172,1544.4449,709.9525,94.8139,11.2001,707.4602,42.9933
2044-09-04,32.5629,0.6895,51.5683,8.9291,1552.0103,712.8551,89.6487,6.3932,710.3604,29.7309
2044-09-05,31.1722,0.0000,56.7104,9.5295,1559.3253,715.3423,89.6597,6.5999,712.8552,30.3774
2044-09-06,30.0162,0.0000,46.4330,10.3726,1566.4322,718.3099,89.7090,6.9352,715.8131,31.4074
2044-09-07,31.2036,0.0001,30.2205,5.7182,1573.7528,722.3230,92.6401,8.3220,719.7863,35.4541
2044-09-08,35.7792,0.0000,23.7410,5.0534,1581.8971,727.3301,94.9717,11.1245,724.7317,42.8075
2044-09-09,33.8686,0.0033,38.4584,6.6231,1589.6974,731.1614,93.6129,9.9800,728.5340,39.9181
2044-09-10,34.2936,0.0006,31.8143,7.0559,1597.5743,735.4580,93.6635,10.2720,732.7876,40.6689
2044-09-11,32.2100,0.0000,26.0037,7.9694,1605.0761,739.8463,94.0213,11.3037,737.1252,43.2473
2044-09-12,31.4172,0.0000,26.4784,8.4465,1612.4352,744.1026,94.0720,11.6603,741.3331,44.1137
2044-09-13,30.2296,0.0037,33.6488,7.9655,1619.5805,747.8036,93.7320,10.8568,745.0006,42.1441
2044-09-14,30.9827,0.0146,32.2173,6.8410,1626.8614,751.6752,93.7826,10.3311,748.8348,40.8195
2044-09-15,30.2208,0.0767,40.1033,10.1491,1634.0051,755.0152,92.6417,10.4062,752.1528,41.0106
2044-09-16,25.7235,0.0227,53.7168,13.5625,1640.3394,757.2255,89.7416,8.1828,754.3679,35.0620
2044-09-17,26.8264,0.0070,30.8246,7.8741,1646.8721,760.6648,91.8019,8.2422,757.7745,35.2296
2044-09-18,30.5632,0.0000,22.0936,4.8413,1654.0775,765.0566,94.3176,10.0592,762.1104,40.1227
2044-09-19,30.2303,0.0013,29.5591,7.6951,1661.2229,768.9857,94.3684,11.6967,765.9978,44.2013
2044-09-20,23.1830,0.0026,39.6165,18.0216,1667.0999,771.5962,91.8813,13.8993,768.5943,49.2979
2044-09-21,23.6291,0.0000,28.4407,10.4893,1673.0571,774.7467,92.0545,9.7452,771.7140,39.3072
2044-09-22,25.2310,0.0000,21.8040,9.2538,1679.3027,778.4125,93.5797,11.3421,775.3351,43.3413
2044-09-23,29.0653,0.0000,24.8424,6.4694,1686.2385,782.4488,93.7502,10.0939,779.3229,40.2120
2044-09-24,30.8668,0.0000,29.8366,5.3677,1693.4985,786.4420,93.8008,9.6162,783.2726,38.9686
2044-09-25,31.5095,0.0000,30.2769,5.0647,1700.8742,790.4899,93.8514,9.5373,787.2765,38.7607
2044-09-26,31.9018,0.0000,29.3192,4.8642,1708.3205,794.6427,93.9020,9.5080,791.3825,38.6832
2044-09-27,32.6435,0.0000,25.7412,5.5790,1715.9003,799.1038,94.1583,10.2128,795.7877,40.5174
2044-09-28,31.4397,0.0008,24.7913,4.8709,1723.2635,803.4609,94.2090,9.9242,800.0892,39.7734
2044-09-29,32.8284,0.0000,21.6263,5.6924,1730.8766,808.1950,95.0333,11.5858,804.7578,43.9337
2044-09-30,31.1681,0.0000,34.4478,7.8816,1738.1908,811.9609,93.9103,11.0821,808.4873,42.7027
2044-10-01,31.7496,0.0000,39.8834,5.4929,1744.6098,814.9531,92.9503,8.5943,811.4584,36.2125
2044-10-02,32.4283,0.2141,34.7656,3.9038,1751.1509,818.2672,93.0006,7.9890,814.7416,34.5113
2044-10-03,32.9642,0.2456,32.8393,6.0116,1757.7884,821.7336,93.0510,8.9471,818.1730,37.1799
2044-10-04,30.8226,2.9771,49.7489,5.3720,1607.5636,123.1999,80.8921,1.6418,206.7817,10.5492
2044-10-05,27.3665,7.1505,70.7371,8.1289,1283.9877,66.5535,61.5328,0.6747,117.8373,3.6812
2044-10-06,28.1978,2.7935,63.2497,6.5206,1289.7673,54.8804,70.4294,0.8810,99.2074,4.3600
2044-10-07,26.8731,9.7190,73.9207,7.4283,1051.2144,29.6108,54.1234,0.3738,55.3255,0.6763
2044-10-08,25.3252,5.5230,80.1896,5.5387,975.0291,18.9474,47.1980,0.1503,36.1392,0.2015
2044-10-09,26.9844,2.9834,72.5792,10.6407,954.2973,15.4775,63.2618,0.8361,29.7488,0.9817
2044-10-10,27.2600,1.6121,65.2842,13.6923,959.9081,16.0696,76.7973,1.7105,30.8481,3.6092
2044-10-11,29.5996,0.0000,37.7107,12.8684,965.9401,18.9670,89.7056,7.8608,36.1590,15.7801
2044-10-12,28.2784,0.0000,42.5298,7.5740,971.7342,21.5253,90.0532,6.3276,40.7916,14.2479
2044-10-13,27.4790,0.0022,53.5198,5.1278,977.3844,23.5380,89.6776,5.3006,44.4027,12.9973
2044-10-14,27.6172,0.0739,54.2077,4.3892,983.0595,25.5305,89.5322,5.0016,47.9480,12.9590
2044-10-15,28.0249,0.0089,44.9287,5.6658,988.8080,27.9608,89.6162,5.3985,52.2294,14.4250
2044-10-16,27.8060,0.0281,37.4482,6.8142,994.5171,30.7005,90.7872,6.7638,57.0019,17.9331
2044-10-17,27.6304,0.0000,34.4805,6.4082,1000.1945,33.5527,91.4257,7.2575,61.9131,19.7298
2044-10-18,27.9021,0.0001,32.7777,4.6861,1005.9209,36.5067,91.8438,7.0607,66.9400,20.1549
2044-10-19,25.2891,0.0189,41.5241,9.1257,1011.1769,38.8449,91.4379,8.3369,70.8823,23.3832
2044-10-20,23.4587,0.0006,38.5194,8.1650,1016.1035,41.1327,91.4877,7.9993,74.7050,23.3389
2044-10-21,21.1611,0.0016,50.7512,13.3766,1020.6165,42.7938,89.5061,7.8372,77.4672,23.4431
2044-10-22,20.0711,2.0585,62.2998,17.5275,1024.9333,39.4444,77.6586,2.2155,71.9648,8.4198
2044-10-23,18.8601,0.0000,46.9872,6.5787,1029.0321,41.0477,84.8258,2.8662,74.6508,10.7137
2044-10-24,20.7345,0.0001,42.9035,5.1782,1033.4683,42.9366,87.7621,4.0373,77.7932,14.4194
2044-10-25,19.7112,0.0022,50.8958,11.1649,1037.7203,44.4850,87.8108,5.4970,80.3581,18.5118
2044-10-26,19.9166,2.0817,66.2990,17.7066,1042.0093,40.6900,76.1618,2.0048,74.1420,7.8608
2044-10-27,18.0955,22.5149,86.6614,16.9957,737.9533,16.0191,35.4094,0.0314,30.3890,0.0374
2044-10-28,17.3812,3.0005,70.1255,7.9737,726.8668,12.6948,49.2311,0.2229,24.3273,0.2291
2044-10-29,16.9940,0.0183,61.7547,6.1881,730.6297,13.7433,69.5118,0.8413,26.2521,0.9089
2044-10-30,17.4785,0.0009,55.1085,5.0376,734.4799,15.0070,80.0000,1.4658,28.5554,2.8078
2044-10-31,16.7426,0.0004,53.5127,7.7447,738.1975,16.2638,84.2479,2.8105,30.8295,6.0531
2044-11-01,18.1909,0.0001,37.9737,4.6889,741.1759,17.8502,87.8448,3.9859,33.6729,8.7739
2044-11-02,20.0600,0.0012,42.4904,5.6083,744.4907,19.4635,88.5169,4.5972,36.5389,10.3799
2044-11-03,16.1756,0.0164,51.6487,10.5736,747.1063,20.5710,88.1683,5.6162,38.4923,12.5722
2044-11-04,16.7303,0.0070,44.1508,7.9766,749.8217,21.8912,88.2171,4.9618,40.8042,11.7617
2044-11-05,19.5286,1.2077,68.9813,12.0218,753.0409,22.7395,80.0430,2.0935,42.2868,5.6178
2044-11-06,18.6347,8.6321,84.7754,12.3273,686.3142,12.1429,43.2510,0.1155,23.2571,0.1153
2044-11-07,18.6738,14.1054,91.8074,13.4549,588.8748,5.6436,23.0280,0.0008,11.0231,0.0005
2044-11-08,18.5902,7.4179,91.9485,11.6478,552.0501,2.7159,21.0984,0.0004,5.3659,0.0002
2044-11-09,17.4318,0.0031,66.3870,6.6122,554.8918,3.5418,51.3599,0.2686,6.9723,0.1346
2044-11-10,20.3593,1.2341,60.3924,13.8634,558.2605,4.6687,72.0332,1.3480,9.1461,0.7753
2044-11-11,16.7775,3.2425,70.6642,13.6711,549.8444,3.2800,62.3761,0.9328,6.4637,0.4508
2044-11-12,16.3525,0.5916,62.2827,9.2216,552.4919,4.1528,75.5650,1.2593,8.1523,0.6823
2044-11-13,16.9148,0.5707,71.2590,6.9327,555.2405,4.8392,79.3007,1.5031,9.4721,0.8807
2044-11-14,21.2712,0.0013,60.5395,6.0447,558.7733,6.0096,83.7795,2.4235,11.7045,2.6327
2044-11-15,22.3575,3.4167,61.2459,13.3631,550.2303,4.7173,71.9176,1.3089,9.2367,0.7567
2044-11-16,16.6775,38.0687,83.4494,9.6005,367.2860,1.9946,31.1651,0.0077,3.9359,0.0030
2044-11-17,17.1649,0.0088,67.7091,4.6048,370.0796,2.7766,55.8322,0.3789,5.4509,0.1693
2044-11-18,18.4835,0.0078,72.1763,5.6570,373.1107,3.4990,70.4016,0.8428,6.8377,0.4184
2044-11-19,19.8302,0.0018,75.4527,4.3053,376.3841,4.1802,76.9586,1.0784,8.1345,0.5836
2044-11-20,19.8315,1.9034,79.3184,11.1521,379.6578,3.6849,68.4697,1.0452,7.1952,0.5320
2044-11-21,16.7194,0.3787,65.7725,10.7604,382.3713,4.4935,78.3955,1.6762,8.7305,0.9409
2044-11-22,15.6837,0.0000,58.2359,4.1330,384.8983,5.4228,82.5217,1.8719,10.4767,1.5812
2044-11-23,16.2360,0.0130,66.2376,6.3538,387.5248,6.1988,83.4295,2.3509,11.9209,2.5622
2044-11-24,15.4194,0.1682,72.1317,7.2768,390.0043,6.8092,83.4767,2.4781,13.0488,2.9382
2044-11-25,13.4804,0.0000,51.7719,10.0050,392.1348,7.7415,85.1889,3.5808,14.7547,4.8346
2044-11-26,15.1000,0.0000,44.7623,10.4486,394.5568,8.9279,86.8517,4.6240,16.8997,6.7180
2044-11-27,15.3616,0.0000,56.4215,10.7978,397.0259,9.8790,86.9000,4.7385,18.6008,7.2536
2044-11-28,15.1350,0.0147,65.6170,12.5100,399.4542,10.6190,85.8338,4.4437,19.9145,7.1130
2044-11-29,17.9992,0.0004,64.2801,10.6771,402.3980,11.5235,85.8817,4.0790,21.5073,6.8767
2044-11-30,16.6502,0.1944,73.3150,5.6046,405.0990,12.1515,84.7059,2.6846,22.6076,4.7182
2044-12-01,15.8710,0.0022,76.9263,4.2553,407.6598,12.5965,83.7678,2.2111,23.3864,3.9223
2044-12-02,20.3041,0.0222,63.9508,7.7054,411.0186,13.4733,84.6586,2.9652,24.9056,5.5573
2044-12-03,20.1232,0.5163,63.3812,7.2286,414.3447,14.3565,84.8596,2.9754,26.4241,5.7916
2044-12-04,18.9915,8.3622,68.8892,9.5078,387.1914,8.0482,54.1485,0.4161,15.3013,0.3199
2044-12-05,15.0892,12.9472,79.3822,6.4395,343.2914,3.8673,32.3402,0.0088,7.5227,0.0046
2044-12-06,15.4516,0.1250,73.7642,4.2713,345.7767,4.3608,52.4579,0.2693,8.4550,0.1487
2044-12-07,17.7520,0.0052,65.9317,10.1906,348.6761,5.0906,71.8381,1.1123,9.8228,0.6645
2044-12-08,18.9039,0.0008,67.0748,16.2661,351.7828,5.8391,80.5733,2.7440,11.2129,2.9975
2044-12-09,17.4463,0.9624,78.3867,7.7709,354.6271,6.2946,76.5188,1.2447,12.0543,0.8327
2044-12-10,18.6768,0.0056,74.2536,4.4893,357.6929,6.8733,79.9502,1.4185,13.1164,0.9961
2044-12-11,17.9810,0.0008,69.1797,5.6057,360.6335,7.5416,82.2097,1.9397,14.3338,2.2698
2044-12-12,18.0781,0.0657,67.4454,9.9075,363.5915,8.2511,83.4493,2.8192,15.6162,3.8813
2044-12-13,17.6363,0.5056,73.2253,5.2568,366.4701,8.8211,83.3626,2.2052,16.6409,3.0421
2044-12-14,13.9915,0.3641,78.4769,10.5404,368.6926,9.1903,82.9087,2.7146,17.3023,3.9881
2044-12-15,14.3288,0.0158,73.9303,5.5037,370.9757,9.6473,82.9557,2.1188,18.1169,3.0884
2044-12-16,15.0695,0.0003,74.1276,4.6392,373.3922,10.1228,83.0027,2.0407,18.9604,3.0532
2044-12-17,17.3369,0.0001,72.6441,4.7880,376.2169,10.6959,83.0498,2.0685,19.9723,3.2308
2044-12-18,17.7379,0.0000,68.8520,4.7673,379.1137,11.3627,83.4849,2.1860,21.1413,3.5982
2044-12-19,17.2139,0.0000,69.1786,5.1945,381.9162,12.0042,83.5833,2.2626,22.2592,3.8838
2044-12-20,18.8558,0.0000,60.8834,5.8328,385.0142,12.8912,84.7607,2.7361,23.7910,4.9771
2044-12-21,21.1109,0.0006,48.7457,9.8166,388.5182,14.1849,87.1109,4.6473,25.9969,8.6237
2044-12-22,19.1135,0.0011,71.7281,8.8809,391.6626,14.8343,85.4300,3.4984,27.1024,6.8572
2044-12-23,14.9730,0.0074,70.4386,9.1434,394.0618,15.3743,84.8058,3.2528,28.0160,6.5413
2044-12-24,15.2016,0.0000,51.2442,5.1528,396.5021,16.2775,85.8465,3.0727,29.5248,6.4082
2044-12-25,16.7601,0.0037,64.4160,6.1155,399.2229,16.9997,85.8944,3.2471,30.7282,6.9166
2044-12-26,14.8446,0.0038,70.6361,5.7456,401.5989,17.5318,84.9244,2.7858,31.6133,6.1004
2044-12-27,16.3935,0.0000,63.3304,12.7962,404.2538,18.2607,84.9721,4.0002,32.8157,8.6685
2044-12-28,15.3025,0.0026,64.1427,21.4335,406.7122,18.9291,85.0198,6.2224,33.9124,12.7259
2044-12-29,17.1674,0.0006,64.5605,15.1217,409.5063,19.6648,85.0675,4.5570,35.1141,10.0724
2044-12-30,17.5267,12.8807,72.3574,19.4835,363.8115,9.5949,52.7146,0.5956,18.0027,0.5056
2044-12-31,13.8861,10.2301,73.8184,16.9646,332.1894,4.9102,42.8183,0.1357,9.4704,0.0795
2045-01-01,12.8357,14.5571,85.7232,16.9042,288.1278,2.0865,28.0983,0.0047,4.0988,0.0019
2045-01-02,15.3638,12.7290,90.7762,24.6672,254.6586,0.5648,23.6743,0.0017,1.1234,0.0005
2045-01-03,15.7773,13.0401,92.3901,13.5893,223.1489,0.1581,16.9588,0.0001,0.3157,0.0000
2045-01-04,15.8737,3.8275,88.1208,11.5461,219.2061,0.2482,26.8253,0.0025,0.4951,0.0006
2045-01-05,15.8745,8.1094,85.8433,17.3034,203.5920,0.2958,30.3818,0.0091,0.5895,0.0022
2045-01-06,14.1140,13.2221,77.4613,8.5917,175.2561,0.4221,29.4386,0.0045,0.8392,0.0012
2045-01-07,10.7515,16.9701,85.2482,15.5529,139.5931,0.2152,23.1293,0.0009,0.4288,0.0002
2045-01-08,11.3885,0.0019,64.2088,11.2433,141.3470,0.7655,51.1313,0.3305,1.5106,0.0950
2045-01-09,11.8176,0.0006,70.0313,6.0085,143.1782,1.2421,65.4521,0.7266,2.4315,0.2387
2045-01-10,13.1531,2.5233,83.0144,15.4742,145.2498,0.5589,55.9753,0.6633,1.1072,0.1777
2045-01-11,15.4694,1.0492,85.9930,5.7162,147.7382,0.8447,58.9218,0.5087,1.6655,0.1499
2045-01-12,17.3793,0.0001,75.3597,6.9682,150.5705,1.4052,71.0583,0.9202,2.7464,0.3145
2045-01-13,18.0432,0.0068,73.7284,4.9939,153.5223,2.0244,77.3729,1.1519,3.9195,0.4481
2045-01-14,14.3261,5.3781,86.0304,13.3303,146.6813,0.7466,44.9989,0.1610,1.4743,0.0460
2045-01-15,12.5103,0.8991,66.7283,14.1766,148.6372,1.3040,63.6588,1.0177,2.5521,0.3395
2045-01-16,12.1849,0.0000,49.8783,4.7774,150.5345,2.1238,76.3690,1.0595,4.1029,0.4197
2045-01-17,11.8029,1.0897,59.0494,3.7642,152.3630,2.7743,74.9186,0.9218,5.3070,0.4070
2045-01-18,11.0001,4.8134,84.1117,8.7284,146.2717,1.2189,43.7164,0.1041,2.3881,0.0340
2045-01-19,12.3651,0.0001,61.1402,4.9538,148.2015,1.8631,63.1389,0.6242,3.6126,0.2353
2045-01-20,11.5654,14.4311,85.0459,8.6786,120.5652,0.4813,28.2296,0.0032,0.9531,0.0008
2045-01-21,12.4962,4.7880,77.9296,9.4582,115.3871,0.3694,34.3360,0.0168,0.7330,0.0042
2045-01-22,12.3012,0.2189,74.8771,10.6415,117.3053,0.7839,55.0507,0.4793,1.5420,0.1385
2045-01-23,12.3606,21.0807,82.3751,22.9243,78.5468,0.2921,34.0096,0.0306,0.5788,0.0073
2045-01-24,9.7344,0.1150,51.0544,14.1543,80.0030,0.9449,62.0601,0.9403,1.8356,0.2843
2045-01-25,7.7997,1.3613,72.5509,11.6814,81.1110,1.2457,63.6928,0.8988,2.3992,0.2940
2045-01-26,9.7329,19.6716,88.4683,9.8670,47.8172,0.1538,23.1046,0.0007,0.3051,0.0001
2045-01-27,10.0842,6.8766,81.8887,6.2620,39.6110,0.2494,23.5738,0.0007,0.4910,0.0002
2045-01-28,12.9777,0.7355,65.5675,14.1783,41.6510,0.8461,52.9606,0.4677,1.6105,0.1366
2045-01-29,11.7794,25.6630,84.5770,22.7963,1.9506,0.2445,30.2087,0.0115,0.3724,0.0026
2045-01-30,8.5231,10.7976,81.9777,16.8749,1.2382,0.2135,26.9204,0.0033,0.2984,0.0007
2045-01-31,10.0365,2.7507,82.2059,4.9360,2.7487,0.2440,31.2576,0.0062,0.3993,0.0014
2045-02-01,14.2745,7.3001,85.6937,13.3662,2.2734,0.3124,29.2399,0.0055,0.4651,0.0013
2045-02-02,13.4556,9.6547,78.4017,20.9921,2.1260,0.4466,36.3555,0.0474,0.5856,0.0114
2045-02-03,12.8738,0.5025,67.0867,11.9874,4.1473,1.0999,60.3903,0.7672,1.3228,0.2137
2045-02-04,12.7947,0.0000,61.3243,5.8908,6.1543,1.8633,73.1670,0.9433,2.1211,0.2972
2045-02-05,13.4902,0.0030,65.4790,4.4318,8.2866,2.5787,78.7215,1.2547,2.9007,0.4368
2045-02-06,14.5918,0.0036,61.5886,7.9060,10.6171,3.4349,82.3192,2.2077,3.7980,0.8483
2045-02-07,14.5798,0.8221,68.1394,7.3319,12.9455,4.1445,79.8399,1.6185,4.6041,0.6722
2045-02-08,14.6875,0.0012,68.2379,6.8460,15.2932,4.8568,81.8900,1.9862,5.4147,0.8848
2045-02-09,15.1083,0.0000,68.6077,8.6443,17.7167,5.5796,82.8097,2.4364,6.2435,1.5818
2045-02-10,12.9828,0.0145,76.3529,7.9275,19.7576,6.0527,82.8567,2.3640,6.8552,1.6275
2045-02-11,11.3827,16.5281,87.2417,11.5214,1.7529,2.6123,30.3929,0.0069,2.0802,0.0021
2045-02-12,14.0265,0.4916,73.5368,10.8840,3.9817,3.1809,54.3028,0.4526,2.8736,0.1571
2045-02-13,15.1848,1.9531,73.9529,11.5209,6.4189,2.7581,59.7844,0.7216,2.7251,0.2460
2045-02-14,12.5925,32.7249,87.2044,8.8052,1.9707,0.9101,22.6335,0.0005,0.8440,0.0001
2045-02-15,13.5708,0.0757,74.2549,5.0900,4.1174,1.4466,44.1574,0.0931,1.5403,0.0269
2045-02-16,12.5096,55.9853,87.9489,16.1327,1.9557,0.2330,21.2963,0.0005,0.3590,0.0001
2045-02-17,13.8841,24.5326,89.3047,12.5169,2.2031,0.2276,17.5256,0.0001,0.3618,0.0000
2045-02-18,14.7529,1.9883,79.1527,8.4849,4.5627,0.4695,36.3488,0.0252,0.7468,0.0063
2045-02-19,18.4283,0.8973,78.3047,4.7118,7.5838,1.0713,52.9684,0.2905,1.5834,0.0845
2045-02-20,20.5565,0.0039,65.2705,6.7838,10.9879,2.1397,72.5905,0.9638,2.8782,0.3347
2045-02-21,22.7891,0.0000,57.8208,6.4474,14.7940,3.5710,82.5400,2.1083,4.4541,0.8636
2045-02-22,22.6496,0.7156,62.3373,7.4098,18.5749,4.8416,83.3807,2.4637,5.8628,1.5241
2045-02-23,22.5716,8.7614,63.1583,8.7554,10.1530,3.2037,59.5282,0.6174,3.5819,0.2320
2045-02-24,17.9758,3.0298,76.3717,8.9529,10.5872,2.2118,55.5937,0.4620,2.9059,0.1610
2045-02-25,17.5554,0.3975,74.4807,4.9102,13.4512,2.8880,68.8049,0.7713,3.7586,0.2952
2045-02-26,14.7953,4.3063,78.6697,11.3743,11.1546,1.5883,50.8940,0.3237,2.3427,0.1051
2045-02-27,13.4562,1.3501,63.2026,14.6236,13.2807,2.3492,65.6786,1.1314,3.2577,0.4104
2045-02-28,13.7104,0.9527,72.9479,6.9203,15.4526,2.9183,69.9597,0.8854,3.9647,0.3460
2045-03-01,16.5214,0.0788,62.5333,4.1402,18.1304,4.0437,78.3798,1.1991,5.1923,0.5244
2045-03-02,17.8716,0.0903,62.4684,6.5476,21.0513,5.2574,82.5669,2.1261,6.4732,1.1692
2045-03-03,16.0592,16.7396,84.3475,20.0513,2.5947,2.4431,40.1062,0.0973,2.0708,0.0304
2045-03-04,15.5435,3.7674,85.2214,12.5930,2.5018,1.3004,39.4540,0.0590,1.1805,0.0160
2045-03-05,16.9361,2.2546,85.0470,9.4646,5.2543,0.8449,44.7092,0.1266,1.2053,0.0345
2045-03-06,17.6280,0.6239,77.0423,8.7264,8.1314,1.5778,62.3813,0.7273,2.1249,0.2292
2045-03-07,18.0570,0.3619,65.6284,4.8142,11.0856,2.7002,74.9387,0.9730,3.3565,0.3568
2045-03-08,19.3270,0.4032,54.6460,4.9304,14.2685,4.2795,82.6421,1.9783,4.8913,0.8430
2045-03-09,20.5169,0.6493,59.4248,7.7425,17.6655,5.7746,83.8894,2.6786,6.3554,1.9093
2045-03-10,14.2094,2.7067,67.6758,12.9009,19.9272,4.5711,67.0896,1.0909,5.8102,0.5017
2045-03-11,12.9993,25.8436,86.1926,12.1492,2.0439,1.9052,27.6773,0.0033,1.5371,0.0009
2045-03-12,11.6109,23.5691,81.7325,18.3588,1.7940,0.6383,26.9563,0.0036,0.6756,0.0009
2045-03-13,11.8941,16.8696,78.2934,16.1247,1.8449,0.4808,29.7929,0.0073,0.5822,0.0018
2045-03-14,11.5019,5.5843,74.3746,16.7216,1.7743,0.5505,38.8413,0.0643,0.6200,0.0156
2045-03-15,14.2539,0.2893,57.0669,8.8937,4.0440,1.6741,64.7081,0.8159,1.6583,0.2401
2045-03-16,13.9888,0.0239,56.9146,8.3022,6.2660,2.7823,77.1446,1.3373,2.7342,0.4564
2045-03-17,15.7152,0.0090,44.9194,9.8735,8.7988,4.3611,84.4918,3.2334,4.2622,1.9500
2045-03-18,19.7347,0.0000,41.5217,5.1931,12.0550,6.4379,87.6991,4.0041,6.3042,3.3120
2045-03-19,21.5469,0.0000,42.7083,5.0780,15.6374,8.6496,88.6480,4.5610,8.4987,4.5185
2045-03-20,22.8888,0.0000,41.5863,4.2511,19.4614,11.0382,89.2124,4.7441,10.8741,5.3823
2045-03-21,23.8753,0.0036,45.8359,9.9631,23.4630,13.3441,89.2615,6.3711,13.1768,7.8557
2045-03-22,23.9638,0.0000,48.6316,9.2736,27.4805,15.5388,89.3106,6.1971,15.3721,8.3054
2045-03-23,24.7199,0.0000,45.7661,8.3288,31.6340,17.9258,89.3598,5.9508,17.7556,8.6531
2045-03-24,25.4384,0.0002,43.8379,10.0621,35.9169,20.4664,89.4089,6.5399,20.2905,10.0653
2045-03-25,22.1664,0.0036,58.7077,12.5950,39.6109,22.1040,88.0961,6.1543,21.9364,9.9720
2045-03-26,16.9871,4.8964,67.0012,12.1544,36.3456,15.0327,61.2946,0.8156,15.0165,0.6201
2045-03-27,18.8064,0.0080,56.8698,7.6244,39.4347,16.4962,77.5787,1.3365,16.4743,1.3343
2045-03-28,18.1024,0.0036,47.2621,7.4348,42.3971,18.2224,84.6550,2.9236,18.1869,4.4670
2045-03-29,20.4298,0.0061,48.8351,8.4651,45.7785,20.1002,86.9311,4.2317,20.0535,6.8283
2045-03-30,15.2917,0.0000,51.3511,13.8542,48.2350,21.4595,86.9795,5.5904,21.4057,9.0718
2045-03-31,19.6162,0.0000,45.2034,6.7804,51.4699,23.3945,87.8744,4.4477,23.3290,7.7977
2045-04-01,22.0044,0.0000,50.2170,4.7289,56.3847,26.1830,87.9230,4.0389,26.1049,7.6393
2045-04-02,19.5564,0.2344,53.4071,15.5599,60.8589,28.5162,87.9717,7.0197,28.4319,12.7418
2045-04-03,15.7698,0.1637,50.4408,11.7804,64.6514,30.5431,88.0204,5.8430,30.4529,11.4126
2045-04-04,18.4558,0.0000,45.8930,6.4288,68.9275,33.1083,88.0691,4.4932,33.0069,9.6066
2045-04-05,17.3114,0.7435,53.8750,8.0489,72.9975,35.1671,84.9867,3.1555,35.0622,7.3133
2045-04-06,14.9029,1.9969,65.8363,13.0902,76.6340,32.9474,72.7488,1.3327,32.9074,2.8092
2045-04-07,16.7072,0.0061,52.0491,7.7315,80.5953,35.0174,81.9641,2.0954,34.9708,4.9294
2045-04-08,20.0670,0.0000,43.7959,5.7856,85.1614,37.9016,86.7665,3.6118,37.8397,8.6355
2045-04-09,23.8178,0.0000,33.7786,9.1458,90.4026,41.9019,90.3115,7.1071,41.8133,15.7808
2045-04-10,25.7695,0.0000,24.3605,10.1863,95.9951,46.8291,92.9427,10.8756,46.7041,22.8076
2045-04-11,28.0836,0.0000,22.2984,9.2367,102.0042,52.3265,94.0397,12.0798,52.1613,25.9372
2045-04-12,27.7565,0.0115,28.3778,5.8074,107.9543,57.3370,94.0904,10.2344,57.1391,24.1875
2045-04-13,23.3022,0.0067,43.7175,15.4276,113.1027,60.6666,91.2381,11.1322,60.4548,26.3824
2045-04-14,23.9628,0.0000,42.7303,6.8821,118.3700,64.1464,90.9730,6.9691,63.9192,19.4825
2045-04-15,26.0649,0.0000,35.5674,6.9015,124.0157,68.3896,91.0416,7.0444,68.1389,20.3112
2045-04-16,27.1561,0.0000,29.4468,7.9638,129.8578,73.2227,92.2830,8.8620,72.9412,24.7695
2045-04-17,28.0434,0.0000,25.2502,5.8229,135.8596,78.5040,93.3529,9.2444,78.1861,26.4294
2045-04-18,28.2915,0.0000,27.9147,6.3791,141.9061,83.6404,93.4033,9.5743,83.2877,27.9500
2045-04-19,25.9093,0.0022,37.5343,9.0022,147.5238,87.7306,92.4395,9.5464,87.3547,28.5779
2045-04-20,27.4144,0.0721,31.8625,9.6780,153.4124,92.4408,92.4897,9.9471,92.0340,30.1598
2045-04-21,24.4415,0.1506,36.1108,12.1260,158.7658,96.3969,92.2476,10.8756,95.9662,32.6763
2045-04-22,23.2210,0.0901,35.1909,9.1603,163.8996,100.2181,92.1724,9.2670,99.7636,29.8909
2045-04-23,23.9771,0.0000,37.6583,7.6788,169.1695,104.0082,91.9060,8.2826,103.5307,28.1804
2045-04-24,20.6233,3.0404,60.7754,9.8362,170.0868,78.1441,72.3357,1.1130,78.0237,4.6372
2045-04-25,21.0217,2.4407,58.1109,7.3678,174.8247,66.9439,70.9090,0.9342,68.4043,3.4336
2045-04-26,22.2389,1.3853,55.1532,5.4996,179.7817,69.4813,76.8651,1.1375,70.6761,4.3942
2045-04-27,23.1748,0.8031,51.5505,5.3587,184.9072,72.3326,83.0331,2.1242,73.1387,8.2002
2045-04-28,23.9413,2.1569,52.7086,5.3836,190.1706,65.6808,77.2022,1.1595,70.4939,4.4751
2045-04-29,23.5110,0.9534,54.5033,9.0657,195.3566,68.3954,82.5275,2.4019,72.9448,9.1061
2045-04-30,19.6389,14.5556,67.3271,11.1327,166.5849,33.3662,52.2316,0.3715,44.4664,0.5752
2045-05-01,23.1635,0.0004,48.7291,5.1974,173.1584,36.6413,77.5407,1.1791,47.9280,3.3383
2045-05-02,24.6271,0.0000,45.9511,6.2694,179.9953,40.3020,86.4255,3.5264,51.6771,10.1949
2045-05-03,26.9942,0.0000,36.1881,7.5362,187.2582,45.0217,90.3967,6.6338,56.2397,17.5506
2045-05-04,29.3701,0.0000,28.5574,7.8269,194.9488,50.7527,92.7399,9.3856,61.4869,23.6255
2045-05-05,31.0775,0.0001,26.5214,5.5570,202.9468,56.9772,93.6451,9.5005,66.9582,24.8870
2045-05-06,32.0321,0.0003,28.7998,4.2474,211.1166,63.1877,93.6956,8.9565,72.2866,24.8382
2045-05-07,33.4939,0.0002,26.0510,4.1256,219.5495,69.9226,94.2101,9.5598,77.8559,26.9893
2045-05-08,35.0874,0.0000,22.7273,6.7766,228.2692,77.2843,95.1798,12.4842,83.7127,33.5097
2045-05-09,34.7451,0.0052,23.6545,12.3194,236.9273,84.4888,95.2309,16.6223,89.3350,41.6949
2045-05-10,24.5970,0.0069,48.5686,15.3829,243.7588,87.9682,90.7801,10.4055,92.4908,31.1646
2045-05-11,24.4844,0.0000,29.7765,7.6028,250.5700,92.6981,91.7624,8.0849,96.3161,26.7750
2045-05-12,27.0117,0.0000,24.2440,7.8958,257.8361,98.3047,93.3330,10.2339,100.6617,32.0891
2045-05-13,29.2573,0.0000,23.6156,5.1314,265.5064,104.4094,93.9847,9.7479,105.2983,31.7087
2045-05-14,33.1468,0.0000,22.0800,4.3722,273.8768,111.4347,94.9652,10.7396,111.4140,34.6685
2045-05-15,33.9784,0.0000,21.6581,3.8482,282.3969,118.6695,95.2662,10.8993,118.6056,35.9194
2045-05-16,34.0669,0.0000,21.5127,6.4828,290.9330,125.9361,95.3353,12.5647,125.8268,40.3008
2045-05-17,33.6789,0.0000,24.2210,6.8532,299.3992,132.8745,95.3864,12.8910,132.7216,41.7410
2045-05-18,31.2067,0.3776,41.3101,9.3128,307.4204,137.8662,92.8152,10.2230,137.6905,36.3413
2045-05-19,28.7395,0.0100,44.2880,15.5565,314.9975,142.2428,91.5976,11.7920,142.0493,40.2699
2045-05-20,21.6763,0.7492,58.9325,16.6475,321.3032,144.7053,85.9313,5.5492,144.5121,24.4031
2045-05-21,19.0530,0.0793,44.2316,15.7773,327.1368,147.6641,87.7833,6.9081,147.4623,28.5624
2045-05-22,20.7210,0.0025,40.4614,9.7339,333.2705,151.0845,88.9243,6.0003,150.8694,26.1018
2045-05-23,23.8548,0.0000,33.2271,7.3023,339.9684,155.4713,90.7510,6.8964,155.2329,28.9423
2045-05-24,28.2783,0.0000,26.6002,4.9221,347.4625,161.1483,92.9174,8.3122,160.8727,33.1119
2045-05-25,32.8334,0.0000,19.2973,10.5467,355.7765,168.3578,95.4554,15.6748,168.0267,50.3281
2045-05-26,33.6258,0.0000,16.3299,14.1219,364.2332,176.0071,96.3813,21.2771,175.6125,61.2857
2045-05-27,34.0335,0.0000,21.0085,11.6210,372.7632,183.3133,96.4327,18.8883,182.8584,57.3619
2045-05-28,35.0035,0.0000,20.8603,8.8681,381.4678,190.8354,96.4842,16.5561,190.3155,53.1918
2045-05-29,35.6477,0.0000,15.8738,7.8090,390.2884,198.9742,96.8286,16.4382,198.3774,53.2465
2045-05-30,36.3957,0.0000,13.3077,6.8983,399.2436,207.5319,97.4936,17.1574,206.8489,54.9400
2045-05-31,36.8759,0.0010,13.4027,5.9244,408.2853,216.1896,97.5746,16.5123,215.4158,53.8667
2045-06-01,39.8559,0.0005,19.1468,5.8397,418.8633,224.9075,97.6264,16.5555,224.0486,54.1337
2045-06-02,37.8611,0.1503,23.1638,8.0752,429.0823,232.7887,97.1421,17.3734,231.8549,55.9112
2045-06-03,29.9491,0.0198,42.9042,13.1150,437.8772,237.4558,92.5480,11.9255,236.4961,44.2205
2045-06-04,28.8541,0.0010,39.7929,10.9588,446.4749,242.2036,92.3039,10.3361,241.2147,40.3923
2045-06-05,30.2957,0.0088,39.0927,9.0078,455.3322,247.2379,92.3540,9.4347,246.2157,38.1158
2045-06-06,31.4790,0.0000,36.1135,10.0523,464.4024,252.7174,92.4041,10.0151,251.6542,39.6677
2045-06-07,29.7979,0.0005,37.3817,12.0755,473.1700,257.8110,92.4543,11.1686,256.7116,42.5932
2045-06-08,27.3698,0.0030,39.3973,13.2544,481.5006,262.3533,92.1356,11.3313,261.2249,43.0214
2045-06-09,27.4071,0.0004,39.7183,11.4944,489.8378,266.8774,92.0402,10.2308,265.7202,40.3132
2045-06-10,30.6587,0.0000,30.2539,6.9921,498.7604,272.7088,92.8091,9.0869,271.5000,37.3528
2045-06-11,32.5313,0.0001,26.6285,8.3718,508.0200,279.2051,93.8829,11.3160,277.9325,43.0773
2045-06-12,32.6662,0.0000,26.0130,9.5247,517.3040,285.7822,94.1108,12.3776,284.4430,45.6393
2045-06-13,31.8142,0.0000,32.1054,9.4619,526.4345,291.6654,94.1615,12.4254,290.2720,45.7738
2045-06-14,33.4378,0.0136,32.9175,7.2790,535.8573,297.7650,94.2122,11.2095,296.3142,42.8858
2045-06-15,33.3094,0.0000,28.6102,10.9754,545.2570,304.2320,94.2630,13.5996,302.7145,48.5018
2045-06-16,30.1420,0.0188,38.7083,13.4995,554.0866,309.2732,92.8975,12.7705,307.7153,46.6282
2045-06-17,26.8446,0.0015,42.8704,18.2270,562.3226,313.4762,91.5624,13.4233,311.8915,48.1288
2045-06-18,26.9880,0.0008,40.2881,13.1225,570.5845,317.8917,91.6123,10.4526,316.2754,41.0488
2045-06-19,29.6426,0.0000,35.5833,11.0841,579.3241,323.1052,91.6622,9.4993,321.4426,38.5931
2045-06-20,29.9742,0.0000,35.4196,11.5257,588.1235,328.3884,91.7378,9.8176,326.6778,39.4356
2045-06-21,30.0465,0.0000,32.9730,11.3169,596.9358,333.8845,92.1951,10.3639,332.1204,40.8481
2045-06-22,30.9760,0.0000,35.9547,10.8471,605.9155,339.2928,92.2452,10.1933,337.4780,40.4191
2045-06-23,30.0646,0.0134,38.9911,11.8012,614.7311,344.2983,92.2953,10.7712,342.4406,41.8860
2045-06-24,28.1718,0.0018,41.1988,13.9593,623.2061,348.8297,91.9422,11.4244,346.9371,43.5006
2045-06-25,27.7869,0.0000,40.5826,13.2726,631.6117,353.3484,91.9289,11.0150,351.4202,42.5005
2045-06-26,30.1043,0.0000,34.1966,9.3350,640.4345,358.7541,92.0009,9.1251,356.7720,37.6324
2045-06-27,32.9120,0.0004,29.5217,10.1595,649.7627,365.0649,93.3310,11.4672,363.0101,43.6173
2045-06-28,32.2794,0.0053,32.8386,12.3041,658.9770,370.9668,93.3814,12.8660,368.8476,46.9303
2045-06-29,31.0157,0.0041,28.0869,10.3193,667.9638,377.0471,93.4319,11.7238,374.8559,44.2445
2045-06-30,33.3502,0.0000,24.1692,6.4484,677.3708,383.9246,94.5452,11.2555,381.6437,43.1108
2045-07-01,34.7299,0.0000,27.3051,4.6778,687.3262,390.0418,94.5960,10.3671,387.6950,40.8958
2045-07-02,36.4772,0.0003,27.6770,10.1880,697.5961,396.4244,94.6469,13.7810,394.0071,49.0186
2045-07-03,31.5440,0.0000,39.0956,15.0268,706.9780,401.0938,93.0592,14.1082,398.6423,49.7471
2045-07-04,28.9346,0.0000,36.9776,12.7835,715.8903,405.5393,92.8341,12.2090,403.0550,45.4117
2045-07-05,32.8685,0.0000,29.1199,6.3857,725.5106,411.1939,93.4517,9.6423,408.6506,39.0283
2045-07-06,34.5534,0.0000,29.3975,11.6460,735.4342,417.1057,93.7263,13.0586,414.4989,47.3902
2045-07-07,36.1466,0.0000,17.3756,12.2250,745.6446,424.3333,96.4778,19.5903,421.6285,60.9463
2045-07-08,36.6876,0.0000,14.7848,10.3820,755.9524,431.8959,97.2174,19.7118,429.0830,61.1780
2045-07-09,36.2100,0.0093,21.3191,9.6453,766.1742,438.7903,97.1408,18.8005,435.8860,59.4361
2045-07-10,29.5346,0.3395,47.0432,16.1288,775.1944,442.6004,91.7233,12.3552,439.6801,45.7628
2045-07-11,26.3819,0.0440,56.4548,14.0531,783.6471,445.4109,89.2632,7.8312,442.4975,34.0547
2045-07-12,30.5946,0.0330,47.3155,8.9373,792.8581,449.3326,89.5880,6.3404,446.4018,29.5613
2045-07-13,31.0035,0.6453,47.3356,6.0015,802.1428,453.3033,89.1515,5.1364,450.3546,25.5868
2045-07-14,31.1719,0.7043,48.8296,11.8935,811.4577,457.1816,88.8594,6.6282,454.2179,30.4624
2045-07-15,31.9881,0.5256,45.0962,9.0602,820.9196,461.4482,90.0476,6.8143,458.4596,31.0360
2045-07-16,31.6412,0.1039,47.5599,8.6405,830.3190,465.4805,90.0970,6.7190,462.4732,30.7435
2045-07-17,34.2305,0.1097,41.0071,4.7677,840.1845,470.3755,91.2683,6.5338,467.3290,30.1697
2045-07-18,36.2669,0.0003,32.0826,5.6347,850.4165,476.3358,93.3341,9.1333,473.2223,37.6814
2045-07-19,38.4639,0.0000,21.0040,8.6656,861.0440,483.6760,96.0749,15.5079,480.4578,52.7858
2045-07-20,39.2269,0.0000,17.9640,9.0637,871.8089,491.4456,96.9340,17.7600,488.1098,57.4016
2045-07-21,38.6707,0.0000,20.0513,5.8683,882.4736,498.9132,96.9857,15.2235,495.4662,52.1821
2045-07-22,38.6151,0.0000,25.8626,7.4980,893.1283,505.8282,96.6914,15.8877,502.2857,53.5859
2045-07-23,38.2958,0.0000,26.2837,7.3636,903.7256,512.6487,96.5290,15.4400,509.0120,52.6432
2045-07-24,38.8422,0.0000,20.7275,7.6775,914.4212,520.0850,96.5805,15.7952,516.3346,53.3925
2045-07-25,36.3010,0.0167,31.8240,11.2712,924.6594,526.0735,95.2395,15.7857,522.2491,53.3727
2045-07-26,32.0660,0.0000,46.8001,12.2766,934.1352,530.2173,91.9294,10.4767,526.3691,41.1887
2045-07-27,33.4552,0.0000,40.9136,11.1082,943.8612,535.0125,91.9794,9.9477,531.1222,39.8339
2045-07-28,33.1123,0.0000,40.9681,12.2861,953.5254,539.7557,92.0294,10.6309,535.8241,41.5781
2045-07-29,32.2701,0.0001,39.2529,11.4354,963.0380,544.5165,92.0794,10.2571,540.5410,40.6304
2045-07-30,32.9479,0.0000,33.0468,9.0802,972.6726,549.8703,92.6739,9.9053,545.8328,39.7239
2045-07-31,34.0038,0.0000,29.2784,9.5609,982.4973,555.7009,93.6063,11.5617,551.5873,43.8750
2045-08-01,32.2065,0.0000,36.9399,11.1956,991.2985,560.0369,93.4007,12.1998,555.8842,45.4013
2045-08-02,31.7100,0.0000,41.3067,11.5377,1000.0103,564.0125,92.5905,11.0804,559.8315,42.6983
2045-08-03,35.2501,0.0000,33.3393,5.9973,1009.3593,569.0149,93.0283,8.9124,564.7788,37.0852
2045-08-04,35.9222,0.0000,34.0122,6.9840,1018.8293,574.0584,93.0787,9.4330,569.7669,38.4843
2045-08-05,36.1126,0.0000,34.6084,8.6165,1028.3336,579.0820,93.1291,10.3142,574.7360,40.7762
2045-08-06,33.8538,0.0000,33.4076,10.8755,1037.4312,583.8874,93.1795,11.6394,579.4889,44.0630
2045-08-07,30.6748,0.0000,39.3622,11.0979,1045.9567,587.8651,92.7274,11.0481,583.4352,42.6186
2045-08-08,31.6414,0.0000,40.8850,9.1970,1054.6562,591.8609,92.5665,9.8144,587.4010,39.4877
2045-08-09,34.5130,0.0000,35.8442,6.6811,1063.8725,596.5777,92.6167,8.7071,592.0693,36.5235
2045-08-10,35.8489,0.0000,35.0860,6.7284,1073.3293,601.5293,92.8079,8.9654,596.9670,37.2296
2045-08-11,37.0445,0.0000,32.0272,7.4844,1083.0013,606.8820,93.5911,10.3910,602.2543,40.9720
2045-08-12,38.2657,0.0000,22.0535,5.9598,1092.8931,613.2166,95.8146,13.0625,608.4916,47.4084
2045-08-13,36.3059,0.0000,28.5418,9.0598,1102.4322,618.7349,95.7203,15.0767,613.9359,51.8696
2045-08-14,34.9630,0.0001,38.3332,7.1408,1111.7295,623.3260,93.8742,10.6225,618.4825,41.5573
2045-08-15,39.3173,0.0000,28.1252,7.3900,1121.8106,629.3232,94.7909,12.2080,624.3949,45.4209
2045-08-16,39.4343,0.0005,26.3433,9.8880,1131.9128,635.4869,95.2069,14.6575,630.4675,50.9649
2045-08-17,36.8762,0.0953,30.0157,12.1623,1141.5545,640.9737,95.2580,16.5524,635.8809,54.9650
2045-08-18,36.8710,0.0030,21.8347,12.2571,1151.1953,647.1011,95.7210,17.7142,641.9112,57.3126
2045-08-19,36.2090,0.0000,27.3442,11.1511,1160.7169,652.6972,95.7723,16.8709,647.4275,55.6160
2045-08-20,34.5484,0.0000,37.8765,9.0861,1169.9396,657.2692,93.8722,11.7133,651.9527,44.2414
2045-08-21,33.4873,0.0000,45.2557,7.5481,1178.9713,661.1781,92.2895,8.6863,655.8367,36.4666
2045-08-22,35.0405,0.0000,40.2598,7.2000,1188.2826,665.6354,92.3396,8.5958,660.2524,36.2168
2045-08-23,34.3433,0.0000,43.7556,8.7383,1197.4684,669.7509,92.3898,9.3545,664.3371,38.2759
2045-08-24,33.5745,0.0012,49.7604,8.3327,1206.5158,673.3472,91.4009,7.9684,667.9201,34.4523
2045-08-25,36.8463,0.0000,40.1574,4.6821,1216.1522,678.0352,91.9660,7.1825,672.5620,32.1532
2045-08-26,38.8986,0.0000,32.1539,4.6159,1226.1579,683.6376,93.8194,9.2826,678.0888,38.0842
2045-08-27,39.5235,0.0000,25.7355,4.5549,1236.2762,689.8659,95.2874,11.3273,684.2190,43.3050
2045-08-28,38.1677,0.0000,27.2479,9.0236,1246.1503,695.7636,95.3385,14.2873,690.0273,50.1560
2045-08-29,36.4625,0.0000,33.3790,10.0114,1255.7176,700.9299,94.8562,14.0573,695.1271,49.6486
2045-08-30,36.9328,0.0000,35.9618,8.1678,1265.3695,705.9580,94.4389,12.0957,700.0949,45.1551
2045-08-31,37.0148,0.0000,36.8910,6.3272,1275.0362,710.9238,94.2515,10.7427,705.0028,41.8591
2045-09-01,39.6140,0.0000,22.1909,6.9410,1283.8707,716.5638,96.0550,14.1789,710.5471,49.9173
2045-09-02,36.9035,0.0019,17.7304,7.1445,1292.2173,722.1302,96.6094,15.4363,716.0133,52.6364
2045-09-03,37.2491,0.0001,21.9963,5.0974,1300.6261,727.4559,96.6609,14.0200,721.2483,49.5661
2045-09-04,37.9302,0.0000,29.8697,8.4708,1309.1576,732.3291,95.8511,14.8979,726.0499,51.4852
2045-09-05,37.0756,0.0000,34.3706,8.7295,1317.5352,736.7897,94.8436,13.1553,730.4526,47.6207
2045-09-06,36.7783,0.0000,30.3580,8.5891,1325.8593,741.4861,94.8946,13.1542,735.0808,47.6182
2045-09-07,34.4521,0.0000,29.6859,7.9411,1333.7647,745.9367,94.9455,12.8209,739.4667,46.8527
2045-09-08,33.9386,0.0000,30.8224,10.5309,1341.5776,750.2521,94.8567,14.4312,743.7212,50.4716
2045-09-09,34.1507,0.0000,32.2306,10.9944,1349.4287,754.5052,94.6398,14.3384,747.9163,50.2684
2045-09-10,34.1918,0.0000,30.8711,9.3678,1357.2873,758.8487,94.6906,13.3029,752.1980,47.9567
2045-09-11,34.1551,0.0000,26.4023,7.1708,1365.1392,763.4682,94.7416,11.9924,756.7441,44.9095
2045-09-12,35.1571,0.0000,25.1777,5.4975,1373.1715,768.2981,94.7925,11.1000,761.4944,42.7469
2045-09-13,37.3816,0.0000,22.8162,5.2591,1381.6042,773.5860,95.5692,12.1958,766.6895,45.3923
2045-09-14,36.8111,0.0000,20.5687,7.8165,1389.9341,778.9473,95.9828,14.6743,771.9529,51.0015
2045-09-15,35.0085,0.0000,16.7582,7.6234,1397.9397,784.2986,96.5174,15.6191,777.2014,53.0230
2045-09-16,31.7496,0.0114,36.0646,10.5155,1405.3586,788.0378,93.9056,12.6466,780.8954,46.4488
2045-09-17,25.7047,0.0797,58.2108,14.2450,1411.6894,790.0320,89.1854,7.8195,782.9005,34.0246
2045-09-18,25.0063,0.0009,53.1258,9.0769,1417.8946,792.2107,89.2339,6.0688,785.0806,28.6982
2045-09-19,27.8627,0.0000,39.2560,6.1936,1424.6139,795.3429,90.4354,6.2342,788.1823,29.2276
2045-09-20,30.0443,0.0000,33.2348,4.4419,1431.7259,799.0449,91.9573,7.0873,791.8359,31.8675
2045-09-21,32.0273,0.0000,28.6086,4.5496,1439.1948,803.2554,93.3123,8.6210,795.9820,36.2863
2045-09-22,31.1616,0.0000,35.7103,7.6127,1446.5079,806.9481,93.3628,10.1309,799.6293,40.3072
2045-09-23,28.7424,0.0000,32.6551,9.3933,1453.3855,810.5261,93.4132,11.1602,803.1602,42.8953
2045-09-24,28.6192,0.0000,31.5410,7.8457,1460.2409,814.1483,93.4637,10.3959,806.7330,40.9844
2045-09-25,28.9237,0.0000,31.5754,5.8255,1467.1512,817.8058,93.5142,9.4560,810.3402,38.5456
2045-09-26,28.8180,0.0001,38.1493,6.2309,1474.0424,821.1003,92.7572,8.6815,813.5993,36.4534
2045-09-27,29.5830,0.0000,39.4330,5.4752,1481.0714,824.4089,92.5141,8.0764,816.8739,34.7603
2045-09-28,26.6404,0.1228,52.9540,8.6156,1487.5707,826.7324,90.0292,6.6457,819.1972,30.5194
2045-09-29,26.5369,0.0001,51.7400,5.4300,1494.0513,829.1070,89.7987,5.4762,821.5691,26.7480
2045-09-30,29.9551,0.0000,39.3713,4.3730,1501.1472,832.4591,90.8116,6.0017,824.8864,28.4815
2045-10-01,30.8890,0.0000,25.5231,5.8243,1507.4112,836.0690,93.6049,9.5756,828.4377,38.8619
2045-10-02,30.3048,0.0000,35.8619,8.9633,1513.5701,839.1209,93.3049,10.7571,831.4532,41.8951
2045-10-03,28.5390,0.0004,47.5441,8.3695,1519.4111,841.4767,91.2070,7.7660,833.7974,33.8702
2045-10-04,27.6405,0.1813,42.2526,11.2054,1525.0904,843.9914,91.2567,9.0227,836.2912,37.3848
2045-10-05,20.9048,1.7632,47.5367,20.0528,1529.5573,167.7045,83.1153,4.5015,263.2504,23.1667
2045-10-06,19.8358,0.0000,27.9487,14.2145,1533.8317,169.9901,90.0305,8.8135,266.2194,36.5878
2045-10-07,21.1342,0.0000,28.5044,10.6940,1538.3399,172.3987,91.3665,8.9315,269.3372,36.9235
2045-10-08,23.9317,0.0000,28.1929,6.4490,1543.3516,175.1222,92.0485,7.9434,272.8457,34.1958
2045-10-09,23.7122,0.0000,30.6849,8.6092,1548.3238,177.7281,92.0985,8.9196,276.1965,36.9225
2045-10-10,22.8822,0.0000,30.4070,10.1988,1553.1466,180.2570,92.1485,9.7321,279.4361,39.0948
2045-10-11,24.0517,0.0000,24.6113,9.3846,1558.1799,183.1300,92.8620,10.3276,283.0842,40.6413
2045-10-12,27.4837,0.0000,21.5496,8.5179,1563.8309,186.5277,94.0833,11.7207,287.3658,44.0948
2045-10-13,28.9885,0.0012,26.7394,6.5241,1569.7529,189.8677,94.1340,10.6750,291.5693,41.5475
2045-10-14,29.1673,0.3444,36.4960,6.2414,1575.7070,192.7800,93.1828,9.2198,295.2531,37.7955
2045-10-15,27.6188,0.2005,53.3419,6.7532,1581.3824,194.8104,90.2263,6.2236,297.8809,29.1030
2045-10-16,24.4560,0.0193,64.3132,8.5007,1586.4884,196.1922,87.7050,4.7343,299.7221,24.1005
2045-10-17,23.3095,0.0000,54.8297,8.7522,1591.3881,197.8629,87.7536,4.8281,301.8886,24.4377
2045-10-18,24.3376,0.0000,45.4690,4.2646,1596.4729,199.9647,88.6555,4.3826,304.5607,22.8326
2045-10-19,24.3798,0.0011,47.7956,10.0122,1601.5653,201.9801,88.7044,5.8960,307.1274,28.0671
2045-10-20,21.6603,0.0040,50.3509,9.1237,1606.1681,203.6923,88.7533,5.6776,309.3167,27.3542
2045-10-21,22.5974,0.0192,51.5157,8.5936,1610.9396,205.4332,88.8023,5.5669,311.5434,26.9899
2045-10-22,18.6557,1.8620,58.9481,15.6914,1615.0017,144.1323,78.3371,2.1380,235.6807,13.2355
2045-10-23,18.9894,0.0008,45.4430,7.5455,1619.1238,145.7930,85.3900,3.2527,238.0078,18.2235
2045-10-24,19.8272,0.5515,61.9131,14.9683,1623.3966,147.0007,85.0344,4.5013,239.7314,23.0485
2045-10-25,17.6462,0.0522,61.9811,11.8938,1627.2770,148.0806,85.0821,3.8807,241.2723,20.7436
2045-10-26,19.2298,0.0882,66.5258,9.2496,1631.4423,149.1117,85.1298,3.4190,242.7547,18.9293
2045-10-27,19.5958,0.9080,83.3136,10.4888,1635.6736,149.6350,78.4328,1.6589,243.5652,10.8232
2045-10-28,19.1638,2.2219,77.0583,7.3094,1639.8271,111.2259,65.9545,0.7907,190.1998,5.3870
2045-10-29,18.2873,18.4710,92.1798,15.3631,986.3961,50.5721,26.0822,0.0024,89.6531,0.0061
2045-10-30,19.4770,9.7875,90.8340,12.4088,856.8309,26.4576,22.8547,0.0007,49.1231,0.0012
2045-10-31,18.8590,10.8591,93.3697,17.0699,748.5011,12.7599,18.7377,0.0002,24.4767,0.0002
2045-11-01,20.0355,0.4411,65.8724,10.1483,751.8115,13.7162,55.3052,0.4784,26.2358,0.5166
2045-11-02,20.2065,0.0010,48.2340,5.9129,755.1526,15.1785,77.3529,1.2046,28.9046,2.1589
2045-11-03,20.7940,0.1625,48.6685,7.6248,758.5995,16.6685,85.0617,3.1208,31.6011,6.7855
2045-11-04,19.5440,0.0035,61.7421,4.7313,761.8215,17.7156,85.2399,2.7646,33.4846,6.2852
2045-11-05,21.5086,0.0111,44.4148,4.7753,765.3970,19.3818,87.7673,3.9591,36.4556,9.1410
2045-11-06,19.6378,1.4967,70.1458,8.8745,768.6358,20.2026,77.1191,1.3738,37.9138,3.2926
2045-11-07,18.3755,0.4167,71.4641,12.8314,771.6474,20.9394,81.2165,2.4807,39.2182,6.2879
2045-11-08,16.7908,0.0000,55.2338,6.4099,774.3737,22.0012,84.3658,2.6697,41.0843,6.9398
2045-11-09,18.3429,0.0000,51.8565,4.5309,777.3795,23.2422,86.0217,3.0520,43.2516,8.0859
2045-11-10,18.9686,0.2163,66.4056,9.2360,780.4978,24.1361,85.9730,3.8421,44.8080,10.0637
2045-11-11,16.6822,0.3166,62.1903,12.9566,783.2046,25.0275,86.0210,4.6658,46.3520,12.0302
2045-11-12,15.3194,0.0000,43.2419,9.5446,785.6661,26.2630,87.3126,4.7178,48.4750,12.4492
2045-11-13,17.3333,0.0000,32.5505,11.1901,788.4901,27.9114,89.5329,7.0466,51.2843,17.4748
2045-11-14,18.6081,0.0000,39.7108,11.4735,791.5435,29.4867,89.5821,7.1986,53.9491,18.2360
2045-11-15,18.3731,0.0000,48.8137,8.1286,794.5547,30.8082,89.0773,5.6570,56.1714,15.5614
2045-11-16,18.2709,0.0081,57.6277,6.9983,797.5475,31.8964,87.8164,4.4596,57.9944,13.1811
2045-11-17,18.6422,0.0222,61.4045,4.9821,800.6070,32.9066,87.0622,3.6174,59.6807,11.3372
2045-11-18,15.3360,0.0000,50.6160,10.3292,803.0715,33.9827,87.1106,4.7688,61.4633,14.3510
2045-11-19,14.2507,0.0000,38.3726,9.7132,805.3407,35.2370,88.1371,5.3539,63.5252,15.9682
2045-11-20,15.0408,0.0000,33.2587,7.7212,807.7520,36.6652,89.2395,5.6727,65.8570,17.0102
2045-11-21,16.9320,0.0000,37.9369,4.7862,810.5038,38.1489,89.2886,4.9274,68.2651,15.6037
2045-11-22,14.6579,14.9255,68.7834,13.6993,673.9802,16.9678,48.4237,0.2679,31.9263,0.3299
2045-11-23,15.1226,7.9141,70.3434,16.2403,623.7814,9.5634,46.7389,0.2415,18.4208,0.2080
2045-11-24,13.2765,13.4899,78.1763,12.5661,542.3065,4.6361,34.0492,0.0183,9.0782,0.0105
2045-11-25,14.5188,0.5452,65.5168,6.5604,544.6239,5.3502,57.8046,0.4900,10.4439,0.3026
2045-11-26,15.8523,5.1148,81.0765,13.0208,524.9556,3.0161,45.5140,0.1715,5.9468,0.0797
2045-11-27,17.3966,12.3184,86.6342,18.7674,467.1464,1.2076,33.1028,0.0199,2.3997,0.0065
2045-11-28,15.1133,1.2313,72.5274,11.8757,469.5708,1.7982,54.3812,0.4794,3.5622,0.1797
2045-11-29,14.8234,0.0012,69.9107,4.9445,471.9430,2.4334,68.3315,0.7611,4.8048,0.3218
2045-11-30,16.6704,0.0004,66.4304,4.7096,474.6476,3.2243,77.0863,1.1110,6.3409,0.5321
2045-12-01,19.8801,0.0000,64.4769,10.5108,477.9301,4.0712,82.5064,2.5765,7.9726,2.1422
2045-12-02,17.9974,6.0266,78.6303,7.7231,457.3155,2.1468,49.7778,0.2356,4.2439,0.0946
2045-12-03,14.0049,21.5558,88.1448,11.2275,368.1748,0.5752,23.3946,0.0008,1.1459,0.0002
2045-12-04,17.1324,0.0059,69.6814,14.1493,370.9626,1.2034,55.7833,0.6103,2.3874,0.1993
2045-12-05,15.4054,0.1544,70.9559,7.4915,373.4396,1.7481,70.0452,0.9138,3.4558,0.3388
2045-12-06,16.8444,1.0172,86.7695,4.4699,376.1756,2.0179,67.2145,0.7164,3.9825,0.2804
2045-12-07,18.5773,0.0851,78.7916,8.2960,379.2235,2.4922,75.0142,1.1644,4.9038,0.4967
2045-12-08,15.1587,6.8208,77.6205,12.5865,359.9478,1.1135,47.8391,0.2342,2.2100,0.0747
2045-12-09,13.6217,27.6386,83.5220,18.2494,268.9400,0.2757,29.9771,0.0086,0.5499,0.0020
2045-12-10,14.0495,3.8061,73.4428,15.6944,263.9542,0.4572,44.6119,0.1707,0.9105,0.0440
2045-12-11,13.2520,0.0000,68.6530,4.7586,266.0436,0.9685,61.8678,0.5798,1.9195,0.1775
2045-12-12,15.3810,0.0016,66.1072,15.7039,268.5161,1.6032,75.9213,1.7845,3.1593,0.6402
2045-12-13,15.2784,13.4616,79.2067,14.9586,234.5354,0.5011,42.0048,0.1065,0.9970,0.0280
2045-12-14,18.1213,32.0644,80.5441,23.5786,156.5947,0.4250,38.7219,0.0887,0.8442,0.0226
2045-12-15,17.7419,48.3999,91.0532,31.2676,59.7548,0.1916,24.8164,0.0035,0.3801,0.0008
2045-12-16,14.5918,10.0353,84.9649,17.6092,46.2670,0.2681,28.8151,0.0060,0.5286,0.0014
2045-12-17,14.4689,2.0438,72.6629,11.5725,48.5754,0.4837,47.9501,0.2259,0.9438,0.0587
2045-12-18,13.5205,0.0017,77.4649,6.0631,50.7131,0.8581,61.7641,0.6157,1.6465,0.1808
2045-12-19,14.3037,2.2541,87.3476,7.3400,52.9918,0.2658,51.1437,0.2719,0.5250,0.0645
2045-12-20,18.7889,0.0062,75.6526,8.7596,56.0778,0.8161,68.0428,0.9139,1.5748,0.2654
2045-12-21,20.4034,0.0002,66.2900,6.3559,59.4544,1.6398,78.5338,1.3591,3.0681,0.4826
2045-12-22,18.1065,0.0065,75.9724,5.4174,62.4175,2.1642,80.6223,1.5970,3.9832,0.6252
2045-12-23,14.6551,0.0005,74.1829,6.0769,64.7595,2.6265,81.4895,1.8219,4.7694,0.7680
2045-12-24,12.9367,0.0099,74.2751,7.5387,66.7921,3.0368,81.7582,2.0245,5.4537,0.9048
2045-12-25,13.3121,6.4951,87.7795,10.1485,59.4191,1.2333,39.8154,0.0559,2.3450,0.0182
2045-12-26,11.3443,22.7356,86.5229,6.0704,22.8636,0.1906,18.3599,0.0001,0.3734,0.0000
2045-12-27,9.9656,12.8823,85.6910,19.3169,5.1893,0.1799,23.0164,0.0010,0.3312,0.0002
2045-12-28,10.0346,0.0007,52.4341,14.2936,6.6996,0.7818,55.0549,0.5764,1.2105,0.1574
2045-12-29,11.7482,0.5568,73.9449,10.5513,8.5182,1.1622,67.6205,0.9865,1.7332,0.2937
2045-12-30,14.0947,7.9926,89.3235,9.8321,2.2410,0.1844,32.4815,0.0109,0.3058,0.0024
2045-12-31,16.7473,1.5302,86.9705,4.9422,4.9596,0.2643,40.0107,0.0446,0.4664,0.0104
