,tasmax_c,pr_mm,hurs_noon,wind_kmh,dc,dmc,ffmc,isi,bui,fwi
2026-01-01,13.5942,2.3812,69.3756,13.8494,312.4780,1.2150,67.3562,1.1547,2.4067,0.3780
2026-01-02,11.0387,0.0557,47.5247,16.9346,314.1690,1.9992,79.9545,2.6569,3.9358,1.1973
2026-01-03,13.6401,0.0000,57.4310,14.2301,316.3282,2.7717,83.4290,3.4960,5.4246,2.5526
2026-01-04,12.5885,0.0098,63.7978,8.5594,318.2981,3.3818,83.7017,2.7228,6.5886,2.0166
2026-01-05,12.7403,0.0012,67.7631,9.6220,320.2954,3.9311,83.7490,2.8905,7.6281,2.4529
2026-01-06,14.4221,0.0329,72.1620,12.0759,322.5954,4.4630,83.7963,3.2915,8.6276,3.1529
2026-01-07,14.7757,0.4667,69.2154,13.0702,324.9590,5.0647,83.8436,3.4823,9.7495,3.6378
2026-01-08,14.5823,1.2858,70.0599,16.2809,327.2878,5.6427,76.9956,1.9771,10.8191,1.8108
2026-01-09,13.2002,1.1957,62.5127,13.2561,329.3678,6.3027,76.1400,1.5998,12.0299,1.3168
2026-01-10,8.2036,0.1223,68.9089,9.3929,330.5485,6.6588,79.2548,1.6939,12.6791,1.6038
2026-01-11,10.0467,0.3107,79.6698,6.3740,332.0609,6.9378,79.7236,1.5240,13.1868,1.3312
2026-01-12,11.1398,0.5676,78.3661,6.8362,333.7701,7.2638,79.3945,1.5095,13.7779,1.3858
2026-01-13,10.3504,0.2304,76.0794,11.7869,335.3371,7.6010,80.3334,2.1334,14.3867,2.6030
2026-01-14,8.3447,0.0112,68.9477,10.2188,336.5432,7.9620,81.3753,2.2150,15.0348,2.8311
2026-01-15,11.1766,0.2429,67.6291,7.4730,338.2590,8.4513,82.2533,2.1426,15.9089,2.8335
2026-01-16,13.3590,5.4251,79.7840,17.1877,325.8114,4.8928,51.4802,0.4640,9.4314,0.2712
2026-01-17,11.0887,10.9547,73.1529,19.4676,294.1690,2.3148,40.7324,0.1063,4.5402,0.0439
2026-01-18,6.1423,6.6884,79.3749,14.9337,277.7705,0.7850,32.2149,0.0131,1.5590,0.0038
2026-01-19,6.4500,5.0773,79.7719,13.0560,267.1948,0.1880,31.2984,0.0094,0.3754,0.0022
2026-01-20,6.8547,0.4405,68.9908,15.3232,268.1327,0.4917,53.2871,0.5123,0.9789,0.1340
2026-01-21,8.2136,0.6348,72.0012,9.1325,269.3151,0.8127,64.6017,0.8221,1.6133,0.2402
2026-01-22,11.5262,0.1364,60.3824,8.0268,271.0938,1.4285,75.5137,1.1821,2.8199,0.4076
2026-01-23,10.9657,7.5381,83.9314,11.5851,253.8922,0.3093,38.8031,0.0493,0.6167,0.0119
2026-01-24,12.6542,0.7745,67.3359,6.3807,255.8740,0.8624,57.4697,0.4734,1.7104,0.1404
2026-01-25,13.4214,0.0094,56.5929,9.9088,257.9939,1.6384,74.0969,1.2046,3.2256,0.4354
2026-01-26,12.3467,0.0000,50.0348,7.3363,259.9203,2.4655,81.5259,1.9496,4.8169,0.8253
2026-01-27,13.5442,0.0000,55.0376,5.2494,262.0622,3.2761,83.9319,2.3758,6.3537,1.5275
2026-01-28,12.9633,0.1313,69.7192,5.4072,264.0996,3.8004,83.9793,2.4099,7.3369,1.7936
2026-01-29,13.6061,0.3794,66.9888,9.5916,266.2527,4.3981,84.0266,2.9945,8.4473,2.7595
2026-01-30,12.2436,1.7449,83.9709,8.0274,268.1605,3.8089,66.9123,0.8482,7.3566,0.4365
2026-01-31,12.0112,7.1804,91.4389,8.5556,252.3736,1.5901,29.8737,0.0051,3.1309,0.0018
2026-02-01,13.1771,0.3337,73.2320,7.0684,254.4495,2.1330,51.3720,0.2752,4.1784,0.1098
2026-02-02,13.0587,0.5183,73.5339,8.9133,256.5041,2.6653,66.0383,0.8599,5.1956,0.3761
2026-02-03,13.6792,0.2544,66.6188,10.8971,258.6703,3.3661,76.2475,1.4305,6.5200,0.6942
2026-02-04,13.5183,0.0007,59.1831,9.9732,260.8076,4.2136,81.6084,2.2483,8.1001,1.7311
2026-02-05,14.8871,0.0004,53.6943,9.6996,263.1913,5.2652,84.5244,3.2194,10.0289,3.3793
2026-02-06,12.1633,0.0391,51.1860,15.5576,265.0847,6.1849,85.4976,4.9439,11.6881,5.8299
2026-02-07,8.2964,0.0000,42.8673,11.1150,266.2820,6.9475,86.2986,4.4217,13.0442,5.5579
2026-02-08,10.5665,0.0000,39.0522,7.4899,267.8880,7.9575,87.2826,4.2356,14.8149,5.7324
2026-02-09,13.4124,0.0000,50.3020,10.5436,270.0062,8.9821,87.3310,4.9745,16.5848,7.1097
2026-02-10,12.3631,0.0000,48.8628,9.1360,271.9356,9.9600,87.3795,4.6661,18.2491,7.0756
2026-02-11,11.0092,0.0000,42.1089,7.4466,273.6212,10.9558,87.4280,4.3150,19.9179,6.9247
2026-02-12,11.2427,4.3881,65.3846,7.7134,266.1999,7.2402,56.7618,0.4789,13.5586,0.3428
2026-02-13,8.8434,9.1759,81.9440,16.0979,243.9026,3.5308,34.2939,0.0232,6.8149,0.0115
2026-02-14,6.5580,0.1892,67.3414,13.6031,244.7870,3.8860,55.1426,0.5611,7.4754,0.2910
2026-02-15,3.9714,0.1695,63.6251,21.7141,245.2058,4.1481,69.2626,1.8251,7.9595,0.9769
2026-02-16,3.8376,0.2718,72.3134,15.6171,245.6006,4.3423,74.7349,1.6587,8.3169,0.9079
2026-02-17,5.1858,0.0444,62.7640,8.9489,246.2381,4.6748,78.7500,1.5795,8.9259,0.8969
2026-02-18,8.1672,2.3895,63.8363,9.4653,247.4121,3.5331,64.1658,0.8208,6.8226,0.4071
2026-02-19,12.0763,4.6203,67.9160,9.2318,240.0263,2.0882,50.6786,0.2834,4.0874,0.1121
2026-02-20,11.1175,4.0182,71.1037,15.7763,234.3914,1.1182,49.4844,0.3409,2.2100,0.1087
2026-02-21,8.6808,0.0108,41.8314,14.4577,235.6580,1.9263,71.7571,1.3751,3.7755,0.5272
2026-02-22,8.6622,0.4366,56.2559,7.9045,236.9212,2.5329,78.7337,1.4963,4.9340,0.6400
2026-02-23,8.7086,4.7158,79.1628,13.7308,228.8904,1.1285,48.7143,0.2788,2.2295,0.0891
2026-02-24,8.9900,0.4148,66.6412,19.1105,230.2126,1.6066,67.1481,1.4947,3.1581,0.5362
2026-02-25,4.6005,1.1555,72.1810,17.2352,230.7447,1.8319,67.7468,1.3873,3.5925,0.5219
2026-02-26,2.7168,0.3593,64.2754,16.7110,230.9377,2.0256,74.9456,1.7727,3.9642,0.6927
2026-02-27,2.2568,0.2220,68.1942,14.6724,231.0479,2.1772,78.0682,1.9846,4.2543,0.7978
2026-02-28,3.0177,0.2455,69.4556,13.0643,231.2951,2.3559,79.6549,2.1202,4.5948,0.8798
2026-03-01,5.9313,0.0434,59.1588,9.3498,232.0668,2.8454,81.7553,2.2172,5.5216,0.9964
2026-03-02,7.3504,0.0039,60.9892,11.0092,233.0938,3.4073,82.7538,2.7254,6.5744,2.0164
2026-03-03,8.7986,0.0000,53.4173,10.2891,234.3816,4.1933,84.1193,3.1402,8.0276,2.8374
2026-03-04,10.1386,0.0040,50.3447,10.6236,235.9105,5.1446,85.1562,3.6775,9.7572,3.8713
2026-03-05,9.9863,0.0047,56.4663,12.2747,237.4121,5.9673,85.2040,4.0230,11.2290,4.6344
2026-03-06,9.6702,0.0132,61.0573,8.4355,238.8567,6.6822,85.2517,3.3373,12.4909,4.0466
2026-03-07,12.1910,0.0190,57.4139,8.3594,240.7551,7.6471,85.2995,3.3466,14.1690,4.3929
2026-03-08,11.6212,0.0190,63.2298,9.1965,242.5509,8.4444,85.3304,3.5058,15.5365,4.8829
2026-03-09,11.4208,0.1838,65.4229,9.8877,244.3106,9.1824,85.0579,3.4959,16.7874,5.1067
2026-03-10,7.8857,0.0348,64.4550,9.9522,245.4341,9.7268,84.7313,3.3537,17.7000,5.0602
2026-03-11,8.5347,0.0149,56.3563,14.1921,246.6743,10.4436,84.7789,4.1797,18.8880,6.5185
2026-03-12,9.7836,0.0008,47.0569,13.1311,248.1394,11.4258,85.7514,4.5325,20.4926,7.3618
2026-03-13,8.6919,0.1199,66.7448,11.4797,249.4079,11.9809,84.7667,3.6396,21.3926,6.1611
2026-03-14,12.3142,0.0044,56.1801,8.3952,251.3285,12.9829,84.9928,3.2138,22.9960,5.7152
2026-03-15,14.3091,0.0000,51.6225,9.2429,253.6081,14.2536,85.8124,3.7580,24.9951,6.9734
2026-03-16,15.2701,0.0001,48.1422,11.8363,256.0607,15.7006,86.6344,4.8084,27.2275,9.1172
2026-03-17,15.6730,0.0000,42.3717,13.8156,258.5859,17.3483,87.6892,6.1742,29.7130,11.7743
2026-03-18,16.0782,0.0000,42.9827,10.7041,261.1839,19.0179,87.9197,5.4553,32.1782,11.1245
2026-03-19,16.3450,0.1605,48.8586,9.1779,263.8300,20.5386,87.9684,5.0868,34.3852,10.9017
2026-03-20,17.0057,0.1513,55.7615,11.6681,266.5950,21.9040,87.5968,5.4682,36.3429,11.9226
2026-03-21,17.6003,0.4463,57.8121,14.5701,269.4671,23.2488,87.3048,6.0706,38.2478,13.3221
2026-03-22,17.5006,0.4996,63.2155,10.8044,272.3212,24.4151,86.5208,4.4919,39.8894,10.7074
2026-03-23,18.0940,0.8533,62.0888,12.0369,275.2821,25.6555,82.9349,2.9370,41.6150,7.6291
2026-03-24,18.4942,0.3612,55.9101,18.9951,278.3151,27.1281,85.4112,5.8087,43.6255,13.8284
2026-03-25,17.2146,0.1660,56.3545,18.8021,281.1177,28.4907,85.7583,6.0375,45.4625,14.5725
2026-03-26,16.3111,0.1866,53.7035,14.2950,283.7577,29.8647,86.0631,5.0209,47.2873,12.8978
2026-03-27,14.6669,0.1060,46.9156,13.3218,286.1018,31.2914,86.7931,5.3001,49.1451,13.7495
2026-03-28,16.5007,0.0024,38.5522,9.7029,288.7759,33.1350,88.3433,5.5116,51.4975,14.5438
2026-03-29,19.8239,0.0000,36.1441,8.9291,292.0482,35.4125,89.5578,6.3104,54.3495,16.6002
2026-03-30,17.5436,0.0119,47.6221,11.3636,294.9100,37.0771,89.1111,6.6910,56.4207,17.6929
2026-03-31,16.9429,0.0000,41.0222,13.3713,297.6637,38.8910,89.1602,7.4556,58.6310,19.5506
2026-04-01,16.1795,0.0000,43.7579,15.0914,301.5301,41.2470,89.2092,8.1882,61.4718,21.4423
2026-04-02,16.6790,0.0000,39.1697,10.1490,305.4863,43.8689,89.2583,6.4282,64.5602,18.4620
2026-04-03,20.2577,0.0000,38.5737,5.8953,310.0867,47.0494,89.4467,5.3301,68.2210,16.5515
2026-04-04,20.7600,0.0233,47.3230,6.5691,314.7775,49.8411,89.4958,5.5532,71.4136,17.4992
2026-04-05,15.9079,1.6164,55.9306,20.4603,318.5949,49.5626,79.8935,3.1535,71.3688,11.2752
2026-04-06,10.9507,0.0041,40.7877,19.8528,321.5200,51.2925,85.3435,6.0086,73.3364,18.8162
2026-04-07,12.3475,0.0008,39.2442,13.7230,324.6965,53.2732,87.2812,5.7974,75.5554,18.6266
2026-04-08,14.8313,0.0000,37.4300,11.1510,328.3202,55.6898,88.4097,5.9857,78.2132,19.4264
2026-04-09,18.1828,0.0000,33.3638,9.1659,332.5471,58.8049,89.7621,6.5760,81.5557,21.2535
2026-04-10,19.8115,0.0118,37.3837,7.6321,337.0672,61.9793,89.8114,6.1300,84.9209,20.6513
2026-04-11,20.3707,0.2670,39.2203,9.1706,341.6879,65.1430,89.8607,6.6711,88.2322,22.3888
2026-04-12,17.3236,5.3563,67.0377,16.1613,331.3355,42.8547,62.4209,1.0599,64.7671,3.7925
2026-04-13,13.2087,2.8223,84.1152,17.4402,329.8623,35.1308,52.9670,0.5516,55.4877,1.0041
2026-04-14,13.9001,0.0333,59.1674,15.9206,333.3183,36.6157,73.1082,1.5598,57.4530,5.2097
2026-04-15,14.9921,0.0007,47.8520,14.5448,336.9709,38.6501,82.9532,3.3404,60.0741,10.6632
2026-04-16,15.9604,0.1636,42.3375,13.9107,340.7978,41.0350,86.7956,5.4617,63.0812,16.1480
2026-04-17,16.2441,0.5747,45.7867,15.6598,344.6757,43.3145,86.8922,6.0474,65.9193,17.8479
2026-04-18,15.4292,0.4269,55.5320,14.5498,348.4070,45.0965,86.9406,5.7579,68.1426,17.5226
2026-04-19,16.7164,0.0254,60.1914,8.0418,352.3700,46.8159,86.7488,4.0365,70.2862,13.6044
2026-04-20,17.7197,1.0466,63.3817,6.3800,356.5135,48.4866,80.7513,1.7004,72.3678,6.6596
2026-04-21,15.3337,2.1267,60.7614,14.0288,360.2276,44.4516,72.5326,1.3853,67.9430,5.2269
2026-04-22,14.5467,0.0036,35.9446,9.2147,363.8000,46.8814,84.0386,2.9428,70.9161,10.6135
2026-04-23,14.2891,3.6376,55.4052,11.3271,358.8660,36.3310,65.8514,0.9644,57.9860,3.0871
2026-04-24,12.3353,15.3491,83.8492,8.8166,310.1767,15.6630,29.9214,0.0053,27.8146,0.0059
2026-04-25,13.3015,11.7549,76.3074,10.2464,278.7993,8.1829,31.1089,0.0078,15.2470,0.0060
2026-04-26,16.4524,0.0055,49.4196,6.3562,282.7147,10.3352,62.9837,0.6649,18.9395,0.5825
2026-04-27,17.0850,0.2835,53.8703,7.9893,286.7440,12.3689,78.1904,1.4320,22.3298,2.1709
2026-04-28,15.1595,0.1199,60.5903,5.3685,290.4268,13.9224,82.1500,1.9027,24.8649,3.4584
2026-04-29,18.4329,0.2191,54.1403,8.2944,294.6987,16.0940,85.1776,3.2799,28.3214,6.6368
2026-04-30,18.0709,1.6684,55.8816,10.8227,298.9054,17.0337,78.1744,1.6495,29.8192,3.3683
2026-05-01,17.0515,0.3156,48.6325,11.7054,304.3787,19.4884,84.6922,3.6440,33.5988,8.1031
2026-05-02,17.5123,1.6990,49.5939,10.7654,309.9349,20.6243,78.8928,1.7538,35.3653,4.1191
2026-05-03,16.5467,4.1303,66.6795,12.9447,306.2021,15.4181,61.8288,0.8740,27.3885,0.9711
2026-05-04,16.6423,1.3705,64.8504,12.7431,311.6017,17.0600,70.7635,1.2188,30.0121,2.2813
2026-05-05,13.6659,33.9418,87.0951,16.9463,215.0687,7.0889,28.9502,0.0060,13.0984,0.0042
2026-05-06,13.8872,3.6240,74.2848,16.5023,214.1578,5.2334,44.3848,0.1715,9.8642,0.1027
2026-05-07,18.1185,0.1088,49.9447,8.6108,219.8231,7.7660,72.1676,1.0397,14.2715,0.7670
2026-05-08,18.2937,2.1803,58.8115,5.1140,225.5200,8.0731,68.9456,0.7828,14.8200,0.5905
2026-05-09,19.4841,1.4860,57.6447,8.0836,231.4311,10.3684,74.5205,1.1221,18.6482,0.9736
2026-05-10,20.7493,1.0289,55.5845,8.0829,237.5700,12.9233,79.9386,1.6981,22.7524,2.8005
2026-05-11,21.5971,0.0101,52.0291,6.8168,243.8615,15.7897,85.3670,3.1254,27.1798,6.1813
2026-05-12,23.0929,0.0001,50.1798,5.3559,250.4222,18.9628,87.2612,3.7922,31.8888,8.1343
2026-05-13,23.6620,0.3412,49.6247,7.5015,257.0854,22.2468,87.8989,4.6285,36.5800,10.4450
2026-05-14,22.3279,0.4038,52.9353,15.0659,263.5084,25.1496,87.9476,6.8235,40.6097,15.0631
2026-05-15,18.3414,3.6222,64.0829,15.8950,262.6625,19.9001,68.7653,1.3400,33.4622,2.8708
2026-05-16,19.7651,1.4927,55.9358,13.1669,268.6243,22.3206,76.4779,1.6290,36.9628,3.9267
2026-05-17,19.3385,3.0413,57.1710,12.5373,269.7054,19.2829,70.4842,1.1952,32.7178,2.4121
2026-05-18,17.1644,8.8459,65.7723,16.3726,252.4026,11.5016,54.7793,0.6241,20.6507,0.5773
2026-05-19,16.4163,9.0001,77.1929,13.3276,235.4560,6.6913,42.6384,0.1095,12.4949,0.0748
2026-05-20,18.7908,5.3037,70.3236,8.7246,230.2864,4.9758,47.9740,0.1964,9.4415,0.1149
2026-05-21,21.9981,1.5964,59.6102,7.8906,236.6500,6.8425,68.2874,0.8817,12.7624,0.6094
2026-05-22,23.7015,0.7643,57.7846,6.7024,243.3203,9.5989,80.1022,1.6112,17.4744,2.0524
2026-05-23,24.2117,0.2803,56.0269,6.9220,250.0824,12.5291,85.3588,3.1385,22.2691,5.4718
2026-05-24,25.3694,0.0003,51.6232,6.0868,257.0529,15.9003,87.4334,4.0324,27.5415,7.8731
2026-05-25,27.7014,0.0540,47.0601,4.3719,264.4432,19.9144,88.8585,4.5366,33.5184,9.7708
2026-05-26,26.0514,0.2709,50.5091,6.2914,271.5364,23.4520,88.9075,5.0326,38.5750,11.5272
2026-05-27,24.3051,1.6585,57.7156,11.0373,278.3153,24.9693,81.3714,2.3072,40.7898,6.0235
2026-05-28,21.9731,4.2545,60.8550,15.3580,275.8466,19.2259,69.7783,1.3468,32.7460,2.8354
2026-05-29,19.5335,4.2192,62.2997,16.6074,273.1048,14.7886,65.5674,1.2450,26.0506,2.0417
2026-05-30,21.6238,6.2263,65.7836,12.4850,264.4951,10.3414,59.7263,0.7547,18.8411,0.6590
2026-05-31,23.4962,0.3870,60.8636,7.1919,271.1284,12.8756,78.1262,1.3681,23.0184,2.0856
2026-06-01,25.6445,0.0006,53.5085,5.9013,279.1484,16.1490,85.5110,3.0448,28.2171,6.1739
2026-06-02,27.7264,0.0102,47.3461,5.0184,287.5432,20.1449,88.4677,4.4312,34.2850,9.7046
2026-06-03,28.1117,0.0343,44.8297,8.0495,296.0073,24.3878,89.4862,5.9751,40.4450,13.5639
2026-06-04,25.1859,0.0106,41.0653,12.2403,303.9447,28.4662,89.8057,7.7259,46.1312,17.6934
2026-06-05,24.5495,1.7528,40.4669,10.0996,311.7676,30.5516,84.6615,3.3468,49.0794,9.4599
2026-06-06,22.4337,0.1655,37.2065,13.1577,319.2097,34.4420,89.2031,7.4214,54.2503,18.7043
2026-06-07,23.5797,0.0001,36.9096,9.1607,326.8580,38.5412,90.1722,6.9721,59.5330,18.7670
2026-06-08,25.9866,0.0000,36.6001,6.0728,334.9396,43.0622,90.7293,6.4621,65.1758,18.6281
2026-06-09,28.3903,0.0000,38.5070,5.3953,343.4539,47.8364,90.8602,6.3629,70.9633,19.2772
2026-06-10,29.8737,1.2061,43.2995,5.5340,352.2351,52.4600,87.6469,4.0432,76.4535,14.2931
2026-06-11,28.7466,1.5899,51.0578,6.1252,360.8135,54.3123,83.7840,2.4348,78.9240,9.6781
2026-06-12,25.7810,7.8033,62.2400,10.2034,344.3626,33.1178,65.4610,0.8980,53.3973,2.6084
2026-06-13,24.4447,3.0100,61.9106,9.7178,346.4882,28.3731,69.7244,1.0119,47.1033,2.7148
2026-06-14,25.8224,3.0436,57.7819,7.7280,348.7028,24.9026,72.0937,0.9917,42.2602,2.3784
2026-06-15,25.7721,4.8398,64.7311,7.9538,344.0203,18.4780,65.1928,0.7934,32.5810,0.9906
2026-06-16,27.0236,0.0480,52.0755,6.8345,352.2885,22.0263,83.2287,2.3466,38.0976,5.8490
2026-06-17,29.2669,0.0000,40.7573,7.3938,360.9606,26.7625,89.5913,5.8687,45.1552,14.2043
2026-06-18,29.7317,0.0000,39.6384,8.6311,369.7163,31.6620,90.7406,7.3631,52.1573,18.2143
2026-06-19,30.3291,0.0000,34.3478,8.3197,378.5795,37.0942,91.8819,8.5253,59.5912,21.7171
2026-06-20,32.8409,0.0000,29.8595,6.2257,387.8949,43.3616,93.2205,9.2612,67.7807,24.6008
2026-06-21,34.2306,0.0181,29.5708,6.9233,397.4604,49.9125,93.6197,10.1417,75.9734,27.7595
2026-06-22,30.4621,3.0459,48.0534,9.4599,399.7136,43.5800,82.5515,2.4574,68.4913,8.9252
2026-06-23,27.8615,1.9027,51.9332,10.8467,408.1327,43.5346,82.3562,2.5720,68.7388,9.3012
2026-06-24,27.0140,5.5104,56.3771,8.3001,398.7537,30.7808,70.5696,0.9681,51.6032,2.7896
2026-06-25,24.5002,3.8618,57.0761,14.9901,396.3754,24.6796,72.4713,1.4506,42.7109,3.8599
2026-06-26,26.4834,0.0057,44.0212,9.6625,404.5464,28.7446,86.6523,4.3205,48.8175,11.6478
2026-06-27,27.9735,0.0619,40.9756,8.7440,412.9856,33.2624,89.8318,6.5023,55.3749,17.1480
2026-06-28,29.7295,0.0000,35.5806,7.0793,421.7409,38.4909,91.4505,7.5335,62.6802,20.4023
2026-06-29,32.0083,0.0002,34.3157,6.8713,430.9064,44.2161,92.2265,8.3208,70.3782,23.2651
2026-06-30,32.1581,1.4540,40.9213,5.8182,440.0988,49.3889,88.2768,4.4888,77.1367,15.5639
2026-07-01,31.3204,1.0902,43.6346,9.9713,449.4405,53.6806,88.5878,5.7862,82.6748,19.5210
2026-07-02,31.5235,0.0462,36.9769,9.3615,458.8188,58.5094,91.4083,8.4012,88.7309,26.3877
2026-07-03,32.6283,0.0000,31.2525,9.9236,468.3958,63.9550,92.9064,10.6782,95.3591,32.1814
2026-07-04,34.1762,0.0000,26.9343,8.4102,478.2516,70.0084,94.1047,11.6918,102.5043,35.3485
2026-07-05,35.3611,0.0000,25.6227,7.2520,488.3206,76.3774,94.6364,11.8687,109.8149,36.7979
2026-07-06,36.7283,0.1870,25.9775,5.6774,498.6357,82.9537,94.8201,11.2437,117.1743,36.4832
2026-07-07,37.2564,0.2625,26.6180,6.7628,509.0458,89.5641,94.8711,11.9591,124.4065,38.8695
2026-07-08,36.5279,0.3272,30.0036,5.6726,519.3248,95.7498,94.9220,11.3992,131.0803,38.3870
2026-07-09,34.3152,1.5431,39.5781,8.9189,529.2056,96.6943,89.7268,6.4618,132.7498,26.3617
2026-07-10,35.5556,0.0028,36.5856,7.6822,539.3096,102.1535,92.2794,8.7328,138.6506,32.8187
2026-07-11,37.2804,0.0000,28.6879,6.7778,549.7240,108.5815,94.2443,10.9786,145.3762,38.7102
2026-07-12,37.1291,0.0000,26.2709,13.5799,560.1113,115.2011,94.8161,16.7343,152.1622,51.2578
2026-07-13,32.6948,0.0926,33.4988,15.6572,569.7004,120.4793,94.1906,17.0467,157.6236,52.2999
2026-07-14,31.8284,0.0006,34.7432,11.6105,579.1335,125.5259,93.7860,13.1440,162.8230,44.7361
2026-07-15,33.4722,0.0000,28.9079,6.7121,588.8625,131.2982,93.8366,10.3415,168.6095,38.6312
2026-07-16,35.5670,0.0000,25.0736,7.4313,598.9685,137.7505,94.7641,12.1885,174.9269,43.2606
2026-07-17,36.0158,0.0000,29.5002,6.9194,609.1554,143.8958,94.8150,11.9614,180.9379,43.0000
2026-07-18,36.2574,0.0000,26.7046,8.9551,619.3857,150.3265,94.8660,13.3465,187.1180,46.3544
2026-07-19,36.7994,0.0000,27.9550,16.1568,629.7136,156.7391,94.9169,19.3201,193.2351,58.6293
2026-07-20,32.2163,0.0000,35.0150,12.1553,639.2165,161.8239,93.8961,13.7180,198.2044,47.5416
2026-07-21,31.6451,0.0000,29.2338,10.6683,648.6166,167.2661,93.9468,12.8173,203.3997,45.6843
2026-07-22,32.7337,0.0000,30.0485,10.0985,658.2127,172.8245,93.9974,12.5424,208.6728,45.1869
2026-07-23,32.5099,0.0000,27.7273,11.7009,667.7685,178.5293,94.0481,13.6929,214.0151,47.8885
2026-07-24,30.9497,0.0000,22.3345,9.9294,677.0434,184.3753,94.5910,13.4983,219.3885,47.5654
2026-07-25,30.0633,0.5294,26.7685,7.8947,686.1588,189.7350,93.8109,10.9374,224.3667,41.6800
2026-07-26,29.6657,1.3543,29.8854,6.4259,695.2027,194.8011,90.2246,6.1203,229.1078,28.4320
2026-07-27,32.0162,0.0002,25.5811,4.9799,704.6696,200.5891,93.7177,9.3218,234.3820,37.7036
2026-07-28,33.3189,0.0000,31.7280,7.9970,714.3710,206.1079,93.7683,10.9290,239.4805,41.8519
2026-07-29,33.3560,0.0002,34.2773,10.4082,724.0791,211.4263,93.8189,12.4280,244.4258,45.4862
2026-07-30,33.4480,0.0000,32.6462,10.4643,733.8037,216.8912,93.8695,12.5510,249.4540,45.8206
2026-07-31,34.7814,0.0090,29.1928,8.0922,743.7684,222.8581,93.9202,11.2155,254.8283,42.6936
2026-08-01,35.4295,0.0165,27.5353,7.7611,753.1497,228.3229,94.2586,11.5591,259.7688,43.5624
2026-08-02,35.4523,0.0000,29.9702,8.1833,762.5351,233.6075,94.3094,11.8907,264.5775,44.3879
2026-08-03,35.5058,0.0000,29.9130,9.3352,771.9301,238.9040,94.3602,12.6900,269.3814,46.2905
2026-08-04,35.8349,0.0000,28.3508,9.5710,781.3844,244.3673,94.4110,12.9319,274.2864,46.8748
2026-08-05,33.5677,0.0000,26.5454,10.9380,790.4306,249.6245,94.4618,13.9516,278.9848,49.1952
2026-08-06,33.8926,0.0000,23.9207,8.7776,799.5353,255.1205,94.7649,13.0454,283.8275,47.1804
2026-08-07,35.3293,0.0000,22.4769,8.0442,808.8985,260.9508,95.3081,13.5429,288.9020,48.3281
2026-08-08,33.7120,0.0000,24.9461,9.6194,817.9707,266.3447,95.3592,14.7643,293.6479,51.0352
2026-08-09,34.0804,0.0000,27.0744,10.7974,827.1092,271.6412,95.4103,15.7768,298.3337,53.2048
2026-08-10,33.7241,0.0000,31.5992,7.2458,836.1835,276.5587,94.7867,12.1126,302.7714,45.0776
2026-08-11,35.1739,0.0565,27.7420,6.6952,845.5188,281.9698,94.8376,11.8638,307.5389,44.4984
2026-08-12,35.1369,0.0000,23.7913,12.1071,854.8474,287.6710,95.0154,15.9677,312.4662,53.6453
2026-08-13,34.6411,0.0000,23.1649,11.0370,864.0868,293.3403,95.0725,15.2484,317.3476,52.1414
2026-08-14,34.7199,0.0000,21.6817,8.6277,873.3404,299.1319,95.3922,14.1078,322.2906,49.6788
2026-08-15,35.0776,0.0000,21.5894,8.8611,882.6584,304.9882,95.4866,14.4596,327.2696,50.4598
2026-08-16,34.2737,0.0000,21.0404,10.6537,891.8316,310.7544,95.5377,15.9372,332.1600,53.6213
2026-08-17,33.7891,0.0221,23.7830,9.5051,900.9177,316.2441,95.5889,15.1460,336.8669,51.9574
2026-08-18,32.3122,0.9589,29.7858,8.6974,909.7379,321.0873,92.4167,9.3707,341.1536,38.2768
2026-08-19,33.1195,0.8341,29.8646,8.1148,918.7034,326.0420,92.5950,9.3309,345.5236,38.1747
2026-08-20,32.4186,2.0620,32.2429,7.5385,927.5427,147.1951,89.0563,5.4747,210.7704,26.1312
2026-08-21,32.2578,1.1727,32.4634,7.7946,936.3531,151.8461,90.7562,7.0749,216.0866,31.2018
2026-08-22,32.4613,1.0528,32.4184,7.5337,945.2002,156.5285,91.2412,7.4820,221.3968,32.4665
2026-08-23,32.7841,0.5809,32.5351,7.9666,954.1053,161.2478,92.4774,9.1095,226.7088,37.0496
2026-08-24,33.2511,0.2610,30.9916,7.6274,963.0945,166.1417,93.1344,9.8200,232.1597,38.9774
2026-08-25,33.9408,0.0000,27.2888,5.7614,972.2078,171.4016,94.0006,10.0846,237.9333,39.7204
2026-08-26,33.4697,0.0000,28.8074,8.9268,981.2364,176.4825,94.0513,11.9118,243.4841,44.2657
2026-08-27,32.5035,0.0000,28.6269,9.1289,990.0910,181.4339,94.1020,12.1185,248.8593,44.8058
2026-08-28,32.5922,0.0000,28.0451,9.0494,998.9616,186.4388,94.1527,12.1550,254.2495,44.9383
2026-08-29,33.1819,0.0000,29.1252,8.6429,1007.9384,191.4548,94.2034,11.9925,259.6231,44.5958
2026-08-30,34.0707,0.0000,28.2379,7.2611,1017.0751,196.6654,94.2542,11.2646,265.1532,42.8841
2026-08-31,33.2855,0.0000,31.7375,6.8567,1026.0705,201.5112,94.3049,11.1150,270.3074,42.5480
2026-09-01,31.0999,0.6382,37.9399,11.0472,1033.3725,205.0689,91.3619,9.0859,274.1351,37.3623
2026-09-02,28.0211,1.4110,46.3394,11.1853,1040.1202,207.8510,86.4883,4.5579,277.2115,23.4171
2026-09-03,28.2965,0.3045,37.6138,10.9454,1046.9176,211.1161,90.4935,7.9869,280.7138,34.3504
2026-09-04,26.3184,0.7091,41.6172,14.1879,1053.3589,213.9660,89.3142,7.9425,283.8087,34.2343
2026-09-05,27.0850,0.4026,35.5846,10.5787,1059.9382,217.1983,90.9795,8.4038,287.2443,35.5459
2026-09-06,28.0858,0.9303,33.6930,8.8012,1066.6977,220.6437,90.2513,6.9248,290.8721,31.2626
2026-09-07,28.9666,0.0721,30.4841,6.3362,1073.6157,224.3649,92.2734,8.1531,294.7415,34.8644
2026-09-08,29.7001,0.0000,29.0041,6.6526,1080.6657,228.2579,92.9122,9.0630,298.7573,37.3838
2026-09-09,28.4020,1.9983,40.3019,8.3018,1087.4820,142.7455,85.6953,3.5257,214.9529,19.1580
2026-09-10,23.8462,2.9598,59.8485,15.4086,1059.5455,96.3622,75.8542,1.7508,157.0227,10.4621
2026-09-11,24.8303,0.0947,42.7150,10.4143,1065.7190,99.0068,87.0906,4.7757,160.6923,22.6295
2026-09-12,25.9248,0.0000,34.6956,9.7826,1072.0894,102.1488,90.6119,7.6609,164.9957,31.5403
2026-09-13,26.3379,0.0000,31.2198,10.5360,1078.5343,105.5087,91.7926,9.4129,169.5511,36.3710
2026-09-14,26.9095,0.0000,30.7365,14.1991,1085.0820,108.9627,92.1210,11.8592,174.1944,42.4753
2026-09-15,25.8986,0.0000,31.2692,14.9255,1091.4477,112.2664,92.1710,12.3886,178.6046,43.8772
2026-09-16,25.9554,0.0016,31.7019,11.3974,1097.8237,115.5562,92.2211,10.4444,182.9653,39.4773
2026-09-17,26.7454,0.0000,30.8095,9.2098,1104.3419,118.9863,92.2712,9.4206,187.4744,37.0570
2026-09-18,27.7591,0.0000,34.6683,8.5955,1111.0425,122.3430,92.3213,9.1982,191.8671,36.6087
2026-09-19,27.6408,0.0000,36.1708,9.5490,1117.7218,125.6091,92.3714,9.7194,196.1188,38.0674
2026-09-20,27.6184,0.0000,32.3795,9.6885,1124.3971,129.0664,92.4216,9.8574,200.5744,38.5297
2026-09-21,27.3077,0.0003,29.2824,10.6566,1131.0165,132.6430,92.5162,10.4890,205.1402,40.2205
2026-09-22,27.1478,0.0578,31.9773,8.1685,1137.6071,136.0640,92.5664,9.3187,209.4882,37.3303
2026-09-23,25.9254,2.6988,52.4221,9.5511,1143.9777,97.9420,79.4197,1.7351,161.3491,10.4709
2026-09-24,26.0497,0.7629,55.5507,9.0395,1150.3706,100.0905,84.5835,3.1392,164.4173,16.7699
2026-09-25,25.5770,1.9922,58.3223,12.3922,1156.6785,88.4715,79.9152,2.1048,148.5395,11.9370
2026-09-26,23.6227,2.9834,58.7896,12.8645,1121.9771,69.0804,74.2555,1.4089,119.7312,7.7436
2026-09-27,22.4635,6.0823,59.2408,13.7273,1020.5438,43.7548,65.7882,1.0859,79.0379,4.5644
2026-09-28,21.0796,9.1244,63.6402,16.1748,892.0786,24.3737,59.2469,0.8808,45.6306,2.1628
2026-09-29,18.3900,0.3834,48.7449,11.8279,897.0928,26.1522,79.3055,1.9244,48.7514,5.7077
2026-09-30,19.2275,0.6588,48.4874,12.0377,902.2578,28.0165,84.6452,3.6819,51.9965,10.6049
2026-10-01,19.6158,0.0174,47.6132,8.3748,906.4926,29.6608,86.9658,4.2334,54.8360,12.2502
2026-10-02,21.6741,0.2115,45.9827,8.3839,911.0980,31.5248,88.0706,4.9595,58.0299,14.3241
2026-10-03,21.7316,1.5013,56.9207,7.5432,915.7136,32.2724,80.5090,1.7557,59.3185,5.9847
2026-10-04,21.9904,0.6326,56.5394,7.5670,920.3759,33.7930,84.1492,2.7487,61.9037,9.2225
2026-10-05,22.4571,0.0114,53.8100,6.8073,925.1222,35.4417,86.3906,3.6055,64.6878,11.8551
2026-10-06,24.0878,0.0646,53.1772,8.4317,930.1620,37.2286,87.2839,4.4423,67.6848,14.3441
2026-10-07,24.9240,0.2180,61.8364,10.9973,935.3523,38.7335,87.3323,5.0905,70.1995,16.2426
2026-10-08,25.3876,0.0219,60.0712,8.8284,940.6261,40.3360,87.3808,4.5951,72.8609,15.3448
2026-10-09,26.9734,0.0331,54.9971,9.9051,946.1853,42.2503,87.6320,5.0287,76.0148,16.8180
2026-10-10,24.7269,3.7160,69.6210,9.4528,915.0096,32.1153,68.6434,0.9648,59.0492,3.1388
2026-10-11,20.9573,1.6643,70.1475,12.9701,919.4859,31.4573,72.1706,1.2953,57.9576,4.3260
2026-10-12,21.4133,0.0001,51.6771,7.5300,924.0443,33.1057,83.2519,2.4376,60.7686,8.2159
2026-10-13,22.6567,0.0000,43.9472,5.5433,928.8265,35.1234,87.5817,4.0075,64.1795,12.8389
2026-10-14,23.1641,0.0000,43.6988,5.8286,933.7001,37.1933,88.7219,4.7873,67.6497,15.1879
2026-10-15,23.6110,0.0000,41.4516,7.2964,938.6541,39.3855,89.3702,5.6576,71.2925,17.7263
2026-10-16,22.4127,0.5892,44.4611,13.2734,943.3923,41.3642,88.4709,6.7200,74.5558,20.5912
2026-10-17,17.4491,0.0234,46.0597,16.7144,947.2372,42.8802,88.5198,8.0486,77.0414,23.8178
2026-10-18,18.5571,0.0000,35.5742,10.7301,951.2815,44.7991,89.5142,6.8668,80.1605,21.7194
2026-10-19,20.2403,0.0000,35.3499,9.9853,955.6287,46.8895,89.9954,7.0862,83.5324,22.7039
2026-10-20,19.7025,0.0000,45.4297,8.3659,959.8792,48.6096,89.7732,6.3262,86.2940,21.3056
2026-10-21,20.5388,0.0990,41.0414,5.5265,964.2801,50.5426,89.8225,5.5217,89.3740,19.6785
2026-10-22,19.6154,0.6448,48.9431,13.0257,968.5149,52.1452,87.2042,5.5362,91.9182,20.0117
2026-10-23,15.9023,0.0144,52.8989,14.0403,972.0813,53.3586,87.2526,5.8669,93.8398,21.0936
2026-10-24,15.9498,0.0052,49.6288,12.1270,975.6563,54.6599,87.3011,5.3646,95.8896,19.9977
2026-10-25,17.6059,0.0102,47.4675,7.6751,979.5294,56.1488,87.4155,4.3572,98.2219,17.3824
2026-10-26,19.5141,3.3339,63.5625,10.5332,951.0108,43.8101,68.8851,1.0266,78.5714,4.2804
2026-10-27,19.8120,7.3834,79.3732,8.3354,863.5705,25.4946,45.8111,0.1416,47.4845,0.2297
2026-10-28,19.9899,0.7190,64.8567,7.8738,867.8727,26.6176,68.3400,0.8824,49.4441,2.3585
2026-10-29,20.0460,0.0425,55.7432,6.4102,872.1850,28.0356,80.6201,1.6785,51.9005,5.2112
2026-10-30,19.8706,1.9533,62.3034,14.0149,876.4657,26.4437,75.6066,1.6074,49.1781,4.7955
2026-10-31,13.4912,0.0004,36.1504,14.7444,879.5981,27.8553,85.1600,4.5285,51.6236,12.4880
2026-11-01,14.4925,0.2255,44.4640,10.6044,881.9108,29.0034,86.7967,4.6242,53.6000,12.9701
2026-11-02,16.7755,12.5436,78.2105,16.1107,747.7819,13.4829,46.9743,0.2481,25.8027,0.2651
2026-11-03,12.7071,0.4809,49.1164,16.5370,749.7732,14.4143,72.1558,1.5495,27.5066,2.9202
2026-11-04,15.0737,0.0910,52.8108,10.3373,752.1905,15.4262,81.4688,2.2527,29.3477,4.6990
2026-11-05,18.8280,0.0965,62.8993,9.8140,755.2835,16.4064,83.9074,2.9805,31.1227,6.4385
2026-11-06,19.9595,0.3990,64.8541,11.4043,758.5802,17.3877,84.5788,3.5342,32.8907,7.7855
2026-11-07,19.3982,2.5841,70.1428,11.4332,761.7759,14.5742,69.7956,1.1057,27.8178,1.8011
2026-11-08,17.5021,8.1949,87.1466,8.3526,697.4695,7.8186,36.2061,0.0243,15.2110,0.0186
2026-11-09,19.3986,1.5324,73.2432,9.4422,700.6652,8.0567,56.5316,0.5127,15.6632,0.3998
2026-11-10,18.9784,0.5767,69.1451,7.5786,703.7853,8.8781,72.0807,0.9838,17.2133,0.8124
2026-11-11,17.6404,0.2729,67.4278,4.9230,706.6646,9.6874,78.9402,1.3124,18.7327,1.5356
2026-11-12,18.9788,0.3888,67.5239,9.3952,709.7848,10.5519,82.4160,2.4084,20.3476,3.9065
2026-11-13,19.5200,0.6011,66.6125,12.3296,713.0024,11.4646,83.1398,3.0599,22.0432,5.3014
2026-11-14,16.5422,0.0000,45.8453,9.1207,715.6840,12.7313,86.3041,4.0021,24.3785,7.2765
2026-11-15,17.0015,0.1226,53.5553,6.9920,718.4483,13.8459,86.3523,3.6196,26.4190,6.9663
2026-11-16,16.3925,6.6822,79.3893,13.1693,673.3435,8.0146,50.5045,0.3385,15.5659,0.2630
2026-11-17,16.7017,2.8503,61.8694,14.9917,664.6072,6.3379,61.8751,0.9713,12.3807,0.6598
2026-11-18,14.4113,15.6808,72.4916,19.0126,560.5921,3.1101,44.3015,0.1921,6.1351,0.0906
2026-11-19,12.1698,2.6314,59.6562,13.4431,562.4867,2.3562,56.5085,0.6261,4.6636,0.2614
2026-11-20,15.4711,0.4414,64.6900,10.3057,564.9755,3.1320,72.9093,1.1658,6.1783,0.5516
2026-11-21,16.6619,1.9131,74.9834,12.6450,567.6786,2.7427,67.7006,1.0992,5.4198,0.4899
2026-11-22,18.5647,4.7389,72.4839,18.9852,549.6191,1.6862,59.4129,1.0261,3.3467,0.3759
2026-11-23,13.5792,8.1268,59.1500,20.3734,511.2979,1.0021,53.9281,0.7043,1.9945,0.2179
2026-11-24,7.0099,0.7432,59.0442,19.6477,512.2636,1.4425,68.9937,1.6307,2.8649,0.5653
2026-11-25,8.4762,0.2376,61.1001,11.4033,513.4934,1.9364,77.0742,1.5553,3.8366,0.6000
2026-11-26,12.6706,0.2342,63.9786,7.2711,515.4781,2.5940,80.9323,1.8148,5.1236,0.7890
2026-11-27,16.8343,0.3579,70.0767,9.3996,518.2122,3.3055,82.4691,2.4249,6.5073,1.6289
2026-11-28,15.7218,5.2753,79.3753,6.6952,498.9955,1.7352,48.9150,0.2007,3.4405,0.0743
2026-11-29,14.9080,5.7193,86.5598,11.0670,478.2359,0.5784,35.1244,0.0218,1.1532,0.0059
2026-11-30,14.7832,2.8419,83.9932,6.3803,473.5781,0.3371,37.5904,0.0296,0.6729,0.0073
2026-12-01,14.8187,1.5068,79.6507,4.8669,475.9495,0.4393,47.2771,0.1469,0.8765,0.0377
2026-12-02,14.8681,0.6907,75.2365,9.9525,478.3298,0.8886,63.1233,0.8024,1.7691,0.2402
2026-12-03,12.7580,0.0197,65.6290,9.5344,480.3302,1.4299,74.5293,1.2078,2.8387,0.4174
2026-12-04,11.6333,1.2306,69.4606,6.0779,482.1282,1.8718,71.3864,0.8897,3.7077,0.3387
2026-12-05,10.9744,4.1612,85.8440,10.8901,469.7104,0.6578,44.8277,0.1386,1.3110,0.0385
2026-12-06,10.5775,0.1851,71.9147,13.3703,471.3184,1.0305,62.8894,0.9425,2.0498,0.2940
2026-12-07,10.3580,0.0482,63.6017,10.2829,472.8868,1.5045,74.0926,1.2272,2.9852,0.4315
2026-12-08,11.8405,0.0017,55.6998,8.8624,474.7221,2.1559,80.7536,1.9275,4.2634,0.7755
2026-12-09,13.6329,0.8331,61.7160,8.0930,476.8800,2.7969,79.9823,1.7066,5.5129,0.7664
2026-12-10,12.2143,20.0044,91.3344,15.9464,389.9761,0.8424,26.2780,0.0026,1.6758,0.0008
2026-12-11,13.1199,0.6622,68.3073,15.0808,392.0417,1.3546,54.3694,0.5628,2.6859,0.1909
2026-12-12,12.3859,0.0032,58.4962,8.5968,393.9751,1.9906,71.3266,1.0081,3.9316,0.3926
2026-12-13,14.3910,0.0008,56.2688,10.8224,396.2695,2.7605,80.4640,2.0610,5.4265,0.9191
2026-12-14,9.9648,0.0008,52.2387,14.0048,397.7672,3.3610,83.6305,3.5490,6.5830,2.9281
2026-12-15,6.3520,0.0601,52.5857,8.8501,398.6145,3.7626,84.2804,2.9845,7.3516,2.4998
2026-12-16,8.4119,0.0083,60.2732,9.1845,399.8327,4.1920,84.3279,3.0546,8.1698,2.7694
2026-12-17,10.6223,0.2221,65.6796,7.7210,401.4487,4.6492,84.3754,2.8557,9.0367,2.7152
2026-12-18,13.3798,0.3611,68.8302,7.6715,403.5610,5.1621,84.4229,2.8670,10.0042,2.9273
2026-12-19,13.3967,0.4550,78.5952,9.2981,405.6765,5.5147,83.1109,2.6167,10.6669,2.7217
2026-12-20,13.8883,7.4598,76.5443,12.5935,382.0226,2.8269,48.0370,0.2407,5.5511,0.1084
2026-12-21,11.5062,0.0341,61.4243,11.5987,383.7977,3.3795,67.7423,1.0442,6.6135,0.5102
2026-12-22,8.2532,0.2056,63.3067,10.5666,384.9873,3.7695,75.9486,1.3799,7.3589,0.7102
2026-12-23,5.6321,0.2081,72.7210,13.5046,385.7051,3.9782,78.4928,1.9414,7.7565,1.1586
2026-12-24,4.9786,0.0452,65.7397,12.9813,386.3052,4.2149,80.4918,2.3048,8.2060,1.8307
2026-12-25,3.2837,0.8525,70.3137,13.0163,386.6003,4.3628,76.7632,1.6492,8.4861,0.9122
2026-12-26,4.4844,14.8477,88.4438,13.9542,333.6503,1.6286,26.2423,0.0023,3.2179,0.0008
2026-12-27,5.2610,7.7467,90.0992,18.8160,311.5703,0.2523,19.3044,0.0003,0.5037,0.0001
2026-12-28,3.6684,0.2446,77.5546,11.1538,311.9346,0.3740,36.6502,0.0308,0.7457,0.0077
2026-12-29,9.6071,0.0191,66.0146,9.0018,313.3679,0.7875,57.4273,0.5385,1.5651,0.1561
2026-12-30,11.1023,0.1637,60.8011,13.3741,315.0703,1.3311,72.8667,1.3583,2.6343,0.4578
2026-12-31,5.6556,0.0088,50.0925,14.8462,315.7923,1.7142,79.9630,2.3936,3.3825,0.8803
2027-01-01,6.1440,0.0142,54.9885,10.1636,316.6022,2.1156,82.3919,2.4960,4.1617,0.9944
2027-01-02,7.9635,2.9130,74.2538,10.0389,312.7847,1.0939,58.8244,0.6283,2.1689,0.1992
2027-01-03,7.1395,1.2924,59.1823,12.4902,313.7738,1.5080,65.9477,1.0263,2.9801,0.3607
2027-01-04,3.5703,3.1888,70.5094,21.4619,308.2259,0.4969,53.8327,0.7371,0.9898,0.1932
2027-01-05,1.3660,0.3218,63.7073,17.6163,308.2259,0.6071,66.7766,1.3688,1.2082,0.3736
2027-01-06,1.3967,0.1764,69.1716,13.8393,308.2259,0.7018,73.0961,1.4038,1.3957,0.3958
2027-01-07,2.9084,0.0854,67.7194,11.5124,308.4534,0.8611,77.0478,1.5608,1.7103,0.4630
2027-01-08,3.0287,0.0844,66.2240,9.1847,308.7026,1.0328,79.3054,1.6844,2.0485,0.5252
2027-01-09,3.4091,0.0016,63.8771,6.8219,309.0203,1.2333,80.7362,1.7358,2.4423,0.5709
2027-01-10,4.3786,0.0008,61.8174,5.5857,309.5124,1.4909,81.7650,1.8362,2.9463,0.6428
2027-01-11,7.1425,0.0679,67.3140,10.4532,310.5021,1.8225,82.1175,2.4486,3.5924,0.9210
2027-01-12,10.0052,13.7562,82.3847,20.3499,270.7917,0.4708,38.1699,0.0674,0.9376,0.0175
2027-01-13,8.0743,4.3347,67.0685,14.7240,263.0317,0.3719,43.1027,0.1272,0.7413,0.0317
2027-01-14,7.7291,0.2818,52.5603,9.9010,264.1269,0.8876,64.1747,0.8393,1.7604,0.2509
2027-01-15,6.4163,4.3060,75.9852,8.6482,256.3030,0.2222,43.9846,0.1083,0.4435,0.0252
2027-01-16,3.7475,1.4460,68.7362,17.5634,256.6816,0.4088,54.3902,0.6390,0.8143,0.1617
2027-01-17,4.0599,0.0098,62.4083,9.1030,257.1163,0.6476,66.8470,0.8935,1.2871,0.2473
2027-01-18,7.1928,1.5635,80.7689,8.7751,258.1150,0.4821,60.5644,0.6594,0.9596,0.1718
2027-01-19,10.3641,0.0215,60.3197,8.2168,259.6846,1.0421,73.1119,1.0582,2.0635,0.3307
2027-01-20,12.1935,0.1998,67.5291,13.0890,261.5834,1.5735,79.0373,1.9986,3.1004,0.7122
2027-01-21,12.3561,0.8870,74.3696,18.2913,263.5115,1.9981,77.2963,2.2379,3.9218,0.8708
2027-01-22,12.0890,11.0665,79.4686,22.9003,236.3617,0.6774,43.8632,0.2177,1.3451,0.0609
2027-01-23,6.6994,2.7397,64.0057,11.5512,237.2716,0.3456,48.9436,0.2573,0.6887,0.0634
2027-01-24,6.8124,1.0106,52.7628,11.4111,238.2018,0.8057,64.0209,0.8996,1.5980,0.2622
2027-01-25,8.8720,1.2266,63.9465,14.1729,239.5028,1.2484,68.9507,1.2358,2.4646,0.4077
2027-01-26,10.9217,7.6002,87.1488,13.7237,223.5194,0.1902,35.3375,0.0262,0.3796,0.0060
2027-01-27,10.3126,20.2563,92.1492,19.0035,174.8682,0.1103,16.5008,0.0001,0.2203,0.0000
2027-01-28,9.5086,15.9597,90.9930,16.9026,141.3515,0.1176,15.2107,0.0000,0.2348,0.0000
2027-01-29,8.3950,0.2487,73.1650,11.3590,142.5666,0.4313,38.6280,0.0470,0.8562,0.0120
2027-01-30,6.5574,0.1928,69.7832,19.2618,143.4510,0.7162,58.8778,1.0036,1.4147,0.2839
2027-01-31,3.4212,0.1392,65.5289,16.6503,143.7708,0.9080,70.0668,1.4507,1.7879,0.4355
2027-02-01,4.0104,0.0234,62.6694,14.9352,144.1967,1.1790,76.5613,1.7910,2.3108,0.5790
2027-02-02,10.0775,0.0223,58.8676,10.6462,145.7146,1.8321,81.1240,2.1986,3.5526,0.8235
2027-02-03,8.4560,0.5231,61.2192,15.7346,146.9407,2.3585,82.4457,3.3271,4.5351,2.1250
2027-02-04,4.9071,0.0025,53.7865,13.8211,147.5280,2.7529,83.5401,3.4748,5.2604,2.4842
2027-02-05,8.7416,0.0357,56.8808,11.9339,148.8055,3.3557,84.0856,3.3963,6.3532,2.7064
2027-02-06,10.9238,0.0257,50.6350,10.5814,150.4758,4.1988,85.2073,3.6957,7.8501,3.4188
2027-02-07,11.4437,0.0015,51.5995,7.1306,152.2396,5.0613,85.5490,3.2566,9.3458,3.2748
2027-02-08,12.0102,0.1794,75.6050,12.1283,154.1055,5.5156,83.7537,3.2817,10.1252,3.4775
2027-02-09,12.9590,6.0915,74.7191,12.8824,145.3341,3.0637,51.0688,0.3564,5.8206,0.1640
2027-02-10,7.9975,0.9858,53.5189,14.5266,146.4776,3.6643,66.7087,1.1687,6.8973,0.5827
2027-02-11,9.7202,2.8994,71.3941,11.8008,144.7175,2.4020,56.4411,0.5732,4.6126,0.2382
2027-02-12,10.8617,11.7656,89.5847,17.6033,123.0567,0.7330,27.0355,0.0036,1.4445,0.0010
2027-02-13,11.4409,10.0098,83.8300,11.7467,106.4054,0.2881,25.0526,0.0014,0.5722,0.0003
2027-02-14,7.0296,0.4302,68.6708,14.1179,107.3747,0.6499,48.5501,0.2782,1.2803,0.0769
2027-02-15,9.5817,2.5953,73.5230,13.5103,108.8034,0.4017,50.9813,0.3642,0.7961,0.0918
2027-02-16,9.8488,0.0620,46.9965,9.8838,110.2802,1.2261,71.0215,1.0645,2.3859,0.3475
2027-02-17,10.0418,11.6444,80.4980,15.1898,90.5923,0.3087,36.9011,0.0399,0.6121,0.0096
2027-02-18,10.3005,15.7523,85.3589,15.4654,64.0197,0.2371,24.3684,0.0014,0.4699,0.0003
2027-02-19,9.9320,4.1393,69.1807,12.8380,60.5396,0.4830,38.6232,0.0506,0.9470,0.0132
2027-02-20,8.8681,2.6441,65.2007,13.3307,61.8398,0.4927,49.2900,0.2941,0.9662,0.0767
2027-02-21,9.3892,6.2300,74.5160,14.0856,54.3701,0.3797,40.2396,0.0739,0.7464,0.0184
2027-02-22,9.5285,5.9996,78.9419,11.9538,47.5098,0.3179,34.5549,0.0200,0.6254,0.0049
2027-02-23,9.3309,4.4367,76.6286,11.0831,43.5809,0.3463,36.4208,0.0292,0.6791,0.0072
2027-02-24,6.6624,0.2703,53.8916,15.7656,44.4842,0.8547,60.9248,0.9580,1.6311,0.2807
2027-02-25,3.3688,0.1275,59.8744,15.8825,44.7946,1.1094,72.0626,1.4940,2.0895,0.4686
2027-02-26,5.8628,0.0164,61.3109,9.0367,45.5539,1.4921,77.6739,1.4461,2.7583,0.4949
2027-02-27,6.5722,0.0156,58.2491,9.4031,46.4409,1.9471,81.0028,2.0368,3.5247,0.7607
2027-02-28,4.4701,0.1776,70.1540,12.1845,46.9495,2.1832,81.2582,2.4126,3.9117,0.9378
2027-03-01,5.8613,0.5018,73.5825,14.2719,47.7085,2.4967,81.2621,2.6815,4.4157,1.3970
2027-03-02,6.2115,0.2339,64.0699,15.3018,48.5306,2.9445,82.1507,3.1390,5.1134,2.1023
2027-03-03,7.3448,0.2480,57.6344,12.5739,49.5566,3.5544,83.2868,3.1572,6.0279,2.3671
2027-03-04,7.8169,0.1511,54.2773,12.8162,50.6677,4.2494,84.1598,3.5861,7.0257,3.0853
2027-03-05,7.9629,0.0584,49.5431,10.4147,51.8050,5.0288,85.0010,3.5620,8.0935,3.3334
2027-03-06,10.8049,0.0000,35.4153,7.0643,53.4539,6.3395,87.3080,4.1608,9.7794,4.4341
2027-03-07,11.3778,1.7232,68.4030,9.3549,55.2059,6.1002,72.7023,1.1020,9.5596,0.6489
2027-03-08,11.4544,2.0633,62.6400,14.3366,56.9717,5.4376,67.9902,1.2084,8.7802,0.6803
2027-03-09,7.0551,0.5012,50.7232,16.1841,57.9456,6.1226,78.2434,2.1740,9.6865,1.9214
2027-03-10,8.3982,0.2231,57.6455,15.3679,59.1613,6.8084,81.8935,3.0527,10.5744,3.2829
2027-03-11,9.6260,0.1641,50.8567,15.7765,60.5980,7.7069,84.3057,4.2455,11.6952,5.0148
2027-03-12,9.1652,0.0045,44.9919,10.8806,61.9517,8.6694,85.7168,4.0270,12.8450,5.0178
2027-03-13,7.6173,0.0315,56.9948,11.0650,63.0268,9.3084,85.7409,4.0783,13.5966,5.2539
2027-03-14,9.7431,0.0003,44.5731,8.1993,64.4846,10.3329,86.3387,3.8392,14.7550,5.1895
2027-03-15,12.2052,0.0000,44.3550,6.6014,66.3855,11.5949,86.8505,3.8085,16.1416,5.4322
2027-03-16,12.3375,0.0586,55.5026,8.3520,68.3102,12.6142,86.7915,4.1250,17.2602,6.1076
2027-03-17,12.5946,0.4001,67.4794,9.6862,70.2813,13.3733,85.3490,3.6026,18.1246,5.5152
2027-03-18,15.8747,0.2546,58.9079,14.0571,72.8427,14.5623,85.3969,4.5202,19.4192,7.1209
2027-03-19,16.9714,0.0177,62.1783,10.6005,75.6016,15.7274,85.4447,3.8229,20.6929,6.3266
2027-03-20,18.0896,0.0033,57.9157,9.5038,78.5617,17.1040,85.6600,3.7274,22.1514,6.4357
2027-03-21,18.0107,0.0003,54.0028,10.0962,81.5076,18.6024,86.1937,4.1388,23.6887,7.3755
2027-03-22,18.3231,0.0368,55.1541,8.9381,84.5098,20.0872,86.2418,3.9307,25.1999,7.3008
2027-03-23,18.8138,0.0706,49.8105,8.4316,87.6003,21.7909,86.9781,4.2529,26.8711,8.1342
2027-03-24,18.8612,0.0113,48.4832,9.2949,90.6993,23.5438,87.3560,4.6878,28.5561,9.1664
2027-03-25,19.6092,0.1516,48.7110,9.4610,93.9329,25.3543,87.5163,4.8367,30.2775,9.7311
2027-03-26,19.7619,0.3187,52.6446,14.7476,97.1941,27.0384,87.5649,6.3570,31.8948,12.5224
2027-03-27,13.1758,0.8285,75.2754,20.8281,99.2697,27.6400,80.9779,3.6121,32.5927,7.8944
2027-03-28,12.5177,1.6146,81.6341,14.9951,101.2269,26.8213,69.1866,1.2978,32.2680,2.6659
2027-03-29,13.1041,8.1273,81.8453,11.3864,89.6423,14.5728,39.4514,0.0555,20.7233,0.0514
2027-03-30,13.5228,10.5724,82.3842,9.9047,73.7097,7.4444,29.3169,0.0047,11.8874,0.0031
2027-03-31,12.8646,3.9536,76.7165,7.4950,70.9967,4.8857,36.1177,0.0228,8.3371,0.0125
2027-04-01,15.5869,0.1894,58.8064,6.5914,74.7563,6.5522,62.4300,0.6547,10.7491,0.4108
2027-04-02,15.6962,0.1855,62.7600,8.3568,78.5357,8.0686,75.6654,1.2129,12.8394,0.8413
2027-04-03,14.7475,0.2721,64.9488,7.1010,82.1442,9.4152,80.5599,1.7265,14.6365,1.9304
2027-04-04,12.7049,14.2592,87.3791,13.8233,60.6285,4.5314,32.6632,0.0139,7.6361,0.0073
2027-04-05,13.1405,5.3696,73.9138,9.9825,56.7137,2.9337,38.1589,0.0399,5.1955,0.0175
2027-04-06,14.7544,1.6481,62.6271,5.4764,60.3235,3.7583,55.0065,0.3680,6.5036,0.1784
2027-04-07,14.2040,3.6642,68.9234,11.0587,59.8003,2.9545,53.4287,0.4192,5.2594,0.1844
2027-04-08,13.4765,2.1858,71.4831,11.8989,63.1801,2.7724,58.1232,0.6565,4.9966,0.2823
2027-04-09,15.0404,0.5700,58.4548,8.2232,66.8414,4.3980,73.8526,1.0937,7.5535,0.5702
2027-04-10,11.1937,4.3571,68.3991,15.4283,64.3882,3.0389,55.8902,0.6570,5.4364,0.2932
2027-04-11,8.2897,5.2231,73.1431,12.8872,59.8088,1.7252,43.3166,0.1201,3.2182,0.0434
2027-04-12,13.6262,0.4761,54.1637,13.1876,63.2155,3.3616,68.9870,1.1773,5.9342,0.5467
2027-04-13,15.2332,0.0163,47.5494,9.4567,66.9115,5.4384,81.1403,2.0745,9.0400,1.6562
2027-04-14,18.1978,0.0001,43.3673,8.4874,71.1411,8.0879,86.3831,3.9199,12.5959,4.8255
2027-04-15,20.2457,0.0000,45.6056,6.5355,75.7393,10.9028,87.7499,4.3156,16.0349,6.1094
2027-04-16,20.6402,0.0793,51.0296,6.1961,80.4086,13.4838,87.7985,4.2720,19.0016,6.6759
2027-04-17,18.6045,0.7857,62.6531,8.6934,84.7114,15.2679,83.6554,2.7245,21.0506,4.5684
2027-04-18,19.0285,0.9402,61.1350,6.1547,89.0905,17.1644,81.2844,1.7859,23.1692,3.0307
2027-04-19,21.0542,0.1292,54.5482,4.8252,93.8343,19.6056,85.1352,2.7378,25.7570,5.2480
2027-04-20,22.8169,0.0000,50.1515,5.4090,98.8953,22.4959,87.1651,3.7506,28.6813,7.5601
2027-04-21,23.9518,0.0636,48.8690,4.5474,104.1606,25.6013,87.9941,4.0431,31.7148,8.5750
2027-04-22,21.9765,0.2630,55.1142,10.1968,109.0704,28.1124,88.0428,5.4122,34.1924,11.4311
2027-04-23,19.7666,0.5837,62.0591,6.5107,113.5824,30.0317,85.9682,3.3469,36.1607,7.8581
2027-04-24,21.8774,0.1892,57.5652,5.9717,118.4743,32.3955,86.2925,3.4093,38.4837,8.2961
2027-04-25,23.2202,0.2496,54.1519,7.8620,123.6079,35.0987,87.0032,4.1474,41.0540,10.1907
2027-04-26,23.5547,0.4174,51.6568,8.1619,128.8018,37.9882,87.5509,4.5527,43.7315,11.4102
2027-04-27,22.2884,0.4786,61.5721,10.8722,133.7677,40.1671,87.3813,5.0940,45.8872,12.8284
2027-04-28,19.0015,0.2067,51.8023,19.2774,138.1420,42.5159,87.4298,7.8344,48.0562,18.2634
2027-04-29,19.6003,0.1168,52.6488,14.8647,142.6240,44.8922,87.4783,6.3160,50.2460,15.9228
2027-04-30,21.9886,0.0004,54.5951,5.4391,147.5360,47.4337,87.5268,3.9553,52.5941,11.3211
2027-05-01,25.3475,0.0000,46.9082,3.7443,154.5025,51.1303,88.5367,4.1969,55.9615,12.3088
2027-05-02,26.1981,0.0126,42.3093,5.4650,161.6222,55.2764,89.5704,5.3092,59.5964,15.3182
2027-05-03,26.6552,0.0585,36.3695,9.8909,168.8241,59.9259,90.8035,7.9163,63.5009,21.2870
2027-05-04,26.3865,0.0000,36.3194,12.6063,175.9777,64.5339,90.9411,9.2571,67.3354,24.5103
2027-05-05,25.9288,0.0001,33.2635,12.3388,183.0489,69.2827,91.4153,9.7707,71.1968,26.1814
2027-05-06,26.0249,0.0008,30.2823,9.0595,190.1373,74.2613,92.0110,9.0121,75.1474,25.4468
2027-05-07,27.0442,0.0003,31.2111,7.4241,197.4093,79.3582,92.0773,8.3775,79.3538,24.8728
2027-05-08,26.8938,0.0159,31.9003,8.7719,204.6542,84.3770,92.1274,9.0298,84.3489,27.0245
2027-05-09,20.7461,4.0389,53.9998,15.1971,204.0130,60.8641,72.9541,1.4944,69.7249,5.7392
2027-05-10,20.7648,0.2360,36.7903,16.0613,210.1547,64.5026,86.7745,6.0686,72.9947,18.9059
2027-05-11,18.6185,0.0000,33.2460,17.5043,215.9100,67.9679,89.6192,9.8070,76.0696,27.1453
2027-05-12,18.8986,0.0025,29.9355,14.7594,221.7157,71.6568,90.7293,10.0109,79.2672,28.1108
2027-05-13,20.8136,0.0001,26.2589,11.1176,227.8662,75.9110,91.8468,9.7675,82.8340,28.2550
2027-05-14,21.4452,0.2722,32.8249,10.7027,234.1303,79.8981,91.8968,9.6333,86.2301,28.5673
2027-05-15,19.0371,1.1801,49.2981,10.5379,239.9610,82.5860,84.2092,3.2184,88.7826,13.0376
2027-05-16,19.4528,2.9299,61.3434,9.4336,241.7211,65.8965,70.1726,1.0119,78.3766,4.2058
2027-05-17,21.9000,1.4599,57.4091,10.5005,248.0671,68.4754,77.1764,1.4976,81.0317,6.3898
2027-05-18,23.0988,0.1149,54.4714,9.6494,254.6289,71.3759,84.8278,3.3468,83.9330,13.0115
2027-05-19,23.7894,0.1251,50.5786,7.8813,261.3150,74.6143,87.2571,4.3043,87.0729,16.1334
2027-05-20,24.9864,0.0490,43.7046,8.4126,268.2166,78.4805,88.9728,5.6531,90.6501,20.1683
2027-05-21,25.3106,0.0208,44.3800,6.9099,275.1765,82.3478,89.2210,5.4309,94.2121,19.9922
2027-05-22,27.8655,0.0000,37.8705,6.0902,282.5963,87.0855,90.6598,6.4039,98.3792,22.9964
2027-05-23,29.2504,0.0992,34.9068,7.9678,290.2653,92.2866,91.5974,8.0446,102.8351,27.5366
2027-05-24,28.6122,0.0116,36.7942,8.5755,297.8195,97.2307,91.6473,8.3536,107.0712,28.7863
2027-05-25,29.9843,0.0007,32.4859,7.3912,305.6207,102.7557,92.2541,8.5750,111.6576,29.8524
2027-05-26,31.3949,0.0035,26.1251,9.7516,313.6758,109.0755,93.7548,11.9170,116.6999,37.8361
2027-05-27,27.4906,0.3737,34.5132,13.7707,321.0281,114.0047,93.1410,13.3954,120.7799,41.3653
2027-05-28,23.0942,0.1202,39.7021,16.6329,327.5890,117.8454,91.6442,12.5318,124.0910,40.0283
2027-05-29,23.4421,0.0000,27.5114,9.4053,334.2126,122.5289,92.1563,9.3609,127.8641,33.4266
2027-05-30,25.0929,0.0000,28.4872,8.5894,341.1333,127.4602,92.2977,9.1649,131.8035,33.3189
2027-05-31,27.1601,0.0003,27.7330,8.8553,348.4262,132.8368,92.7641,9.9185,136.0252,35.4852
2027-06-01,28.2514,0.0000,27.5667,9.4394,356.9154,138.4339,93.0176,10.5845,140.5667,37.4206
2027-06-02,28.6200,0.0000,28.7777,10.1654,365.4710,144.0065,93.0680,11.0565,145.0893,38.8663
2027-06-03,28.7438,0.0000,30.9502,8.0404,374.0489,149.4317,93.1184,10.0040,149.5256,36.7228
2027-06-04,31.3045,0.0425,31.0626,6.9933,383.0877,155.3127,93.1687,9.5570,155.2888,35.9975
2027-06-05,28.7127,6.8255,47.5281,10.9305,369.7279,79.0668,76.4481,1.4524,103.0436,7.2964
2027-06-06,21.4914,2.3167,62.7483,12.5488,377.0003,68.7799,73.3729,1.3311,94.4714,6.3621
2027-06-07,22.4940,0.9525,42.9236,11.6741,384.4532,72.3252,83.9785,3.3045,98.3807,14.1030
2027-06-08,24.1287,0.0467,33.8381,9.2405,392.2004,76.7196,89.8858,6.7189,103.0462,24.3312
2027-06-09,26.3608,0.8054,36.2566,8.1421,400.3494,81.3279,89.6111,6.1116,107.8723,23.2627
2027-06-10,27.0131,2.7956,47.0258,10.0590,408.6157,67.9039,80.9709,2.0977,95.9467,9.6305
2027-06-11,28.9375,0.1095,43.7565,11.7503,417.2285,72.3516,88.8807,6.6007,100.9422,23.7918
2027-06-12,28.4439,0.0000,37.2190,12.2922,425.7524,77.2346,90.8885,9.0436,106.2726,30.2747
2027-06-13,29.0206,0.0000,36.4342,9.9173,434.3801,82.2752,91.3301,8.5443,111.6716,29.7816
2027-06-14,29.7061,0.0010,38.9474,5.9450,443.1312,87.2267,91.3799,7.0440,116.9177,26.6204
2027-06-15,30.4239,0.0013,36.4832,9.4545,452.0115,92.4981,91.5919,8.6635,122.3850,31.2205
2027-06-16,31.0399,0.0113,33.7977,8.4681,461.0026,98.0997,92.1838,8.9637,128.0682,32.4941
2027-06-17,31.8266,0.0747,31.5364,7.3251,470.1354,104.0344,92.7754,9.1970,133.9601,33.5840
2027-06-18,31.7578,0.0002,31.0736,7.6450,479.2558,109.9968,92.9060,9.5194,139.7859,34.8420
2027-06-19,30.2970,0.3917,35.7876,8.7180,488.1133,115.3044,92.9563,10.1194,144.9858,36.6766
2027-06-20,30.9884,0.0473,29.7531,11.1478,497.0952,121.2387,93.0490,11.5868,150.6318,40.4844
2027-06-21,29.1200,2.6151,40.7149,11.1554,505.7408,94.7204,84.9206,3.6569,129.0270,17.3477
2027-06-22,28.5497,2.3077,48.5938,9.6248,514.2838,82.1132,82.2669,2.3919,117.3748,11.9845
2027-06-23,29.8029,1.0312,41.9539,9.3365,523.0523,86.8357,87.8588,5.0478,122.7322,21.5003
2027-06-24,31.5507,0.0427,31.1380,9.0521,532.1354,92.7549,92.4161,9.5389,129.2060,33.9755
2027-06-25,32.1879,0.2789,31.1323,8.4279,541.3332,98.7902,92.9324,9.9392,135.6789,35.5041
2027-06-26,33.6568,0.0002,28.4881,7.4246,550.7954,105.3337,93.7128,10.5367,142.5260,37.4683
2027-06-27,35.0165,0.4876,30.2033,5.4335,560.5024,111.9702,93.7634,9.5981,149.3514,35.7261
2027-06-28,33.4924,1.0305,36.9039,7.3760,569.9350,117.7163,90.9351,7.1063,155.2619,29.5387
2027-06-29,33.6929,0.7081,35.4256,7.3757,579.4038,123.6312,91.7798,8.0126,161.2467,32.3291
2027-06-30,33.7738,0.4648,34.7447,7.3305,588.8871,129.6224,92.4683,8.8109,167.2239,34.7206
2027-07-01,34.8556,0.0139,28.5235,6.9475,598.8651,135.6581,93.8699,10.5134,173.2196,39.2590
2027-07-02,35.3770,0.0612,24.3068,5.2395,608.9369,142.1426,94.8787,11.0871,179.5219,40.8987
2027-07-03,35.9915,0.0042,22.7298,7.6095,619.1194,148.8738,95.3697,13.3613,185.9584,46.3428
2027-07-04,33.0841,0.7396,32.6665,9.9545,628.7785,154.2795,92.5153,10.1231,191.2466,38.9518
2027-07-05,31.9586,0.4265,42.4380,12.2692,638.2351,158.7487,92.3347,11.0897,195.7652,41.4510
2027-07-06,33.6243,0.5330,41.8148,7.6676,647.9915,163.4938,91.4841,7.7974,200.5110,33.0204
2027-07-07,35.8025,0.6586,32.4365,9.7352,658.1399,169.3493,92.9804,10.6875,206.1104,40.7319
2027-07-08,34.8734,0.2558,32.7998,12.4537,668.1211,175.0268,93.0995,12.4626,211.5228,45.0668
2027-07-09,34.8911,0.0000,29.2460,11.0358,678.1055,181.0075,93.7910,12.7777,217.1228,45.9011
2027-07-10,35.4913,0.0000,24.4146,9.6505,688.1980,187.5030,94.8894,13.8670,223.0668,48.4472
2027-07-11,36.5171,0.0000,23.6364,7.6878,698.4750,194.2495,95.2715,13.2356,229.1674,47.1422
2027-07-12,37.7394,0.0000,22.7802,6.9074,708.9721,201.2932,95.6641,13.4243,235.4573,47.6537
2027-07-13,37.8077,0.0000,23.0125,6.4879,719.4815,208.3281,95.7153,13.2352,241.6963,47.3049
2027-07-14,39.2955,0.0000,21.1029,6.2820,730.2587,215.8131,96.2810,14.1409,248.2288,49.3885
2027-07-15,41.3453,0.0000,19.3290,6.7920,741.4048,223.8548,97.0011,15.9817,255.1295,53.3778
2027-07-16,38.9300,0.0000,21.6283,9.4828,752.1162,231.2228,97.0528,18.4293,261.4793,58.3427
2027-07-17,36.8850,0.0000,28.2530,8.0737,762.4595,237.6233,96.0428,14.9870,267.1224,51.3786
2027-07-18,37.9688,0.0000,27.3151,6.7806,772.9979,244.2925,96.0942,14.1394,272.9401,49.5769
2027-07-19,39.5306,0.0000,24.3449,7.3256,783.8174,251.5118,96.1455,14.6343,279.1162,50.6905
2027-07-20,39.1264,0.0000,25.6386,11.9404,794.5641,258.5370,96.1969,18.5942,285.1319,58.8213
2027-07-21,33.8236,0.0000,31.5997,18.5390,804.3564,264.1472,94.8292,21.5237,290.1140,64.3288
2027-07-22,30.4160,0.0000,30.7021,16.8382,813.5353,269.2765,94.3338,18.4534,294.6956,58.5914
2027-07-23,31.8151,0.0000,26.4780,9.7690,822.9660,274.9599,94.3846,13.0143,299.6396,47.1665
2027-07-24,32.4255,0.0000,28.8930,8.5719,832.5066,280.5587,94.4354,12.3386,304.5393,45.6146
2027-07-25,31.6722,0.3648,33.2566,9.4899,841.9116,285.6957,94.0524,12.2565,309.1352,45.4332
2027-07-26,28.5267,3.7000,47.5905,13.4718,822.6695,108.6511,81.2241,2.5642,163.3632,14.3546
2027-07-27,29.7072,2.0123,43.7416,15.9933,831.7208,96.3493,85.6968,5.1959,149.4241,23.5415
2027-07-28,33.9574,0.0055,28.6823,10.1853,841.5372,102.2212,93.2432,11.3422,156.8201,40.3455
2027-07-29,35.1656,0.0000,27.1221,5.4429,851.5710,108.4283,94.2427,10.2621,164.4949,38.2345
2027-07-30,35.6611,0.0000,25.9847,4.6873,861.6940,114.8185,94.6179,10.4033,172.2555,38.9492
2027-07-31,36.2578,0.0002,23.0522,6.6881,871.9244,121.5696,95.3308,12.6876,180.2945,44.6214
2027-08-01,36.7548,0.0000,21.9140,7.0514,881.5442,127.6720,95.6840,13.5586,187.4678,46.8322
2027-08-02,38.2362,0.0448,22.5830,6.6224,891.4307,133.9589,95.8046,13.4878,194.7523,46.9297
2027-08-03,37.0080,0.4289,29.5282,7.6504,901.0962,139.5031,95.6601,13.9289,201.1526,48.0877
2027-08-04,36.3542,0.4004,32.4583,7.8837,910.6439,144.7256,95.0483,12.9651,207.1479,46.1113
2027-08-05,33.7436,1.5164,46.9570,8.0277,919.7218,138.7972,88.0133,4.8314,201.5526,23.8218
2027-08-06,34.8432,2.6895,46.0808,10.9078,928.9976,100.9180,86.2459,4.3434,158.7288,21.0814
2027-08-07,36.0934,0.3886,37.5060,9.4114,938.4984,105.7166,91.9970,9.1554,164.9745,35.5047
2027-08-08,37.2413,0.0308,28.6533,6.7838,948.2058,111.3640,94.2281,10.9573,172.1745,40.2767
2027-08-09,35.6044,0.0000,29.5360,11.6943,957.6186,116.7034,94.2789,14.1323,178.9008,47.7132
2027-08-10,34.3545,0.0014,32.5524,9.0484,966.8064,121.6401,94.3296,12.4553,185.0686,44.2883
2027-08-11,31.8978,2.3868,39.0449,11.8233,975.5520,97.8247,87.5006,5.4358,156.4331,24.6148
2027-08-12,32.3282,0.0040,36.0627,9.5576,984.3751,102.2371,91.6241,8.7486,162.3262,34.3285
2027-08-13,31.6759,4.2142,41.4912,8.8645,944.7448,71.0196,82.7499,2.4450,119.5683,12.3064
2027-08-14,28.5667,4.8004,54.2606,11.1275,899.8701,49.6969,75.4834,1.3795,87.3357,6.2335
2027-08-15,30.8624,0.0127,36.1254,8.9360,908.4293,53.9117,89.9467,6.6745,93.8929,23.1283
2027-08-16,32.4707,0.0000,31.9309,7.3070,917.2780,58.6292,92.6011,8.9664,101.1031,29.4151
2027-08-17,33.7114,0.0000,31.1577,7.4334,926.3501,63.5767,93.1878,9.7973,108.5317,32.2483
2027-08-18,33.7483,0.0000,31.2506,9.7804,935.4288,68.5228,93.2382,11.1053,115.8328,36.0200
2027-08-19,33.9329,0.0000,27.3060,11.5697,944.5407,73.7803,94.0219,13.5534,123.4526,42.0217
2027-08-20,33.8574,0.0000,24.1220,11.3943,953.6390,79.2562,94.6950,14.7418,131.2436,45.3064
2027-08-21,34.3844,0.0000,23.8659,8.9300,962.8322,84.8335,94.8697,13.3365,139.0405,43.3022
2027-08-22,35.1233,0.0000,26.4205,6.1852,972.1584,90.3359,94.9207,11.6953,146.6126,40.4270
2027-08-23,33.8364,0.0000,35.4234,8.5009,981.2530,94.9935,94.0824,11.7093,152.9660,40.9254
2027-08-24,32.4775,0.0000,40.1019,8.4624,990.1029,99.1456,93.0064,10.0602,158.5896,37.4236
2027-08-25,33.5059,0.0082,35.6504,6.3857,999.1380,103.7429,93.0568,9.1248,164.7260,35.4146
2027-08-26,32.6720,0.6381,38.8995,7.9861,1008.0229,108.0029,91.3243,7.7457,170.3706,31.9959
2027-08-27,31.0052,0.4338,46.0118,8.8938,1016.6079,111.5812,91.3741,8.1658,175.1123,33.3261
2027-08-28,31.0244,1.6969,44.8751,7.5299,1025.1963,105.1121,86.4920,3.7932,167.3331,19.3698
2027-08-29,32.2297,0.3015,38.3466,9.2805,1034.0016,109.3544,91.0897,7.9962,172.9749,32.7847
2027-08-30,31.6275,0.0036,34.3719,9.7397,1042.6986,113.7885,92.1331,9.4888,178.7972,36.9390
2027-08-31,31.3004,0.2012,32.3263,8.3483,1051.3366,118.3151,92.5441,9.3740,184.6734,36.8487
2027-09-01,33.1968,0.1712,33.4358,6.4055,1059.0160,122.3796,92.6780,8.6614,189.8978,35.1360
2027-09-02,32.7641,0.1169,38.9582,5.9831,1066.6176,126.0598,92.7283,8.5390,194.6169,34.9315
2027-09-03,34.6742,0.0177,34.3254,5.1942,1074.5629,130.2427,92.7785,8.2643,199.9100,34.3073
2027-09-04,35.1965,0.0098,33.1192,5.8175,1082.6023,134.5646,93.0746,8.8894,205.3256,36.1139
2027-09-05,31.3478,0.1236,41.6849,10.1034,1089.9489,137.9334,92.4426,10.0955,209.5654,39.3292
2027-09-06,29.2251,0.3000,46.5350,6.5859,1096.9134,140.8199,91.3342,7.2281,213.2108,31.6113
2027-09-07,30.5367,0.1763,35.2994,9.1093,1104.1140,144.4642,91.8119,8.7839,217.7134,36.0506
2027-09-08,29.3276,0.0061,35.4779,12.1352,1111.0970,147.9595,91.8619,10.3034,222.0092,40.0707
2027-09-09,29.5078,0.0000,33.0743,9.1338,1118.1124,151.6065,92.1016,9.1626,226.4509,37.1874
2027-09-10,30.3171,0.0000,31.6616,9.2005,1125.2735,155.4289,92.5086,9.7365,231.0671,38.7487
2027-09-11,31.1716,0.0000,29.8080,9.1305,1132.5884,159.4618,93.0270,10.4347,235.8928,40.5838
2027-09-12,31.7963,0.0000,29.1466,8.0844,1140.0157,163.6115,93.2957,10.2780,240.8190,40.2415
2027-09-13,32.6514,0.0000,28.5748,7.0051,1147.5970,167.9034,93.5622,10.1024,245.8733,39.8431
2027-09-14,32.4911,0.0000,29.3553,9.0123,1155.1494,172.1282,93.6127,11.2565,250.8200,42.7613
2027-09-15,31.3175,0.0000,29.8008,13.5824,1162.4905,176.1798,93.6633,14.2716,255.5396,49.7428
2027-09-16,30.1013,0.0000,31.2107,12.7230,1169.6128,180.0010,93.7138,13.7632,259.9771,48.6586
2027-09-17,29.1818,0.0000,33.6592,10.4238,1176.5695,183.5776,93.5101,11.9148,264.1272,44.4424
2027-09-18,27.6099,0.0001,40.4779,12.7235,1183.2433,186.6200,92.1755,11.0945,267.6903,42.4831
2027-09-19,26.1307,0.1203,46.0624,12.3802,1189.6508,189.2349,90.9093,9.1108,270.7865,37.4137
2027-09-20,24.8545,1.8116,56.0564,8.3847,1195.8286,143.2521,81.0558,1.9466,220.4755,12.2110
2027-09-21,26.1714,1.6448,57.2941,6.7064,1202.2435,129.0321,79.8910,1.5765,203.4700,10.1759
2027-09-22,26.5582,1.1627,57.9172,5.1899,1208.7279,131.1043,81.6910,1.7842,206.2748,11.2894
2027-09-23,26.7049,1.3108,52.9748,7.0089,1215.2388,133.4322,82.9102,2.2725,209.3878,13.7147
2027-09-24,24.5771,7.6310,65.4965,10.9857,1053.8922,69.0165,63.1694,0.8471,118.6137,4.7327
2027-09-25,25.2630,3.9742,64.0172,9.8901,1008.0277,50.4265,66.5405,0.9197,89.6421,4.2221
2027-09-26,23.4158,4.1361,69.5469,11.7353,964.2443,36.9394,63.4803,0.8926,67.4216,3.2111
2027-09-27,25.1343,1.2991,59.4070,8.2368,970.4725,38.8353,76.8762,1.3068,70.6070,5.0706
2027-09-28,26.0495,1.1394,55.4694,5.3627,976.8654,40.9878,81.4918,1.7579,74.1930,6.9848
2027-09-29,26.1123,0.8075,55.9503,4.9732,983.2696,43.1219,84.2161,2.4337,77.7223,9.5823
2027-09-30,26.7293,0.3650,51.7041,7.6783,989.7849,45.5147,87.4649,4.3888,81.6436,15.7887
2027-10-01,26.3568,0.0228,49.7692,11.0123,995.2331,47.6045,88.3268,5.8737,85.0398,20.0389
2027-10-02,23.1291,1.7363,71.1328,13.2624,1000.1004,45.7715,77.5225,1.7678,82.1443,7.5132
2027-10-03,21.6211,6.6236,84.5533,13.4416,914.3139,27.6504,48.9254,0.2823,51.4138,0.4846
2027-10-04,21.6841,13.6378,85.7596,12.8613,760.4007,12.5836,35.2288,0.0245,24.1674,0.0251
2027-10-05,21.1524,10.6981,86.9676,11.8281,675.4553,6.4129,30.9677,0.0081,12.5284,0.0056
2027-10-06,23.1510,0.3660,64.6300,14.8964,680.3265,7.7126,68.2602,1.2538,15.0000,0.9527
2027-10-07,22.6881,0.0232,50.7913,15.9722,685.1143,9.4862,83.8541,4.0363,18.3377,6.1990
2027-10-08,22.2710,0.0103,42.4989,14.7226,689.8271,11.5224,88.1990,6.9526,22.1211,11.0791
2027-10-09,23.3035,0.0000,41.7293,14.2456,694.7257,13.6771,89.2283,7.8680,26.0710,13.3234
2027-10-10,23.6994,0.0057,45.4783,13.1186,699.6956,15.7258,89.2774,7.4862,29.7784,13.7325
2027-10-11,22.1372,0.0000,47.5445,13.6773,704.3843,17.5727,89.3265,7.7544,33.0821,14.9089
2027-10-12,20.8548,0.0000,46.5512,13.9589,708.8422,19.3507,89.3756,7.9209,36.2289,15.8874
2027-10-13,20.1666,0.0247,47.3645,15.1625,713.1762,21.0468,89.4151,8.4639,39.2014,17.3951
2027-10-14,18.5944,0.4382,58.8416,16.5299,717.2272,22.2750,87.6418,7.0313,41.3402,15.5587
2027-10-15,19.3999,1.5345,63.7801,13.1343,721.4232,22.6586,78.8748,1.9729,42.0180,5.2745
2027-10-16,20.8007,0.0136,51.3333,10.6738,725.8713,24.2736,85.2739,3.7472,44.8017,9.8543
2027-10-17,20.8867,0.1625,51.8270,7.2232,730.3349,25.8784,86.7252,3.8605,47.5451,10.4621
2027-10-18,20.2362,0.5273,62.1086,10.1131,734.6814,27.1034,86.0890,4.0818,49.6295,11.2296
2027-10-19,20.9316,1.0105,67.3002,13.3142,739.1531,28.1950,81.6203,2.6643,51.4806,7.9978
2027-10-20,21.2854,5.3660,67.0534,14.7999,705.7696,18.5867,64.1374,1.0726,34.8771,2.1954
2027-10-21,20.3111,4.5139,64.5499,10.8331,682.6350,13.1180,60.8434,0.7436,25.0334,0.7787
2027-10-22,20.1304,5.7268,69.5195,8.2405,650.8603,8.4320,53.2522,0.3573,16.3349,0.2857
2027-10-23,19.8369,3.4289,72.6722,3.5228,639.6501,6.2045,50.9231,0.2187,12.1153,0.1467
2027-10-24,21.3056,0.4497,64.5566,9.2487,644.1891,7.4078,73.2699,1.1221,14.4016,0.8322
2027-10-25,21.4127,0.2668,63.4013,15.1179,648.7474,8.6562,82.2725,3.1569,16.7536,4.5925
2027-10-26,20.4302,0.0846,65.7009,14.5635,653.1289,9.7752,84.1058,3.8879,18.8452,6.0794
2027-10-27,19.9104,0.0237,63.1362,15.7235,657.4167,10.9487,84.8805,4.5782,21.0222,7.5378
2027-10-28,18.5829,0.0456,63.0971,14.5752,661.4657,12.0493,84.9282,4.3491,23.0490,7.5900
2027-10-29,16.1702,0.1794,65.8046,11.4353,665.0803,12.9441,84.9759,3.7371,24.6871,6.8862
2027-10-30,16.1244,0.6169,59.7992,11.1913,668.6867,13.9933,84.1674,3.3075,26.5952,6.4330
2027-10-31,16.2293,0.3118,53.7837,9.2750,672.3120,15.2068,85.5353,3.6213,28.7859,7.3408
2027-11-01,17.0860,2.7765,59.5209,7.5184,675.0915,12.5124,69.3561,0.8952,23.9166,0.9099
2027-11-02,14.4901,1.4438,56.2506,15.4189,677.4037,13.4167,74.3451,1.6096,25.5674,2.8824
2027-11-03,13.2328,0.0915,47.9612,13.1897,679.4896,14.4056,82.7259,3.0312,27.3609,6.0286
2027-11-04,15.5336,2.3598,69.9047,9.5788,681.9896,12.2599,67.9002,0.9480,23.4652,0.9518
2027-11-05,15.2532,0.0186,52.6659,7.4602,684.4392,13.2862,79.5271,1.5783,25.3425,2.7895
2027-11-06,17.2770,0.0571,61.5554,7.5872,687.2531,14.2228,83.0779,2.3904,27.0463,4.7231
2027-11-07,18.8314,2.7607,74.7682,9.8538,690.3467,11.3948,65.7360,0.8916,21.8864,0.8559
2027-11-08,19.9729,1.9121,69.3181,10.3082,693.6458,10.6593,68.7002,1.0091,20.5298,0.9300
2027-11-09,20.0872,2.3323,71.5101,10.4318,696.9655,9.1163,66.5476,0.9454,17.6554,0.7929
2027-11-10,17.2109,11.2410,90.0516,13.1737,618.0909,4.3730,31.2616,0.0094,8.5941,0.0052
2027-11-11,16.3723,19.7389,92.4553,14.4765,501.0695,1.6862,17.1898,0.0001,3.3443,0.0000
2027-11-12,17.4297,4.8345,75.6683,9.9925,485.4491,0.8998,37.3513,0.0338,1.7913,0.0101
2027-11-13,17.5124,2.5556,68.9277,10.7301,488.3053,0.7704,54.1002,0.4405,1.5348,0.1271
2027-11-14,15.4241,0.0031,46.8035,12.4500,490.7857,1.9358,76.3821,1.5610,3.8338,0.6020
2027-11-15,15.4397,0.0008,50.3374,8.5425,493.2688,3.0248,83.2491,2.5642,5.9583,1.6753
2027-11-16,15.7344,0.0072,55.8878,8.2777,495.8050,4.0094,84.8908,3.1504,7.8599,2.8101
2027-11-17,14.8832,0.0653,61.7211,5.8053,498.1880,4.8205,84.9385,2.7996,9.4133,2.7215
2027-11-18,16.3589,0.0407,60.1877,5.7891,500.8366,5.7421,85.0382,2.8359,11.1641,3.1132
2027-11-19,16.5832,0.0802,65.8302,9.1525,503.5255,6.5431,85.0859,3.3818,12.6745,4.1434
2027-11-20,13.5371,0.0020,54.8737,11.7668,505.6662,7.4189,85.3900,4.0237,14.3128,5.3417
2027-11-21,12.9118,0.3334,59.5716,9.9491,507.6943,8.1699,85.4378,3.6959,15.7079,5.1864
2027-11-22,14.1003,6.0384,76.9479,12.0607,484.5504,4.6762,50.8438,0.3332,9.1322,0.1915
2027-11-23,15.7820,1.7009,72.0128,12.8023,487.0951,4.5126,61.5963,0.8569,8.8209,0.4836
2027-11-24,15.3920,0.0028,60.4987,8.5357,489.5697,5.3763,75.6884,1.2257,10.4653,0.7579
2027-11-25,14.8694,0.0043,56.0854,9.6250,491.9502,6.3061,82.1171,2.3485,12.2205,2.6079
2027-11-26,14.5630,0.0042,54.7912,5.3666,494.2755,7.2449,84.3502,2.5276,13.9776,3.1650
2027-11-27,15.0508,0.0451,63.0544,5.7979,496.6887,8.0360,84.3977,2.5998,15.4472,3.5127
2027-11-28,15.5318,3.3285,80.3612,7.9733,489.1445,5.5309,57.4521,0.5123,10.7576,0.3216
2027-11-29,15.9582,7.8760,83.3049,8.2816,457.9665,2.7838,36.1480,0.0239,5.4843,0.0107
2027-11-30,16.7924,0.0126,64.3099,8.6213,460.6931,3.6304,62.6766,0.7342,7.1206,0.3718
2027-12-01,16.3613,0.0070,63.3025,9.1226,463.3421,4.3586,76.0928,1.2950,8.5170,0.7176
2027-12-02,15.7551,0.0168,60.3345,7.8555,465.8821,5.1184,81.6914,2.0407,9.9631,1.7685
2027-12-03,15.1435,0.0483,67.1454,10.6982,468.3119,5.7249,82.9458,2.7492,11.1102,2.9854
2027-12-04,14.7990,0.2095,64.9096,8.9402,470.6797,6.3589,83.6222,2.7466,12.3022,3.2007
2027-12-05,12.6582,0.0002,46.5897,16.0889,472.6622,7.1939,85.8759,5.3534,13.8604,6.8928
2027-12-06,10.4914,0.0000,42.9207,11.7770,474.2546,7.9458,86.6960,4.8361,15.2527,6.6117
2027-12-07,13.1455,0.0000,45.6296,7.1356,476.3248,8.8260,86.9359,3.9602,16.8704,5.7944
2027-12-08,11.5122,0.0000,64.0599,6.5915,478.1010,9.3411,85.7796,3.2729,17.8121,4.9558
2027-12-09,13.1064,0.0015,65.4762,7.9102,480.1642,9.8984,85.3710,3.3043,18.8266,5.1811
2027-12-10,10.6344,0.0581,72.0917,8.1441,481.7823,10.2706,84.1632,2.8352,19.5018,4.5278
2027-12-11,9.1422,0.0204,69.9957,9.9124,483.1319,10.6198,83.8939,2.9900,20.1333,4.8856
2027-12-12,9.0119,0.0298,69.4825,8.5563,484.4581,10.9705,83.8553,2.7782,20.7654,4.6206
2027-12-13,10.6118,0.0820,73.7715,6.2953,486.0722,11.3196,83.4603,2.3534,21.3936,3.9447
2027-12-14,13.8503,11.0120,87.2672,12.2010,439.1857,5.5052,35.5386,0.0254,10.6758,0.0159
2027-12-15,13.8333,13.1204,91.8658,11.1754,388.2901,2.3156,18.1424,0.0001,4.5632,0.0000
2027-12-16,14.0631,4.6186,82.4612,12.2953,377.4215,1.0110,30.8936,0.0082,2.0086,0.0025
2027-12-17,13.0278,0.3598,64.0617,10.8387,379.4705,1.5880,57.6679,0.6016,3.1432,0.2154
2027-12-18,12.7326,0.1477,62.0998,8.3671,381.4664,2.1838,72.3006,1.0322,4.3059,0.4170
2027-12-19,13.9054,0.4686,60.3434,13.0013,383.6734,2.8600,80.2634,2.2511,5.6154,1.1306
2027-12-20,8.5119,0.2317,63.1210,12.5681,384.9095,3.2628,82.0374,2.6976,6.3903,1.9401
2027-12-21,9.8503,2.1553,75.8147,15.9850,386.3866,2.3486,66.1151,1.2315,4.6269,0.5125
2027-12-22,9.0040,0.1415,68.7342,14.8303,387.7113,2.7076,74.9393,1.6118,5.3223,0.7126
2027-12-23,7.9450,0.4616,74.2559,10.5799,388.8454,2.9722,77.9460,1.5983,5.8330,0.7364
2027-12-24,8.1928,0.3060,72.6601,10.3909,390.0241,3.2609,79.7566,1.8722,6.3883,0.8998
2027-12-25,9.7074,0.0022,60.8169,9.7273,391.4754,3.7422,82.1554,2.3716,7.3096,1.7371
2027-12-26,12.5587,0.0013,57.7175,6.1890,393.4400,4.3985,83.7865,2.4434,8.5577,2.0875
2027-12-27,11.9301,0.5534,76.8627,4.5548,395.2914,4.7411,82.5598,1.9212,9.2061,1.4404
2027-12-28,12.6788,0.9250,72.4181,7.6058,397.2776,5.1729,77.8990,1.3705,10.0197,0.8276
2027-12-29,11.6378,11.0698,86.1878,11.4091,359.0650,2.2586,33.7102,0.0159,4.4474,0.0065
2027-12-30,13.8645,4.5286,87.1798,10.2844,349.4202,0.8980,30.8699,0.0073,1.7846,0.0022
2027-12-31,14.1353,8.4456,89.0709,8.7794,325.4797,0.1892,22.1136,0.0004,0.3779,0.0001
2028-01-01,15.4481,0.8499,70.0365,8.5566,327.9643,0.7996,48.7766,0.2165,1.5896,0.0630
2028-01-02,13.2251,0.0576,66.4766,9.1862,330.0488,1.3909,67.0007,0.9020,2.7527,0.3085
2028-01-03,13.8898,0.0234,64.6104,5.9079,332.2530,2.0439,76.2352,1.1116,4.0259,0.4370
2028-01-04,13.9850,0.0872,69.4913,5.5513,334.4743,2.6105,79.8721,1.4845,5.1211,0.6452
2028-01-05,14.5268,0.1130,72.5545,6.5598,336.7931,3.1385,81.3328,1.8329,6.1341,0.8643
2028-01-06,14.6404,0.0963,68.2716,7.6664,339.1324,3.7533,82.5471,2.2438,7.3046,1.5600
2028-01-07,12.8827,0.0081,69.4891,5.6774,341.1553,4.2786,82.7508,2.0825,8.2970,1.5263
2028-01-08,12.6304,8.7037,83.5023,11.0167,316.5357,1.9305,39.8050,0.0583,3.8029,0.0224
2028-01-09,12.8752,4.7258,73.4829,11.9887,307.1999,0.9158,42.8119,0.1055,1.8181,0.0318
2028-01-10,12.0924,0.3056,62.7125,7.2667,309.0805,1.5214,63.1684,0.7023,3.0059,0.2476
2028-01-11,11.8280,0.0009,54.8232,9.8219,310.9135,2.2404,76.3081,1.3606,4.4016,0.5546
2028-01-12,12.6485,0.0415,60.7669,8.9041,312.8942,2.9045,81.1535,2.0206,5.6772,0.9195
2028-01-13,12.1889,2.3779,81.0624,12.8017,314.7922,1.9157,62.4016,0.8940,3.7739,0.3427
2028-01-14,14.2160,8.1796,83.8672,13.9853,293.8737,0.6399,38.2938,0.0502,1.2728,0.0139
2028-01-15,12.6668,22.6929,93.7312,16.1006,229.5785,0.1062,14.6957,0.0000,0.2122,0.0000
2028-01-16,11.8439,22.8330,92.0056,12.7648,173.9568,0.1274,12.8105,0.0000,0.2543,0.0000
2028-01-17,11.7773,0.5037,74.6937,8.7067,175.7807,0.5286,37.0021,0.0294,1.0493,0.0078
2028-01-18,11.7305,0.0050,54.1401,9.4352,177.5962,1.2530,62.7899,0.7693,2.4625,0.2537
2028-01-19,12.7450,0.0194,60.8777,10.3086,179.5943,1.9198,75.4608,1.3220,3.7396,0.5050
2028-01-20,11.8623,2.5956,80.4537,7.1043,181.4335,1.0589,56.9826,0.4727,2.0874,0.1482
2028-01-21,10.6153,29.3834,88.6926,22.3878,117.1585,0.1631,24.8630,0.0023,0.3250,0.0005
2028-01-22,7.3318,21.0482,87.4770,31.5113,77.5732,0.1300,21.8414,0.0013,0.2589,0.0003
2028-01-23,5.5937,0.3495,80.6116,22.4257,78.2841,0.2898,42.1341,0.1588,0.5742,0.0381
2028-01-24,6.3557,0.2514,80.4768,19.8805,79.1321,0.4690,57.1807,0.9140,0.9242,0.2365
2028-01-25,6.5180,0.1458,77.9522,19.5232,80.0094,0.6757,67.7322,1.5561,1.3235,0.4334
2028-01-26,6.8335,0.0579,75.8298,11.3924,80.9434,0.9118,73.5214,1.2639,1.7737,0.3786
2028-01-27,7.0145,0.1614,76.9451,8.9698,81.9100,1.1421,76.5246,1.3227,2.2073,0.4217
2028-01-28,7.9479,0.3747,78.1691,9.6164,83.0446,1.3853,78.2341,1.5602,2.6597,0.5275
2028-01-29,8.6989,0.3310,80.2129,9.2606,84.3144,1.6240,79.0060,1.6431,3.0988,0.5854
2028-01-30,10.1634,0.0062,58.7717,8.0700,85.8478,2.1957,82.0596,2.1563,4.1274,0.8562
2028-01-31,11.2060,0.0260,59.9264,7.1748,87.5689,2.8028,83.3664,2.4302,5.1903,1.2950
2028-02-01,10.3663,0.0279,52.4778,15.1583,89.1388,3.5768,84.7248,4.3559,6.5014,3.7158
2028-02-02,7.6848,0.0031,42.6879,10.9270,90.2261,4.2920,85.9524,4.1718,7.6717,3.8767
2028-02-03,10.7006,0.0008,43.9195,9.1616,91.8562,5.2321,86.6084,4.1867,9.1598,4.3004
2028-02-04,12.0817,0.0015,50.9157,5.6518,93.7349,6.1512,86.6567,3.5321,10.5685,3.8844
2028-02-05,12.4982,0.0038,53.1405,4.7047,95.6886,7.0563,86.7049,3.3906,11.9158,3.9980
2028-02-06,11.4247,0.0000,59.1026,7.1381,97.4490,7.7839,86.2551,3.5966,12.9765,4.4909
2028-02-07,11.9985,0.0044,54.4779,6.8381,99.3127,8.6309,86.3032,3.5668,14.1808,4.6998
2028-02-08,12.9390,0.0391,57.3550,9.3641,101.3458,9.4814,86.3514,4.0786,15.3683,5.6442
2028-02-09,12.2411,0.0444,54.6880,11.8278,103.2532,10.3401,86.3995,4.6492,16.5394,6.6700
2028-02-10,11.4861,0.0000,48.1213,7.2469,105.0247,11.2676,86.4477,3.7161,17.7692,5.6178
2028-02-11,12.2878,0.0600,49.7632,4.6206,106.9405,12.2230,86.4959,3.2777,19.0131,5.1710
2028-02-12,12.5796,0.5751,61.7778,5.9998,108.9088,12.9657,84.6817,2.7296,19.9837,4.4210
2028-02-13,12.7949,0.4056,63.8059,10.0813,110.9159,13.6801,84.7293,3.3747,20.9121,5.6488
2028-02-14,11.2860,0.0713,57.9726,12.2789,112.6513,14.4195,84.7770,3.7945,21.8477,6.4902
2028-02-15,8.5729,0.3044,56.1429,19.7077,113.8985,15.0221,84.8246,5.5534,22.5943,9.2913
2028-02-16,6.0934,0.5672,76.0221,23.8799,114.6993,15.2671,82.4230,5.0014,22.9105,8.5569
2028-02-17,6.7607,0.2803,75.6525,18.8927,115.6202,15.5390,82.3231,3.8422,23.2621,6.8173
2028-02-18,9.3622,0.0213,58.3917,16.4142,117.0094,16.1574,83.5624,3.9714,24.0220,7.1631
2028-02-19,8.2717,0.0123,67.6850,10.9111,118.2023,16.5876,83.6096,3.0284,24.5591,5.6226
2028-02-20,10.3890,0.0576,63.2417,8.2437,119.7763,17.1875,83.6569,2.6640,25.2991,5.0454
2028-02-21,13.5694,0.1123,63.9951,8.8159,121.9228,17.9377,83.8695,2.8201,26.2284,5.4693
2028-02-22,14.5992,0.0108,63.0275,7.7950,124.2547,18.7622,84.1557,2.7829,27.2411,5.5331
2028-02-23,15.3230,0.8135,74.7276,13.5509,126.7168,19.3518,80.1140,2.2780,28.0097,4.6021
2028-02-24,17.2878,0.6077,62.1149,15.9415,129.5326,20.3414,82.8182,3.5230,29.2137,7.2242
2028-02-25,14.4270,0.0035,46.4365,8.4924,131.8335,21.5228,85.7431,3.5836,30.5690,7.5411
2028-02-26,15.2144,0.0022,50.2393,9.8347,134.2761,22.6760,86.3330,4.1657,31.8888,8.8278
2028-02-27,16.1991,0.0132,60.7870,12.6728,136.8959,23.6396,86.3812,4.8389,33.0229,10.2253
2028-02-28,16.3204,2.3607,70.3446,15.0758,139.5376,20.5465,70.6986,1.3679,30.0361,2.6809
2028-02-29,15.5886,1.2792,55.7837,12.3136,142.0476,21.5947,75.7944,1.4924,31.2953,3.1043
2028-03-01,14.8568,0.1977,41.2228,9.5514,144.4258,23.1934,84.3774,3.1325,33.0985,7.0087
2028-03-02,13.5635,2.1676,61.1438,16.2951,146.5712,20.9825,72.6252,1.5586,30.9045,3.2393
2028-03-03,14.0123,14.2969,80.0401,13.9755,119.7847,9.8310,38.7605,0.0551,16.3146,0.0441
2028-03-04,12.2961,6.7322,75.9319,15.9045,110.3964,5.6382,39.3117,0.0678,9.9996,0.0409
2028-03-05,10.6178,0.0162,57.7170,15.9881,112.0116,6.4827,64.6486,1.1636,11.3266,0.7517
2028-03-06,8.0248,0.0176,60.3251,8.2283,113.1601,7.0998,74.4045,1.1237,12.2744,0.7596
2028-03-07,11.1225,0.5999,63.3036,5.7412,114.8661,7.8644,78.3358,1.2948,13.4300,0.9218
2028-03-08,12.9309,2.8792,72.7271,5.3514,113.9710,5.9435,58.8639,0.4974,10.5159,0.3084
2028-03-09,14.9390,0.3676,57.5146,9.1639,116.3640,7.1050,75.0627,1.2197,12.3282,0.8266
2028-03-10,11.6191,10.4769,65.3006,21.5254,99.0691,3.8707,50.5980,0.5215,7.0525,0.2628
2028-03-11,11.3987,0.7601,52.4566,21.2610,100.8248,4.8836,71.7347,1.9358,8.7123,1.3691
2028-03-12,14.6038,0.0005,42.2776,9.4035,103.1575,6.4288,82.7612,2.5159,11.1244,2.6645
2028-03-13,17.8498,0.0000,50.0507,5.5106,106.0745,8.0422,85.6941,3.0626,13.5216,3.8706
2028-03-14,19.1780,0.0012,53.2756,6.6144,109.2305,9.6573,86.4154,3.5831,15.8183,5.0481
2028-03-15,16.6409,0.0941,64.1228,10.5615,111.9299,10.7423,86.0925,4.1771,17.3272,6.1949
2028-03-16,12.9534,12.9278,75.3173,16.8485,90.0592,5.4274,45.2733,0.2005,9.4335,0.1172
2028-03-17,8.3619,13.8005,78.2755,24.3701,66.9147,2.4723,34.1141,0.0337,4.5265,0.0139
2028-03-18,12.4171,0.1565,42.8850,18.4160,68.8537,3.7883,67.8093,1.4754,6.6605,0.7233
2028-03-19,15.4226,0.0000,46.8993,10.3920,71.3338,5.2839,81.0425,2.1505,8.9166,1.7474
2028-03-20,18.0860,0.0000,52.4238,5.9259,74.2933,6.8398,84.8806,2.7944,11.1202,3.0487
2028-03-21,19.2902,0.0000,51.3129,5.4479,77.4695,8.5320,86.4138,3.3778,13.3801,4.2805
2028-03-22,18.0693,0.0283,53.6776,10.3903,80.4260,10.0457,86.4620,4.3627,15.3104,6.0112
2028-03-23,16.1726,2.1381,60.9564,11.9063,83.0410,9.2431,73.7776,1.3122,14.4619,0.9756
2028-03-24,13.6983,0.1514,49.3236,11.0074,85.2107,10.5214,82.2632,2.5634,16.0794,3.5539
2028-03-25,12.8262,3.6776,66.4095,9.7719,82.9051,7.5563,60.1668,0.6768,12.3080,0.4582
2028-03-26,12.9206,5.8001,77.6180,12.8451,76.4423,4.4092,44.5375,0.1462,7.7071,0.0770
2028-03-27,8.9341,0.0387,46.3166,15.4624,77.7544,5.3274,68.7668,1.3111,9.0967,0.7520
2028-03-28,9.9712,0.1287,45.3113,10.2331,79.2533,6.3595,79.6976,1.8463,10.5939,1.5566
2028-03-29,8.3271,4.3372,73.8321,6.9893,74.9035,3.8543,49.6638,0.2239,6.8299,0.1111
2028-03-30,11.0529,1.8523,63.4379,7.7409,76.5970,3.6375,57.6802,0.5152,6.5030,0.2497
2028-03-31,11.4617,5.2148,67.4191,8.3834,71.1390,2.1858,46.5315,0.1578,4.0598,0.0622
2028-04-01,9.4632,10.9181,84.1500,14.5408,55.8794,0.8536,28.6360,0.0049,1.6444,0.0014
2028-04-02,12.7014,0.1340,52.4536,12.8560,59.1197,2.4445,60.5785,0.8106,4.4309,0.3313
2028-04-03,14.3119,0.6575,53.2619,10.1750,62.6498,4.1908,75.5755,1.3221,7.1807,0.6723
2028-04-04,16.6987,1.1686,58.4987,13.0045,66.6096,5.9816,78.0324,1.8191,9.7698,1.3637
2028-04-05,15.1697,0.0000,37.6185,10.9936,70.2942,8.4421,85.8373,4.1188,12.9854,5.1660
2028-04-06,16.3186,0.1779,50.5499,10.0634,74.1855,10.5303,86.4616,4.2912,15.5444,5.9685
2028-04-07,16.9005,0.6066,64.8720,14.1378,78.1816,12.0632,84.2030,3.8553,17.4105,5.7520
2028-04-08,14.0873,0.6364,51.5403,17.3839,81.6713,13.8474,84.7068,4.8609,19.4503,7.6114
2028-04-09,10.2429,14.4073,70.0269,21.6749,59.4620,7.0229,46.4206,0.3034,10.8439,0.1913
2028-04-10,10.5890,0.9140,61.4350,20.7236,62.3220,8.1157,66.2526,1.5714,12.2450,1.2891
2028-04-11,14.3234,0.0852,48.8969,11.7602,65.8543,10.0265,79.9184,2.0395,14.5246,2.4660
2028-04-12,17.9671,0.0408,55.5383,7.6401,70.0423,12.0818,84.1693,2.7663,16.8830,4.0052
2028-04-13,20.0084,0.1763,57.9163,6.4323,74.5978,14.2353,85.4828,3.1151,19.2751,4.9541
2028-04-14,19.0813,0.0387,59.5651,7.2265,78.9865,16.2137,85.5847,3.2886,21.4299,5.5923
2028-04-15,18.1638,0.9655,68.0819,11.1422,83.2100,17.7043,80.8433,2.1838,23.1139,3.8357
2028-04-16,18.1006,0.5355,66.7623,10.8869,87.4221,19.2514,82.8231,2.7325,24.8321,5.1132
2028-04-17,16.0816,0.5704,73.8029,11.7467,91.2707,20.3426,82.0208,2.5830,26.1271,4.9959
2028-04-18,17.1759,0.7743,65.1002,13.3060,95.3164,21.8889,81.6093,2.6598,27.8112,5.3634
2028-04-19,16.0521,1.5295,68.4237,9.7935,99.1598,22.4898,74.2941,1.2092,28.7041,2.1561
2028-04-20,14.2740,3.7162,73.2555,8.5308,98.1326,16.8609,55.6615,0.4550,23.5892,0.4584
2028-04-21,13.5380,2.6504,62.2614,11.6852,101.5234,14.5145,59.9556,0.7355,21.3854,0.6957
2028-04-22,15.0960,0.2613,52.1380,7.7931,105.1947,16.3937,76.3610,1.2327,23.5948,1.8029
2028-04-23,14.9074,4.0981,63.9165,14.4392,103.4112,12.1939,61.6433,0.9329,18.8353,0.8145
2028-04-24,15.0932,7.6289,68.6165,14.8052,94.3815,7.5202,50.0043,0.3462,12.5420,0.2369
2028-04-25,16.0619,2.4352,57.1456,7.4438,98.2267,7.2152,60.6387,0.6194,12.1915,0.4171
2028-04-26,14.6285,6.0487,68.0975,10.2493,92.4858,4.8313,49.3120,0.2525,8.5464,0.1402
2028-04-27,11.2780,3.6000,78.9428,14.1814,91.2308,3.2118,45.7513,0.1884,5.9040,0.0873
2028-04-28,11.5134,1.1921,69.5363,10.9261,94.2572,4.1433,59.5423,0.6894,7.4662,0.3574
2028-04-29,11.6722,3.2569,70.6688,8.1286,93.7570,3.0991,52.1796,0.3175,5.7251,0.1450
2028-04-30,12.9010,1.7482,67.7126,9.6093,97.0332,3.4208,60.1869,0.6721,6.2875,0.3206
2028-05-01,14.5093,0.5508,62.6228,6.8903,102.0488,4.9568,73.4006,1.0021,8.8401,0.5661
2028-05-02,18.0482,0.2901,53.4412,9.3236,107.7015,7.3039,82.5424,2.4378,12.4902,2.7857
2028-05-03,17.3620,4.7123,61.8908,15.3431,106.4822,5.8218,64.3442,1.1122,10.2435,0.6797
2028-05-04,16.9420,0.0000,39.5171,8.2987,111.9357,8.6947,81.4396,2.0258,14.5616,2.4482
2028-05-05,19.9715,0.0000,47.0592,8.3083,117.9346,11.6315,86.2705,3.8234,18.6616,5.9477
2028-05-06,21.3804,0.0012,49.2649,7.2396,124.1871,14.6342,87.3959,4.2507,22.6080,7.3522
2028-05-07,19.7370,0.3872,55.7333,9.6546,130.1437,17.0625,87.4444,4.8342,25.7011,8.8647
2028-05-08,16.0093,31.0051,81.0153,15.2387,73.7612,7.5198,38.9482,0.0610,11.9850,0.0407
2028-05-09,16.6173,8.9961,88.8895,10.8404,64.7504,3.9629,26.5353,0.0022,6.8740,0.0011
2028-05-10,18.8130,2.7083,77.6245,6.9501,70.5407,3.4510,42.3029,0.0750,6.1498,0.0354
2028-05-11,23.1359,0.0165,57.0894,5.3140,77.1092,6.1889,71.2216,0.8513,10.3092,0.5221
2028-05-12,22.7173,2.6714,59.3755,10.6786,83.6023,6.6390,72.0437,1.1486,11.0786,0.7329
2028-05-13,16.3066,10.0077,73.8558,16.3944,72.2249,4.0912,48.8841,0.3259,7.1675,0.1655
2028-05-14,15.6304,9.9080,80.6196,11.6115,61.3726,2.3607,36.2153,0.0287,4.3073,0.0116
2028-05-15,15.5507,7.9730,82.0492,13.0069,54.4879,1.3785,34.2577,0.0197,2.5930,0.0066
2028-05-16,19.6266,0.7836,57.4234,8.9869,60.4247,3.7017,65.4213,0.8433,6.4202,0.4063
2028-05-17,22.1538,0.0001,49.0095,8.1114,66.8163,6.8233,82.1596,2.1873,10.8712,2.1443
2028-05-18,23.9919,0.1799,51.4808,6.1733,73.5389,10.0284,86.4724,3.5327,14.9575,4.8079
2028-05-19,24.6618,2.0083,55.1403,8.1488,80.3820,11.3641,79.3895,1.6120,16.7929,1.9754
2028-05-20,20.9478,5.8212,72.7105,10.2122,78.0757,7.8736,57.3102,0.5672,12.5765,0.3888
2028-05-21,24.6361,0.1341,56.4325,8.5802,84.9143,10.8255,79.3896,1.6474,16.4182,2.0012
2028-05-22,22.7453,4.7753,67.6053,7.2650,84.9095,8.3816,61.9505,0.6607,13.4451,0.4707
2028-05-23,24.6674,1.4213,56.6504,8.5559,91.7536,11.3223,76.5261,1.2955,17.3058,1.3305
2028-05-24,25.3550,0.0186,51.0455,13.0902,98.7215,14.7318,86.0926,4.7448,21.4583,7.8739
2028-05-25,24.1438,0.0236,59.0624,13.1197,105.4714,17.4524,86.4373,4.9885,24.6908,8.9042
2028-05-26,24.1544,0.0630,60.4332,6.4357,112.2232,20.0831,86.4855,3.5864,27.7507,7.1169
2028-05-27,24.5414,1.0161,56.3805,8.9890,119.0446,23.0276,84.1859,2.9675,31.0431,6.4016
2028-05-28,25.6035,0.0000,47.2283,8.3065,126.0573,26.7376,87.9657,4.8664,34.9450,10.6077
2028-05-29,26.8465,0.0236,47.6409,6.6247,133.2936,30.5898,88.7727,5.0198,38.8755,11.5536
2028-05-30,27.3423,0.1802,47.8173,5.9299,140.6192,34.4972,88.9605,4.9795,42.7658,12.1109
2028-05-31,28.6233,0.0000,45.3117,5.4153,148.1754,38.7766,89.5484,5.2792,46.8816,13.3530
2028-06-01,29.1898,0.1681,40.5429,5.6040,156.8336,43.5179,90.4763,6.0872,51.3881,15.6732
2028-06-02,30.3644,0.1883,42.3983,7.3094,165.7032,48.2893,90.5258,6.6806,55.8726,17.5806
2028-06-03,31.0981,0.0000,38.9700,6.8973,174.7049,53.4627,91.1714,7.1743,60.5795,19.3413
2028-06-04,29.0002,1.2014,46.9531,10.9659,183.3289,57.6663,87.3375,5.0861,64.5623,15.4969
2028-06-05,27.0828,0.8131,51.0683,6.5639,191.6078,61.2968,86.6939,3.7178,68.1163,12.5217
2028-06-06,28.8078,1.8608,45.6476,5.7210,200.1972,60.4742,83.7106,2.3627,68.9093,8.6607
2028-06-07,30.0548,0.0000,39.9587,5.8834,209.0111,65.3988,89.8938,5.6797,73.3894,18.0599
2028-06-08,31.6820,0.0062,37.8952,7.8142,218.1178,70.7587,91.3877,7.7484,78.1426,23.3610
2028-06-09,31.2409,0.0000,38.6519,13.0255,227.1452,75.9821,91.4376,10.1468,82.7569,28.9842
2028-06-10,30.8067,0.0000,38.7547,10.3852,236.0944,81.1266,91.4874,8.9459,87.2776,27.3236
2028-06-11,30.6632,0.0002,37.1450,12.0716,245.0178,86.3827,91.5372,9.8084,91.8285,29.8420
2028-06-12,29.3837,0.0043,40.2836,10.7660,253.7108,91.1751,91.5871,9.2492,96.0539,29.3153
2028-06-13,29.4679,0.0560,39.0610,7.0677,262.4191,96.0792,91.6370,7.7311,100.3269,26.4814
2028-06-14,29.9000,0.2539,41.1653,7.8189,271.2051,100.8808,91.6869,8.0864,104.5434,27.8480
2028-06-15,32.8833,0.2101,36.1614,6.1386,280.5281,106.5922,92.0599,7.8327,109.3296,27.8089
2028-06-16,34.6041,0.4026,30.7162,10.2857,290.1608,113.1047,93.3933,11.6410,114.5654,36.9837
2028-06-17,33.0266,0.3408,42.1285,5.9931,299.5096,118.3041,92.6806,8.4863,119.0492,30.4524
2028-06-18,29.2562,0.8623,53.7243,9.5239,308.1797,122.0023,87.5176,4.8530,122.6338,20.8951
2028-06-19,27.7456,3.4104,54.2105,7.1779,309.9944,85.0863,76.3510,1.1943,100.9212,5.9994
2028-06-20,29.4788,1.7382,40.8321,8.3887,318.7046,83.3303,84.9355,3.1875,100.7826,13.8948
2028-06-21,29.7935,0.7529,38.9355,6.9741,327.4714,88.2968,89.4079,5.5966,105.4870,21.6232
2028-06-22,30.9131,0.3938,36.1657,7.6859,336.4397,93.6768,91.5071,7.8300,110.4621,27.9303
2028-06-23,30.2454,0.7340,39.8197,7.5495,345.2879,98.6430,90.2645,6.5138,115.0887,25.0457
2028-06-24,30.8405,0.0000,40.9190,9.0057,354.2432,103.6110,90.7807,7.5465,119.6975,28.1829
2028-06-25,30.5495,1.3697,45.3579,6.9811,363.1461,108.1639,87.0977,4.0210,123.9963,18.3078
2028-06-26,28.2684,3.6798,54.1559,7.7576,363.0250,76.7239,76.3202,1.2272,100.4000,6.1360
2028-06-27,26.6944,7.7576,62.9418,11.2762,346.7809,45.9608,65.9368,0.9650,69.0445,3.5944
2028-06-28,27.2899,1.7075,54.9953,10.2514,355.0971,46.7406,79.0398,1.7327,70.3359,6.6468
2028-06-29,30.2050,0.0088,42.2585,5.9576,363.9380,51.4994,88.8217,4.8881,76.0833,16.4724
2028-06-30,31.9314,0.0000,38.8566,6.9679,373.0896,56.8165,91.1384,7.1661,82.3000,22.7054
2028-07-01,32.8599,1.2198,39.8766,7.6989,382.7084,61.6117,89.5123,5.8925,87.8616,20.4399
2028-07-02,31.4321,0.3397,38.9276,10.8263,392.0702,66.2779,91.1516,8.7204,93.1776,27.7460
2028-07-03,32.0646,0.0001,33.6240,8.3180,401.5458,71.4479,92.3398,9.0942,98.9014,29.3908
2028-07-04,32.7390,0.0000,30.5922,7.7311,411.1429,76.9639,93.1145,9.8441,104.8563,31.8573
2028-07-05,34.3045,0.0000,29.1556,6.9145,421.0217,82.8546,93.7031,10.2555,111.0662,33.5801
2028-07-06,34.0483,0.0000,33.5570,7.8123,430.8544,88.3393,93.7537,10.8058,116.8060,35.4982
2028-07-07,33.4522,0.0000,39.6143,10.2906,440.5798,93.2395,93.1696,11.2858,121.9556,37.1500
2028-07-08,34.0051,0.0000,40.4229,10.5927,450.4047,98.1514,93.0511,11.2705,127.0736,37.6886
2028-07-09,36.9213,0.0000,33.1040,6.5029,460.7545,104.1249,93.3795,9.6023,133.0695,34.4791
2028-07-10,36.3645,0.0000,31.7596,14.1291,471.0041,110.1292,93.5655,14.4720,139.0042,45.6118
2028-07-11,34.7353,0.0000,25.9565,14.7283,480.9605,116.3608,94.4502,16.8607,145.0127,50.8433
2028-07-12,35.0315,0.0000,21.0397,11.7841,490.9701,123.0611,95.5486,16.8962,151.3088,51.4928
2028-07-13,35.5938,0.0000,25.8014,8.4203,501.0810,129.4554,95.5998,14.3615,157.3084,46.9470
2028-07-14,34.3296,0.2424,33.3173,7.2067,510.9644,135.0040,94.6164,11.8090,162.6030,41.7620
2028-07-15,36.0234,0.0000,28.3046,8.1994,521.1526,141.2548,94.6672,12.5019,168.4003,43.6431
2028-07-16,36.2865,0.0047,29.1609,6.8700,531.3881,147.4748,94.7181,11.7740,174.1329,42.2765
2028-07-17,36.8500,0.0000,28.5526,5.6835,541.7251,153.8428,94.7691,11.1686,179.9366,41.1086
2028-07-18,35.4999,1.0177,32.6114,9.2423,551.8191,159.6353,92.4664,9.6992,185.2753,37.6990
2028-07-19,29.9223,7.7931,56.6671,11.6618,522.1890,76.6684,73.9905,1.3091,112.1660,6.9862
2028-07-20,28.6561,6.3901,61.0348,13.1973,502.7781,48.6267,71.0490,1.2590,78.3171,5.2741
2028-07-21,31.7697,0.7384,43.2049,9.3073,512.2007,53.0111,87.7046,4.9303,84.2287,17.5324
2028-07-22,33.5565,0.1004,36.6726,8.6597,521.9448,58.1655,91.7480,8.5098,90.9831,26.9617
2028-07-23,32.5380,0.3715,45.2565,8.4350,531.5057,62.4903,91.7980,8.4737,96.5899,27.6913
2028-07-24,33.8299,0.5645,40.6949,8.1040,541.2991,67.3554,91.2782,7.7409,102.7478,26.8075
2028-07-25,35.2762,0.0218,35.0902,7.7015,551.3528,72.9007,92.6188,9.1692,109.5795,30.9774
2028-07-26,37.1511,0.0000,30.0090,6.7225,561.7440,79.1884,93.9831,10.5593,117.1060,34.9986
2028-07-27,38.3808,0.0000,25.7498,6.9254,572.3565,86.0731,95.1087,12.4565,125.1099,39.9928
2028-07-28,38.7052,0.0000,24.5476,6.7361,583.0275,93.1267,95.4570,12.9391,133.1025,41.8809
2028-07-29,38.7340,0.0242,24.7507,7.3386,593.7036,100.1665,95.5082,13.4312,140.9023,43.6749
2028-07-30,39.3266,0.0003,25.7619,8.6090,604.4864,107.2150,95.5594,14.4193,148.5575,46.3861
2028-07-31,37.2528,0.0000,26.8279,8.3316,614.8959,113.8059,95.6105,14.3185,155.6103,46.7352
2028-08-01,38.2265,0.0000,25.0415,10.5313,624.7806,119.8916,95.6618,16.1086,162.0447,50.8042
2028-08-02,36.6991,0.0000,27.4250,11.1580,634.3905,125.5550,95.7130,16.7415,167.9906,52.4366
2028-08-03,37.3920,0.0000,22.6724,9.3922,644.1250,131.6998,95.7642,15.4231,174.3032,50.1741
2028-08-04,38.9559,0.0000,19.8162,7.2836,654.1411,138.3305,96.4934,15.3044,180.9813,50.2601
2028-08-05,37.4523,0.0000,24.6147,8.5037,663.8865,144.3304,96.5449,16.3880,187.0164,52.7220
2028-08-06,36.3996,0.0000,25.7461,11.8175,673.4425,150.0789,96.3100,18.7635,192.7631,57.5683
2028-08-07,35.1909,0.0000,30.3977,11.5104,682.7808,155.2936,95.2974,16.1039,198.0019,52.5586
2028-08-08,34.5797,0.1035,30.3217,10.0726,692.0092,160.4260,95.0880,14.5559,203.1267,49.4934
2028-08-09,34.0898,0.0000,27.2296,10.3506,701.1493,165.7127,95.1390,14.8646,208.3308,50.2876
2028-08-10,35.0327,0.0000,23.0228,8.2747,710.4592,171.4547,95.1901,13.4821,213.8741,47.4193
2028-08-11,36.4321,0.0000,22.7918,6.9561,720.0210,177.4371,95.4450,13.0619,219.5891,46.5918
2028-08-12,36.4472,0.0000,23.7357,6.7951,729.5855,183.3487,95.4961,13.0470,225.2077,46.6550
2028-08-13,33.8638,0.0000,30.3184,13.7169,738.6850,188.3784,95.0008,17.2825,230.0740,55.7008
2028-08-14,32.4971,0.1943,31.1094,9.9493,747.5384,193.1566,94.6115,13.5501,234.7017,47.9247
2028-08-15,32.7221,1.5619,38.2816,7.2568,756.4324,167.4297,89.1735,5.4892,215.5720,26.2414
2028-08-16,34.4417,0.2188,32.0676,8.2645,765.6359,172.4142,92.8879,9.7963,220.6228,38.7602
2028-08-17,33.0798,0.5575,32.3997,11.9547,774.5943,177.1842,92.7703,11.6053,225.4451,43.3108
2028-08-18,33.6902,0.1582,32.1398,8.4079,783.6625,182.0582,93.0154,10.0452,230.3378,39.5324
2028-08-19,35.9776,0.0000,28.7658,7.1404,793.1425,187.5108,94.0508,10.8856,235.7088,41.7030
2028-08-20,37.6959,0.0000,25.5395,7.7524,802.9317,193.4745,95.0407,12.8663,241.4809,46.4647
2028-08-21,36.7000,0.0000,25.6743,8.7373,812.5417,199.2746,95.0918,13.6157,247.0672,48.2160
2028-08-22,34.4993,0.0000,28.5885,9.4814,821.7556,204.5229,95.1428,14.2350,252.1529,49.6325
2028-08-23,35.5890,0.0000,27.3191,6.9078,831.1656,210.0280,95.1939,12.5912,257.4303,45.9811
2028-08-24,35.3999,0.6755,32.4690,6.1891,840.5416,215.1166,93.0432,9.0177,262.3669,37.1192
2028-08-25,30.7109,0.5507,39.2834,16.8644,849.0736,219.1040,91.6987,12.7771,266.3674,46.4730
2028-08-26,30.9835,0.0000,31.9449,16.5423,857.6546,223.6117,92.5451,14.1679,270.7472,49.6265
2028-08-27,31.5658,0.0000,26.5723,15.9839,866.3405,228.5634,93.7415,16.2836,275.4497,54.1531
2028-08-28,31.9688,0.0000,22.0881,15.1880,875.0988,233.8824,94.7965,18.0980,280.4077,57.8285
2028-08-29,31.1330,0.0000,21.8639,12.6662,883.7068,239.0819,94.8474,16.0501,285.2392,53.7219
2028-08-30,31.1902,0.0000,21.6543,11.0241,892.3250,244.3045,94.8984,14.8792,290.0686,51.2689
2028-08-31,31.9238,0.0001,21.9770,8.3189,901.0753,249.6239,94.9494,13.0742,294.9639,47.2886
2028-09-01,31.8395,0.0000,26.6476,8.7339,908.5104,253.9256,95.0003,13.4440,298.9573,48.1408
2028-09-02,32.6873,0.0018,27.3108,8.7164,916.0981,258.2981,95.0514,13.5263,303.0091,48.3382
2028-09-03,31.4556,0.0000,32.8321,9.3625,923.4641,262.1912,94.1986,12.4270,306.6916,45.8273
2028-09-04,31.9228,0.1850,34.2300,8.7033,930.9142,266.0580,93.8940,11.5243,310.3609,43.6884
2028-09-05,30.1824,1.1059,42.8982,8.8417,938.0511,269.2382,88.8618,5.6853,313.5148,27.3858
2028-09-06,30.6139,0.0000,37.0171,9.9034,945.2656,272.7943,91.2737,8.4701,316.9309,35.7982
2028-09-07,29.9479,0.0005,40.0842,7.9965,952.3602,276.1063,91.3235,7.7488,320.1613,33.7586
2028-09-08,31.1223,0.0005,37.4861,6.2319,959.6662,279.6925,91.5175,7.2877,323.6022,32.4122
2028-09-09,31.8153,0.0197,33.8111,8.2228,967.0970,283.5713,92.2983,8.9978,327.2516,37.2606
2028-09-10,31.2167,0.0512,42.6768,7.7278,974.4200,286.8694,92.1647,8.6123,330.4946,36.2107
2028-09-11,30.8165,0.0007,40.1478,7.8479,981.6710,290.2704,92.2147,8.7260,333.7927,36.5276
2028-09-12,30.5541,0.0303,36.3115,7.0746,988.8747,293.8596,92.2648,8.4520,337.2049,35.7739
2028-09-13,30.8021,0.2462,38.3378,7.7679,996.1231,297.3618,92.3149,8.8146,340.5625,36.7772
2028-09-14,28.5166,1.5467,51.4797,10.0978,1002.9601,195.8531,85.1611,3.5838,263.2102,19.6769
2028-09-15,29.9378,0.0394,49.0766,5.7125,1010.0529,198.6671,88.5581,4.6488,266.3589,23.7102
2028-09-16,28.5982,1.5849,55.3737,8.4370,1016.9045,165.5158,83.4469,2.6171,235.2896,15.4722
2028-09-17,28.4002,1.4350,62.4729,6.8472,1023.7206,167.4867,81.1843,1.8281,237.7359,11.6922
2028-09-18,30.0868,0.2052,49.4158,5.9451,1030.8402,170.2953,87.8791,4.2672,241.0406,22.2003
2028-09-19,30.7468,0.2045,39.4060,6.6748,1038.0786,173.7309,90.7178,6.6502,244.9683,30.2173
2028-09-20,30.1338,0.2978,46.2511,13.1503,1045.2067,176.7198,90.7673,9.2814,248.4303,37.7291
2028-09-21,25.9578,0.0531,33.1286,16.3448,1051.5831,179.9411,91.4319,11.9844,252.0561,44.5177
2028-09-22,24.5812,0.0000,28.4312,10.1941,1057.7117,183.2134,92.1310,9.7056,255.6986,38.8979
2028-09-23,25.9786,0.0000,28.5531,7.5363,1064.0919,186.6578,92.4109,8.8310,259.5105,36.5974
2028-09-24,26.8118,0.0001,32.5628,6.4349,1070.6220,190.0090,92.4610,8.4134,263.2272,35.4721
2028-09-25,24.7086,5.5507,50.3747,7.2853,991.1480,87.6683,71.0142,0.9336,143.5858,5.7760
2028-09-26,24.4529,2.4481,55.4502,11.0432,997.2535,73.5908,75.5034,1.3753,124.2581,7.7267
2028-09-27,26.5868,0.0000,42.5212,7.7282,1003.7431,76.4241,87.3244,4.3125,128.4064,19.5476
2028-09-28,27.2943,0.0060,45.8914,8.1998,1010.3601,79.1594,89.0150,5.6268,132.3881,23.9168
2028-09-29,26.1059,3.4111,54.3866,8.8000,980.0758,60.5296,75.9996,1.2665,104.8675,6.5026
2028-09-30,22.5734,1.4961,59.5052,13.0313,985.8430,62.2363,78.8007,1.9493,107.5055,9.6725
2028-10-01,20.7973,2.1053,57.1931,9.6797,990.2906,56.2973,75.1129,1.2554,98.5836,6.1944
2028-10-02,21.5019,0.2393,38.4227,12.0861,994.8649,58.4061,86.8518,5.0219,101.8620,19.6585
2028-10-03,19.6814,2.0770,43.5671,15.3893,999.1116,53.6223,80.6878,2.6586,94.5574,11.6111
2028-10-04,18.9070,0.0424,37.7550,14.0807,1003.2188,55.5092,87.5979,6.1761,97.5277,22.3163
2028-10-05,21.0369,0.0003,36.8917,7.4934,1007.7094,57.6260,89.4458,5.7764,100.8362,21.6351
2028-10-06,22.7265,0.0001,38.1640,6.5642,1012.5042,59.8584,89.8826,5.8685,104.3013,22.2453
2028-10-07,23.2157,0.0000,43.4795,7.4202,1017.3870,61.9408,89.9319,6.1706,107.5169,23.3848
2028-10-08,23.6478,0.0000,45.1040,7.1504,1022.3476,63.9993,89.9813,6.1305,110.6775,23.5908
2028-10-09,24.6748,0.0029,42.2089,5.8354,1027.4931,66.2563,90.0306,5.7781,114.1160,22.9398
2028-10-10,24.9648,0.0088,42.1689,5.2105,1032.6908,68.5402,90.0800,5.6387,117.5721,22.8434
2028-10-11,24.9645,0.0130,42.1869,6.2424,1037.8884,70.8234,90.1294,5.9819,121.0041,24.1049
2028-10-12,24.8430,0.1112,40.2351,7.6435,1043.0641,73.1727,90.1788,6.4650,124.5091,25.7414
2028-10-13,25.0173,0.0145,38.8134,9.7596,1048.2712,75.5940,90.2423,7.2582,128.0948,28.1806
2028-10-14,24.9888,0.0033,41.5460,14.7528,1053.4732,77.9047,90.2917,9.4009,131.4985,33.8589
2028-10-15,23.3293,0.0007,44.1663,14.1861,1058.3765,79.9714,90.3412,9.2011,134.5299,33.6422
2028-10-16,20.9265,0.0000,40.2918,14.0496,1062.8473,81.9641,90.3907,9.2029,137.4322,33.8860
2028-10-17,20.3705,0.0075,47.5413,9.2499,1067.2179,83.6707,89.6710,6.5182,139.9174,27.0033
2028-10-18,20.6666,0.0132,53.6045,5.5610,1071.6419,85.2009,88.7618,4.7503,142.1481,21.7488
2028-10-19,21.0158,0.1470,55.0321,4.6164,1076.1288,86.7078,88.3907,4.2946,144.3404,20.3314
2028-10-20,21.5546,0.5437,54.2502,5.9008,1080.7126,88.2782,87.3168,3.9288,146.6155,19.1547
2028-10-21,22.4255,0.0982,51.4380,5.3336,1085.4532,90.0092,87.4965,3.9173,149.1073,19.2154
2028-10-22,21.9991,0.3846,53.6176,7.3103,1090.1170,91.6326,87.5450,4.3577,151.4408,20.8548
2028-10-23,19.1628,20.6631,81.2464,14.9134,780.2242,42.0390,43.2764,0.1322,74.0970,0.2958
2028-10-24,17.7228,39.9495,92.6639,16.1322,486.6537,14.4805,18.3279,0.0002,26.9558,0.0002
2028-10-25,18.3846,19.2368,85.2643,12.4962,403.2836,6.5842,26.1654,0.0021,12.6521,0.0014
2028-10-26,20.2509,0.9427,66.4110,6.5222,407.6328,7.6709,55.7491,0.4143,14.6524,0.3105
2028-10-27,20.0653,4.1787,73.8000,9.7757,400.1350,5.2423,54.0910,0.4194,10.1520,0.2551
2028-10-28,19.1740,8.0206,78.6427,12.4405,376.4465,2.8875,44.5420,0.1433,5.6664,0.0652
2028-10-29,18.3259,0.2799,57.0851,5.3996,380.4492,4.1507,68.8827,0.7926,8.0809,0.4275
2028-10-30,18.9368,8.1086,72.4893,11.1788,357.6636,2.4395,50.6997,0.3133,4.7972,0.1324
2028-10-31,17.9161,9.0987,88.8714,11.6649,332.4428,0.9335,30.7262,0.0076,1.8539,0.0023
2028-11-01,17.3114,10.8546,89.5392,15.0377,301.7315,0.2553,24.9407,0.0016,0.5096,0.0004
2028-11-02,17.3061,4.9800,79.4733,15.2742,292.7423,0.5009,39.7556,0.0715,0.9976,0.0188
2028-11-03,15.2403,0.9573,64.7885,16.5637,295.1896,1.2637,64.2343,1.1772,2.5007,0.3901
2028-11-04,10.4168,0.0278,52.6690,12.1236,296.7686,1.9864,76.9984,1.6038,3.9075,0.6231
2028-11-05,13.1780,0.0002,46.7998,10.9830,298.8446,2.9935,83.6241,3.0451,5.8407,2.1978
2028-11-06,10.4545,0.4315,61.3397,15.6351,300.4304,3.5857,83.8419,3.9619,6.9637,3.4601
2028-11-07,10.3340,0.0090,55.4914,15.2138,301.9945,4.2604,84.5449,4.2625,8.2306,4.1288
2028-11-08,11.3838,0.0039,52.6643,9.7792,303.7476,5.0439,85.1951,3.5433,9.6857,3.6958
2028-11-09,13.5509,0.0000,47.8667,6.7795,305.8908,6.0565,86.1990,3.5044,11.5418,4.0648
2028-11-10,15.0175,0.0000,44.0106,6.2589,308.2979,7.2530,87.1830,3.9247,13.7002,5.0774
2028-11-11,14.8327,0.0296,53.3715,6.2438,310.6718,8.2379,87.2314,3.9489,15.4515,5.4854
2028-11-12,13.7984,0.3463,59.0690,5.8443,312.8595,9.0464,86.6748,3.5757,16.8731,5.2402
2028-11-13,13.9716,1.2139,68.4638,8.4673,315.0784,9.6766,77.7471,1.4136,17.9732,1.6903
2028-11-14,14.1300,0.1899,57.1361,8.6393,317.3258,10.5421,82.4975,2.3420,19.4673,3.6682
2028-11-15,15.0449,0.1242,57.1040,8.7841,319.7379,11.4602,84.3999,3.0229,21.0356,5.0821
2028-11-16,17.2101,4.3039,68.2365,16.6938,312.5852,7.8121,63.7743,1.1613,14.7055,0.8720
2028-11-17,11.5910,0.1386,51.7858,11.5232,314.3756,8.6234,77.3174,1.5938,16.1399,1.8621
2028-11-18,10.1210,0.0577,50.5322,11.4909,315.9014,9.3593,82.5709,2.7289,17.4277,4.0309
2028-11-19,11.9896,0.2124,62.8261,9.3558,317.7635,10.0044,83.3985,2.7238,18.5488,4.1956
2028-11-20,13.8360,0.8594,70.1412,6.2692,319.9580,10.5957,79.3672,1.4631,19.5711,1.9686
2028-11-21,13.4619,18.1977,92.4012,12.5810,265.6584,4.6529,24.8870,0.0014,8.9155,0.0008
2028-11-22,14.3835,10.3700,83.5516,11.9912,240.8315,2.1376,27.1157,0.0027,4.1825,0.0011
2028-11-23,12.3526,5.2944,71.9179,13.4647,231.6837,1.0552,39.0296,0.0567,2.0867,0.0178
2028-11-24,11.1190,1.4849,66.0703,15.2055,233.3891,1.6049,57.0748,0.7162,3.1555,0.2568
2028-11-25,10.3833,0.0522,64.0600,10.4323,234.9621,2.1521,71.0525,1.0954,4.2078,0.4384
2028-11-26,13.7706,9.5200,67.9622,17.0790,214.3197,1.0781,49.9356,0.3849,2.1295,0.1214
2028-11-27,11.9385,2.1375,49.9535,16.3951,216.1726,1.1199,64.3808,1.1745,2.2112,0.3746
2028-11-28,11.6745,0.1163,54.8174,9.6938,217.9780,1.8852,76.7694,1.3956,3.6905,0.5304
2028-11-29,13.5910,0.9311,66.1523,11.1996,220.1284,2.5444,77.2811,1.5637,4.9459,0.6695
2028-11-30,13.9819,16.5548,86.9032,17.4450,181.9030,0.8584,33.8623,0.0224,1.6967,0.0066
2028-12-01,13.9798,11.7439,72.5268,15.1569,158.6551,0.4708,38.0099,0.0502,0.9347,0.0130
2028-12-02,11.7791,5.9397,70.2732,10.1348,149.9083,0.4351,39.6462,0.0541,0.8639,0.0138
2028-12-03,10.8609,1.1743,56.7874,13.3444,151.5672,1.0224,60.9493,0.8492,2.0110,0.2634
2028-12-04,9.5208,0.0309,56.1667,7.1100,152.9850,1.5515,73.4802,1.0168,3.0262,0.3593
2028-12-05,10.4280,2.3537,64.4626,7.1811,154.5660,1.0104,62.8637,0.6891,1.9884,0.2131
2028-12-06,10.4582,8.6547,77.5009,14.3461,139.3778,0.2955,39.6885,0.0674,0.5879,0.0162
2028-12-07,8.2932,16.5835,75.8709,12.8272,107.1619,0.2576,28.7605,0.0046,0.5121,0.0011
2028-12-08,8.1940,2.4987,62.8711,15.8116,108.3408,0.3921,46.7684,0.2374,0.7773,0.0596
2028-12-09,8.1203,3.3074,73.2269,11.2635,105.7173,0.2805,45.2443,0.1506,0.5574,0.0360
2028-12-10,7.4126,6.1176,84.9027,9.2872,97.1100,0.1460,29.2685,0.0045,0.2910,0.0010
2028-12-11,6.8005,2.6662,82.9499,17.5192,98.0381,0.1531,36.1858,0.0384,0.3050,0.0086
2028-12-12,5.9351,0.9584,78.2993,17.6702,98.8105,0.3266,50.5065,0.4248,0.6478,0.1037
2028-12-13,4.1691,0.1676,79.7417,10.5663,99.2649,0.4479,60.4269,0.7157,0.8858,0.1838
2028-12-14,5.6426,1.1083,63.0574,12.1198,99.9846,0.7309,66.4090,1.0243,1.4356,0.2908
2028-12-15,11.2766,18.7145,81.6971,20.4209,67.2015,0.2574,35.2260,0.0358,0.5100,0.0085
2028-12-16,10.5887,2.5932,61.6140,13.4435,68.8115,0.5099,50.9369,0.3611,1.0012,0.0948
2028-12-17,9.2613,6.0670,70.1990,9.0109,61.4740,0.3509,40.2712,0.0576,0.6919,0.0142
2028-12-18,6.9521,4.5782,80.0713,14.7936,56.6637,0.1824,36.0319,0.0323,0.3618,0.0074
2028-12-19,3.0664,0.1411,60.2289,13.6474,56.9196,0.3707,56.0142,0.6070,0.7294,0.1508
2028-12-20,2.2194,0.1061,58.0723,15.0153,57.0231,0.5288,69.0236,1.2924,1.0337,0.3416
2028-12-21,5.3917,1.4546,59.0575,12.8575,57.6977,0.8309,68.3474,1.1346,1.6040,0.3310
2028-12-22,10.5349,10.3717,81.3237,15.3669,42.9493,0.2469,37.2027,0.0429,0.4869,0.0101
2028-12-23,9.6367,1.0053,58.8396,10.8138,44.3879,0.7491,57.9552,0.6139,1.4376,0.1743
2028-12-24,10.7618,1.7489,75.2311,15.9555,46.0291,0.5264,60.7214,0.9557,1.0235,0.2521
2028-12-25,12.4405,0.7310,66.0142,7.7223,47.9723,1.0493,70.8470,0.9490,1.9898,0.2935
2028-12-26,11.6422,5.5095,87.7302,9.2645,42.5081,0.1777,38.2737,0.0394,0.3517,0.0089
2028-12-27,13.0989,1.5009,79.2870,8.7107,44.5699,0.3342,49.2683,0.2324,0.6561,0.0568
2028-12-28,13.4492,1.5299,77.0980,11.6303,46.6948,0.4141,57.6166,0.6237,0.8102,0.1577
2028-12-29,14.3447,1.1250,72.6295,14.9206,48.9808,0.8945,67.5280,1.2257,1.7108,0.3636
2028-12-30,12.9606,11.6246,84.7890,10.3665,32.7977,0.2430,32.7543,0.0120,0.4773,0.0028
2028-12-31,11.1709,0.0319,72.1081,13.8877,34.5125,0.6320,55.6933,0.5976,1.2086,0.1631
2029-01-01,7.8854,0.0471,58.2650,11.5387,35.6358,1.0937,70.6448,1.1426,2.0315,0.3554
2029-01-02,7.5533,0.0000,46.7199,9.5702,36.6994,1.6613,79.4530,1.7425,2.9847,0.6127
2029-01-03,11.1707,0.0732,59.2239,14.5380,38.4142,2.2772,82.6121,3.1982,3.9666,1.8232
2029-01-04,9.4996,0.0043,50.2979,9.8824,39.8281,2.9258,84.4900,3.2341,4.9437,2.1519
2029-01-05,10.6222,0.0004,51.8489,9.1453,41.4441,3.6207,85.1719,3.4209,5.9433,2.6216
2029-01-06,7.7522,0.0078,69.4315,8.3799,42.5435,3.9538,84.2007,2.8835,6.4168,2.1624
2029-01-07,6.3026,0.0647,72.3179,11.4723,43.3819,4.2061,83.3512,3.0118,6.7710,2.3934
2029-01-08,5.7695,0.1651,60.1630,16.1531,44.1244,4.5430,83.4041,3.8393,7.2260,3.4061
2029-01-09,5.6549,0.0186,58.6611,12.1121,44.8463,4.8868,83.5556,3.1946,7.6811,2.8187
2029-01-10,5.1618,0.2260,72.0858,11.1661,45.4795,5.1020,83.0535,2.8539,7.9690,2.4847
2029-01-11,5.6640,0.0962,70.2460,5.4422,46.2030,5.3497,83.1006,2.1518,8.2976,1.6309
2029-01-12,8.2050,6.6577,78.5306,10.9848,38.0892,2.6445,43.4730,0.1120,4.5067,0.0461
2029-01-13,10.9408,4.7945,83.6563,10.3781,33.9388,1.1442,34.9641,0.0203,2.1106,0.0064
2029-01-14,10.7533,0.7813,67.5499,6.8811,35.5784,1.6178,53.8961,0.3557,2.9053,0.1239
2029-01-15,10.4644,0.0787,64.8139,9.8412,37.1660,2.1187,69.0566,0.9968,3.7089,0.3796
2029-01-16,11.2436,0.2067,54.3901,12.0991,38.8939,2.8118,79.0538,1.9043,4.7628,0.8023
2029-01-17,10.2359,0.0000,52.7900,7.7927,40.4403,3.4707,82.7872,2.3274,5.7151,1.2944
2029-01-18,12.3460,0.0000,53.5553,7.8877,42.3666,4.2395,84.5259,2.9391,6.7823,2.3136
2029-01-19,13.0255,0.0000,61.8111,9.2946,44.4152,4.9036,84.5735,3.1755,7.6858,2.7980
2029-01-20,13.4347,0.0029,59.3528,8.9361,46.5374,5.6309,84.6997,3.1727,8.6463,3.0171
2029-01-21,12.4410,0.0000,54.5092,7.5258,48.4808,6.3893,85.1539,3.1450,9.6117,3.1970
2029-01-22,12.7109,0.0006,58.5936,7.7879,50.4728,7.0933,85.2017,3.2079,10.4981,3.4652
2029-01-23,10.4955,0.2966,71.6573,8.6097,52.0660,7.4979,84.1503,2.8974,11.0261,3.1692
2029-01-24,10.4382,0.0395,57.7925,8.7676,53.6488,8.0974,84.3975,3.0194,11.7581,3.4751
2029-01-25,11.9425,0.0000,51.0848,8.3050,55.5025,8.8828,85.3663,3.3685,12.6888,4.1285
2029-01-26,11.8054,0.0024,58.7055,7.0724,57.3315,9.5389,85.4142,3.1867,13.4735,4.0356
2029-01-27,10.0626,1.2305,77.5238,4.7111,58.8467,9.8478,73.9479,0.9204,13.8861,0.6682
2029-01-28,11.3574,3.7937,76.6677,9.9776,56.3333,6.5332,52.4157,0.3574,10.1295,0.2171
2029-01-29,12.1903,6.2979,80.1578,13.7942,49.3626,3.4805,39.7399,0.0662,5.9178,0.0307
2029-01-30,11.8486,11.7320,86.4814,14.7121,32.7727,1.3522,26.2077,0.0024,2.4516,0.0008
2029-01-31,10.0232,15.9901,87.7793,13.5141,9.4266,0.1673,19.0165,0.0002,0.3205,0.0000
2029-02-01,6.9039,3.0496,75.0348,23.4410,7.8396,0.2838,37.3486,0.0664,0.5206,0.0157
2029-02-02,6.6651,0.0392,55.8567,16.1762,8.7433,0.7708,61.1445,0.9904,1.2631,0.2730
2029-02-03,9.4559,0.0000,41.8203,10.1291,10.1494,1.6431,76.7262,1.4222,2.3394,0.4615
2029-02-04,12.0726,0.0186,42.7154,6.7076,12.0265,2.7150,83.4718,2.4065,3.4710,0.8936
2029-02-05,12.1586,4.9564,70.9209,13.4003,8.1913,1.4808,55.2259,0.5596,2.0397,0.1743
2029-02-06,10.2190,8.0010,79.8329,13.6495,1.5434,0.4174,36.6519,0.0350,0.4981,0.0082
2029-02-07,10.9254,0.0565,56.1127,14.8623,3.2140,1.1671,63.4694,1.0444,1.2235,0.2858
2029-02-08,15.0406,0.1622,65.4400,14.8671,5.6253,1.9595,76.4595,1.7725,2.0948,0.5563
2029-02-09,14.7743,0.0084,65.7673,12.9860,7.9887,2.7314,81.1926,2.4932,2.9453,0.8726
2029-02-10,15.2885,1.7399,70.3820,14.0614,10.4446,2.6847,72.6598,1.3946,3.2689,0.5065
2029-02-11,12.7033,10.6615,86.3094,11.5865,1.9906,0.9912,33.6297,0.0158,0.8908,0.0041
2029-02-12,11.1976,2.7437,73.5393,13.7847,3.7102,0.4975,45.4194,0.1757,0.7452,0.0438
2029-02-13,11.6100,0.0004,52.8321,9.8647,5.5040,1.3491,67.9331,0.9628,1.6730,0.2840
2029-02-14,13.4568,0.0050,59.2234,12.8025,7.6302,2.1923,78.5995,1.8919,2.5517,0.6311
2029-02-15,13.7569,0.0387,63.3126,14.2421,9.8104,2.9666,82.1967,2.9926,3.3788,1.4144
2029-02-16,15.1010,0.0085,61.4207,13.4255,12.2326,3.8544,83.8723,3.5587,4.3121,2.2786
2029-02-17,13.0791,0.0131,66.7840,12.0274,14.2908,4.5234,83.9196,3.3376,5.0504,2.2869
2029-02-18,15.0751,1.3082,61.1396,14.8082,16.7084,5.4163,78.5980,2.0929,5.9835,0.9756
2029-02-19,12.1767,0.7515,56.2149,11.3372,18.6042,6.2421,80.6608,2.1612,6.7893,1.3176
2029-02-20,10.4557,0.1824,48.1002,12.9185,20.1902,7.0940,84.2659,3.6564,7.5533,3.2991
2029-02-21,12.1575,0.1463,53.2546,9.5390,22.0826,7.9743,85.1154,3.4624,8.3817,3.2920
2029-02-22,13.2705,0.8191,66.8501,15.1200,24.1753,8.6510,81.3153,2.8158,9.1322,2.6847
2029-02-23,14.6230,2.5620,65.7676,14.3139,26.5114,7.0208,68.4834,1.2263,8.4484,0.6767
2029-02-24,14.2928,0.0534,54.0202,9.9787,28.7881,8.0262,79.6069,1.8062,9.4592,1.2781
2029-02-25,14.7030,0.0536,68.2131,13.1350,31.1386,8.7398,82.0196,2.7698,10.2719,2.8530
2029-02-26,17.7078,0.0955,55.9221,12.8709,34.0301,9.9174,84.9220,3.9878,11.4746,4.6505
2029-02-27,18.0618,0.0041,57.1459,11.8133,36.9852,11.0838,85.6102,4.1585,12.6730,5.1430
2029-02-28,16.8855,0.0063,64.3237,6.0714,39.7286,11.9953,85.6581,3.1346,13.6712,4.0003
2029-03-01,17.5787,0.1643,61.9726,12.0403,42.5967,13.2061,85.7060,4.2629,14.8795,5.7828
2029-03-02,18.4548,0.4120,57.0703,10.1765,45.6226,14.6371,85.8823,3.9777,16.2447,5.6906
2029-03-03,16.5341,0.0836,66.5649,19.1115,48.3027,15.6421,85.6064,6.0038,17.2880,8.5966
2029-03-04,16.1739,0.5307,69.8238,9.7982,50.9180,16.5306,84.8804,3.3964,18.2495,5.2235
2029-03-05,14.7212,3.1425,70.7538,9.5575,50.2910,12.8507,63.0462,0.7837,15.6829,0.6115
2029-03-06,11.8385,5.1959,71.8581,15.5517,45.3912,8.1408,50.0195,0.3601,11.2413,0.2316
2029-03-07,12.8005,1.0885,61.3911,11.9327,47.3993,9.0556,66.0182,1.0005,12.2570,0.6757
2029-03-08,11.7345,0.3409,57.6072,7.4962,49.2155,9.9830,76.6447,1.2383,13.2479,0.8746
2029-03-09,10.7148,0.4959,64.0725,7.6210,50.8481,10.7066,80.4077,1.7433,14.0286,1.8814
2029-03-10,10.6403,1.4536,68.8010,12.1669,52.4674,11.3310,72.8356,1.2766,14.7165,0.9590
2029-03-11,11.4195,0.0020,40.0407,9.1687,54.2269,12.6106,82.4733,2.3981,15.9488,3.2661
2029-03-12,12.5364,0.0245,50.8155,10.8957,56.1875,13.7538,84.8441,3.5717,17.0647,5.2707
2029-03-13,14.7146,0.0000,53.7538,14.7814,58.5401,15.0005,85.6020,4.8239,18.2865,7.3015
2029-03-14,15.1058,0.0235,62.8862,13.0645,60.9631,16.0258,85.6499,4.4537,19.3409,7.0089
2029-03-15,12.9050,3.3756,82.6021,12.2598,59.4937,11.7468,56.5733,0.5930,15.7294,0.4636
2029-03-16,13.2691,0.1044,47.2985,15.4910,61.5862,13.0377,76.6772,1.8569,17.0511,2.4756
2029-03-17,13.2726,0.0679,48.5515,7.3571,63.6792,14.2981,82.9827,2.3342,18.3153,3.4970
2029-03-18,9.4808,1.0868,73.9575,14.0534,65.0898,14.7678,76.0999,1.6610,18.8460,2.3069
2029-03-19,10.4998,0.3143,60.7530,14.7887,66.6837,15.5439,81.0047,2.6724,19.6417,4.2721
2029-03-20,8.5435,0.0589,62.1480,14.1921,67.9256,16.1661,82.4951,3.0973,20.2711,5.0864
2029-03-21,7.9302,0.0961,69.8524,18.3280,69.0570,16.6302,82.5420,3.8373,20.7612,6.3616
2029-03-22,8.2425,0.8702,80.8868,22.3537,70.2446,16.9345,77.0564,2.6970,21.1325,4.5317
2029-03-23,11.4966,7.7131,84.7001,15.4608,60.1542,9.3071,40.1678,0.0781,13.4224,0.0556
2029-03-24,12.7450,7.1727,80.1878,11.0496,51.5780,5.1574,34.1397,0.0173,8.2519,0.0095
2029-03-25,11.0539,3.4692,78.6714,14.9503,49.6837,3.3027,40.7615,0.0851,5.6641,0.0387
2029-03-26,11.6739,1.3484,63.9914,12.2013,51.4890,4.0867,58.6191,0.6906,6.8202,0.3425
2029-03-27,10.1181,0.5498,63.3536,14.4504,53.0143,4.7875,72.3069,1.4028,7.8114,0.7438
2029-03-28,10.7935,0.0163,60.9447,10.2442,54.6611,5.5793,79.1105,1.7438,8.8901,0.9881
2029-03-29,11.6259,0.0305,58.5120,7.3840,56.4577,6.4793,82.3341,2.1543,10.0695,1.9592
2029-03-30,13.7474,0.0003,50.7575,6.7016,58.6363,7.7255,84.8512,2.8941,11.6227,3.2795
2029-03-31,14.3186,0.0983,55.4977,7.2610,60.9176,8.8952,85.3062,3.1694,13.0328,3.9267
2029-04-01,13.8393,1.2624,66.1984,6.8059,64.3627,10.1194,76.9198,1.2197,14.5283,0.9093
2029-04-02,14.5330,0.8694,65.5827,6.1369,67.9326,11.4238,77.4583,1.2283,16.0852,0.9732
2029-04-03,16.6460,0.1907,55.3442,5.0209,71.8829,13.3450,82.8360,2.0366,18.2293,2.9537
2029-04-04,17.3226,0.0000,57.6147,4.5532,75.9550,15.2380,84.6434,2.5245,20.2964,4.1074
2029-04-05,17.1567,0.0013,58.4261,5.9814,79.9972,17.0781,85.2139,2.9337,22.2703,5.1158
2029-04-06,18.1528,0.0004,52.8077,6.1135,84.2187,19.2807,86.1890,3.3840,24.5249,6.2515
2029-04-07,18.4149,0.0047,51.3259,6.0013,88.4874,21.5835,86.7030,3.6185,26.8153,7.0275
2029-04-08,17.6652,1.8410,60.1021,5.9571,92.6211,21.4498,75.0539,1.0372,27.1694,1.5483
2029-04-09,13.3919,4.9921,58.3075,19.9989,88.9182,14.9360,61.4773,1.2234,21.0376,1.5448
2029-04-10,10.9383,0.1610,43.6178,16.9335,91.8411,16.5815,78.3482,2.2783,22.8495,3.9878
2029-04-11,11.1679,0.1585,45.4352,10.5412,94.8054,18.2043,83.8057,3.0503,24.5997,5.6684
2029-04-12,8.9089,0.4586,58.4801,9.3143,97.3630,19.2118,84.0404,2.9583,25.7306,5.6619
2029-04-13,9.2248,0.6495,67.8506,8.0761,99.9774,20.0165,81.6304,2.0487,26.6793,3.9656
2029-04-14,14.6987,0.0857,50.2132,11.6835,103.5772,21.9234,85.0227,3.8085,28.6739,7.6634
2029-04-15,15.4441,1.4956,62.4597,8.8274,107.3111,23.4291,76.4856,1.3097,30.3128,2.5494
2029-04-16,14.7152,5.7236,76.1775,9.8536,102.0528,14.9683,49.4052,0.2505,21.9047,0.2405
2029-04-17,13.8881,1.5338,74.9426,11.2085,105.5067,15.2682,58.7625,0.6636,22.4239,0.6470
2029-04-18,13.0239,2.2593,66.2218,13.9705,108.8050,13.7376,62.1119,0.9342,20.8834,0.8703
2029-04-19,11.5128,3.8560,73.3692,15.2098,106.8739,9.8571,52.5359,0.4713,16.0203,0.3725
2029-04-20,12.0649,0.0870,68.2801,16.0571,109.9996,10.8695,69.7081,1.3920,17.4325,1.5816
2029-04-21,12.0206,0.0767,63.5489,13.4744,113.1173,12.0289,78.2278,1.8940,19.0053,2.7823
2029-04-22,14.8670,0.0029,51.4970,8.2594,116.7474,13.9064,83.5727,2.6368,21.4310,4.4669
2029-04-23,17.2653,0.0600,56.1698,6.8576,120.8091,15.8579,85.1429,3.0363,23.8795,5.5369
2029-04-24,16.4338,3.2678,74.1177,8.0423,120.8994,12.4407,61.5141,0.6711,19.7902,0.6043
2029-04-25,15.0800,11.5176,76.3281,9.6216,103.0788,6.7322,39.1706,0.0480,11.5745,0.0314
2029-04-26,15.6800,2.3285,58.5132,16.3668,106.8552,6.5589,60.8124,0.9810,11.3727,0.6352
2029-04-27,18.4734,0.0002,48.1864,7.2775,111.1344,9.0176,78.9612,1.4806,14.9937,1.4867
2029-04-28,19.7156,0.1712,51.4669,8.0101,115.6372,11.4667,84.8539,3.0925,18.3776,4.7693
2029-04-29,20.5773,0.1800,51.2067,5.3218,120.2951,14.0310,86.6026,3.4473,21.7266,5.9046
2029-04-30,21.5515,0.5755,49.4938,7.3493,125.1284,16.8045,87.0088,4.0448,25.1612,7.4850
2029-05-01,19.6880,0.3945,64.4186,11.4881,131.0762,18.7518,86.5424,4.6636,27.6239,8.9547
2029-05-02,18.3072,3.8518,69.2374,9.2059,131.5458,14.4026,63.0911,0.7716,22.6151,0.7564
2029-05-03,20.8558,0.0000,46.9390,8.6621,137.7038,17.4696,81.4286,2.0606,26.5262,3.9744
2029-05-04,20.5167,0.0733,45.8747,10.2977,143.8009,20.5499,86.6595,4.4655,30.2814,9.0941
2029-05-05,19.9167,0.0015,44.0334,9.9696,149.7899,23.6465,88.0379,5.3469,33.9100,11.2669
2029-05-06,20.1230,1.3293,55.7683,9.7422,155.8160,26.1179,81.5724,2.2129,36.8104,5.3957
2029-05-07,18.5298,9.1251,67.9562,6.7221,143.6429,14.8528,50.6774,0.2497,23.6039,0.2516
2029-05-08,13.8052,19.6384,87.4592,12.0816,108.2598,6.7733,24.9930,0.0014,11.7144,0.0009
2029-05-09,18.2471,0.6910,47.7840,11.1332,113.9482,9.4329,64.0897,0.8898,15.6309,0.6930
2029-05-10,19.2243,0.0579,51.5946,11.6697,119.8126,12.0229,80.6592,2.1973,19.2233,3.3747
2029-05-11,20.7654,0.0150,50.7693,10.0475,125.9544,14.8569,85.7673,3.8888,22.9470,6.8378
2029-05-12,19.6851,3.5432,71.2530,13.9445,127.4206,11.7844,66.3135,1.1191,19.1428,0.9870
2029-05-13,22.9178,0.6535,59.2973,12.3379,133.9498,14.3581,80.6114,2.2606,22.6473,3.9284
2029-05-14,21.9786,0.5664,60.1032,10.7792,140.3099,16.7822,84.2394,3.2710,25.8382,6.2527
2029-05-15,20.5715,0.0573,50.9916,12.7269,146.4168,19.5783,86.6407,5.0336,29.3463,9.8871
2029-05-16,18.3854,0.7955,52.2393,10.4556,152.1302,22.0283,84.7786,3.4622,32.3471,7.5666
2029-05-17,18.4910,1.2841,55.1023,12.7235,157.8625,24.3440,81.0431,2.4188,35.1404,5.7067
2029-05-18,20.5277,0.0725,53.0983,7.5824,163.9615,27.0145,85.3473,3.2395,38.2668,7.9034
2029-05-19,22.4810,0.0000,48.7760,5.0331,170.4121,30.1945,87.3465,3.7767,41.8507,9.5275
2029-05-20,23.6120,0.0000,43.3820,9.9426,177.0662,33.8780,88.8402,5.9910,45.8330,14.5502
2029-05-21,21.7138,0.6830,51.2597,9.3560,183.3787,36.8053,86.7149,4.2922,49.0161,11.6133
2029-05-22,20.2891,2.6104,52.3682,12.7073,189.4348,33.0435,76.1804,1.5602,46.0190,4.4249
2029-05-23,18.3165,6.2695,64.1916,11.7436,182.8910,20.9670,58.4113,0.6650,32.5927,0.8305
2029-05-24,20.1759,2.9900,59.1956,8.5124,185.1763,18.2548,64.6182,0.7974,29.2909,0.9265
2029-05-25,22.4179,1.6850,54.7582,7.6346,191.6156,19.8164,74.6670,1.1054,31.4910,2.0665
2029-05-26,24.0180,0.1099,50.5713,8.2358,198.3428,23.0850,84.9966,3.1897,35.7637,7.4762
2029-05-27,21.6276,0.3776,56.0007,15.5870,204.6398,25.7177,86.3000,5.5404,39.1387,12.5520
2029-05-28,19.4846,2.1635,72.2530,17.5859,210.5510,23.8193,73.4121,1.7186,37.1358,4.1792
2029-05-29,20.8612,1.3273,70.4042,8.1740,216.7100,25.5304,74.2144,1.1101,39.4437,2.6013
2029-05-30,22.7819,1.7556,62.9283,9.9699,223.2148,26.0530,75.5435,1.3060,40.3362,3.2627
2029-05-31,24.8042,0.0001,43.6485,11.3985,230.0835,29.8960,86.9369,4.9099,45.1316,12.3434
2029-06-01,26.4438,0.0000,36.1499,9.5640,238.2474,34.5260,90.4286,7.3811,50.6882,17.9742
2029-06-02,28.1132,0.0000,38.2669,6.6617,246.7118,39.2738,90.8164,6.7400,56.1868,17.7495
2029-06-03,28.3299,0.4477,41.9855,7.0872,255.2152,43.7687,90.8661,6.9350,61.2688,18.9813
2029-06-04,27.2231,0.1776,42.1801,8.8536,263.5193,48.0801,90.9157,7.6344,66.0380,21.1700
2029-06-05,25.7597,0.5236,44.9332,8.8098,271.5601,51.9740,90.3344,7.0108,70.3075,20.5793
2029-06-06,25.6506,1.1526,49.2678,7.4286,279.5812,55.5468,85.6345,3.3454,74.2259,12.1047
2029-06-07,24.0646,3.4724,61.6066,9.0517,280.9833,44.1801,71.4966,1.0376,63.4278,3.6381
2029-06-08,23.5716,3.4599,60.2895,9.0303,282.3155,35.8065,69.0020,0.9553,54.3726,2.8777
2029-06-09,26.7500,1.0134,51.8179,8.7430,290.5345,39.3392,82.3434,2.3097,58.7807,7.6672
2029-06-10,26.5123,0.3785,52.2950,11.9083,298.7107,42.8071,87.1313,5.1790,63.0320,15.5041
2029-06-11,26.7160,0.0004,38.3045,7.4937,306.9236,47.3250,90.0938,6.3388,68.3158,18.8359
2029-06-12,27.9249,0.0000,33.9496,6.3463,315.3540,52.3721,91.4633,7.2736,74.0145,21.7105
2029-06-13,30.6287,0.0000,33.1104,6.2246,324.2712,57.9595,92.2187,8.0452,80.1185,24.2859
2029-06-14,31.4583,0.0000,34.1510,8.6022,333.3377,63.6037,92.2688,9.1335,86.1243,27.5286
2029-06-15,31.0881,0.0000,36.8699,9.3795,342.3376,68.9534,92.3189,9.5657,91.7209,29.3225
2029-06-16,30.2218,0.0000,31.8267,9.1553,351.1815,74.5749,92.4849,9.6820,97.4271,30.4438
2029-06-17,30.0484,0.0000,27.6377,7.6081,359.9942,80.5088,93.2509,9.9715,103.2762,31.9115
2029-06-18,32.5312,0.0000,28.5617,5.4365,369.2538,86.8339,93.5394,9.3050,109.3694,31.2587
2029-06-19,34.5996,0.0000,26.8126,5.5080,378.8857,93.7125,94.2325,10.2813,115.8129,34.2316
2029-06-20,36.1566,0.0000,24.8188,6.1327,388.7979,101.0865,94.9330,11.6842,122.5296,38.0689
2029-06-21,36.2429,0.0566,28.6295,7.8814,398.7257,108.1031,94.9840,12.8500,128.8626,41.2372
2029-06-22,29.8019,0.9753,40.7481,15.3681,407.4940,112.9235,89.9136,9.1858,133.4168,33.5103
2029-06-23,28.7657,0.0000,38.9137,14.6580,416.0758,117.7264,90.7717,10.0203,137.9045,35.8844
2029-06-24,30.8476,0.0000,30.6690,12.2064,425.0324,123.5577,92.6751,11.5972,143.1097,39.9270
2029-06-25,31.8668,0.3779,29.1541,8.9085,434.1724,129.7064,93.2767,10.6853,148.5023,38.2645
2029-06-26,33.6210,0.0016,29.2424,7.3274,443.6282,136.1743,93.5887,10.3058,154.0965,37.7453
2029-06-27,33.0199,0.4590,34.9025,6.4067,452.9758,142.0217,93.6393,9.9081,159.2327,37.0889
2029-06-28,34.0567,0.0000,27.5430,8.8902,462.5100,148.7280,94.0162,11.8323,164.8944,41.9444
2029-06-29,35.4064,0.0000,27.1636,6.9476,472.2871,155.7282,94.3330,11.2094,170.7237,40.8041
2029-06-30,35.5161,0.0000,30.7494,8.9859,482.0840,162.4038,94.3838,12.5092,176.3154,44.0480
2029-07-01,32.4008,0.0000,35.4382,10.0225,491.6202,167.4835,93.7891,12.1384,180.8978,43.4042
2029-07-02,31.5093,0.0000,36.2465,9.7217,500.9958,172.3660,93.4418,11.3917,185.3282,41.8387
2029-07-03,30.7911,0.0000,38.8066,9.4979,510.2422,176.9493,92.8786,10.4109,189.5560,39.6146
2029-07-04,30.2557,0.0000,37.9637,9.2460,519.3923,181.5177,92.8445,10.2305,193.7530,39.2920
2029-07-05,30.1193,0.1467,38.3425,9.2136,528.5177,186.0385,92.7606,10.0942,197.9131,39.0626
2029-07-06,30.0807,1.8230,44.3023,9.2653,537.6363,143.5308,86.2938,4.0255,172.1596,20.3551
2029-07-07,31.8570,0.2409,42.4941,7.1981,547.0745,147.9818,90.2137,6.3532,176.5638,28.1857
2029-07-08,33.5448,0.0000,31.3989,7.9162,556.8166,153.5636,92.9260,9.6774,181.7889,37.5257
2029-07-09,34.3231,0.0000,25.9945,6.9939,566.6987,159.7203,94.3090,11.1984,187.3983,41.4524
2029-07-10,35.0478,0.0000,22.1432,6.4550,576.7113,166.3300,95.2975,12.4826,193.2915,44.6347
2029-07-11,36.1901,0.0000,24.0930,8.3159,586.9296,172.9778,95.3486,13.8057,199.1924,47.7625
2029-07-12,35.2891,0.0000,29.7198,9.1898,596.9856,178.9841,95.3023,14.3364,204.6079,49.0640
2029-07-13,34.7612,0.0000,28.9684,9.8933,606.9466,184.9665,95.3412,14.9328,209.9658,50.4724
2029-07-14,35.4767,0.0000,28.2341,7.8620,617.0364,191.1314,95.3923,13.5742,215.4330,47.6560
2029-07-15,37.8661,0.0000,23.1321,6.4266,627.5563,198.1659,95.6187,13.0223,221.4844,46.5362
2029-07-16,38.1298,0.0000,21.9344,7.2430,638.1237,205.3584,95.9172,14.1301,227.6019,49.0996
2029-07-17,37.7471,0.0000,22.6363,7.3746,648.6222,212.4166,95.9685,14.3233,233.5888,49.6105
2029-07-18,37.2082,0.0587,25.9744,11.0412,659.0236,219.0766,96.0198,17.3501,239.2887,55.9764
2029-07-19,34.0017,0.0000,29.0475,12.6765,668.8479,224.9259,95.3162,17.1224,244.3888,55.5881
2029-07-20,34.2881,0.0000,23.4506,12.3285,678.7238,231.2880,95.3673,16.9425,249.7815,55.2883
2029-07-21,36.3191,0.0000,19.3287,10.8972,688.9653,238.3774,96.1572,17.5477,255.6349,56.5586
2029-07-22,38.7746,0.0000,19.2383,6.1371,699.6487,245.9406,96.5972,14.6484,261.8060,50.6124
2029-07-23,40.8442,0.0000,18.4506,6.1991,710.7046,253.9739,97.1075,15.7333,268.2746,52.9652
2029-07-24,40.8920,0.0000,18.4898,5.2045,721.7692,262.0125,97.1592,15.0678,274.7131,51.5989
2029-07-25,40.8256,0.0000,17.9503,7.7047,732.8218,270.0915,97.2248,17.2411,281.1390,56.1320
2029-07-26,37.6999,0.0000,22.3319,10.5505,743.3118,277.1689,97.1827,19.7883,286.8932,61.1106
2029-07-27,35.4037,0.0000,24.9800,12.7678,753.3884,283.6005,96.3905,19.8984,292.2085,61.3431
2029-07-28,33.9988,0.0000,25.2437,10.2748,763.2122,289.7628,96.0345,16.7260,297.3214,55.1621
2029-07-29,34.4251,0.0000,23.3568,7.9292,773.1127,296.1573,96.0859,14.9650,302.5597,51.4973
2029-07-30,35.0791,0.0000,25.0107,8.1941,783.1310,302.5291,96.1372,15.2718,307.7974,52.1678
2029-07-31,33.5336,0.0000,26.8033,11.9008,792.8710,308.4828,95.6568,17.2477,312.7556,56.2658
2029-08-01,32.8197,0.0000,25.5939,12.2304,801.7826,313.6932,95.6752,17.5807,317.1643,56.9432
2029-08-02,34.0008,0.0000,23.7755,9.9614,810.9067,319.2167,95.7265,15.7908,321.7691,53.2965
2029-08-03,34.3354,0.0000,21.7665,9.4822,820.0911,324.9399,95.7777,15.5216,326.4808,52.7391
2029-08-04,35.1585,0.0000,20.6433,8.3240,829.4236,330.8801,95.8290,14.7439,331.3242,51.0844
2029-08-05,36.2569,0.0000,20.9687,7.1963,838.9539,336.9751,95.8803,14.0266,336.9528,49.5225
2029-08-06,36.3349,0.0000,22.2716,7.3694,848.4981,342.9822,95.9316,14.2482,342.9240,50.0189
2029-08-07,36.1723,0.0000,25.5615,8.5416,858.0132,348.7100,95.9829,15.2205,348.6196,52.1309
2029-08-08,35.7661,0.0000,28.1500,10.2960,867.4551,354.1784,95.7289,16.0646,354.0589,53.9145
2029-08-09,34.6070,0.0000,26.1201,9.4822,876.6883,359.6245,95.7802,15.5269,359.4742,52.7917
2029-08-10,33.0862,0.0000,27.0651,8.7579,885.6478,364.7720,95.5009,14.4126,364.5937,50.3998
2029-08-11,32.2104,0.0000,26.7747,8.9737,894.4497,369.8075,95.3723,14.3172,369.6015,50.1941
2029-08-12,31.9168,0.0000,25.5158,8.0786,903.1987,374.8845,95.4235,13.7815,374.6492,49.0109
2029-08-13,33.0503,0.0000,23.3865,7.0996,912.1518,380.2859,95.4746,13.2099,380.0163,47.7243
2029-08-14,33.7457,0.0000,25.3114,8.7001,921.2300,385.6588,95.5258,14.4196,385.3557,50.4268
2029-08-15,34.5503,0.0000,25.9684,8.4580,930.4531,391.1075,95.5770,14.3442,390.7699,50.2640
2029-08-16,35.1691,0.0000,26.6552,7.3380,939.7875,396.5992,95.6282,13.6519,396.2265,48.7301
2029-08-17,36.1989,0.0000,26.8559,5.8462,949.3073,402.2315,95.6794,12.7517,401.8217,46.6802
2029-08-18,35.7352,0.0000,27.8603,6.7623,958.7436,407.7173,95.7286,13.4438,407.2721,48.2648
2029-08-19,36.3854,0.0000,27.1813,7.6734,968.2970,413.3525,95.7799,14.1736,412.8691,49.8955
2029-08-20,36.3741,0.0000,26.7204,9.3175,977.8483,419.0217,95.8311,15.5053,418.4988,52.7733
2029-08-21,33.7841,0.0000,34.0744,9.3823,986.9335,423.7695,94.4239,12.8324,423.2215,46.8717
2029-08-22,35.4338,0.0000,30.4534,5.9827,996.3156,429.0149,94.4747,10.8881,428.4336,42.2159
2029-08-23,34.0458,0.0000,31.0365,11.7859,1005.4478,434.0187,94.5255,14.6890,433.4067,51.0269
2029-08-24,33.5143,0.0000,28.3510,9.5430,1014.4844,439.1387,94.5764,13.2115,438.4923,47.7433
2029-08-25,33.4527,0.0000,25.2681,11.2137,1023.5099,444.4695,94.6272,14.4728,443.7838,50.5575
2029-08-26,33.5669,0.0006,27.3915,10.1024,1032.5559,449.6660,94.6781,13.7807,448.9433,49.0289
2029-08-27,31.9107,0.0042,39.6186,12.9329,1041.3038,453.7809,93.0434,12.6674,453.0418,46.4933
2029-08-28,30.3024,0.0000,31.3326,14.9305,1049.7622,458.2326,93.0937,14.1079,457.4671,49.7570
2029-08-29,28.5239,0.0000,20.9580,13.0892,1057.9005,463.0666,94.4194,15.4584,462.2634,52.6798
2029-08-30,28.5428,0.0000,22.3110,12.3942,1066.0423,467.8209,94.4702,15.0313,466.9813,51.7693
2029-08-31,29.0564,0.0000,24.3180,13.0243,1074.2764,472.5326,94.5211,15.6253,471.6579,53.0335
2029-09-01,29.3254,0.0000,28.3300,11.8711,1081.2590,476.4148,94.5261,14.7535,475.5126,51.1707
2029-09-02,30.0169,0.0000,29.4752,10.3164,1088.3660,480.3218,94.4423,13.4851,479.3924,48.3672
2029-09-03,30.9646,0.0000,29.3311,9.0093,1095.6436,484.3561,94.4931,12.7143,483.3977,46.6040
2029-09-04,29.7375,0.0000,33.9244,11.7367,1102.7004,487.9837,93.6768,13.0286,487.0036,47.3291
2029-09-05,29.8624,0.0531,33.3140,9.4552,1109.7796,491.6597,93.6531,11.5755,490.6568,43.9072
2029-09-06,29.7853,0.7586,35.1540,10.0658,1116.8450,495.2254,91.2312,8.4883,494.2020,35.9174
2029-09-07,24.0852,6.2032,61.5523,14.7037,1014.4386,97.3074,69.0792,1.2745,156.9719,7.9739
2029-09-08,26.1948,0.0003,37.5742,12.7965,1020.8577,100.3409,87.5383,5.7400,161.0962,25.7593
2029-09-09,27.7105,0.0000,29.9827,9.7453,1027.5495,103.9323,91.8660,9.1397,165.9115,35.5090
2029-09-10,29.3776,0.0000,29.9686,5.4070,1034.5415,107.7323,92.6296,8.1804,170.9578,33.2070
2029-09-11,29.9162,0.0000,33.1027,8.1622,1041.6304,111.4264,92.6798,9.4654,175.8301,36.7664
2029-09-12,28.1817,0.0000,36.6319,11.1534,1048.4071,114.7299,92.7173,11.0633,180.1689,40.8676
2029-09-13,28.9679,0.0000,31.1760,10.0825,1055.3254,118.4141,92.7676,10.5564,184.9476,39.8207
2029-09-14,29.1459,0.0000,25.4815,13.1525,1062.2756,122.4268,93.5698,13.7853,190.0855,47.4217
2029-09-15,27.7808,0.0000,32.8954,17.1075,1068.9802,125.8773,93.3979,16.4272,194.4972,53.0909
2029-09-16,26.5873,0.0000,32.1545,15.4100,1075.4699,129.2216,93.3196,14.9166,198.7437,50.1285
2029-09-17,26.9041,0.0000,31.8960,9.5020,1082.0166,132.6171,93.3701,11.1541,203.0249,41.7958
2029-09-18,29.0456,0.0002,34.0732,6.6330,1088.9488,136.1554,93.3642,9.6449,207.4615,38.1375
2029-09-19,28.0306,0.0000,34.4364,11.4201,1095.6983,139.5557,93.1620,11.9340,211.7019,43.8435
2029-09-20,27.0214,0.0004,38.6331,11.6312,1102.2662,142.6281,92.3381,10.7440,215.5336,41.0594
2029-09-21,26.7151,0.0094,36.2977,10.0892,1108.7789,145.7827,92.3882,10.0113,219.4364,39.2915
2029-09-22,27.0854,0.6850,38.1752,7.1476,1115.3583,148.8851,90.2262,6.3484,223.2636,29.0868
2029-09-23,28.5912,0.1118,36.3225,6.6203,1122.2087,152.2511,91.1850,7.0886,227.3801,31.3838
2029-09-24,29.1580,0.0028,36.2469,5.8961,1129.1611,155.6855,91.4120,7.0588,231.5555,31.3390
2029-09-25,28.2103,0.0065,38.5623,7.0275,1135.9430,158.8915,91.4619,7.5261,235.4488,32.7509
2029-09-26,26.7559,0.0446,44.6509,7.2262,1142.4630,161.6365,91.1079,7.2286,238.8066,31.9105
2029-09-27,26.4178,1.4521,50.0494,6.7894,1148.9222,164.0836,84.3652,2.7210,241.8261,15.9685
2029-09-28,25.6484,4.5106,59.4622,7.9866,1077.2753,88.3060,70.0129,0.9359,146.5747,5.8419
2029-09-29,22.8963,6.1988,67.1280,11.6013,983.7855,54.1774,60.7405,0.7683,95.2423,3.6296
2029-09-30,21.6298,1.9172,51.4165,13.8172,989.3828,51.3395,75.2602,1.5594,90.8884,7.1777
2029-10-01,19.1332,0.0300,39.7266,10.9618,993.5308,53.1873,85.8393,4.1135,93.8185,16.2462
2029-10-02,20.9210,0.0010,37.7962,8.9017,998.0006,55.2628,88.9357,5.7634,97.0857,21.1927
2029-10-03,21.4691,1.4994,47.4498,7.9006,1002.5690,57.0599,82.5398,2.2684,99.9049,10.5288
2029-10-04,21.1537,8.5909,68.7281,7.6522,885.9684,31.9399,54.4074,0.3884,58.5985,0.7325
2029-10-05,22.1752,0.2419,50.9222,9.3749,890.6639,33.6707,78.6710,1.6021,61.5265,5.6192
2029-10-06,20.9175,0.0083,44.1291,11.9135,895.1331,35.5346,86.4778,4.7213,64.6528,14.6507
2029-10-07,20.2839,0.0140,45.1009,12.3345,899.4882,37.3134,87.9255,5.9273,67.6146,17.8282
2029-10-08,20.1648,0.0015,41.5815,12.8903,903.8219,39.1956,88.7277,6.8391,70.7237,20.2777
2029-10-09,20.2206,0.0000,38.9055,10.7176,908.1656,41.1693,89.2893,6.6444,73.9570,20.3364
2029-10-10,21.3100,0.0000,41.3710,10.2848,912.7054,43.1601,89.3384,6.5471,77.1942,20.5851
2029-10-11,21.8469,0.0105,44.6162,10.3092,917.3418,45.0857,89.3875,6.6015,80.3044,21.1360
2029-10-12,21.2344,0.2702,50.9075,9.6175,921.8680,46.7471,89.0841,6.1037,82.9751,20.3319
2029-10-13,20.2512,0.3479,51.5683,12.5110,926.2172,48.3139,88.7970,6.7766,85.4806,22.2654
2029-10-14,19.2210,0.0345,49.6158,8.7085,930.3810,49.8652,88.8460,5.6345,87.9464,19.7983
2029-10-15,20.0821,4.7726,62.6146,9.9109,883.8449,34.6312,65.0096,0.8693,63.0831,2.9264
2029-10-16,18.3343,19.5319,84.6868,15.2555,682.7134,13.4717,35.9348,0.0324,25.6767,0.0345
2029-10-17,20.3989,0.4111,56.4016,10.1072,687.0892,14.8919,68.9303,1.0063,28.2530,1.5344
2029-10-18,21.2360,0.0257,55.9972,8.3309,691.6157,16.3811,81.5482,2.0551,30.9308,4.4285
2029-10-19,22.5229,0.0018,57.6815,6.3456,696.3738,17.8959,85.1328,2.9548,33.6310,6.7082
2029-10-20,22.0617,0.0000,53.5630,9.4885,701.0489,19.5255,86.6647,4.2903,36.5090,9.7935
2029-10-21,22.2833,0.0000,50.0268,7.2716,705.7639,21.2961,87.5152,4.3308,39.6046,10.3462
2029-10-22,23.2827,0.0001,48.2344,5.9465,710.6588,23.2086,88.0855,4.3957,42.9135,10.9692
2029-10-23,23.0845,0.0001,53.7943,5.9537,715.5180,24.9018,88.1342,4.4281,45.8171,11.4574
2029-10-24,22.7993,0.0029,57.2403,8.7708,720.3259,26.4502,88.1656,5.1265,48.4525,13.2905
2029-10-25,21.5187,0.0316,61.5558,7.1119,724.9033,27.7677,87.4240,4.2405,50.6820,11.7234
2029-10-26,21.7235,0.5450,59.1226,12.4781,729.5175,29.1814,86.3352,4.7606,53.0569,13.1944
2029-10-27,18.1909,0.1477,51.4676,18.0656,733.4959,30.5999,86.7425,6.6831,55.4199,17.5093
2029-10-28,14.8501,0.0399,48.0345,20.0221,736.8729,31.8558,86.8681,7.5083,57.4975,19.4503
2029-10-29,12.6447,0.0220,41.1521,13.0350,739.8529,33.0814,87.5087,5.7848,59.5105,16.3339
2029-10-30,15.5071,0.0166,37.9261,7.5018,743.3482,34.6434,88.4599,5.0163,62.0565,15.0007
2029-10-31,18.1898,0.0321,53.6512,8.6010,747.3264,35.9980,88.1397,5.0639,64.2580,15.4049
2029-11-01,17.2613,0.3451,57.6195,10.1658,750.1374,37.0297,87.4377,4.9556,65.9238,15.3702
2029-11-02,15.0376,0.5645,63.4175,13.5095,752.5482,37.8124,85.8428,4.6792,67.1854,14.8672
2029-11-03,16.2703,0.2239,57.2681,11.9859,755.1808,38.7965,85.8908,4.3626,68.7617,14.2717
2029-11-04,16.0659,0.1378,55.4481,10.4511,757.7767,39.8104,85.9388,4.0652,70.3775,13.6900
2029-11-05,15.0063,0.3115,51.9430,11.6199,760.1818,40.8366,86.1693,4.4538,72.0033,14.8832
2029-11-06,14.9815,0.0298,48.3968,10.2745,762.5825,41.9369,86.6615,4.4616,73.7362,15.1043
2029-11-07,14.6899,0.0109,50.6018,7.6126,764.9307,42.9710,86.7098,3.9283,75.3586,13.8624
2029-11-08,16.0493,1.0629,64.7666,10.4684,767.5235,43.7721,80.4277,2.0166,76.6200,8.0733
2029-11-09,17.9439,9.9221,80.6203,14.8307,686.5046,22.7525,46.4356,0.2154,42.0232,0.3205
2029-11-10,19.0056,1.8525,60.3473,12.2131,689.6296,21.7547,65.9554,1.0124,40.3290,2.3375
2029-11-11,18.5114,4.1261,61.9445,14.3562,669.5625,15.6934,63.2630,1.0084,29.6495,1.6440
2029-11-12,12.9214,0.1244,47.6152,10.4944,671.5923,16.6672,78.2138,1.6279,31.3870,3.4542
2029-11-13,12.5667,0.0113,46.9971,9.8719,673.5583,17.6276,83.8055,2.9491,33.0902,6.6277
2029-11-14,16.2041,0.8029,63.3100,12.9773,676.1791,18.4693,81.9954,2.7398,34.5775,6.3624
2029-11-15,18.5216,2.7776,71.7501,15.6078,679.2170,15.0361,68.3510,1.3034,28.4952,2.3902
2029-11-16,17.7629,11.6780,80.7729,18.0768,600.4677,7.5449,44.2835,0.1827,14.6303,0.1368
2029-11-17,18.3147,14.3975,80.5146,17.2838,518.7720,3.6817,38.9587,0.0677,7.2351,0.0346
2029-11-18,15.8010,0.2140,56.1603,10.9595,521.3202,4.6641,67.0966,0.9895,9.1240,0.5684
2029-11-19,14.2616,0.0000,48.8514,9.7157,523.5913,5.7058,79.9050,1.8373,11.1089,1.6247
2029-11-20,14.8951,0.0031,58.5813,9.0195,525.9764,6.5841,83.2732,2.6348,12.7686,3.1226
2029-11-21,15.7713,0.0000,57.8240,7.3332,528.5193,7.5275,84.6517,2.9074,14.5374,3.8298
2029-11-22,16.5753,0.0000,58.0198,4.8142,531.2068,8.5113,85.1848,2.7551,16.3669,3.9045
2029-11-23,15.8892,0.0767,67.8236,7.4091,533.7709,9.2360,85.2069,3.1495,17.7061,4.7459
2029-11-24,16.8912,0.8731,73.8840,8.8775,536.5153,9.8590,80.1091,1.7991,18.8519,2.5812
2029-11-25,18.2545,0.2346,68.8178,8.6023,539.5051,10.6591,82.4990,2.3381,20.3148,3.7745
2029-11-26,17.4623,0.0382,68.8597,7.9240,542.3523,11.4255,83.2729,2.4932,21.7077,4.2447
2029-11-27,16.9309,0.0571,71.0232,10.5349,545.1039,12.1182,83.3201,2.8613,22.9602,5.0881
2029-11-28,18.7912,0.0875,62.8434,9.6564,548.1903,13.0980,84.4912,3.1980,24.7195,5.9523
2029-11-29,17.2248,0.0273,59.5754,4.3567,550.9948,14.0802,85.0202,2.6319,26.4693,5.1360
2029-11-30,16.6550,0.3301,69.5836,5.4192,553.6967,14.7961,85.0157,2.7749,27.7391,5.5831
2029-12-01,18.3047,0.0062,65.2636,6.9107,556.6955,15.5621,85.0634,3.0112,29.0912,6.2286
2029-12-02,17.0002,0.0002,59.8693,8.1890,559.4595,16.3876,85.1871,3.2668,30.5388,6.9286
2029-12-03,16.8409,0.0133,53.5789,8.2175,562.1949,17.3340,85.9457,3.6360,32.1870,7.8811
2029-12-04,16.3063,0.0033,59.5908,8.2232,564.8340,18.1333,85.9937,3.6616,33.5722,8.1337
2029-12-05,13.6438,0.0701,75.3448,5.1644,566.9939,18.5464,84.1792,2.4451,34.2889,5.6736
2029-12-06,15.5381,0.9523,73.0288,9.6038,569.4948,19.0564,78.9341,1.6605,35.1706,3.8614
2029-12-07,16.1111,0.1762,63.4836,6.3155,572.0988,19.7706,82.3110,2.0356,36.3967,4.9218
2029-12-08,14.2811,3.3757,81.5446,11.2675,561.9641,14.6249,56.6154,0.5660,27.4631,0.6300
2029-12-09,13.8240,6.7648,86.6864,12.2204,530.7384,8.2034,35.1418,0.0232,15.7965,0.0182
2029-12-10,14.3487,0.6825,76.6928,6.5667,533.0252,8.6126,52.9566,0.3186,16.5564,0.2569
2029-12-11,15.7288,8.5893,84.0850,14.0069,494.0679,4.3973,36.6260,0.0354,8.6031,0.0197
2029-12-12,17.5488,3.4364,73.9393,15.6987,486.3605,2.8703,51.0997,0.4122,5.6572,0.1873
2029-12-13,15.8343,12.1250,79.7439,17.6603,434.4088,1.1939,39.5081,0.0769,2.3715,0.0251
2029-12-14,14.2871,6.2553,71.9934,14.2065,414.4436,0.4897,43.5800,0.1341,0.9766,0.0351
2029-12-15,12.8356,8.5616,79.6102,10.3969,385.3248,0.3229,33.6923,0.0151,0.6445,0.0037
2029-12-16,13.6797,2.0644,64.8848,8.3385,387.4912,0.5898,51.1496,0.2861,1.1751,0.0776
2029-12-17,11.6058,0.1234,61.5474,8.6918,389.2842,1.1450,68.5538,0.9258,2.2733,0.2978
2029-12-18,9.7733,0.7689,65.2328,6.7333,390.7474,1.5746,73.3327,0.9912,3.1178,0.3539
2029-12-19,9.9564,0.8260,60.1624,7.9156,392.2436,2.0751,76.2266,1.2293,4.0961,0.4866
2029-12-20,10.9322,0.7934,60.9877,7.5913,393.9154,2.6086,77.8821,1.3676,5.1322,0.5950
2029-12-21,9.6525,3.8731,71.0447,9.6252,385.2373,1.3312,54.2873,0.4242,2.6396,0.1431
2029-12-22,6.9950,28.9581,89.7090,27.1268,283.2585,0.0947,22.0790,0.0011,0.1892,0.0002
2029-12-23,6.4637,4.4894,80.1317,21.0683,274.4283,0.1708,31.6437,0.0155,0.3410,0.0035
2029-12-24,9.7393,0.0053,56.6459,9.3553,275.8854,0.7048,57.1413,0.5361,1.4007,0.1513
2029-12-25,12.6644,0.0109,64.4379,10.0983,277.8690,1.2611,71.9275,1.1107,2.4938,0.3678
2029-12-26,14.6570,0.0124,62.7031,12.1124,280.2113,1.9289,79.8574,2.0630,3.7925,0.7923
2029-12-27,14.1821,0.0021,64.3495,10.4430,282.4681,2.5480,82.4579,2.5522,4.9837,1.4028
2029-12-28,15.3993,0.0000,56.8987,7.4716,284.9439,3.3562,84.4240,2.8386,6.5204,2.1359
2029-12-29,16.4836,0.0000,54.6792,6.4868,287.6150,4.2618,85.4979,3.1303,8.2191,2.8698
2029-12-30,14.6111,0.0301,67.3014,9.8819,289.9490,4.8456,85.2100,3.5690,9.3025,3.6359
2029-12-31,12.7378,0.0568,54.0957,10.6002,291.9458,5.5674,85.4287,3.8144,10.6282,4.2407
2030-01-01,14.0363,0.0453,56.6881,13.6540,294.1763,6.3745,85.4766,4.4786,12.0939,5.3929
2030-01-02,14.1828,0.0021,62.7775,9.0567,296.4332,7.0749,85.5244,3.5762,13.3530,4.5426
2030-01-03,14.9224,0.0032,60.5024,6.3731,298.8232,7.8539,85.5723,3.1448,14.7394,4.2135
2030-01-04,14.1829,0.0360,61.1004,6.9855,301.0802,8.5858,85.6202,3.2651,16.0289,4.6255
2030-01-05,13.6005,0.0143,58.3730,6.7222,303.2322,9.3392,85.6681,3.2436,17.3430,4.8284
2030-01-06,13.1120,0.2295,68.0722,9.5552,305.2964,9.8978,84.9986,3.4099,18.3115,5.2554
2030-01-07,14.2032,1.8747,68.9547,8.1671,307.5570,9.0640,71.3384,0.9869,16.8840,0.8053
2030-01-08,13.8295,0.6510,71.9262,11.7883,309.7503,9.5800,76.4584,1.5176,17.7848,1.8951
2030-01-09,14.9673,4.0238,69.5878,18.3020,303.4063,6.4451,61.1838,1.1049,12.2402,0.7457
2030-01-10,12.6581,3.5154,64.2586,14.4801,298.5227,4.3973,57.8416,0.7323,8.4822,0.4049
2030-01-11,7.4474,0.0340,54.0935,11.1939,299.5672,4.8803,72.2879,1.1896,9.3787,0.6934
2030-01-12,9.6838,6.7761,65.8292,16.6776,283.2873,2.5620,50.1294,0.3862,5.0108,0.1663
2030-01-13,7.1626,0.0501,52.0945,18.2923,284.2806,3.0493,69.9527,1.5701,5.9394,0.7294
2030-01-14,9.7965,1.1163,60.4150,8.9128,285.7480,3.5803,72.3367,1.0624,6.9432,0.5314
2030-01-15,10.8248,7.6891,73.1628,13.4095,267.3537,1.6903,45.1804,0.1662,3.3281,0.0608
2030-01-16,9.3651,1.5151,63.2556,11.4728,268.7434,1.8364,58.0945,0.6412,3.6111,0.2417
2030-01-17,13.5044,0.3670,60.9426,8.7448,270.8782,2.5386,73.2102,1.0912,4.9610,0.4678
2030-01-18,14.1215,1.0195,79.2344,11.8751,273.1241,2.9277,72.3053,1.2320,5.7027,0.5618
2030-01-19,15.3739,1.7520,76.6524,10.4022,275.5954,2.6343,66.7268,0.9500,5.1457,0.4138
2030-01-20,13.7134,9.3597,89.5025,11.0538,253.0676,0.9077,30.7175,0.0073,1.7993,0.0022
2030-01-21,12.1773,13.7214,91.7985,9.3171,219.1189,0.1341,15.5196,0.0000,0.2677,0.0000
2030-01-22,10.8538,0.9504,76.6926,11.4701,220.7766,0.4771,37.8800,0.0406,0.9490,0.0106
2030-01-23,12.0690,3.3156,60.9638,15.6770,217.6186,0.6329,52.3121,0.4711,1.2566,0.1297
2030-01-24,15.2015,0.0284,57.7912,10.4297,220.0589,1.4799,72.5352,1.1557,2.9110,0.4028
2030-01-25,14.5692,0.3144,76.3317,11.2353,222.3854,1.9365,77.5871,1.6043,3.7905,0.6160
2030-01-26,15.1440,0.8313,55.0669,15.2707,224.8153,2.8351,81.1357,2.7792,5.4969,1.8142
2030-01-27,12.9828,0.0021,46.2434,10.7486,226.8562,3.7671,85.0471,3.6455,7.2339,3.2035
2030-01-28,15.8192,0.0041,65.7412,10.0975,229.4076,4.4807,85.0948,3.5511,8.5441,3.4325
2030-01-29,15.4500,0.0274,65.1696,8.8292,231.8926,5.1903,85.1425,3.3532,9.8306,3.5003
2030-01-30,16.0646,0.2038,69.8077,9.8911,234.4883,5.8283,84.9409,3.4407,10.9747,3.8610
2030-01-31,15.6395,2.5002,77.0349,13.2119,237.0074,4.4056,66.2179,1.0749,8.4199,0.5921
2030-02-01,15.5084,0.4921,60.7053,12.2421,239.5029,5.3327,78.2874,1.7892,10.1029,1.3688
2030-02-02,10.9333,1.7283,59.6647,13.4156,241.1749,5.1487,72.2445,1.3284,9.7756,0.7916
2030-02-03,12.2785,4.6109,61.6588,20.1237,233.9946,3.2780,59.7413,1.1101,6.3341,0.5314
2030-02-04,10.9079,0.0000,43.8927,13.4938,235.6620,4.2350,77.0546,1.7256,8.1058,0.9322
2030-02-05,13.3550,0.0288,67.8255,12.2046,237.7699,4.8956,80.8190,2.2977,9.3120,2.0316
2030-02-06,14.1278,1.6648,71.1172,15.6376,240.0169,4.7898,72.6831,1.5112,9.1243,0.8681
2030-02-07,14.1872,0.6133,60.0322,12.3640,242.2746,5.6577,79.6297,2.0415,10.6912,1.8919
2030-02-08,12.2454,11.5409,84.2434,19.4810,215.2798,2.6006,38.9971,0.0763,5.0487,0.0329
2030-02-09,13.0781,5.9018,83.0643,14.4620,205.2864,1.1439,35.2978,0.0270,2.2564,0.0087
2030-02-10,12.4062,7.4272,79.9849,13.0702,191.4422,0.3840,33.5101,0.0165,0.7642,0.0041
2030-02-11,12.6893,0.1278,47.7692,8.3455,193.4303,1.4071,62.6860,0.7244,2.7639,0.2481
2030-02-12,10.7645,0.0745,52.2530,11.7999,195.0719,2.2118,76.4752,1.5203,4.3016,0.6139
2030-02-13,9.7041,3.4433,71.0849,9.6824,191.4643,1.2158,55.9328,0.4936,2.3936,0.1613
2030-02-14,6.8858,3.0953,61.7572,13.3848,188.3017,0.5738,53.5583,0.4775,1.1388,0.1287
2030-02-15,10.2906,2.7137,58.7015,16.5438,189.8580,0.6682,59.2413,0.8970,1.3248,0.2499
2030-02-16,12.3272,6.6352,55.7026,17.4705,178.5932,0.8449,54.2059,0.6250,1.6701,0.1842
2030-02-17,9.7894,11.5302,77.6643,13.3868,155.3069,0.3455,34.3359,0.0204,0.6872,0.0050
2030-02-18,11.0623,6.5589,77.8246,10.9103,145.0678,0.3831,33.3819,0.0143,0.7612,0.0036
2030-02-19,11.4665,0.6813,70.2476,13.1073,146.8357,0.9142,55.8555,0.5827,1.8004,0.1752
2030-02-20,13.9145,0.0000,56.6205,11.6179,149.0443,1.8394,74.0143,1.3077,3.5687,0.4907
2030-02-21,14.5048,0.0031,62.1408,12.3583,151.3592,2.6786,80.7252,2.2915,5.1303,0.9968
2030-02-22,14.2037,0.0376,61.7006,10.8148,153.6199,3.5112,83.1346,2.8331,6.6428,2.1586
2030-02-23,14.5496,2.0218,65.9519,13.4619,155.9428,3.1358,71.9572,1.3173,5.9715,0.6135
2030-02-24,9.8758,4.6495,68.4191,16.1986,149.9678,1.7206,53.7349,0.5599,3.3453,0.2051
2030-02-25,4.8718,1.2311,58.9601,20.1197,150.5488,2.0687,64.5054,1.4245,4.0001,0.5586
2030-02-26,3.9356,0.3379,50.9252,17.4543,150.9612,2.4198,75.6791,1.9200,4.6531,0.8009
2030-02-27,10.7184,0.0190,55.3067,10.5908,152.5945,3.1701,81.3528,2.2510,6.0271,1.2618
2030-02-28,13.7770,0.4054,66.0861,12.2504,154.7783,3.8868,82.8031,2.9194,7.3144,2.4156
2030-03-01,10.8989,5.2624,78.4562,12.5428,147.5643,2.0804,49.3338,0.2842,4.0192,0.1117
2030-03-02,8.8313,0.3665,48.8081,22.0443,148.8579,2.9471,71.8918,2.0252,5.6162,0.9171
2030-03-03,8.8924,0.0007,43.6652,15.3467,150.1626,3.9066,81.4018,2.8769,7.3361,2.3707
2030-03-04,10.9271,0.0000,41.3136,7.4130,151.8334,5.1098,85.2534,3.1704,9.4265,3.1880
2030-03-05,10.3413,3.5471,69.6895,11.0711,148.6107,3.3896,59.2877,0.6829,6.4135,0.3288
2030-03-06,10.7649,9.1054,75.4517,14.0532,132.6974,1.6380,39.7650,0.0674,3.1780,0.0242
2030-03-07,11.1817,0.1210,58.1527,11.6652,134.4141,2.5141,63.8058,0.9026,4.8036,0.3817
2030-03-08,13.1984,0.5939,59.6594,13.3037,136.4938,3.4973,76.1600,1.6057,6.5736,0.7823
2030-03-09,14.2004,2.2974,65.5299,13.5453,138.7539,3.0404,68.2180,1.1697,5.7650,0.5360
2030-03-10,11.7377,4.5230,67.0339,9.1757,133.7124,1.9021,52.0994,0.3318,3.6735,0.1259
2030-03-11,7.0705,5.7670,75.7719,17.2645,125.1339,0.7283,40.6069,0.0929,1.4357,0.0264
2030-03-12,5.9163,0.1015,53.7014,18.1019,125.9029,1.2820,63.5736,1.2355,2.5004,0.4094
2030-03-13,6.2638,0.1589,53.4651,16.8474,126.7344,1.8661,75.6257,1.8561,3.5997,0.6987
2030-03-14,8.9720,0.0006,43.4536,9.5744,128.0533,2.8370,82.4406,2.4377,5.3762,1.3600
2030-03-15,10.9990,0.0087,52.6397,7.3428,129.7371,3.8137,84.2958,2.7719,7.1053,2.1939
2030-03-16,11.3606,0.0902,64.0331,7.4039,131.4861,4.5777,84.3433,2.7983,8.4223,2.5145
2030-03-17,10.6908,6.3927,82.8046,12.7770,122.2273,2.3045,44.1067,0.1360,4.4016,0.0554
2030-03-18,12.3162,0.8909,54.6178,12.2690,124.1482,3.3424,65.9486,1.0150,6.2632,0.4833
2030-03-19,13.4482,7.2653,65.5071,13.4353,113.6922,2.0323,50.3775,0.3379,3.8907,0.1311
2030-03-20,13.5543,0.0001,43.9204,8.5865,115.8360,3.4331,73.2084,1.0825,6.3926,0.5204
2030-03-21,16.2549,0.0169,50.4532,9.9670,118.4659,4.8989,82.5151,2.5096,8.8797,2.2384
2030-03-22,16.3050,0.3533,63.4696,13.0624,121.1048,5.9827,83.8767,3.4963,10.6501,3.8586
2030-03-23,15.6983,0.7741,75.2403,13.1707,123.6345,6.6917,80.3272,2.2860,11.7882,2.4434
2030-03-24,13.8829,4.5770,73.7433,16.5674,119.1132,4.2639,56.9708,0.7607,7.8273,0.4038
2030-03-25,10.0841,2.2927,63.0901,17.8157,120.6323,3.4918,61.3467,1.0881,6.5124,0.5277
2030-03-26,9.1563,0.4365,47.9383,16.4567,121.9845,4.4020,76.6713,1.9487,8.0755,1.2545
2030-03-27,11.6769,0.0019,42.5231,11.1211,123.7903,5.6539,83.7692,3.1256,10.1489,3.2875
2030-03-28,13.7086,0.0005,50.1775,10.7454,125.9618,6.9115,85.5275,3.8955,12.1556,4.6948
2030-03-29,15.6721,0.0991,58.8626,16.0255,128.4868,8.0876,85.5754,5.1170,13.9759,6.6404
2030-03-30,15.0681,0.7442,54.3387,11.5271,130.9031,9.3460,83.9367,3.2619,15.8610,4.5901
2030-03-31,14.9754,0.0022,43.9851,9.3010,133.3027,10.8810,86.5373,4.1739,18.0737,6.3447
2030-04-01,15.4694,0.0192,54.5470,7.3264,137.0411,12.7068,86.5855,3.8045,20.6312,6.2865
2030-04-02,15.7839,0.0181,54.4590,4.4145,140.8362,14.5709,86.6338,3.3078,23.1532,5.9023
2030-04-03,19.2350,0.0275,51.8336,5.3610,145.2525,16.9454,86.8708,3.5881,26.2383,6.8818
2030-04-04,21.4346,0.0004,52.4000,4.5375,150.0648,19.5458,87.1299,3.5715,29.4893,7.3562
2030-04-05,22.7485,0.0000,47.5951,4.4073,155.1135,22.5757,87.9905,4.0126,33.1057,8.7368
2030-04-06,22.8706,0.0000,46.1143,4.8158,160.1842,25.7071,88.4256,4.3598,36.6927,9.9552
2030-04-07,22.9986,0.0000,47.0021,3.8412,165.2779,28.8034,88.4745,4.1800,40.1251,10.1220
2030-04-08,23.5857,0.0000,44.9167,4.5516,170.4774,32.0999,88.7986,4.5387,43.6515,11.3698
2030-04-09,20.3541,0.0001,49.2793,12.0788,175.0951,34.7380,88.8476,6.6789,46.4416,15.9220
2030-04-10,18.9026,0.0000,43.1914,8.4289,179.4516,37.4928,88.8965,5.5961,49.2573,14.3597
2030-04-11,19.9871,0.0000,42.8546,7.2399,184.0032,40.4142,88.9455,5.3079,52.1778,14.2296
2030-04-12,20.7183,0.0000,41.2017,10.5204,188.6865,43.5243,89.0612,6.3668,55.2102,16.8534
2030-04-13,20.2307,0.0086,38.6095,13.2270,193.2821,46.6989,89.4090,7.6708,58.2272,19.8866
2030-04-14,20.5426,0.0936,37.4757,12.0300,197.9337,49.9795,89.6913,7.5202,61.2770,20.1353
2030-04-15,20.5706,0.0639,35.7458,11.9380,202.5905,53.3552,90.0191,7.8455,64.3449,21.2967
2030-04-16,19.1352,0.5324,37.1531,12.9212,206.9888,56.4383,89.5000,7.6527,67.1221,21.3879
2030-04-17,19.7418,0.2770,34.7981,14.6594,211.4963,59.7327,90.0235,9.0043,70.0237,24.5273
2030-04-18,20.5430,0.0517,43.2305,14.4441,216.1481,62.7114,90.0729,8.9703,72.6950,24.9369
2030-04-19,18.7159,0.6730,52.8841,14.6445,220.4709,64.9748,86.4447,5.3925,74.8225,17.5637
2030-04-20,19.1707,0.1035,44.2484,13.9370,224.8756,67.7146,87.8892,6.3925,77.2645,20.2429
2030-04-21,19.9020,0.0608,33.5651,16.8640,229.4120,71.0972,89.9779,9.9966,80.1196,28.2205
2030-04-22,19.4894,0.1198,34.3616,16.0051,233.8741,74.3736,90.1470,9.8080,82.8667,28.3408
2030-04-23,16.7914,0.4976,49.4799,12.9940,237.8505,76.5648,88.9314,7.0789,84.8478,22.8753
2030-04-24,20.7716,0.0030,37.8149,9.1848,242.5434,79.8621,89.5672,6.4008,87.6078,21.6577
2030-04-25,20.9469,0.2040,46.0856,6.4592,247.2679,82.7438,89.6164,5.6189,90.1064,20.0161
2030-04-26,21.1260,0.4948,52.3139,5.3581,252.0246,85.3133,88.9681,4.8434,92.4164,18.2012
2030-04-27,22.4913,0.2410,50.7815,5.9207,257.0270,88.1282,89.0171,5.0179,94.9050,18.9456
2030-04-28,22.7412,0.7689,53.2936,6.3927,262.0744,90.8278,86.0174,3.3501,97.3278,14.1699
2030-04-29,23.7706,0.1101,48.3293,5.1688,267.3071,93.9432,87.7793,4.0453,100.0137,16.6008
2030-04-30,23.8093,0.7620,49.2329,8.0488,272.5468,97.0090,86.7015,4.0109,102.6638,16.7203
2030-05-01,21.9175,2.5831,58.6038,9.9593,278.8959,78.9450,74.8788,1.2569,92.4600,5.9354
2030-05-02,17.0883,9.1634,74.7591,12.4193,260.0829,43.6204,48.2497,0.2454,61.4678,0.4792
2030-05-03,16.7995,7.8980,70.1080,12.7502,246.0579,25.5171,46.7387,0.2026,40.5272,0.2939
2030-05-04,17.5682,4.1910,66.9518,10.7116,243.6614,18.9655,53.3134,0.4072,31.7523,0.4995
2030-05-05,19.0672,3.4396,65.4746,7.4534,243.8012,15.3990,57.3549,0.4953,26.5981,0.5398
2030-05-06,21.6807,1.0071,61.0193,5.7536,250.1078,17.7369,72.8377,0.9241,30.1316,1.3968
2030-05-07,21.6356,6.8919,68.4897,5.9434,240.3615,11.6706,53.9364,0.3406,20.8146,0.3167
2030-05-08,21.8693,5.4463,66.3302,4.9423,235.1998,8.6629,52.5729,0.2820,15.8650,0.2216
2030-05-09,21.9307,4.5701,64.6507,7.4144,232.7075,7.0879,57.2923,0.4919,13.1728,0.3463
2030-05-10,20.8361,3.7164,67.0972,9.9877,232.5214,6.0757,60.2119,0.6861,11.4062,0.4450
2030-05-11,19.0821,5.0253,75.3234,11.0460,228.2756,4.3891,52.0722,0.3635,8.3756,0.1997
2030-05-12,20.8211,0.5587,61.9260,9.5194,234.4274,6.5864,73.9954,1.1754,12.3082,0.7958
2030-05-13,20.4100,2.5781,63.0444,8.3209,240.5052,6.5909,69.1134,0.9250,12.3367,0.6271
2030-05-14,20.7244,3.5428,66.4757,7.1302,240.6845,5.8138,62.1018,0.6615,10.9654,0.4197
2030-05-15,24.3197,0.2097,58.7626,7.6726,247.4660,8.5735,79.9244,1.6609,15.7801,1.9503
2030-05-16,24.2174,0.0011,56.8344,9.3011,254.2291,11.4505,85.3398,3.5289,20.5834,5.8421
2030-05-17,23.2906,0.3033,62.8996,13.8016,260.8255,13.8328,85.6377,4.6144,24.4270,8.2708
2030-05-18,21.5047,4.8572,69.0839,15.0603,256.7998,10.2127,65.2526,1.1378,18.5784,0.9848
2030-05-19,19.4029,3.9542,57.6778,18.8498,255.2401,8.6308,67.6786,1.5016,15.9161,1.6464
2030-05-20,19.9167,0.5985,49.2068,16.9544,261.2291,11.4412,82.6348,3.6226,20.6241,5.9987
2030-05-21,15.6602,10.6498,71.4879,7.9756,238.8004,6.6485,45.9228,0.1414,12.4317,0.0963
2030-05-22,19.2794,1.1024,55.8316,11.3170,244.6747,9.0182,70.3522,1.1191,16.5147,0.9010
2030-05-23,18.2625,1.8749,62.0930,13.6061,250.3659,9.5835,72.5184,1.3554,17.4930,1.5029
2030-05-24,20.2060,0.0453,52.8130,10.3771,256.4070,12.2303,83.1383,2.7727,21.8545,4.7699
2030-05-25,21.4692,0.0548,52.6728,8.4456,262.6754,15.0423,86.1802,3.8013,26.3170,7.2678
2030-05-26,24.1727,0.0330,47.4957,8.1608,269.4305,18.5357,88.0621,4.8981,31.6311,10.0809
2030-05-27,21.5629,0.4549,64.0004,13.6113,275.7158,20.6835,87.0131,5.5488,34.8342,11.7844
2030-05-28,21.2470,0.5173,50.0250,14.9123,281.9443,23.6237,87.4024,6.2629,39.0645,13.8080
2030-05-29,20.9916,0.3232,45.7580,10.6654,288.1268,26.7784,88.1189,5.6023,43.4591,13.4150
2030-05-30,21.2574,0.1855,46.2492,11.1496,294.3571,29.9421,88.2385,5.8400,47.7431,14.5881
2030-05-31,20.9021,0.9140,47.5381,14.2951,300.5235,32.9809,85.9623,4.9504,51.7607,13.4175
2030-06-01,22.3868,0.0106,44.2784,9.6892,307.9571,36.4263,88.2345,5.4226,56.2261,15.0753
2030-06-02,23.9378,0.1413,44.4345,6.8023,315.6699,40.0890,88.8756,5.1403,60.8566,15.1187
2030-06-03,23.6328,0.7362,50.2666,15.0342,323.3278,43.3273,87.0855,6.0231,64.9093,17.6467
2030-06-04,22.9617,1.2134,54.3359,12.8839,330.8650,46.2199,83.6064,3.3435,68.5128,11.5393
2030-06-05,20.5823,4.4294,59.9816,13.2229,327.2851,34.1010,67.9365,1.1404,54.1078,3.5536
2030-06-06,21.8311,2.3887,57.1980,11.9363,334.6187,31.4849,72.9184,1.2661,50.9782,3.8134
2030-06-07,23.6305,0.0043,47.5680,8.1798,342.2762,34.8986,84.9836,3.1751,55.6197,9.7591
2030-06-08,25.0936,0.1238,45.6433,9.7653,350.1970,38.6470,88.3094,5.5022,60.5802,15.8818
2030-06-09,25.4008,0.8573,49.3591,9.0756,358.1731,42.1801,86.7303,4.2412,65.1726,13.5427
2030-06-10,23.5595,2.0064,56.8440,10.0919,365.8179,40.7794,78.9805,1.7093,63.7832,6.1349
2030-06-11,23.0921,3.5222,61.9279,9.5474,365.3371,32.8165,69.4976,0.9960,53.5971,2.9946
2030-06-12,25.3070,3.1923,61.9384,9.1032,366.5835,27.6834,70.3788,1.0018,46.5739,2.6508
2030-06-13,27.4595,0.8162,55.8596,6.5949,374.9302,31.0022,82.3845,2.0833,51.3826,6.3830
2030-06-14,26.3675,2.8250,62.2563,7.5649,377.7149,27.4257,74.0009,1.0655,46.4242,2.8647
2030-06-15,27.0340,0.8742,55.4489,7.6504,385.9850,30.7254,83.0829,2.3996,51.2515,7.2613
2030-06-16,28.6266,0.4828,48.8479,6.0384,394.5418,34.7286,87.9978,4.3609,56.9295,12.8146
2030-06-17,30.7440,0.1509,45.9230,6.1834,403.4797,39.2621,89.6449,5.5641,63.1593,16.3868
2030-06-18,31.5424,0.6486,45.1617,7.5186,412.5613,43.9747,89.6529,5.9581,69.4443,18.1571
2030-06-19,32.3555,0.0230,35.9345,7.9715,421.7893,49.6174,91.8278,8.3131,76.6832,24.3054
2030-06-20,30.7848,0.0251,42.0401,10.0933,430.7346,54.4827,91.8778,9.3169,82.7866,27.3482
2030-06-21,29.9982,2.2919,55.2183,8.6684,439.5382,50.6535,82.0663,2.2241,78.6480,8.9410
2030-06-22,30.1252,1.7671,54.0730,6.7863,448.3648,51.0944,82.3708,2.0999,79.5309,8.5688
2030-06-23,31.4925,0.0000,41.1628,7.7005,457.4374,56.1429,89.9204,6.2480,85.9220,21.0680
2030-06-24,32.1614,0.0026,37.6242,13.1733,466.6305,61.6049,91.5561,10.3962,92.6353,31.1696
2030-06-25,26.7089,0.0248,37.6021,18.5386,474.8421,66.1731,91.6060,13.7202,98.1509,38.4825
2030-06-26,25.5772,0.7211,42.6503,13.7607,482.8500,70.2009,89.0965,7.5342,102.9737,26.3390
2030-06-27,26.9364,0.0264,40.5224,9.5113,491.1025,74.5909,90.0912,7.0145,108.1254,25.6443
2030-06-28,28.0141,0.0090,38.8010,9.9167,499.5491,79.2817,90.6774,7.7853,113.5218,28.1558
2030-06-29,25.8697,0.8939,44.5186,14.9772,507.6096,83.2210,88.1439,6.9870,118.0551,26.5796
2030-06-30,28.1282,0.0000,37.2916,9.6229,516.0767,88.0463,90.7018,7.6977,123.4423,28.9203
2030-07-01,28.9524,0.0434,36.9630,6.6269,524.9921,92.4954,91.1975,7.1036,128.4247,27.7956
2030-07-02,27.9234,0.9021,43.1624,6.6700,533.7223,96.3696,88.4823,4.8258,132.7951,21.4754
2030-07-03,27.1621,2.5025,49.4546,8.7205,542.3155,80.2656,80.7933,1.9222,117.1750,10.0112
2030-07-04,28.5714,0.2210,41.4140,9.0897,551.1623,84.3482,89.0535,5.9174,122.0146,24.0046
2030-07-05,30.4374,0.0000,32.6145,6.9586,560.3451,89.3393,92.0098,8.1055,127.7562,30.3444
2030-07-06,30.9140,0.0001,34.2644,10.3799,569.6136,94.2817,92.1225,9.7853,133.3738,34.9391
2030-07-07,30.7840,0.0024,35.8509,11.0209,578.8587,99.0853,92.1726,10.1782,138.7814,36.3281
2030-07-08,29.7864,0.0000,31.4841,9.9866,587.9243,104.0554,92.4658,10.0691,144.2740,36.5042
2030-07-09,31.1068,0.0000,32.1900,8.3400,597.2275,109.1845,92.5704,9.4047,149.8709,35.2844
2030-07-10,32.6850,0.0000,30.6434,7.3803,606.8148,114.6877,93.1148,9.6720,155.7729,36.3102
2030-07-11,33.7938,0.0000,32.4006,6.6118,616.6017,120.2275,93.1652,9.3704,161.6547,35.8846
2030-07-12,32.4233,1.2298,39.5734,7.2917,626.1419,124.9849,89.5585,5.8111,166.7546,26.1940
2030-07-13,32.0049,2.4809,44.8614,8.0081,635.6068,98.1910,84.7871,3.0640,141.6683,15.7375
2030-07-14,30.4932,1.8348,50.6383,9.5522,644.7996,91.4616,84.2159,3.0652,135.0373,15.4659
2030-07-15,32.7219,0.0016,37.0965,8.2899,654.3935,96.4582,91.1672,7.6913,140.9690,30.2995
2030-07-16,34.1378,0.0169,33.3347,6.5025,664.2423,101.9753,92.7309,8.7687,147.3841,33.5280
2030-07-17,35.0657,0.1720,30.9408,8.1801,674.2581,107.8410,93.4637,10.5726,154.0750,38.3777
2030-07-18,34.8246,0.0547,32.5729,7.7284,684.2306,113.5299,93.5142,10.4076,160.4880,38.3701
2030-07-19,35.0056,0.0000,31.7056,7.9700,694.2356,119.3210,93.5647,10.6095,166.9193,39.1954
2030-07-20,31.8324,0.0000,25.5748,14.5857,703.6694,125.0774,94.0472,15.8332,173.1923,50.9440
2030-07-21,31.2672,0.0000,24.7980,12.0716,713.0015,130.7939,94.1439,14.1373,179.3413,47.7440
2030-07-22,32.0396,0.0000,26.6434,11.1293,722.4726,136.5033,94.1947,13.5767,185.4226,46.7931
2030-07-23,32.2899,0.0000,26.5969,10.9662,731.9888,142.2594,94.2454,13.5603,191.4835,46.9803
2030-07-24,32.9513,0.0000,26.3191,11.4324,741.6240,148.1518,94.2962,13.9804,197.6126,48.0947
2030-07-25,34.3439,0.0000,21.9645,11.9887,751.5099,154.6476,95.2353,16.3574,204.2286,53.2647
2030-07-26,34.9456,0.0000,22.9735,11.1892,761.5041,161.1683,95.2864,15.8216,210.7999,52.3473
2030-07-27,36.6249,0.0000,23.2945,7.5006,771.8006,167.9644,95.3793,13.3057,217.5610,47.1010
2030-07-28,37.9816,0.0000,24.5827,8.0822,782.3413,174.8866,95.4305,13.7972,224.3780,48.3162
2030-07-29,31.4574,0.7266,38.2243,17.3315,791.7076,179.6101,91.2943,12.3514,229.2173,45.1225
2030-07-30,32.9802,0.0000,26.2853,10.8228,801.3481,185.5102,93.9331,12.8930,235.0098,46.4477
2030-07-31,34.1113,0.0000,25.5975,12.5167,811.1921,191.6630,94.4342,15.0495,240.9820,51.2688
2030-08-01,33.5250,0.0010,37.1526,13.0130,820.2306,196.1554,93.6582,13.8581,245.5216,48.7380
2030-08-02,34.9205,0.0004,33.8273,13.9474,829.5203,201.0762,93.7087,14.6287,250.4060,50.4711
2030-08-03,30.3047,1.3859,43.4482,18.6060,837.9791,204.7427,88.6421,9.0104,254.2088,37.0482
2030-08-04,27.9536,0.0000,27.8496,12.3917,846.0148,209.0703,92.4965,11.4157,258.4610,43.2070
2030-08-05,29.0646,0.0000,22.4084,9.8834,854.2504,213.9022,94.1344,12.6447,263.1033,46.1460
2030-08-06,30.9920,0.0000,21.6429,8.1455,862.8330,219.0935,94.7422,12.5972,268.0357,46.0678
2030-08-07,33.2580,0.0000,22.7928,7.2934,871.8234,224.5699,94.9108,12.3503,273.2050,45.5225
2030-08-08,35.2759,0.0000,23.1722,5.4504,881.1771,230.3394,95.1638,11.6517,278.6084,43.8926
2030-08-09,34.7898,0.0000,26.0482,7.8279,890.4432,235.8187,95.2149,13.2266,283.7630,47.5926
2030-08-10,33.6586,0.0000,29.5534,8.5516,899.5058,240.8738,95.0716,13.4517,288.5647,48.1215
2030-08-11,34.0515,0.0000,27.7372,8.1259,908.6390,246.1178,95.1226,13.2585,293.4935,47.7030
2030-08-12,35.4084,0.0000,24.9200,6.7238,918.0165,251.7766,95.1737,12.4406,298.7287,45.8372
2030-08-13,35.8980,0.0000,27.8618,5.7582,927.4822,257.2866,95.2247,11.9328,303.8504,44.6536
2030-08-14,35.4011,0.0000,26.0583,7.5853,936.8584,262.8585,95.2758,13.1752,308.9843,47.5593
2030-08-15,34.9959,0.0000,26.1226,8.5180,946.1616,268.3637,95.3269,13.9058,314.0437,49.2143
2030-08-16,33.9710,0.0000,30.6620,9.3283,955.2804,273.3840,94.9499,13.7574,318.7306,48.8938
2030-08-17,31.6822,0.0000,27.4156,13.0062,963.9872,278.2963,95.0009,16.6747,323.2748,55.1284
2030-08-18,31.0678,0.0000,24.2110,10.1386,972.5834,283.3294,95.0519,14.5324,327.8724,50.6197
2030-08-19,32.5239,0.0000,23.6599,7.0925,981.4417,288.6286,95.1029,12.5518,332.6717,46.1678
2030-08-20,34.0790,0.0000,26.2413,8.5694,990.5799,293.9853,95.1540,13.6163,337.5354,48.6085
2030-08-21,31.5609,0.0396,34.0393,12.6779,999.2649,298.4329,93.9998,14.2879,341.7240,50.1049
2030-08-22,31.5854,0.0000,27.3816,12.4954,1007.9543,303.3330,94.0505,14.2569,346.2017,50.0419
2030-08-23,31.9134,0.0000,20.5276,11.9896,1016.7027,308.7494,95.1253,16.1142,351.0126,54.0145
2030-08-24,33.5196,0.0000,19.6865,9.4114,1025.7402,314.4895,95.6210,15.1406,356.0606,51.9674
2030-08-25,34.7772,0.0000,20.5541,6.9297,1035.0041,320.3738,95.6722,13.4541,361.2193,48.2667
2030-08-26,34.9350,0.0000,21.5286,8.2075,1044.2964,326.2115,95.7234,14.4491,366.3371,50.4807
2030-08-27,34.4854,0.0000,22.2027,11.2868,1053.5078,331.9269,95.7747,16.9922,371.3512,55.8332
2030-08-28,33.7963,0.0000,26.5921,11.1530,1062.5951,337.2153,95.6707,16.6415,376.0674,55.1218
2030-08-29,33.2876,0.0000,26.0507,9.4507,1071.5909,342.4651,95.6704,15.2729,380.7359,52.2669
2030-08-30,31.1930,0.0033,34.8109,11.1808,1080.2096,346.8111,93.9145,13.0939,384.7797,47.4618
2030-08-31,30.8780,0.0785,38.5366,10.8017,1088.7716,350.8688,92.9973,11.3043,388.6337,43.2330
2030-09-01,30.4622,0.3271,35.4710,7.7399,1095.9588,354.4948,93.0476,9.7567,392.0013,39.3237
2030-09-02,28.1132,0.3326,36.7502,13.0536,1102.7232,357.7844,92.7515,12.2336,395.0934,45.4673
2030-09-03,27.0127,0.0005,29.5450,10.3074,1109.2895,361.3107,92.8018,10.7281,398.2956,41.8102
2030-09-04,28.3814,0.0000,26.1668,9.1455,1116.1022,365.1860,93.3081,10.8612,401.7461,42.1436
2030-09-05,28.7846,0.0000,26.2287,10.2643,1122.9874,369.1111,93.4125,11.6597,405.2343,44.1011
2030-09-06,29.2000,0.0000,24.3947,8.6304,1129.9474,373.1896,93.8432,11.4014,408.8228,43.4760
2030-09-07,31.3923,0.0000,28.7804,7.6302,1137.3020,377.3095,93.8938,10.9175,412.4963,42.2861
2030-09-08,27.4972,0.0000,37.2541,13.4417,1143.9555,380.5041,92.7312,12.4398,415.4988,45.9572
2030-09-09,27.6000,0.0000,27.6937,13.3549,1150.6275,384.1987,92.8929,12.6696,418.8002,46.4939
2030-09-10,27.3712,0.0000,30.3727,11.6129,1157.2583,387.7280,92.9432,11.6870,421.9938,44.1706
2030-09-11,28.2607,0.0000,31.9475,7.6937,1164.0492,391.2853,92.9935,9.6605,425.2283,39.0789
2030-09-12,29.8755,0.0000,32.3258,6.5140,1171.1308,395.0174,93.0439,9.1674,428.6122,37.7695
2030-09-13,31.4687,0.0002,30.4336,6.5660,1178.4992,399.0511,93.0942,9.2565,432.2187,38.0090
2030-09-14,31.4251,0.0000,32.2934,7.1294,1185.8597,402.9718,93.1446,9.5904,435.7547,38.8959
2030-09-15,30.5933,0.0000,31.5811,10.9763,1193.0705,406.8323,93.1950,11.7241,439.2275,44.2624
2030-09-16,29.6484,0.0000,29.8016,13.9100,1200.1112,410.6752,93.2454,13.6881,442.6586,48.8210
2030-09-17,29.2771,0.0000,27.9458,12.5462,1207.0851,414.5721,93.2958,12.8693,446.1069,46.9600
2030-09-18,29.0466,0.0000,29.1688,11.0020,1214.0175,418.3737,93.3463,11.9901,449.4901,44.9000
2030-09-19,28.8626,0.0002,31.2050,8.8912,1220.9168,422.0435,93.3967,10.8564,452.7893,42.1395
2030-09-20,28.5873,0.0302,35.7013,6.3392,1227.7665,425.4420,93.0688,9.1188,455.9221,37.6414
2030-09-21,28.3397,2.4247,50.9574,9.3232,1234.5716,132.4215,82.1156,2.3126,208.8415,13.8981
2030-09-22,27.3225,2.6950,57.7431,7.6352,1241.1937,96.2893,76.5931,1.2425,161.2960,7.8657
2030-09-23,28.3283,0.4919,49.9366,6.6221,1247.9968,98.9123,86.5722,3.6649,165.1094,18.8279
2030-09-24,29.5296,0.0059,39.4084,6.7239,1255.0161,102.2164,90.3227,6.3007,169.8489,27.8054
2030-09-25,29.2552,0.0023,38.0898,6.6014,1261.9860,105.5623,91.0047,6.9024,174.6102,29.7556
2030-09-26,28.0556,0.0001,38.6746,9.5813,1268.7401,108.7455,91.0544,8.0777,179.1113,33.2263
2030-09-27,25.0684,0.4361,49.7853,12.9279,1274.9564,111.0850,90.0293,8.2588,182.4323,33.8286
2030-09-28,24.3694,0.0000,43.6241,11.0109,1281.0468,113.6413,90.0787,7.5516,186.0267,31.9736
2030-09-29,24.9219,0.0000,43.4360,8.5149,1287.2368,116.2618,90.1281,6.7064,189.6918,29.6090
2030-09-30,25.5224,0.0408,40.5391,6.7917,1293.5348,119.0801,90.1775,6.1922,193.6034,28.1316
2030-10-01,25.6889,1.3696,55.3190,9.5387,1298.8628,120.8937,83.7407,2.8752,196.1460,16.2732
2030-10-02,22.6083,9.7921,76.1499,13.4867,1053.7145,60.7756,54.4031,0.5210,106.2330,2.4493
2030-10-03,18.3568,1.7588,49.3795,15.9062,1057.7227,58.1747,72.8824,1.5442,102.2852,7.6750
2030-10-04,20.2781,0.0000,35.6136,8.1457,1062.0768,60.2603,86.0191,3.6604,105.5489,15.8301
2030-10-05,21.9088,2.6187,55.9393,10.9083,1066.7244,51.0972,75.6312,1.3765,91.2651,6.4135
2030-10-06,21.9609,10.8401,79.2758,18.4142,896.7580,26.2783,51.8657,0.5152,48.9692,0.8541
2030-10-07,20.2095,0.6198,45.6346,15.9685,901.0997,28.0337,79.0130,2.3054,52.0213,7.0696
2030-10-08,18.5147,0.0073,41.1502,7.3448,905.1364,29.7827,86.1220,3.5668,55.0380,10.6840
2030-10-09,16.2867,6.3824,72.4158,13.5296,839.0307,17.9532,55.1973,0.5618,34.0832,0.7232
2030-10-10,15.3813,0.0509,47.6931,15.6403,842.5034,19.2594,77.2510,1.9513,36.4365,4.7157
2030-10-11,16.2991,0.0059,43.6236,6.3233,846.1412,20.7457,84.5419,2.7222,39.0950,6.8440
2030-10-12,18.1808,0.3278,51.7842,9.5147,850.1177,22.1543,86.1798,4.0114,41.5984,9.9876
2030-10-13,18.8463,1.7362,58.8781,9.3297,854.2141,21.8173,77.3811,1.4340,41.0157,3.6901
2030-10-14,19.0173,0.0125,47.7019,6.9872,858.3412,23.4114,84.7112,2.8804,43.8339,7.7458
2030-10-15,20.5265,0.4049,56.3749,6.1534,862.7400,24.8410,85.9062,3.2587,46.3458,8.9316
2030-10-16,19.8918,0.4484,66.7426,5.9922,867.0245,25.8988,85.9542,3.2542,48.1983,9.1360
2030-10-17,21.1811,0.0152,59.1818,5.7006,871.5411,27.2768,86.0092,3.2316,50.5949,9.3533
2030-10-18,21.8505,0.0011,62.1642,9.8873,876.1782,28.5925,86.0573,4.0176,52.8717,11.5007
2030-10-19,22.9707,0.0000,61.8993,5.0854,881.0169,29.9822,86.1053,3.1755,55.2627,9.7224
2030-10-20,24.8889,0.0001,55.8103,6.4411,886.2009,31.7223,86.9509,3.8322,58.2333,11.7095
2030-10-21,25.5102,0.0000,49.2161,9.7796,891.4967,33.7699,88.1847,5.4085,61.6970,15.8349
2030-10-22,24.0959,0.0000,49.2369,8.9527,896.5380,35.7078,88.2334,5.2242,64.9486,15.8674
2030-10-23,25.4974,0.0000,45.3346,6.9124,901.8315,37.9109,88.9681,5.2380,68.6111,16.3874
2030-10-24,23.3061,0.0832,51.0306,11.8720,906.7306,39.7218,89.0171,6.7726,71.6018,20.2673
2030-10-25,19.1650,0.0000,53.5222,10.3024,910.8843,41.1489,88.3995,5.7267,73.9465,18.2450
2030-10-26,20.2119,0.0491,56.6120,6.6225,915.2264,42.5500,87.9900,4.4861,76.2389,15.4549
2030-10-27,20.4631,0.2495,65.7408,12.4723,919.6138,43.6693,86.6209,4.9555,78.0704,16.8818
2030-10-28,21.8805,1.2716,70.3224,14.2474,924.2563,44.7027,79.8352,2.2921,79.7610,9.2564
2030-10-29,21.1885,0.3427,61.3739,7.4294,928.7742,46.0071,83.9068,2.6428,81.8750,10.5955
2030-10-30,21.1050,2.9128,59.0481,9.3064,910.8839,38.1357,71.9937,1.0699,69.0447,4.0368
2030-10-31,17.6925,1.6020,53.6180,14.8195,914.7725,37.9396,76.4569,1.7679,68.7507,6.6676
2030-11-01,13.7021,0.1114,40.1979,9.2730,916.9429,39.1132,84.4143,3.1043,70.6882,11.0678
2030-11-02,16.4047,0.0472,51.0542,6.0263,919.5997,40.2491,85.9096,3.2395,72.5588,11.6378
2030-11-03,18.1285,0.1040,59.6333,7.5980,922.5669,41.2782,85.9576,3.5301,74.2509,12.6370
2030-11-04,18.0618,5.0255,68.7948,14.2114,871.9462,27.7456,61.6475,0.9225,51.4021,2.6072
2030-11-05,15.3545,0.0214,46.4932,9.6648,874.4140,28.9129,78.7051,1.6308,53.4106,5.1680
2030-11-06,15.0200,4.5819,65.1384,10.5177,834.7391,19.8342,58.5847,0.6329,37.4442,0.8693
2030-11-07,18.5960,3.2500,60.9113,12.6937,815.7608,15.5830,63.8501,0.9525,29.7455,1.4682
2030-11-08,14.8944,0.0004,45.0532,10.3366,818.1458,16.7482,79.7254,1.8612,31.8656,4.0668
2030-11-09,15.6888,0.0128,47.2127,5.8193,820.6738,17.9232,84.6752,2.7025,33.9905,6.2113
2030-11-10,16.9556,0.0287,51.5585,5.3393,823.4298,19.0828,85.9938,3.1664,36.0754,7.4671
2030-11-11,18.0529,0.1700,62.5389,7.2613,826.3834,20.0340,86.0419,3.5120,37.7784,8.4194
2030-11-12,18.7091,0.3911,67.6137,7.3450,829.4550,20.8846,85.7804,3.4000,39.2956,8.3818
2030-11-13,18.2675,1.9783,70.9742,7.1997,832.4471,19.2484,71.6884,0.9515,36.3931,1.9021
2030-11-14,18.8477,1.9095,70.1460,8.4077,835.5437,17.9859,68.8592,0.9216,34.1348,1.6612
2030-11-15,19.5182,0.6210,69.0503,10.2882,838.7610,18.8319,77.8331,1.5603,35.6621,3.6377
2030-11-16,20.5571,1.3914,70.8689,13.1540,842.1653,19.6684,76.0311,1.5804,37.1667,3.8121
2030-11-17,18.2843,8.8025,73.7129,15.6112,757.8620,10.7493,52.3603,0.4720,20.7623,0.4381
2030-11-18,15.6560,0.1427,54.5913,10.6372,760.3841,11.7580,73.6237,1.2223,22.6408,1.6916
2030-11-19,12.2139,0.0019,48.1931,11.1956,762.2866,12.6725,81.9826,2.5006,24.3336,4.6049
2030-11-20,16.1612,0.0025,59.4176,8.0087,764.8996,13.6012,84.0731,2.7821,26.0446,5.3717
2030-11-21,17.5014,0.4584,70.9187,12.4498,767.7538,14.3184,84.1205,3.5020,27.3611,6.9036
2030-11-22,17.1206,5.0688,66.4990,15.5178,732.9505,9.3862,61.8810,0.9977,18.1900,0.8524
2030-11-23,13.6697,0.1608,51.5431,9.0825,735.1150,10.3351,76.9634,1.3724,19.9683,1.8048
2030-11-24,14.2807,0.0000,50.1008,5.3755,737.3895,11.3526,82.9000,2.0902,21.8637,3.5021
2030-11-25,15.6695,0.0057,55.8962,6.2365,739.9140,12.3331,84.7033,2.7705,23.6796,5.0252
2030-11-26,15.5233,2.2927,70.4732,13.2419,742.4122,10.5263,69.7799,1.2106,20.3318,1.4405
2030-11-27,15.2057,14.9281,85.1594,12.7409,624.7666,4.9330,33.8722,0.0177,9.6750,0.0105
2030-11-28,16.5290,0.8027,71.7216,5.9793,627.4458,5.5939,54.9403,0.3752,10.9440,0.2378
2030-11-29,15.5095,2.1412,78.6352,13.6469,629.9415,4.5587,57.6728,0.6933,8.9554,0.3944
2030-11-30,13.7620,10.9417,86.0653,14.4220,563.9961,2.0072,32.4290,0.0135,3.9789,0.0053
2030-12-01,13.1610,4.7211,83.2950,9.3650,545.2652,0.7785,32.4986,0.0107,1.5514,0.0031
2030-12-02,14.7797,12.2014,79.1578,19.5429,484.7028,0.3761,35.9804,0.0406,0.7508,0.0101
2030-12-03,12.1518,0.4780,50.8140,16.4301,486.5941,1.1168,65.9714,1.2528,2.2209,0.4001
2030-12-04,15.4597,0.0463,65.2446,10.5116,489.0808,1.7709,77.0250,1.4816,3.5100,0.5524
2030-12-05,16.2064,0.3973,74.6150,7.2451,491.7020,2.2701,79.9751,1.6340,4.4884,0.6715
2030-12-06,16.0087,1.3764,81.3329,8.3032,494.2875,2.6330,71.0636,0.9844,5.1969,0.4306
2030-12-07,16.4488,0.5169,82.5099,6.9939,496.9523,2.9818,75.2019,1.1020,5.8755,0.5094
2030-12-08,15.5544,2.2433,85.9226,13.1169,499.4561,2.0153,60.2729,0.8063,3.9904,0.3159
2030-12-09,14.8318,11.8098,87.1502,17.2680,447.1946,0.5794,33.2020,0.0189,1.1550,0.0051
2030-12-10,13.3152,16.1013,88.8201,19.8506,382.3964,0.1831,23.5306,0.0013,0.3658,0.0003
2030-12-11,12.6956,1.7650,77.0369,15.1835,384.3856,0.3600,43.8832,0.1481,0.7183,0.0367
2030-12-12,11.8846,0.0000,54.2547,13.1296,386.2288,1.0350,68.0210,1.1382,2.0562,0.3553
2030-12-13,14.4107,0.0722,56.0127,12.7453,388.5267,1.8103,79.5015,2.0547,3.5790,0.7718
2030-12-14,12.6072,0.0006,43.8649,9.6797,390.5000,2.6848,84.6873,3.2882,5.2788,2.3019
2030-12-15,14.7760,2.2884,70.2346,13.7548,392.8637,2.0139,69.6139,1.2358,3.9768,0.4835
2030-12-16,14.0908,7.5518,77.5291,13.3596,369.6598,0.7917,45.1022,0.1638,1.5750,0.0476
2030-12-17,11.1924,0.1264,57.0779,11.1247,371.3785,1.3913,66.8958,0.9910,2.7568,0.3391
2030-12-18,12.6968,0.0007,59.9525,9.5058,373.3679,2.0192,77.3210,1.4401,3.9845,0.5639
2030-12-19,13.9987,0.0102,65.1517,8.7622,375.5917,2.6171,81.2216,2.0219,5.1446,0.8806
2030-12-20,13.4221,0.0708,66.9752,8.1270,377.7116,3.1621,82.5185,2.2883,6.1946,1.3647
2030-12-21,14.8939,0.0871,61.7899,9.0762,380.0965,3.8566,83.8348,2.8442,7.5224,2.3741
2030-12-22,14.2418,0.0002,61.0378,7.9490,382.3641,4.5359,84.3210,2.8676,8.8105,2.6826
2030-12-23,13.3355,0.0243,67.2873,7.8038,384.4684,5.0725,84.3685,2.8650,9.8211,2.8880
2030-12-24,12.9491,0.6941,73.3052,5.1889,386.5033,5.4987,80.9875,1.6443,10.6197,1.1554
2030-12-25,13.4975,0.6427,74.4685,5.3738,388.6368,5.9223,79.8702,1.4710,11.4098,0.9541
2030-12-26,15.0208,0.2132,65.6763,7.5569,391.0446,6.5511,82.3036,2.1650,12.5754,2.3834
2030-12-27,13.7461,0.0307,58.9996,6.6535,393.2229,7.2428,83.8706,2.5293,13.8479,3.1465
2030-12-28,13.3193,2.9051,78.4901,10.2462,389.3647,5.1207,60.4988,0.7074,9.9154,0.4248
2030-12-29,15.2628,2.9368,70.1362,11.3249,385.7781,3.6218,58.4935,0.6550,7.0776,0.3307
2030-12-30,12.6232,5.4373,69.6288,9.1487,371.3487,1.9312,46.7722,0.1698,3.8129,0.0653
2030-12-31,11.7666,3.0644,69.8611,12.1617,366.8773,1.0831,50.9333,0.3384,2.1504,0.1070
2031-01-01,9.6598,2.9328,69.8850,13.0636,362.6264,0.4697,51.7283,0.3875,0.9363,0.1005
2031-01-02,8.0242,2.7959,63.2780,11.8637,363.7747,0.4125,53.2114,0.4271,0.8227,0.1082
2031-01-03,5.7085,1.1253,60.0704,15.4974,364.5063,0.7472,64.2165,1.1147,1.4867,0.3191
2031-01-04,3.9171,0.3554,61.9900,22.5799,364.9154,0.9820,74.3407,2.3085,1.9508,0.7098
2031-01-05,2.3271,0.3389,64.4932,25.3810,365.0382,1.1318,78.6178,3.5718,2.2461,1.5436
2031-01-06,2.2339,0.5506,68.1336,19.3861,365.1443,1.2626,79.5506,2.8853,2.5035,0.9565
2031-01-07,3.8694,0.0094,64.4749,11.9157,365.5448,1.4799,80.9917,2.3088,2.9301,0.8067
2031-01-08,6.0284,0.0313,62.2883,6.0632,366.3340,1.8108,82.0333,1.9427,3.5775,0.7296
2031-01-09,9.5451,0.3464,69.5853,8.3178,367.7561,2.2094,82.2244,2.2278,4.3535,0.9040
2031-01-10,14.0701,0.4491,74.5617,12.8140,369.9927,2.6845,82.2712,2.8104,5.2734,1.7910
2031-01-11,15.2271,0.3227,68.1002,12.1856,372.4376,3.3257,83.0743,3.0123,6.5062,2.3295
2031-01-12,13.7006,0.0907,71.0078,9.4740,374.6077,3.8540,83.1214,2.6435,7.5147,2.1290
2031-01-13,14.8284,0.7388,70.2430,12.0833,376.9808,4.4375,80.9570,2.3193,8.6213,1.9317
2031-01-14,8.4478,0.5539,54.1712,18.6114,378.2054,4.9762,83.0003,4.1248,9.6354,4.3562
2031-01-15,5.0137,0.0033,53.0215,12.6111,378.8119,5.3298,83.8559,3.4083,10.2974,3.6716
2031-01-16,6.3327,0.0005,58.2557,8.6162,379.6558,5.7118,83.9032,2.8044,11.0094,3.0412
2031-01-17,8.2520,0.0045,53.7431,7.7004,380.8451,6.2443,84.4707,2.8898,11.9969,3.3444
2031-01-18,8.1359,0.1887,63.6140,10.2916,382.0136,6.6580,84.5182,3.3141,12.7601,4.0700
2031-01-19,6.4407,0.1130,65.3995,11.8547,382.8769,6.9793,84.2895,3.4766,13.3501,4.4083
2031-01-20,6.6216,0.0003,56.6952,9.9629,383.7728,7.3909,84.3370,3.1808,14.1028,4.1468
2031-01-21,8.2254,0.0000,50.9807,9.0874,384.9574,7.9537,84.9396,3.3036,15.1260,4.5147
2031-01-22,8.6809,0.1107,64.3083,7.1201,386.2240,8.3835,84.7890,2.9307,15.9039,4.1006
2031-01-23,9.7005,1.4730,78.2714,7.9587,387.6740,8.6724,71.1976,0.9718,16.4261,0.7799
2031-01-24,14.5686,4.1579,66.5522,11.8181,378.8411,5.7677,57.8768,0.6420,11.1124,0.4104
2031-01-25,13.4075,0.5175,65.3611,7.3680,380.9584,6.3863,71.5465,0.9548,12.2589,0.6450
2031-01-26,8.5355,0.0189,53.5139,13.8335,382.1988,6.9377,79.6030,2.1926,13.2731,2.5337
2031-01-27,2.4607,0.0443,56.9506,12.6845,382.3457,7.1265,81.5981,2.5743,13.6183,3.1769
2031-01-28,4.5265,0.2872,65.4210,6.2563,382.8645,7.3660,81.9564,1.9435,14.0559,2.2379
2031-01-29,8.1779,0.8373,69.8746,6.4868,384.0405,7.7101,78.0458,1.3113,14.6832,0.9838
2031-01-30,12.0183,4.5126,80.9254,13.2144,373.3782,4.6167,50.1627,0.3257,8.9565,0.1853
2031-01-31,13.4704,5.5482,71.7349,14.3223,359.1497,2.5726,46.9325,0.2254,5.0547,0.0974
2031-02-01,11.4699,5.3600,62.7718,18.1912,345.8475,1.4811,50.1539,0.4181,2.9309,0.1461
2031-02-02,11.5877,2.1534,69.7500,12.4723,347.6373,1.1150,56.5288,0.5972,2.2122,0.1905
2031-02-03,11.6226,1.6813,69.2616,9.5092,349.4333,1.1354,61.1205,0.7068,2.2525,0.2267
2031-02-04,7.5745,0.3422,49.4420,17.0739,350.5008,1.7584,75.7120,1.8873,3.4732,0.7010
2031-02-05,2.3725,0.0160,52.0898,16.5342,350.6318,1.9947,80.3761,2.7224,3.9334,1.2883
2031-02-06,4.2539,0.0014,46.6304,9.8790,351.1015,2.4006,83.1845,2.7201,4.7205,1.5350
2031-02-07,7.9552,0.0102,41.6106,6.7426,352.2374,3.1516,85.4046,3.1301,6.1654,2.3734
2031-02-08,8.3468,5.6118,76.7475,8.2140,337.6713,1.4661,46.2103,0.1493,2.9008,0.0520
2031-02-09,7.0961,1.7261,64.1321,13.1930,338.6526,1.2693,56.1201,0.5986,2.5150,0.1987
2031-02-10,4.3915,0.9348,62.4584,13.0078,339.1471,1.5622,65.3189,1.0286,3.0887,0.3661
2031-02-11,3.6578,0.3648,62.9795,13.4682,339.5095,1.8124,73.7617,1.4186,3.5770,0.5328
2031-02-12,7.1285,0.1527,58.3562,14.3423,340.4966,2.2991,79.5919,2.2470,4.5219,0.9262
2031-02-13,6.0864,0.3895,58.1097,14.1950,341.2962,2.7267,82.0043,2.9163,5.3467,1.9282
2031-02-14,2.4045,0.1285,60.3221,15.0599,341.4330,2.9243,82.4747,3.2275,5.7259,2.3618
2031-02-15,2.4246,0.2981,64.7053,13.2087,341.5734,3.1010,82.5216,2.9573,6.0643,2.1584
2031-02-16,1.1795,0.4341,63.7180,15.9199,341.5734,3.2185,82.5685,3.4101,6.2888,2.7038
2031-02-17,0.8306,0.3183,61.1646,16.4554,341.5734,3.3250,82.6154,3.5241,6.4919,2.8775
2031-02-18,0.9549,0.0753,55.4603,16.7806,341.5734,3.4550,83.0736,3.7968,6.7395,3.2279
2031-02-19,2.3124,0.0134,50.5734,11.4083,341.6936,3.6945,83.8303,3.1969,7.1946,2.7042
2031-02-20,3.8514,0.0149,52.5338,7.2018,342.0909,4.0284,84.1304,2.6918,7.8264,2.2558
2031-02-21,6.0516,0.0273,56.4158,6.3614,342.8842,4.4712,84.1778,2.5967,8.6600,2.3087
2031-02-22,6.2993,0.0284,60.8220,7.9433,343.7221,4.8830,84.2253,2.8301,9.4310,2.7640
2031-02-23,8.1591,0.0527,59.7864,9.2680,344.8947,5.4119,84.2727,3.0448,10.4152,3.2401
2031-02-24,9.6408,0.2092,64.2913,7.7709,346.3340,5.9567,84.3202,2.8417,11.4222,3.1701
2031-02-25,8.9872,0.6852,74.3338,7.1294,347.6557,6.3245,80.6291,1.7422,12.0987,1.6081
2031-02-26,9.8437,3.1932,78.2553,9.2638,342.7032,4.1985,55.6456,0.4715,8.1475,0.2554
2031-02-27,11.1627,4.3277,76.3626,11.5885,333.7920,2.3808,45.6660,0.1632,4.6781,0.0683
2031-02-28,10.4415,9.6683,78.7011,17.5221,305.8614,0.9199,35.4352,0.0324,1.8261,0.0098
2031-03-01,6.8323,1.0028,63.6893,15.5288,306.7952,1.4109,55.1399,0.6181,2.7897,0.2124
2031-03-02,4.7875,0.5555,70.5951,9.1913,307.3610,1.7060,65.4324,0.8524,3.3653,0.3129
2031-03-03,5.3757,2.5516,75.8520,14.5454,308.0326,0.8658,54.6978,0.5649,1.7196,0.1678
2031-03-04,8.1727,0.4983,56.9208,11.9618,309.2077,1.5467,70.6090,1.1658,3.0553,0.4133
2031-03-05,6.5840,1.3898,72.0786,12.9781,310.0968,1.9125,67.3049,1.1032,3.7668,0.4226
2031-03-06,9.3961,0.1533,56.2423,13.2127,311.4921,2.6954,77.5476,1.7669,5.2766,0.7782
2031-03-07,10.6894,0.7462,58.1751,8.1916,313.1202,3.5359,79.3089,1.6028,6.8776,0.7980
2031-03-08,7.7083,0.3696,58.6142,14.1702,314.2117,4.1573,82.0656,2.9344,8.0483,2.5991
2031-03-09,9.7121,0.0014,43.3331,11.1938,315.6639,5.2017,85.1874,3.8010,9.9917,4.0727
2031-03-10,9.8661,0.0064,58.1116,9.6076,317.1438,5.9847,85.2352,3.5323,11.4301,4.0758
2031-03-11,12.1895,0.0007,42.9090,9.6997,319.0419,7.2780,86.6811,4.3463,13.7706,5.6364
2031-03-12,11.4464,0.0092,47.4351,9.9702,320.8062,8.4022,86.7294,4.4362,15.7716,6.2125
2031-03-13,10.4309,0.1425,54.1268,6.4796,322.3878,9.3038,86.7030,3.7068,17.3555,5.5248
2031-03-14,12.0902,0.0016,42.4029,7.0613,324.2680,10.5988,87.1986,4.0958,19.5964,6.5354
2031-03-15,14.0436,0.0002,48.0734,7.2224,326.4999,11.9393,87.2470,4.1578,21.8784,7.0691
2031-03-16,13.6205,0.6820,59.0863,8.2672,328.6556,12.9659,84.0625,2.8146,23.6038,5.0955
2031-03-17,14.7656,0.1686,60.4193,6.8588,331.0174,14.0363,84.5229,2.7894,25.3819,5.2958
2031-03-18,16.7341,0.0024,54.1842,9.0900,333.7335,15.4291,85.6619,3.6515,27.6612,7.2203
2031-03-19,15.9134,0.0930,57.8542,10.6159,336.3020,16.6514,85.7098,3.9698,29.6345,8.1080
2031-03-20,15.9710,0.5186,67.0777,15.7231,338.8807,17.6094,85.2971,4.8485,31.1696,9.9127
2031-03-21,17.5284,0.4679,66.9737,19.4725,341.7398,18.6581,85.3449,5.8957,32.8346,11.9782
2031-03-22,15.4821,2.4971,69.6637,15.3275,344.2306,15.9171,69.4470,1.3306,28.5354,2.4642
2031-03-23,13.0540,0.9848,61.7577,12.3769,346.2843,16.8397,74.9565,1.4257,30.0287,2.8295
2031-03-24,14.8433,0.0132,53.5689,9.8382,348.6601,18.1016,82.2380,2.4092,32.0440,5.3432
2031-03-25,15.0838,0.0066,53.3411,12.0380,351.0792,19.3888,84.8772,3.8005,34.0732,8.4779
2031-03-26,16.9237,0.0000,51.6162,9.2488,353.8295,20.8753,86.1166,3.9230,36.3840,9.0590
2031-03-27,18.5076,0.0000,53.9715,9.5271,356.8648,22.4137,86.3842,4.1313,38.7439,9.8209
2031-03-28,20.0641,0.0000,48.8175,7.8653,360.1804,24.2601,87.3085,4.3325,41.5275,10.6367
2031-03-29,19.4749,0.0001,45.2604,11.4010,363.3899,26.1800,87.9616,5.6843,44.3687,13.7236
2031-03-30,17.0478,0.2278,53.8715,11.7228,366.1625,27.6069,87.8402,5.6776,46.4572,14.0618
2031-03-31,17.3281,0.0002,53.2207,10.5216,368.9855,29.0764,87.8888,5.3815,48.5820,13.8251
2031-04-01,16.0874,0.0007,56.9836,10.7307,372.8353,30.8688,87.3219,5.0150,51.1502,13.4649
2031-04-02,11.3951,2.0750,81.0853,11.2476,375.8404,27.9085,66.4157,0.9805,47.0775,2.6017
2031-04-03,14.2107,4.6759,76.7722,7.3294,366.4117,19.1167,47.4412,0.1702,33.8219,0.2179
2031-04-04,17.3093,1.8596,55.7485,13.2432,370.4814,19.2108,66.7062,1.0954,34.0124,2.2081
2031-04-05,14.8645,6.2587,68.0842,13.9698,355.0648,12.2527,52.5868,0.4451,22.5592,0.4357
2031-04-06,16.9976,0.4121,54.0110,10.3547,359.0784,14.2704,74.5514,1.2602,25.9614,2.0736
2031-04-07,17.4693,0.1748,55.6079,7.3398,363.1769,16.2689,82.1957,2.1132,29.2608,4.3843
2031-04-08,17.3558,0.3383,63.0360,15.2556,367.2549,17.9227,84.0127,3.9762,31.9477,8.4879
2031-04-09,18.1664,0.9075,71.6354,10.8974,371.4789,19.2476,80.1636,2.0034,34.0806,4.6207
2031-04-10,17.4215,3.5234,72.5768,9.5994,367.4091,14.8934,61.1076,0.7095,27.0459,0.7818
2031-04-11,17.4163,1.5124,58.7255,12.3024,371.4981,16.2154,71.7678,1.2340,29.2400,2.2643
2031-04-12,16.3123,3.4768,62.8649,11.4233,367.4171,12.9191,63.0357,0.8605,23.7504,0.8707
2031-04-13,17.0119,1.0244,61.1058,8.3078,371.4332,14.6269,73.2514,1.0693,26.6319,1.6034
2031-04-14,15.5438,1.2376,65.6499,16.5247,375.1851,16.0129,75.4239,1.8043,28.9382,3.6529
2031-04-15,13.3730,2.4084,65.8635,23.1460,378.5462,14.1213,69.0495,1.9485,25.8334,3.6595
2031-04-16,10.6913,3.5689,80.8453,14.6620,372.9335,10.1602,51.1491,0.3934,19.0246,0.3456
2031-04-17,14.3963,0.0272,49.2428,9.1984,376.4789,12.0670,73.1199,1.1122,22.3437,1.3580
2031-04-18,17.9752,0.0000,44.1292,7.7770,380.6684,14.6508,83.7825,2.6456,26.7296,5.1966
2031-04-19,18.2092,0.0248,50.1773,10.8555,384.9001,16.9830,86.2187,4.3154,30.5916,8.8832
2031-04-20,18.1663,0.1967,58.4458,10.6638,389.1240,18.9239,86.2668,4.3030,33.7451,9.3802
2031-04-21,19.2738,0.5453,57.0213,11.0790,393.5473,21.0468,85.8371,4.1365,37.1294,9.5902
2031-04-22,19.9162,0.0101,49.6142,6.4598,398.0862,23.6139,87.0189,3.8731,41.1286,9.6329
2031-04-23,20.4420,0.0002,47.7432,7.2592,402.7198,26.3430,87.6594,4.4182,45.2811,11.3599
2031-04-24,17.9269,1.4041,56.5357,9.6265,406.9006,28.3479,80.0742,1.8615,48.2859,5.4879
2031-04-25,18.6417,0.3224,57.0966,8.5200,411.2101,30.4013,84.1801,2.8959,51.3176,8.5868
2031-04-26,20.3635,0.0729,48.5903,10.4570,415.8295,33.0763,86.8872,4.6494,55.1798,13.2414
2031-04-27,19.0357,0.0274,43.3017,9.1061,420.2100,35.8441,88.0567,5.1331,59.0877,14.8573
2031-04-28,19.3117,0.5461,54.5391,9.8041,424.6401,38.0937,86.9282,4.5252,62.2309,13.8761
2031-04-29,23.6213,0.0226,44.1953,8.8648,429.8459,41.4382,88.6256,5.5022,66.7816,16.7536
2031-04-30,23.9500,0.1413,45.2686,9.0140,435.1109,44.7620,88.8407,5.7176,71.2098,17.8539
2031-05-01,23.3325,0.0173,47.6298,12.9498,441.7148,48.1306,88.8897,7.0209,75.6528,21.4143
2031-05-02,24.0732,0.1256,46.0834,12.1044,448.4519,51.7038,88.9387,6.7756,80.2707,21.5289
2031-05-03,23.5646,0.6279,51.2811,13.6010,455.0976,54.8673,87.3868,5.8494,84.3201,19.8874
2031-05-04,18.0486,3.6761,54.2544,19.1743,449.9586,42.6351,72.1523,1.7695,68.9395,6.6856
2031-05-05,17.5713,3.5983,58.9228,15.0782,445.2512,33.6044,66.5761,1.1960,56.5406,3.8885
2031-05-06,19.2772,1.0896,50.9727,8.6057,451.1251,36.2345,77.6999,1.4180,60.3506,4.9039
2031-05-07,19.6243,0.0853,50.2979,6.5004,457.0615,38.9463,84.5056,2.7331,64.2135,9.3885
2031-05-08,21.7274,0.1349,47.9032,7.8610,463.3764,42.0771,87.2245,4.2800,68.5846,14.0413
2031-05-09,24.0284,0.0001,44.0333,5.4690,470.1056,45.7796,88.7185,4.6991,73.6330,15.7004
2031-05-10,24.1851,0.0000,38.6562,9.2285,476.8629,49.8631,89.9021,6.7304,79.0591,21.2658
2031-05-11,22.9285,0.0000,34.1606,8.7601,483.3940,54.0280,90.6415,7.3070,84.4570,23.3366
2031-05-12,23.9724,0.0001,37.1608,7.3024,490.1130,58.1758,90.6911,6.8377,89.7258,22.9837
2031-05-13,23.0553,0.0150,42.1154,8.3881,496.6670,61.8569,90.7407,7.2735,94.3400,24.6264
2031-05-14,22.1479,0.1744,45.4512,6.7091,503.0576,65.1955,90.2632,6.2426,98.4829,22.5967
2031-05-15,22.4905,1.1314,55.9887,10.2622,509.5099,67.9288,83.9578,3.0691,101.8954,13.5707
2031-05-16,23.7269,1.9729,62.5514,9.4931,516.1848,63.3691,77.0831,1.4135,96.9754,6.8471
2031-05-17,25.2936,0.9408,48.5459,10.5043,523.1416,66.9444,84.6073,3.3906,101.4375,14.6254
2031-05-18,25.8750,0.1765,42.6120,10.1048,530.2031,71.0199,88.8889,6.0825,106.4071,23.0361
2031-05-19,23.2947,0.0766,38.4996,12.6364,536.8002,74.9696,89.8416,7.9224,111.1361,28.2307
2031-05-20,22.8401,0.9523,40.6234,13.6186,543.3154,78.7119,87.6740,6.1000,115.5673,23.9654
2031-05-21,21.5883,1.1306,49.7553,12.6824,549.6053,81.7131,84.4864,3.7223,119.1422,16.9914
2031-05-22,23.9956,3.1440,46.4371,10.6249,546.0433,65.2279,77.4866,1.5434,100.4558,7.5862
2031-05-23,24.2308,0.8628,47.8309,6.3785,552.8088,68.7069,84.1371,2.5848,104.8386,12.0296
2031-05-24,25.6577,1.4496,48.1298,6.6595,559.8312,72.3608,83.2250,2.3249,109.3777,11.2974
2031-05-25,27.7821,0.1365,42.5007,10.4739,567.2360,76.7329,89.0982,6.3858,114.6818,24.6634
2031-05-26,27.3465,1.0391,43.8786,11.9129,574.5623,80.9358,87.7818,5.6845,119.7131,23.1518
2031-05-27,26.6467,0.0002,39.4354,12.1734,581.7627,85.3599,90.0662,7.9928,124.9033,29.8036
2031-05-28,24.7719,0.8169,54.2964,8.5795,588.6257,88.4729,86.3044,3.8946,128.6167,18.1531
2031-05-29,23.8243,3.7411,63.4638,18.0686,579.8838,64.6020,73.2880,1.7515,101.0580,8.5138
2031-05-30,26.3544,0.3540,53.5336,10.2140,587.0316,67.9605,85.0642,3.5570,105.4121,15.4792
2031-05-31,28.0581,0.0024,41.0924,7.1580,594.4860,72.4824,89.5453,5.7612,111.1002,22.6175
2031-06-01,30.3792,0.0105,33.7232,6.1293,603.3583,77.9750,91.8413,7.5907,117.8683,28.1167
2031-06-02,33.1440,0.0760,25.4628,6.7692,612.7282,84.6948,94.1262,10.7960,125.8874,36.5179
2031-06-03,33.3135,0.0836,25.0849,5.3305,622.1286,91.4820,94.4114,10.4445,133.7831,36.5083
2031-06-04,30.0800,2.8021,45.4073,5.5590,621.2221,75.2067,82.3124,1.9598,115.4666,10.0978
2031-06-05,32.5263,0.1870,37.0091,7.8430,630.4808,80.7830,90.9251,7.2651,122.3686,27.7053
2031-06-06,35.0288,0.2330,26.7023,8.6077,640.1900,87.7547,94.1717,11.9188,130.7148,39.4764
2031-06-07,30.4282,0.6453,39.5995,18.6943,649.0711,92.7682,90.9554,12.6064,136.6940,41.5443
2031-06-08,26.5112,0.0192,35.4094,10.6118,657.2471,97.4633,91.1325,8.6034,142.2069,32.7548
2031-06-09,27.1747,0.0000,31.0461,9.2744,665.5426,102.5961,92.0163,9.1172,148.1120,34.4542
2031-06-10,25.7298,0.1748,37.1360,9.1413,673.5779,107.0364,92.0663,9.1205,153.2081,34.7834
2031-06-11,28.6776,0.0314,32.2922,7.4534,682.1439,112.3443,92.1365,8.4603,159.1581,33.4166
2031-06-12,29.1283,0.0668,35.8605,8.6096,690.7910,117.4486,92.1866,9.0315,164.8342,35.1807
2031-06-13,26.3702,3.4225,46.5969,11.7775,681.9213,83.3580,79.8308,2.0230,127.6931,10.8851
2031-06-14,21.7326,11.0255,73.2808,13.6043,611.8893,44.2958,54.0523,0.5068,75.0153,1.5435
2031-06-15,25.5415,0.0805,40.9179,11.9370,619.8908,48.4397,83.4538,3.1246,81.0464,12.0660
2031-06-16,27.5373,0.0000,33.3324,7.2109,628.2515,53.4659,90.5567,6.6769,88.1725,22.3946
2031-06-17,27.4271,0.0000,30.2555,11.3812,636.5924,58.7038,92.1455,10.3251,95.4116,31.4729
2031-06-18,26.9186,0.0000,30.3891,10.7458,644.8417,63.8386,92.2232,10.1100,102.3467,32.0740
2031-06-19,28.1610,0.0000,29.8256,10.1732,653.3147,69.2444,92.5237,10.2473,109.4796,33.3548
2031-06-20,28.9539,0.0000,29.8475,10.1105,661.9304,74.7950,92.6738,10.4329,116.6404,34.6653
2031-06-21,30.2610,0.0081,27.5694,9.0456,670.7814,80.7751,93.3216,10.8271,124.1692,36.4009
2031-06-22,29.9071,1.2297,35.5719,8.1960,679.5687,86.0344,89.6844,6.1929,130.7014,25.4525
2031-06-23,31.4840,0.4521,34.9487,7.6787,688.6398,91.6147,91.8525,8.2201,137.4984,31.4316
2031-06-24,30.6216,0.5519,40.3490,6.5910,697.5557,96.5963,90.8567,6.7548,143.5100,27.8971
2031-06-25,32.1153,0.5917,33.5841,6.8466,706.7404,102.4040,92.0726,8.1318,150.3464,32.0646
2031-06-26,33.1998,0.0009,28.8611,5.1502,716.1204,108.8278,93.4781,9.0938,157.7304,34.9759
2031-06-27,34.4800,0.0000,25.7796,7.0395,725.7308,115.7800,94.4175,11.3935,165.5373,40.9715
2031-06-28,34.1582,0.0080,27.2469,7.9756,735.2832,122.5332,94.4683,12.0278,172.9938,42.8049
2031-06-29,34.1874,0.0000,30.9039,8.0720,744.8410,128.9522,94.5192,12.1713,179.9980,43.4425
2031-06-30,33.3302,0.2017,33.8690,7.9667,754.2444,134.9465,94.2078,11.5977,186.4816,42.3639
2031-07-01,31.5389,2.9921,43.9708,7.0976,748.1856,95.5377,83.7022,2.5296,144.8384,13.6866
2031-07-02,30.2103,2.9009,48.3172,16.1379,743.0476,76.1913,83.3578,3.8133,121.2902,17.4373
2031-07-03,28.3120,1.9477,50.7373,11.9169,751.8478,71.5990,83.0627,2.9674,115.6616,14.1045
2031-07-04,29.2920,5.6209,48.2877,9.4349,719.2735,48.4698,76.3172,1.3351,82.9630,5.8239
2031-07-05,26.9756,4.0564,65.9017,10.1821,703.6542,36.7222,69.6596,1.0337,64.9680,3.6957
2031-07-06,30.2665,1.4154,51.7565,7.3286,712.8062,40.2761,82.4456,2.1782,70.5819,8.1925
2031-07-07,31.9340,0.5687,44.2002,6.7341,722.2583,44.6052,89.2270,5.3876,77.2789,17.8648
2031-07-08,33.5380,0.0243,37.4138,6.0609,731.9992,49.6965,91.7033,7.4181,84.9711,23.6610
2031-07-09,31.9018,2.1581,42.6472,6.8631,741.4455,48.1952,85.9640,3.4048,82.9162,13.0945
2031-07-10,32.3791,1.5359,45.5988,5.7734,750.9777,51.0974,86.4189,3.4362,87.3383,13.5951
2031-07-11,33.3521,0.7408,45.6460,6.5994,760.6851,55.4953,89.2681,5.3829,93.8701,19.8261
2031-07-12,30.5090,3.0822,56.2557,7.8130,753.2474,46.6061,79.1529,1.5490,80.7254,6.5777
2031-07-13,31.1804,0.9535,51.8625,10.2612,762.5639,50.2556,86.3107,4.2428,86.2935,15.8785
2031-07-14,32.1817,0.0843,41.0724,9.8101,772.0606,54.8616,90.5888,7.6463,93.1716,25.3398
2031-07-15,33.7213,0.0000,33.2838,7.6012,781.8344,60.3176,92.6304,9.1378,101.1301,29.7986
2031-07-16,34.8336,0.1931,30.7934,7.0194,791.8085,66.1581,93.4423,9.9423,109.4533,32.6867
2031-07-17,35.9113,0.3633,31.6919,5.6744,801.9765,72.0957,93.5056,9.3729,117.7319,32.4061
2031-07-18,36.5860,0.3481,31.8124,6.1085,812.2660,78.1308,93.5966,9.7025,125.9695,34.0438
2031-07-19,35.2535,1.9266,39.7132,8.0687,822.3156,75.2174,89.0806,5.6427,122.4365,23.2478
2031-07-20,34.1936,1.6157,46.8084,7.7728,832.1744,75.9707,87.3958,4.3664,123.7076,19.4279
2031-07-21,36.7542,0.4310,37.8153,7.4745,842.4942,81.4991,92.1063,8.4332,131.2555,31.4716
2031-07-22,36.4314,0.0861,35.6563,8.9761,852.7558,87.1706,92.7691,9.9862,138.8559,35.8826
2031-07-23,32.5624,0.0000,31.7523,12.5086,862.3211,92.5662,92.9084,12.1672,145.9616,41.4187
2031-07-24,32.5656,0.0000,30.6582,8.5022,871.8869,98.0487,93.1233,10.2467,153.0649,37.5381
2031-07-25,33.1330,0.0000,28.6379,8.5570,881.5548,103.7861,93.6160,11.0062,160.3708,39.7815
2031-07-26,34.3098,0.0000,26.5889,8.4577,891.4346,109.8911,94.2431,11.9463,168.0053,42.3711
2031-07-27,35.6508,0.0000,26.2461,7.6395,901.5557,116.2569,94.5690,11.9910,175.8300,42.8514
2031-07-28,34.7821,1.2594,37.1130,7.4303,911.5205,121.5565,90.7963,6.9861,182.3271,30.2410
2031-07-29,35.7272,0.0000,34.1054,7.1521,921.6554,127.2558,92.8406,9.2011,189.2022,36.5405
2031-07-30,37.1062,0.0033,31.9634,5.5448,932.0385,133.3607,93.6091,9.4472,196.4491,37.3766
2031-07-31,37.6217,0.0008,30.6017,7.7123,942.5144,139.6718,94.0063,11.1350,203.8295,41.7690
2031-08-01,36.4082,0.0000,35.6396,8.8665,952.0719,144.6555,94.0570,11.8850,209.6693,43.6853
2031-08-02,37.3446,0.0313,30.3138,9.4865,961.7979,150.1863,94.1076,12.3485,216.0365,44.8955
2031-08-03,36.9336,0.0000,28.0960,10.8617,971.4500,155.8321,94.4092,13.7977,222.4537,48.2839
2031-08-04,36.8362,0.0062,30.2438,8.8158,981.0845,161.2952,94.4601,12.5336,228.6234,45.5354
2031-08-05,37.2907,0.0000,31.3646,8.7454,990.8008,166.7350,94.5109,12.5771,234.7211,45.7195
2031-08-06,34.5608,0.4519,37.2720,8.5870,1000.0257,171.3531,93.8223,11.3435,239.9278,42.8679
2031-08-07,30.8032,2.2740,47.3526,10.6095,1008.5743,120.4256,85.0673,3.6301,185.4836,19.1649
2031-08-08,31.1348,2.6483,47.4997,8.3956,1017.1826,92.6288,82.8643,2.4228,150.9030,13.4167
2031-08-09,32.2177,0.0639,38.2295,11.2625,1025.9858,96.8776,90.8226,8.5060,156.7522,33.4094
2031-08-10,30.8183,0.0027,34.9723,10.5941,1034.5371,101.1625,91.8708,9.5456,162.5802,36.3718
2031-08-11,29.4378,0.4352,38.6815,10.9721,1042.8399,105.0283,91.9208,9.7982,167.8057,37.2585
2031-08-12,29.9697,0.0012,35.5524,8.3279,1051.2384,109.1621,91.9708,8.6368,173.3277,34.5199
2031-08-13,32.2963,0.0000,28.4111,6.0538,1060.0557,114.0978,93.4107,9.4284,179.8112,36.8218
2031-08-14,34.4518,0.0000,26.4827,6.5524,1069.2611,119.4936,94.2672,10.8889,186.7987,40.6906
2031-08-15,34.9007,0.0000,26.9289,7.0258,1078.5472,124.9244,94.3179,11.2303,193.7464,41.7296
2031-08-16,35.2144,0.0008,27.6676,6.9694,1087.8898,130.3471,94.3687,11.2771,200.6049,42.0309
2031-08-17,33.4454,0.1605,33.3327,11.3125,1096.9140,135.1017,94.2827,13.8704,206.5912,48.1058
2031-08-18,32.2964,0.0000,33.3650,11.2068,1105.7313,139.6959,94.0948,13.4427,212.3288,47.2986
2031-08-19,33.3412,0.0000,27.1257,9.2216,1114.7367,144.8774,94.1455,12.2487,218.6971,44.7138
2031-08-20,34.9682,0.0000,25.3243,8.6618,1124.0350,150.4379,94.6367,12.7431,225.4438,45.9677
2031-08-21,34.9831,0.0000,26.7597,10.7536,1133.3360,155.8937,94.6876,14.2591,232.0050,49.4481
2031-08-22,34.3340,0.0000,24.4605,14.4125,1142.5201,161.4196,94.7411,17.2726,238.5729,55.8121
2031-08-23,33.5160,0.0000,23.6361,13.4316,1151.5570,166.8768,94.7921,16.5550,244.9954,54.4492
2031-08-24,34.2034,0.0000,20.2828,9.9520,1160.7176,172.6868,95.5857,15.4842,251.7411,52.3066
2031-08-25,34.3001,0.0000,22.0726,10.4752,1169.8956,178.3819,95.6369,16.0089,258.3014,53.4625
2031-08-26,31.9627,0.0000,30.2861,13.9233,1178.6529,183.1403,94.7550,16.8843,263.8049,55.3001
2031-08-27,31.7924,0.0000,28.4068,12.2729,1187.3795,188.0019,94.8060,15.6459,269.3758,52.7896
2031-08-28,32.5896,0.0000,24.9761,11.3865,1196.2497,193.2198,94.8569,15.0675,275.2805,51.6015
2031-08-29,32.9358,0.0000,23.2083,11.3970,1205.1821,198.6156,94.9079,15.1812,281.3246,51.8761
2031-08-30,33.0135,0.0000,22.3627,10.9614,1214.1285,204.0833,94.9725,14.9837,287.3956,51.4823
2031-08-31,32.7376,0.0000,22.8582,10.2602,1223.0253,209.4722,95.0235,14.5650,293.3405,50.6023
2031-09-01,32.9379,0.0000,24.7212,7.3618,1230.6581,214.0340,95.0745,12.6740,298.3477,46.3791
2031-09-02,32.9006,1.1490,32.1531,5.9222,1238.2842,218.1410,91.4148,7.0709,302.8874,31.7309
2031-09-03,33.8496,0.2387,33.7096,5.9255,1246.0811,222.2658,92.6301,8.3977,307.4365,35.5795
2031-09-04,35.5097,0.0096,29.5508,5.5516,1254.1769,226.8576,93.7854,9.6849,312.4321,39.0659
2031-09-05,36.3397,0.0000,26.3086,5.3900,1262.4220,231.7696,94.6358,10.8049,317.7150,41.9361
2031-09-06,35.8009,0.0087,27.6768,7.1332,1270.5702,236.5210,94.6867,11.8798,322.8110,44.5674
2031-09-07,33.6376,0.0007,34.8909,10.5808,1278.3290,240.5477,94.0972,13.0298,327.1792,47.2635
2031-09-08,30.1877,0.9425,45.3520,16.6063,1285.4668,243.5918,89.2173,8.8479,330.5759,36.8574
2031-09-09,27.7319,2.3570,52.3399,17.5583,1292.1625,129.3064,82.8826,3.8533,206.8613,20.3446
2031-09-10,24.3490,1.6227,47.1671,14.1822,1298.2493,120.1101,83.3200,3.4385,195.0959,18.5738
2031-09-11,23.9488,0.0014,32.7657,11.4351,1304.2641,123.1084,90.0178,7.6477,199.2090,32.5691
2031-09-12,25.2824,0.0000,27.5510,10.6614,1310.5190,126.5114,92.2138,10.0538,203.8306,39.1027
2031-09-13,24.3652,0.0027,32.3688,14.3032,1316.6087,129.5776,92.2639,12.1646,207.9823,44.3006
2031-09-14,24.7563,0.0084,32.1058,14.1557,1322.7688,132.7030,92.3140,12.1602,212.1881,44.3817
2031-09-15,25.3384,0.0058,31.3803,14.2478,1329.0337,135.9329,92.3642,12.3034,216.5056,44.7999
2031-09-16,25.8245,0.0004,30.3371,12.0203,1335.3862,139.2723,92.4143,11.0750,220.9384,41.9624
2031-09-17,26.0860,0.0000,27.4309,10.5213,1341.7856,142.7847,92.6749,10.6529,225.5620,40.9961
2031-09-18,25.9585,0.0000,26.6220,10.3147,1348.1622,146.3196,92.8400,10.7897,230.1832,41.3982
2031-09-19,25.5845,0.0000,29.8447,11.0814,1354.4714,149.6525,92.8903,11.2941,234.5247,42.6864
2031-09-20,25.4269,0.0000,31.5877,12.0294,1360.7522,152.8834,92.9406,11.9306,238.7162,44.2586
2031-09-21,26.1399,0.0000,29.7821,10.1979,1367.1614,156.2888,92.9909,10.9557,243.1015,41.9549
2031-09-22,25.4034,0.0027,30.0062,12.7309,1373.4380,159.5915,93.0413,12.5354,247.3335,45.7643
2031-09-23,24.3596,0.0074,29.8097,12.9347,1379.5268,162.7730,93.0916,12.7544,251.3908,46.3073
2031-09-24,24.7233,0.0029,27.0903,10.7910,1385.6809,166.1250,93.1420,11.5294,255.6326,43.4606
2031-09-25,25.8469,0.0000,23.6003,7.7265,1392.0374,169.7903,93.4586,10.3262,260.2287,40.5217
2031-09-26,26.7797,0.0081,27.1424,6.7839,1398.5617,173.4067,93.5091,9.9167,264.7484,39.5024
2031-09-27,25.6087,2.1738,38.5984,8.0634,1404.8753,123.4677,84.0729,2.7897,202.4537,15.9808
2031-09-28,23.9727,5.3942,53.6985,8.5694,1241.0257,72.7291,69.0955,0.9361,126.8703,5.4469
2031-09-29,24.0032,2.1943,54.6804,7.4097,1247.0503,64.7984,74.4883,1.0829,114.6972,5.9236
2031-09-30,24.8482,0.4141,48.5210,6.6526,1253.2270,67.1766,85.3688,3.1004,118.4764,14.7567
2031-10-01,24.6681,0.0644,47.2810,6.0058,1258.3712,69.2349,87.9533,4.3261,121.7265,19.1656
2031-10-02,23.3866,0.3845,54.3058,8.3927,1263.2848,70.9303,88.0020,4.9131,124.3988,21.2055
2031-10-03,24.3130,0.1183,49.8296,7.9828,1268.3651,72.8621,88.1161,4.8921,127.4243,21.3454
2031-10-04,23.6810,1.7420,53.0296,7.1653,1273.3317,69.5332,80.7264,1.7642,122.3618,9.5188
2031-10-05,23.2531,0.1335,53.3002,7.6427,1278.2213,71.2564,85.7833,3.4527,125.0808,16.4056
2031-10-06,22.5404,7.0310,62.3655,10.4027,1107.9969,42.7048,63.1775,0.8229,77.9032,3.3092
2031-10-07,19.2101,17.7419,84.3673,12.0671,823.7060,18.3011,35.4402,0.0247,34.6762,0.0321
2031-10-08,21.0725,7.0871,70.6622,12.9960,762.6895,11.0100,49.4312,0.2944,21.2531,0.2773
2031-10-09,20.9657,8.4601,66.1290,15.3590,697.4080,6.5858,55.1558,0.6137,12.8678,0.4262
2031-10-10,21.5776,0.0175,38.4333,13.8652,701.9959,8.7013,82.3928,3.0082,16.8796,4.3853
2031-10-11,21.7930,0.0000,34.0714,9.1106,706.6227,10.9882,89.0157,5.8916,21.1540,9.4260
2031-10-12,22.7650,0.0001,43.3340,6.8450,711.4244,13.0373,89.0647,5.2931,24.9323,9.4177
2031-10-13,23.2068,0.0295,55.1579,11.4844,716.3056,14.6888,88.6793,6.3272,27.9450,11.6185
2031-10-14,23.4426,0.6173,60.5618,17.1340,721.2293,16.1554,86.0630,5.7930,30.5973,11.3626
2031-10-15,20.2922,0.0296,34.4140,11.3369,725.5859,18.2812,89.4756,7.0409,34.3959,14.1264
2031-10-16,20.2520,0.4072,45.6128,9.5939,729.9352,20.0408,89.5248,6.4945,37.5072,13.8956
2031-10-17,20.5420,1.0473,56.6596,10.9856,734.3368,21.4620,83.7344,3.0901,40.0013,7.7890
2031-10-18,16.5924,0.0002,41.9120,11.0876,738.0274,23.0192,87.0970,4.9449,42.7082,12.0343
2031-10-19,18.6123,0.0000,33.1345,8.5920,742.0816,25.0164,89.5502,6.1973,46.1438,14.9882
2031-10-20,20.9731,3.5434,52.5457,10.3359,726.0660,19.6982,72.8862,1.1664,36.8941,2.6127
2031-10-21,16.4558,2.0849,59.8220,17.8283,729.7320,18.1395,72.5972,1.6819,34.1564,3.8302
2031-10-22,11.8725,0.5425,51.4314,19.7185,732.5731,19.0942,81.4078,3.5884,35.8522,8.3127
2031-10-23,13.2138,0.0028,40.0419,10.6248,735.6555,20.3946,86.0295,4.1535,38.1454,9.7761
2031-10-24,16.2240,1.4472,55.7137,7.5777,739.2799,21.5571,78.4843,1.4391,40.1847,3.6450
2031-10-25,16.2983,7.8461,84.2166,11.2883,682.2487,11.9122,42.2178,0.0919,22.8280,0.0907
2031-10-26,19.3683,1.3683,66.9386,8.6002,686.4390,12.9376,62.5336,0.7283,24.7108,0.7562
2031-10-27,18.7292,0.0118,56.5994,9.8794,690.5143,14.2416,78.5878,1.6311,27.0865,3.0747
2031-10-28,19.7402,0.0164,61.2228,7.1651,694.7715,15.4660,83.2298,2.3863,29.3014,4.9806
2031-10-29,19.4763,0.0975,67.1408,5.8221,698.9812,16.4905,83.9547,2.4528,31.1441,5.3360
2031-10-30,19.6683,0.7893,68.7782,9.2680,703.2255,17.4730,81.7599,2.2092,32.9021,4.9863
2031-10-31,19.5973,0.8631,71.4837,12.6717,707.4570,18.3673,80.2728,2.2163,34.4955,5.1683
2031-11-01,19.9908,3.3541,76.3762,11.5897,693.6578,13.8821,62.7703,0.8567,26.4414,0.9299
2031-11-02,17.6979,12.8244,88.3711,9.9716,603.6901,6.6561,30.3513,0.0063,12.9552,0.0044
2031-11-03,19.2850,1.6725,64.1650,7.9945,606.8654,6.8094,56.5062,0.4757,13.2473,0.3360
2031-11-04,19.0365,0.3470,63.6273,8.2249,609.9960,7.7805,74.3237,1.1189,15.0801,0.8529
2031-11-05,18.1409,7.0275,82.7307,11.0075,573.6858,4.2469,45.1547,0.1467,8.3396,0.0804
2031-11-06,18.3221,3.4621,67.7146,12.5042,563.6561,3.0328,56.2438,0.5842,5.9852,0.2724
2031-11-07,17.0751,7.6443,71.4998,13.9480,527.5085,1.6708,48.9668,0.2912,3.3154,0.1063
2031-11-08,17.3163,1.2418,53.8057,14.7209,530.3295,2.7987,71.0510,1.3596,5.5245,0.6112
2031-11-09,13.6298,0.0000,45.4795,10.2642,532.4868,3.8634,81.7887,2.3310,7.5892,1.7413
2031-11-10,16.0052,0.0005,49.2262,7.3834,535.0718,5.0149,85.2621,3.1696,9.8001,3.2681
2031-11-11,17.5047,0.0098,65.1994,7.2741,537.9266,5.8733,85.3099,3.1731,11.4344,3.6147
2031-11-12,18.4886,0.0017,65.9747,6.4861,540.9586,6.7569,85.3577,3.0698,13.1046,3.8026
2031-11-13,18.6988,0.0012,65.9316,6.4681,544.0283,7.6512,85.4056,3.0875,14.7826,4.1380
2031-11-14,17.8446,0.1229,72.3318,9.7248,546.9444,8.3461,84.8313,3.3612,16.0789,4.7763
2031-11-15,19.8154,0.5910,67.9935,10.9225,550.2151,9.2337,83.7567,3.0894,17.7237,4.6548
2031-11-16,18.4947,0.0003,59.9534,7.5228,553.2482,10.2740,84.9185,3.0443,19.6364,4.8970
2031-11-17,17.7206,0.0006,61.6802,7.4507,556.1419,11.2302,85.0086,3.0710,21.3810,5.2178
2031-11-18,17.9741,0.0001,61.6786,6.5844,559.0812,12.1993,85.0659,2.9631,23.1364,5.2962
2031-11-19,18.8931,0.0000,62.5432,8.5874,562.1860,13.1921,85.1136,3.2994,24.9222,6.1642
2031-11-20,18.1998,0.0327,74.5537,12.6353,565.1659,13.8432,84.4375,3.6890,26.0889,7.0350
2031-11-21,19.5318,0.4191,56.1138,13.5941,568.3856,15.0437,85.8321,4.6921,28.2201,9.1120
2031-11-22,17.0060,0.0977,53.9382,12.3260,571.1507,16.1494,86.1343,4.5924,30.1664,9.2939
2031-11-23,19.6896,0.0989,66.5320,12.8950,574.3988,17.0719,86.0664,4.6811,31.7822,9.7314
2031-11-24,17.6904,0.1148,62.1914,10.4185,577.2871,18.0138,86.1145,4.1600,33.4204,9.0623
2031-11-25,15.6851,1.0393,74.8123,10.3469,579.8144,18.5743,78.6064,1.6728,34.3941,3.8272
2031-11-26,18.6700,0.0170,68.8188,11.6105,582.8790,19.3916,82.1560,2.6079,35.8052,6.2114
2031-11-27,18.0565,0.0425,73.7642,11.0664,585.8332,20.0579,82.6117,2.6848,36.9528,6.5159
2031-11-28,18.6342,0.0506,72.7208,9.8646,588.8914,20.7716,82.9733,2.6454,38.1768,6.5633
2031-11-29,17.4700,0.1843,75.3481,9.0534,591.7400,21.3786,83.0203,2.5548,39.2152,6.4643
2031-11-30,17.6120,0.8127,76.4013,9.2119,594.6141,21.9640,79.5476,1.7275,40.2144,4.4586
2031-12-01,16.2909,12.1051,88.3999,12.1514,527.3342,10.4183,34.2625,0.0189,19.8558,0.0170
2031-12-02,16.9319,0.5870,64.7819,10.6858,530.0860,11.1399,62.1714,0.7942,21.1677,0.7463
2031-12-03,19.2625,1.9340,69.1789,18.7831,533.2572,10.2262,69.7807,1.6006,19.5167,2.2562
2031-12-04,15.7681,4.8335,71.0208,14.6661,515.8347,6.4675,56.0158,0.6390,12.5419,0.4373
2031-12-05,14.0932,2.4651,58.5464,16.3927,518.0755,5.2183,64.3488,1.1728,10.1802,0.7144
2031-12-06,14.1865,0.0096,51.9367,10.7754,520.3331,6.0532,78.4431,1.6845,11.7643,1.4486
2031-12-07,14.8159,6.9077,74.2485,11.8605,491.6735,3.2592,49.7170,0.2881,6.4122,0.1387
2031-12-08,15.0913,4.0396,67.6970,12.0900,480.3177,1.9828,52.5786,0.4045,3.9251,0.1575
2031-12-09,14.1799,0.0361,56.5032,9.7546,482.5741,2.7381,72.1927,1.1024,5.3996,0.4905
2031-12-10,13.0946,0.2036,66.0501,7.7227,484.6351,3.2857,78.5489,1.4580,6.4619,0.7046
2031-12-11,15.7145,4.0776,77.8774,12.4685,473.4266,1.8230,55.8964,0.5662,3.6112,0.2134
2031-12-12,15.4264,1.9521,65.5721,14.5400,475.9074,1.6171,64.9447,1.0949,3.2071,0.3949
2031-12-13,14.0299,0.0158,51.4058,7.2864,478.1368,2.4527,78.0463,1.3653,4.8432,0.5793
2031-12-14,14.3665,0.9251,63.9190,9.9643,480.4268,3.0868,78.2707,1.5928,6.0760,0.7478
2031-12-15,14.1619,11.4246,77.1593,16.8373,432.2642,1.3259,44.9100,0.1895,2.6316,0.0638
2031-12-16,11.2832,0.2099,52.1546,16.1844,433.9992,1.9992,69.4559,1.3897,3.9528,0.5424
2031-12-17,11.3716,1.2241,58.8526,10.0527,435.7500,2.5823,72.5456,1.1344,5.0893,0.4917
2031-12-18,15.3536,2.9478,73.1734,13.1252,431.3912,1.6396,61.5621,0.8693,3.2484,0.3150
2031-12-19,14.7135,9.4699,77.0993,13.7830,397.3124,0.5750,42.3461,0.1066,1.1459,0.0288
2031-12-20,13.8749,6.4129,68.7689,18.5424,378.5333,0.5315,47.5315,0.3032,1.0592,0.0805
2031-12-21,9.1294,0.5901,54.3938,20.3826,379.8806,1.0616,69.2410,1.7055,2.1085,0.5363
2031-12-22,-0.6096,0.2198,61.2172,22.4605,379.8806,1.0832,75.7263,2.4780,2.1512,0.7839
2031-12-23,0.2805,0.0759,59.8710,12.8273,379.8806,1.1462,79.0040,1.9662,2.2752,0.6326
2031-12-24,4.6315,0.8625,65.2175,8.8523,380.4183,1.3727,76.5194,1.3144,2.7210,0.4478
2031-12-25,9.7163,14.2605,88.6054,14.3380,331.3610,0.1401,29.1024,0.0055,0.2798,0.0012
2031-12-26,12.8070,0.6423,78.3162,7.8465,333.3702,0.4827,47.7763,0.1829,0.9620,0.0477
2031-12-27,12.5525,0.1321,73.5512,6.6875,335.3337,0.8931,62.8913,0.6731,1.7744,0.2016
2031-12-28,12.2432,1.9824,80.9940,11.0353,337.2415,0.4614,57.9254,0.6194,0.9196,0.1601
2031-12-29,13.2333,8.0079,88.2259,11.7201,315.4617,0.1918,31.5380,0.0094,0.3830,0.0021
2031-12-30,13.6846,5.1498,84.1127,9.8307,304.8227,0.2669,31.3506,0.0081,0.5327,0.0019
2031-12-31,15.0935,5.4234,73.7011,9.8381,293.8410,0.4840,39.5636,0.0524,0.9640,0.0137
2032-01-01,14.6315,0.5514,73.3046,8.3035,296.1786,1.0010,59.3273,0.5956,1.9852,0.1841
2032-01-02,14.9647,3.3637,78.8276,17.1965,292.3431,0.4187,54.0582,0.6077,0.8345,0.1544
2032-01-03,13.7823,13.6094,87.9981,16.2686,255.5062,0.2199,28.7878,0.0056,0.4388,0.0013
2032-01-04,13.4316,20.0701,88.6023,12.7516,204.0108,0.2039,19.5726,0.0002,0.4068,0.0000
2032-01-05,13.3151,0.8337,71.3272,10.2954,206.1115,0.7127,45.6026,0.1515,1.4133,0.0428
2032-01-06,12.3017,0.1273,65.4535,7.7465,208.0298,1.2827,64.3957,0.7601,2.5265,0.2527
2032-01-07,9.7990,0.0146,74.1623,7.9755,209.4976,1.6294,72.1709,1.0071,3.1967,0.3628
2032-01-08,8.9398,0.0019,67.1187,9.9401,210.8108,2.0358,77.6795,1.5141,3.9756,0.5923
2032-01-09,10.0243,0.0005,60.1057,9.9764,212.3192,2.5822,81.3995,2.1942,5.0120,0.9449
2032-01-10,11.5627,0.0048,65.2639,8.0605,214.1045,3.1237,82.5698,2.2953,6.0275,1.3316
2032-01-11,14.7739,0.0274,71.2205,10.7966,216.4678,3.6861,82.7598,2.6984,7.0712,2.0981
2032-01-12,14.5297,0.3276,77.9782,12.3169,218.7871,4.1098,82.8067,2.9306,7.8510,2.5505
2032-01-13,15.9074,1.2554,74.4956,13.3498,221.3544,4.6438,75.9736,1.5902,8.8248,0.8976
2032-01-14,15.3103,0.0798,65.7643,15.1736,223.8143,5.3355,81.2443,2.8004,10.0708,2.8539
2032-01-15,14.6569,0.0000,51.2815,11.5580,226.1565,6.2806,84.7471,3.6443,11.7456,4.2867
2032-01-16,12.8270,0.0224,46.9990,8.1023,228.1694,7.1893,86.0738,3.6806,13.3286,4.6761
2032-01-17,11.1953,1.4082,67.4487,10.6102,229.8886,7.6820,75.4706,1.3430,14.1794,0.9870
2032-01-18,7.2526,0.2268,48.2052,19.3687,230.8980,8.2146,81.9506,3.7604,15.0873,5.1507
2032-01-19,7.3749,0.0307,55.2253,14.1244,231.9295,8.6818,83.4842,3.5026,15.8777,4.9440
2032-01-20,13.1813,0.0701,61.1594,13.6992,234.0061,9.3646,84.0999,3.7193,17.0259,5.4793
2032-01-21,12.8096,0.2563,67.0116,8.9413,236.0159,9.9295,84.1473,2.9451,17.9691,4.4663
2032-01-22,11.7986,1.4814,70.1251,13.5250,237.8436,10.4039,74.2388,1.4554,18.7567,1.8667
2032-01-23,6.1443,0.2148,69.0084,8.5601,238.6536,10.6803,77.8567,1.4330,19.2113,1.8650
2032-01-24,9.1281,4.1952,76.0862,6.8054,232.1702,6.8455,49.1707,0.2085,12.7511,0.1441
2032-01-25,11.6185,3.0560,70.3761,12.3493,229.5354,4.8106,51.5910,0.3681,9.1421,0.2117
2032-01-26,10.0724,0.0051,52.4874,12.1146,231.0525,5.4641,70.9341,1.1876,10.3181,0.7287
2032-01-27,7.7533,0.0051,64.7155,7.6826,232.1521,5.8486,76.8848,1.2716,11.0042,0.8084
2032-01-28,11.5659,0.1885,74.3081,7.9882,233.9379,6.2493,79.3285,1.5895,11.7161,1.2391
2032-01-29,13.4681,0.0185,70.7220,7.8417,236.0662,6.7744,81.2298,1.9321,12.6418,2.0173
2032-01-30,11.1570,0.0241,64.6018,8.6466,237.7785,7.3085,82.5330,2.3533,13.5740,2.8322
2032-01-31,11.6938,0.0007,59.6278,4.5743,239.5874,7.9444,83.5964,2.1968,14.6725,2.7485
2032-02-01,12.2606,0.0020,60.2290,4.6724,241.4983,8.6992,84.0735,2.3517,15.9610,3.1917
2032-02-02,12.5582,0.0017,58.5529,4.7747,243.4627,9.5033,84.4766,2.4956,17.3168,3.6300
2032-02-03,11.2452,0.5307,70.9193,10.5773,245.1909,10.0133,83.7808,3.0458,18.1713,4.6607
2032-02-04,14.2337,1.3217,75.4767,11.2524,247.4569,10.5474,74.7342,1.3311,19.0635,1.6159
2032-02-05,15.3731,0.9099,67.9029,15.2316,249.9281,11.2985,77.4321,1.9384,20.3025,3.0213
2032-02-06,13.9426,6.0327,72.2499,13.3339,238.6312,6.7711,52.1393,0.4109,12.6453,0.2825
2032-02-07,13.2848,0.4688,64.1073,11.3744,240.7265,7.5046,70.1231,1.1141,13.9239,0.8100
2032-02-08,11.7842,0.3231,57.4409,17.5063,242.5516,8.2835,79.6909,2.6618,15.2638,3.5801
2032-02-09,9.1839,0.0117,58.4734,11.7308,243.9087,8.8901,82.3887,2.7001,16.2954,3.8059
2032-02-10,12.1387,0.1303,53.8506,11.3206,245.7977,9.7580,84.3986,3.4344,17.7539,5.1927
2032-02-11,13.9925,0.2056,66.7820,7.7957,248.0203,10.4701,84.4461,2.8940,18.9413,4.5388
2032-02-12,15.4278,0.0035,58.7594,7.5015,250.5013,11.4384,84.9239,3.0433,20.5328,5.0379
2032-02-13,15.7550,0.0001,56.1542,5.6434,253.0412,12.4882,85.4074,2.9625,22.2332,5.1608
2032-02-14,13.8801,0.0528,71.7921,8.1112,255.2437,13.0884,84.5057,2.9643,23.2024,5.3080
2032-02-15,14.2433,0.0382,73.8369,3.8652,257.5115,13.6586,84.0280,2.2443,24.1190,4.0763
2032-02-16,13.9601,0.0150,73.4810,7.2573,259.7283,14.2259,83.8909,2.6145,25.0252,4.9141
2032-02-17,14.2238,0.0020,63.7521,8.2244,261.9926,15.0150,84.0501,2.8039,26.2666,5.4434
2032-02-18,16.0248,0.0003,59.3518,8.3397,264.5810,16.0038,84.7931,3.1182,27.8032,6.2565
2032-02-19,14.5084,0.1581,69.5479,11.4675,266.8965,16.6789,84.7077,3.6082,28.8505,7.3267
2032-02-20,12.6676,5.2781,78.3990,11.0465,257.1213,10.4515,50.3147,0.2974,18.9749,0.2608
2032-02-21,7.5639,14.7134,87.1833,16.7727,219.1871,4.7453,24.5151,0.0015,9.0033,0.0009
2032-02-22,8.4478,2.7227,85.3579,15.5308,220.4117,3.0880,32.1929,0.0135,5.9671,0.0063
2032-02-23,15.0857,0.5797,72.2622,14.2456,222.8312,3.7258,57.9932,0.7319,7.1526,0.3714
2032-02-24,18.1680,0.3046,60.1009,11.3307,225.8054,4.8178,76.1821,1.4558,9.1477,0.8374
2032-02-25,16.5544,0.5338,64.8909,6.3240,228.4892,5.6983,80.7775,1.7006,10.7277,1.3065
2032-02-26,16.2016,0.5038,58.8849,14.0396,231.1095,6.7088,83.9079,3.6880,12.5097,4.5100
2032-02-27,9.9571,1.6071,55.8192,15.7471,232.6058,6.7393,75.5726,1.7504,12.5683,1.6920
2032-02-28,9.2267,0.0192,45.6232,9.8957,233.9706,7.5370,82.2130,2.4088,13.9505,2.9776
2032-02-29,10.3863,0.0528,50.9229,9.6244,235.5441,8.3377,84.3819,3.1460,15.3197,4.3210
2032-03-01,11.5459,0.0864,56.2227,9.3531,237.3264,9.2814,84.7656,3.2693,16.9095,4.7907
2032-03-02,12.7855,0.7065,68.4812,9.3319,239.3318,10.0274,81.7207,2.2060,18.1534,3.2493
2032-03-03,13.4568,0.0530,48.9781,11.3608,241.4580,11.2935,84.9874,3.7289,20.2223,6.0940
2032-03-04,11.4906,0.0000,38.1245,9.6014,243.2303,12.6214,87.1148,4.5998,22.3442,7.8382
2032-03-05,11.6089,0.0067,36.0539,11.8807,245.0239,14.0067,88.1216,5.9584,24.5106,10.3050
2032-03-06,7.6911,0.0076,43.4426,11.4493,246.1123,14.8543,88.0803,5.7959,25.8135,10.3588
2032-03-07,8.0032,0.0188,45.0500,11.2023,247.2569,15.7069,87.9279,5.6006,27.1087,10.3418
2032-03-08,10.7844,0.5050,55.6058,10.5828,248.9021,16.6063,86.9354,4.7111,28.4648,9.1886
2032-03-09,11.4981,1.1626,62.0709,9.1617,250.6757,17.4208,78.8184,1.6066,29.6843,3.2519
2032-03-10,13.6502,0.0132,49.0431,10.3075,252.8367,18.7020,83.9949,3.0914,31.5667,6.7215
2032-03-11,15.3557,1.0845,63.7416,15.3285,255.3048,19.7191,79.8774,2.4309,33.0554,5.5047
2032-03-12,15.9946,0.3700,58.2357,7.3110,257.8878,20.9361,83.4088,2.4604,34.8077,5.7655
2032-03-13,16.4377,0.0047,54.3033,8.0528,260.5506,22.3022,85.2322,3.2648,36.7419,7.7617
2032-03-14,17.8094,0.0006,57.2270,6.8654,263.4603,23.6809,85.6331,3.2512,38.6718,7.9801
2032-03-15,18.5869,0.0797,61.0913,7.7355,266.5099,24.9866,85.6810,3.4197,40.4842,8.5778
2032-03-16,18.4313,0.0069,54.2377,9.2912,269.5316,26.5101,86.2185,3.9882,42.5561,10.0726
2032-03-17,16.3332,0.1303,49.6425,7.9317,272.1755,28.0066,86.6764,3.9732,44.5522,10.3140
2032-03-18,17.0521,2.2173,53.2699,13.3295,274.9489,25.6317,75.9748,1.5887,41.5741,4.1786
2032-03-19,12.9778,0.9382,49.8691,16.5362,276.9889,26.8347,80.2182,2.6771,43.2051,7.1855
2032-03-20,7.0961,0.1647,56.5145,17.8631,277.9702,27.4422,82.6790,3.8135,44.0199,9.8968
2032-03-21,5.8541,0.4191,61.2150,15.3137,278.7280,27.9020,83.0207,3.5025,44.6338,9.2866
2032-03-22,4.8144,0.4967,55.6805,14.8704,279.2986,28.3488,83.6004,3.6926,45.2224,9.7876
2032-03-23,4.5229,0.2450,49.8789,14.4418,279.8167,28.8292,84.3894,4.0144,45.8489,10.5783
2032-03-24,4.3539,0.0538,48.2491,12.5796,280.3044,29.3103,84.8580,3.8954,46.4721,10.4001
2032-03-25,4.6541,0.0938,50.8283,11.5505,280.8461,29.7926,84.9056,3.7228,47.0953,10.0943
2032-03-26,8.6689,0.0063,40.7263,7.9945,282.1105,30.7796,86.3293,3.7948,48.3666,10.4188
2032-03-27,14.5880,0.0000,45.9287,10.5012,284.4403,32.2256,86.9688,4.7141,50.2254,12.6935
2032-03-28,14.3346,0.0845,54.6909,12.0567,286.7246,33.4176,87.0171,5.1337,51.7552,13.8033
2032-03-29,12.9605,1.9986,72.0471,13.5824,288.7615,30.6715,70.9112,1.2778,48.4717,3.6999
2032-03-30,14.8528,0.1003,51.3108,12.3282,291.1390,31.9955,81.4248,2.4776,50.1991,7.3753
2032-03-31,9.7653,0.7110,48.1747,18.3124,292.6007,32.9554,82.9433,4.0337,51.4296,11.3542
2032-04-01,9.6205,0.2637,42.1258,17.9176,295.2864,34.4595,85.7996,5.8078,53.3534,15.4353
2032-04-02,11.5162,0.0069,42.9057,11.3076,298.3133,36.2058,86.7976,4.7917,55.5550,13.6097
2032-04-03,16.7009,0.0021,42.1948,9.9045,302.2735,38.7004,87.8656,5.1995,58.6335,14.9403
2032-04-04,17.7394,1.0290,49.7047,11.7213,306.4206,40.9975,83.9091,3.2819,61.4431,10.6517
2032-04-05,13.2639,0.2454,45.6217,13.3279,309.7621,42.8911,86.1336,4.8298,63.7236,14.7883
2032-04-06,15.9120,0.0009,41.3925,7.8729,313.5803,45.3082,87.6509,4.5514,66.5702,14.4789
2032-04-07,19.3307,0.0061,49.4976,12.2128,318.0138,47.8096,87.6994,5.7035,69.4986,17.5871
2032-04-08,18.0363,0.0732,62.3304,7.8500,322.2143,49.5572,86.8159,4.0359,71.5884,13.7467
2032-04-09,20.4106,2.5693,55.2444,9.8149,326.8422,43.6071,74.8543,1.2461,65.4001,4.5569
2032-04-10,19.1706,0.8422,67.7849,7.4594,331.2469,45.1902,78.0823,1.3815,67.3947,5.1814
2032-04-11,18.0854,0.8901,71.1209,14.0836,335.4563,46.5334,78.7234,2.0409,69.1026,7.6269
2032-04-12,14.0845,1.7684,85.8456,19.9193,338.9455,44.0037,66.3524,1.5144,66.4426,5.6174
2032-04-13,16.8852,4.0786,74.2257,19.0838,333.3385,32.3020,58.4235,0.9635,52.0051,2.7924
2032-04-14,12.6318,1.5357,55.9019,19.2826,336.5662,32.8158,70.0918,1.6578,52.7690,5.2085
2032-04-15,11.1746,0.0238,34.5953,12.2517,339.5317,34.7621,82.6093,2.8492,55.3556,8.8740
2032-04-16,15.1553,0.0000,38.5018,7.5640,343.2136,37.1856,86.8606,4.0035,58.5203,12.1631
2032-04-17,16.5163,0.3671,48.7232,7.0810,347.1405,39.3755,87.0033,3.9873,61.3531,12.4597
2032-04-18,12.2138,5.2466,76.6133,9.1851,336.0858,25.9373,50.6728,0.2825,43.4848,0.4306
2032-04-19,12.2250,4.7012,86.5486,7.3344,327.4131,17.3073,34.6028,0.0160,30.5742,0.0192
2032-04-20,15.4166,4.4272,65.7970,10.2167,320.5520,12.5099,47.0813,0.1872,22.7957,0.1844
2032-04-21,14.4959,7.9924,73.4365,10.9186,301.2506,7.3919,40.9162,0.0715,13.9294,0.0520
2032-04-22,13.1905,2.4359,72.7113,11.0236,304.5789,6.2667,50.5377,0.3050,11.9202,0.2028
2032-04-23,17.3700,0.0084,49.2230,6.3760,308.6595,8.5403,73.6473,0.9872,15.9756,0.7790
2032-04-24,19.4031,0.2728,52.1637,5.4908,313.1060,10.9181,82.7102,2.0524,20.0852,3.2143
2032-04-25,17.1798,1.3339,62.5473,11.2346,317.1524,12.5778,78.0648,1.6684,22.8866,2.7506
2032-04-26,17.6304,0.0003,45.3135,13.2123,321.2799,15.0611,85.4001,4.3337,26.9623,8.2862
2032-04-27,17.8853,0.0000,43.8094,12.2368,325.4532,17.6473,87.4924,5.5438,31.0813,11.0577
2032-04-28,18.9637,0.0000,42.9198,9.5452,329.8207,20.4237,88.2507,5.3959,35.3716,11.6196
2032-04-29,21.2297,0.0021,45.4498,6.1476,334.5960,23.3768,88.3713,4.6262,39.8017,10.9557
2032-04-30,21.8941,3.2523,57.1928,8.6127,333.0483,19.7861,72.3169,1.0457,34.4548,2.0849
2032-05-01,18.8704,2.9800,62.4938,9.4251,333.4389,16.9837,66.4306,0.8949,30.1306,1.2858
2032-05-02,18.7720,3.1362,64.1188,11.0011,333.2273,14.3173,64.4228,0.8966,25.8572,0.9590
2032-05-03,17.6416,7.4884,78.0322,13.2318,317.0170,8.6380,46.8660,0.2114,16.1742,0.1680
2032-05-04,19.5293,3.2768,58.1718,10.8844,316.6814,7.8712,61.6591,0.7806,14.8215,0.5889
2032-05-05,18.8088,0.1183,51.9266,8.9486,322.4710,10.3909,79.0712,1.6275,19.2325,2.2811
2032-05-06,21.4999,0.0000,51.0259,7.6394,328.7450,13.3047,85.3267,3.2395,24.1646,5.9415
2032-05-07,23.6089,0.0000,51.3457,4.2749,335.3986,16.4697,87.1366,3.5279,29.3378,7.2521
2032-05-08,25.7761,0.0001,46.7510,4.9507,342.4423,20.2374,88.5593,4.4745,35.2646,9.9442
2032-05-09,26.1044,0.1780,47.8810,4.7795,349.5451,23.9701,88.7390,4.5520,40.9243,10.9847
2032-05-10,25.5903,0.2859,50.8758,10.4426,356.5553,27.4219,88.7879,6.0980,45.9995,14.7786
2032-05-11,23.1358,0.1541,41.1886,14.6794,363.1238,31.1744,89.3831,8.2225,51.3316,19.5836
2032-05-12,23.4087,0.0838,35.6298,13.9199,369.7413,35.3277,90.4130,9.1722,57.0323,22.3670
2032-05-13,23.2961,0.2400,32.7173,12.2789,376.3386,39.6491,91.0372,9.2311,62.7663,23.5983
2032-05-14,24.3583,0.0394,35.3704,8.2125,383.1271,43.9807,91.0869,7.5742,68.3469,21.4327
2032-05-15,21.7790,3.0642,46.6119,8.9910,382.9723,37.7321,76.4477,1.3171,60.5501,4.5539
2032-05-16,22.3689,1.4310,45.4189,10.2195,389.4027,41.1044,81.6583,2.2899,65.0441,8.1223
2032-05-17,22.6297,0.2129,41.6211,8.8384,395.8801,44.7515,87.7698,4.8603,69.7820,15.6322
2032-05-18,24.0629,0.0483,40.5901,5.9187,402.6154,48.6871,89.3623,5.2722,74.7700,17.2647
2032-05-19,26.5693,0.2925,41.0890,5.0582,409.8019,52.9784,89.9602,5.5004,80.0765,18.4842
2032-05-20,28.1933,1.1790,40.2074,7.4291,417.2806,57.5896,87.9353,4.6357,85.6332,16.9001
2032-05-21,24.1834,0.9014,46.7515,12.3606,424.0377,61.1339,86.8119,5.0630,89.8746,18.5255
2032-05-22,25.2443,0.0005,38.6027,7.4595,430.9856,65.3922,89.7275,6.0043,94.8182,21.5611
2032-05-23,27.4106,0.0232,39.0653,6.5029,438.3235,69.9659,90.4751,6.3681,100.0188,23.0939
2032-05-24,29.6947,0.1650,38.5910,7.2458,446.0726,74.9444,91.0114,7.1370,105.5537,25.6669
2032-05-25,29.7282,0.1043,39.0607,7.5897,453.8277,79.8903,91.0611,7.3134,110.9516,26.7041
2032-05-26,25.9023,0.2088,42.4827,18.4552,460.8941,83.9790,91.1108,12.7342,115.3937,39.3255
2032-05-27,24.0387,0.0876,35.7880,19.0912,467.6250,88.2287,91.1606,13.2424,119.9016,40.9460
2032-05-28,24.5436,0.2390,39.0843,12.0745,474.4469,92.3412,91.2103,9.3645,124.2336,33.0786
2032-05-29,23.0397,6.2943,50.8336,12.9379,456.2898,57.7080,70.9445,1.2383,87.6901,5.6342
2032-05-30,26.5276,0.3818,40.8276,10.1474,463.4688,62.0118,87.0532,4.6868,92.9365,17.8180
2032-05-31,26.9497,0.0063,32.7061,9.7725,470.7237,66.9812,91.1548,8.2733,98.8116,27.5427
2032-06-01,27.1095,0.0000,29.8381,8.3450,479.0074,72.1918,92.2219,8.9564,104.8707,29.8960
2032-06-02,26.3325,0.0079,29.2009,11.0167,487.1513,77.3050,92.3611,10.4503,110.6950,33.9533
2032-06-03,24.6782,0.5077,46.3653,9.2073,494.9974,80.9449,90.7195,7.5572,114.9121,27.7334
2032-06-04,26.5700,0.1936,48.7230,12.6111,503.1840,84.6802,90.3370,8.4941,119.2073,30.4876
2032-06-05,26.6553,1.3408,52.6457,12.2742,511.3859,88.1404,85.0485,3.9376,123.1966,17.9774
2032-06-06,22.9522,6.2314,72.2000,14.5596,492.2469,54.3641,62.0990,0.9617,85.2034,4.2544
2032-06-07,26.0115,0.1068,51.3818,6.1112,500.3330,57.8343,81.9371,1.9248,89.7366,8.5835
2032-06-08,26.4006,0.0329,41.5304,6.5833,508.4891,62.0675,88.5568,4.8564,95.1111,18.5177
2032-06-09,28.1310,0.0000,34.3939,5.9568,516.9567,67.1162,91.1932,6.8635,101.3401,24.4986
2032-06-10,29.5532,0.0000,31.0199,6.4124,525.6802,72.6828,92.3911,8.3215,108.0255,28.8262
2032-06-11,29.9658,0.0020,32.7542,7.9102,534.4781,78.1826,92.4412,9.0375,114.4949,31.2621
2032-06-12,30.9664,0.0022,36.1430,9.5766,543.4560,83.5734,92.4914,9.8988,120.7313,33.9441
2032-06-13,31.7506,0.0000,35.8039,9.2594,552.5751,89.1254,92.5416,9.8109,127.0291,34.4013
2032-06-14,33.5482,0.0003,31.7590,8.2395,562.0178,95.3501,93.0457,10.0027,133.9053,35.4969
2032-06-15,34.7776,0.1806,29.5163,6.3494,571.6818,102.0075,93.7048,9.9699,141.0809,36.0232
2032-06-16,31.6340,1.0589,40.8171,12.5061,580.7799,107.1078,89.9284,7.9691,146.6174,31.4067
2032-06-17,29.9488,0.3497,39.1354,13.9632,589.5747,112.0829,90.9242,9.8883,151.9490,36.6031
2032-06-18,26.3788,0.2315,34.0303,13.1454,597.7269,116.8553,91.3496,10.0814,156.9846,37.3819
2032-06-19,26.9337,0.3360,34.5555,11.0574,605.9789,121.6853,91.3994,9.1391,162.0289,35.3180
2032-06-20,29.0304,0.0294,31.0233,7.0671,614.6084,127.1568,92.3359,8.5339,167.6173,34.0117
2032-06-21,31.2959,0.1653,32.2898,7.1997,623.6457,132.9316,92.5682,8.8768,173.4402,35.1551
2032-06-22,32.5657,0.1542,34.4736,6.5640,632.9115,138.7392,92.6184,8.6579,179.2473,34.7945
2032-06-23,32.3476,0.0000,36.2192,6.5943,642.1380,144.3555,92.6686,8.7325,184.8329,35.1766
2032-06-24,31.8849,1.1814,41.9501,6.2923,651.2813,149.3964,88.9222,5.0435,189.8941,24.3385
2032-06-25,33.3772,1.0693,39.4646,6.6849,660.6932,154.8910,89.8228,5.8539,195.3114,27.1035
2032-06-26,34.2006,0.2265,35.1496,6.3892,670.2533,160.9179,92.2907,8.1950,201.1206,34.1426
2032-06-27,33.3866,0.0018,34.5547,9.3531,679.6669,166.8597,92.4852,9.7794,206.7968,38.4691
2032-06-28,32.3175,0.6204,33.9744,9.2433,688.8881,172.6685,92.1569,9.2856,212.3034,37.2955
2032-06-29,34.0188,0.3476,33.3394,6.7893,698.4154,178.8316,92.7947,8.9764,218.0696,36.5727
2032-06-30,30.7149,1.6631,46.4902,7.5049,707.3481,151.3439,86.2822,3.6778,197.2037,19.5418
2032-07-01,33.5261,0.0224,35.5994,6.6142,717.0868,156.5811,91.7566,7.6857,202.5769,32.7463
2032-07-02,34.3345,0.0000,34.5081,7.0748,726.9710,162.0313,92.6008,8.8617,208.1041,36.0945
2032-07-03,35.5911,0.0000,32.8697,6.2310,737.0814,167.8160,93.1726,9.2019,213.8886,37.1030
2032-07-04,38.2537,0.0000,28.3472,10.6123,747.6711,174.4385,94.5441,13.8810,220.3518,48.4287
2032-07-05,33.4596,0.9620,41.1774,13.8945,757.3978,179.2128,90.5990,9.4073,225.2066,37.8163
2032-07-06,28.6086,8.9691,58.2157,13.4648,692.7112,77.6591,71.9664,1.3180,121.3166,7.3444
2032-07-07,30.7563,0.4216,43.1628,8.6011,701.9514,81.9115,88.0292,4.9844,126.8247,21.5925
2032-07-08,30.7058,1.3558,45.4765,8.4603,711.1824,85.9843,87.0657,4.3125,132.0541,19.7618
2032-07-09,32.8906,0.0000,35.3182,8.1445,720.8067,91.1478,91.7998,8.3528,138.5086,31.8471
2032-07-10,34.2565,0.0000,30.5921,7.9433,730.6769,96.9112,93.3273,10.2502,145.5582,37.0288
2032-07-11,35.0646,0.0010,29.5145,7.2093,740.6925,102.8978,93.7747,10.5131,152.7464,38.1510
2032-07-12,34.6078,0.0000,30.4337,10.0421,750.6259,108.7318,93.8253,12.2116,159.6488,42.4912
2032-07-13,35.6383,0.0000,26.3569,8.4488,760.7448,115.0859,94.5216,12.4088,167.0088,43.3605
2032-07-14,36.4240,0.0000,27.3471,8.7306,771.0051,121.4886,94.5725,12.6748,174.3110,44.3254
2032-07-15,37.3876,0.0000,27.4140,8.2454,781.4389,128.0497,94.6407,12.4853,181.6746,44.2235
2032-07-16,37.3706,0.0000,29.5968,7.5081,791.8696,134.4106,94.6916,12.1144,188.7332,43.6417
2032-07-17,37.1795,0.0000,30.2048,8.3473,802.2659,140.6854,94.7425,12.7264,195.6137,45.2597
2032-07-18,35.3946,0.7456,33.0186,9.0096,812.3410,146.4263,92.8221,10.0777,201.8795,39.1182
2032-07-19,36.5129,0.0589,28.8053,10.0262,822.6173,152.7154,94.1348,12.7368,208.6113,45.6289
2032-07-20,36.3031,0.0278,31.8357,7.9665,832.8559,158.7032,94.1856,11.5620,214.9892,43.0299
2032-07-21,33.9848,3.4990,40.2397,15.3357,817.6714,98.1051,87.3111,6.3152,150.9364,27.0423
2032-07-22,29.6471,0.0433,34.8963,13.2582,826.7119,102.8063,91.3710,10.1698,156.8497,37.5875
2032-07-23,31.5157,0.0005,27.2438,7.8422,836.0887,108.3794,93.4639,10.3943,163.7069,38.5132
2032-07-24,32.0888,0.0000,27.3628,7.9674,845.5687,114.0412,93.7209,10.8410,170.5706,39.9257
2032-07-25,33.4651,0.0000,25.7073,6.8994,855.2964,120.0722,94.2832,11.1056,177.7574,40.8714
2032-07-26,35.0714,0.0000,24.9403,6.2724,865.3133,126.4485,94.7349,11.4511,185.2284,41.9753
2032-07-27,36.1512,0.1541,25.6343,6.6181,875.5245,132.9545,94.8010,11.7585,192.7377,42.9473
2032-07-28,34.6462,0.9815,33.4210,7.6542,885.4648,138.5440,92.0968,8.4985,199.1774,34.9305
2032-07-29,35.5158,0.0000,28.9497,9.7836,895.5617,144.6539,93.8938,12.1687,206.0879,44.2660
2032-07-30,35.8695,0.0000,24.1996,8.4052,905.7222,151.2353,94.9978,13.2187,213.3916,46.8219
2032-07-31,36.0091,0.0000,23.7988,8.6781,915.9078,157.8765,95.1624,13.7069,220.6629,48.0512
2032-08-01,35.9674,0.0000,28.7085,7.2269,925.3860,163.3320,95.2134,12.8295,226.6527,46.1841
2032-08-02,36.2742,0.0000,27.5796,6.6472,934.9193,168.9198,95.2645,12.5474,232.7206,45.6248
2032-08-03,36.2439,0.0000,25.2209,9.7421,944.4472,174.6849,95.3156,14.7677,238.9017,50.6409
2032-08-04,36.6091,0.0000,23.5378,8.8153,954.0408,180.6374,95.3667,14.1925,245.2066,49.4699
2032-08-05,37.6846,0.0000,23.8482,6.5719,963.8281,186.7348,95.4428,12.8077,251.6036,46.4316
2032-08-06,37.9209,0.0000,25.6190,6.5844,973.6578,192.7267,95.4940,12.9054,257.8538,46.7076
2032-08-07,38.2208,0.0000,24.3186,6.6018,983.5416,198.8702,95.5452,13.0070,264.1924,46.9857
2032-08-08,38.2884,0.0000,24.5584,5.9883,993.4375,205.0048,95.5964,12.6992,270.4732,46.3182
2032-08-09,38.8054,0.0000,21.0669,7.9669,1003.4265,211.5076,96.2058,15.2385,277.0303,51.9756
2032-08-10,38.6734,0.0000,21.3265,7.6958,1013.3917,217.9675,96.2572,15.1364,283.4948,51.7911
2032-08-11,38.2707,0.0000,24.3007,8.1153,1023.2844,224.1202,96.3087,15.5673,289.6450,52.7318
2032-08-12,36.3949,0.0000,28.3958,9.3827,1032.8395,229.6629,95.8294,15.5526,295.2152,52.7225
2032-08-13,33.1445,1.0538,38.3509,9.5625,1041.8095,234.0213,90.8026,7.7854,299.7248,33.8275
2032-08-14,35.2219,0.0008,33.6054,7.7968,1051.1534,238.9999,92.8517,9.5197,304.7646,38.6158
2032-08-15,36.3863,0.0000,28.5574,8.0967,1060.7069,244.5287,94.1556,11.5899,310.2498,43.8467
2032-08-16,33.7438,0.0000,32.1958,11.8348,1069.7848,249.4061,94.2063,14.0906,315.1372,49.6262
2032-08-17,33.2865,0.2280,31.1346,10.7974,1078.7804,254.2949,94.2570,13.4671,320.0064,48.2448
2032-08-18,33.3502,0.0343,27.0107,11.7127,1087.7874,259.4859,94.3078,14.2020,325.0967,49.8915
2032-08-19,33.2039,0.0000,21.2007,11.8090,1096.7681,265.0664,95.2086,16.1509,330.4658,54.0634
2032-08-20,34.5758,0.0000,23.0615,8.2243,1105.9958,270.7331,95.2596,13.5763,335.9040,48.5164
2032-08-21,34.7095,0.0000,26.8521,8.1081,1115.2475,276.1407,95.3107,13.5915,341.1224,48.5571
2032-08-22,34.4056,0.0000,26.5917,9.1562,1124.4445,281.5215,95.3619,14.4289,346.2936,50.4190
2032-08-23,34.6603,0.0000,22.7370,10.6875,1133.6873,287.2255,95.4130,15.6953,351.6929,53.1397
2032-08-24,34.4109,0.0000,20.1685,11.3597,1142.8853,293.0780,95.6786,16.8338,357.1743,55.5003
2032-08-25,34.4652,0.0000,20.1368,10.3892,1152.0930,298.9418,95.7299,16.1423,362.6410,54.0835
2032-08-26,34.8603,0.0000,21.5863,9.6104,1161.3719,304.7631,95.7811,15.6294,368.0622,53.0148
2032-08-27,35.5880,0.0000,21.4592,9.7568,1170.7817,310.7118,95.8324,15.8551,373.5705,53.4923
2032-08-28,37.3972,0.0000,23.2885,7.0377,1180.5172,316.8086,95.8837,13.9214,379.2047,49.3251
2032-08-29,37.4275,0.0000,24.1162,5.8684,1190.2582,322.8442,95.9350,13.2164,384.7742,47.7413
2032-08-30,36.9133,0.0000,23.9267,5.9196,1199.9066,328.8142,95.9863,13.3429,390.2647,48.0310
2032-08-31,36.0911,0.0159,27.2517,6.0600,1209.4070,334.3998,95.9346,13.3439,395.4475,48.0350
2032-09-01,35.9791,0.4960,27.9294,5.8803,1217.5872,339.1575,95.8002,12.9849,399.8621,47.2174
2032-09-02,35.4638,0.5296,31.1503,6.0273,1225.6747,343.6394,95.0002,11.7298,404.0632,44.2698
2032-09-03,35.5535,0.0094,29.8427,6.4278,1233.7783,348.2176,95.0512,12.0528,408.3246,45.0430
2032-09-04,34.8230,0.0002,29.5069,6.3050,1241.7504,352.7260,95.1022,12.0624,412.5116,45.0667
2032-09-05,33.5783,0.0007,35.7993,6.7789,1249.4985,356.6898,94.0300,10.6583,416.2886,41.6394
2032-09-06,31.5749,0.0003,43.3797,8.3081,1256.8860,359.9836,92.3499,9.1027,419.5557,37.5941
2032-09-07,31.8383,0.0000,42.3655,8.7185,1264.3209,363.3634,92.3107,9.2416,422.8855,37.9679
2032-09-08,31.6810,0.1490,39.5947,9.1153,1271.7275,366.8887,92.3608,9.4950,426.3073,38.6430
2032-09-09,30.0824,2.9474,43.9020,11.5090,1226.7459,120.3172,84.0156,3.2934,193.2503,17.9662
2032-09-10,30.8084,0.2420,37.6524,10.0260,1233.9954,123.8591,90.6906,7.8430,198.0271,33.0954
2032-09-11,31.3568,0.0004,30.8250,7.8182,1241.3436,127.8564,92.6890,9.3148,203.3507,37.1951
2032-09-12,31.6109,0.0005,29.0538,6.6599,1248.7376,131.9881,93.2496,9.5046,208.8017,37.8015
2032-09-13,31.5577,0.0011,35.2025,9.0367,1256.1220,135.7556,93.3000,10.7896,213.7567,41.1387
2032-09-14,28.7749,1.1043,56.0209,12.5561,1263.0055,138.0947,86.3418,4.7838,216.9006,23.8588
2032-09-15,30.3668,1.3233,47.9083,9.6318,1270.1755,141.0130,86.5126,4.2293,220.7560,21.9047
2032-09-16,29.0953,1.8114,54.9161,13.8808,1277.1167,121.0003,83.6323,3.5277,195.6569,18.9343
2032-09-17,28.2728,0.9140,48.8577,9.7279,1283.9098,123.6748,86.6551,4.3364,199.3442,22.0358
2032-09-18,26.1729,0.9470,43.0106,12.4380,1290.3249,126.4419,87.6397,5.7195,203.1227,26.8148
2032-09-19,26.0466,0.0000,33.6557,8.4125,1296.7173,129.6484,90.8673,7.4152,207.4449,32.0620
2032-09-20,27.6952,0.0000,30.4788,5.2922,1303.4064,133.2125,92.1341,7.5848,212.2048,32.6301
2032-09-21,28.9866,0.0000,28.0965,6.1563,1310.3280,137.0640,92.9494,8.8853,217.3020,36.3170
2032-09-22,30.4753,0.0000,30.1272,7.4830,1317.5176,140.9919,92.9998,9.5669,222.4666,38.1945
2032-09-23,31.1705,0.0000,32.5862,6.1222,1324.8322,144.8650,93.0501,8.9960,227.5311,36.7572
2032-09-24,30.2652,0.0383,38.2680,10.5989,1331.9840,148.3122,92.8241,10.9210,232.0339,41.7453
2032-09-25,28.4832,0.0070,41.4751,9.7107,1338.8150,151.3947,92.0451,9.3579,236.0557,37.8168
2032-09-26,29.5799,0.0000,33.6514,7.1095,1345.8433,155.0187,92.0951,8.2665,240.7201,34.9050
2032-09-27,29.9032,0.0000,37.2037,7.6832,1352.9299,158.4849,92.1452,8.5693,245.1704,35.7810
2032-09-28,28.2273,0.0004,44.2417,11.4110,1359.7148,161.3962,91.4654,9.3911,248.9248,38.0232
2032-09-29,28.6062,0.1422,47.8537,11.1594,1366.5679,164.1541,90.8659,8.5143,252.4858,35.6851
2032-09-30,26.4698,2.4151,43.5667,15.8172,1373.0365,113.9433,83.9441,4.0531,188.7313,20.8207
2032-10-01,22.8527,0.4865,41.4753,17.7990,1377.8540,116.0673,88.5644,8.5554,191.7527,34.9020
2032-10-02,22.0976,0.0149,28.2206,13.9428,1382.5355,118.5903,91.3697,10.5249,195.2999,40.0639
2032-10-03,24.7310,0.0000,21.8166,9.6183,1387.6911,121.6504,93.4066,11.2771,199.5643,42.0037
2032-10-04,25.0587,0.0000,22.3994,8.4436,1392.9057,124.7261,93.6157,10.9431,203.8242,41.3044
2032-10-05,24.8402,0.0004,37.7107,9.7203,1398.0809,127.1744,92.3270,9.7425,207.2241,38.3836
2032-10-06,22.2695,7.3208,68.2092,13.2082,1172.2539,67.3322,62.3308,0.9092,117.7552,5.0655
2032-10-07,21.2527,0.9619,50.8737,13.4927,1176.7834,68.9960,79.4114,2.1146,120.3512,10.9788
2032-10-08,19.9860,0.0000,35.9953,8.4147,1181.0849,71.0409,87.5309,4.5979,123.5095,20.1567
2032-10-09,20.4891,0.0000,36.0901,7.4673,1185.4770,73.1315,89.4676,5.7868,126.7198,23.9919
2032-10-10,21.3616,0.0000,35.1336,6.6496,1190.0260,75.3392,90.1611,6.1336,130.0889,25.2387
2032-10-11,22.1237,0.0000,35.6589,8.7786,1194.7123,77.6032,90.3329,6.9982,133.5237,27.9044
2032-10-12,21.5034,0.0000,41.9888,11.3991,1199.2869,79.5901,90.3824,8.0428,136.5285,30.9017
2032-10-13,22.2246,0.0000,42.9828,6.6990,1203.9913,81.6051,90.4318,6.3918,139.5619,26.6193
2032-10-14,23.2603,0.0007,44.9805,5.9260,1208.8822,83.6359,90.3851,6.1066,142.6065,25.9745
2032-10-15,23.3744,1.7027,52.8519,9.2742,1213.7936,79.6038,81.7287,2.2017,136.7813,12.0042
2032-10-16,20.3480,0.0096,37.6090,9.9039,1218.1602,81.6314,87.9866,5.2902,139.8360,23.3462
2032-10-17,22.1140,0.0102,32.5328,5.2277,1222.8447,84.0044,90.3489,5.8650,143.3841,25.3009
2032-10-18,20.1236,0.0423,36.6706,11.7709,1227.1710,86.0410,90.3984,8.2136,146.4174,32.0365
2032-10-19,19.8317,0.0000,30.0647,6.4016,1231.4447,88.2590,90.9534,6.7834,149.6959,28.3334
2032-10-20,23.6244,0.0000,32.5992,6.7456,1236.4011,90.7840,91.1801,7.1285,153.4077,29.5066
2032-10-21,24.7555,0.0000,38.4987,7.0577,1241.5611,93.1934,91.2299,7.2930,156.9370,30.1458
2032-10-22,25.3810,0.0000,35.2631,5.6096,1246.8336,95.7909,91.2796,6.8280,160.7138,29.0016
2032-10-23,25.0272,0.0291,35.2732,7.6292,1252.0425,98.3533,91.3294,7.6131,164.4174,31.3830
2032-10-24,22.9033,0.0692,44.9919,9.3657,1256.8691,100.3540,90.5351,7.4197,167.3108,30.9658
2032-10-25,22.0841,0.0038,50.5800,7.4419,1261.5483,102.0900,89.5065,5.8118,169.8230,26.3024
2032-10-26,20.0665,0.1309,61.0377,8.1033,1265.8643,103.3396,87.6157,4.5815,171.6478,22.3172
2032-10-27,19.6191,0.7868,64.6099,7.4976,1270.0997,104.4506,83.4343,2.4920,173.2764,14.2481
2032-10-28,17.9675,14.0979,82.7307,13.4256,953.4913,50.4378,41.5951,0.0917,89.0934,0.2352
2032-10-29,16.7115,34.9501,87.7964,19.6745,593.8238,18.7604,26.6035,0.0035,34.7742,0.0045
2032-10-30,16.9718,1.9225,62.3348,12.0874,597.5827,17.7274,54.9502,0.5108,33.0070,0.6434
2032-10-31,15.9847,7.9347,66.7056,16.3580,557.0712,10.2042,50.9913,0.4208,19.5148,0.3756
2032-11-01,14.3801,4.2255,58.9535,25.5182,542.0169,7.0277,60.5991,1.5363,13.6141,1.4211
2032-11-02,15.3983,0.0000,47.0796,9.9709,544.4926,8.1853,78.2767,1.5942,15.7776,1.8194
2032-11-03,17.5784,0.0000,55.9522,7.7558,547.3607,9.2761,83.4966,2.5452,17.7981,3.7842
2032-11-04,18.2165,0.0107,58.2350,5.7611,550.3437,10.3457,84.9664,2.8041,19.7625,4.5151
2032-11-05,18.0383,2.1130,64.8283,8.5110,553.2946,9.3047,72.5898,1.0514,17.8586,0.8881
2032-11-06,16.0454,2.2064,59.8330,18.1324,555.8868,8.2223,71.7181,1.6525,15.8583,1.9436
2032-11-07,11.1560,0.0038,54.5234,17.6729,557.5988,8.9613,80.5657,2.9431,17.2303,4.3421
2032-11-08,10.7691,0.1034,47.5117,9.3786,559.2413,9.7873,84.2176,3.0392,18.7540,4.7458
2032-11-09,14.4945,0.0134,51.5657,6.0499,561.5543,10.7886,85.5263,3.0742,20.5884,5.0986
2032-11-10,15.6672,0.0013,59.9337,7.3885,564.0784,11.6793,85.5741,3.3107,22.2090,5.7559
2032-11-11,16.1654,0.0196,60.7250,6.9867,566.6922,12.5783,85.6220,3.2661,23.8341,5.9370
2032-11-12,16.2634,0.1165,63.2204,6.8213,569.3236,13.4250,85.6699,3.2607,25.3553,6.1611
2032-11-13,17.0059,0.1232,62.7523,4.4737,572.0886,14.3191,85.7179,2.9164,26.9518,5.7525
2032-11-14,17.6177,0.8857,65.6708,10.6024,574.9638,15.1711,81.7367,2.3564,28.4644,4.8199
2032-11-15,19.1353,1.4862,64.6903,14.9811,578.1122,16.1183,77.7312,1.9602,30.1361,4.1303
2032-11-16,17.6862,0.0112,55.6509,8.1973,580.9997,17.2229,83.4157,2.5751,32.0692,5.7082
2032-11-17,18.4104,0.0407,63.4718,11.1984,584.0175,18.1678,84.4117,3.4194,33.7137,7.6739
2032-11-18,17.2731,0.0000,50.2913,9.8969,586.8307,19.3787,86.2119,4.1080,35.8017,9.3336
2032-11-19,15.7141,0.0000,45.1800,8.0105,589.3632,20.6007,87.1522,4.2681,37.8904,9.9631
2032-11-20,16.2641,0.0000,52.2555,4.4760,591.9948,21.6999,87.2007,3.5966,39.7565,8.8628
2032-11-21,16.6866,0.0000,56.8014,5.9699,594.7024,22.7185,87.2347,3.8966,41.4760,9.7303
2032-11-22,17.3874,0.0010,57.6290,7.5754,597.5361,23.7571,87.2252,4.2193,43.2184,10.6497
2032-11-23,18.2819,0.0000,55.1758,8.3972,600.5308,24.9089,87.2737,4.4281,45.1373,11.3598
2032-11-24,16.6714,0.0059,64.1081,12.0105,603.2357,25.7546,86.2930,4.6222,46.5415,11.9676
2032-11-25,15.3014,0.0021,70.7532,9.2978,605.6939,26.3905,85.0126,3.3724,47.5965,9.3469
2032-11-26,14.7684,0.0034,74.1491,4.9801,608.0562,26.9344,84.1724,2.4203,48.4981,7.0607
2032-11-27,15.1116,0.1471,68.2029,7.7436,610.4803,27.6178,84.2198,2.7997,49.6233,8.1642
2032-11-28,17.3043,2.1665,73.8656,12.4526,613.2991,24.6613,70.0774,1.1745,44.8173,3.1375
2032-11-29,17.5359,0.5280,66.4315,9.3525,616.1596,25.4907,78.7458,1.6113,46.2029,4.5914
2032-11-30,17.5561,5.8668,71.7299,18.0141,587.2551,15.9030,58.2725,0.9031,29.7893,1.2910
2032-12-01,14.8918,11.4341,74.6587,20.5098,524.9220,7.9831,45.3376,0.2435,15.3813,0.1878
2032-12-02,13.9437,7.3874,69.6987,17.5554,493.0782,4.3949,46.2667,0.2411,8.5981,0.1342
2032-12-03,11.4914,0.5522,53.0123,15.2828,494.8506,5.0672,69.5484,1.3319,9.8814,0.7983
2032-12-04,10.2804,0.0364,57.6625,13.3795,496.4051,5.6147,78.5923,1.9465,10.9207,1.7776
2032-12-05,9.6298,0.0036,53.9865,7.9396,497.8424,6.1758,82.3485,2.2194,11.9801,2.3739
2032-12-06,11.2726,0.0000,53.4538,4.6696,499.5755,6.8302,84.1112,2.3633,13.2090,2.7899
2032-12-07,12.5415,0.0032,60.6898,6.7854,501.5370,7.4396,84.2885,2.6925,14.3472,3.4763
2032-12-08,14.8846,0.1182,70.0527,11.9020,503.9202,7.9836,84.3360,3.5068,15.3589,4.8499
2032-12-09,17.3368,0.0327,67.6678,10.9217,506.7448,8.6610,84.3835,3.3592,16.6123,4.8717
2032-12-10,16.8340,0.0035,69.8264,6.6385,509.4789,9.2760,84.4310,2.7245,17.7443,4.0731
2032-12-11,15.6205,0.5206,77.3374,9.7414,511.9946,9.7066,83.4272,2.7877,18.5347,4.2996
2032-12-12,14.6347,12.3295,83.6270,12.0910,455.4304,4.6527,38.3955,0.0466,9.0737,0.0267
2032-12-13,10.9536,15.4004,69.3284,27.5373,391.9541,2.1169,41.4758,0.1828,4.1775,0.0729
2032-12-14,5.6717,0.3792,68.9044,22.1021,392.6790,2.3562,61.0250,1.3260,4.6428,0.5526
2032-12-15,4.5142,0.0445,67.9750,17.1981,393.1955,2.5606,71.2712,1.5520,5.0391,0.6699
2032-12-16,5.7970,0.0027,59.2890,10.8109,393.9430,2.8796,77.6958,1.5841,5.6559,0.7197
2032-12-17,8.0739,0.0142,58.5092,6.8459,395.1003,3.3122,81.0754,1.8054,6.4884,0.8741
2032-12-18,11.4422,3.8107,73.1062,12.7257,386.9817,1.8463,57.0530,0.6309,3.6491,0.2387
2032-12-19,14.1784,7.5283,76.2286,17.6243,364.2486,0.7214,45.2952,0.2092,1.4358,0.0594
2032-12-20,12.6901,5.0610,69.1188,16.2940,352.1472,0.4839,47.9925,0.2883,0.9646,0.0752
2032-12-21,11.1625,0.0088,53.5866,12.8846,353.8604,1.1307,69.7306,1.1872,2.2435,0.3803
2032-12-22,13.9404,0.0000,60.3374,8.2202,356.0737,1.8086,78.6805,1.5129,3.5719,0.5678
2032-12-23,13.6853,0.0150,67.7830,9.0998,358.2411,2.3499,81.4068,2.1012,4.6240,0.8742
2032-12-24,14.2387,0.1118,72.6582,7.3781,360.5080,2.8265,82.0190,2.0722,5.5444,0.9330
2032-12-25,14.3973,0.0431,69.5410,6.1649,362.8035,3.3629,82.6466,2.1064,6.5736,1.1608
2032-12-26,13.6893,0.0105,70.0565,5.0434,364.9716,3.8662,82.8071,2.0314,7.5329,1.2785
2032-12-27,12.6390,0.0747,76.8969,10.8724,366.9506,4.2269,82.8541,2.7413,8.2172,2.4003
2032-12-28,12.8623,0.9044,79.3441,8.6993,368.9699,4.5546,77.1770,1.3677,8.8366,0.7725
2032-12-29,11.8728,2.2529,86.2585,11.1445,370.8110,3.2718,58.7646,0.6615,6.4023,0.3183
2032-12-30,10.8848,0.8385,80.3891,10.9407,372.4742,3.5389,64.9630,0.9139,6.9135,0.4562
2032-12-31,11.4135,8.5768,86.0920,10.5704,346.0353,1.4383,32.9794,0.0128,2.8471,0.0044
2033-01-01,13.3062,2.9151,90.1970,8.5235,342.7956,0.4956,31.1288,0.0072,0.9877,0.0019
2033-01-02,13.5897,1.2329,82.0870,6.7758,344.9458,0.8196,43.7918,0.0955,1.6295,0.0280
2033-01-03,14.1313,1.0250,70.3735,7.5791,347.1934,1.3751,59.4246,0.5780,2.7232,0.1970
2033-01-04,13.8485,0.0668,63.4545,8.4143,349.3902,2.0477,73.3708,1.0806,4.0362,0.4253
2033-01-05,15.3204,1.3948,74.5610,15.0820,351.8518,2.5619,71.6527,1.4137,5.0322,0.6098
2033-01-06,13.3506,6.6579,71.7076,19.6924,334.2607,1.2500,52.2289,0.5716,2.4769,0.1889
2033-01-07,13.4830,2.3660,64.3898,11.5863,336.3916,0.9489,59.2876,0.7009,1.8844,0.2134
2033-01-08,14.5812,1.9710,69.5912,12.0682,338.7202,0.8115,63.1579,0.8941,1.6134,0.2612
2033-01-09,16.0566,0.2810,67.8087,13.9639,341.3144,1.4914,76.0652,1.6498,2.9507,0.5778
2033-01-10,15.7747,1.6699,59.9403,18.0259,343.8579,1.7700,75.2456,1.9261,3.4949,0.7170
2033-01-11,12.5442,0.0391,44.0124,13.1070,345.8198,2.7104,83.4310,3.3045,5.3166,2.3291
2033-01-12,13.2805,0.0028,51.9415,11.0242,347.9143,3.5612,85.1446,3.7465,6.9447,3.2323
2033-01-13,14.2490,0.1809,68.0065,9.1042,350.1831,4.1658,84.9830,3.3262,8.0909,3.0667
2033-01-14,14.8296,0.2048,68.4164,10.3124,352.5565,4.7852,84.9496,3.5188,9.2562,3.5662
2033-01-15,15.0515,0.0485,67.9232,10.2213,354.9697,5.4230,84.9973,3.5257,10.4469,3.8492
2033-01-16,13.0400,0.7142,79.6445,11.0024,357.0209,5.7773,80.3733,2.0595,11.1054,1.9872
2033-01-17,11.9411,10.5248,78.1005,17.6555,324.5152,2.7544,43.6829,0.1623,5.3943,0.0722
2033-01-18,7.2933,0.0225,51.8260,16.5544,325.5320,3.2522,66.2945,1.2756,6.3459,0.6111
2033-01-19,9.3065,0.0000,45.8744,8.5681,326.9112,3.9456,78.0351,1.4550,7.6601,0.7639
2033-01-20,11.1984,0.0000,48.4822,7.7248,328.6309,4.7256,83.0930,2.4117,9.1233,2.1540
2033-01-21,13.0425,0.0000,53.9787,7.7819,330.6826,5.5269,84.6836,2.9868,10.6104,3.2048
2033-01-22,13.3072,0.0000,61.8871,8.7487,332.7819,6.2029,84.7312,3.1564,11.8534,3.6772
2033-01-23,13.1268,0.0278,63.7058,12.0970,334.8487,6.8386,84.7789,3.7609,13.0127,4.7137
2033-01-24,8.0033,0.0532,74.7087,16.1058,335.9933,7.1220,83.3045,3.7809,13.5272,4.8510
2033-01-25,8.5876,0.3839,73.8610,16.2294,337.2430,7.4337,83.0394,3.6767,14.0910,4.8308
2033-01-26,8.6897,0.0369,53.4435,16.9826,338.5112,7.9948,84.3023,4.5094,15.0982,6.1549
2033-01-27,8.4566,0.0007,49.9413,10.0312,339.7374,8.5838,85.0676,3.5260,16.1476,5.0295
2033-01-28,9.1616,0.0049,47.1119,14.2090,341.0905,9.2519,85.7787,4.8038,17.3288,7.0573
2033-01-29,6.4016,0.1423,66.4131,15.1257,341.9467,9.5621,84.5934,4.2716,17.8746,6.4427
2033-01-30,6.7854,0.0743,63.0866,12.0094,342.8721,9.9205,84.6016,3.6549,18.5026,5.6643
2033-01-31,8.1683,0.0473,57.7699,8.5715,344.0464,10.4023,84.6491,3.0935,19.3426,4.9300
2033-02-01,9.5040,0.0008,46.7385,6.3480,345.4611,11.2046,85.6238,3.1634,20.7284,5.2700
2033-02-02,7.1437,0.5040,55.8866,13.5287,346.4510,11.7212,85.5718,4.5098,21.6142,7.5558
2033-02-03,4.7535,0.1638,52.1749,11.5730,347.0106,12.1188,85.6197,4.1139,22.2914,7.0781
2033-02-04,5.7479,2.0450,58.1885,10.9294,347.7492,10.5841,69.5132,1.0684,19.6714,0.9584
2033-02-05,11.6890,13.6198,76.1742,17.5752,305.0136,5.1461,40.7612,0.0971,9.8757,0.0582
2033-02-06,11.1382,10.9238,71.6231,20.8572,275.1043,2.5423,39.9824,0.0990,4.9697,0.0425
2033-02-07,10.8753,2.5242,60.3227,17.5674,276.7659,1.9243,55.5274,0.7090,3.7829,0.2720
2033-02-08,10.6093,3.1758,57.4710,18.2170,273.0443,1.3248,59.2063,0.9736,2.6178,0.3275
2033-02-09,8.8164,0.0074,39.9514,12.9814,274.3352,2.1706,76.4170,1.6071,4.2570,0.6462
2033-02-10,11.2536,0.0470,46.5874,9.9758,276.0649,3.1079,82.9077,2.6381,6.0457,1.7865
2033-02-11,13.2536,0.0328,67.0078,10.5241,278.1545,3.7806,83.2220,2.8236,7.3127,2.3024
2033-02-12,14.3985,0.0029,64.8676,7.7462,280.4502,4.5541,83.6817,2.6066,8.7528,2.3401
2033-02-13,15.4263,0.0147,62.3600,6.8301,282.9310,5.4377,84.2366,2.6798,10.3768,2.7531
2033-02-14,12.4424,0.1755,80.3060,11.0257,284.8746,5.8165,82.6446,2.6904,11.0681,2.8971
2033-02-15,13.4574,3.2364,82.7678,12.2932,281.3581,3.8068,56.6974,0.6000,7.3645,0.3089
2033-02-16,12.8703,7.0299,91.4955,9.1726,265.6219,1.6274,27.8657,0.0030,3.2057,0.0011
2033-02-17,14.3117,1.0011,72.5679,10.1312,267.9021,2.2280,50.7019,0.2973,4.3652,0.1208
2033-02-18,14.3754,0.1318,63.9948,5.7291,270.1936,3.0195,68.0113,0.7837,5.8748,0.3622
2033-02-19,12.2699,0.6157,60.0286,12.0911,272.1062,3.7786,77.1317,1.6171,7.3036,0.8291
2033-02-20,8.4356,1.4462,65.5365,19.4869,273.3286,4.2454,72.6647,1.8334,8.1734,0.9947
2033-02-21,9.3350,0.2912,69.9968,18.9992,274.7129,4.6901,78.2052,2.4971,8.9963,2.2446
2033-02-22,7.8171,0.3203,68.7937,15.0808,275.8240,5.0854,80.4379,2.5471,9.7227,2.4507
2033-02-23,7.0811,0.0221,64.5617,10.7988,276.8026,5.4973,81.7539,2.3847,10.4745,2.3638
2033-02-24,10.0746,0.0004,53.3341,6.2606,278.3200,6.2380,83.7705,2.4471,11.8141,2.6857
2033-02-25,12.1648,0.9997,66.5412,9.7846,280.2137,6.8685,78.7098,1.6414,12.9438,1.5411
2033-02-26,11.6337,3.8623,83.0117,10.8673,274.4071,4.2613,50.6162,0.3055,8.2041,0.1660
2033-02-27,11.7018,0.8766,54.7743,15.3899,276.2174,5.0837,69.4870,1.3365,9.7202,0.7940
2033-02-28,12.3488,0.0001,41.3348,11.5559,278.1442,6.2045,81.6171,2.4375,11.7535,2.6614
2033-03-01,14.6524,0.0001,47.0344,8.0278,280.4856,7.6267,85.2865,3.2852,14.2825,4.3286
2033-03-02,15.5606,0.0006,49.8468,4.6653,282.9905,9.0510,86.2150,3.1574,16.7618,4.5947
2033-03-03,15.9207,0.0004,52.0653,5.1830,285.5602,10.4418,86.3358,3.2965,19.1343,5.2216
2033-03-04,14.6928,0.0074,57.9256,7.6000,287.9089,11.5744,86.3839,3.7489,21.0347,6.2721
2033-03-05,16.3802,0.0494,59.1814,8.4597,290.5614,12.7907,86.4321,3.9416,23.0452,6.9408
2033-03-06,17.1993,0.0002,56.8952,4.6559,293.3613,14.1352,86.4803,3.2763,25.2312,6.1703
2033-03-07,17.1367,0.0002,56.2906,4.5930,296.1499,15.4940,86.5285,3.2883,27.4037,6.5180
2033-03-08,17.8923,0.0000,53.8306,5.0408,299.0745,16.9887,86.5767,3.3864,29.7523,7.0465
2033-03-09,18.5441,0.0000,47.7280,6.5673,302.1164,18.7391,87.2877,4.0462,32.4468,8.6966
2033-03-10,17.0425,0.0000,53.7680,9.4756,304.8881,20.1688,87.3362,4.7173,34.6133,10.2821
2033-03-11,17.5823,0.0003,52.3524,5.2742,307.7569,21.6862,87.3846,3.8437,36.8762,8.9728
2033-03-12,18.6380,0.0491,53.0121,5.6831,310.8157,23.2671,87.4331,3.9510,39.1984,9.5231
2033-03-13,15.2282,0.1782,55.3118,15.2940,313.2608,24.5109,87.3016,6.2934,41.0015,14.2277
2033-03-14,13.8649,0.0537,55.0518,11.3532,315.4605,25.6575,87.1465,5.0471,42.6441,12.2225
2033-03-15,12.5112,2.8295,70.8733,8.5812,312.7721,20.9171,63.7773,0.7717,35.8418,1.1698
2033-03-16,12.1413,10.5823,84.8282,10.9577,283.5750,10.4624,32.4550,0.0114,19.1578,0.0101
2033-03-17,10.7938,11.8277,89.3720,16.9517,252.4193,4.9935,21.5132,0.0005,9.5164,0.0003
2033-03-18,13.2486,0.1477,58.1342,15.0228,254.5081,6.0175,55.7965,0.6385,11.3633,0.4132
2033-03-19,12.3262,0.3189,59.7711,10.2356,256.4308,6.9382,72.1788,1.1289,12.9972,0.7886
2033-03-20,14.2757,0.5079,51.5104,10.9722,258.7044,8.2091,81.4604,2.3236,15.2114,3.0350
2033-03-21,9.7890,1.3063,52.7218,18.9132,260.1704,9.0866,77.9177,2.4266,16.7139,3.4262
2033-03-22,8.3717,0.4559,47.0937,17.0028,261.3813,9.9408,83.1573,3.8811,18.1554,5.9358
2033-03-23,6.7132,0.1689,47.0553,13.2675,262.2937,10.6460,84.7593,3.9787,19.3305,6.3087
2033-03-24,7.7326,0.0358,47.2741,11.4879,263.3896,11.4398,85.4637,4.0083,20.6386,6.6037
2033-03-25,13.0464,0.0369,43.5846,12.3632,265.4419,12.8002,86.8217,5.0708,22.8462,8.6462
2033-03-26,16.2326,0.2214,51.7384,8.7799,268.0678,14.2261,86.8701,4.2622,25.1195,7.8364
2033-03-27,18.1328,0.0000,46.9918,6.9365,271.0357,15.9639,87.4155,4.1981,27.8299,8.2081
2033-03-28,20.2710,0.0000,49.6500,4.5419,274.3885,17.7981,87.4884,3.7598,30.6293,7.8807
2033-03-29,21.6489,0.0000,47.7092,4.4121,277.9893,19.8258,87.9233,3.9751,33.6517,8.7502
2033-03-30,22.0063,0.0000,45.5906,4.6880,281.6544,21.9689,88.3656,4.2946,36.7680,9.8420
2033-03-31,22.5476,0.0000,44.3513,3.0815,285.4170,24.2120,88.7062,4.1591,39.9514,10.0542
2033-04-01,22.2160,0.0000,44.1299,7.6121,290.3699,27.3701,88.7863,5.2861,44.3008,12.9527
2033-04-02,21.8613,0.2814,46.0012,5.1783,295.2589,30.3760,88.8352,4.7090,48.3233,12.4085
2033-04-03,22.7026,0.1225,43.6755,3.3475,300.2994,33.6262,88.9392,4.3586,52.5435,12.2355
2033-04-04,23.3326,0.0543,39.0360,5.2954,305.4532,37.2373,89.7227,5.3803,57.0786,15.1102
2033-04-05,18.0508,0.8966,54.0175,19.3612,309.6564,39.3721,84.9008,5.5146,59.7512,15.7890
2033-04-06,18.4022,0.0000,38.0366,15.1844,313.9228,42.3017,88.3900,7.3139,63.2843,20.0715
2033-04-07,20.4229,0.0000,36.3197,7.9767,318.5529,45.6245,89.6199,6.0685,67.1906,18.0795
2033-04-08,22.6180,0.0000,37.3294,4.9354,323.5781,49.2280,90.0235,5.5163,71.3273,17.4011
2033-04-09,23.7532,0.0000,34.1022,4.4501,328.8077,53.1985,90.7650,5.9851,75.7554,19.0936
2033-04-10,22.5324,0.0764,37.7073,10.0114,333.8175,56.7674,90.8146,7.9772,79.6658,24.0845
2033-04-11,20.6404,0.5690,51.5997,11.3922,338.4868,59.3184,88.8227,6.4288,82.4947,21.0403
2033-04-12,20.2742,0.1796,53.8285,8.0874,343.0902,61.7109,88.4551,5.1629,85.1379,18.2483
2033-04-13,19.7884,0.7910,59.8161,6.9257,347.6061,63.7458,84.3094,2.7192,87.4150,11.2881
2033-04-14,20.5134,0.2654,48.2739,12.4672,352.2525,66.4561,87.0328,5.2527,90.3151,19.0816
2033-04-15,16.6078,6.9914,64.4649,10.5018,335.2292,39.9964,56.6554,0.5464,61.6146,1.3148
2033-04-16,17.7793,3.0806,58.5400,17.7106,333.5691,33.1465,65.9914,1.3373,53.1014,4.1835
2033-04-17,14.2212,3.6917,61.6759,18.2036,329.0334,25.3186,62.1226,1.1570,42.4677,2.9373
2033-04-18,14.1433,4.9384,62.0121,15.3438,320.0536,17.5416,56.5663,0.6923,30.8554,0.8331
2033-04-19,13.9047,5.8855,66.4367,12.9544,307.9767,11.4231,50.2023,0.3230,20.9075,0.3011
2033-04-20,16.5695,2.9984,56.4484,11.4848,306.7658,9.9436,61.4423,0.7951,18.3964,0.6840
2033-04-21,18.1467,2.2347,53.8239,11.0930,310.9862,9.9911,69.7526,1.0854,18.4965,0.9370
2033-04-22,18.6411,0.1970,46.8975,9.5852,315.2956,12.5325,82.7388,2.5318,22.7994,4.4626
2033-04-23,18.8394,0.0102,40.6832,8.6383,319.6407,15.3998,87.3547,4.5344,27.4888,8.7159
2033-04-24,19.3611,0.0000,39.5296,9.0584,324.0797,18.3994,88.7574,5.6623,32.2250,11.4757
2033-04-25,20.4139,0.0000,36.9846,8.7147,328.7082,21.6861,89.6031,6.2832,37.2314,13.4879
2033-04-26,22.4069,0.0001,35.6459,8.5511,333.6954,25.3535,90.2691,6.8556,42.6129,15.5106
2033-04-27,21.9335,0.0101,35.5566,15.0071,338.5974,28.9521,90.3444,9.5942,47.7062,21.0831
2033-04-28,18.5415,0.0020,25.8712,11.4881,342.8889,32.4819,91.5060,9.4821,52.5246,21.9578
2033-04-29,20.0995,0.0000,32.5445,7.4345,347.4608,35.9487,91.5558,7.7852,57.1225,19.9005
2033-04-30,22.8695,0.0004,37.6833,6.4716,352.5313,39.5699,91.6026,7.4658,61.7984,20.1192
2033-05-01,24.5088,0.0058,43.7784,10.5169,359.3469,43.3603,90.9545,8.3480,66.6231,22.6661
2033-05-02,24.1207,0.0282,44.5567,12.8520,366.0926,47.0416,90.6552,8.9978,71.2082,24.7267
2033-05-03,20.6110,0.3638,40.1359,15.7516,372.2066,50.4633,90.7048,10.4874,75.3776,28.2903
2033-05-04,17.7342,0.0420,31.4156,12.8295,377.8028,53.8640,90.7544,9.1157,79.4203,26.3851
2033-05-05,20.1802,0.0070,30.9245,9.9584,383.8392,57.7339,90.9453,8.1057,83.9138,25.0117
2033-05-06,22.7653,0.0000,35.7138,7.9261,390.3410,61.7729,90.9950,7.3686,88.5231,24.0575
2033-05-07,24.8119,0.0000,35.7846,6.4372,397.2111,66.1535,91.0447,6.8846,93.4133,23.5776
2033-05-08,26.0839,0.0000,40.1514,10.3235,404.3102,70.4367,91.0944,8.4334,98.1329,27.8140
2033-05-09,26.7064,0.5319,44.2368,7.3441,411.5214,74.5188,90.2890,6.4694,102.5933,23.6436
2033-05-10,26.9538,0.5179,44.7919,7.2188,418.7771,78.5962,89.8636,6.0488,106.9918,23.0051
2033-05-11,31.1890,0.1537,30.5451,6.3388,426.7951,84.5003,92.6060,8.5453,113.0462,29.9418
2033-05-12,31.9446,0.4415,29.3414,5.6653,434.9491,90.6473,93.2372,9.0243,119.1926,31.7526
2033-05-13,30.7937,0.3717,33.6468,7.2183,442.8960,96.2187,93.2876,9.8279,124.7065,34.2056
2033-05-14,31.1403,0.8918,34.9865,8.8443,450.9052,101.7369,91.1146,7.8502,130.0925,29.8933
2033-05-15,28.8494,0.0015,32.9014,12.1339,458.5021,107.0274,91.9581,10.4439,135.1722,36.6330
2033-05-16,27.7428,0.0000,28.6887,9.6821,465.8998,112.4423,92.6383,10.1593,140.2582,36.4049
2033-05-17,28.8537,0.0000,27.9096,7.6563,473.4975,118.1272,93.0289,9.6902,145.5041,35.6849
2033-05-18,30.4742,0.0000,24.6206,7.3057,481.3869,124.3930,93.9566,10.8344,151.1446,38.7969
2033-05-19,31.0275,0.0000,28.1991,6.8291,489.3758,130.4660,94.0073,10.6518,156.5756,38.7217
2033-05-20,32.2553,0.0329,28.9311,6.0958,497.5858,136.7068,94.0579,10.3377,162.0852,38.2901
2033-05-21,33.5909,0.0553,28.6232,5.1489,506.0361,143.2256,94.1086,9.9255,167.7521,37.5713
2033-05-22,34.0223,0.4719,30.7093,5.4269,514.5641,149.6325,94.1594,10.1363,173.2874,38.3412
2033-05-23,32.7197,0.0098,28.9910,11.6821,522.8577,155.9548,94.2101,13.9900,178.6747,47.3993
2033-05-24,29.0884,0.0701,38.1470,10.0010,530.4976,160.8707,92.8790,10.6787,183.0039,40.0498
2033-05-25,25.8499,2.2273,52.0350,11.2869,537.5545,118.1777,81.6384,2.4108,152.5259,13.4104
2033-05-26,22.5094,4.0927,65.1946,10.7883,528.2721,77.1611,67.1359,0.9823,113.0435,5.3367
2033-05-27,23.1520,4.1359,69.0701,8.8708,519.2051,55.3252,61.8930,0.7142,87.3744,3.0879
2033-05-28,24.6594,1.9573,62.6173,6.1793,526.0478,52.6214,71.0113,0.8829,84.1889,3.8350
2033-05-29,26.2707,3.5292,59.6622,6.8406,521.1946,42.1983,70.0254,0.8838,70.1894,3.2877
2033-05-30,28.8226,2.6379,55.3035,7.5554,528.7866,38.3456,76.6206,1.2399,64.9215,4.5076
2033-05-31,30.5686,1.6430,46.8625,7.6221,536.6930,40.9949,84.2199,2.7826,68.8434,9.9495
2033-06-01,30.6443,3.2441,53.8928,7.1137,535.0404,35.3295,78.6390,1.4255,60.6475,4.9482
2033-06-02,28.8438,2.7732,55.9172,9.9616,543.6363,31.9580,78.4001,1.6107,55.7262,5.2628
2033-06-03,27.4614,1.1827,43.5788,11.6238,551.9833,36.2004,85.9527,4.3211,62.2023,13.3815
2033-06-04,25.7313,1.8666,40.8872,11.6346,560.0190,37.4233,84.4864,3.5309,64.1324,11.5980
2033-06-05,27.7980,0.1675,39.2747,7.6679,568.4266,42.0432,89.7337,6.0731,70.9643,18.6307
2033-06-06,31.7937,0.0000,34.1305,9.3879,577.5535,47.7473,92.0803,9.2527,79.1384,26.6097
2033-06-07,33.2447,0.0000,31.7528,10.6803,586.9416,53.9181,92.9690,11.1910,87.6962,31.8786
2033-06-08,33.2636,0.0000,32.9748,10.9366,596.3330,59.9817,93.0193,11.4167,95.8587,33.7311
2033-06-09,31.8857,0.0000,33.3363,14.2038,605.4764,65.7708,93.0697,13.5550,103.4485,39.0974
2033-06-10,32.2694,0.0000,37.3186,8.8924,614.6889,71.2774,93.1201,10.4454,110.5168,33.9194
2033-06-11,32.5823,0.0000,33.4039,7.9409,623.9577,77.1827,93.1705,10.0268,117.9040,33.9136
2033-06-12,33.7401,0.0000,25.7818,10.2451,633.4349,83.9902,94.2855,13.1491,126.1599,41.5390
2033-06-13,34.1817,0.0000,22.7128,11.2847,642.9916,91.1690,95.0517,15.3959,134.6192,46.9600
2033-06-14,34.7275,0.0000,23.9211,9.5053,652.6466,98.3448,95.1027,14.1741,142.8688,45.3840
2033-06-15,36.0598,0.0000,23.1849,6.3580,662.5414,105.8596,95.2998,12.4256,151.2879,42.3957
2033-06-16,37.2394,0.0525,23.0061,6.4318,672.6484,113.6309,95.5376,12.8828,159.7818,43.9788
2033-06-17,36.1161,0.0000,24.0740,8.3565,682.5534,121.0700,95.5888,14.2941,167.7514,47.4790
2033-06-18,37.2901,0.0003,24.5709,8.9507,692.6696,128.6934,95.6400,14.8314,175.7527,49.0319
2033-06-19,33.9749,0.0000,25.2334,11.4592,702.1891,135.5974,95.6912,16.9473,182.8978,53.6486
2033-06-20,35.0322,0.1431,24.2399,7.7672,711.8988,142.8040,95.7425,14.1686,190.2164,48.2533
2033-06-21,36.1120,1.0119,30.6746,6.0911,721.8030,149.5956,92.9130,8.8111,197.0785,35.7223
2033-06-22,36.0964,0.3446,30.6189,6.0969,731.7044,156.3897,93.7025,9.8407,203.8536,38.5628
2033-06-23,37.3600,0.2953,27.1494,6.4284,741.8331,163.7660,94.6399,11.3916,211.0528,42.5451
2033-06-24,36.7900,0.2447,26.7925,7.8472,751.8594,171.0686,94.6907,12.3218,218.0859,44.8722
2033-06-25,36.4411,0.0000,28.3523,7.5622,761.8227,178.1497,94.7416,12.2314,224.8490,44.7774
2033-06-26,36.2888,0.0000,24.8966,6.1022,771.7587,185.5423,94.9705,11.7263,231.7776,43.6887
2033-06-27,39.1075,0.0000,22.6072,8.5120,782.2021,193.7345,95.9168,15.0625,239.2972,51.2752
2033-06-28,39.8199,0.0000,22.1129,10.2493,792.7737,202.1252,96.1711,17.0159,246.8857,55.4038
2033-06-29,39.3856,0.0000,21.6549,11.3604,803.2671,210.4756,96.2225,18.1210,254.3418,57.6753
2033-06-30,37.6518,0.0000,26.0667,11.9659,813.4484,218.0183,96.2739,18.8125,261.0929,59.0797
2033-07-01,35.4745,0.0000,31.1128,14.9587,823.5378,223.9355,95.1851,18.8684,266.6221,59.2331
2033-07-02,33.0377,0.2788,36.6443,17.2083,833.1886,229.0150,93.7315,17.2959,271.4792,56.1843
2033-07-03,31.7967,0.5969,43.4882,13.3891,842.6160,233.3811,91.1118,9.8666,275.7941,39.4290
2033-07-04,29.9867,1.9891,51.4644,12.3869,851.7176,144.3256,84.5613,3.7047,202.7570,19.7224
2033-07-05,31.0948,0.7261,43.8725,13.1660,861.0186,148.5695,89.2365,7.4602,207.5896,32.1942
2033-07-06,29.5723,3.3839,47.5816,13.2443,844.7921,95.3191,82.0574,2.7979,148.6947,14.9279
2033-07-07,30.2256,0.0334,38.1741,10.5416,853.9367,99.8677,90.2667,7.5762,154.5491,30.8071
2033-07-08,32.1440,0.0694,38.7358,8.5796,863.4266,104.6509,91.3611,8.0226,160.6294,32.3264
2033-07-09,34.8208,0.0000,32.9847,6.3280,873.3984,110.3045,92.9272,8.9346,167.6699,35.0618
2033-07-10,36.4787,0.0773,30.4234,6.2085,883.6685,116.4450,93.8053,10.0387,175.1795,38.1794
2033-07-11,36.3110,0.8613,33.0629,6.9744,893.9085,122.3262,92.6835,8.9201,182.2894,35.5902
2033-07-12,36.3545,0.0880,35.6232,7.1207,904.1563,127.9891,92.7966,9.1300,189.0685,36.3511
2033-07-13,37.1925,0.0146,31.1537,9.5656,914.5550,134.1806,93.7895,11.8628,196.3438,43.2987
2033-07-14,36.9543,0.1657,30.1289,11.6842,924.9107,140.4252,93.9984,13.5874,203.5790,47.4071
2033-07-15,36.5684,0.0000,28.3662,12.3205,935.1971,146.7624,94.2907,14.6092,210.8155,49.8050
2033-07-16,36.9025,0.0000,25.7758,11.0030,945.5435,153.3870,94.8772,14.8203,218.2586,50.4182
2033-07-17,37.2972,0.0000,25.6253,11.0549,955.9610,160.0939,94.9981,15.1073,225.6954,51.1668
2033-07-18,37.2858,0.0000,25.5736,9.7283,966.3765,166.8036,95.0491,14.2295,233.0443,49.3986
2033-07-19,38.6742,0.0000,24.3501,6.3366,977.0418,173.8702,95.4885,12.7358,240.6692,46.1566
2033-07-20,36.7380,0.0000,25.5402,10.8502,987.3586,180.4870,95.5397,16.1000,247.7525,53.5480
2033-07-21,34.7651,0.0066,29.9325,11.2914,997.3204,186.3889,95.2128,15.7442,254.0701,52.8738
2033-07-22,34.6454,0.4020,32.9843,9.3855,1007.2605,192.0149,94.6411,13.2242,260.0811,47.4503
2033-07-23,35.1549,0.4208,31.8986,8.5199,1017.2924,197.8135,94.6920,12.7487,266.2134,46.4066
2033-07-24,35.8227,0.5721,31.1224,7.5528,1027.4445,203.7863,93.5497,10.3670,272.4676,40.6947
2033-07-25,35.9622,0.4417,34.7998,7.6321,1037.6217,209.4615,93.6002,10.4819,278.4157,41.0128
2033-07-26,36.6977,0.0000,32.1651,8.7580,1047.9313,215.4832,93.6507,11.1721,284.6414,42.7542
2033-07-27,35.4996,0.0000,33.8502,11.3794,1058.0252,221.1692,93.7013,12.8398,290.5153,46.7355
2033-07-28,34.8787,0.0120,38.3682,12.2194,1068.0074,226.3770,93.5825,13.1754,295.9360,47.5226
2033-07-29,34.0516,1.4432,41.5386,12.2332,1077.8407,231.2033,89.6445,7.5468,300.9940,33.1378
2033-07-30,33.9316,2.2435,41.5945,9.7731,1087.6524,134.3000,87.4929,4.8970,205.2430,24.1039
2033-07-31,31.2022,6.0100,52.5195,8.5162,998.9983,75.6026,76.2259,1.2670,127.1491,7.2608
2033-08-01,31.7959,3.0801,51.1681,7.2818,978.0771,61.2820,79.8508,1.6162,105.9656,8.1636
2033-08-02,31.1869,3.0750,55.6439,8.2400,958.5952,50.6213,78.8871,1.5435,89.4354,7.0346
2033-08-03,32.8231,0.7817,46.8896,11.2751,967.5074,54.3408,88.3310,5.9555,95.3001,21.4916
2033-08-04,34.0485,0.0000,32.5070,11.6057,976.6401,59.2383,92.7203,11.3231,102.8766,34.6658
2033-08-05,34.7099,0.0000,26.2556,9.2745,985.8919,64.6901,94.3225,12.5856,111.1475,38.4295
2033-08-06,35.6279,0.0000,25.6835,7.4059,995.3089,70.3250,94.6817,12.0359,119.5352,38.4442
2033-08-07,35.8209,0.0000,32.5502,7.9697,1004.7607,75.4661,94.7326,12.4697,127.0718,40.2460
2033-08-08,33.0537,0.0000,37.2327,13.3687,1013.7144,79.8918,93.6084,14.0112,133.4836,44.1117
2033-08-09,33.8416,0.0000,34.9266,11.2092,1022.8099,84.5859,93.6589,12.6553,140.1881,41.9772
2033-08-10,34.9787,0.0065,28.7217,10.9072,1032.1100,89.8949,93.9394,12.9593,147.6415,43.2671
2033-08-11,35.1888,0.0409,26.5871,9.7119,1041.4480,95.3948,94.4102,13.0227,155.2402,43.9770
2033-08-12,34.7197,0.0000,26.3599,9.1674,1050.7015,100.8403,94.4610,12.7594,162.6541,43.8873
2033-08-13,34.1889,0.3613,28.7294,9.1424,1059.8595,106.0326,94.5118,12.8329,169.6372,44.4422
2033-08-14,35.0099,0.0000,28.6716,7.4595,1069.1653,111.3499,94.5627,11.8724,176.6945,42.6175
2033-08-15,35.8618,0.0000,27.4304,6.5911,1078.6244,116.8874,94.6135,11.4439,183.9417,41.9115
2033-08-16,35.7998,0.0023,27.7767,8.4048,1088.0724,122.3892,94.6644,12.6271,191.0531,44.8897
2033-08-17,35.8257,0.0000,27.3109,8.4560,1097.5250,127.9305,94.7153,12.7486,198.1257,45.3846
2033-08-18,36.5368,0.0096,27.8780,6.9942,1107.1056,133.5343,94.7662,11.9265,205.1944,43.6806
2033-08-19,34.7197,0.1049,35.8989,10.0000,1116.3592,138.2745,94.0994,12.6578,211.1617,45.5061
2033-08-20,31.2520,0.0000,40.7194,16.0084,1124.9886,142.2338,92.6773,14.0504,216.1479,48.7170
2033-08-21,31.5820,0.0049,37.0623,11.8833,1133.6773,146.4803,92.7275,11.4943,221.4331,42.9822
2033-08-22,31.6381,0.0000,31.8228,11.4822,1142.3762,151.0881,92.7778,11.3441,227.0901,42.7085
2033-08-23,31.4653,0.0000,32.0128,11.7989,1151.0439,155.6589,92.8280,11.6082,232.6597,43.4185
2033-08-24,31.4458,0.0000,27.6039,12.0524,1159.7082,160.5231,93.5270,12.9642,238.5113,46.6536
2033-08-25,31.8055,0.0000,29.2945,11.2466,1168.4372,165.3263,93.5775,12.5363,244.2523,45.7356
2033-08-26,32.0648,0.0000,28.8608,11.0907,1177.2128,170.1970,93.6280,12.5260,250.0249,45.7678
2033-08-27,32.5283,0.0000,27.1764,10.1594,1186.0719,175.2528,93.8417,12.3120,255.9560,45.3201
2033-08-28,32.6149,0.0000,25.9241,10.8621,1194.9466,180.4087,94.1182,13.2542,261.9476,47.5319
2033-08-29,32.6328,0.0000,26.2444,12.4903,1203.8245,185.5450,94.1689,14.4888,267.8724,50.3095
2033-08-30,32.9070,0.0000,26.6203,11.2131,1212.7518,190.6967,94.2197,13.6814,273.7717,48.5669
2033-08-31,33.9307,0.0000,27.6680,7.3860,1221.8633,195.9277,94.2704,11.3612,279.7211,43.1952
2033-09-01,32.7654,0.0000,29.7755,10.2607,1229.4651,200.1617,94.3212,13.2244,284.5207,47.5909
2033-09-02,31.0971,0.0000,30.2366,10.7195,1236.7666,204.1607,94.3720,13.6290,289.0382,48.5215
2033-09-03,30.8637,0.0000,29.6440,9.1993,1244.0260,208.1645,94.4228,12.7127,293.5350,46.4530
2033-09-04,31.5710,0.0000,28.8316,7.4001,1251.4128,212.3041,94.4736,11.6925,298.1529,44.0629
2033-09-05,33.1010,0.0000,31.9842,7.9258,1259.0750,216.4456,94.4707,12.0016,302.7696,44.8145
2033-09-06,33.1162,0.0000,36.5767,7.1905,1266.7399,220.3091,93.7358,10.4464,307.0948,41.0144
2033-09-07,31.2894,1.3336,40.9923,8.1537,1274.0760,223.7118,88.7876,5.4334,310.9335,26.5415
2033-09-08,28.7767,0.6771,46.8836,11.5260,1280.9598,226.5371,88.7458,6.4013,314.1715,29.6928
2033-09-09,30.5061,0.0000,34.7892,10.4562,1288.1549,230.2066,91.6494,9.1867,318.2339,37.7562
2033-09-10,30.7200,0.0000,32.1414,8.7483,1295.3885,234.0508,92.4394,9.4249,322.4507,38.3978
2033-09-11,30.0559,0.0000,32.0796,9.7707,1302.5026,237.8183,92.4895,9.9935,326.5694,39.8916
2033-09-12,28.8688,0.0000,32.8516,9.8129,1309.4030,241.4010,92.5397,10.0857,330.4828,40.1346
2033-09-13,28.3298,0.0000,32.8908,9.7062,1316.2063,244.9172,92.5899,10.1027,334.3134,40.1831
2033-09-14,30.3493,0.0000,29.2136,6.9843,1323.3732,248.8806,93.0111,9.3442,338.5755,38.2037
2033-09-15,29.9840,0.0000,31.3687,11.4129,1330.4743,252.6787,93.0614,11.7631,342.6639,44.3147
2033-09-16,28.6958,0.0000,29.8925,11.8080,1337.3436,256.3977,93.1118,12.0845,346.6464,45.0857
2033-09-17,29.7791,0.0000,25.6671,10.3461,1344.4078,260.4843,93.6581,12.1153,350.9660,45.1628
2033-09-18,30.3746,0.0000,28.6110,10.3424,1351.5792,264.4846,93.7087,12.1986,355.2003,45.3633
2033-09-19,29.6407,0.0000,31.8679,11.8507,1358.6186,268.2135,93.7593,13.2547,359.1646,47.8133
2033-09-20,28.6442,0.1796,34.3977,10.7425,1365.4785,271.6875,93.3286,11.8051,362.8737,44.4328
2033-09-21,28.2246,0.6639,38.9977,9.4059,1372.2630,274.8723,90.5215,7.4203,366.3097,32.8394
2033-09-22,29.1211,0.4729,39.9466,8.4638,1379.2088,278.1034,90.7074,7.2668,369.7939,32.3859
2033-09-23,29.1057,0.2830,41.2428,9.4421,1386.1518,281.2632,90.7570,7.6882,373.2080,33.6263
2033-09-24,24.8984,0.6713,41.7437,9.8529,1392.3375,283.9597,89.1233,6.2114,376.1401,29.1399
2033-09-25,23.9482,1.4618,45.0929,8.8139,1398.3522,286.4083,84.3751,3.0173,378.8354,17.4606
2033-09-26,25.5393,0.0396,42.9784,6.7511,1404.6532,289.1127,88.6034,4.9305,381.7772,24.8596
2033-09-27,26.3163,0.0028,37.2279,9.1703,1411.0942,292.1766,90.4592,7.2678,385.0403,32.3946
2033-09-28,26.6218,0.0000,30.3799,9.3833,1417.5901,295.6127,91.9619,9.0970,388.6241,37.5718
2033-09-29,25.5005,2.8469,56.3391,12.6250,1355.6090,119.4733,78.4340,1.8476,195.8047,11.5214
2033-09-30,21.6212,1.0262,49.5765,10.2018,1361.2048,121.5130,82.8553,2.6506,198.6851,15.3304
2033-10-01,21.8901,8.2785,58.9488,11.3449,1124.4635,63.8581,62.7125,0.8438,111.8380,4.5363
2033-10-02,21.2717,9.5535,67.2799,11.3608,954.9924,34.1773,53.9466,0.4480,62.7412,0.8877
2033-10-03,22.8843,2.5992,59.5081,7.4887,959.8156,29.6108,66.5790,0.8160,54.9811,2.3509
2033-10-04,24.4196,1.0330,52.6626,9.4660,964.9151,31.4412,80.5359,1.9400,58.1457,6.4893
2033-10-05,25.6049,1.1027,45.0230,8.9396,970.2280,33.6657,85.1480,3.3745,61.9569,10.9521
2033-10-06,25.6636,0.3570,42.2950,9.1400,975.5514,36.0058,88.9615,5.8547,65.9283,17.4255
2033-10-07,26.6851,0.0000,35.4490,7.4034,981.0587,38.7234,90.8504,7.0307,70.4909,20.6499
2033-10-08,27.0492,0.0071,46.3589,7.9609,986.6316,41.0113,90.7823,7.1610,74.3013,21.5135
2033-10-09,26.4416,0.0058,49.3766,7.7578,992.0951,43.1238,90.2532,6.5719,77.7939,20.7265
2033-10-10,21.5142,10.9801,65.8839,13.0640,845.0128,22.2804,59.0910,0.7452,41.8050,1.4287
2033-10-11,21.8239,7.2705,69.5633,18.6302,778.7587,13.2717,58.7937,0.9666,25.4587,1.1487
2033-10-12,23.5875,0.0745,49.4379,12.8150,783.7084,15.1630,81.8260,2.6626,28.9269,5.5101
2033-10-13,23.8951,0.0000,44.8354,8.0862,788.7135,17.2523,87.5211,4.5160,32.7155,9.5988
2033-10-14,25.2970,0.0000,42.3655,6.0378,793.9710,19.5575,89.2386,5.2106,36.8459,11.5555
2033-10-15,24.5576,0.0328,47.5759,8.7881,799.0954,21.5955,89.2877,6.0275,40.4576,13.6590
2033-10-16,23.0593,0.2198,55.3059,7.6883,803.9500,23.2316,88.6996,5.2409,43.3327,12.7078
2033-10-17,23.5224,1.4347,60.9179,8.8634,808.8881,24.6897,81.1429,2.0140,45.8785,5.7213
2033-10-18,21.8778,3.9810,74.4534,8.6849,784.3656,17.9688,61.4585,0.6911,33.9909,0.8881
2033-10-19,21.6073,0.4484,66.5054,11.9688,788.9589,19.1212,77.6317,1.6707,36.0577,3.9626
2033-10-20,22.2561,0.5521,59.6032,7.2816,793.6690,20.5508,83.3859,2.4495,38.6028,6.1485
2033-10-21,19.2496,0.2707,46.2101,21.1272,797.8379,22.2094,87.0868,8.1891,41.5287,17.4884
2033-10-22,13.4086,0.0004,39.1890,13.9783,800.9555,23.5462,87.9386,6.4513,43.8684,15.0399
2033-10-23,14.5158,0.0000,40.2000,8.9704,804.2723,24.9612,88.1629,5.1763,46.3278,13.0613
2033-10-24,15.7096,0.0039,44.0728,11.8842,807.8041,26.3856,88.2117,6.0370,48.7873,15.1416
2033-10-25,15.3900,0.7981,57.4585,15.7729,811.2783,27.4485,84.0746,4.1150,50.6158,11.4335
2033-10-26,16.2369,2.3035,62.9770,19.1796,814.9049,24.3513,73.3968,1.8611,45.3171,5.2471
2033-10-27,15.7560,1.2354,59.1607,16.9959,818.4450,25.3943,77.0706,2.0611,47.1326,5.9595
2033-10-28,15.5946,1.4371,59.6350,13.5731,821.9560,26.4154,76.1227,1.6237,48.9018,4.8257
2033-10-29,15.3058,0.4245,57.1577,10.9904,825.4151,27.4803,82.3240,2.5804,50.7377,7.7023
2033-10-30,15.4795,0.0004,46.9557,11.1125,828.9054,28.8129,85.7927,4.1178,53.0184,11.7507
2033-10-31,15.1796,0.3854,49.1075,11.6217,832.3417,30.0682,86.4940,4.6630,55.1553,13.2686
2033-11-01,14.6881,0.3301,52.2513,11.5136,834.6896,31.0677,86.5422,4.6694,56.8458,13.5112
2033-11-02,13.6550,0.8201,56.7909,10.6212,836.8514,31.9130,83.0048,2.7593,58.2706,8.9119
2033-11-03,15.9978,0.0877,54.4292,9.4147,839.4350,32.9460,85.0551,3.4123,60.0043,10.8441
2033-11-04,16.7898,0.2362,53.3871,11.7063,842.1612,34.0515,85.9544,4.3401,61.8510,13.3844
2033-11-05,15.7347,0.6375,67.3727,16.3336,844.6975,34.7798,83.3749,3.8597,63.0676,12.3361
2033-11-06,15.5574,0.3496,68.9739,15.5381,847.2018,35.4650,83.4221,3.7309,64.2101,12.1321
2033-11-07,15.4260,0.0862,65.6979,10.9814,849.6825,36.2165,83.7910,3.1127,65.4579,10.5914
2033-11-08,15.9739,0.3629,64.5989,11.0656,852.2618,37.0179,84.1079,3.2605,66.7839,11.1357
2033-11-09,16.8852,0.0476,58.2295,11.7107,855.0051,38.0139,85.0868,3.8476,68.4225,12.9004
2033-11-10,16.7089,0.0088,54.7748,10.2907,857.7167,39.0817,85.7705,3.9386,70.1702,13.3326
2033-11-11,18.0299,0.0263,54.1110,7.6705,860.6661,40.2456,86.2021,3.6670,72.0664,12.7988
2033-11-12,17.4454,0.0075,50.4444,9.0433,863.5103,41.4640,86.7151,4.2252,74.0399,14.5199
2033-11-13,19.3580,0.0001,53.4269,10.0366,866.6987,42.7272,86.7634,4.4726,76.0781,15.4013
2033-11-14,19.9863,0.0000,55.5311,7.0961,870.0003,43.9704,86.8117,3.8832,78.0758,14.0206
2033-11-15,18.9040,0.0097,58.9299,6.9337,873.1070,45.0596,86.8600,3.8781,79.8207,14.1850
2033-11-16,16.2203,0.1263,68.3561,7.4572,875.7306,45.7863,85.6095,3.3386,80.9869,12.7145
2033-11-17,17.9788,4.6429,68.2097,14.5054,835.6564,31.7722,62.8708,0.9971,58.0287,3.2176
2033-11-18,14.9759,1.4020,54.3541,14.4065,838.0561,32.7451,73.0529,1.4419,59.6622,4.9461
2033-11-19,7.2219,0.0569,52.3781,15.1606,839.0600,33.2705,80.1586,2.4821,60.5397,8.3274
2033-11-20,9.1771,0.0690,50.3321,14.2367,840.4159,33.9472,83.6246,3.5879,61.6671,11.4813
2033-11-21,13.9132,0.0824,57.9221,10.2619,842.6243,34.7848,84.5771,3.3357,63.0614,10.9637
2033-11-22,17.7646,0.0565,63.0291,10.7795,845.5259,35.7094,84.7482,3.5046,64.5983,11.5774
2033-11-23,16.2677,0.0119,66.2365,6.7342,848.1581,36.4869,84.7958,2.8770,65.8877,9.9599
2033-11-24,17.1548,0.0007,61.4788,8.7127,850.9499,37.4192,84.9311,3.2380,67.4260,11.1363
2033-11-25,17.4287,0.0022,63.3748,7.7664,853.7911,38.3189,84.9788,3.1075,68.9063,10.9088
2033-11-26,17.3925,0.0000,62.9310,6.9575,856.6258,39.2277,85.0265,3.0031,70.3962,10.7442
2033-11-27,17.2779,0.0000,59.3802,5.1370,859.4398,40.2174,85.2516,2.8262,72.0105,10.3604
2033-11-28,17.5830,0.0012,60.5270,10.2400,862.3087,41.1952,85.2994,3.6792,73.6001,12.9905
2033-11-29,15.8685,0.0023,62.5969,6.2064,864.8691,42.0366,85.3472,3.0224,74.9642,11.2177
2033-11-30,15.6096,0.0000,58.0724,10.8583,867.3828,42.9655,85.3950,3.8463,76.4621,13.7507
2033-12-01,12.7169,0.0009,41.7332,14.8372,869.3758,43.8804,87.0284,5.9153,77.9275,19.2215
2033-12-02,9.1442,0.0000,40.1221,12.4571,870.7258,44.5774,87.2710,5.4313,79.0387,18.1941
2033-12-03,10.4005,0.0000,48.9229,8.8407,872.3019,45.2450,87.3195,4.5579,80.1029,16.0720
2033-12-04,13.3699,0.0021,39.9361,8.7347,874.4125,46.2326,87.8706,4.9053,81.6700,17.1690
2033-12-05,13.3748,0.0000,50.2065,10.7348,876.5239,47.0517,87.8352,5.3980,82.9690,18.5907
2033-12-06,11.5005,0.0036,55.5711,9.2750,878.2980,47.6879,87.0285,4.4695,83.9768,16.2645
2033-12-07,9.5518,0.1119,63.4629,11.9223,879.7213,48.1301,85.6442,4.2013,84.6783,15.5937
2033-12-08,11.6170,0.3930,59.5690,13.3503,881.5164,48.7144,85.6922,4.5451,85.6025,16.6486
2033-12-09,10.8431,0.0000,57.1910,9.9761,883.1722,49.2955,85.7401,3.8602,86.5181,14.7966
2033-12-10,11.4659,0.0061,58.8568,5.6103,884.9400,49.8830,85.7881,3.1187,87.4433,12.6047
2033-12-11,12.1200,0.0734,62.3108,5.7346,886.8256,50.4492,85.6547,3.0804,88.3354,12.5560
2033-12-12,13.5924,6.2143,83.2095,10.4836,824.2478,30.9851,45.3709,0.1477,56.6466,0.2717
2033-12-13,15.5429,1.2285,75.2959,5.7476,826.7495,31.4524,56.8057,0.4352,57.4416,0.8090
2033-12-14,15.7411,0.0030,63.8393,6.8926,829.2869,32.1444,72.3933,0.9617,58.6094,3.1057
2033-12-15,14.8411,0.0275,61.5676,4.9903,831.6623,32.8406,79.3738,1.3727,59.7798,4.7087
2033-12-16,13.8544,0.0544,65.4453,4.9481,833.8601,33.4279,81.8086,1.7874,60.7658,6.1905
2033-12-17,13.6391,8.9628,80.3730,15.5103,748.6396,17.0189,44.4401,0.1646,32.2074,0.2039
2033-12-18,13.5576,20.5792,72.6569,15.1075,587.0933,7.5420,37.0359,0.0409,14.6146,0.0306
2033-12-19,14.0575,0.6013,67.0663,13.6131,589.3276,8.1093,61.7941,0.9022,15.6792,0.7039
2033-12-20,11.9624,0.0471,62.6540,12.1842,591.1848,8.6636,74.6894,1.3918,16.7149,1.4987
2033-12-21,13.0446,0.0000,47.7592,6.1433,593.2369,9.5034,82.1269,1.9729,18.2748,2.8421
2033-12-22,14.3337,0.0343,63.1032,9.8429,595.5209,10.1505,83.4783,2.8207,19.4713,4.4989
2033-12-23,16.0815,1.7763,67.5611,16.1335,598.1196,9.5812,74.5239,1.6838,18.4246,2.3053
2033-12-24,13.5779,0.0025,52.4594,10.4810,600.2676,10.3742,81.9813,2.4118,19.8891,3.8504
2033-12-25,13.4552,0.4031,67.1211,9.5293,602.3936,10.9180,82.8478,2.5598,20.8896,4.2532
2033-12-26,16.2103,0.5643,64.0308,11.8460,605.0154,11.6256,83.3789,3.0801,22.1855,5.3582
2033-12-27,15.4267,0.5284,67.1288,11.9270,607.4962,12.2430,83.3698,3.0890,23.3114,5.5457
2033-12-28,13.4240,2.1086,81.2979,17.0989,609.6165,10.4646,66.6188,1.3262,20.0681,1.7064
2033-12-29,13.3087,21.4103,86.3562,15.8788,484.9799,4.5760,30.1033,0.0079,8.9411,0.0045
2033-12-30,12.5069,2.4730,76.1501,12.1963,486.9351,3.2814,43.6956,0.1235,6.4541,0.0597
2033-12-31,8.0440,0.0558,61.6552,15.0171,488.0870,3.6799,64.1219,1.0837,7.2236,0.5526
2034-01-01,6.7606,0.0399,56.2481,13.8011,489.0079,4.1033,75.2416,1.5564,8.0379,0.8373
2034-01-02,11.8814,4.1378,73.8887,11.9772,476.6384,2.3572,53.8855,0.4594,4.6568,0.1917
2034-01-03,12.4064,9.7779,81.9489,12.9985,436.5017,0.8562,34.4517,0.0206,1.7041,0.0061
2034-01-04,10.0849,1.8205,64.8554,12.8120,438.0210,0.7178,51.8179,0.3864,1.4298,0.1096
2034-01-05,6.8899,5.3553,72.4035,11.4156,420.7057,0.2714,40.3878,0.0664,0.5420,0.0158
2034-01-06,5.8912,0.4589,65.7019,20.5571,421.4701,0.5666,61.0687,1.2297,1.1295,0.3309
2034-01-07,3.4186,9.9987,78.3787,24.8591,383.9517,0.1203,35.5495,0.0482,0.2404,0.0106
2034-01-08,3.5320,2.3128,84.3306,11.6011,384.2914,0.0894,36.2372,0.0288,0.1786,0.0062
2034-01-09,4.0335,1.8308,79.4453,18.4055,384.7215,0.1299,44.1328,0.1813,0.2596,0.0401
2034-01-10,0.9356,0.8121,69.7895,20.0508,384.7215,0.2056,57.2649,0.9279,0.4107,0.2139
2034-01-11,-0.0087,1.0670,69.5646,21.9674,384.7215,0.2465,62.9101,1.4550,0.4922,0.3423
2034-01-12,2.6306,0.1338,59.9704,16.4536,384.8990,0.4303,72.9389,1.5910,0.8583,0.4062
2034-01-13,2.6756,0.0265,57.7089,10.9359,385.0846,0.6269,78.0710,1.6444,1.2488,0.4521
2034-01-14,8.5955,0.1182,64.0293,11.2392,386.3358,1.0563,80.9275,2.2153,2.0982,0.6956
2034-01-15,10.1205,11.5255,82.2658,14.9127,347.1083,0.2450,37.5506,0.0451,0.4891,0.0106
2034-01-16,8.6762,0.2705,68.3957,10.5780,348.3740,0.6253,57.3233,0.5783,1.2451,0.1589
2034-01-17,11.0996,0.0487,63.2069,10.8797,350.0760,1.1779,71.7818,1.1493,2.3362,0.3728
2034-01-18,13.2677,3.2132,72.6230,15.2465,345.6240,0.5840,59.5939,0.8600,1.1631,0.2328
2034-01-19,11.4675,6.7081,79.7520,10.0626,327.8056,0.3133,38.7956,0.0456,0.6251,0.0111
2034-01-20,9.8386,0.1066,61.4415,17.2532,329.2806,0.8325,63.1473,1.1605,1.6546,0.3413
2034-01-21,6.8840,0.0016,58.4204,15.7471,330.2237,1.2412,74.7096,1.6673,2.4593,0.5496
2034-01-22,6.7745,0.0004,61.4687,11.2699,331.1471,1.6147,79.3523,1.8796,3.1906,0.6767
2034-01-23,7.8518,0.0000,55.6518,7.0111,332.2644,2.1035,82.1552,2.0682,4.1414,0.8224
2034-01-24,10.2540,0.0050,55.4678,8.8116,333.8141,2.7260,83.8077,2.7965,5.3428,1.7936
2034-01-25,9.0616,0.4893,71.5076,6.1584,335.1492,3.0824,83.5898,2.3772,6.0262,1.4492
2034-01-26,11.3470,0.6964,74.2472,13.4437,336.8957,3.4770,80.5342,2.3701,6.7791,1.6185
2034-01-27,11.9175,7.9638,85.9619,14.3705,315.0568,1.4515,39.3227,0.0629,2.8700,0.0218
2034-01-28,12.8232,0.3848,77.0176,9.2707,317.0690,1.8455,57.2227,0.5372,3.6380,0.2031
2034-01-29,12.2551,0.1850,77.2616,9.6490,318.9789,2.2193,68.3081,0.9640,4.3628,0.3915
2034-01-30,14.2434,1.0222,75.1070,10.1060,321.2467,2.6895,71.0094,1.0760,5.2688,0.4736
2034-01-31,12.1991,5.4451,89.2208,9.9177,309.1152,1.0591,37.7164,0.0363,2.1003,0.0114
2034-02-01,13.1126,1.1166,77.4521,6.7569,311.1795,1.5143,51.0701,0.2618,2.9923,0.0921
2034-02-02,13.3227,0.1141,71.4353,5.4480,313.2816,2.0996,65.4545,0.7065,4.1299,0.2806
2034-02-03,12.6228,0.0601,69.1182,6.6017,315.2577,2.7015,74.3471,1.0323,5.2898,0.4551
2034-02-04,12.4276,0.3229,65.3894,9.9842,317.1987,3.3666,79.7033,1.8243,6.5592,0.8879
2034-02-05,12.0028,11.7615,82.6363,14.9866,283.7273,1.3984,38.2937,0.0528,2.7627,0.0181
2034-02-06,13.5905,4.5769,70.9304,8.3078,275.8853,0.7444,42.3242,0.0806,1.4788,0.0230
2034-02-07,13.7685,2.0342,69.7976,11.8201,278.0676,0.6684,55.1964,0.5154,1.3289,0.1437
2034-02-08,12.4267,6.3568,70.0978,14.5411,264.5087,0.5746,46.7589,0.2224,1.1429,0.0600
2034-02-09,13.8894,0.1197,61.9136,10.8563,266.7128,1.3855,68.1371,1.0188,2.7355,0.3477
2034-02-10,15.5536,0.1327,70.9909,11.8955,269.2164,2.0718,77.0068,1.5864,4.0653,0.6261
2034-02-11,14.8400,0.4090,72.1275,10.1495,271.5916,2.7029,80.3111,1.9598,5.2745,0.8630
2034-02-12,12.8066,5.0989,79.3738,11.3921,262.2654,1.3220,49.5054,0.2741,2.6111,0.0921
2034-02-13,11.8899,0.0033,48.0978,12.0960,264.1096,2.2797,71.9102,1.2276,4.4632,0.5033
2034-02-14,13.2993,0.0003,49.6528,7.8390,266.2074,3.3096,81.0373,1.8898,6.4196,0.9104
2034-02-15,14.5313,0.0023,52.7437,6.3884,268.5271,4.3588,84.2378,2.6212,8.3777,2.2829
2034-02-16,15.5743,0.0090,57.7941,8.0171,271.0345,5.3585,84.9809,3.1479,10.2123,3.3290
2034-02-17,16.5970,0.0000,57.7980,7.7871,273.7259,6.4194,85.3506,3.2746,12.1278,3.8894
2034-02-18,18.0999,0.0000,56.7807,5.5476,276.6879,7.5982,85.7491,3.0920,14.2201,4.0419
2034-02-19,16.8947,0.1350,59.7299,15.6121,279.4329,8.6275,85.7971,5.1689,16.0186,7.2225
2034-02-20,9.3916,0.1173,55.9500,17.1989,280.8274,9.2840,85.8450,5.6369,17.1506,8.1007
2034-02-21,10.6592,0.1525,51.4138,11.7633,282.4501,10.0956,85.8930,4.3153,18.5350,6.6424
2034-02-22,13.5015,0.3941,50.3100,12.8983,284.5844,11.1262,86.1782,4.7561,20.2712,7.6404
2034-02-23,16.3414,0.0817,55.3808,16.6857,287.2298,12.2317,86.2263,5.7953,22.1096,9.5205
2034-02-24,14.0768,0.7950,54.3339,18.8082,289.4676,13.2162,83.8423,4.6491,23.7244,8.1877
2034-02-25,12.1884,0.0002,43.0263,10.0161,291.3656,14.2917,86.2103,4.1318,25.4611,7.6825
2034-02-26,14.6468,0.0049,53.1855,10.1337,293.7060,15.3388,86.2584,4.1846,27.1348,8.0648
2034-02-27,15.0541,0.0034,53.6191,5.0043,296.1197,16.4031,86.3065,3.2535,28.8157,6.6582
2034-02-28,14.9027,0.0033,60.6343,9.6981,298.5062,17.2980,86.3089,4.1230,30.2182,8.4783
2034-03-01,13.1947,0.0064,61.0201,7.9583,300.5852,18.2478,86.0779,3.6561,31.6865,7.8454
2034-03-02,14.1145,0.0754,61.5284,9.4189,302.8299,19.2455,86.0451,3.9172,33.2140,8.5730
2034-03-03,14.9748,0.1400,67.6407,9.4834,305.2293,20.1322,85.3502,3.5666,34.5649,8.0881
2034-03-04,14.4551,0.0147,63.6197,4.8105,307.5352,21.0968,85.3981,2.8371,36.0168,6.7475
2034-03-05,16.4270,0.0001,55.0772,6.5613,310.1961,22.4390,85.7764,3.2665,38.0049,7.9283
2034-03-06,14.3756,1.2634,64.1634,12.2689,312.4877,23.3843,78.3869,1.8072,39.3980,4.6058
2034-03-07,10.5036,0.0683,56.7180,16.9269,314.0824,24.2404,82.5010,3.5575,40.6396,8.8963
2034-03-08,9.4032,0.2208,67.1075,13.6515,315.4789,24.8293,82.6843,3.0864,41.4943,7.9592
2034-03-09,8.9848,0.0562,58.1163,11.4525,316.8002,25.5493,83.6325,3.1215,42.5248,8.1620
2034-03-10,7.7125,0.3071,63.5615,15.1835,317.8924,26.0967,83.6798,3.7907,43.3057,9.7524
2034-03-11,8.5068,0.0376,58.5495,11.6444,319.1277,26.7755,83.9489,3.2866,44.2659,8.7495
2034-03-12,10.3748,0.0498,52.2408,6.5687,320.6991,27.7096,84.8572,2.8772,45.5747,7.9292
2034-03-13,8.1650,5.9163,75.9655,15.6984,306.2066,16.8901,48.6267,0.3043,29.6865,0.3568
2034-03-14,4.2619,15.8893,81.2308,23.6453,259.1707,7.5734,28.3539,0.0071,14.1156,0.0052
2034-03-15,1.2389,0.4042,58.5359,20.9182,259.1707,7.7387,51.7107,0.5745,14.4023,0.4261
2034-03-16,5.0705,0.0019,42.9068,12.4739,259.7874,8.3392,70.1228,1.1775,15.4395,0.9103
2034-03-17,11.0570,0.0000,32.7831,7.2349,261.4816,9.7322,82.1754,2.0969,17.8074,3.0087
2034-03-18,14.4200,0.0987,41.7745,7.7847,263.7812,11.2725,86.1299,3.6508,20.3689,5.9980
2034-03-19,14.2607,0.0708,54.9851,10.6367,266.0522,12.4512,86.1780,4.2437,22.2940,7.2816
2034-03-20,14.5280,4.7060,73.2623,12.8312,258.4052,8.2189,57.1149,0.6374,15.2269,0.4887
2034-03-21,12.5779,4.5240,73.5584,8.2509,251.1477,5.2718,46.2296,0.1500,10.0178,0.0906
2034-03-22,11.9607,1.6109,76.8255,14.4450,253.0046,5.1570,55.8293,0.6219,9.8139,0.3714
2034-03-23,13.0445,0.2985,65.1694,11.9860,255.0566,5.9968,71.7266,1.2127,11.3277,0.7835
2034-03-24,14.9840,0.0145,49.2344,12.4544,257.4578,7.3886,82.0935,2.7005,13.7880,3.3939
2034-03-25,14.7940,0.0140,54.1951,13.0296,259.8247,8.6296,84.7005,3.8999,15.9360,5.5183
2034-03-26,14.1886,0.0484,58.4079,11.1090,262.0826,9.7135,84.9311,3.6536,17.7796,5.5270
2034-03-27,14.1324,0.0035,54.9902,7.7001,264.3305,10.8822,85.3731,3.2704,19.7334,5.2815
2034-03-28,16.4519,0.0075,52.1416,5.5212,266.9958,12.3141,86.1000,3.2436,22.0820,5.6219
2034-03-29,18.0259,0.0052,51.4892,4.8449,269.9445,13.8956,86.5992,3.3638,24.6226,6.2315
2034-03-30,21.3373,0.0000,49.3200,4.6101,273.4892,15.8340,87.4331,3.7431,27.6638,7.3846
2034-03-31,21.6298,0.0000,50.1677,3.7435,277.0865,17.7647,87.5888,3.6638,30.6214,7.7000
2034-04-01,22.6317,0.0000,49.0108,4.2862,282.1142,20.6983,87.9042,3.9392,34.9804,8.8825
2034-04-02,21.1846,0.6677,56.0231,8.1223,286.8815,23.0741,85.8117,3.5513,38.4224,8.5883
2034-04-03,20.2608,0.1125,60.0216,5.5980,291.4824,25.1444,85.8597,3.1482,41.3676,8.0847
2034-04-04,20.3402,0.4832,53.1091,13.2027,296.0976,27.5817,86.6855,5.1886,44.7437,12.8344
2034-04-05,19.2816,0.4973,64.2088,10.4785,300.5223,29.3502,86.4586,4.3800,47.1808,11.5492
2034-04-06,21.3605,0.0061,60.3911,3.4600,305.3212,31.5070,86.5068,3.0963,50.0913,8.9629
2034-04-07,23.4351,0.0001,48.4152,4.6814,310.4935,34.5753,87.8243,3.9727,54.0920,11.5484
2034-04-08,22.9718,0.0002,37.4437,8.7658,315.5825,38.2259,89.7373,6.4219,58.6818,17.5273
2034-04-09,20.9520,0.0000,43.5785,9.2120,320.3078,41.2423,89.7866,6.6144,62.3987,18.5133
2034-04-10,21.9146,0.0014,43.3252,5.7877,325.2064,44.4045,89.8359,5.6056,66.2083,16.9088
2034-04-11,23.8618,0.0035,37.8437,5.6186,330.4556,48.1659,90.1648,5.8262,70.6043,18.0204
2034-04-12,23.7839,0.0188,38.4827,8.8950,335.6906,51.8770,90.2142,6.9209,74.8399,21.0744
2034-04-13,21.5619,0.2156,56.4850,7.5686,340.5258,54.2677,88.5639,5.1089,77.6134,17.2145
2034-04-14,20.9260,0.0738,49.9195,14.8261,345.2465,56.9419,88.6128,7.4164,80.6355,23.0128
2034-04-15,17.3799,2.2788,53.7787,15.8419,349.3289,51.2023,76.6531,1.8868,74.9430,7.4989
2034-04-16,18.0971,1.0474,51.6570,10.1523,353.5403,53.4522,80.5137,2.0034,77.5806,8.0919
2034-04-17,16.6847,4.7043,65.9188,9.6296,345.1390,37.4605,59.2558,0.6337,58.9305,1.6937
2034-04-18,15.6693,0.6703,59.9634,9.9600,348.9135,39.0881,74.1187,1.2089,61.0718,4.1835
2034-04-19,17.5244,0.3962,56.4933,10.7835,353.0219,41.0525,82.2844,2.5412,63.6117,8.7694
2034-04-20,20.1716,1.4838,56.8804,10.9677,357.6068,43.2762,79.3374,1.8485,66.4489,6.7905
2034-04-21,16.5883,0.1939,49.2806,16.5739,361.5467,45.4511,85.0489,4.8904,69.1649,15.6282
2034-04-22,15.5695,0.0038,41.1748,17.8514,365.3032,47.8284,87.4989,7.3635,72.0676,21.5970
2034-04-23,13.1184,0.7952,48.3664,20.5765,368.6185,49.6082,84.8646,5.8337,74.2389,18.5349
2034-04-24,10.0520,7.9724,81.9651,25.6085,345.7667,28.0605,45.6784,0.3315,46.6552,0.5310
2034-04-25,11.4908,2.4155,75.2294,20.1891,348.7890,24.2893,53.6610,0.6797,41.3753,1.0122
2034-04-26,12.8477,1.5038,57.6360,16.8439,352.0556,25.0870,67.6894,1.3577,42.5873,3.5718
2034-04-27,14.7025,0.0729,46.4479,12.4317,355.6561,27.1386,81.0926,2.3969,45.5818,6.7204
2034-04-28,16.6942,0.1324,42.0825,8.0629,359.6150,29.6371,86.2181,3.7486,49.1481,10.4116
2034-04-29,18.9714,0.0043,46.5400,6.1037,363.9839,32.2384,87.3917,4.0119,52.7881,11.4768
2034-04-30,20.3316,0.1333,53.1836,7.1186,368.5976,34.6709,87.4402,4.2517,56.1402,12.4594
2034-05-01,22.0580,0.0888,49.6696,5.1775,374.9720,37.7394,87.7110,4.0077,60.3051,12.3865
2034-05-02,24.2727,0.0000,43.6006,5.6823,381.7451,41.5067,88.9266,4.8939,65.2713,15.1400
2034-05-03,25.0826,0.0026,42.1888,5.7827,388.6640,45.4916,89.5014,5.3418,70.3870,16.8658
2034-05-04,25.9830,0.0391,40.6472,6.5568,395.7449,49.7235,89.9755,5.9449,75.6761,18.9890
2034-05-05,23.8857,0.5032,45.6872,6.9873,402.4483,53.2961,89.9390,6.0436,80.0799,19.8013
2034-05-06,25.0642,0.0473,40.9239,5.1867,409.3639,57.3654,89.9884,5.5586,84.9648,19.2422
2034-05-07,25.8368,0.0061,39.2900,7.7242,416.4185,61.6707,90.2520,6.5597,90.0141,22.3548
2034-05-08,26.0238,0.0000,36.7249,6.5375,423.5068,66.1890,90.7299,6.6158,95.1867,23.1447
2034-05-09,27.0702,0.0000,35.7310,5.3136,430.7834,70.9554,91.1193,6.5751,100.5189,23.6783
2034-05-10,27.2503,0.0638,35.5568,7.4739,438.0925,75.7652,91.2374,7.4555,105.7908,26.4815
2034-05-11,25.0775,0.1533,39.1279,14.8224,445.0104,79.9603,91.2871,10.8734,110.3506,34.8105
2034-05-12,23.5816,0.1810,44.2866,12.5690,451.6591,83.5804,90.6893,8.9136,114.2879,30.9498
2034-05-13,21.4141,4.9804,57.6142,9.1671,440.8508,56.3759,67.4043,0.9135,85.4375,4.0317
2034-05-14,23.3534,0.3457,47.4338,9.2763,447.4585,59.7600,83.7059,2.8245,89.6028,11.8132
2034-05-15,23.1045,1.9592,48.3628,10.0979,454.0213,57.2635,80.3928,1.9719,87.0720,8.5979
2034-05-16,23.3413,0.8158,50.5134,6.6408,460.6267,60.4477,84.3182,2.6836,91.0307,11.4415
2034-05-17,25.0087,0.0535,40.2687,9.6809,467.5323,64.5534,89.0432,6.0874,95.9772,21.9093
2034-05-18,26.1121,0.3447,38.3052,7.8317,474.6364,68.9732,90.3006,6.6413,101.1860,23.9227
2034-05-19,26.7500,1.4554,42.3006,7.2321,481.8554,73.2037,85.9686,3.4710,106.1076,15.2446
2034-05-20,22.4970,7.6728,68.5162,8.3358,456.1595,43.3149,58.0242,0.5446,70.0102,1.6112
2034-05-21,20.2729,2.4571,61.6343,14.4627,462.2127,38.7639,68.5269,1.2372,64.0902,4.4528
2034-05-22,23.5106,0.0999,41.2544,7.4951,468.8486,42.5701,84.9484,3.0526,69.3893,10.7954
2034-05-23,24.6320,0.0000,38.9043,7.3830,475.6863,46.7089,89.2232,5.5637,75.0054,17.9989
2034-05-24,27.4356,0.0000,37.2595,8.9668,483.0287,51.4223,90.7241,7.4711,81.2265,23.2221
2034-05-25,28.1070,0.0000,35.2026,7.7267,490.4920,56.4047,91.3732,7.6984,87.6196,24.6747
2034-05-26,29.3061,0.0847,30.7902,7.8741,498.1711,61.9448,92.4244,8.9998,94.5101,28.5492
2034-05-27,27.7373,0.3486,30.5132,9.5751,505.5678,67.2202,92.4746,9.8746,100.9009,31.3644
2034-05-28,27.7449,0.0470,31.6991,8.6714,512.9659,72.4069,92.5248,9.5020,107.0408,31.4006
2034-05-29,26.0969,0.0051,41.8536,13.3608,520.0673,76.5702,91.5980,10.5574,111.9383,34.3467
2034-05-30,23.9959,0.0058,39.3637,19.4187,526.7906,80.5763,91.5141,14.1566,116.5752,42.2765
2034-05-31,24.7187,0.0160,36.0447,16.0216,533.6439,84.9235,91.5640,12.0141,121.5061,38.6417
2034-06-01,25.5276,0.0000,34.3624,12.3533,541.6429,89.5248,91.6139,10.0574,126.6971,34.9367
2034-06-02,25.6616,1.4249,41.0693,10.1249,549.6660,93.6767,86.5313,4.3472,131.3782,19.8380
2034-06-03,25.4521,0.1251,45.1282,8.7540,557.6514,97.5124,88.7053,5.5345,135.7018,23.8519
2034-06-04,27.9877,0.0004,38.4444,6.2794,566.0932,102.2262,90.5092,6.3277,140.8603,26.5152
2034-06-05,30.5708,0.0000,31.5472,8.4881,574.9999,107.9337,92.4082,9.2614,146.9208,34.7332
2034-06-06,31.7460,0.0000,27.6715,5.7157,584.1182,114.1881,93.5006,9.3860,153.4044,35.4600
2034-06-07,32.0560,0.0000,26.3657,9.0063,593.2923,120.6155,93.9141,11.7343,159.9414,41.4347
2034-06-08,32.0245,0.2703,25.5977,8.7459,602.4607,127.1038,94.0929,11.8719,166.4277,42.1182
2034-06-09,30.8891,0.1867,28.2549,11.2091,611.4247,133.1459,94.1436,13.5354,172.4232,46.1197
2034-06-10,29.8565,0.0000,33.5323,8.8327,620.2029,138.5629,93.7099,11.3069,177.8113,41.3493
2034-06-11,31.4373,0.0000,31.9998,7.3532,629.2656,144.3878,93.7605,10.5686,183.5085,39.8002
2034-06-12,31.9212,0.0004,32.4143,8.0108,638.4154,150.2633,93.8111,11.0018,189.1981,41.0414
2034-06-13,29.4247,0.1858,37.7865,14.4470,647.1158,155.2628,92.8810,13.3641,194.0996,46.6363
2034-06-14,24.8914,0.5261,38.4440,17.2542,655.0003,159.4749,91.8801,13.3697,198.2677,46.7777
2034-06-15,25.3546,0.2298,39.4048,13.5476,662.9681,163.6951,91.7532,10.8943,202.4324,41.1526
2034-06-16,26.8167,0.0000,34.6842,10.0852,671.1991,168.4955,91.8031,9.2151,207.0489,37.0111
2034-06-17,28.2437,0.0000,32.5229,8.7021,679.6870,173.7082,91.9990,8.8363,211.9779,36.0974
2034-06-18,29.8277,0.0000,29.1205,9.0485,688.4600,179.4794,92.8915,10.1961,217.3213,39.7253
2034-06-19,31.5469,0.0000,29.4263,7.2710,697.5424,185.5451,93.1902,9.7209,222.8775,38.5994
2034-06-20,31.0693,1.5803,36.2391,8.5765,706.5389,162.6650,88.9984,5.7209,206.4841,26.8732
2034-06-21,30.0744,3.1617,39.7593,10.8086,700.0589,102.9690,84.1567,3.2397,150.5708,16.7486
2034-06-22,28.1422,0.3245,39.3167,12.0658,708.5285,107.6407,89.9033,7.7662,156.0232,31.4020
2034-06-23,30.9776,0.0523,35.7077,7.8795,717.5084,113.0701,91.6551,8.0746,162.2278,32.5427
2034-06-24,33.2761,0.0000,33.3844,7.9405,726.9021,119.0989,92.6270,9.2910,168.9812,36.0358
2034-06-25,35.1691,0.0000,31.3734,6.7733,736.6366,125.6517,93.3871,9.7444,176.1755,37.4854
2034-06-26,34.5460,0.0000,29.6127,8.0567,746.2589,132.2571,93.6765,10.8229,183.3000,40.4092
2034-06-27,34.5673,0.0002,26.5766,9.8055,755.8850,139.1515,94.2945,12.8771,190.5889,45.4365
2034-06-28,35.3713,0.0000,26.0064,10.7080,765.6558,146.2561,94.5766,14.0106,197.9709,48.1713
2034-06-29,33.9378,0.0000,28.5691,19.6500,775.1686,152.8451,94.6274,22.1404,204.7570,64.1471
2034-06-30,30.5000,0.0011,35.4685,15.1431,784.0626,158.2136,93.5223,15.1393,210.3251,50.9163
2034-07-01,27.5263,8.3081,52.1739,12.3687,720.9340,75.3998,73.2242,1.3106,119.5432,7.2497
2034-07-02,29.6193,1.1663,43.0753,7.6837,729.9695,79.5067,85.6263,3.3848,124.9816,16.1565
2034-07-03,31.2490,0.0000,34.4532,8.0251,739.2983,84.4866,91.4789,7.9332,131.4252,30.2169
2034-07-04,28.2952,0.9346,42.4654,13.1447,748.0955,88.4585,88.9617,7.1639,136.5509,28.5742
2034-07-05,30.1345,0.2560,33.1023,10.8001,757.2237,93.3659,91.9167,9.7080,142.7340,35.5242
2034-07-06,30.2773,0.0000,29.2945,13.4868,766.3776,98.5763,92.9410,12.8404,149.1811,43.1349
2034-07-07,30.1564,0.0000,27.5684,13.3210,775.5097,103.8933,93.3365,13.4580,155.6548,44.9372
2034-07-08,31.5864,0.0000,25.0396,8.6634,784.8993,109.6477,94.0861,11.8115,162.5324,41.7636
2034-07-09,34.4093,0.0000,24.7916,5.5476,794.7970,115.9198,94.6413,10.8992,169.8931,40.0320
2034-07-10,34.7201,0.0003,26.1394,9.4875,804.7506,122.1334,94.6922,13.3862,177.0801,46.0226
2034-07-11,32.4057,0.0000,24.9901,12.2527,814.2876,128.0359,94.7431,15.4956,183.8155,50.7791
2034-07-12,33.3552,0.0000,20.2677,12.4873,823.9956,134.4878,95.4551,17.2842,191.0290,54.6587
2034-07-13,33.5996,0.0000,20.9497,9.7045,833.7475,140.9300,95.5063,15.1278,198.1329,50.5524
2034-07-14,34.7158,0.0000,22.3308,7.9026,843.7003,147.4632,95.5574,13.9114,205.2442,48.1608
2034-07-15,36.3289,0.0000,23.1188,6.6178,853.9435,154.2213,95.6086,13.1304,212.4996,46.6049
2034-07-16,36.6756,0.0000,24.6548,7.5884,864.2491,160.9058,95.6598,13.8849,219.5992,48.4231
2034-07-17,34.6871,0.0000,31.1160,7.4451,874.1968,166.6954,95.0397,12.6668,225.7659,45.7981
2034-07-18,34.3223,0.0000,32.0174,10.7100,884.0788,172.3510,94.7270,14.3050,231.7520,49.5442
2034-07-19,34.4849,0.0000,29.9315,9.9912,893.9901,178.2068,94.7779,13.8930,237.8713,48.7261
2034-07-20,35.6716,0.0000,26.3227,7.3967,904.1150,184.5696,94.8289,12.2759,244.4048,45.1317
2034-07-21,37.6009,0.0000,25.2358,5.3937,914.5872,191.3651,95.1211,11.5508,251.2851,43.4769
2034-07-22,38.0899,0.0000,24.6174,6.0843,925.1474,198.3033,95.3414,12.3253,258.2293,45.3686
2034-07-23,38.7658,0.0000,23.4911,5.6577,935.8292,205.4666,95.6902,12.6497,265.3083,46.1721
2034-07-24,39.5997,0.0000,21.9705,5.6716,946.6612,212.9251,96.1520,13.4757,272.5781,48.0994
2034-07-25,39.2576,0.0314,24.4653,6.7600,957.4315,220.0844,96.2034,14.3346,279.5301,50.0405
2034-07-26,37.5683,0.0000,28.8145,6.7357,967.8978,226.5491,95.9250,13.7881,285.8380,48.8638
2034-07-27,37.0607,0.0127,32.1778,6.4047,978.2728,232.6275,95.2457,12.3632,291.7901,45.6337
2034-07-28,38.3037,0.0020,27.9616,5.2756,988.8714,239.2941,95.2968,11.7612,298.1918,44.2280
2034-07-29,39.3379,0.0970,25.7198,6.1929,999.6562,246.3486,95.3479,12.4038,304.8711,45.7685
2034-07-30,38.5177,0.1571,27.9726,7.5946,1010.2934,253.0503,95.3990,13.4048,311.2205,48.0854
2034-07-31,38.2968,0.0019,27.0659,7.1332,1020.8908,259.7986,95.4501,13.1883,317.5623,47.6082
2034-08-01,38.3500,0.0345,26.5559,6.5434,1030.7978,265.7801,95.5013,12.8916,323.2159,46.9397
2034-08-02,38.0607,0.0124,26.5245,6.7113,1040.6528,271.7203,95.5525,13.0920,328.8071,47.4086
2034-08-03,35.5079,1.7697,37.6167,10.4669,1050.0482,164.6447,90.3259,7.6120,236.5597,33.0102
2034-08-04,34.3052,0.6987,38.6651,14.1174,1059.2271,169.1278,91.4432,10.7293,241.7532,41.3819
2034-08-05,33.1244,0.0000,33.7056,12.6376,1068.1935,173.8119,92.5444,11.6362,247.1043,43.6447
2034-08-06,33.9384,0.0000,25.3377,9.7218,1077.3064,179.2126,94.3657,12.9495,253.1464,46.7699
2034-08-07,35.3473,0.0000,23.5669,7.9994,1086.6730,184.9637,95.0654,13.0714,259.5022,47.0991
2034-08-08,35.6843,0.0000,24.1476,6.6704,1096.1001,190.7240,95.1164,12.3104,265.8163,45.3859
2034-08-09,33.7299,0.0000,32.9252,9.3166,1105.1755,195.5470,94.5063,12.9361,271.1517,46.8669
2034-08-10,32.1339,0.0000,40.4443,10.2127,1113.9636,199.6331,92.9427,10.8901,275.7317,42.0208
2034-08-11,35.4905,0.0000,33.2966,6.6540,1123.3559,204.6718,93.1026,9.3085,281.2408,37.9865
2034-08-12,36.7680,0.0000,31.4824,5.7762,1132.9782,210.0283,93.6618,9.6284,287.0332,38.8521
2034-08-13,35.5321,0.1256,31.1844,8.9755,1142.3779,215.2325,93.7124,11.3926,292.6306,43.3208
2034-08-14,32.9620,0.4332,34.9488,14.0693,1151.3151,219.8069,93.7630,14.8302,297.5802,51.1913
2034-08-15,32.2231,0.0681,29.6266,12.0500,1160.1193,224.6482,93.8136,13.4899,302.7388,48.2554
2034-08-16,32.8656,0.0000,24.2125,12.7659,1169.0391,229.9625,94.5042,15.3873,308.3068,52.4146
2034-08-17,32.8847,0.0000,21.2683,11.5605,1177.9623,235.4863,95.1543,15.8321,314.0289,53.3659
2034-08-18,32.9725,0.0000,21.0548,10.8703,1186.9014,241.0394,95.2523,15.4970,319.7430,52.6741
2034-08-19,33.1442,0.0000,21.6962,11.5685,1195.8713,246.5752,95.3034,16.1643,325.4104,54.0822
2034-08-20,33.3974,0.0000,22.2437,10.2312,1204.8869,252.1128,95.3545,15.2167,331.0512,52.0997
2034-08-21,33.4900,0.0000,23.5515,9.7428,1213.9190,257.5720,95.4056,14.9507,336.5952,51.5382
2034-08-22,33.6830,0.0000,25.7522,7.1244,1222.9860,262.9036,95.4567,13.1942,342.0059,47.6595
2034-08-23,35.2242,0.0007,26.9593,7.7416,1232.3303,268.3809,95.5079,13.7063,347.5405,48.8217
2034-08-24,32.0351,0.2057,33.2506,12.5314,1241.1007,272.9470,94.2500,14.6824,352.2332,50.9772
2034-08-25,30.5134,1.1003,34.2845,9.6240,1249.5971,277.2359,90.6739,7.6675,356.6536,33.5577
2034-08-26,30.6504,0.8363,37.3536,9.1797,1258.1182,281.3422,90.4704,7.2829,360.9141,32.4296
2034-08-27,31.8002,0.0078,32.3069,8.0654,1266.8462,285.9400,92.4715,9.1473,365.5878,37.6974
2034-08-28,32.1421,0.0000,33.8830,7.5247,1275.6358,290.4774,92.5217,8.9645,370.2047,37.2061
2034-08-29,31.8123,0.2358,41.4108,9.0651,1284.3660,294.4583,92.4801,9.6316,374.3529,38.9894
2034-08-30,31.8225,0.3030,38.4427,8.0681,1293.0980,298.6422,92.5303,9.2246,378.6566,37.9112
2034-08-31,30.9754,0.0000,24.6225,9.3031,1301.6776,303.6335,94.0036,12.0599,383.5796,45.0518
2034-09-01,30.1654,0.0000,26.7325,8.8862,1308.8114,307.7119,94.0543,11.8924,387.6027,44.6544
2034-09-02,29.1219,0.0000,26.8309,9.1050,1315.7573,311.6488,94.1050,12.1090,391.4824,45.1713
2034-09-03,29.6023,0.0000,20.1779,9.1320,1322.7897,316.0120,94.8286,13.3972,395.6962,48.1561
2034-09-04,30.6901,0.0000,22.5728,8.3151,1330.0179,320.3942,94.8796,12.9471,399.9337,47.1306
2034-09-05,32.8430,0.0860,24.7886,6.4863,1337.6337,324.9393,94.9305,11.8902,404.3287,44.6544
2034-09-06,33.8877,0.0006,28.8449,8.3792,1345.4375,329.3716,94.9815,13.1719,408.6456,47.6477
2034-09-07,29.9027,0.0002,29.9100,15.0926,1352.5240,333.2402,94.4256,17.1149,412.4363,56.0996
2034-09-08,26.9004,0.0000,31.8483,10.8413,1359.0700,336.6377,93.6399,12.3900,415.7964,45.8407
2034-09-09,28.2834,0.0000,29.5141,8.0364,1365.8650,340.3250,93.6905,10.8329,419.4007,42.0768
2034-09-10,29.9577,0.0000,26.2502,10.1221,1372.9614,344.4029,93.7410,12.1183,423.3290,45.2013
2034-09-11,30.2774,0.0000,22.7654,9.7757,1380.1154,348.7175,94.3711,12.9945,427.4332,47.2455
2034-09-12,31.1828,0.0000,22.2843,7.4563,1387.4323,353.1842,94.6609,12.0319,431.6602,44.9975
2034-09-13,30.6119,0.0000,23.4704,9.1986,1394.6464,357.5049,94.7117,13.2282,435.7552,47.7811
2034-09-14,29.4984,0.0279,29.7850,8.9957,1401.6601,361.3300,94.3671,12.4866,439.4491,46.0706
2034-09-15,29.2080,0.5968,36.7113,9.3177,1408.6216,364.7450,91.7253,8.7683,442.8280,36.6880
2034-09-16,29.2787,0.0263,36.8061,9.2655,1415.5957,368.1628,91.7752,8.8074,446.2064,36.7952
2034-09-17,29.3570,0.0000,32.8930,8.7588,1422.5840,371.8017,92.1008,8.9900,449.7443,37.2930
2034-09-18,28.7912,0.0000,31.7318,10.0758,1429.4704,375.4347,92.2590,9.8239,453.2600,39.5094
2034-09-19,27.5607,0.0000,32.8084,10.7170,1436.1353,378.8633,92.3091,10.2185,456.5941,40.5288
2034-09-20,27.1153,0.0000,35.8393,8.4935,1442.7201,382.0863,92.3592,9.2002,459.7651,37.8605
2034-09-21,27.4079,0.1103,37.8329,6.7991,1449.3575,385.2415,92.3683,8.4580,462.8905,35.8319
2034-09-22,27.5499,0.7895,36.0647,7.9025,1456.0205,388.5027,90.3008,6.6653,466.0925,30.5780
2034-09-23,27.6149,0.0000,30.2590,7.8157,1462.6952,392.0680,92.1118,8.5862,469.5110,36.1881
2034-09-24,27.4652,0.3320,34.7218,7.3969,1469.3429,395.3878,92.1619,8.4665,472.7458,35.8561
2034-09-25,26.7279,0.9835,46.0245,6.4861,1475.8579,398.0620,87.4909,4.1483,475.4997,22.0194
2034-09-26,27.5858,0.6504,44.4791,5.4799,1482.5274,400.8975,88.5885,4.6147,478.3873,23.7437
2034-09-27,26.4688,2.3860,48.1379,8.4930,1488.9957,133.3163,81.0412,1.9540,217.8663,12.2321
2034-09-28,22.5495,8.7842,66.6682,14.0132,1174.7271,66.6579,60.7873,0.8700,116.7533,4.8168
2034-09-29,21.6942,1.4630,49.2667,15.8272,1180.3361,68.7167,78.1500,2.1182,119.9721,10.9770
2034-09-30,21.8276,0.7896,40.6055,13.5889,1185.9691,71.1412,86.0427,4.8315,123.7276,20.9055
2034-10-01,24.2519,0.0000,30.8634,9.6333,1191.0384,73.7969,90.8031,7.8139,127.7979,29.6053
2034-10-02,24.5004,0.0114,34.9969,10.3603,1196.1525,76.3184,90.8856,8.2014,131.6393,30.9196
2034-10-03,23.6185,0.0000,33.6103,8.3290,1201.1078,78.8049,91.0022,7.5275,135.4007,29.4673
2034-10-04,27.1591,0.0000,26.3220,6.7392,1206.7005,81.9597,92.8454,9.0177,140.1258,33.6407
2034-10-05,26.9381,0.0000,31.0657,9.5868,1212.2533,84.8882,92.8957,10.4827,144.4829,37.4946
2034-10-06,25.6878,0.0000,34.6275,8.9565,1217.5811,87.5416,92.7277,9.9184,148.4077,36.4404
2034-10-07,26.6652,0.0000,31.1939,7.9146,1223.0849,90.4363,92.7780,9.4778,152.6541,35.6417
2034-10-08,28.2041,0.0000,29.0055,6.4318,1228.8656,93.5886,92.8283,8.8577,157.2394,34.3463
2034-10-09,28.5449,0.0000,30.1336,6.5262,1234.7077,96.7268,92.8785,8.9630,161.7709,34.8545
2034-10-10,27.9513,0.0000,32.8402,8.7626,1240.4429,99.6831,92.9289,10.1031,166.0137,37.9240
2034-10-11,25.7657,0.0000,35.0640,10.8806,1245.7847,102.3264,92.6755,10.8484,169.7878,39.9061
2034-10-12,24.3600,6.8518,49.5017,19.6994,1091.4836,59.8496,74.7424,2.0383,105.2687,9.9245
2034-10-13,19.1914,5.4287,45.2982,23.7322,1008.3572,39.7251,71.5721,2.1799,72.3268,8.3280
2034-10-14,17.8081,0.0000,36.5199,13.4469,1012.2666,41.5438,85.2566,4.2989,75.3560,14.8619
2034-10-15,21.3097,0.3786,51.6788,12.5798,1016.8064,43.1845,86.8838,5.1719,78.0789,17.4295
2034-10-16,21.0727,0.4835,50.7958,7.6686,1021.3035,44.8376,87.3065,4.2886,80.8063,15.4232
2034-10-17,18.7383,0.3257,44.6282,11.3742,1025.3804,46.5020,87.9483,5.6658,83.5333,19.3328
2034-10-18,19.3010,0.0010,38.1781,7.7650,1029.5586,48.4130,89.0720,5.5501,86.6408,19.4252
2034-10-19,20.2646,0.1670,52.5041,6.6755,1033.9102,49.9506,88.6945,4.9765,89.1353,18.2104
2034-10-20,18.9520,0.4723,63.2590,8.6329,1038.0255,51.0669,87.0071,4.3140,90.9480,16.5551
2034-10-21,19.2095,0.3280,62.3126,5.4819,1042.1872,52.2266,86.7928,3.5702,92.8241,14.4985
2034-10-22,20.8012,0.0167,48.4085,6.2929,1046.6354,53.9387,87.5527,4.1445,95.5649,16.5021
2034-10-23,20.2752,0.1418,50.1894,7.8335,1050.9890,55.5519,87.6012,4.5103,98.1359,17.8253
2034-10-24,19.5164,0.1855,56.4851,7.5835,1055.2059,56.9112,87.6498,4.4849,100.2987,17.9528
2034-10-25,20.1600,0.2895,51.4043,7.4602,1059.5387,58.4766,87.6984,4.4882,102.7730,18.1874
2034-10-26,20.4647,0.0147,45.1830,9.9051,1063.9264,60.2678,88.1885,5.4459,105.5832,21.2141
2034-10-27,20.6084,1.6164,54.4474,17.1142,1068.3399,59.1192,81.4553,3.1646,103.8689,14.0416
2034-10-28,14.5763,0.0010,31.0828,15.0980,1071.6676,60.7562,87.9207,6.8083,106.4281,24.9346
2034-10-29,14.9384,0.0011,34.3118,6.5404,1075.0605,62.3525,88.9963,5.1616,108.9129,20.7173
2034-10-30,16.3976,0.0012,35.3958,5.5938,1078.7161,64.0653,89.3382,5.1687,111.5658,20.9722
2034-10-31,17.2713,0.0000,37.8028,5.7142,1082.5289,65.7967,89.3873,5.2369,114.2351,21.3997
2034-11-01,18.6255,0.0003,39.9142,6.0481,1085.5855,67.3680,89.4365,5.3635,116.6402,21.9699
2034-11-02,19.0567,0.0115,47.3328,7.3779,1088.7197,68.7755,89.3037,5.6269,118.7907,22.9105
2034-11-03,17.2087,8.1080,74.0256,9.2898,954.4815,38.6399,50.6438,0.2830,70.1774,0.6087
2034-11-04,14.7384,2.8751,66.1019,13.6863,933.6332,31.5999,57.8528,0.7042,58.2693,2.0033
2034-11-05,14.7924,0.0079,49.0202,7.0022,935.9998,32.6741,75.7053,1.1357,60.1029,3.8556
2034-11-06,15.3716,0.9425,58.0921,7.8930,938.4707,33.5893,78.3243,1.4417,61.6611,5.0670
2034-11-07,15.0369,0.3861,58.0216,8.9861,940.8813,34.4874,82.7944,2.4739,63.1847,8.5314
2034-11-08,17.3011,1.5358,66.0037,14.5351,943.6995,34.3120,76.5573,1.7548,62.9059,6.2301
2034-11-09,19.2651,2.3707,67.8347,18.0309,946.8712,30.0302,71.5876,1.6365,55.6481,5.3412
2034-11-10,18.9179,5.3958,72.8251,11.9308,887.7140,19.3101,55.6889,0.5413,36.6283,0.7322
2034-11-11,18.0081,0.2695,65.2620,5.3387,890.6595,20.1901,71.9663,0.8751,38.2145,1.7434
2034-11-12,17.1597,0.0187,57.7879,4.6142,893.4522,21.2120,80.3483,1.4887,40.0471,3.7779
2034-11-13,16.9086,0.0604,59.1133,5.3694,896.1998,22.1882,83.5056,2.2595,41.7898,6.0007
2034-11-14,17.5253,0.7001,63.1787,6.3833,899.0583,23.0975,82.5757,2.1109,43.4070,5.7656
2034-11-15,18.0915,0.2515,63.1166,5.3858,902.0188,24.0359,84.0191,2.4201,45.0695,6.7307
2034-11-16,19.7001,0.1966,66.9000,10.7490,905.2688,24.9487,84.3160,3.2999,46.6812,9.0680
2034-11-17,19.9557,4.5543,74.2065,14.6728,863.6796,17.1157,61.7993,0.9520,32.6156,1.6657
2034-11-18,18.4963,11.4403,82.9502,12.4770,746.4568,8.5488,38.9339,0.0529,16.6217,0.0428
2034-11-19,16.7170,12.1056,67.3337,12.8235,650.6776,4.5563,43.5835,0.1252,8.9559,0.0712
2034-11-20,14.7904,0.0432,51.6761,9.3545,653.0438,5.5744,69.2504,0.9787,10.9159,0.6194
2034-11-21,13.9382,0.0000,49.4289,7.7265,655.2567,6.5827,80.2046,1.7150,12.8428,1.6665
2034-11-22,14.2182,0.0000,49.3493,4.9970,657.5200,7.6113,84.2081,2.4340,14.7945,3.1488
2034-11-23,13.7859,0.1106,57.3633,6.8494,659.7054,8.4528,84.8017,2.8960,16.3809,4.1275
2034-11-24,15.9741,5.4070,77.9552,14.3857,630.6141,5.0377,54.1240,0.5308,9.8781,0.3181
2034-11-25,18.0199,0.3130,58.0861,12.9145,633.5617,6.1002,75.4468,1.5063,11.9136,1.0192
2034-11-26,15.5663,0.5433,59.5894,8.1238,636.0676,6.9931,81.1896,1.9507,13.6120,2.1881
2034-11-27,12.1455,0.1647,46.5548,14.6273,637.9578,7.9316,85.0090,4.4092,15.3851,6.0895
2034-11-28,8.2183,0.0000,40.2223,10.5355,639.1411,8.6701,86.4129,4.3643,16.7715,6.3367
2034-11-29,10.7646,0.0000,39.7024,6.8695,640.7827,9.6186,87.2611,4.0927,18.5414,6.3220
2034-11-30,14.3159,0.1224,59.7024,10.5938,643.0636,10.4422,86.6232,4.5094,20.0697,7.2408
2034-12-01,17.1558,0.2155,69.0993,13.1683,645.8556,11.0833,85.4838,4.3747,21.2547,7.2807
2034-12-02,17.7126,0.0069,69.5704,8.9235,648.7479,11.7338,85.2508,3.4200,22.4524,5.9796
2034-12-03,16.4646,0.0086,70.2168,7.2063,651.4155,12.3283,84.9632,3.0146,23.5428,5.4482
2034-12-04,15.4224,0.0009,68.2016,5.0744,653.8956,12.9254,85.0109,2.7253,24.6335,5.0726
2034-12-05,14.0966,0.1084,73.2403,3.3718,656.1369,13.3875,84.2628,2.2592,25.4755,4.2682
2034-12-06,14.1500,0.1199,70.5068,4.3946,658.3880,13.8986,84.3102,2.3939,26.4038,4.6528
2034-12-07,16.6444,0.6737,69.0550,11.2957,661.0879,14.5226,82.3608,2.6324,27.5331,5.2732
2034-12-08,16.8545,6.5823,82.2812,10.5236,622.8952,8.3462,46.8093,0.1829,16.1514,0.1453
2034-12-09,17.7295,0.2533,75.5967,8.6816,625.7905,8.8684,65.0776,0.8193,17.1299,0.6745
2034-12-10,18.2514,0.0960,69.8002,10.7065,628.7797,9.5325,76.6661,1.4580,18.3688,1.8311
2034-12-11,15.7564,0.2343,81.2134,10.8058,631.3199,9.8924,78.8007,1.7425,19.0389,2.4914
2034-12-12,17.9845,1.4783,69.6178,15.8015,634.2611,10.5513,75.4527,1.7427,20.2600,2.6283
2034-12-13,15.8815,0.0416,58.6784,11.4014,636.8238,11.3487,82.0292,2.5410,21.7293,4.3351
2034-12-14,15.6973,1.0585,76.0481,14.5530,639.3533,11.8059,77.0750,1.8229,22.5699,3.0445
2034-12-15,15.9742,2.6408,55.5632,17.9736,641.9326,9.7112,71.7709,1.6424,18.7147,2.2548
2034-12-16,13.0234,0.0000,44.9827,7.0090,643.9809,10.5943,81.5029,1.9125,20.3515,2.9765
2034-12-17,14.7613,0.0114,56.6802,9.4644,646.3419,11.3751,84.0819,2.9974,21.7914,5.1547
2034-12-18,15.2211,0.0813,71.3398,8.2739,648.7857,11.9067,84.1293,2.8408,22.7687,5.0237
2034-12-19,15.1527,0.4602,77.3754,7.7560,651.2172,12.3245,83.4310,2.5235,23.5355,4.5446
2034-12-20,14.7755,4.6295,88.0088,7.9511,628.5835,7.6783,45.4237,0.1310,14.9015,0.0992
2034-12-21,13.4544,4.5046,68.1043,16.6692,607.9738,4.8170,50.6045,0.4086,9.4468,0.2391
2034-12-22,9.5644,0.0180,64.2339,19.2103,609.3994,5.2504,69.0756,1.5993,10.2794,0.9793
2034-12-23,10.1304,0.0439,63.7370,9.7224,610.9269,5.7132,76.9492,1.4159,11.1654,0.9074
2034-12-24,9.3177,0.2098,70.9413,11.3347,612.3081,6.0572,79.6589,1.9441,11.8221,1.9146
2034-12-25,8.8864,0.0244,65.7536,9.3691,613.6116,6.4459,81.4390,2.1380,12.5618,2.3388
2034-12-26,8.3078,0.2098,58.3893,13.2738,614.8110,6.8907,83.0383,3.1675,13.4058,3.9959
2034-12-27,10.3652,6.6547,70.3921,13.6658,579.2219,3.7104,50.0549,0.3289,7.3038,0.1686
2034-12-28,8.2877,0.2561,53.2240,19.4740,580.4177,4.2094,70.5599,1.6995,8.2689,0.9276
2034-12-29,9.6363,0.0381,59.2250,11.1574,581.8562,4.7069,78.3791,1.7076,9.2271,0.9867
2034-12-30,13.4064,0.1807,65.1930,9.5534,583.9734,5.2807,81.5985,2.1987,10.3279,2.0694
2034-12-31,14.2993,0.5119,71.9240,8.7359,586.2513,5.7720,82.0918,2.2386,11.2667,2.2867
2035-01-01,14.5565,2.9298,76.8054,12.2733,578.7936,4.0277,61.9642,0.8510,7.9176,0.4543
2035-01-02,14.6450,2.2726,77.5257,12.3589,581.1337,3.0401,59.1362,0.7214,6.0017,0.3367
2035-01-03,14.4862,7.1213,82.8553,11.3677,546.1813,1.3365,38.7156,0.0479,2.6567,0.0162
2035-01-04,12.7934,20.6288,91.4694,14.3726,441.5205,0.1459,17.9232,0.0001,0.2916,0.0000
2035-01-05,12.1559,5.5688,78.6543,10.3250,423.9930,0.3483,29.9292,0.0057,0.6953,0.0014
2035-01-06,12.6029,0.5423,73.4739,6.4590,425.9656,0.7958,50.3032,0.2357,1.5843,0.0685
2035-01-07,13.0576,3.8908,77.6627,10.3170,416.9860,0.3893,45.3729,0.1465,0.7768,0.0368
2035-01-08,12.6552,0.6366,67.0586,12.7300,418.9680,0.9472,64.9342,0.9990,1.8837,0.3042
2035-01-09,14.4872,0.5250,61.3297,10.0161,421.2797,1.6892,76.7379,1.4153,3.3449,0.5184
2035-01-10,15.5318,0.8162,70.1467,15.0625,423.7794,2.3005,78.4065,2.0840,4.5393,0.8604
2035-01-11,15.5264,2.4824,71.8126,20.0220,426.2781,1.6550,68.1963,1.6200,3.2781,0.5890
2035-01-12,14.6946,0.2726,52.8984,11.8282,428.6272,2.5708,80.0829,2.0818,5.0657,0.9006
2035-01-13,14.1187,0.0244,59.7002,8.3315,430.8725,3.3259,83.0362,2.4685,6.5258,1.6898
2035-01-14,13.5996,0.7988,81.7014,11.9623,433.0245,3.6570,78.2841,1.7636,7.1628,0.8956
2035-01-15,15.2556,2.0264,65.1590,9.7775,435.4745,3.2042,70.1335,1.0283,6.2926,0.4907
2035-01-16,13.4373,0.0398,59.2643,7.2295,437.5972,3.9332,78.7315,1.4459,7.6936,0.7608
2035-01-17,13.6871,0.4733,76.4943,11.4989,439.7649,4.3611,80.3193,2.0995,8.5112,1.5944
2035-01-18,15.9703,0.2991,74.1698,15.1231,442.3435,4.9040,81.6703,2.9359,9.5434,2.9215
2035-01-19,16.0598,2.8900,72.0818,18.1127,438.2801,3.5119,66.6823,1.3988,6.8859,0.6969
2035-01-20,11.5409,1.3842,68.7873,16.7391,440.0615,3.9977,69.5153,1.4318,7.8178,0.7595
2035-01-21,7.5467,0.1491,63.4626,11.5255,441.1239,4.3866,76.7340,1.5267,8.5604,0.8482
2035-01-22,5.4526,0.1820,69.8550,11.4145,441.8093,4.6298,79.1492,1.8566,9.0232,1.2873
2035-01-23,5.3969,1.4444,69.3668,14.6299,442.4848,4.8748,70.8799,1.3456,9.4883,0.7892
2035-01-24,8.1789,0.4810,62.1682,11.6289,443.6610,5.3070,77.7624,1.6597,10.3058,1.1231
2035-01-25,13.2641,2.7724,66.8047,14.1449,445.7525,3.8945,65.1763,1.0832,7.6226,0.5673
2035-01-26,10.6825,0.0940,48.9539,10.0010,447.3794,4.6350,77.7965,1.5333,9.0359,0.8763
2035-01-27,12.7922,1.7058,66.9649,15.0451,449.3860,4.4031,71.8014,1.4187,8.5956,0.7899
2035-01-28,12.7665,3.7591,65.9905,14.1169,440.3413,2.8111,59.1113,0.7869,5.5338,0.3540
2035-01-29,7.6710,1.2527,60.1415,15.9380,441.4261,3.2415,67.2675,1.2790,6.3660,0.6137
2035-01-30,7.7347,6.8754,64.2088,13.7818,417.0222,1.5247,46.5125,0.2066,3.0219,0.0729
2035-01-31,13.9341,5.2227,69.2900,16.8652,402.4776,0.7541,49.4644,0.3592,1.5013,0.1031
2035-02-01,10.2404,1.3463,58.8184,19.0090,404.0249,1.4175,65.2566,1.3885,2.8104,0.4782
2035-02-02,6.3457,0.0159,50.6413,18.3127,404.8711,1.9396,77.0302,2.1959,3.8333,0.8468
2035-02-03,3.5022,0.0066,59.4006,13.5864,405.2055,2.2050,80.2643,2.3187,4.3508,0.9406
2035-02-04,6.2403,0.0000,48.9684,5.9075,406.0327,2.7371,83.0016,2.1750,5.3835,0.9665
2035-02-05,9.3948,0.0167,59.3896,8.7776,407.4278,3.3425,83.6512,2.7346,6.5507,2.0217
2035-02-06,11.0805,1.1247,72.3427,13.8952,409.1263,3.8211,76.6484,1.7100,7.4677,0.8865
2035-02-07,12.0618,4.5206,78.7897,12.0903,397.6390,2.0851,50.5920,0.3239,4.1162,0.1285
2035-02-08,8.7702,1.6574,69.9297,13.2840,398.9216,1.9281,57.9436,0.6947,3.8101,0.2673
2035-02-09,4.9334,0.1720,60.4110,14.7251,399.5136,2.2673,70.7768,1.3475,4.4713,0.5528
2035-02-10,7.6975,2.0845,71.7376,10.6665,400.6032,1.6091,61.5604,0.7679,3.1862,0.2763
2035-02-11,11.2787,0.0054,49.3596,10.8309,402.3373,2.4996,76.5374,1.4540,4.9227,0.6213
2035-02-12,14.3929,0.0005,49.9065,8.5523,404.6320,3.6020,83.1140,2.5212,7.0472,1.8742
2035-02-13,14.2212,0.0154,67.6801,11.9811,406.8959,4.3054,83.3280,3.0807,8.3889,2.8497
2035-02-14,13.1395,0.1881,72.7763,11.5930,408.9650,4.8561,83.3751,3.0396,9.4321,3.0280
2035-02-15,13.9779,1.5648,65.2267,14.2700,411.1850,5.0868,75.3040,1.5994,9.8683,0.9579
2035-02-16,7.1422,3.8644,70.8087,9.3669,401.6529,3.0246,51.9592,0.3299,5.9374,0.1532
2035-02-17,4.7376,7.3114,77.9739,20.9534,377.2240,1.1738,36.3326,0.0471,2.3295,0.0153
2035-02-18,5.1946,0.1967,54.6234,19.4892,377.8630,1.5796,60.6146,1.1348,3.1265,0.4056
2035-02-19,5.9683,0.0009,53.7988,11.7723,378.6413,2.0434,73.2660,1.2741,4.0325,0.5012
2035-02-20,6.8268,0.0040,60.5592,7.2738,379.5741,2.4876,78.4188,1.4090,4.8949,0.6006
2035-02-21,10.9456,0.0000,51.4317,7.9994,381.2483,3.3186,82.8372,2.3667,6.4958,1.5488
2035-02-22,12.1543,0.0000,48.7303,10.8350,383.1401,4.2839,85.1668,3.7223,8.3348,3.5725
2035-02-23,13.4924,0.0000,44.2259,8.1465,385.2728,5.4400,86.6460,3.9992,10.5090,4.4314
2035-02-24,14.0127,0.0694,54.3978,10.3259,387.4990,6.4190,86.6943,4.4940,12.3274,5.4698
2035-02-25,9.8621,0.5417,61.3523,13.3735,388.9782,7.0208,85.4684,4.4107,13.4353,5.6382
2035-02-26,6.6863,2.1393,65.1987,13.5540,389.8857,5.7459,68.2585,1.1718,11.0834,0.7479
2035-02-27,3.1040,2.8585,74.6450,17.5168,384.4369,3.7548,53.7972,0.6021,7.3307,0.3093
2035-02-28,3.8831,0.0763,56.6358,10.1076,384.8398,4.0618,67.7269,0.9681,7.9148,0.5167
2035-03-01,4.4943,0.0692,57.8493,10.8729,385.3528,4.4637,75.7369,1.3829,8.6762,0.7737
2035-03-02,7.0238,0.0365,52.3575,13.4087,386.3211,5.1235,81.1449,2.5330,9.9181,2.4684
2035-03-03,8.5416,0.9776,53.9352,18.4799,387.5626,5.8806,79.6634,2.7879,11.3313,3.0797
2035-03-04,5.7429,0.5205,52.8638,18.7421,388.3003,6.4304,82.5029,3.8992,12.3495,4.7435
2035-03-05,4.6018,1.1260,67.5129,15.6493,388.8327,6.7461,75.5858,1.7432,12.9314,1.7307
2035-03-06,5.9505,0.0591,57.8891,8.2845,389.6077,7.2522,79.8452,1.6990,13.8595,1.7770
2035-03-07,7.8804,5.7075,58.8350,9.9869,373.0498,4.3305,51.7414,0.3323,8.4167,0.1830
2035-03-08,12.5096,6.9291,77.1686,16.6903,353.1952,2.3017,42.2120,0.1205,4.5296,0.0497
2035-03-09,17.5486,0.1073,59.4214,9.1069,356.0580,3.5916,68.3198,0.9384,7.0066,0.4714
2035-03-10,16.2778,0.5141,65.2068,10.2143,358.6920,4.6223,78.1235,1.5928,8.9561,0.9060
2035-03-11,15.1648,4.4838,73.0644,19.7357,349.4662,2.9702,59.2167,1.0518,5.8169,0.4840
2035-03-12,11.5976,2.5041,69.2537,19.3980,351.2578,2.2600,60.5865,1.1277,4.4484,0.4617
2035-03-13,10.5580,15.6305,82.5404,21.8390,300.9430,0.7991,34.3100,0.0311,1.5877,0.0090
2035-03-14,7.4936,0.5489,65.2139,17.6405,301.9958,1.3087,57.4746,0.8352,2.5893,0.2799
2035-03-15,9.9574,0.0110,51.2765,13.0085,303.4921,2.2270,74.1522,1.4120,4.3738,0.5740
2035-03-16,14.4180,0.0048,52.9956,7.3140,305.7914,3.4704,81.6498,1.9760,6.7493,0.9750
2035-03-17,14.6792,0.2174,66.2979,9.4804,308.1376,4.3769,82.9531,2.5880,8.4536,2.2558
2035-03-18,15.7477,0.1389,60.8026,7.8896,310.6762,5.5026,84.1950,2.8110,10.5385,2.9594
2035-03-19,16.0061,0.0204,57.6806,6.3868,313.2613,6.7366,85.0101,2.9114,12.7858,3.5211
2035-03-20,18.2910,0.0023,55.7625,7.1355,316.2577,8.1988,85.7966,3.3719,15.3995,4.6646
2035-03-21,18.6781,1.1926,63.1677,6.4176,319.3237,9.4406,79.5678,1.5036,17.5816,1.8430
2035-03-22,14.7014,6.4459,71.8562,14.6026,304.2161,5.6705,53.2209,0.4907,10.8361,0.3093
2035-03-23,10.0311,0.0186,56.2208,12.7334,305.7257,6.5012,71.1014,1.2321,12.3461,0.8357
2035-03-24,8.6930,0.0057,54.1930,8.4800,306.9945,7.2659,78.7930,1.5487,13.7199,1.4625
2035-03-25,12.2852,0.0059,42.5105,7.0710,308.9098,8.5776,84.3681,2.7610,16.0416,3.8611
2035-03-26,14.0496,0.1114,53.2366,10.3388,311.1427,9.7852,85.3942,3.7465,18.1439,5.7343
2035-03-27,13.0042,0.2148,73.9825,10.8171,313.1875,10.4107,84.0684,3.2030,19.2239,5.0875
2035-03-28,16.7870,0.8653,68.9837,10.5587,315.9131,11.3564,80.6723,2.0807,20.8399,3.3602
2035-03-29,17.3791,2.1458,70.8914,14.2785,318.7454,10.1881,70.7483,1.3162,18.8685,1.5594
2035-03-30,15.4135,3.4882,67.2987,14.9620,314.1883,7.5647,61.8376,0.9679,14.2705,0.7140
2035-03-31,14.6426,2.5113,60.1668,14.6760,316.5280,6.4565,65.2554,1.1161,12.2865,0.7548
2035-04-01,13.3880,4.2452,64.6161,13.0170,310.2225,4.7709,56.4008,0.6074,9.1886,0.3502
2035-04-02,13.5694,1.4253,57.3183,12.6210,313.6190,6.2889,68.5184,1.1273,11.9773,0.7515
2035-04-03,10.3909,10.1658,75.7789,12.1168,286.6750,3.3699,39.3064,0.0559,6.5474,0.0272
2035-04-04,8.9021,4.3317,78.1186,15.6555,279.9669,1.9496,39.2694,0.0664,3.8326,0.0256
2035-04-05,11.6122,0.1979,57.3667,8.1883,283.0111,3.2635,62.6249,0.7166,6.3442,0.3433
2035-04-06,13.9195,0.0274,58.5648,14.7517,286.4706,4.7723,77.0479,1.8376,9.1629,1.2794
2035-04-07,18.4071,0.1122,62.4607,11.9589,290.7378,6.5476,82.5889,2.8002,12.3972,3.2936
2035-04-08,19.8121,0.0064,55.6000,6.1643,295.2580,8.7985,85.2571,2.9786,16.3770,4.2545
2035-04-09,19.2232,0.0096,58.2551,12.8888,299.6722,10.8553,85.7124,4.4532,19.9078,7.1254
2035-04-10,18.0492,0.7300,64.8987,16.3209,303.8750,12.4848,83.3057,3.8226,22.6438,6.6768
2035-04-11,17.0289,2.0954,64.2208,10.8967,307.8943,11.9782,72.6175,1.1870,21.8329,1.5238
2035-04-12,16.1174,1.1995,67.0362,7.9161,311.7494,13.3541,73.6519,1.0671,24.1247,1.3857
2035-04-13,18.5855,0.9380,59.2985,7.1336,316.0488,15.2965,78.4309,1.4006,27.2909,2.5388
2035-04-14,19.0641,0.1468,59.1445,5.4745,320.4343,17.2937,83.2010,2.1833,30.4755,4.6700
2035-04-15,16.1870,9.8192,77.6998,11.8283,295.2121,9.4747,46.0211,0.1742,17.5419,0.1455
2035-04-16,13.7908,6.7780,77.0367,14.4622,281.1031,5.6927,41.1669,0.0894,10.8368,0.0564
2035-04-17,10.7278,1.5991,75.9306,18.9845,283.9881,5.7668,54.4485,0.6902,10.9764,0.4382
2035-04-18,7.4871,0.1148,60.1979,17.9830,286.2898,6.5954,70.6463,1.5810,12.4724,1.3473
2035-04-19,8.3661,0.1079,54.7256,13.7067,288.7497,7.6344,78.9833,2.0513,14.3221,2.4575
2035-04-20,13.3004,5.8409,56.9606,9.4333,277.8575,5.4180,56.2933,0.5025,10.3324,0.3086
2035-04-21,13.4889,1.2456,62.8591,7.6684,281.2395,6.7316,66.2923,0.8151,12.7031,0.5619
2035-04-22,15.6848,0.1261,52.5928,6.5634,285.0167,8.6607,78.8660,1.4156,16.0985,1.4797
2035-04-23,17.8680,0.0039,51.9872,7.7758,289.1870,10.8686,84.3254,2.8444,19.8702,4.5997
2035-04-24,19.6619,0.0017,53.2325,4.8014,293.6801,13.2225,86.0323,3.0984,23.7696,5.6315
2035-04-25,22.2126,0.0001,49.1864,4.5386,298.6324,16.0944,87.4167,3.7209,28.3668,7.4567
2035-04-26,24.2182,0.0000,46.4765,4.8312,303.9457,19.3796,88.4269,4.3639,33.4304,9.4414
2035-04-27,23.6890,0.0145,51.7323,10.5266,309.1637,22.2803,88.4757,5.8555,37.7580,12.8582
2035-04-28,21.3048,0.0843,60.3230,11.4452,313.9525,24.4355,87.6021,5.4112,40.9106,12.6244
2035-04-29,20.3219,1.3193,52.7981,12.3756,318.5645,26.8868,82.4942,2.8260,44.4043,7.6772
2035-04-30,18.1353,0.0015,35.3879,9.9591,322.7828,29.8998,88.0414,5.3467,48.5553,13.7513
2035-05-01,19.8285,0.0000,36.7521,7.6730,328.7560,33.3846,89.3831,5.7767,53.2505,15.3562
2035-05-02,22.5602,0.0000,42.5527,9.8570,335.2208,36.9630,89.4323,6.4944,57.9511,17.5556
2035-05-03,24.2244,0.0000,43.0284,9.0338,341.9852,40.7613,89.4815,6.2746,62.8075,17.8696
2035-05-04,25.6266,0.0000,38.3940,8.9501,349.0020,45.0960,90.2882,7.0140,68.1706,20.2527
2035-05-05,25.4635,0.0000,40.2192,6.9743,355.9894,49.2767,90.3377,6.3944,73.2165,19.6730
2035-05-06,26.4201,0.0000,36.8514,6.6894,363.1490,53.8519,90.7822,6.7166,78.5741,21.1652
2035-05-07,27.1674,0.0000,37.2041,10.5010,370.4432,58.5250,90.9049,8.2825,83.9089,25.3893
2035-05-08,24.2272,0.7042,42.8793,11.6698,377.2081,62.3337,88.7420,6.4443,88.2211,21.8429
2035-05-09,19.5212,0.0047,29.7050,14.7284,383.1259,66.1499,90.7058,9.9617,92.4110,30.2502
2035-05-10,15.7556,0.0796,29.9066,14.5627,388.3659,69.2604,90.7553,9.9490,95.8061,30.7586
2035-05-11,16.6013,0.0579,29.3229,9.4880,393.7581,72.5540,90.8050,7.7589,99.3448,26.4215
2035-05-12,17.8091,0.1795,29.0262,9.6912,399.3678,76.0872,90.9512,8.0039,103.0784,27.4716
2035-05-13,20.7184,0.0004,28.8907,9.4632,405.5011,80.1717,91.3999,8.4343,107.3052,29.0038
2035-05-14,23.5979,0.0567,33.7810,7.4735,412.1527,84.4774,91.4497,7.6838,111.7119,27.7096
2035-05-15,22.8371,0.3443,40.3201,10.3098,418.6674,88.2383,91.2046,8.5609,115.5784,30.2614
2035-05-16,19.2621,0.6740,53.3079,13.9093,424.5386,90.7413,86.7023,5.3894,118.2796,22.1795
2035-05-17,19.8518,0.0157,47.8549,13.0605,430.5159,93.6176,87.5257,5.8063,121.2949,23.6295
2035-05-18,20.6495,0.0007,40.6715,9.4266,436.6368,97.0147,88.8241,5.8238,124.7404,23.9501
2035-05-19,22.0204,2.8724,48.8621,10.7787,436.5241,76.6634,76.9949,1.4983,106.5468,7.6580
2035-05-20,21.3303,0.2568,48.4187,12.9206,442.7676,79.7094,85.5611,4.3671,109.9392,18.4269
2035-05-21,18.9371,2.8711,57.9157,14.5836,442.0069,64.4976,73.0657,1.4556,94.5159,6.9167
2035-05-22,20.9354,1.6822,51.3401,14.4842,448.1792,63.6885,78.6525,2.0691,93.9869,9.4009
2035-05-23,21.5528,0.0757,41.6497,7.5786,454.4627,67.1683,86.7329,3.9345,98.0922,16.0916
2035-05-24,22.0307,0.8163,47.7612,7.5277,460.8323,70.3494,85.9810,3.5292,101.8344,15.1131
2035-05-25,22.0951,2.6632,48.5962,9.0419,467.2134,60.1629,76.8562,1.3589,91.0233,6.3248
2035-05-26,20.5940,8.6082,60.0107,14.0952,437.7653,34.7310,61.2230,0.8958,57.9651,2.8111
2035-05-27,18.2981,8.8646,71.9840,10.9840,409.1757,19.0389,47.9602,0.2196,34.1100,0.2829
2035-05-28,20.1924,3.7351,63.4369,10.1021,405.3176,15.2511,58.7676,0.6278,27.8795,0.7058
2035-05-29,21.2477,4.3927,61.2292,8.5824,398.8657,11.9787,60.8834,0.6654,22.2844,0.6462
2035-05-30,24.6793,0.1946,51.0838,8.3320,405.7120,15.2986,81.6203,2.0728,27.9613,4.1562
2035-05-31,23.0645,0.2206,53.1644,9.0139,412.2676,18.2781,86.0541,3.8429,32.9087,8.3852
2035-06-01,22.7899,3.8520,53.5180,10.4168,409.2796,15.3963,72.6486,1.1601,28.1456,1.9790
2035-06-02,22.8327,0.1078,39.1793,11.4426,416.7935,19.2284,86.5615,4.6655,34.4801,10.1657
2035-06-03,24.5215,0.0000,37.2891,8.1537,424.6113,23.4584,89.7875,6.2717,41.2232,14.2312
2035-06-04,26.9346,0.4330,42.6560,7.3692,432.8636,27.6907,89.8507,6.0836,47.7456,15.0533
2035-06-05,24.2245,4.5102,53.4504,12.8304,426.5113,21.4687,73.8750,1.3810,38.1381,3.3293
2035-06-06,21.7324,0.0000,31.1741,13.8990,433.8271,25.6058,88.1716,6.6438,44.6266,15.5234
2035-06-07,22.2860,0.0000,28.5017,10.0324,441.2426,30.0078,91.2222,8.4631,51.2945,19.9904
2035-06-08,24.6032,0.0000,35.5434,7.9725,449.0752,34.3694,91.2719,7.6829,57.6990,19.8144
2035-06-09,27.1331,0.0055,38.1718,8.2355,457.3631,38.9650,91.3217,7.8407,64.2463,21.2702
2035-06-10,26.9003,0.1077,39.2562,8.6504,465.6092,43.4427,91.3715,8.0632,70.4520,22.7662
2035-06-11,28.1421,0.0021,35.5274,9.0255,474.0788,48.4061,91.4213,8.2754,77.1250,24.3003
2035-06-12,27.0009,0.0016,41.7924,8.2037,482.3429,52.7123,91.4711,7.9961,82.8023,24.6037
2035-06-13,30.3525,0.0116,34.9905,7.6226,491.2104,58.0954,91.8487,8.1925,89.6759,26.0728
2035-06-14,31.0279,0.0000,33.3414,5.7913,500.1994,63.7335,92.2827,7.9428,96.6728,26.4978
2035-06-15,32.3369,0.0022,32.8080,6.2736,509.4241,69.6482,92.6312,8.5475,103.8132,28.8283
2035-06-16,31.2129,0.6630,40.8116,8.1324,518.4464,74.6833,90.6314,7.0693,109.8179,25.9656
2035-06-17,30.2004,1.8071,47.3734,6.9610,527.2864,72.9159,85.0365,3.0077,108.3676,13.7988
2035-06-18,29.9310,2.2082,49.5257,6.0826,536.0780,66.9152,82.0455,1.9475,102.0003,9.3784
2035-06-19,30.1372,0.6295,46.3265,6.7177,544.9067,71.3292,88.1442,4.6084,107.4839,18.9609
2035-06-20,31.4285,0.0006,39.2104,7.8678,553.9679,76.5350,90.9280,7.2771,113.7733,26.9082
2035-06-21,31.9002,0.9130,40.2590,7.7346,563.1139,81.7252,89.9692,6.3028,119.9348,24.9101
2035-06-22,32.3119,0.8630,40.8821,7.7708,572.3340,86.9253,89.9976,6.3399,126.0064,25.5140
2035-06-23,31.6582,0.3411,42.3680,8.1525,581.4365,91.8956,90.6357,7.0808,131.7383,27.9949
2035-06-24,32.5302,0.1051,37.4902,10.4974,590.6959,97.4300,91.6867,9.2546,137.9684,34.0550
2035-06-25,30.8559,0.2157,34.5939,12.4518,599.6540,102.9326,92.0270,10.7165,144.0489,38.0042
2035-06-26,29.9463,0.0174,36.0611,10.1730,608.4483,108.1586,92.0770,9.6217,149.7623,35.8110
2035-06-27,29.1683,0.0502,39.6162,13.2133,617.1026,112.9703,92.1271,11.2942,155.0018,40.1183
2035-06-28,30.2329,0.0859,37.4247,9.0138,625.9485,118.1321,92.1771,9.2050,160.5260,35.4080
2035-06-29,31.4678,0.0578,37.3249,15.7451,635.0167,123.5058,92.2272,13.0137,166.2001,44.6515
2035-06-30,30.2842,0.0001,40.3396,13.8602,643.8719,128.4352,92.2773,11.9185,171.3974,42.4789
2035-07-01,28.2030,0.0304,40.8579,15.0989,652.6524,132.5054,91.9949,12.1901,175.7873,43.3035
2035-07-02,28.0984,0.0281,43.6628,12.7816,661.4142,136.3686,91.5084,10.1242,179.9719,38.5790
2035-07-03,28.6496,0.0440,43.5198,11.7764,670.2751,140.3148,91.5387,9.6657,184.2190,37.5791
2035-07-04,29.8415,0.3763,42.3668,9.5721,679.3506,144.5029,91.5886,8.7110,188.6746,35.2339
2035-07-05,29.6916,0.7773,43.0777,11.6881,688.3991,148.6193,89.5877,7.2827,193.0462,31.3844
2035-07-06,29.7228,0.3169,41.1836,9.6976,697.4532,152.8770,90.4866,7.4928,197.5177,32.0906
2035-07-07,27.4814,5.2921,50.6771,7.5488,672.4170,83.0596,73.9306,1.0611,126.9239,6.1520
2035-07-08,26.2091,5.5752,55.0687,6.6946,646.8277,54.5380,67.8244,0.8177,90.0866,3.7218
2035-07-09,28.7823,1.0709,45.4412,6.9005,655.7125,58.3669,83.8996,2.5709,95.4853,11.3640
2035-07-10,30.0006,0.4183,48.1787,7.1359,664.8166,62.1521,88.5718,5.0043,100.7556,19.5008
2035-07-11,32.4328,0.0009,40.9395,6.5658,674.3585,66.8033,90.8329,6.7232,107.0862,24.7880
2035-07-12,34.2979,0.0000,34.3371,6.0870,684.2361,72.2621,92.5413,8.3611,114.3365,29.6467
2035-07-13,35.4641,0.0082,29.1424,6.7595,694.3237,78.3469,93.8574,10.3962,122.2167,35.2291
2035-07-14,34.5569,0.4494,31.6113,9.3073,704.2479,84.0739,93.9081,11.9037,129.4986,39.3161
2035-07-15,34.2736,0.0052,31.0158,8.7047,714.1212,89.8049,93.9587,11.6291,136.6488,39.4309
2035-07-16,35.3803,0.0000,32.0377,11.7132,724.1936,95.6276,94.0094,13.6280,143.7882,44.3465
2035-07-17,32.9141,0.0317,39.9509,10.5489,733.8221,100.4246,93.0660,11.2692,149.6498,39.6933
2035-07-18,30.5940,0.4277,38.8810,13.1118,743.0331,104.9740,92.7712,12.3035,155.1499,42.4016
2035-07-19,29.9894,0.0000,27.2720,12.9677,752.1352,110.2843,93.3533,13.2514,161.4030,44.8800
2035-07-20,30.3849,0.0000,24.4090,11.1500,761.3084,115.8738,94.0270,13.2791,167.8711,45.3227
2035-07-21,31.5812,0.0000,26.1915,8.8658,770.6970,121.5389,94.0777,11.9187,174.3430,42.6186
2035-07-22,33.1954,0.0000,26.4473,9.8833,780.3762,127.4631,94.1284,12.6341,181.0120,44.5315
2035-07-23,34.1433,0.0000,26.2181,10.4873,790.2260,133.5702,94.3245,13.3824,187.7872,46.4581
2035-07-24,34.2775,0.0000,29.4919,8.8588,800.1000,139.4284,94.3753,12.4148,194.2361,44.5097
2035-07-25,32.9986,0.7430,35.8043,10.9210,809.7437,144.5694,91.8484,9.6734,199.9102,38.0443
2035-07-26,32.3720,0.7668,38.6589,9.4079,819.2747,149.3914,90.9113,7.8457,205.2271,33.2507
2035-07-27,33.6800,0.0141,34.2748,7.4813,829.0411,154.7601,92.4661,8.8753,211.0340,36.1852
2035-07-28,35.2334,0.0000,29.1386,7.5790,839.0871,160.8068,93.8185,10.7762,217.4369,41.1722
2035-07-29,34.0179,0.0000,32.5833,10.4299,848.9143,166.3671,93.8692,12.5287,223.3204,45.4413
2035-07-30,32.3758,0.0000,31.0801,12.1414,858.4460,171.7855,93.9198,13.7534,229.0045,48.2943
2035-07-31,32.8504,0.0000,27.8876,11.1476,868.0630,177.5354,93.9704,13.1739,234.9443,47.0840
2035-08-01,33.9998,0.0003,27.9104,9.0429,877.1870,182.7591,94.0211,11.9317,240.3355,44.2793
2035-08-02,34.8461,0.0000,27.7878,8.3765,886.4633,188.1180,94.1210,11.6984,245.8208,43.7814
2035-08-03,36.9186,0.0000,25.9647,6.6061,896.1126,193.9288,94.8252,11.7906,251.6876,44.0545
2035-08-04,36.8036,0.0000,26.2904,7.2385,905.7413,199.6966,94.8762,12.2578,257.4743,45.2049
2035-08-05,34.5751,0.0000,29.9029,12.4967,914.9688,204.8593,94.9271,16.0886,262.6832,53.6634
2035-08-06,35.5719,0.0000,27.1693,7.5229,924.3757,210.3731,94.9781,12.6097,268.1689,46.0976
2035-08-07,38.4592,0.0000,24.4092,6.9922,934.3024,216.5465,95.4386,13.0742,274.2078,47.1995
2035-08-08,38.9678,0.0000,25.0186,13.7874,944.3206,222.7488,95.4897,18.5417,280.2389,58.6933
2035-08-09,31.5449,0.0000,27.5808,15.8473,953.0027,227.6295,95.1274,19.5774,285.0468,60.7033
2035-08-10,29.7901,0.0000,26.7002,11.7580,961.3689,232.3039,94.9748,15.6024,289.6383,52.8057
2035-08-11,31.5200,0.0000,28.1013,9.2831,970.0465,237.1458,94.9587,13.7427,294.3769,48.7957
2035-08-12,33.2430,0.0000,27.6023,7.7470,979.0342,242.2787,95.0097,12.8083,299.3557,46.6925
2035-08-13,34.3472,0.0000,31.9448,12.5521,988.2207,247.2590,94.7345,15.7126,304.2222,53.0891
2035-08-14,30.5367,0.0000,23.6239,15.4809,996.7213,252.2473,94.7854,18.3392,308.9955,58.4182
2035-08-15,30.1149,0.0000,21.6045,10.7541,1005.1460,257.2993,94.8364,14.5538,313.7882,50.6385
2035-08-16,31.6812,0.0000,23.6339,8.0451,1013.8526,262.4674,94.8873,12.7858,318.6825,46.6875
2035-08-17,31.4294,0.0000,27.5541,9.1661,1022.5139,267.3325,94.9383,13.6238,323.3309,48.6034
2035-08-18,31.6270,0.0000,27.2923,9.7917,1031.2108,272.2449,94.9893,14.1587,328.0034,49.8010
2035-08-19,32.2326,0.0000,26.6193,8.5690,1040.0167,277.2945,95.0403,13.4059,332.7742,48.1280
2035-08-20,33.9421,0.0000,27.2579,7.2111,1049.1302,282.5569,95.0913,12.6071,337.7217,46.3029
2035-08-21,31.8533,0.0000,30.9333,10.7109,1057.8678,287.2556,94.5626,13.9858,342.2041,49.4387
2035-08-22,30.5592,0.0000,24.7755,10.1095,1066.3725,292.1722,94.6135,13.6636,346.7986,48.7254
2035-08-23,30.0312,0.0000,25.2289,10.0526,1074.7821,296.9777,94.6644,13.7202,351.2895,48.8567
2035-08-24,30.1273,0.0000,29.4710,10.0797,1083.2090,301.5245,94.4865,13.4066,355.5911,48.1550
2035-08-25,30.8190,0.0000,30.0150,8.7128,1091.7604,306.1362,94.4615,12.4713,359.9453,46.0079
2035-08-26,31.8634,0.0000,29.4691,7.7660,1100.4999,310.9359,94.5124,11.9739,364.4453,44.8371
2035-08-27,32.4253,0.0000,28.3006,8.1620,1109.3404,315.8984,94.5632,12.3011,369.0604,45.6146
2035-08-28,32.7595,0.0000,29.4173,8.4094,1118.2411,320.8322,94.6141,12.5429,373.6538,46.1837
2035-08-29,33.5812,0.0000,30.6359,5.8273,1127.2898,325.7986,94.6650,11.0899,378.2799,42.7023
2035-08-30,33.1033,0.0000,30.3104,7.9109,1136.2523,330.7194,94.7158,12.4041,382.8538,45.8637
2035-08-31,34.2077,0.0000,30.2585,4.6376,1145.4137,335.8030,94.7668,10.5918,387.5553,41.4646
2035-09-01,34.2587,0.0000,28.9398,5.6730,1153.2843,340.2763,94.8177,11.2375,391.6569,43.0704
2035-09-02,31.9741,0.1517,35.8183,9.3813,1160.7436,344.0556,93.7382,11.6697,395.2336,44.1225
2035-09-03,31.6295,0.0013,37.9611,8.1625,1168.1409,347.6706,93.1840,10.1586,398.6892,40.3666
2035-09-04,33.2419,0.0196,32.3078,6.6792,1175.8285,351.8093,93.2344,9.4937,402.5271,38.6350
2035-09-05,34.5225,0.0000,29.1997,6.3229,1183.7465,356.2996,93.7378,10.0024,406.6226,39.9663
2035-09-06,33.8646,0.0000,30.6170,5.9384,1191.5461,360.6186,93.7884,9.8797,410.5826,39.6490
2035-09-07,33.6663,0.0000,28.8130,5.7622,1199.3101,365.0249,93.8390,9.8614,414.5876,39.6023
2035-09-08,33.0507,0.0000,32.1546,9.3429,1206.9632,369.1499,93.8896,11.8947,418.3890,44.6682
2035-09-09,32.9135,0.0000,31.1359,8.4930,1214.5916,373.3201,93.9403,11.4763,422.2107,43.6609
2035-09-10,32.8433,0.0000,28.2866,9.9043,1222.2074,377.6538,93.9909,12.4091,426.1297,45.8872
2035-09-11,31.6501,0.0000,28.7041,12.5633,1229.6085,381.8108,94.0416,14.2882,429.8981,50.1511
2035-09-12,31.3237,0.0000,24.6887,12.3841,1236.9507,386.1583,94.1745,14.4225,433.7726,50.4463
2035-09-13,30.2299,0.0000,27.8445,14.3614,1244.0961,390.1830,94.2252,16.0458,437.4079,53.9112
2035-09-14,28.8526,0.0000,27.9407,15.0287,1250.9936,394.0256,94.2760,16.7112,440.8863,55.2846
2035-09-15,27.2756,0.0000,28.9491,15.4731,1257.6072,397.6151,94.0945,16.6661,444.1585,55.1928
2035-09-16,25.8636,0.0079,30.3738,13.5297,1263.9666,400.9575,93.6517,14.2107,447.2341,49.9829
2035-09-17,25.8348,0.0000,29.2745,14.0947,1270.3209,404.3490,93.7022,14.7243,450.3371,51.1056
2035-09-18,26.5866,0.0000,29.8347,15.1088,1276.8105,407.8076,93.7438,15.5862,453.5003,52.9494
2035-09-19,25.9658,0.0000,31.8195,14.2336,1283.1883,411.0930,93.3606,14.1387,456.5364,49.8250
2035-09-20,26.1120,0.0000,31.8106,14.0794,1289.5925,414.3966,93.3018,13.9146,459.5858,49.3284
2035-09-21,26.4454,0.0000,32.5232,13.6187,1296.0567,417.7057,93.2255,13.4511,462.6462,48.2894
2035-09-22,27.4522,0.0016,32.9728,11.4504,1302.7020,421.1129,93.2759,12.1441,465.7935,45.2671
2035-09-23,26.9820,0.1399,42.0319,11.9187,1309.2628,424.0111,91.8222,10.1345,468.6145,40.3141
2035-09-24,25.5488,1.3606,55.6120,11.7775,1315.5656,426.1170,84.2135,3.4279,470.9100,19.1899
2035-09-25,27.3165,0.0789,43.0029,8.0048,1322.1866,429.0006,88.9747,5.5397,473.7309,26.9595
2035-09-26,29.4829,0.0000,31.3832,8.2222,1329.1975,432.7367,92.0772,8.7212,477.1325,36.5607
2035-09-27,28.7278,0.0000,28.9609,9.8529,1336.0725,436.5092,92.7565,10.4187,480.5314,41.0406
2035-09-28,27.2368,0.0002,30.1315,13.0275,1342.6791,440.0340,92.8068,12.3127,483.7344,45.6660
2035-09-29,26.3282,0.0136,32.3854,11.6235,1349.1222,443.3358,92.8570,11.5529,486.7739,43.8524
2035-09-30,25.7749,0.0000,37.0021,8.0647,1355.4657,446.3501,92.3870,9.0388,489.6226,37.4271
2035-10-01,26.5276,0.0000,39.4416,6.8784,1360.9447,448.8851,92.0270,8.0926,492.0411,34.8051
2035-10-02,26.7950,0.0000,36.1953,8.4945,1366.4718,451.5819,92.0771,8.8415,494.5639,36.8909
2035-10-03,25.3511,0.0000,36.4279,13.9779,1371.7390,454.1298,92.1271,11.7380,496.9540,44.2994
2035-10-04,24.6691,0.0021,37.8447,16.2872,1376.8834,456.5567,91.9363,12.8356,499.2507,46.8853
2035-10-05,23.0988,0.0274,48.3616,17.7303,1381.7452,458.4501,90.1040,10.6331,501.1817,41.5828
2035-10-06,21.6854,0.1767,56.4003,16.0136,1386.3526,459.9553,88.4640,7.7074,502.8389,33.6995
2035-10-07,21.4053,0.5634,66.4565,12.2712,1390.9095,461.0992,86.4263,4.7723,504.2717,24.3102
2035-10-08,22.2476,1.8988,65.6682,9.0783,1395.6181,154.9214,76.3255,1.3121,242.5358,8.8840
2035-10-09,22.8225,1.0490,56.8297,11.7534,1400.4301,156.4862,81.5397,2.4395,244.6332,14.7043
2035-10-10,20.8553,0.8180,55.2564,12.4562,1404.8881,157.9747,83.6608,3.2957,246.6204,18.4443
2035-10-11,21.3822,0.1377,43.4492,7.3929,1409.4409,159.9011,87.6028,4.4122,249.1399,22.7789
2035-10-12,23.4761,0.1419,52.0295,11.2684,1414.3706,161.6874,87.6514,5.4012,251.4982,26.2530
2035-10-13,25.1137,0.8455,61.8414,17.9949,1419.5951,163.2030,84.9605,5.1900,253.5368,25.5485
2035-10-14,23.9265,0.6017,47.6641,15.6931,1424.6058,165.1876,87.4920,6.5982,256.1281,30.1280
2035-10-15,21.5025,0.0905,46.6673,9.2921,1429.1803,167.0141,88.0739,5.1942,258.5058,25.5869
2035-10-16,20.2683,0.7052,63.1316,12.3846,1433.5326,168.2078,84.5960,3.7218,260.1129,20.2126
2035-10-17,24.7714,0.2865,66.6682,12.3975,1438.6954,169.5144,85.1291,4.0063,261.8868,21.3198
2035-10-18,23.7033,0.7253,62.1824,5.7014,1443.6660,170.9357,84.1309,2.4960,263.7877,15.0280
2035-10-19,21.7666,0.9317,50.3951,15.1562,1448.2880,172.6544,84.9150,4.4702,266.0249,23.0633
2035-10-20,18.7083,0.0663,39.7403,10.6059,1452.3595,174.4630,88.0787,5.5535,268.3407,26.8398
2035-10-21,19.1020,0.3304,49.2454,7.7184,1456.5018,176.0166,88.1274,4.8351,270.3534,24.3867
2035-10-22,20.3009,1.1618,55.4078,10.9623,1460.8600,177.4626,82.8751,2.7611,272.2455,16.2470
2035-10-23,20.3306,0.5458,51.1634,8.0972,1465.2235,179.0484,85.8243,3.5530,274.2992,19.5865
2035-10-24,19.1072,0.0225,45.7531,7.0522,1469.3668,180.7093,87.4250,4.2283,276.4278,22.2033
2035-10-25,19.4341,0.1491,55.6106,9.5838,1473.5690,182.0904,87.4735,4.8370,278.2284,24.4177
2035-10-26,19.4847,2.6308,67.5789,10.8091,1477.7802,112.1799,70.9156,1.1113,188.5729,7.4158
2035-10-27,20.5622,10.9372,77.8366,13.9845,1108.4430,56.2379,48.3880,0.2705,99.8153,0.7527
2035-10-28,20.8214,3.0221,67.5794,14.7132,1075.7304,45.2894,62.2056,0.9746,81.9530,4.1825
2035-10-29,18.1214,0.1379,50.3755,11.4737,1079.6963,46.7347,79.7707,1.9800,84.3424,8.4528
2035-10-30,17.2999,0.5000,53.5838,8.5806,1083.5143,48.0287,84.3216,2.9606,86.4746,12.0127
2035-10-31,17.0145,4.3064,65.0993,12.9683,1024.4026,34.3832,63.3772,0.9453,63.4428,3.2618
2035-11-01,16.6111,12.1328,72.4670,17.6531,849.0200,15.9714,47.8220,0.3017,30.5080,0.3602
2035-11-02,13.4065,4.4982,67.0096,14.5967,812.5548,10.7597,50.7941,0.3764,20.8298,0.3501
2035-11-03,12.3878,0.5088,61.4639,12.5211,814.4886,11.4488,69.8661,1.1707,22.1203,1.5061
2035-11-04,11.0135,0.0760,56.3130,9.1715,816.1750,12.1504,78.6602,1.5843,23.4289,2.6200
2035-11-05,9.9793,0.0059,60.7879,10.6486,817.6753,12.7264,81.7640,2.3696,24.4995,4.3707
2035-11-06,11.6255,1.4903,65.0229,9.6473,819.4719,13.3165,73.6879,1.1662,25.5933,1.7954
2035-11-07,11.4220,0.7487,64.3275,8.6104,821.2318,13.9088,76.9344,1.3373,26.6875,2.3299
2035-11-08,13.1889,8.3337,71.6088,10.7782,744.9069,7.6340,46.7292,0.1832,14.8866,0.1385
2035-11-09,15.0504,2.5413,68.4072,12.3835,747.3200,6.0914,56.5927,0.5976,11.9394,0.3977
2035-11-10,12.0338,0.0985,59.8821,11.8883,749.1901,6.7899,72.7891,1.2564,13.2790,0.8886
2035-11-11,9.9773,0.4822,73.3873,12.1220,750.6900,7.1808,77.4078,1.6541,14.0261,1.7145
2035-11-12,10.8213,0.3550,68.4235,11.3683,752.3418,7.6799,80.4296,2.1106,14.9775,2.6493
2035-11-13,11.0315,0.1867,65.4180,13.8775,754.0315,8.2361,82.1992,2.9390,16.0343,4.1355
2035-11-14,11.4489,0.0193,58.0004,12.2862,755.7963,8.9348,83.7692,3.3146,17.3567,4.9393
2035-11-15,12.9260,0.0000,53.9984,11.9200,757.8270,9.7903,84.9788,3.8310,18.9679,6.0175
2035-11-16,15.4632,0.0000,51.2974,11.0341,760.3144,10.8597,86.0124,4.2299,20.9707,7.0057
2035-11-17,14.9971,0.0000,58.5684,12.6432,762.7178,11.7440,86.0605,4.6182,22.6173,7.9208
2035-11-18,15.3945,0.0015,61.3634,10.9853,765.1928,12.5889,86.1085,4.2769,24.1831,7.6884
2035-11-19,16.5528,0.0073,56.4854,9.8057,767.8763,13.6073,86.1566,4.0574,26.0601,7.6628
2035-11-20,16.8520,0.1517,58.2685,10.7977,770.6137,14.6005,86.2047,4.2944,27.8805,8.3817
2035-11-21,14.3519,0.4665,77.4905,8.1157,772.9010,15.0617,83.8654,2.7208,28.7240,5.6026
2035-11-22,13.5604,0.0219,69.7978,6.1061,775.0459,15.6487,83.9127,2.4743,29.7935,5.2246
2035-11-23,14.9887,0.0258,59.1627,8.7419,777.4479,16.5198,84.6489,3.1201,31.3730,6.7532
2035-11-24,15.0286,0.0210,63.4592,10.8044,779.8570,17.3011,84.6965,3.4843,32.7840,7.6723
2035-11-25,14.3242,0.0020,62.4650,7.5830,782.1394,18.0687,84.7441,2.9815,34.1643,6.8319
2035-11-26,15.2222,0.0052,60.9572,7.8517,784.5834,18.9136,84.7917,3.0419,35.6771,7.1509
2035-11-27,15.6672,0.0138,65.0213,8.5871,787.1075,19.6912,84.8393,3.1774,37.0643,7.6167
2035-11-28,17.3893,0.1344,72.8784,10.7704,789.9416,20.3560,84.5664,3.4173,38.2480,8.2822
2035-11-29,16.1069,3.4336,80.6547,11.1987,770.7405,15.1123,58.4664,0.6496,28.8123,0.7465
2035-11-30,13.9797,0.4547,55.0966,11.6855,772.9609,16.0101,75.5142,1.4215,30.4437,2.8524
2035-12-01,11.1216,1.7900,55.0740,7.5165,774.6667,15.1308,70.4145,0.9259,28.8528,1.3037
2035-12-02,8.4278,1.9309,58.9669,17.9093,775.8877,13.7076,68.0400,1.4491,26.2555,2.5682
2035-12-03,6.4426,0.0599,48.4192,13.1981,776.7514,14.1497,78.1015,1.8477,27.0667,3.5667
2035-12-04,7.0338,0.0357,55.9779,9.1880,777.7215,14.5566,81.5239,2.1397,27.8118,4.2849
2035-12-05,6.8173,0.1820,60.2677,9.3803,778.6526,14.9141,82.6362,2.4737,28.4651,5.0652
2035-12-06,5.6374,0.0009,46.0099,9.3502,779.3713,15.3274,84.4391,3.1269,29.2183,6.4717
2035-12-07,9.1132,1.4289,50.5919,8.1037,780.7157,15.9009,76.4857,1.2628,30.2609,2.4197
2035-12-08,15.6671,1.3707,70.6779,13.2623,783.2398,16.4596,73.8082,1.4070,31.2760,2.8817
2035-12-09,16.8700,1.1239,70.7446,16.6392,785.9804,17.0570,75.6927,1.8443,32.3584,4.0725
2035-12-10,15.9919,12.0114,80.6041,19.0900,681.9449,8.3540,44.2353,0.1908,16.2115,0.1519
2035-12-11,17.3166,2.2432,77.4165,11.6084,684.7659,6.8771,53.9061,0.4518,13.4174,0.3215
2035-12-12,17.3600,1.5085,72.7054,14.8283,687.5947,7.0431,65.4384,1.1327,13.7346,0.8170
2035-12-13,15.2499,2.6618,63.7827,9.3717,690.0437,5.4770,62.7966,0.7671,10.7408,0.4811
2035-12-14,14.9579,0.7914,57.5086,17.1464,692.4401,6.2524,76.3620,1.9751,12.2287,2.0270
2035-12-15,11.6931,0.1590,54.0790,8.0717,694.2489,6.9200,81.8096,2.0924,13.5034,2.4072
2035-12-16,14.4732,7.9371,81.0529,14.8136,641.1926,3.5341,45.6096,0.1904,6.9722,0.0954
2035-12-17,14.7875,14.7616,83.1314,19.3540,548.4274,1.4308,33.9654,0.0253,2.8431,0.0087
2035-12-18,13.2846,0.5674,52.0039,17.0120,550.5226,2.2154,65.4706,1.2660,4.3867,0.5153
2035-12-19,12.5463,3.2251,65.7490,9.6418,541.6652,1.3432,57.5324,0.5606,2.6699,0.1898
2035-12-20,15.3507,4.3744,72.1933,17.6455,526.5246,0.6341,54.5234,0.6498,1.2645,0.1791
2035-12-21,10.1353,3.0526,61.1476,18.4651,518.8816,0.4961,57.9089,0.8996,0.9898,0.2358
2035-12-22,4.0596,0.2359,60.7124,17.4152,519.3163,0.7264,70.7555,1.5420,1.4478,0.4386
2035-12-23,4.6380,0.0637,53.3415,12.1482,519.8552,1.0307,78.0658,1.7472,2.0512,0.5450
2035-12-24,6.3535,0.3192,54.7295,6.2704,520.7028,1.4141,81.3576,1.8116,2.8091,0.6239
2035-12-25,9.5754,11.5128,80.0159,14.2726,466.2672,0.2653,38.5217,0.0533,0.5298,0.0127
2035-12-26,12.7348,3.7630,80.0525,11.0484,456.7280,0.3136,40.1395,0.0622,0.6262,0.0151
2035-12-27,7.5556,0.6055,80.2371,14.8481,457.7920,0.5080,54.6150,0.5692,1.0132,0.1499
2035-12-28,4.1927,0.7641,65.8809,23.7740,458.2507,0.7132,66.9241,1.8763,1.4209,0.5313
2035-12-29,0.1235,0.2353,65.8720,23.0062,458.2507,0.7607,74.0755,2.3281,1.5151,0.6696
2035-12-30,0.2592,0.1586,64.0291,18.2118,458.2507,0.8162,77.9061,2.3401,1.6252,0.6850
2035-12-31,0.8952,0.3302,68.5164,15.3167,458.2507,0.8876,79.4772,2.3333,1.7667,0.6981
2036-01-01,2.3663,0.2315,71.6847,12.5358,458.3806,1.0084,80.1320,2.1685,2.0059,0.6721
2036-01-02,3.8612,0.3177,72.9870,12.9486,458.7797,1.1734,80.4904,2.3007,2.3320,0.7458
2036-01-03,4.5720,0.0312,62.4678,11.3443,459.3066,1.4355,81.7196,2.4412,2.8488,0.8447
2036-01-04,5.0390,0.3781,73.4662,11.9857,459.9176,1.6360,81.7662,2.5354,3.2432,0.9182
2036-01-05,5.9013,0.1736,68.1791,11.9701,460.6839,1.9103,81.9379,2.5862,3.7814,0.9921
2036-01-06,5.8458,0.2139,71.2039,10.1813,461.4401,2.1566,81.9846,2.3766,4.2633,0.9562
2036-01-07,6.4020,0.0690,67.0028,10.8004,462.2965,2.4613,82.1914,2.5145,4.8580,1.3143
2036-01-08,6.6297,0.0728,53.9724,11.6374,463.1938,2.8993,83.5834,3.1305,5.7093,2.2550
2036-01-09,5.2477,0.0000,49.7313,12.2055,463.8424,3.2921,84.4575,3.6198,6.4695,2.9708
2036-01-10,4.9163,0.0171,66.1702,11.8169,464.4313,3.5427,84.0454,3.3582,6.9528,2.8216
2036-01-11,5.4713,0.0016,63.1821,10.6901,465.1202,3.8406,84.0928,3.1930,7.5258,2.7798
2036-01-12,5.3323,2.4872,75.0364,5.8080,465.7840,2.4992,59.7451,0.5397,4.9322,0.2308
2036-01-13,4.4405,19.9436,87.0643,24.7436,379.9218,0.6466,25.2343,0.0029,1.2877,0.0008
2036-01-14,-0.6783,8.1296,84.3556,31.5184,352.9750,0.0081,23.1787,0.0020,0.0162,0.0004
2036-01-15,-0.1651,0.5149,78.3160,22.7077,352.9750,0.0331,40.6977,0.1243,0.0661,0.0257
2036-01-16,1.7279,0.1701,66.9458,10.2671,352.9900,0.1482,55.8702,0.5056,0.2960,0.1130
2036-01-17,0.1324,0.9133,69.8908,17.3465,352.9900,0.1938,62.6839,1.1401,0.3871,0.2611
2036-01-18,-0.9749,0.7283,67.7503,18.1589,352.9900,0.1988,68.4361,1.4862,0.3970,0.3413
2036-01-19,-0.5907,0.0054,57.2789,11.2170,352.9900,0.2256,74.9176,1.3419,0.4505,0.3125
2036-01-20,0.7215,0.0464,59.6550,7.5119,352.9900,0.3161,78.3405,1.4163,0.6307,0.3443
2036-01-21,2.9889,5.9521,82.8250,12.6171,336.1408,0.0865,39.3391,0.0577,0.1728,0.0124
2036-01-22,3.0737,16.8985,93.9459,19.5238,282.0757,0.0311,13.0045,0.0000,0.0622,0.0000
2036-01-23,2.1825,1.3068,74.8194,14.2078,282.1725,0.1329,30.6238,0.0084,0.2654,0.0018
2036-01-24,0.8326,0.0112,68.0781,9.6150,282.1725,0.2088,47.1911,0.1844,0.4169,0.0426
2036-01-25,4.8282,9.3980,79.0758,11.0957,257.5296,0.1527,28.6540,0.0041,0.3050,0.0009
2036-01-26,6.6478,0.1540,63.0072,12.4888,258.4302,0.5056,52.1604,0.3947,1.0062,0.1038
2036-01-27,9.9099,2.7905,73.6609,14.8287,259.9180,0.3570,52.1434,0.4433,0.7116,0.1097
2036-01-28,9.6258,0.0053,46.9887,10.2499,261.3546,1.0570,71.5876,1.1057,2.0928,0.3469
2036-01-29,12.7456,0.5382,63.5077,11.7767,263.3529,1.6790,78.7401,1.8197,3.3054,0.6636
2036-01-30,12.3667,3.4794,74.9418,13.4253,259.1777,0.8210,58.0224,0.7037,1.6290,0.2061
2036-01-31,7.7523,1.3201,51.2644,17.0265,260.2771,1.3521,68.5573,1.4092,2.6695,0.4771
2036-02-01,6.5064,0.0014,44.6313,10.7607,261.1523,1.9504,78.6193,1.7100,3.8292,0.6592
2036-02-02,9.3410,0.4005,62.4629,10.4726,262.5377,2.5071,81.4403,2.2605,4.8973,0.9637
2036-02-03,10.1504,2.8132,85.1677,8.4888,260.0477,1.3580,55.0268,0.4291,2.6810,0.1455
2036-02-04,11.6675,1.3242,84.5944,11.8824,261.8518,1.6374,57.3435,0.6186,3.2244,0.2236
2036-02-05,12.5034,0.9714,80.1742,11.3324,263.8064,2.0205,63.8651,0.8900,3.9651,0.3478
2036-02-06,12.0244,7.9249,85.7484,11.9404,245.9633,0.6654,34.8460,0.0214,1.3219,0.0060
2036-02-07,10.4118,0.3056,70.4541,13.6499,247.5414,1.1486,57.1029,0.6636,2.2708,0.2134
2036-02-08,10.9467,0.4232,70.5262,9.2821,249.2158,1.6530,69.5228,0.9836,3.2520,0.3566
2036-02-09,13.3917,0.0327,54.3787,9.2480,251.3304,2.5921,79.5593,1.7326,5.0539,0.7488
2036-02-10,12.5345,0.0009,48.9643,4.8502,253.2906,3.5805,83.6754,2.2508,6.9167,1.4840
2036-02-11,12.0578,0.7665,65.2666,7.6966,255.1650,4.2297,80.9034,1.8482,8.1228,0.9995
2036-02-12,11.8882,0.2028,63.7388,10.4360,257.0088,4.8987,82.6238,2.6048,9.3519,2.4563
2036-02-13,13.2164,0.0000,54.1027,7.7683,259.0918,5.8321,84.5175,2.9181,11.0428,3.2001
2036-02-14,15.5569,0.0000,59.5133,4.9209,261.5960,6.7901,84.8645,2.6505,12.7527,3.1426
2036-02-15,16.9451,0.0520,60.8157,3.7010,264.3501,7.7945,84.9984,2.5387,14.5188,3.2693
2036-02-16,16.8083,0.2784,63.3789,5.5299,267.0796,8.7261,85.0461,2.8022,16.1343,3.9405
2036-02-17,14.5535,0.1336,73.5632,9.0005,269.4033,9.3139,84.2072,2.9777,17.1459,4.3825
2036-02-18,14.1042,0.5890,76.7232,6.1214,271.6460,9.8167,82.1307,1.9716,18.0065,2.8064
2036-02-19,13.9831,0.5490,72.1155,8.1672,273.8670,10.4141,81.8805,2.1205,19.0201,3.2081
2036-02-20,15.5320,0.5226,64.6557,12.1506,276.3668,11.2491,83.2141,3.0616,20.4203,5.0508
2036-02-21,14.1904,0.4550,66.9029,10.9247,278.6250,11.9680,83.4482,2.9671,21.6149,5.0754
2036-02-22,12.7226,0.0545,70.4518,7.7807,280.6191,12.5482,83.4954,2.5480,22.5730,4.4623
2036-02-23,11.8162,1.1104,75.5064,14.0629,282.4500,12.9976,76.2988,1.6837,23.3132,2.8269
2036-02-24,8.8152,0.1572,77.2465,13.6256,283.7408,13.3181,78.4828,1.9516,23.8388,3.4498
2036-02-25,9.1321,0.0092,66.2761,10.8755,285.0885,13.8082,80.9153,2.1721,24.6336,3.9924
2036-02-26,12.9639,0.0000,51.5646,6.9212,287.1260,14.7759,84.1043,2.6448,26.1832,5.1242
2036-02-27,15.0480,0.0041,55.9322,6.6219,289.5387,15.7867,85.0645,2.9682,27.7859,5.9666
2036-02-28,15.4682,0.0002,60.7283,7.9824,292.0269,16.7110,85.1122,3.1998,29.2390,6.6155
2036-02-29,15.1564,0.0469,60.1857,7.2702,294.4591,17.6304,85.1600,3.1074,30.6699,6.6328
2036-03-01,14.8447,0.0935,59.6430,6.5581,296.8352,18.7272,85.2078,3.0177,32.3518,6.6751
2036-03-02,14.3370,1.1955,66.8529,7.7130,299.1198,19.5995,77.6689,1.3523,33.6816,2.9209
2036-03-03,15.9790,0.0029,58.5161,6.6260,301.7000,20.8072,82.4923,2.1147,35.4945,5.0275
2036-03-04,14.6257,0.0239,60.5227,9.2123,304.0366,21.8654,83.9424,2.9050,37.0665,7.0230
2036-03-05,14.1162,1.7923,67.6534,14.9113,306.2816,20.9214,73.4306,1.5031,35.7396,3.4899
2036-03-06,11.6791,0.0884,49.3704,15.2602,308.0878,22.0243,81.9263,3.0482,37.3700,7.3752
2036-03-07,10.5644,5.9916,65.7637,14.7395,294.2487,13.6259,53.5913,0.5129,24.4242,0.5285
2036-03-08,9.6129,0.4180,59.0385,16.1789,295.6830,14.3739,71.1958,1.4705,25.6326,2.5643
2036-03-09,9.5398,0.1147,49.3422,13.8124,297.1042,15.2926,80.3497,2.3668,27.0982,4.6809
2036-03-10,9.2508,0.0017,48.1833,7.3402,298.4733,16.2069,83.6850,2.5549,28.5396,5.2417
2036-03-11,10.1634,0.3986,72.6463,8.9914,300.0068,16.7321,83.5010,2.7103,29.3692,5.6631
2036-03-12,12.9150,0.7865,71.5669,11.8946,302.0355,17.4113,80.1485,2.1032,30.4363,4.4864
2036-03-13,14.7737,1.8846,73.2837,14.0651,304.3987,16.2671,70.2164,1.2797,28.6999,2.3443
2036-03-14,16.7587,0.2903,64.5152,10.7632,307.1193,17.3473,79.3256,1.8275,30.4017,3.8475
2036-03-15,16.3739,0.0059,50.2308,8.1702,309.7706,18.8298,84.4355,2.9449,32.6915,6.5683
2036-03-16,14.2746,0.0704,52.6191,11.7899,312.0440,20.0715,85.5351,4.1104,34.5820,9.1508
2036-03-17,9.6439,0.2165,50.1331,10.8715,313.4839,20.9848,85.6524,3.9892,35.9528,9.1253
2036-03-18,7.6087,0.2136,59.8534,9.5358,314.5575,21.5807,85.4213,3.6115,36.8424,8.4974
2036-03-19,10.3570,0.0243,47.1402,6.6419,316.1258,22.6131,85.9887,3.3788,38.3653,8.2155
2036-03-20,12.0830,0.0004,41.1658,6.4495,318.0047,23.9352,87.0892,3.9100,40.2893,9.5931
2036-03-21,13.1086,0.0000,42.1980,8.0532,320.0682,25.3351,87.4773,4.4804,42.2997,11.0502
2036-03-22,15.4223,0.0644,47.3377,6.9998,322.5483,26.8183,87.5258,4.2784,44.4062,10.9422
2036-03-23,15.6614,0.2953,55.6213,6.2016,325.0713,28.0863,87.3578,4.0122,46.1945,10.6201
2036-03-24,15.5879,0.8118,66.4358,6.0822,327.5811,29.0411,82.1999,1.9845,47.5447,5.7799
2036-03-25,18.8907,0.2601,52.5205,6.7433,330.6855,30.6590,85.4238,3.1385,49.7798,9.0331
2036-03-26,18.3980,0.0004,48.3476,6.2174,333.7011,32.3757,86.8487,3.7346,52.1117,10.7437
2036-03-27,20.2117,0.0002,51.3797,9.5931,337.0432,34.1420,87.1174,4.5996,54.4857,13.0361
2036-03-28,20.3506,0.0763,53.3385,11.0427,340.4103,35.8482,87.1659,4.9824,56.7545,14.1980
2036-03-29,19.1286,0.3968,62.0728,14.7489,343.5575,37.1559,86.8247,5.7209,58.4960,16.0464
2036-03-30,19.6759,0.0168,47.4335,10.1997,346.8031,39.0176,87.5701,5.0589,60.9047,14.9417
2036-03-31,20.9365,0.6786,56.7269,11.9987,350.2757,40.6431,85.6186,4.2025,63.0086,13.1888
2036-04-01,19.9047,1.1067,59.9119,10.6044,354.8125,42.6844,81.6803,2.3409,65.6303,8.3284
2036-04-02,17.6232,0.0387,44.3602,9.0024,358.9387,45.2100,86.2949,3.9732,68.7664,13.2693
2036-04-03,17.9759,0.0961,45.7422,7.0713,363.1284,47.7192,87.3956,4.2146,71.8377,14.2453
2036-04-04,18.6116,0.5105,59.2214,15.7157,367.4325,49.6679,87.1429,6.2847,74.2454,19.5727
2036-04-05,20.7841,0.0804,56.5622,7.8507,372.1276,51.9724,87.1913,4.2576,77.0443,14.9383
2036-04-06,23.1918,0.0173,47.5599,13.9263,377.2561,55.0607,88.1531,6.6353,80.6823,21.2672
2036-04-07,25.9564,0.0015,33.8624,14.4096,382.8823,59.3989,90.9829,10.1983,85.5990,29.5855
2036-04-08,24.4514,0.0438,41.8071,7.2343,388.2375,63.0036,91.0326,7.1545,89.6400,23.7174
2036-04-09,20.7191,0.8686,56.4021,11.5338,392.9210,65.3098,85.2579,3.9046,92.2754,15.4763
2036-04-10,20.1731,0.5896,56.3581,13.5440,397.5061,67.5605,85.5634,4.5079,94.8283,17.4988
2036-04-11,20.2088,0.7379,61.9937,10.3286,402.0977,69.5239,83.8082,3.0188,97.0830,13.0447
2036-04-12,18.4610,3.6256,67.7146,13.4054,397.1269,52.2177,65.9078,1.0732,78.5984,4.4886
2036-04-13,13.6522,11.4596,69.5068,18.0267,358.9888,26.7504,47.2019,0.2822,45.0993,0.4413
2036-04-14,6.7066,8.1283,84.6482,20.5063,335.5389,14.3865,30.8998,0.0124,25.9875,0.0133
2036-04-15,9.9975,0.6207,65.4550,16.3693,338.2924,15.3159,56.4019,0.7192,27.5173,0.8016
2036-04-16,15.5006,0.0015,40.4515,10.2949,342.0365,17.7125,78.1163,1.5982,31.3644,3.3782
2036-04-17,18.8475,0.0000,46.0816,6.8843,346.3831,20.3199,85.1312,3.0354,35.4420,7.1075
2036-04-18,21.7482,0.0000,49.1413,5.5240,351.2518,23.1371,87.1405,3.7592,39.7313,9.2019
2036-04-19,22.9952,0.0000,49.9148,4.8682,356.3449,26.0628,87.7211,3.9515,44.0678,10.2017
2036-04-20,23.2379,0.1971,48.1317,6.6393,361.4817,29.1231,88.1445,4.5905,48.4814,12.1812
2036-04-21,23.3555,0.1936,42.0890,7.4171,366.6397,32.5566,89.1238,5.4943,53.2844,14.7837
2036-04-22,24.1883,0.0094,41.0700,5.1567,371.9476,36.1694,89.5778,5.2329,58.1919,14.9512
2036-04-23,24.6604,0.0105,44.3243,5.9904,377.3405,39.6464,89.6270,5.4961,62.7977,16.1847
2036-04-24,25.8673,0.0009,42.6464,6.1368,382.9506,43.3960,89.6762,5.5760,67.6319,17.0389
2036-04-25,24.1836,0.0274,41.3559,9.6353,388.2577,46.9907,89.7255,6.6981,72.1505,20.1876
2036-04-26,24.0244,0.0000,40.7412,10.6948,393.5361,50.6001,89.7748,7.1155,76.5830,21.7599
2036-04-27,24.7102,0.0794,43.1741,11.9902,398.9379,54.1558,89.8240,7.6493,80.8673,23.5560
2036-04-28,22.9904,0.4500,51.2090,10.0376,404.0302,57.0053,89.3543,6.4808,84.2820,21.4065
2036-04-29,23.4840,0.0574,43.5368,6.9919,409.2113,60.3705,89.4034,5.5981,88.2080,19.7368
2036-04-30,25.2266,0.0000,37.1825,6.6890,414.7061,64.3798,90.3941,6.3542,92.7593,22.1976
2036-05-01,25.1398,0.0093,35.9731,8.4295,421.6352,68.8028,90.7515,7.3000,97.7346,25.1269
2036-05-02,25.1737,0.0014,38.6981,8.2992,428.5705,73.0430,90.8011,7.3037,102.4385,25.7151
2036-05-03,27.9465,0.0138,35.6262,8.7896,436.0049,77.9657,91.2897,8.0261,107.7584,28.0930
2036-05-04,26.9179,0.1120,34.9445,10.6410,443.2541,82.7643,91.3395,8.8735,112.8502,30.6902
2036-05-05,26.9108,0.0000,35.1121,6.8747,450.5020,87.5493,91.3893,7.3917,117.8446,27.6081
2036-05-06,25.1527,0.0087,38.8647,13.3983,457.4335,91.7746,91.4391,10.3414,122.2379,35.1088
2036-05-07,24.8752,0.0305,30.4049,16.1009,464.3151,96.5338,91.8314,12.5283,127.0379,40.3644
2036-05-08,25.1518,0.0036,24.2915,15.5983,471.2464,101.7662,93.0815,14.5658,132.1744,45.0683
2036-05-09,25.4060,0.0004,21.5644,14.1147,478.2235,107.2395,93.8064,14.9541,137.4325,46.4059
2036-05-10,25.3684,0.0293,22.2632,10.7069,485.1938,112.6564,93.8570,12.6834,142.5605,42.2497
2036-05-11,26.5329,0.0004,26.3471,7.7854,492.3737,118.0145,93.9077,11.0244,147.5908,38.9825
2036-05-12,25.9406,0.1154,38.7504,9.7549,499.4470,122.3748,92.3546,9.7975,151.7778,36.3713
2036-05-13,22.2122,4.0500,58.2654,11.8019,491.7504,79.5312,71.6559,1.1985,113.2659,6.4742
2036-05-14,21.0862,4.6991,62.9838,12.0689,480.6274,54.6830,64.0282,0.9303,85.1471,4.1016
2036-05-15,25.1457,0.2095,48.6962,10.9925,487.5577,58.2278,83.6575,3.0600,89.6800,12.6008
2036-05-16,25.4620,0.0000,47.3374,11.1570,494.5448,61.9105,87.9166,5.5787,94.3062,20.3949
2036-05-17,25.8169,0.0004,47.1863,8.8676,501.5959,65.6530,88.6953,5.5583,98.9331,20.8466
2036-05-18,26.9700,0.0709,43.6020,7.5101,508.8545,69.8208,89.5341,5.8550,103.9751,22.1752
2036-05-19,26.9583,0.0381,42.4019,7.6881,516.1110,74.0754,89.8537,6.1847,109.0294,23.5748
2036-05-20,28.5449,0.0000,40.4125,7.7082,523.6531,78.7259,90.4543,6.7468,114.4397,25.6022
2036-05-21,30.0486,0.0081,36.4314,7.2597,531.4658,83.9388,91.4319,7.5823,120.3557,28.3371
2036-05-22,31.4145,0.0000,32.9287,6.1562,539.5244,89.6801,92.3737,8.1946,126.7069,30.4751
2036-05-23,32.1507,0.0000,30.7609,5.4287,547.7155,95.7411,92.9822,8.6048,133.2512,32.0683
2036-05-24,31.7738,0.0000,30.3346,9.3093,555.8388,101.7703,93.0650,10.5853,139.6282,37.3448
2036-05-25,31.6346,0.0259,27.6807,8.1206,563.9370,108.0027,93.5531,10.6730,146.0692,38.0578
2036-05-26,31.5935,0.0003,27.9015,8.5199,572.0279,114.2083,93.6037,10.9668,152.3653,39.1878
2036-05-27,30.9088,0.1201,36.7157,11.4745,579.9954,119.5412,93.2463,12.1088,157.7822,42.1433
2036-05-28,31.0919,0.4027,40.7905,5.7826,587.9960,124.5592,92.6025,8.3051,162.8659,33.1891
2036-05-29,32.8195,0.6164,35.6512,7.3178,596.3075,130.3054,91.9339,8.1654,168.5382,33.0676
2036-05-30,33.2191,0.3545,29.0942,9.4194,604.6909,136.7118,93.4568,11.2430,174.6877,41.0652
2036-05-31,31.5467,0.3381,31.9519,10.1073,612.7734,142.5604,93.5073,11.7218,180.2714,42.4195
2036-06-01,28.0340,1.7700,46.0244,10.1554,621.2235,125.2289,85.4609,3.7465,166.5321,19.1738
2036-06-02,24.8426,3.0865,53.9214,9.4951,617.2588,89.2793,75.9408,1.3067,131.1392,7.5794
2036-06-03,28.8122,0.2291,44.5537,7.3941,625.8490,93.6457,87.6518,4.4436,136.3036,20.4329
2036-06-04,31.3457,0.0000,35.7652,6.5017,634.8952,99.1325,91.4367,7.3031,142.6008,29.3623
2036-06-05,30.2350,3.5427,46.3964,10.2392,627.9761,73.8883,81.8692,2.3506,114.1879,11.6564
2036-06-06,27.0307,5.5020,63.2091,10.1150,606.2109,49.2379,68.8592,1.0044,81.8547,4.3165
2036-06-07,24.5835,1.6195,54.1838,12.7884,614.0400,50.2434,79.1550,1.9907,83.4219,8.4322
2036-06-08,26.0080,1.2176,43.7403,8.4411,622.1254,54.2584,84.7831,3.1300,89.0916,12.7795
2036-06-09,28.6447,0.8466,45.3267,8.5366,630.6855,58.5397,87.7112,4.7470,95.0283,18.2015
2036-06-10,30.0106,0.0058,37.5246,7.9821,639.4914,63.6567,90.9171,7.3078,101.9440,25.6657
2036-06-11,32.0600,0.0100,34.8584,6.5254,648.6662,69.3435,92.0816,8.0115,109.4390,28.2538
2036-06-12,32.8295,0.9509,37.3331,9.4236,657.9795,74.9412,90.8512,7.7849,116.6636,28.4836
2036-06-13,30.4578,3.3163,47.7962,9.5186,652.0256,60.3930,81.7957,2.2469,98.0756,10.3345
2036-06-14,27.2485,5.1780,57.9904,10.3782,631.0143,42.1612,71.8347,1.1227,72.2534,4.4088
2036-06-15,27.0025,1.0923,47.3455,10.1514,639.2788,46.0568,83.9912,3.0656,78.0549,11.6255
2036-06-16,29.4831,0.4934,38.3831,7.3411,647.9897,51.0179,90.1618,6.3518,85.2549,21.2299
2036-06-17,31.9656,0.6266,35.2253,7.4560,657.1476,56.6565,91.5964,7.8386,93.2204,25.7873
2036-06-18,33.4139,1.6922,39.6745,7.9772,666.5660,58.9939,88.6800,5.3028,96.6115,19.9072
2036-06-19,34.7763,0.0149,36.4296,5.5863,676.2298,64.9981,92.0444,7.6011,104.8107,26.7211
2036-06-20,35.3432,0.5922,33.9458,6.4356,685.9956,71.3355,92.6999,8.7013,113.2336,30.3313
2036-06-21,35.2764,1.2351,38.4763,4.9045,695.7493,77.2275,90.3105,5.7387,120.9043,23.4040
2036-06-22,35.9621,1.2472,37.5695,5.6155,705.6265,83.3189,90.5789,6.1807,128.6585,25.2681
2036-06-23,35.9081,1.0374,37.5063,6.2924,715.4940,89.4077,91.1077,6.8962,136.2508,27.8198
2036-06-24,37.0165,0.5879,29.1848,9.0606,725.5609,96.5138,93.9327,11.7968,144.8560,40.5134
2036-06-25,31.6531,0.2326,38.2029,14.2524,734.6625,101.8425,93.1442,13.7307,151.2629,45.1847
2036-06-26,33.1960,0.0000,26.9468,11.0353,744.0418,108.4384,93.9637,13.0872,158.9591,44.3688
2036-06-27,33.8511,0.0000,24.8333,9.4394,753.5390,115.3548,94.5428,13.0821,166.8532,44.8374
2036-06-28,35.4747,0.0000,26.7170,7.5340,763.3284,122.4112,94.5936,11.9679,174.7592,42.7503
2036-06-29,36.4187,0.0000,28.1384,7.3503,773.2878,129.5092,94.6445,11.9410,182.5749,43.0174
2036-06-30,37.1717,0.0000,29.7874,5.8304,783.3827,136.5836,94.6954,11.1382,190.2440,41.4021
2036-07-01,38.0306,0.0000,25.4860,7.8099,793.9322,143.4315,95.1381,13.0767,197.6118,46.1067
2036-07-02,38.3402,0.0000,27.4317,10.5911,804.5374,150.1533,95.1891,15.1493,204.7662,50.7934
2036-07-03,37.8164,0.0000,27.3486,10.2217,815.0484,156.7934,95.2402,14.9741,211.7495,50.6023
2036-07-04,39.3396,0.0000,26.0370,10.2142,825.8335,163.8181,95.2913,15.0732,219.0202,50.9698
2036-07-05,38.9219,0.0000,27.0794,14.8219,836.5435,170.6722,95.3424,19.1456,226.0481,59.2427
2036-07-06,36.3797,0.0000,32.1021,10.3469,846.7958,176.6488,95.0616,14.7052,232.2002,50.4147
2036-07-07,36.8038,0.0000,30.0279,10.5307,857.1245,182.8776,95.1126,14.9461,238.5250,51.0175
2036-07-08,38.5272,0.0000,27.9936,14.0432,867.7634,189.5790,95.1637,17.9650,245.2238,57.2682
2036-07-09,38.2191,0.0000,31.4292,15.1703,878.3468,195.9111,95.2147,19.1480,251.5529,59.6274
2036-07-10,36.6717,0.0000,32.8499,12.0242,888.6517,201.8679,94.9601,15.7812,257.5002,52.9819
2036-07-11,34.8739,0.0000,34.7485,12.2599,898.6330,207.3808,94.3302,14.6443,263.0177,50.6127
2036-07-12,33.5583,0.1017,32.5548,10.4635,908.3775,212.8706,94.3810,13.4711,268.4618,48.0644
2036-07-13,34.4075,0.0275,27.3217,8.8644,918.2749,218.9314,94.4318,12.5156,274.3433,45.9139
2036-07-14,35.7764,0.0000,26.6807,8.5904,928.4186,225.2813,94.5148,12.4860,280.4402,45.8749
2036-07-15,36.4897,0.0000,27.6480,9.7603,938.6908,231.6687,94.5657,13.3373,286.5414,47.8550
2036-07-16,39.3317,0.0153,26.2766,12.0173,949.4745,238.6692,95.1976,16.2970,293.1290,54.2666
2036-07-17,35.5030,0.0001,35.0139,14.4030,959.5690,244.2557,94.3957,16.4624,298.5339,54.6270
2036-07-18,34.6976,0.5051,33.4294,11.1724,969.5186,249.8524,94.3026,13.8106,303.9070,48.9770
2036-07-19,33.4450,0.4836,31.5209,9.3799,979.2427,255.4082,94.3533,12.7066,309.2005,46.4839
2036-07-20,33.9373,0.0008,29.2462,11.7473,989.0554,261.2304,94.4041,14.4172,314.6780,50.3427
2036-07-21,33.0746,0.2629,32.0527,10.8474,998.7128,266.6839,94.4436,13.8532,319.8475,49.1097
2036-07-22,30.9901,0.8138,44.0896,12.3782,1007.9950,270.8976,89.8596,7.8402,324.0649,34.0275
2036-07-23,31.6625,0.4570,42.7011,9.0089,1017.3983,275.3064,90.5694,7.3234,328.4307,32.5238
2036-07-24,30.7310,4.1850,51.8370,6.0748,974.9312,103.8032,77.4902,1.2275,163.9626,7.8210
2036-07-25,33.7314,0.0298,34.4639,7.9884,984.7069,109.1643,91.2488,7.6638,170.9499,31.7915
2036-07-26,35.3842,0.0000,29.9859,8.3648,994.7800,115.1634,93.6064,10.8856,178.6284,40.3821
2036-07-27,36.7429,0.0000,28.4293,5.3294,1005.0978,121.5244,94.2756,10.2501,186.6347,39.1242
2036-07-28,36.6275,0.8002,30.2065,7.4472,1015.3947,127.7084,93.4649,10.1909,194.3175,39.2089
2036-07-29,36.0408,0.3209,31.6710,8.4336,1025.5861,133.6686,93.5322,10.8112,201.6369,40.9307
2036-07-30,36.8647,0.0000,29.5992,6.3465,1035.9257,139.9457,94.0672,10.4826,209.2285,40.2918
2036-07-31,36.5162,0.3492,30.8782,8.0737,1046.2026,146.0522,94.1179,11.5164,216.5331,42.9499
2036-08-01,35.4654,0.3683,34.2523,9.8047,1055.5904,151.0153,94.1686,12.6545,222.4648,45.7159
2036-08-02,35.7131,0.4819,31.0507,8.2291,1065.0227,156.2554,94.2194,11.7709,228.6460,43.7518
2036-08-03,36.5282,0.0364,29.5987,7.0486,1074.6018,161.7243,94.2701,11.1692,235.0230,42.3891
2036-08-04,37.5092,0.0000,25.7600,6.6477,1084.3575,167.6418,94.9730,12.0572,241.8201,44.5917
2036-08-05,38.0066,0.0000,26.0986,7.2450,1094.2027,173.6082,95.0240,12.5128,248.6057,45.7241
2036-08-06,38.3583,0.0393,26.3153,7.0582,1104.1111,179.6105,95.0750,12.4824,255.3669,45.7124
2036-08-07,38.0579,0.0025,27.3525,8.2476,1113.9656,185.4833,95.1260,13.3462,261.9325,47.7396
2036-08-08,37.0286,0.0356,29.0809,9.4505,1123.6347,191.0657,95.1771,14.2796,268.1424,49.8551
2036-08-09,35.7314,0.2808,32.2238,9.7170,1133.0704,196.2192,94.9235,13.9787,273.8700,49.2280
2036-08-10,35.7386,0.0480,31.2379,9.5511,1142.5073,201.4487,94.9744,13.9596,279.6338,49.2161
2036-08-11,35.5766,0.0000,29.1579,9.9669,1151.9151,206.8127,95.0254,14.3551,285.4862,50.1134
2036-08-12,36.5941,0.0131,26.2350,8.5923,1161.5061,212.5529,95.0765,13.4883,291.6690,48.2158
2036-08-13,36.1959,0.2011,30.3116,8.6977,1171.0253,217.9187,95.1275,13.6552,297.4531,48.6103
2036-08-14,35.2886,0.0000,26.5719,9.4391,1180.3813,223.4348,95.1785,14.2743,303.3273,50.0005
2036-08-15,33.9943,0.0000,29.7803,10.8885,1189.5043,228.5223,95.0730,15.1358,308.7536,51.8806
2036-08-16,33.5914,0.0000,29.4414,9.2951,1198.5547,233.5756,95.0547,13.9329,314.1140,49.2749
2036-08-17,33.8560,0.0000,30.3532,7.5431,1207.6528,238.6017,94.9438,12.5634,319.4267,46.1733
2036-08-18,33.9793,0.1712,35.4256,7.0958,1216.7731,243.2781,94.1176,10.9621,324.4048,42.3380
2036-08-19,31.6733,0.7834,41.8573,12.9899,1225.4782,247.2120,90.4315,8.7755,328.6700,36.6571
2036-08-20,31.0592,0.6342,40.9046,10.8568,1234.0729,251.1355,90.4880,7.9451,332.9046,34.3390
2036-08-21,32.1378,0.0003,31.7996,8.9781,1242.8617,255.8152,92.6356,9.8016,337.8060,39.4076
2036-08-22,33.4581,0.0000,24.9275,7.2293,1251.8882,261.1712,94.3547,11.4037,343.2952,43.4467
2036-08-23,35.1074,0.0005,27.7968,8.7229,1261.2115,266.5683,94.4055,12.3816,348.8207,45.7886
2036-08-24,33.9739,0.0670,34.7798,10.7398,1270.3308,271.2908,94.1275,13.1898,353.7273,47.6611
2036-08-25,32.7485,0.2174,45.3043,7.9385,1279.2295,275.1129,92.2089,8.7587,357.8347,36.6379
2036-08-26,34.3105,0.0000,33.3090,9.9987,1288.4094,279.9882,92.8609,10.6505,362.8476,41.6002
2036-08-27,32.8127,0.0000,29.7050,11.7832,1297.3197,284.9097,93.3447,12.4687,367.8544,46.0071
2036-08-28,32.7017,0.0094,30.6259,9.8939,1306.2100,289.7508,93.3952,11.4165,372.7743,43.4998
2036-08-29,32.3285,0.0977,34.2988,8.7885,1315.0332,294.2849,93.4456,10.8743,377.4183,42.1675
2036-08-30,31.2900,0.1210,40.8178,8.0484,1323.6694,298.2423,92.6390,9.3574,381.5580,38.2669
2036-08-31,30.8584,0.4070,42.8298,7.1020,1332.2279,302.0142,92.1455,8.3224,385.5304,35.4408
2036-09-01,31.7405,0.1849,37.3513,6.7758,1339.6452,305.6772,92.1956,8.2448,389.2875,35.2238
2036-09-02,31.3856,0.5264,37.6789,8.1573,1346.9986,309.2816,91.5427,8.0589,392.9831,34.6987
2036-09-03,31.3738,0.1463,32.4038,7.8046,1354.3499,313.1897,92.4830,9.0425,396.9154,37.4269
2036-09-04,32.9867,0.0000,26.4258,6.1142,1361.9915,317.6546,93.9572,10.2038,401.3146,40.4832
2036-09-05,32.9740,0.0000,29.0656,6.9629,1369.6308,321.9578,94.0078,10.7247,405.5720,41.8035
2036-09-06,32.1094,0.0000,34.5660,8.6621,1377.1145,325.8265,93.8350,11.4066,409.4578,43.4888
2036-09-07,32.0579,0.0639,35.0626,8.6598,1384.5889,329.6600,93.7198,11.2243,413.3070,43.0438
2036-09-08,30.8957,0.4536,40.3780,9.6360,1391.8541,333.0563,92.6834,10.2003,416.7830,40.4775
2036-09-09,30.2299,0.3730,45.5736,7.7973,1398.9995,336.0921,91.6376,8.0214,419.9593,34.5973
2036-09-10,29.6895,0.3499,45.8296,11.6927,1406.0476,339.0615,91.3538,9.3755,423.0699,38.3254
2036-09-11,30.9948,0.2250,48.1604,10.2394,1413.3307,342.0237,91.1507,8.4653,426.1988,35.8490
2036-09-12,31.8066,0.1720,40.5708,5.7105,1420.7598,345.5054,91.2004,6.7859,429.7441,30.9467
2036-09-13,32.9964,0.1906,37.3453,6.4337,1428.4032,349.3087,91.8230,7.6880,433.5570,33.6395
2036-09-14,31.7370,0.3964,45.5453,12.8474,1435.8198,352.4922,91.7251,10.4749,436.8618,41.1798
2036-09-15,30.0165,1.7804,51.5332,13.5058,1442.9268,164.9461,85.3648,4.3768,256.5690,22.6843
2036-09-16,27.1359,0.8386,46.1589,17.2752,1449.5153,167.6527,87.7876,7.4543,260.0975,32.7216
2036-09-17,22.7245,0.9774,52.1501,15.8648,1455.3097,169.6823,85.3692,4.9323,262.7702,24.7001
2036-09-18,21.8112,1.2694,43.6873,16.3134,1460.9397,171.9793,84.9705,4.7749,265.7497,24.1574
2036-09-19,21.6388,0.0028,34.7706,13.7379,1466.5387,174.6200,89.5269,8.0050,269.1278,34.3549
2036-09-20,24.1613,0.4749,41.0552,7.7068,1472.5917,177.2710,89.6621,6.0228,272.5254,28.3905
2036-09-21,23.5179,2.3301,51.8804,7.0195,1478.5289,119.2101,78.2698,1.3731,198.4241,9.0182
2036-09-22,23.4503,4.2387,53.5090,8.5925,1336.9754,76.5777,70.1364,0.9688,133.9717,5.7954
2036-09-23,21.9218,9.3480,62.4513,10.9275,1085.1827,42.4058,58.2216,0.6296,77.2635,2.3132
2036-09-24,21.2404,12.0019,66.6665,9.9120,891.6730,21.3917,50.9638,0.3032,40.3626,0.4386
2036-09-25,21.3989,5.6063,65.5725,8.8667,839.6877,14.2416,55.0953,0.4401,27.3247,0.4882
2036-09-26,20.8997,4.7673,72.4245,13.1721,804.1696,9.7922,56.1754,0.6007,19.0058,0.5274
2036-09-27,24.0927,7.5626,80.1125,17.7916,742.6587,5.7995,52.4267,0.5305,11.3768,0.3436
2036-09-28,24.1758,0.2025,53.4877,11.4695,748.7144,7.8925,79.1684,1.8651,15.3797,2.2787
2036-09-29,23.2340,0.1937,48.7796,7.9884,754.6005,10.1115,86.1383,3.6929,19.5676,5.9186
2036-09-30,21.4476,3.4825,54.8235,8.6779,739.6588,8.4032,71.5087,1.0186,16.3422,0.8149
2036-10-01,17.8276,6.9766,66.4442,16.2010,690.6820,5.1474,57.2950,0.7661,10.1066,0.4648
2036-10-02,18.1301,0.4777,46.0322,12.8314,694.6494,6.7199,79.2848,2.0202,13.1225,2.2334
2036-10-03,15.7960,0.4331,49.0283,16.8453,698.1967,8.0248,84.9107,4.8645,15.6014,6.7321
2036-10-04,16.2575,0.0045,43.8866,14.2254,701.8270,9.5006,87.1333,5.8220,18.3793,8.6493
2036-10-05,16.9893,0.1496,46.4029,13.5230,705.5891,10.9697,87.4420,5.8726,21.1185,9.3917
2036-10-06,18.2106,0.0034,44.6548,10.0426,709.5710,12.5891,87.9013,5.2625,24.1088,9.1983
2036-10-07,19.1432,0.0624,48.2106,9.2153,713.7208,14.1776,87.9499,5.0830,27.0136,9.5160
2036-10-08,20.2760,0.0606,47.7451,9.4528,718.0745,15.8700,87.9986,5.1802,30.0782,10.2677
2036-10-09,20.4004,0.0644,48.0755,10.0710,722.4506,17.5616,88.0473,5.3815,33.1110,11.1773
2036-10-10,19.4684,0.1941,54.2619,7.7110,726.6589,18.9871,88.0960,4.8116,35.6456,10.6278
2036-10-11,20.8609,0.0252,55.5422,10.1987,731.1178,20.4664,88.1326,5.4829,38.2555,12.2920
2036-10-12,19.9257,2.0879,78.2322,12.0217,735.4085,18.4621,71.2075,1.1930,34.7436,2.5471
2036-10-13,21.5683,10.2177,77.9268,13.5431,659.4376,9.7854,49.6634,0.3115,18.8708,0.2723
2036-10-14,21.1571,6.1466,63.9857,13.9787,626.5361,6.4109,57.9633,0.7205,12.5019,0.4922
2036-10-15,20.0063,0.2686,51.8244,10.9966,630.8412,7.9515,78.8680,1.7703,15.4173,2.1114
2036-10-16,19.3249,0.3622,53.7268,7.4416,635.0237,9.3836,84.3600,2.8100,18.0986,4.2682
2036-10-17,19.6891,0.0139,53.5122,6.9260,639.2718,10.8479,86.0695,3.4666,20.8129,5.7815
2036-10-18,20.1408,0.0024,47.6241,9.3727,643.6011,12.5336,87.4205,4.7498,23.9035,8.3787
2036-10-19,20.1834,0.0005,47.5500,10.0306,647.9381,14.2251,87.7618,5.1554,26.9698,9.6218
2036-10-20,20.2947,0.0161,50.0129,12.6612,652.2951,15.8455,87.8105,5.9273,29.8766,11.4262
2036-10-21,18.8673,0.0397,52.9941,11.3496,656.3953,17.2676,87.8591,5.5870,32.4041,11.3865
2036-10-22,18.2671,0.2002,56.0791,9.0722,660.3874,18.5565,87.6850,4.8587,34.6770,10.5477
2036-10-23,18.9221,0.7525,57.5495,8.1960,664.4973,19.8443,84.5958,3.0136,36.9314,7.2454
2036-10-24,18.8481,0.1903,66.2248,9.4925,668.5940,20.8652,84.6433,3.2379,38.7103,7.9561
2036-10-25,18.3126,2.0708,75.6960,7.9926,672.5943,18.9034,69.4039,0.9182,35.3248,1.7239
2036-10-26,17.7069,20.8781,90.9327,14.5519,534.9103,8.0312,27.4102,0.0034,15.4813,0.0026
2036-10-27,17.0847,10.4285,82.7304,12.5383,486.8286,4.0922,31.0669,0.0086,8.0160,0.0046
2036-10-28,18.2451,0.8945,63.8241,9.0375,490.8167,5.1526,59.7285,0.6344,10.0417,0.3836
2036-10-29,17.5923,0.0014,52.6515,11.0224,494.6873,6.4936,78.1093,1.6569,12.5746,1.5180
2036-10-30,17.5434,0.0036,51.0153,9.4108,498.5492,7.8774,84.2794,3.0695,15.1561,4.1789
2036-10-31,18.2854,0.0000,48.4460,7.9838,502.5445,9.3917,86.5307,3.9022,17.9449,5.9255
2036-11-01,19.4911,0.0880,58.4838,6.5485,505.7569,10.5250,86.5789,3.6548,20.0091,5.9397
2036-11-02,18.9091,0.0103,60.0151,8.1146,508.8646,11.5858,86.6271,3.9820,21.9236,6.8022
2036-11-03,20.5140,0.0000,54.9689,6.0038,512.2611,12.8762,86.6754,3.6048,24.2297,6.5852
2036-11-04,20.6882,0.0000,55.4104,4.2172,515.6890,14.1642,86.7236,3.3171,26.5082,6.4374
2036-11-05,19.8224,0.0085,63.7660,8.1555,518.9610,15.1693,86.5992,3.9745,28.2726,7.8938
2036-11-06,18.9259,0.0382,64.1276,9.9568,522.0717,16.1217,86.4085,4.2363,29.9326,8.6324
2036-11-07,18.8748,0.0097,63.1035,8.7169,525.1731,17.0988,86.4567,4.0069,31.6236,8.4939
2036-11-08,18.7234,0.0167,63.1441,5.7605,528.2473,18.0675,86.4864,3.4668,33.2886,7.7092
2036-11-09,18.7878,1.3237,70.7245,8.8145,531.3331,18.8394,77.6769,1.4304,34.6108,3.2047
2036-11-10,20.3805,0.3226,66.4930,11.5570,534.7056,19.7936,82.5371,2.7264,36.2340,6.5271
2036-11-11,20.1870,0.0074,69.3084,12.7329,538.0433,20.6598,83.6152,3.3220,37.7006,8.0078
2036-11-12,20.6501,0.0123,70.0722,10.6141,541.4643,21.5228,83.8859,3.0943,39.1547,7.6954
2036-11-13,21.1302,0.0496,65.1021,8.2569,544.9717,22.5514,84.6581,3.0486,40.8742,7.7995
2036-11-14,19.8408,0.0055,66.8155,6.2449,548.2471,23.4727,84.7057,2.7726,42.4064,7.3300
2036-11-15,18.8087,0.0625,72.4990,8.4933,551.3366,24.1986,84.7533,3.1254,43.6118,8.2991
2036-11-16,19.7618,0.1732,67.3336,7.7292,554.5978,25.1021,84.8009,3.0270,45.1008,8.2385
2036-11-17,17.7808,0.0087,58.0274,6.8962,557.5023,26.1527,85.3949,3.1501,46.8152,8.7278
2036-11-18,17.6793,0.0000,52.7052,4.4867,560.3886,27.3303,86.1760,3.1119,48.7203,8.8501
2036-11-19,18.2009,0.5977,61.4559,6.4280,563.3687,28.3166,84.6878,2.7915,50.3112,8.2137
2036-11-20,17.7593,3.5839,63.7248,11.8509,552.7771,21.4653,66.5318,1.0149,39.1317,2.2757
2036-11-21,15.0349,0.0000,46.1054,11.7060,555.1874,22.6182,80.7791,2.2307,41.0549,5.8568
2036-11-22,14.9094,0.0000,44.8908,7.2325,557.5751,23.7879,85.3019,3.1629,42.9905,8.3125
2036-11-23,15.6842,0.0339,57.3301,7.9640,560.1023,24.7374,85.4125,3.3324,44.5553,8.8897
2036-11-24,14.8632,0.1640,63.6722,10.5707,562.4816,25.5062,85.4604,3.8255,45.8183,10.1599
2036-11-25,15.4319,0.2826,59.4236,11.8731,564.9634,26.3956,85.5082,4.1122,47.2700,10.9832
2036-11-26,14.5506,0.0581,58.8858,12.4920,567.2865,27.2487,85.5561,4.2709,48.6548,11.5175
2036-11-27,16.2937,0.0000,56.7004,9.5368,569.9233,28.2472,85.6348,3.7206,50.2661,10.4852
2036-11-28,18.0883,0.0000,55.7208,6.5915,572.8832,29.3737,85.9697,3.3613,52.0725,9.8389
2036-11-29,17.5406,0.0001,64.6598,11.1128,575.7445,30.2471,86.0178,4.2499,53.4713,12.1118
2036-11-30,15.2100,0.1054,70.8927,9.3909,578.1863,30.8765,84.9131,3.3423,54.4796,10.0619
2036-12-01,16.6441,0.3860,70.8577,8.1918,580.8863,31.4641,84.8051,3.1002,55.4231,9.5440
2036-12-02,16.7787,0.1283,67.3800,5.4002,583.6105,32.1269,84.8527,2.7110,56.4808,8.6078
2036-12-03,15.3963,7.8735,76.6540,13.7136,543.8159,17.4607,49.5069,0.3081,32.3266,0.3827
2036-12-04,13.2575,0.7724,58.6068,19.1076,545.9062,18.1361,70.5455,1.6676,33.4906,3.7366
2036-12-05,11.3202,23.1480,77.0386,17.4909,428.8874,7.6754,37.2088,0.0478,14.6935,0.0359
2036-12-06,9.2879,1.2574,70.9458,22.6752,430.2632,8.0184,56.3527,0.9842,15.3229,0.7574
2036-12-07,7.3233,0.0050,72.9022,13.1390,431.2854,8.2778,67.9128,1.1347,15.7976,0.8894
2036-12-08,11.0483,0.0256,60.7695,8.8268,432.9781,8.8194,77.0166,1.3601,16.7841,1.4316
2036-12-09,11.8977,4.6857,83.3492,7.1370,419.8867,5.2548,44.9464,0.1169,10.1908,0.0712
2036-12-10,10.4109,1.2259,64.9228,13.4362,421.4646,5.7137,60.6177,0.8366,11.0528,0.5332
2036-12-11,6.5264,0.3362,58.2398,14.7102,422.3434,6.0756,73.2076,1.4737,11.7294,0.9709
2036-12-12,4.4250,0.4462,60.2529,13.5590,422.8439,6.3252,78.4516,1.9396,12.1943,1.9636
2036-12-13,12.0907,3.8847,74.5614,12.7106,413.8028,3.9366,55.8687,0.5718,7.6903,0.3008
2036-12-14,15.2848,2.3004,62.6755,16.3554,416.2581,3.2014,64.7114,1.1884,6.2821,0.5667
2036-12-15,13.6936,5.0420,77.0341,16.9556,402.5039,1.6169,50.2191,0.3959,3.2017,0.1427
2036-12-16,11.5396,3.8190,65.5348,17.0127,394.1842,0.8238,53.1579,0.5506,1.6389,0.1615
2036-12-17,7.7787,0.0375,50.8199,13.3961,395.2884,1.3200,71.1052,1.2741,2.6181,0.4286
2036-12-18,9.5330,0.2615,55.8084,6.3055,396.7083,1.8540,78.4856,1.3499,3.6651,0.5116
2036-12-19,11.0757,0.8446,59.6382,7.7388,398.4060,2.4124,78.6202,1.4686,4.7529,0.6182
2036-12-20,11.3332,2.1842,73.4769,6.0346,400.1499,1.6886,63.2944,0.6640,3.3420,0.2431
2036-12-21,12.9725,0.0284,65.0660,11.5349,402.1890,2.2473,75.1679,1.3827,4.4326,0.5652
2036-12-22,13.8119,0.0076,64.9436,10.6498,404.3791,2.8413,80.4615,2.0426,5.5846,0.9227
2036-12-23,15.1386,0.0000,64.2133,9.4041,406.8081,3.5017,82.8126,2.5324,6.8559,1.8458
2036-12-24,13.4639,0.0000,51.1147,8.6114,408.9356,4.3108,85.0026,3.2534,8.4002,3.0556
2036-12-25,13.1825,0.0000,54.0222,6.2451,411.0124,5.0570,85.3924,3.0474,9.8123,3.1181
2036-12-26,13.7934,0.0046,61.8200,5.2094,413.1992,5.7032,85.4402,2.9117,11.0260,3.1882
2036-12-27,13.3135,0.0902,70.1824,6.5363,415.2997,6.1916,84.6982,2.8107,11.9383,3.2242
2036-12-28,13.9085,0.0685,62.5382,7.6859,417.5072,6.8306,84.7458,2.9977,13.1243,3.7053
2036-12-29,14.2512,0.0315,66.2920,11.1479,419.7764,7.4186,84.7934,3.5924,14.2094,4.7406
2036-12-30,15.2605,0.0046,70.0573,9.1531,422.2273,7.9753,84.7264,3.2192,15.2314,4.4121
2036-12-31,15.2104,0.0001,68.2649,7.9593,424.6692,8.5635,84.7740,3.0511,16.3050,4.3531
2037-01-01,14.1494,0.0065,70.8712,5.0077,426.9201,9.1104,84.4995,2.5330,17.2979,3.6894
2037-01-02,11.8737,0.0102,75.9146,7.0525,428.7613,9.4951,83.4651,2.4465,17.9939,3.6457
2037-01-03,14.4267,1.3953,72.8763,12.7426,431.0621,10.0135,74.8699,1.4454,18.9278,1.8629
2037-01-04,13.7799,4.5252,65.9583,13.9087,419.1229,6.5247,58.0875,0.7245,12.5605,0.4963
2037-01-05,13.2328,0.0223,54.1843,11.6224,421.2088,7.3331,75.1643,1.3885,14.0545,1.1103
2037-01-06,15.8447,0.1598,67.9809,12.1311,423.7648,8.0010,80.5245,2.2160,15.2808,2.8684
2037-01-07,14.6705,0.2102,66.2288,10.5019,426.1095,8.6567,82.5486,2.5889,16.4766,3.6565
2037-01-08,16.5791,0.3841,65.4515,14.0350,428.7977,9.4086,83.6840,3.5795,17.8387,5.4273
2037-01-09,14.8921,1.9768,67.3590,17.6399,431.1823,8.4523,73.0385,1.6960,16.1148,2.0586
2037-01-10,14.5716,3.5815,58.2886,18.6514,423.7792,6.0641,65.6112,1.3824,11.7093,0.9099
2037-01-11,12.4446,1.1517,48.7950,14.6610,425.7233,6.9179,75.2156,1.6229,13.2957,1.5547
2037-01-12,13.2981,5.9203,71.6611,18.0763,407.5504,3.9538,53.6191,0.6085,7.7204,0.3207
2037-01-13,13.7818,13.7562,67.7992,21.3322,357.9083,1.9474,46.4271,0.2985,3.8425,0.1152
2037-01-14,9.2679,0.6772,50.3707,19.2751,359.2805,2.5808,68.9677,1.5990,5.0706,0.6920
2037-01-15,6.8905,0.0053,48.2735,11.1245,360.2248,3.0897,78.4500,1.7155,6.0497,0.8038
2037-01-16,8.1653,0.0638,53.3208,9.1664,361.3986,3.6221,82.1794,2.3123,7.0672,1.6043
2037-01-17,12.1893,8.9495,77.0366,19.8151,334.4427,1.6513,47.2272,0.3099,3.2624,0.1125
2037-01-18,12.6037,10.1770,71.2477,20.5669,305.0779,0.6478,43.4591,0.1811,1.2888,0.0502
2037-01-19,11.9937,0.0161,44.3808,14.2393,306.9408,1.5444,70.5000,1.3029,3.0504,0.4616
2037-01-20,14.3454,0.2851,65.9100,14.6713,309.2269,2.1926,78.9133,2.1394,4.3088,0.8645
2037-01-21,14.0822,2.5457,71.5340,12.4517,311.4657,1.5028,65.2009,0.9956,2.9699,0.3495
2037-01-22,9.0646,0.8564,52.1281,16.3959,312.8013,2.1019,74.9978,1.7497,4.1343,0.6953
2037-01-23,6.7142,0.2461,51.1392,15.9518,313.7139,2.5719,81.0686,2.8543,5.0406,1.7775
2037-01-24,5.6329,0.0056,48.8271,10.0030,314.4318,2.9961,83.4677,2.8396,5.8528,1.9735
2037-01-25,6.5845,0.0015,48.4582,5.9967,315.3210,3.4837,84.5946,2.6970,6.7801,2.0303
2037-01-26,8.0543,0.6602,67.1608,13.0987,316.4748,3.8538,81.7908,2.6895,7.4799,2.1780
2037-01-27,11.2123,11.7167,87.1786,13.1441,283.0699,1.5313,33.5111,0.0166,3.0218,0.0059
2037-01-28,11.4515,6.8774,88.3650,13.2132,267.4878,0.3214,25.5843,0.0018,0.6408,0.0004
2037-01-29,7.5827,0.8011,77.2842,16.0775,268.5566,0.5642,45.0784,0.1872,1.1225,0.0503
2037-01-30,8.3288,0.0416,62.6939,10.0465,269.7598,0.9972,63.3921,0.8164,1.9762,0.2520
2037-01-31,7.8855,13.4924,67.2731,9.9364,234.2497,0.3620,36.8149,0.0300,0.7213,0.0074
2037-02-01,9.3982,22.0587,81.2838,16.9397,179.5294,0.2791,26.4271,0.0028,0.5561,0.0007
2037-02-02,4.9340,0.6993,64.2641,18.6718,180.1215,0.5854,50.1346,0.4273,1.1614,0.1157
2037-02-03,10.6432,0.2221,59.2965,15.7866,181.7413,1.2644,69.9053,1.3818,2.4856,0.4570
2037-02-04,9.3504,0.2368,49.3352,18.5451,183.1284,2.0165,80.1975,2.9558,3.9249,1.5599
2037-02-05,4.9755,0.0162,45.1437,13.8739,183.7280,2.4899,83.5310,3.4799,4.8166,2.3587
2037-02-06,5.6280,3.4506,61.4729,8.5209,179.5084,1.3305,57.8229,0.5416,2.6125,0.1820
2037-02-07,4.9386,3.2909,78.7289,22.5949,175.6203,0.3761,48.4153,0.4190,0.7481,0.1045
2037-02-08,5.5140,0.0401,67.4728,20.0477,176.3168,0.6817,65.0902,1.4535,1.3503,0.4067
2037-02-09,8.1894,0.0028,58.3361,11.4225,177.4949,1.2314,75.5382,1.4048,2.4209,0.4608
2037-02-10,10.0044,0.0005,56.7438,8.0806,178.9997,1.9137,80.7460,1.8515,3.7279,0.7063
2037-02-11,10.7862,0.0173,59.4344,6.8026,180.6452,2.5987,82.7832,2.2130,5.0169,0.9534
2037-02-12,11.1967,0.0091,60.8556,4.5425,182.3647,3.2824,83.5359,2.1759,6.2822,1.2061
2037-02-13,13.2033,0.0052,58.4058,5.7275,184.4452,4.1275,84.3461,2.5726,7.8177,2.1048
2037-02-14,12.2633,0.0402,62.1863,6.5584,186.3567,4.8453,84.3936,2.6999,9.0992,2.5301
2037-02-15,14.1001,0.0000,54.5580,10.1695,188.5987,5.8265,85.2522,3.6423,10.8175,4.0760
2037-02-16,15.1867,0.0000,51.5422,7.8093,191.0363,6.9476,86.0013,3.5899,12.7371,4.4313
2037-02-17,15.6239,0.0000,47.7667,6.4881,193.5526,8.1885,86.7373,3.7265,14.8105,5.0472
2037-02-18,15.3420,0.0166,62.3505,7.8273,196.0181,9.0678,86.2724,3.7328,16.2556,5.3476
2037-02-19,12.0427,3.1138,75.5906,12.1952,193.6881,6.5194,61.1103,0.8088,12.0268,0.5404
2037-02-20,9.8262,0.0183,59.2678,8.9968,195.1608,7.1516,73.5545,1.1219,13.1028,0.7873
2037-02-21,9.2258,0.0480,56.4709,11.0128,196.5255,7.7901,79.9870,1.9781,14.1754,2.3135
2037-02-22,8.6865,0.0864,55.9055,8.2954,197.7930,8.4031,82.6020,2.3321,15.1925,3.0458
2037-02-23,9.0422,2.2930,72.7304,11.0921,199.1246,6.7710,64.6946,0.9109,12.4810,0.6217
2037-02-24,10.2312,0.2756,52.1878,14.4551,200.6702,7.5406,77.5373,1.8795,13.7861,2.0905
2037-02-25,9.9746,0.0016,47.0001,8.4849,202.1697,8.3743,82.8862,2.4405,15.1770,3.2180
2037-02-26,9.5079,0.0369,60.6754,6.0879,203.5851,8.9669,83.4571,2.3280,16.1550,3.1806
2037-02-27,12.1796,0.0039,58.3059,10.1599,205.4814,9.7534,84.2666,3.1821,17.4376,4.7503
2037-02-28,16.4427,0.0044,61.9181,10.1661,208.1451,10.7024,84.6297,3.3435,18.9667,5.2670
2037-03-01,16.6575,0.0019,68.1785,7.1451,210.8475,11.6656,84.6772,2.8900,20.4962,4.7728
2037-03-02,17.1353,0.0007,65.3909,6.0852,213.6358,12.7414,84.7248,2.7575,22.1763,4.7891
2037-03-03,17.1862,0.0081,63.8090,7.9088,216.4333,13.8695,84.7725,3.0427,23.9087,5.5527
2037-03-04,15.2989,0.1928,71.4374,12.0389,218.8911,14.6679,84.5229,3.6214,25.1265,6.7609
2037-03-05,16.0812,0.1584,62.5400,6.1013,221.4898,15.7650,84.6028,2.7143,26.7670,5.3364
2037-03-06,15.8258,0.0674,63.0995,6.7009,224.0424,16.8297,84.6504,2.8157,28.3376,5.7423
2037-03-07,16.4048,0.0018,59.0176,5.9932,226.6993,18.0525,85.0660,2.8762,30.1106,6.0950
2037-03-08,17.5276,0.0108,53.1467,6.3863,229.5582,19.5402,86.0245,3.3524,32.2233,7.3328
2037-03-09,18.6110,0.0362,49.3465,9.7999,232.6122,21.2422,86.9654,4.5483,34.5879,9.9697
2037-03-10,12.2447,0.0218,66.6346,18.7149,234.5203,22.0011,85.3751,5.6987,35.6428,12.1923
2037-03-11,7.9810,0.0038,64.0995,19.4573,235.6608,22.5569,84.8505,5.5032,36.4028,11.9947
2037-03-12,7.8347,0.0040,62.7086,15.3992,236.7751,23.1248,84.8385,4.4781,37.1732,10.2567
2037-03-13,11.0041,0.0000,47.7975,7.0504,238.4598,24.2019,85.7696,3.3448,38.6078,8.1742
2037-03-14,14.7157,0.0000,47.4627,8.7536,240.8127,25.6183,86.6093,4.1020,40.4726,10.0141
2037-03-15,15.8770,0.0045,51.9935,6.9854,243.3745,27.0075,86.6576,3.7781,42.2842,9.5886
2037-03-16,14.7888,0.4838,64.2785,10.9938,245.7405,27.9750,85.9263,4.1706,43.5545,10.5957
2037-03-17,16.0762,0.2300,64.7659,12.2148,248.3382,29.0066,85.8192,4.3692,44.9016,11.2030
2037-03-18,14.4433,0.1266,72.6973,9.4780,250.6420,29.7300,84.5218,3.1825,45.8606,8.6952
2037-03-19,16.9541,0.5926,55.8137,14.2682,253.3977,31.0898,84.9258,4.2809,47.5842,11.3926
2037-03-20,14.7016,4.0568,57.9316,12.9846,248.0445,22.7240,64.7697,1.0052,36.9787,2.1145
2037-03-21,17.3012,2.2138,59.4601,12.8921,250.8627,20.7112,69.1445,1.1657,34.3355,2.4392
2037-03-22,15.6294,1.3402,62.6805,7.4450,253.3800,21.7754,71.9999,0.9743,35.8488,1.9446
2037-03-23,17.6277,0.0976,55.9381,6.4307,256.2569,23.1820,81.1319,1.7794,37.8124,4.3969
2037-03-24,18.1056,0.1923,62.5467,8.3224,259.2200,24.4082,83.6801,2.6828,39.5146,6.7988
2037-03-25,18.3100,1.0507,56.2315,17.0515,262.2198,25.8563,82.3200,3.5004,41.4858,8.8827
2037-03-26,15.2902,3.8671,56.5246,20.9337,257.3879,19.3553,68.3006,1.7019,32.5848,3.7435
2037-03-27,15.8093,2.5541,52.5596,16.3187,259.9376,16.9054,70.3680,1.4406,29.0822,2.7893
2037-03-28,15.6414,0.8628,54.2652,10.5513,262.4571,18.2105,78.3447,1.6513,31.0372,3.4812
2037-03-29,16.2425,0.2558,55.1019,8.8813,265.0847,19.5378,83.4423,2.6747,32.9958,6.0328
2037-03-30,19.4373,0.3266,51.7437,12.6919,268.2874,21.2271,86.1581,4.6936,35.4435,10.3782
2037-03-31,19.8212,0.1694,58.7462,7.5611,271.5592,22.6983,86.2062,3.6489,37.5501,8.6722
2037-04-01,19.2147,0.3354,65.0255,10.5285,275.9719,24.4208,86.2357,4.2550,39.9939,10.2535
2037-04-02,20.2470,0.2817,54.3719,18.5791,280.5703,26.7822,86.6015,6.7226,43.2444,15.4016
2037-04-03,17.6456,0.1159,50.8434,21.9456,284.7005,29.0161,86.8185,8.2144,46.2483,18.5369
2037-04-04,18.4836,0.1350,47.4198,15.1600,288.9816,31.5124,87.4323,6.3687,49.5239,15.8985
2037-04-05,20.7835,0.0682,38.4216,13.2118,293.6766,34.7793,89.2116,7.4508,53.6690,18.6525
2037-04-06,21.3517,0.0000,42.9103,14.9532,298.4739,37.8867,89.2607,8.1917,57.5202,20.7209
2037-04-07,20.1689,0.0000,39.8864,12.7573,303.0583,40.9863,89.3098,7.3855,61.2602,19.8704
2037-04-08,23.2263,0.1075,37.1468,8.0274,308.1931,44.6931,90.0932,6.5110,65.6026,18.7970
2037-04-09,14.9907,0.7389,55.0172,16.4212,311.8454,46.4478,85.2517,4.9906,67.6903,15.6817
2037-04-10,11.5944,0.9452,52.1239,16.4158,314.8864,47.9212,82.1520,3.3208,69.4277,11.5666
2037-04-11,11.7510,0.0882,41.2810,13.3666,317.9556,49.7506,85.9168,4.6940,71.5231,15.4347
2037-04-12,13.5172,0.0147,36.8441,9.5488,321.3427,51.9887,87.8887,5.1240,74.0334,16.8093
2037-04-13,16.0184,0.2651,42.0574,7.1310,325.1800,54.3933,88.0830,4.6643,76.7087,15.9733
2037-04-14,15.1823,2.8089,66.2733,5.5073,324.1839,45.2237,65.7167,0.7157,67.0601,2.3944
2037-04-15,15.6923,0.5097,58.6405,10.2686,327.9625,46.9074,78.1735,1.6039,69.1051,6.1054
2037-04-16,16.4593,0.3430,51.4879,7.1683,331.8791,48.9726,83.8139,2.5763,71.5500,9.5498
2037-04-17,14.9082,1.2193,63.4544,8.2220,335.5166,50.3908,77.8399,1.4068,73.2706,5.6068
2037-04-18,12.4611,3.7756,75.0566,12.0887,330.3145,37.5880,55.9517,0.5581,58.5261,1.2573
2037-04-19,13.8360,0.9011,59.5462,10.6661,333.7589,39.0528,70.5387,1.0896,60.4289,3.6958
2037-04-20,14.2365,2.3243,64.9767,11.2046,337.2755,34.8479,65.8472,0.9584,55.3886,2.9388
2037-04-21,14.8140,4.8462,72.2698,11.4436,328.4999,23.7381,52.0470,0.3699,40.2117,0.5337
2037-04-22,17.8977,4.2238,53.3262,8.6574,322.7936,18.1579,59.2288,0.6024,31.8384,0.7404
2037-04-23,16.4947,1.1586,59.1814,8.9778,326.7167,19.8991,71.3663,1.0290,34.5390,2.0382
2037-04-24,15.6222,0.9531,51.3210,14.2247,330.4827,21.8725,79.2444,2.1587,37.5346,5.3351
2037-04-25,18.2325,0.0000,40.4904,7.3858,334.7185,24.6616,86.2261,3.6269,41.6512,9.1792
2037-04-26,19.0883,0.0137,45.7163,8.8425,339.1084,27.3184,87.5616,4.7187,45.4777,12.0091
2037-04-27,18.6043,0.0279,48.5014,8.1884,343.4112,29.7785,87.6102,4.5975,48.9462,12.2625
2037-04-28,20.5975,0.4518,51.6657,8.2413,348.0727,32.3209,87.6587,4.6419,52.4630,12.8524
2037-04-29,21.0617,0.0709,50.8149,7.9551,352.8178,34.9635,87.7073,4.6074,56.0427,13.2632
2037-04-30,19.0779,0.4105,49.2403,11.5903,357.2058,37.4466,87.7559,5.5722,59.3410,15.8538
2037-05-01,16.8102,2.0914,60.0511,14.2811,362.6357,35.1189,75.4289,1.6119,56.5472,5.3224
2037-05-02,19.9192,0.6298,51.1129,13.2787,368.6251,37.8241,83.6995,3.4527,60.2045,10.9710
2037-05-03,22.7018,0.1411,45.9294,7.4161,375.1155,41.2123,87.4863,4.3444,64.6638,13.7380
2037-05-04,23.1308,0.0553,49.0802,7.3086,381.6830,44.4605,87.9500,4.6174,68.8663,14.9219
2037-05-05,23.4772,0.3366,46.3093,10.8515,388.3129,47.9345,88.5010,5.9737,73.2603,18.7256
2037-05-06,20.5765,0.8877,60.5460,15.1135,394.4207,50.1860,84.0773,3.9820,76.1491,14.0932
2037-05-07,21.4134,0.0336,47.6264,7.5513,400.6791,53.2902,87.0968,4.1378,79.9854,14.9288
2037-05-08,20.9241,0.6316,46.9689,11.0707,406.8494,56.3651,87.1569,4.9831,83.7302,17.6134
2037-05-09,19.5048,3.5131,54.7628,12.1197,403.9042,44.5041,71.4833,1.2105,69.7850,4.6457
2037-05-10,18.9808,3.9355,60.1848,11.8229,399.0798,34.0635,64.8921,0.9528,56.1461,2.9534
2037-05-11,18.8772,4.6319,65.2886,12.1996,391.3684,24.3238,59.7454,0.7448,42.1054,1.4437
2037-05-12,19.9458,4.9883,65.2422,9.6171,382.6074,17.3356,57.3751,0.5532,31.1435,0.6699
2037-05-13,22.4227,1.4016,55.3547,6.9965,389.0475,20.1003,73.5021,1.0119,35.6022,2.0513
2037-05-14,21.6892,5.0416,62.4039,5.9114,380.4620,14.7673,60.4329,0.5663,26.9221,0.6221
2037-05-15,22.4972,2.1068,60.4777,5.9320,386.9155,14.9315,68.8281,0.8127,27.2354,0.8996
2037-05-16,23.2282,0.9569,57.3211,7.2173,393.5006,17.6650,79.2388,1.5156,31.7650,3.2028
2037-05-17,25.4429,0.0912,42.7161,7.2550,400.4843,21.6679,87.6536,4.4136,38.1726,10.2895
2037-05-18,26.7556,0.7729,37.3138,7.0140,407.7043,26.2650,89.2393,5.4738,45.2433,13.4691
2037-05-19,25.4479,3.3434,55.4831,8.6136,406.5623,22.6105,75.3205,1.2039,39.7012,2.9101
2037-05-20,26.3784,1.6923,53.2381,7.8784,413.7144,24.5714,80.0420,1.6988,42.7894,4.5857
2037-05-21,26.7899,3.3757,53.3506,8.5306,412.5468,21.5230,75.5576,1.2157,38.0794,2.8396
2037-05-22,24.7310,2.4593,51.6989,8.3903,419.4024,20.9517,76.5652,1.2882,37.2510,2.9980
2037-05-23,21.1703,8.6652,65.1683,12.2247,393.6639,12.8417,58.4230,0.6819,23.7468,0.6900
2037-05-24,18.2101,4.2952,58.4870,15.6299,387.4373,10.1494,62.7632,1.0497,19.0511,0.9230
2037-05-25,17.1819,7.9601,65.6794,10.3313,366.1750,6.6995,50.8810,0.3067,12.8129,0.2125
2037-05-26,20.7556,2.5705,55.6304,9.6031,372.3150,7.1525,66.4908,0.9049,13.6494,0.6503
2037-05-27,22.7608,0.0991,50.1052,8.0664,378.8159,10.2867,82.4885,2.2728,19.2656,3.5169
2037-05-28,25.8360,0.0160,45.6593,9.0768,385.8704,14.1402,87.9810,5.0702,25.9070,9.2757
2037-05-29,25.9442,4.2408,51.5092,11.9173,381.4891,12.4704,75.9203,1.4744,23.0567,2.3368
2037-05-30,24.3222,1.0431,53.9322,9.3765,388.2710,15.5537,82.2806,2.3662,28.2756,4.8186
2037-05-31,24.1009,5.3017,60.5027,10.2858,379.0686,11.8856,67.5842,0.9722,22.0434,0.9376
2037-06-01,26.3404,0.0130,46.2533,6.7153,387.2138,15.7684,84.7027,2.8379,28.6227,5.8239
2037-06-02,28.1321,0.0519,42.4145,7.2120,395.6816,20.2000,89.2835,5.5640,35.8275,11.9949
2037-06-03,23.0349,3.9731,66.7774,11.2319,392.6401,15.8715,68.8054,1.0607,28.8295,1.7449
2037-06-04,23.3891,2.4139,60.0162,8.7298,400.2541,15.3647,72.0014,1.0395,28.0386,1.6221
2037-06-05,25.0173,1.0383,52.1818,6.6657,408.1613,18.6526,81.4820,1.8751,33.4802,4.2523
2037-06-06,27.5026,0.1428,49.9167,6.5362,416.5157,22.4239,87.3175,4.0570,39.5277,9.7861
2037-06-07,29.7843,0.0020,43.8359,5.3216,425.2809,26.9905,89.7018,5.3712,46.5891,13.4880
2037-06-08,30.7986,0.0002,41.5374,7.7396,434.2286,31.9001,90.6019,6.9016,53.9008,17.6684
2037-06-09,29.9578,0.1311,43.7695,5.7667,443.0251,36.4978,90.6515,6.2929,60.5291,17.5554
2037-06-10,30.2507,1.3627,45.4470,6.5189,451.8742,41.0003,86.9111,3.8255,66.8392,12.6690
2037-06-11,27.0149,3.5805,61.3961,11.7659,449.9055,33.2391,74.9093,1.3789,56.1139,4.5102
2037-06-12,25.8958,4.2780,64.5539,11.1764,444.3786,25.1184,69.0327,1.0654,44.0167,2.7280
2037-06-13,25.7618,5.8808,65.5184,8.2786,431.3925,17.3985,62.6686,0.7214,31.6099,0.8824
2037-06-14,25.7663,7.7942,65.4416,7.2463,410.4209,11.6549,58.4153,0.5303,21.7646,0.5073
2037-06-15,25.0888,9.0120,67.8524,9.2689,385.6109,7.9379,56.2619,0.4971,15.0988,0.3792
2037-06-16,25.7865,2.6843,55.0673,12.3923,393.6565,8.7074,73.6901,1.3394,16.5022,1.3452
2037-06-17,26.5767,0.2444,46.9593,11.0785,401.8443,12.5721,86.5003,4.5412,23.3202,7.9414
2037-06-18,28.0355,0.0293,47.1637,11.7779,410.2947,16.6249,88.8641,6.5941,30.1914,12.5180
2037-06-19,28.9980,0.0000,45.7138,6.7933,418.9183,20.9264,89.5352,5.6482,37.2063,12.3951
2037-06-20,29.0931,1.4152,49.6188,7.1257,427.5591,24.9311,85.4149,3.1956,43.5183,8.4505
2037-06-21,28.8877,0.5428,48.6525,9.3230,436.1629,28.9848,88.4236,5.4698,49.7109,14.1798
2037-06-22,29.0293,0.6061,44.6119,10.0858,444.7921,33.3782,89.3237,6.4681,56.2110,17.2187
2037-06-23,31.2067,0.0000,39.0179,8.8512,453.8134,38.5649,91.0626,7.7949,63.6149,21.0721
2037-06-24,33.2999,0.0001,34.8728,6.3126,463.2113,44.4630,92.2976,8.1713,71.7162,23.1948
2037-06-25,34.1974,0.0491,33.4154,5.3683,472.7709,50.6505,92.8174,8.3827,79.9005,24.9719
2037-06-26,33.2620,0.3669,37.4189,6.0955,482.1620,56.3118,92.8677,8.7572,87.1716,26.9095
2037-06-27,32.5101,0.6632,38.3840,8.5788,491.4179,61.7638,91.3139,7.9687,93.9937,26.1907
2037-06-28,32.9233,0.3131,34.5554,8.7942,500.7480,67.6258,92.3294,9.3014,101.1133,30.1561
2037-06-29,33.7436,0.0360,30.0234,6.9114,510.2259,74.0448,93.3835,9.8074,108.6654,32.2880
2037-06-30,33.6734,0.0197,30.6394,8.8529,519.6911,80.3946,93.4340,10.8918,115.9474,35.5774
2037-07-01,32.6666,0.0037,31.6518,13.0443,529.2751,85.8148,93.4844,13.5483,122.1266,41.8430
2037-07-02,28.5108,0.0679,38.9113,16.1175,538.1110,90.0630,92.5169,13.8128,126.9904,42.9730
2037-07-03,28.2118,0.2763,42.5031,15.3028,546.8931,94.0211,91.7703,11.9306,131.5168,39.5847
2037-07-04,28.0067,0.4616,44.9738,14.8986,555.6383,97.7827,91.2540,10.8639,135.8134,37.6486
2037-07-05,29.3993,1.0568,44.1437,13.3802,564.6342,101.7836,88.5708,6.8539,140.3272,27.9762
2037-07-06,29.8834,0.1404,45.0444,9.4528,573.7172,105.7825,89.7561,6.6660,144.8131,27.7231
2037-07-07,32.7165,0.0000,37.2911,5.6461,583.3102,110.7629,91.6299,7.1895,150.2158,29.5052
2037-07-08,34.4229,0.0000,34.0547,10.8518,593.2103,116.2646,92.7046,10.8771,156.0619,39.2194
2037-07-09,33.2799,0.0000,32.8813,14.2803,602.9047,121.6839,92.8081,13.1175,161.7521,44.6128
2037-07-10,31.1925,0.0000,32.0177,14.4520,612.2233,126.8398,92.8584,13.3252,167.1201,45.3805
2037-07-11,31.5905,0.0000,34.9967,11.2974,621.6136,131.8304,92.9087,11.4473,172.3055,41.4352
2037-07-12,32.6903,0.0000,32.7627,7.6518,631.2019,137.1663,92.9590,9.5936,177.7601,37.1665
2037-07-13,34.9107,0.0000,28.0069,6.4108,641.1898,143.2550,94.0118,10.4362,183.8309,39.4879
2037-07-14,36.4195,0.0000,27.0453,5.6868,651.4493,149.6835,94.5197,10.7938,190.1437,40.5692
2037-07-15,37.8642,0.0000,27.1920,6.0225,661.9689,156.3462,94.7596,11.3463,196.6051,42.0887
2037-07-16,39.0208,0.0000,27.2622,6.6086,672.6966,163.2000,94.9499,11.9955,203.1728,43.7922
2037-07-17,38.7366,0.0000,29.1882,7.1480,683.3732,169.8250,95.0009,12.4124,209.4957,44.9072
2037-07-18,37.5376,0.0000,27.8410,10.4080,693.8340,176.3729,95.0519,14.7310,215.6806,50.1744
2037-07-19,35.8116,0.0000,31.7450,10.2151,703.9840,182.2899,94.9994,14.4840,221.3127,49.7577
2037-07-20,35.3375,0.3976,33.0872,9.3699,714.0488,188.0160,94.6964,13.3148,226.7610,47.2830
2037-07-21,36.0047,0.0000,28.6737,10.7313,724.2336,194.2315,94.7473,14.3604,232.5468,49.6760
2037-07-22,35.2644,0.0000,28.2376,12.1642,734.2852,200.3603,94.7982,15.5439,238.2178,52.2766
2037-07-23,34.3718,0.0288,31.3879,11.6428,744.1761,206.0762,94.8055,15.1560,243.5462,51.5258
2037-07-24,34.6738,0.0000,29.0166,9.8069,754.1214,212.0400,94.8565,13.9138,249.0286,48.8968
2037-07-25,34.8518,0.0000,26.5367,8.9535,764.0987,218.2429,94.9074,13.4216,254.6512,47.8522
2037-07-26,33.6501,0.0187,36.3233,7.6542,773.8598,223.4397,93.9133,10.9603,259.5367,42.1019
2037-07-27,34.4917,0.0559,32.4538,7.8237,783.7723,229.0859,93.9640,11.1322,264.7296,42.5581
2037-07-28,34.4948,0.0214,30.2760,7.2764,793.6853,234.9145,94.0146,10.9057,270.0247,42.0308
2037-07-29,36.1182,0.0570,28.8228,5.5865,803.8906,241.1361,94.1248,10.1694,275.5993,40.2070
2037-07-30,37.2391,0.0009,25.6021,9.1530,814.2977,247.8350,94.9582,13.6519,281.4890,48.5405
2037-07-31,37.1970,0.0000,23.8499,11.8131,824.6971,254.6841,95.3468,16.4621,287.4452,54.5823
2037-08-01,36.5844,0.0000,25.5553,9.4007,834.2863,260.4758,95.3979,14.6798,292.5815,50.8486
2037-08-02,36.2551,0.0000,24.3751,9.5453,843.8162,266.3078,95.4491,14.8906,297.7173,51.3218
2037-08-03,36.3381,0.0000,23.7680,7.8861,853.3611,272.1998,95.5002,13.7920,302.8759,48.9327
2037-08-04,36.5089,0.0346,26.9001,7.3208,862.9367,277.8754,95.5514,13.4984,307.8903,48.2884
2037-08-05,35.5623,0.0003,33.5813,8.8516,872.3419,282.9025,94.7217,13.0167,312.4690,47.2056
2037-08-06,35.0193,0.0003,35.9195,8.4119,881.6494,287.6808,94.1426,11.7543,316.8734,44.2563
2037-08-07,32.9133,0.0000,33.5596,16.0731,890.5778,292.3462,94.1318,17.2667,321.1423,56.3238
2037-08-08,31.1855,0.2346,33.3841,16.3287,899.1952,296.7862,93.8978,16.9325,325.2195,55.6572
2037-08-09,29.5349,0.0152,34.1441,14.5568,907.5154,300.9513,93.5026,14.6582,329.0788,50.8951
2037-08-10,29.4064,0.0000,27.9379,9.9601,915.8126,305.4897,93.5531,11.7096,333.1529,44.1749
2037-08-11,30.7643,0.0000,28.9490,6.2585,924.3542,310.1636,93.6036,9.7857,337.3423,39.3656
2037-08-12,32.8829,0.0000,28.4353,5.2770,933.2771,315.1843,93.6542,9.3792,341.7939,38.3000
2037-08-13,34.1347,0.0000,27.5974,8.3126,942.4253,320.4509,94.0185,11.4965,346.4204,43.6752
2037-08-14,34.4836,0.0000,25.9529,10.3680,951.6364,325.8905,94.4263,13.4904,351.1502,48.3402
2037-08-15,34.9509,0.0000,25.1901,10.2468,960.9316,331.4583,94.6788,13.8826,355.9597,49.2233
2037-08-16,35.6031,0.0000,25.4761,9.1234,970.3441,337.1051,94.7408,13.2308,360.8259,47.7604
2037-08-17,36.1269,0.0000,25.5952,6.6714,979.8509,342.8234,94.8052,11.7970,365.7402,44.4152
2037-08-18,37.3466,0.0000,24.7598,6.9405,989.5773,348.7953,95.1752,12.5799,370.8276,46.2683
2037-08-19,38.1052,0.0000,24.9938,5.0301,999.4403,354.8661,95.2709,11.5756,375.9848,43.8876
2037-08-20,37.9555,0.0000,24.2240,6.2422,1009.2762,360.9758,95.4063,12.5341,381.1490,46.1669
2037-08-21,38.7991,0.0000,23.7719,4.0007,1019.2641,367.2547,95.6405,11.5582,386.4245,43.8500
2037-08-22,36.9459,0.0000,25.1639,10.3507,1028.9183,373.1327,95.6918,16.0278,391.4087,53.8622
2037-08-23,36.3979,0.0000,24.4036,8.1004,1038.4740,378.9848,95.7430,14.4096,396.3530,50.4094
2037-08-24,37.7745,0.0000,23.5001,6.8863,1048.2774,385.1243,95.7943,13.6491,401.4912,48.7255
2037-08-25,36.0819,0.0000,27.2661,14.7957,1057.7761,390.7074,95.8455,20.4745,406.2638,62.6017
2037-08-26,32.4923,0.0000,37.5803,14.4290,1066.6287,395.0362,93.5888,14.7400,410.2356,51.1330
2037-08-27,33.2281,0.0000,35.4286,9.2020,1075.6138,399.6123,93.6394,11.4068,414.3635,43.4903
2037-08-28,33.9734,0.0000,32.6004,7.4517,1084.7330,404.4926,93.6899,10.5176,418.6774,41.2852
2037-08-29,34.9364,0.0000,30.0452,7.6961,1094.0256,409.6969,93.7405,10.7230,423.1938,41.8029
2037-08-30,35.1105,0.0000,27.3773,11.6390,1103.3494,415.1258,94.2316,14.0012,427.8316,49.5170
2037-08-31,34.4222,0.0000,26.3480,11.1178,1112.5495,420.5270,94.3500,13.8632,432.4269,49.2110
2037-09-01,34.9115,0.0000,25.0387,7.9632,1120.5375,425.3331,94.6963,12.4035,436.4743,45.8758
2037-09-02,32.4768,0.0000,34.0775,12.6681,1128.0873,429.2738,94.0573,14.3950,439.9805,50.3870
2037-09-03,31.1080,1.1725,33.3454,14.6080,1135.3908,433.0959,91.1051,10.4816,443.3762,41.1976
2037-09-04,31.5434,0.0034,34.4119,8.2712,1142.7726,436.9077,92.1063,8.7787,446.7801,36.7168
2037-09-05,33.0347,0.0000,32.2278,6.5948,1150.4228,441.0264,92.8336,8.9375,450.3944,37.1503
2037-09-06,32.4484,0.0000,34.3651,5.8844,1157.9676,444.9466,92.8839,8.6842,453.8836,36.4578
2037-09-07,34.3148,0.0360,30.9462,5.7938,1165.8482,449.3005,93.3443,9.2198,457.6614,37.9130
2037-09-08,35.1812,0.0088,27.1735,7.6071,1173.8848,454.0047,94.2518,11.4589,461.6484,43.6229
2037-09-09,34.5360,0.0001,29.8749,9.2671,1181.8053,458.4537,94.3025,12.5463,465.4786,46.2124
2037-09-10,30.7096,0.0004,33.5368,12.6511,1189.0370,462.2177,93.8375,13.9510,468.8206,49.4100
2037-09-11,29.8718,0.0000,29.5954,13.8073,1196.1180,466.0999,93.8881,14.8922,472.1928,51.4703
2037-09-12,30.1710,0.0000,30.6256,10.2228,1203.2527,469.9622,93.9388,12.5189,475.5641,46.1491
2037-09-13,30.6367,0.0000,31.5694,8.1421,1210.4713,473.8287,93.9894,11.3523,478.9526,43.3641
2037-09-14,30.3654,0.0000,30.2192,12.0164,1217.6411,477.7378,94.0401,13.8969,482.3521,49.2904
2037-09-15,30.4860,0.0000,26.9002,12.2265,1224.8326,481.8486,94.0908,14.1437,485.8572,49.8379
2037-09-16,30.8143,0.0000,26.2383,8.7224,1232.0832,486.0396,94.1415,11.9379,489.4129,44.7781
2037-09-17,31.4480,0.0000,31.9894,9.7091,1239.4478,489.9806,94.1724,12.6001,492.8628,46.3391
2037-09-18,29.6627,0.0000,35.8136,8.2228,1246.4911,493.4961,93.3355,10.4075,496.0331,41.0126
2037-09-19,29.3253,0.0000,37.2206,8.0537,1253.4737,496.8967,92.9146,9.7291,499.1330,39.2639
2037-09-20,27.9751,0.0159,40.2831,7.4407,1260.2132,499.9879,92.1949,8.5250,502.0282,36.0195
2037-09-21,27.9857,0.0089,40.2793,7.3782,1266.9546,503.0804,92.0542,8.3309,504.9243,35.4781
2037-09-22,28.5732,0.0000,40.4165,8.7546,1273.8018,506.2281,92.0871,8.9708,507.8691,37.2433
2037-09-23,29.3739,0.0033,43.8827,6.9037,1280.7931,509.2728,91.6899,7.7253,510.7905,33.7514
2037-09-24,31.6381,0.0110,41.4325,6.5001,1288.1919,512.6864,91.7399,7.6235,513.9783,33.4554
2037-09-25,28.1199,0.9449,52.7362,17.3808,1294.9575,515.1451,87.2938,6.9834,516.5602,31.5531
2037-09-26,26.1775,0.0000,37.3370,12.1225,1301.3735,518.1883,90.2733,8.2122,519.3662,35.1445
2037-09-27,27.8767,0.0000,37.3009,9.5492,1308.0953,521.4229,90.9296,7.9224,522.3289,34.3200
2037-09-28,28.7322,0.0020,39.6718,7.0414,1314.9711,524.6270,90.9792,7.0315,525.3069,31.6988
2037-09-29,30.8792,0.0062,37.7425,8.3360,1322.2333,528.1716,91.4013,7.9701,528.5322,34.4568
2037-09-30,26.4113,2.0909,62.1689,14.6903,1328.6914,144.9207,80.4628,2.5042,227.7417,14.9189
2037-10-01,23.3646,0.8213,43.5243,15.7953,1333.6010,147.0142,86.4719,5.7365,230.5026,27.2122
2037-10-02,22.8576,0.0105,29.0346,6.4421,1338.4194,149.5902,90.8140,6.6635,233.8415,30.1675
2037-10-03,23.0761,5.8344,49.6394,13.8355,1181.3204,78.6134,72.3095,1.3601,134.8004,7.9555
2037-10-04,19.7572,1.3684,46.6637,17.0487,1185.5807,80.2990,80.7138,2.8988,137.3425,14.9163
2037-10-05,18.5758,0.0000,34.7401,10.7463,1189.6283,82.2446,87.8597,5.4202,140.2489,23.7720
2037-10-06,19.9612,0.0000,29.0543,7.9379,1193.9253,84.5086,90.6090,6.9779,143.6054,28.5292
2037-10-07,22.1031,0.0000,29.5709,8.2127,1198.6079,86.9847,91.4139,7.9350,147.2534,31.3561
2037-10-08,23.5574,0.0000,38.3764,6.9033,1203.5522,89.2870,91.4637,7.4811,150.6362,30.3332
2037-10-09,23.9200,0.3633,48.9420,9.3200,1208.5618,91.2226,90.1202,6.9761,153.4829,29.0808
2037-10-10,21.8661,6.3978,72.5321,11.2058,1076.3354,54.7198,59.6369,0.7035,97.0986,3.3273
2037-10-11,21.7075,0.5853,53.1231,8.9910,1080.9467,56.3397,79.0908,1.6340,99.6897,7.9440
2037-10-12,22.0043,0.1080,46.9244,6.6115,1085.6115,58.1978,86.0106,3.3840,102.6397,14.6952
2037-10-13,21.5506,0.9082,54.3046,8.0865,1090.1946,59.7661,84.1530,2.8231,105.1244,12.9231
2037-10-14,21.9408,0.1970,54.1270,6.2008,1094.8480,61.3676,86.2487,3.4277,107.6503,15.2103
2037-10-15,22.2580,0.0038,52.2030,5.3504,1099.5584,63.0592,87.0956,3.7027,110.3037,16.3235
2037-10-16,22.4478,0.0192,52.5596,7.0779,1104.3030,64.7518,87.3015,4.1598,112.9468,18.0068
2037-10-17,22.0717,0.0673,57.4919,9.8180,1108.9799,66.2443,87.3500,4.8089,115.2740,20.2083
2037-10-18,21.6641,0.0629,58.6687,10.1257,1113.5835,67.6699,87.3984,4.9179,117.4907,20.7126
2037-10-19,21.4265,0.0470,55.8791,11.4122,1118.1442,69.1758,87.4469,5.2838,119.8196,21.9904
2037-10-20,20.1374,0.1118,64.7329,14.3913,1122.4730,70.3107,86.6217,5.4593,121.5819,22.6454
2037-10-21,20.3807,3.5662,77.4923,11.9383,1075.2738,52.2574,63.1367,0.8874,93.1922,4.1881
2037-10-22,19.1245,18.9943,88.3739,14.5654,792.4846,22.4276,31.4579,0.0106,41.8913,0.0158
2037-10-23,18.9462,9.1700,69.7011,14.5347,715.0013,12.2697,46.0427,0.2003,23.5300,0.2015
2037-10-24,18.2816,10.5708,75.7602,12.3874,639.2504,6.5401,42.0183,0.0938,12.7540,0.0648
2037-10-25,20.2595,0.0278,57.3604,8.3996,643.6011,7.9201,70.5213,0.9715,15.3674,0.7489
2037-10-26,20.7112,0.3142,60.2823,8.7662,648.0331,9.2327,81.1473,2.0052,17.8303,2.8457
2037-10-27,21.5860,0.6836,62.8804,12.6836,652.6226,10.5086,83.2630,3.1649,20.2039,5.1874
2037-10-28,21.0549,0.1035,63.9217,9.7327,657.1165,11.7197,84.6384,3.2751,22.4390,5.7326
2037-10-29,21.3485,0.0615,67.0322,9.8508,661.6632,12.8411,84.6860,3.3161,24.4938,6.1274
2037-10-30,21.1271,0.0603,67.9842,10.7567,666.1701,13.9193,84.7336,3.4936,26.4567,6.7482
2037-10-31,20.8474,0.9053,63.8034,10.3437,670.6266,15.1230,82.3147,2.4948,28.6319,5.1291
2037-11-01,18.0165,0.0086,46.5216,16.0800,673.5736,16.4784,86.4715,5.8191,31.0574,11.4976
2037-11-02,17.2331,0.0157,53.6321,15.1882,676.3796,17.6055,86.5197,5.6015,33.0596,11.5370
2037-11-03,17.6802,0.0033,63.5477,12.1528,679.2660,18.5131,86.3136,4.6690,34.6643,10.2030
2037-11-04,18.3141,0.0148,66.9183,9.6067,682.2665,19.3646,85.8851,3.8667,36.1631,8.9151
2037-11-05,17.3385,0.4879,75.7222,5.7810,685.0915,19.9581,84.3850,2.5931,37.2064,6.3347
2037-11-06,18.6952,0.0415,65.1352,7.3426,688.1606,20.8731,84.5316,2.8617,38.8037,7.1310
2037-11-07,19.0367,0.0000,55.4443,7.5473,691.2912,22.0626,85.7931,3.4409,40.8647,8.6728
2037-11-08,19.0358,0.0000,49.0176,10.1955,694.4216,23.4236,87.0128,4.6713,43.2039,11.5701
2037-11-09,17.6143,0.0117,54.8333,10.9687,697.2962,24.5443,87.0612,4.8904,45.1182,12.3023
2037-11-10,16.6689,0.0485,67.2276,7.3640,700.0006,25.3163,85.8619,3.4422,46.4343,9.3706
2037-11-11,16.4282,0.0377,71.4488,4.3825,702.6617,25.9798,84.9723,2.6180,47.5632,7.4876
2037-11-12,19.3629,0.9091,69.0347,9.1650,705.8510,26.8199,81.0296,2.0186,48.9865,5.9973
2037-11-13,19.2077,8.9103,82.3424,14.0870,644.1546,14.1319,46.8061,0.2188,26.7942,0.2396
2037-11-14,18.5667,18.5485,87.2393,14.6921,527.7814,6.3731,29.6236,0.0065,12.3728,0.0044
2037-11-15,16.4119,3.8267,70.7237,14.2067,516.6417,4.2907,47.6865,0.2489,8.4069,0.1370
2037-11-16,14.3417,0.0846,49.7764,12.1736,518.9272,5.3189,72.2889,1.2499,10.3721,0.7691
2037-11-17,15.2898,0.0262,51.8505,9.8536,521.3833,6.3652,81.6786,2.2535,12.3534,2.4855
2037-11-18,17.7546,0.1025,61.0361,14.1025,524.2832,7.3392,84.1685,3.8307,14.1821,5.0570
2037-11-19,19.2056,0.0259,63.9573,10.7370,527.4442,8.3095,84.6746,3.4621,15.9893,4.9068
2037-11-20,18.9265,0.0015,62.0727,5.2107,530.5549,9.3165,85.0018,2.7407,17.8494,4.1159
2037-11-21,18.2144,0.0001,65.9504,5.2525,533.5375,10.1884,85.0496,2.7646,19.4484,4.4006
2037-11-22,16.9456,0.0000,67.6528,5.4191,536.2917,10.9623,85.0973,2.8062,20.8587,4.6831
2037-11-23,16.5570,0.0000,65.3489,5.2887,538.9760,11.7735,85.1450,2.8063,22.3277,4.8981
2037-11-24,15.3492,0.0035,67.5540,6.9327,541.4428,12.4811,85.1692,3.0589,23.6020,5.5359
2037-11-25,16.0056,0.6495,72.3308,8.0875,544.0278,13.1086,82.3232,2.2291,24.7276,4.1186
2037-11-26,19.7126,0.5397,70.8796,13.9987,547.2801,13.9121,82.9933,3.2664,26.1616,6.2930
2037-11-27,19.7456,0.1688,76.2432,8.6996,550.5383,14.5687,83.0403,2.5161,27.3294,5.0136
2037-11-28,18.8094,0.4343,78.1632,9.5850,553.6280,15.1451,83.0874,2.6468,28.3512,5.4057
2037-11-29,19.1348,0.5217,71.6503,8.6096,556.7763,15.9056,83.1429,2.5379,29.6908,5.3463
2037-11-30,14.5615,0.0030,53.2035,15.6372,559.1013,16.8773,85.1615,4.7379,31.3861,9.7607
2037-12-01,12.7221,0.1100,61.9530,8.8683,561.0953,17.4749,85.2092,3.3909,32.4252,7.4373
2037-12-02,15.7269,0.4369,72.6290,8.5739,563.6302,17.9983,84.5140,3.0376,33.3354,6.8437
2037-12-03,18.5854,3.1133,73.9411,16.4760,556.2317,13.8870,66.7414,1.2908,26.1423,2.1668
2037-12-04,18.1290,1.9809,66.8205,15.7468,559.1989,12.6936,70.0499,1.3854,24.0239,2.2178
2037-12-05,18.2990,0.1911,65.7903,12.1051,562.1967,13.4477,79.6414,2.0174,25.3779,3.7569
2037-12-06,17.0437,0.0885,71.1344,5.4840,564.9686,14.0429,81.6794,1.8083,26.4427,3.4161
2037-12-07,15.7528,1.5163,82.8424,7.1603,567.5081,13.8388,69.5135,0.8836,26.0873,0.9507
2037-12-08,16.4760,2.4730,80.6252,10.2474,570.1778,11.2674,59.2723,0.6545,21.4739,0.6207
2037-12-09,17.9708,4.4426,66.0981,10.8796,553.7966,7.5588,56.9294,0.5693,14.6188,0.4260
2037-12-10,15.9633,0.1016,60.7325,6.5489,556.3740,8.3203,73.1812,0.9757,16.0408,0.7718
2037-12-11,16.9395,6.9834,74.2000,16.3359,524.8347,4.6634,52.7322,0.5092,9.1242,0.2925
2037-12-12,14.2888,2.5446,64.4702,14.3282,527.1107,3.5563,60.4153,0.8645,6.9945,0.4340
2037-12-13,12.6761,0.0003,52.9366,10.3703,529.0964,4.2930,75.9024,1.3623,8.4154,0.7503
2037-12-14,14.7749,0.0698,62.3496,5.8213,531.4599,4.9723,80.9097,1.6827,9.7172,0.9995
2037-12-15,15.7329,0.0171,64.1810,9.1740,533.9958,5.6574,83.0640,2.5848,11.0229,2.7428
2037-12-16,15.2400,0.0654,64.4215,10.3717,536.4430,6.3181,83.7856,3.0164,12.2748,3.5708
2037-12-17,15.5237,0.1632,64.1608,10.2491,538.9413,6.9951,84.1051,3.1280,13.5506,3.9682
2037-12-18,14.7184,0.2617,64.0561,7.8520,541.2946,7.6413,84.1525,2.7897,14.7616,3.6927
2037-12-19,15.0063,0.0116,59.5457,6.3688,543.6997,8.3817,84.6736,2.7778,16.1413,3.9036
2037-12-20,14.3161,0.1317,67.0781,5.9839,545.9806,8.9585,84.7212,2.7421,17.2109,4.0184
2037-12-21,14.6578,1.9120,75.7995,6.6222,548.3230,7.9523,68.7218,0.8386,15.3482,0.6460
2037-12-22,15.9657,4.3658,67.9395,13.5184,533.0572,5.1502,58.0833,0.7102,10.0575,0.4298
2037-12-23,16.2870,4.5203,75.1624,20.1935,517.5875,3.0592,54.5292,0.7392,6.0293,0.3458
2037-12-24,15.5892,20.6502,84.2295,16.2665,419.8425,1.1419,32.3477,0.0145,2.2685,0.0047
2037-12-25,13.2662,1.3897,69.1610,10.0308,421.9345,1.6454,52.2885,0.3536,3.2591,0.1283
2037-12-26,12.1180,14.6911,80.6141,13.6447,366.3993,0.4222,32.4805,0.0132,0.8420,0.0034
2037-12-27,10.4246,2.9803,69.9314,14.1368,362.1013,0.3938,45.3463,0.1768,0.7855,0.0445
2037-12-28,8.5393,0.0601,55.7491,11.9863,363.3424,0.8785,65.9433,1.0004,1.7465,0.2984
2037-12-29,11.2386,11.4319,71.0735,15.0064,326.8313,0.4056,42.5442,0.1173,0.8087,0.0296
2037-12-30,11.6419,19.3189,82.8511,17.8033,267.7160,0.2483,28.9345,0.0063,0.4955,0.0015
2037-12-31,11.0213,7.6213,78.6748,13.6843,250.4262,0.2937,31.7171,0.0109,0.5858,0.0026
2038-01-01,12.1261,2.9443,73.4934,19.7501,248.0147,0.4316,47.3603,0.3147,0.8595,0.0804
2038-01-02,11.0077,0.0695,61.0993,18.5023,249.7001,1.0114,68.9000,1.5347,2.0026,0.4754
2038-01-03,9.8090,0.0007,61.1846,13.1591,251.1697,1.5327,77.5929,1.7685,3.0194,0.6244
2038-01-04,9.5526,0.0000,66.4564,6.7306,252.5932,1.9726,80.3286,1.6527,3.8697,0.6397
2038-01-05,11.5597,5.0738,74.3239,13.5026,243.6361,0.8655,52.2573,0.4197,1.7157,0.1246
2038-01-06,8.6283,2.0077,61.5532,20.5053,244.8932,0.5995,61.2079,1.2363,1.1918,0.3365
2038-01-07,3.6161,1.0068,70.1690,21.2404,245.2481,0.7727,66.7818,1.6433,1.5334,0.4740
2038-01-08,5.4639,0.0555,68.2695,15.5935,245.9356,1.0291,74.4390,1.6315,2.0370,0.5079
2038-01-09,7.0452,0.0060,57.5509,14.2037,246.9077,1.4548,79.9711,2.3193,2.8674,0.8043
2038-01-10,7.7793,0.0079,59.7975,13.0457,248.0120,1.8943,82.1919,2.8159,3.7176,1.3300
2038-01-11,7.3198,0.0181,68.8003,10.5492,249.0336,2.2177,82.2387,2.4973,4.3388,1.0942
2038-01-12,7.9132,0.0010,63.6055,9.7692,250.1619,2.6215,82.7603,2.5624,5.1092,1.4517
2038-01-13,6.5419,0.0008,72.1073,9.1699,251.0435,2.8839,82.8073,2.5010,5.6068,1.5070
2038-01-14,8.0443,0.0001,64.6617,6.7683,252.1955,3.2818,82.9295,2.2506,6.3567,1.3494
2038-01-15,9.7261,0.0007,60.5165,11.9630,253.6502,3.8080,83.5680,3.1758,7.3405,2.7159
2038-01-16,6.8597,0.0005,61.3852,12.7974,254.5889,4.1864,83.6153,3.3328,8.0422,3.0626
2038-01-17,11.2520,0.0000,48.8933,8.3326,256.3183,4.9635,85.2373,3.3135,9.4687,3.3711
2038-01-18,11.5514,0.0000,51.0344,12.4900,258.1015,5.7262,85.6565,4.3306,10.8505,4.9038
2038-01-19,7.6411,0.0005,55.4238,12.7824,259.1809,6.2059,85.7044,4.4244,11.7107,5.2320
2038-01-20,6.4569,0.0003,56.3052,10.2653,260.0472,6.6124,85.6935,3.8914,12.4343,4.7529
2038-01-21,7.6723,0.0000,50.1333,7.2826,261.1322,7.1509,85.7414,3.3709,13.3855,4.2721
2038-01-22,9.0845,0.0003,54.5076,9.0970,262.4714,7.7213,85.7894,3.7184,14.3847,4.9483
2038-01-23,10.3434,0.0039,61.6516,6.1616,264.0372,8.2616,85.5517,3.1025,15.3244,4.2577
2038-01-24,9.9897,0.4287,67.6100,5.9678,265.5393,8.7038,84.7652,2.7564,16.0891,3.8617
2038-01-25,8.3514,1.4922,82.5311,9.3332,266.7466,8.9070,69.7866,0.9944,16.4415,0.7984
2038-01-26,8.3460,0.0341,64.3486,10.6394,267.9529,9.3216,76.8418,1.4713,17.1515,1.7260
2038-01-27,9.2715,0.0000,55.0360,9.4833,269.3257,9.8957,81.4966,2.1648,18.1264,3.1723
2038-01-28,12.5642,0.0000,52.1640,8.3275,271.2913,10.7004,84.2495,2.8948,19.4800,4.6244
2038-01-29,13.8048,0.0193,54.5911,5.6565,273.4801,11.5336,85.1052,2.8431,20.8672,4.7482
2038-01-30,13.4239,0.1494,62.0932,5.5773,275.6004,12.2114,85.1529,2.8505,21.9873,4.9271
2038-01-31,12.3396,0.1305,68.5961,3.9326,277.5255,12.7310,84.7396,2.4791,22.8424,4.3695
2038-02-01,12.9495,0.0307,59.8788,6.9250,279.5604,13.5317,84.7872,2.9013,24.1420,5.3307
2038-02-02,13.6235,0.0000,48.2381,12.0149,281.7167,14.6143,86.0992,4.4987,25.8731,8.3602
2038-02-03,11.5025,0.0000,40.5458,11.2381,283.4911,15.6787,87.1899,5.0490,27.5484,9.5668
2038-02-04,15.4799,0.0000,42.4734,8.5177,285.9815,17.0335,87.7645,4.7788,29.6518,9.5193
2038-02-05,16.0751,0.0000,49.0154,7.5089,288.5790,18.2774,87.8131,4.5737,31.5579,9.5040
2038-02-06,15.8275,0.0159,53.5065,5.9346,291.1320,19.3953,87.7126,4.1646,33.2525,9.0443
2038-02-07,13.5087,0.5853,69.7365,9.3880,293.2675,20.0234,84.7871,3.2847,34.2077,7.4684
2038-02-08,12.1074,0.2655,53.6223,13.1812,295.1509,20.8935,85.2760,4.2531,35.5037,9.5658
2038-02-09,10.8727,0.0000,42.7111,7.1949,296.8119,21.8678,86.5037,3.7359,36.9329,8.7635
2038-02-10,12.9862,0.0000,45.3076,7.8274,298.8535,22.9622,86.8929,4.0757,38.5243,9.6774
2038-02-11,12.7870,0.3132,64.0470,12.4958,300.8591,23.6714,85.8071,4.4240,39.5612,10.5237
2038-02-12,15.5093,0.7727,67.6702,16.0414,303.3548,24.4342,82.2027,3.2790,40.6773,8.2932
2038-02-13,16.9369,0.2519,63.8198,14.2178,306.1074,25.3611,83.8357,3.6858,42.0190,9.3548
2038-02-14,15.3880,0.4045,45.6703,15.8015,308.5813,26.6336,86.4930,5.7555,43.8134,13.7619
2038-02-15,14.4828,0.0992,47.9403,11.2270,310.8922,27.7860,86.7579,4.7454,45.4228,12.0554
2038-02-16,15.6440,0.0009,54.7910,7.6473,313.4121,28.8613,86.8062,3.9894,46.9205,10.6670
2038-02-17,16.4777,0.0375,66.8449,10.0690,316.0821,29.6891,85.8023,3.9122,48.0865,10.6481
2038-02-18,14.6983,0.6844,74.1521,12.5230,318.4318,30.2692,81.9104,2.6504,48.9142,7.7070
2038-02-19,12.2721,21.2241,67.1687,23.7022,254.7061,11.9232,48.2370,0.4327,21.3481,0.4088
2038-02-20,7.8796,3.9643,54.0912,31.3196,248.3801,8.1871,56.7299,1.5692,15.1276,1.6894
2038-02-21,8.9368,0.1033,48.1075,19.9972,249.6927,8.9270,75.0588,2.1050,16.3891,2.8347
2038-02-22,11.5819,0.0007,39.5579,10.8141,251.4814,10.0158,83.5849,3.0038,18.2177,4.6012
2038-02-23,10.7981,1.9685,62.6592,15.7458,253.1291,9.0211,71.8621,1.4729,16.5663,1.6621
2038-02-24,9.3973,0.0410,44.8852,15.0913,254.5246,9.8430,81.3409,2.8201,17.9505,4.2614
2038-02-25,12.1213,0.0046,42.1319,10.6098,256.4104,10.9298,85.5018,3.8552,19.7545,6.2025
2038-02-26,12.7302,2.4735,62.2456,13.1410,258.4059,9.0776,69.5904,1.1973,16.6895,0.9701
2038-02-27,10.5075,6.9343,60.0544,21.2194,243.5002,5.2541,53.9053,0.7333,9.9703,0.4417
2038-02-28,10.5061,0.0000,40.2929,15.1585,245.0953,6.2384,75.3423,1.6763,11.7304,1.4271
2038-03-01,12.6110,0.0000,38.3020,6.6113,247.0693,7.6804,83.7245,2.4756,14.2532,3.1291
2038-03-02,13.4681,0.1408,60.0236,12.1530,249.1975,8.6731,84.3363,3.5515,15.9578,5.0299
2038-03-03,16.6862,0.1472,65.2551,14.4216,251.9050,9.7265,84.3838,4.0073,17.7406,6.0375
2038-03-04,17.8586,0.1123,58.2004,13.8815,254.8236,11.0774,85.3160,4.4304,19.9831,7.1076
2038-03-05,15.1107,0.2872,46.5070,11.7396,257.2475,12.5555,86.6797,4.8159,22.3803,8.1703
2038-03-06,14.9339,0.0000,33.7176,9.8798,259.6396,14.3671,88.7852,5.9251,25.2423,10.4221
2038-03-07,15.6991,1.8032,56.9010,15.9581,262.1694,14.1337,77.8077,2.0720,24.9101,3.8189
2038-03-08,11.1954,2.4176,54.9034,19.0541,263.8886,12.1878,70.1610,1.6425,21.8524,2.5893
2038-03-09,9.9140,0.0412,45.2848,15.3388,265.3771,13.2150,80.8170,2.6902,23.5040,4.8525
2038-03-10,11.9603,0.0000,47.0825,10.3751,267.2340,14.3931,84.6234,3.3760,25.3702,6.3695
2038-03-11,14.1572,0.0000,48.3777,6.5408,269.4863,15.7357,86.0123,3.3728,27.4624,6.6828
2038-03-12,16.9548,0.0000,49.6517,8.8419,272.2421,17.2852,86.6966,4.1716,29.8348,8.5014
2038-03-13,17.3634,0.0798,51.3275,9.4942,275.0715,18.8171,86.7449,4.3406,32.1379,9.1864
2038-03-14,12.7222,0.0533,42.2716,17.2096,277.0655,20.1772,87.3541,6.9833,34.1390,13.9810
2038-03-15,10.5818,0.0013,41.4664,11.8199,278.6743,21.3428,87.4026,5.3594,35.8261,11.6383
2038-03-16,8.9761,0.1411,47.3822,13.5734,279.9940,22.2465,87.4511,5.8952,37.1198,12.8072
2038-03-17,8.5138,0.1417,43.4026,15.7193,281.2304,23.1740,87.4996,6.6141,38.4311,14.2789
2038-03-18,8.8396,0.0720,41.1788,12.2872,282.5256,24.1707,87.5482,5.6024,39.8238,12.7850
2038-03-19,12.2212,0.0087,36.6754,9.0587,284.4294,25.6086,88.2288,5.2487,41.8070,12.4715
2038-03-20,13.7479,4.2988,61.8157,11.3845,277.5015,18.2030,62.0129,0.8158,31.2769,0.9907
2038-03-21,10.3229,1.8238,63.2726,17.8886,279.0636,17.2027,65.9290,1.3462,29.8111,2.6064
2038-03-22,11.8300,0.0002,41.2529,14.6080,280.8970,18.4975,80.5159,2.5083,31.7654,5.5280
2038-03-23,16.1083,0.0000,38.4019,8.1498,283.5005,20.3043,86.4778,3.9056,34.4419,8.7367
2038-03-24,17.9518,0.4459,52.3116,8.6858,286.4358,21.8531,86.6228,4.0958,36.7052,9.4467
2038-03-25,15.1233,0.0612,49.6397,8.8998,288.8620,23.2457,86.6710,4.1686,38.7047,9.8894
2038-03-26,16.9902,0.7383,58.6460,12.3667,291.6242,24.5210,84.0895,3.4729,40.5235,8.6985
2038-03-27,13.1032,8.2046,73.9329,14.0402,271.6948,13.5222,48.6432,0.2805,24.0517,0.2862
2038-03-28,6.5517,0.9534,56.2904,22.4115,272.5782,14.0923,65.9636,1.6930,24.9587,3.0117
2038-03-29,11.2776,0.0018,35.3508,15.5948,274.3121,15.4563,81.4382,2.9255,27.0958,5.7898
2038-03-30,18.1067,0.0000,39.3635,9.7006,277.2753,17.4415,87.1234,4.6285,30.1429,9.3518
2038-03-31,19.3054,0.0000,47.7624,6.0052,280.4543,19.2585,87.5302,4.0718,32.8736,8.8115
2038-04-01,17.8976,0.0720,50.3037,11.8760,284.6299,21.5473,87.5787,5.5115,36.2366,11.9790
2038-04-02,13.6413,0.0100,39.6298,14.2603,288.0393,23.7048,88.0438,6.6430,39.3199,14.5038
2038-04-03,14.9992,0.2418,41.2108,7.2031,291.6932,25.9994,88.1184,4.7051,42.5232,11.5335
2038-04-04,17.0551,1.0588,56.1067,8.5925,295.7171,27.9313,82.3082,2.2823,45.1914,6.3832
2038-04-05,17.5165,0.1961,53.3834,7.5889,299.8241,30.0352,85.1468,3.1519,48.0394,8.8712
2038-04-06,18.2828,0.9770,53.6626,9.3788,304.0690,32.2126,82.8654,2.5462,50.9352,7.6297
2038-04-07,18.4223,0.2853,54.6714,11.2089,308.3390,34.3579,85.4025,3.9189,53.7442,11.3788
2038-04-08,13.7329,8.2112,71.3359,19.7875,288.8388,18.9567,53.1631,0.6335,32.5695,0.7908
2038-04-09,15.6844,0.5314,58.5080,15.3908,292.6160,20.6450,74.0491,1.5842,35.0991,3.6554
2038-04-10,17.5741,0.0030,49.4980,9.6646,296.7334,22.9313,83.2903,2.7279,38.4368,6.7830
2038-04-11,21.1600,0.0000,46.9796,6.9814,301.4962,25.7926,86.9261,3.9241,42.4964,9.9288
2038-04-12,22.4569,0.0000,42.5849,7.1751,306.4924,29.0715,88.6554,5.0748,46.9983,12.9624
2038-04-13,22.8563,0.0000,40.2534,6.1746,311.5605,32.5415,89.4197,5.3848,51.6074,14.3015
2038-04-14,23.1955,0.0000,35.3738,6.7004,316.6897,36.3480,90.3808,6.3458,56.4876,17.0200
2038-04-15,23.7048,0.0005,35.0309,7.1191,321.9106,40.2549,90.6923,6.7760,61.3349,18.6723
2038-04-16,24.6474,0.1076,30.7545,7.9665,327.3011,44.5772,91.6047,8.0524,66.5088,22.0735
2038-04-17,23.7214,0.0312,36.8437,9.3318,332.5250,48.3776,91.6546,8.6871,70.9498,24.0812
2038-04-18,21.6491,0.0001,40.2763,9.6850,337.3758,51.6714,91.1199,8.1960,74.7295,23.7454
2038-04-19,20.8129,0.0000,34.1126,7.9553,342.0761,55.1716,91.1696,7.5653,78.6362,23.0456
2038-04-20,21.9005,0.0000,37.7465,6.6360,346.9722,58.6429,91.2193,7.1290,82.4486,22.6436
2038-04-21,24.2527,0.0047,43.4931,5.3241,352.2917,62.1160,90.9080,6.3835,86.2244,21.4345
2038-04-22,23.2718,0.0020,41.0211,8.5847,357.4346,65.6008,90.9577,7.5769,89.9361,24.7319
2038-04-23,23.6289,0.2071,42.7728,5.1564,362.6418,69.0316,90.8606,6.2872,93.5455,22.1267
2038-04-24,25.0878,0.0005,38.8701,5.7298,368.1116,72.9126,90.9102,6.5174,97.5302,23.1831
2038-04-25,25.0966,0.0388,35.9232,6.9041,373.5830,76.9820,90.9599,6.9639,101.6157,24.7808
2038-04-26,23.8336,1.7368,40.0781,6.9259,378.8271,75.1196,84.0073,2.6113,100.4448,11.8458
2038-04-27,20.7720,2.5509,58.5208,17.2913,383.5200,63.6804,75.8145,1.9202,90.0009,8.5817
2038-04-28,19.3240,5.3509,65.5566,14.6668,371.9910,42.1726,61.8802,0.9558,65.7188,3.4080
2038-04-29,17.5515,10.0544,72.4344,11.8195,342.2771,22.4777,46.6009,0.1895,38.6156,0.2659
2038-04-30,14.5285,15.8588,86.1049,15.3592,294.2373,10.1758,28.7016,0.0052,18.7320,0.0045
2038-05-01,16.8092,3.6100,59.7365,12.5294,292.6379,8.4435,52.5664,0.4130,15.7508,0.3232
2038-05-02,21.6385,0.0000,46.6899,7.2401,298.9368,11.6348,78.0496,1.3625,21.2062,1.9031
2038-05-03,22.5412,0.0078,48.5289,12.1157,305.3982,14.8383,86.0360,4.4816,26.4623,8.4411
2038-05-04,21.0969,1.0024,54.0050,15.2238,311.5997,17.5261,84.1386,4.0372,30.7310,8.4068
2038-05-05,17.8684,6.7356,73.3499,11.7945,299.1018,11.0644,54.2517,0.4716,20.2556,0.4309
2038-05-06,18.5299,6.1679,62.1616,18.0642,289.1478,7.9451,58.6714,0.9314,14.8689,0.7040
2038-05-07,11.9299,4.0896,70.6220,20.1639,285.1747,5.6409,54.1895,0.7147,10.7501,0.4485
2038-05-08,17.1417,0.3148,53.3844,13.6356,290.6642,7.8795,76.2320,1.6405,14.7588,1.7836
2038-05-09,19.4671,0.0078,42.7803,8.6719,296.5722,10.9778,85.4619,3.4772,20.0959,5.6748
2038-05-10,20.5243,0.1938,46.2275,10.5505,302.6706,14.0390,87.5524,5.1360,25.1604,9.2261
2038-05-11,19.5167,0.0063,45.0058,11.8459,308.5876,17.0239,88.0596,5.8954,29.9212,11.3855
2038-05-12,19.3557,0.0250,46.0706,8.6219,314.4757,19.9282,88.1083,5.0465,34.4057,10.8343
2038-05-13,18.0003,0.5406,51.4711,9.2265,320.1197,22.3684,87.1180,4.5158,38.0840,10.4726
2038-05-14,20.3059,0.2685,46.7121,10.1722,326.1788,25.3714,87.8240,5.2387,42.4819,12.5641
2038-05-15,23.0537,0.0006,43.6909,9.0398,332.7324,28.9520,88.7911,5.6844,47.5586,14.2570
2038-05-16,22.7786,0.6895,51.4654,6.3565,339.2366,32.0031,86.7233,3.6945,51.7914,10.6100
2038-05-17,20.7468,7.7024,65.8590,9.3290,322.4928,19.0784,58.3534,0.5864,33.2406,0.7422
2038-05-18,22.4424,0.2717,51.7533,7.6830,328.9365,22.0687,79.4280,1.5805,37.7977,3.8626
2038-05-19,23.9472,0.4771,50.8734,5.4735,335.6510,25.3082,85.8194,3.1109,42.5884,8.1451
2038-05-20,23.2735,5.8232,61.4496,8.6873,326.3314,17.6080,65.0326,0.8181,31.0303,0.9882
2038-05-21,22.6652,3.4183,55.0894,10.0382,325.9000,15.3360,69.3809,1.0172,27.4434,1.5069
2038-05-22,23.5220,0.0110,49.7291,6.9912,332.5380,18.5946,83.4529,2.4351,32.6280,5.4660
2038-05-23,23.8537,1.1119,55.3796,10.5903,339.2356,21.5259,83.2471,2.8422,37.1574,6.8943
2038-05-24,22.4757,1.0816,61.2636,13.2673,345.6853,23.9302,82.0980,2.8150,40.7994,7.2517
2038-05-25,23.0290,2.4674,59.5945,12.7615,352.2345,22.3230,75.8312,1.5299,38.5397,3.7807
2038-05-26,23.0838,2.7546,62.9563,10.5309,358.7936,19.9789,71.7098,1.1263,35.0750,2.3718
2038-05-27,24.6119,2.4632,61.8794,7.7509,365.6277,18.8800,72.2682,0.9994,33.4428,1.8739
2038-05-28,23.1113,3.6079,64.8234,10.7037,363.8119,15.4964,67.4261,0.9877,28.0101,1.4555
2038-05-29,21.4417,6.4935,65.6238,13.6483,350.4288,10.6555,60.2190,0.8255,19.8054,0.7437
2038-05-30,23.1828,2.6474,61.7014,10.7272,357.0057,10.3071,69.2710,1.0495,19.2264,0.9280
2038-05-31,25.2544,0.0330,53.5344,8.9375,363.9555,13.5309,83.6379,2.7519,24.7606,5.1400
2038-06-01,26.7774,0.0004,47.9510,6.3256,372.1794,17.3509,87.8917,4.3577,31.0795,9.0405
2038-06-02,28.4191,0.2349,45.2014,7.3699,380.6988,21.6095,89.3824,5.6885,37.8481,12.5833
2038-06-03,27.9776,0.2766,49.2373,9.7187,389.1388,25.4955,89.4315,6.4486,43.8144,15.0252
2038-06-04,26.6829,1.2278,56.1135,8.9354,397.3457,28.7054,84.3678,3.0328,48.6283,8.6453
2038-06-05,28.4846,1.3187,50.3600,11.1053,405.8769,32.5717,85.2745,3.8300,54.2579,11.2306
2038-06-06,28.8986,0.0012,42.3315,8.5451,414.4827,37.1261,89.5792,6.2085,60.6671,17.4015
2038-06-07,28.3528,1.9652,53.2549,7.7716,422.9902,37.2100,82.3158,2.1918,61.0039,7.4941
2038-06-08,28.5775,2.1037,54.0423,10.2944,431.5381,36.5511,81.3950,2.2285,60.3278,7.5516
2038-06-09,26.0363,8.7706,64.0213,12.6522,406.2645,21.4177,65.3064,1.0099,37.8473,2.1823
2038-06-10,22.9959,1.8186,61.7874,10.9684,413.8078,21.9833,73.8412,1.2553,38.8120,3.0076
2038-06-11,26.4709,0.0000,41.7779,7.2457,421.9765,26.2094,87.0470,4.0457,45.3733,10.5819
2038-06-12,29.2117,0.0029,40.0045,9.1629,430.6386,30.9970,90.2838,7.0851,52.5397,17.7721
2038-06-13,29.6684,0.0000,40.2245,5.8145,439.3830,35.8390,90.7077,6.3589,59.5374,17.5354
2038-06-14,30.9586,5.6638,42.4258,9.5868,428.5976,26.8320,80.4303,1.9295,46.4016,5.5295
2038-06-15,22.8170,4.2032,67.8039,14.8671,423.5560,20.2929,67.6183,1.2261,36.2445,2.7467
2038-06-16,24.7090,1.5712,58.9639,9.4358,431.4077,22.2233,76.9427,1.3949,39.3757,3.4585
2038-06-17,26.7182,1.4470,54.7761,9.2160,439.6209,25.5353,81.5461,2.1483,44.5949,5.9729
2038-06-18,26.8017,2.1573,58.1002,8.0570,447.8492,25.2498,78.2747,1.4474,44.2610,3.9593
2038-06-19,29.5717,0.6761,49.6202,6.2959,456.5761,29.3179,86.5510,3.5944,50.5249,10.2203
2038-06-20,31.2179,0.0473,43.1686,5.2359,465.5994,34.1532,89.9526,5.5438,57.7213,15.5546
2038-06-21,33.8421,0.0570,36.5031,6.3945,475.0950,39.9943,91.9940,7.8608,66.0815,21.6250
2038-06-22,35.2560,0.0013,33.5910,6.2127,484.8450,46.3505,92.9373,8.8955,74.8195,25.1608
2038-06-23,36.2239,0.1425,31.2340,6.7201,494.7693,53.1075,93.6103,10.0252,83.7431,28.9212
2038-06-24,35.2378,0.0666,34.8524,6.4729,504.5161,59.3399,93.6608,9.9710,91.7124,30.1567
2038-06-25,34.6422,0.9186,35.5859,10.1117,514.1557,65.4011,91.8237,9.2544,99.2427,29.7895
2038-06-26,32.8416,0.1023,42.4784,7.1296,523.4712,70.5410,91.8737,8.0198,105.5300,27.8113
2038-06-27,33.5251,0.0502,36.3545,7.8706,532.9098,76.3427,92.1477,8.6538,112.4224,30.1263
2038-06-28,34.0089,0.0323,36.6929,7.8217,542.4354,82.1942,92.1978,8.6937,119.2239,30.9701
2038-06-29,34.2151,0.1726,35.8234,6.9637,551.9981,88.1608,92.3793,8.5417,126.0088,31.2729
2038-06-30,33.9887,0.8485,36.1359,7.6408,561.5200,94.0604,91.5220,7.8289,132.5937,30.0419
2038-07-01,31.3597,1.7557,48.7828,8.6933,570.8688,89.7946,85.8430,3.6710,128.9007,17.3907
2038-07-02,33.8839,0.1609,37.1000,7.3832,580.6719,94.9626,91.5362,7.7435,134.8089,29.9922
2038-07-03,34.9551,0.6598,35.7881,6.9503,590.6678,100.3999,92.1121,8.2201,140.9178,31.6818
2038-07-04,35.4581,0.0653,36.0161,6.3941,600.7542,105.8935,92.5372,8.4867,147.0060,32.7822
2038-07-05,35.1560,1.0458,34.4929,7.7757,610.7863,111.4714,91.7366,8.1258,153.0925,32.2077
2038-07-06,34.6696,0.2010,36.9292,9.1223,620.7309,116.7698,92.2209,9.3129,158.8389,35.5901
2038-07-07,34.6815,0.0018,37.6062,7.0173,630.6775,122.0130,92.2710,8.4350,164.4759,33.6091
2038-07-08,34.3286,0.4703,37.9165,6.7022,640.5607,127.1787,92.3211,8.3610,169.9845,33.6528
2038-07-09,36.1139,0.0000,31.1500,7.9779,650.7652,133.1962,93.5737,10.6269,176.2215,39.6614
2038-07-10,35.9120,0.0000,32.8292,6.9609,660.9333,139.0350,93.6242,10.1673,182.2329,38.7685
2038-07-11,36.6901,0.0000,30.6978,7.8487,671.2415,145.1857,93.8340,10.9471,188.4629,40.8859
2038-07-12,37.5938,0.0000,26.2484,6.9368,681.7124,151.8879,94.8676,12.0587,195.1022,43.7175
2038-07-13,36.9339,0.9524,32.8611,12.3588,692.0645,157.8851,92.9516,12.1490,201.0838,44.0950
2038-07-14,34.6498,0.0000,29.3475,13.6320,702.0055,163.8171,93.7274,14.4354,206.9195,49.3372
2038-07-15,35.1166,0.0000,20.1423,11.5621,712.0305,170.6095,95.7151,17.0908,213.3920,54.9790
2038-07-16,36.4163,0.0000,19.4067,8.4646,722.2894,177.7105,96.1687,15.5473,220.0621,51.9853
2038-07-17,38.0629,0.0013,24.0265,9.8519,732.8448,184.6983,96.2201,16.7891,226.6135,54.6529
2038-07-18,33.0153,0.0000,34.7751,12.5582,742.4915,189.9243,94.2131,14.6276,231.6880,50.2404
2038-07-19,33.7576,0.4672,30.4815,8.1910,752.2719,195.6154,94.2639,11.8208,237.0978,43.9796
2038-07-20,34.3776,0.0149,27.0726,7.3998,762.1638,201.6918,94.3146,11.4387,242.7716,43.1278
2038-07-21,34.7877,0.0028,29.0394,7.1488,772.1296,207.6727,94.3654,11.3744,248.3525,43.0259
2038-07-22,35.6694,0.0248,29.8332,7.1947,782.2541,213.7319,94.4162,11.4809,253.9795,43.3308
2038-07-23,35.5655,0.0027,30.4046,8.7966,792.3599,219.7249,94.4670,12.5336,259.5287,45.8633
2038-07-24,36.4247,0.0061,28.4763,7.4167,802.6204,226.0282,94.5179,11.7739,265.2863,44.1139
2038-07-25,36.5864,0.0037,29.1586,7.1298,812.9099,232.2983,94.5687,11.6865,270.9960,43.9380
2038-07-26,37.8767,0.0016,26.9786,6.0066,823.4317,238.9826,94.8065,11.4103,276.9899,43.3022
2038-07-27,38.2379,0.0713,26.8770,5.6960,834.0185,245.7382,94.8986,11.3761,283.0093,43.2454
2038-07-28,36.1200,0.1984,31.0839,6.3204,844.2241,251.7624,94.9496,11.8221,288.4630,44.3416
2038-07-29,35.4651,0.4276,32.0162,7.5175,854.3118,257.6005,94.8902,12.4553,293.7586,45.8558
2038-07-30,35.0009,1.6214,30.9841,7.6813,864.3160,180.9853,91.4708,7.7881,237.5926,33.5258
2038-07-31,31.4067,1.5221,42.4014,10.2047,873.6732,165.0600,88.0518,5.4214,224.2182,26.1137
2038-08-01,33.1289,0.8759,33.6060,7.3730,882.6404,169.7517,91.3577,7.5457,229.2693,32.7447
2038-08-02,32.6721,0.8104,36.7988,8.7966,891.5254,174.1582,91.1516,7.8727,234.0252,33.7326
2038-08-03,34.5520,0.0069,30.5213,8.0406,900.7487,179.2719,93.3459,10.3274,239.4181,40.3521
2038-08-04,35.7777,0.0000,24.9332,7.9645,910.1927,184.9870,94.8009,12.5838,245.3248,45.8565
2038-08-05,37.1277,0.0000,22.1296,8.3356,919.8797,191.1325,95.6768,14.4510,251.5812,50.0978
2038-08-06,37.7910,0.0000,21.8355,6.6271,929.6861,197.4082,95.8847,13.6381,257.9073,48.3639
2038-08-07,38.1473,0.0000,22.2184,6.6689,939.5566,203.7104,95.9360,13.7622,264.2092,48.6873
2038-08-08,38.8590,0.0763,21.9904,7.4791,949.5553,210.1457,96.0381,14.5353,270.5842,50.4277
2038-08-09,36.7967,0.0000,23.7068,9.8449,959.1827,216.1146,96.0895,16.4897,276.4890,54.5826
2038-08-10,35.9244,0.2878,24.3977,7.5333,968.6531,221.8933,96.1408,14.7788,282.1840,51.0181
2038-08-11,35.3953,0.9119,29.2167,6.9132,978.0282,227.2263,93.2935,9.6860,287.4777,39.0043
2038-08-12,35.6861,0.2837,26.0798,7.6255,987.4557,232.8401,94.5505,11.9520,292.9737,44.6671
2038-08-13,35.7080,0.0000,22.9196,8.5240,996.8871,238.6973,95.2682,13.7990,298.6317,48.9354
2038-08-14,36.5301,0.0000,22.8489,7.8965,1006.4665,244.6909,95.4539,13.7124,304.3803,48.7593
2038-08-15,38.2957,0.0224,21.1646,6.4765,1016.3638,251.1026,96.0934,13.9230,310.4537,49.2442
2038-08-16,37.8742,0.0269,23.9790,5.0811,1026.1851,257.2193,96.1448,13.0680,316.2585,47.3312
2038-08-17,38.2501,0.3709,24.0692,7.1621,1036.0741,263.3877,96.1962,14.6139,322.0799,50.7865
2038-08-18,37.9633,0.0005,23.0425,8.6398,1045.9115,269.5939,96.2476,15.8531,327.8935,53.4385
2038-08-19,34.0787,0.0000,21.9712,16.9028,1055.0497,275.2607,96.2990,24.2079,333.1959,69.1928
2038-08-20,34.4323,0.0000,20.8814,14.6364,1064.2515,281.0645,96.3504,21.7454,338.5830,64.8733
2038-08-21,35.9603,0.0000,20.8716,10.6682,1073.7284,287.1186,96.4019,17.9283,344.1620,57.6811
2038-08-22,37.3723,0.0000,21.0423,7.2856,1083.4594,293.3897,96.4534,15.2238,349.9036,52.1392
2038-08-23,38.3290,0.0000,22.8016,5.8134,1093.3626,299.6736,96.5049,14.2335,355.6512,49.9996
2038-08-24,38.0267,0.0022,26.5104,4.9732,1103.2114,305.6098,96.4270,13.5013,361.1244,48.3732
2038-08-25,38.4550,0.0001,23.8811,6.2940,1113.1373,311.8256,96.4785,14.5308,366.7824,50.6593
2038-08-26,38.2597,0.0000,22.7437,5.9801,1123.0280,318.1032,96.5300,14.4021,372.4563,50.3820
2038-08-27,38.5132,0.0000,23.5016,4.4279,1132.9644,324.3592,96.5815,13.4111,378.1003,48.1802
2038-08-28,38.9390,0.0000,22.7990,5.9510,1142.9774,330.7406,96.6330,14.5815,383.8191,50.7795
2038-08-29,38.4407,0.0000,21.3699,11.1164,1152.9008,337.1592,96.6845,19.0479,389.5293,59.8999
2038-08-30,36.1704,0.0000,24.8459,11.8639,1162.4154,342.9418,96.4512,19.1684,394.7388,60.1334
2038-08-31,35.6316,0.0012,21.8210,11.3345,1171.8331,348.8702,96.5026,18.7935,400.0156,59.4138
2038-09-01,35.3483,0.0098,22.7447,9.9944,1179.8998,353.8833,96.5541,17.6884,404.4805,57.2474
2038-09-02,34.8281,0.0000,24.5322,8.8709,1187.8729,358.7106,96.3015,16.1559,408.8003,54.1344
2038-09-03,35.2159,0.0000,24.9452,7.3545,1195.9157,363.5633,96.2422,14.8481,413.1377,51.3674
2038-09-04,35.0448,0.0014,33.8336,12.6764,1203.9278,367.8212,94.6553,15.6400,417.0795,53.0574
2038-09-05,32.8726,0.0003,41.1448,7.9409,1211.5488,371.3809,92.9744,9.7555,420.5102,39.3271
2038-09-06,32.4910,0.1920,41.0124,8.6583,1219.1012,374.9086,92.7070,9.7422,423.9078,39.2928
2038-09-07,33.2072,0.0000,37.0350,9.4286,1226.7825,378.7545,92.7573,10.1995,427.5255,40.4771
2038-09-08,30.3100,0.0000,26.7788,13.2716,1233.9423,382.8491,93.5012,13.7362,431.2183,48.9273
2038-09-09,29.5616,0.0000,25.8941,9.6824,1240.9674,386.8944,93.6153,11.6473,434.8543,44.0767
2038-09-10,30.3468,0.0000,27.0429,9.4427,1248.1338,390.9791,93.6658,11.5886,438.5319,43.9355
2038-09-11,30.8479,0.0000,28.9764,8.7166,1255.3905,395.0188,93.7164,11.2512,442.1905,43.1141
2038-09-12,31.1190,0.1102,34.0558,8.1793,1262.6959,398.8015,93.7236,10.9615,445.6920,42.4001
2038-09-13,31.0641,0.0484,38.8463,7.7904,1269.9914,402.3033,92.9663,9.6708,449.0140,39.1086
2038-09-14,29.9807,1.6779,44.8767,6.7615,1277.0919,177.2454,86.1577,3.4810,263.1763,19.2642
2038-09-15,32.0822,0.0000,31.3968,8.9664,1284.5707,181.2982,92.3144,9.3627,268.0265,38.0715
2038-09-16,29.2636,0.0000,34.2656,11.9211,1291.5422,184.8517,92.3645,10.9428,272.2788,42.1343
2038-09-17,29.5309,0.0000,30.0099,9.6583,1298.5618,188.6685,92.7166,10.2594,276.7972,40.4419
2038-09-18,30.8201,0.0000,29.9637,7.4032,1305.8134,192.6486,92.9591,9.4743,281.4795,38.4268
2038-09-19,31.4996,0.0000,30.7714,6.8408,1313.1873,196.6666,93.0094,9.2747,286.1839,37.9145
2038-09-20,32.6421,0.0000,29.9523,6.4502,1320.7669,200.8746,93.2745,9.4375,291.0755,38.3624
2038-09-21,33.3471,0.0065,27.7170,5.9181,1328.4733,205.3076,93.8336,9.9318,296.1822,39.6704
2038-09-22,34.2345,0.0014,29.4819,9.8897,1336.3396,209.7437,93.8843,12.2178,301.2727,45.3219
2038-09-23,30.2998,0.1977,39.6101,13.7514,1343.4975,213.1197,92.7178,12.6116,305.2031,46.2538
2038-09-24,24.7328,3.6070,40.7216,22.4265,1262.3472,104.0283,82.2325,4.5401,172.5148,22.1979
2038-09-25,22.3020,0.0000,26.8810,17.8195,1268.0656,107.0747,90.8038,11.8048,176.8225,42.4674
2038-09-26,24.1882,0.0000,26.8962,8.1918,1274.1235,110.3660,92.2427,8.9137,181.4406,35.5449
2038-09-27,27.6359,0.0000,25.4782,6.2311,1280.8020,114.1786,93.2432,9.2931,186.7394,36.7053
2038-09-28,29.6349,0.0000,34.9854,5.2614,1287.8402,117.7361,93.2812,8.8971,191.6663,35.8119
2038-09-29,28.3308,0.0714,40.6291,8.5539,1294.6438,120.8470,92.2461,9.0822,195.9640,36.4128
2038-09-30,27.1072,0.5237,42.9568,7.0733,1301.2271,123.7117,91.4270,7.5061,199.9085,32.1798
2038-10-01,28.3046,0.7652,44.8021,8.1778,1307.0259,126.1709,88.9355,5.5567,203.2831,26.2887
2038-10-02,28.6925,0.0063,46.3442,6.9441,1312.8946,128.5931,89.4043,5.5853,206.5975,26.4341
2038-10-03,28.1585,0.0005,44.1923,6.6983,1318.6671,131.0671,89.7284,5.7791,209.9620,27.1129
2038-10-04,24.6438,7.2589,58.5375,9.6303,1127.8052,69.1784,66.7552,0.9146,119.9611,5.1537
2038-10-05,20.8233,15.2773,75.5225,9.0343,866.8533,32.6048,44.1681,0.1137,59.6048,0.2171
2038-10-06,21.1894,10.0096,71.7558,12.7887,765.6632,16.6027,48.4141,0.2556,31.4978,0.3118
2038-10-07,22.9402,2.1448,57.0110,10.5387,770.4965,15.6310,69.3848,1.0433,29.7530,1.7592
2038-10-08,24.5681,0.0547,47.1182,7.1618,775.6227,17.6877,84.3698,2.7743,33.4674,6.3040
2038-10-09,24.3381,0.0221,50.3367,9.7647,780.7076,19.6019,87.3385,4.7881,36.8883,10.7927
2038-10-10,24.1686,0.0002,44.9723,6.6796,785.7619,21.7087,88.6457,4.9427,40.6124,11.6941
2038-10-11,24.0787,0.0000,40.6142,7.7456,790.8001,23.9744,89.5542,5.9419,44.5706,14.2397
2038-10-12,23.2715,0.0000,41.7635,10.1143,795.6930,26.1249,89.6034,6.7427,48.2863,16.3741
2038-10-13,23.4717,0.0006,43.6724,6.4848,800.6218,28.2220,89.6526,5.6555,51.8727,14.8939
2038-10-14,24.5578,0.0000,43.2117,5.6638,805.7462,30.4298,89.7019,5.4647,55.6092,15.0729
2038-10-15,25.0716,0.0000,39.5925,9.7828,810.9631,32.8252,90.0511,7.0705,59.6176,18.9750
2038-10-16,21.9605,0.2909,52.9084,14.5577,815.6200,34.4707,89.0035,7.7389,62.3532,20.7447
2038-10-17,20.1553,0.0903,53.1922,9.5385,819.9520,35.9782,88.5606,5.6393,64.8433,16.7926
2038-10-18,21.6807,0.2067,50.5732,5.8185,824.5585,37.6843,88.6095,4.7083,67.6402,14.9946
2038-10-19,21.9353,0.9282,65.1911,11.1713,829.2109,38.8992,83.2172,2.9154,69.6321,10.4156
2038-10-20,24.4205,0.8613,61.8522,13.5365,834.3105,40.3743,83.6949,3.4957,72.0339,12.3184
2038-10-21,22.5678,2.5685,59.0830,13.5498,839.0768,35.0537,75.7754,1.5864,63.4777,5.6901
2038-10-22,21.2430,0.0005,42.7021,9.4031,843.6045,36.9935,85.9371,3.8552,66.6772,12.7288
2038-10-23,21.3970,0.0003,41.8589,7.3969,848.1600,38.9753,88.3764,4.9304,69.9183,15.8199
2038-10-24,21.9594,0.0002,44.7439,5.8613,852.8166,40.9060,88.5905,4.7057,73.0520,15.6477
2038-10-25,22.5243,0.0000,46.5854,6.6696,857.5750,42.8180,88.6394,4.9358,76.1328,16.5991
2038-10-26,22.3135,0.0000,49.7682,7.6972,862.2954,44.6000,88.6883,5.2347,78.9866,17.6985
2038-10-27,22.9746,0.0000,45.7054,5.7030,867.1349,46.5806,88.7373,4.7676,82.1313,16.8608
2038-10-28,22.1050,3.2460,53.7824,7.5840,848.0381,37.4804,73.0974,1.0243,67.5023,3.7756
2038-10-29,17.1927,15.7805,75.8918,21.9367,693.6757,16.3051,48.2417,0.3961,30.8003,0.4760
2038-10-30,14.2346,5.4650,71.7522,20.9514,662.0889,10.3173,50.2726,0.4874,19.8610,0.4399
2038-10-31,15.3384,0.0255,58.8059,16.0051,665.5538,11.3434,72.8805,1.5518,21.7596,2.3838
2038-11-01,15.2371,0.0100,51.4955,13.5534,668.0005,12.3940,82.2894,2.9236,23.6892,5.3061
2038-11-02,16.6069,0.0000,45.8870,13.5011,670.6938,13.6643,86.2165,4.9293,26.0042,9.0742
2038-11-03,17.9462,0.0021,45.4799,16.0075,673.6281,15.0411,87.4980,6.7093,28.4917,12.3055
2038-11-04,15.4580,0.0256,65.3509,15.6862,676.1145,15.8017,86.0148,5.3491,29.8588,10.5016
2038-11-05,15.8969,0.0032,62.5322,10.2825,678.6800,16.6460,86.0629,4.1017,31.3686,8.6270
2038-11-06,16.3775,0.2057,58.5073,17.3131,681.3319,17.6075,86.1109,5.8851,33.0779,12.0091
2038-11-07,13.1419,0.2506,59.2558,21.6507,683.4014,18.3768,86.1590,7.3725,34.4384,14.6470
2038-11-08,13.7220,0.2050,60.8835,16.1378,685.5754,19.1455,86.0964,5.5353,35.7921,11.9388
2038-11-09,13.7957,0.2286,65.0606,11.6355,687.7626,19.8355,85.5673,4.0968,37.0030,9.4935
2038-11-10,14.2613,0.0340,59.0056,10.4604,690.0337,20.6704,85.6152,3.8871,38.4605,9.2876
2038-11-11,14.2000,0.0657,58.0068,11.1977,692.2937,21.5222,85.6631,4.0613,39.9402,9.8543
2038-11-12,14.0245,0.0010,57.0402,11.0845,694.5221,22.3836,85.7110,4.0653,41.4292,10.0756
2038-11-13,14.1685,0.0371,59.3257,13.7306,696.7764,23.2070,85.7589,4.6764,42.8463,11.5259
2038-11-14,14.1731,0.1427,60.2767,11.2541,699.0316,24.0113,85.8069,4.1556,44.2249,10.6583
2038-11-15,12.8281,0.0128,61.4267,13.0697,701.0446,24.7236,85.8316,4.5694,45.4409,11.6971
2038-11-16,11.9269,0.0121,64.4711,12.7768,702.8955,25.3373,85.3664,4.2199,46.4854,11.1095
2038-11-17,12.0804,0.1194,64.3865,14.8989,704.7739,25.9596,85.2570,4.6256,47.5413,12.1200
2038-11-18,12.0229,1.0622,68.4328,15.1772,706.6421,26.5088,78.7965,2.1710,48.4717,6.3811
2038-11-19,11.0729,1.0355,68.2549,15.1074,708.3392,27.0211,76.4930,1.7982,49.3371,5.3841
2038-11-20,10.9932,0.8850,68.4812,12.0280,710.0220,27.5265,76.5091,1.5414,50.1886,4.6611
2038-11-21,13.0159,0.7676,69.3444,11.2351,712.0688,28.1002,77.8473,1.6385,51.1537,5.0330
2038-11-22,12.2194,10.4779,86.0635,18.3745,635.4940,13.6917,37.4048,0.0521,25.9839,0.0559
2038-11-23,13.8110,13.6901,92.1710,14.4249,550.5899,6.3452,19.0301,0.0002,12.3350,0.0001
2038-11-24,13.2603,2.2497,83.1898,12.1869,552.6808,4.9435,34.4455,0.0197,9.6707,0.0117
2038-11-25,13.0363,1.0318,74.8939,7.2893,554.7313,5.4140,50.9960,0.2666,10.5702,0.1658
2038-11-26,10.1344,2.6427,60.3513,17.1122,556.2595,4.0703,58.2392,0.8609,7.9943,0.4618
2038-11-27,6.0817,0.6965,51.2709,19.4901,557.0582,4.5342,72.3401,1.8106,8.8876,1.1591
2038-11-28,9.8998,0.0023,51.1811,10.8660,558.5442,5.2462,80.3686,2.0444,10.2517,1.8232
2038-11-29,14.1640,0.3277,64.7540,11.2853,560.7977,5.9595,82.6263,2.7195,11.6105,3.0372
2038-11-30,14.8540,4.2706,73.7258,13.4689,545.3835,3.7328,58.0708,0.7078,7.3401,0.3638
2038-12-01,12.7143,3.5578,71.2589,13.0412,534.6287,2.2600,53.4312,0.4634,4.4727,0.1901
2038-12-02,8.0646,0.0285,57.1634,11.3701,535.7843,2.7061,69.6940,1.0987,5.3447,0.4866
2038-12-03,9.7032,0.0125,55.0485,9.6779,537.2349,3.2580,78.4578,1.5960,6.4186,0.7688
2038-12-04,10.2524,0.0080,62.4371,7.9445,538.7843,3.7426,81.3911,1.9788,7.3574,1.1255
2038-12-05,12.4378,0.0555,61.3372,6.0234,540.7271,4.3374,83.0431,2.1994,8.5042,1.7405
2038-12-06,12.2509,0.0000,61.5191,4.1452,542.6363,4.9212,83.6897,2.1763,9.6242,1.9137
2038-12-07,11.6380,0.0092,61.2858,4.2327,544.4351,5.4816,83.9525,2.2633,10.6940,2.2270
2038-12-08,12.3592,0.8511,64.8011,10.3362,546.3638,6.0200,80.4949,2.0179,11.7172,2.0181
2038-12-09,12.6449,23.7499,91.0802,13.1425,426.6129,2.4229,25.1223,0.0016,4.7779,0.0007
2038-12-10,12.8287,2.0701,77.8106,12.0498,428.6261,1.7485,41.8026,0.0888,3.4618,0.0329
2038-12-11,14.5867,0.0148,62.6836,6.6629,430.9557,2.4138,63.8865,0.7040,4.7608,0.2966
2038-12-12,14.6424,0.1426,68.3375,7.6813,433.2954,2.9802,74.6057,1.1045,5.8596,0.5099
2038-12-13,14.6309,7.4416,83.5556,13.3054,408.0714,1.2548,42.3291,0.1037,2.4905,0.0343
2038-12-14,13.0784,3.1294,67.2227,11.7749,402.9466,0.6903,51.1357,0.3397,1.3747,0.0954
2038-12-15,10.2453,0.0051,55.1423,14.7541,404.4948,1.2686,70.8657,1.3534,2.5175,0.4495
2038-12-16,11.5202,0.0465,59.5344,9.5937,406.2724,1.8490,78.8021,1.6395,3.6563,0.6208
2038-12-17,10.5427,1.4236,68.7302,15.8942,407.8741,2.2627,73.0789,1.5558,4.4635,0.6378
2038-12-18,6.2214,0.0941,55.2396,20.1818,408.6979,2.6351,79.8501,3.0958,5.1866,2.0774
2038-12-19,5.4487,0.0057,55.1853,13.3043,409.3827,2.9686,82.3182,2.8975,5.8315,2.0331
2038-12-20,6.8506,0.0001,55.5429,7.6097,410.3198,3.3703,83.4354,2.5064,6.6049,1.7562
2038-12-21,8.3967,0.0066,55.3127,5.3499,411.5352,3.8525,84.0985,2.4415,7.5289,1.8757
2038-12-22,10.7002,0.5339,68.1168,7.5784,413.1653,4.2801,83.3309,2.4687,8.3441,2.0785
2038-12-23,10.5761,0.1698,61.3925,9.4782,414.7730,4.7924,83.7140,2.8564,9.3156,2.7739
2038-12-24,12.0444,0.0000,54.7850,8.4523,416.6449,5.4677,84.7137,3.1022,10.5881,3.3493
2038-12-25,13.6137,0.0000,63.0796,8.9743,418.7994,6.0851,84.7613,3.2056,11.7436,3.7203
2038-12-26,13.8285,0.1104,71.8410,10.6990,420.9926,6.5628,84.3017,3.2853,12.6332,4.0058
2038-12-27,13.3231,2.9678,68.9411,14.8468,416.4214,4.6903,65.3859,1.1314,9.1237,0.6499
2038-12-28,13.0793,0.0005,54.1258,10.9459,418.4796,5.4295,78.0649,1.6444,10.5178,1.1317
2038-12-29,14.8596,0.0246,52.8487,11.4678,420.8584,6.2846,83.5361,3.0846,12.1169,3.6331
2038-12-30,12.7773,0.0000,47.3340,8.7150,422.8623,7.1152,85.6192,3.5619,13.6559,4.5859
2038-12-31,14.9431,0.1337,61.7254,8.5796,425.2560,7.8130,85.6671,3.5614,14.9398,4.8445
2039-01-01,14.0650,0.0239,72.4328,9.1129,427.4917,8.3277,84.4903,3.1112,15.8819,4.3699
2039-01-02,12.4619,0.0930,76.9469,5.2497,429.4389,8.7126,83.3802,2.2095,16.5840,3.0415
2039-01-03,14.4608,0.1541,69.4412,8.2222,431.7458,9.2980,83.4273,2.5823,17.6459,3.8234
2039-01-04,14.6120,0.0001,62.2179,6.5824,434.0800,10.0288,84.0620,2.5853,18.9623,4.0232
2039-01-05,15.9242,0.0001,62.1208,7.6113,436.6503,10.8227,84.4654,2.8748,20.3824,4.7294
2039-01-06,15.2975,0.0014,60.1196,9.6215,439.1079,11.6277,84.7745,3.3178,21.8115,5.7034
2039-01-07,13.1355,0.0000,48.9154,8.1605,441.1763,12.5230,85.8969,3.6008,23.3864,6.4383
2039-01-08,14.8537,0.0060,60.4728,12.0834,443.5539,13.2994,85.9449,4.4175,24.7439,8.0185
2039-01-09,14.1004,0.8134,68.3438,10.8567,445.7960,13.8917,81.4128,2.2973,25.7755,4.3814
2039-01-10,10.5597,0.0160,42.9768,13.3437,447.4008,14.7103,85.2256,4.2584,27.1859,8.1989
2039-01-11,6.4080,0.0714,46.3034,15.2368,448.2582,15.2066,85.6211,4.9490,28.0355,9.4995
2039-01-12,5.0142,0.0033,60.6434,13.3851,448.8648,15.5028,85.0782,4.1813,28.5413,8.3009
2039-01-13,6.3313,0.0000,51.1513,8.3009,449.7084,15.9497,85.1260,3.2577,29.3014,6.7357
2039-01-14,9.3548,0.0001,54.5691,12.6621,451.0963,16.5345,85.1737,4.0852,30.2930,8.4226
2039-01-15,7.6565,0.0000,44.9643,14.5978,452.1784,17.1278,85.8884,4.9747,31.2923,10.1503
2039-01-16,8.6599,0.0000,45.2447,8.5993,453.4412,17.7857,86.2058,3.8447,32.3947,8.3104
2039-01-17,12.3434,0.0003,60.8524,8.9789,455.3670,18.4336,85.9725,3.7924,33.4790,8.3741
2039-01-18,12.8241,0.1032,66.1893,13.0206,457.3793,19.0131,85.2783,4.2202,34.4465,9.3375
2039-01-19,14.5818,0.1286,63.0465,14.4383,459.7081,19.7266,85.3261,4.5629,35.6307,10.1679
2039-01-20,13.0617,0.0029,49.5165,12.7819,461.7632,20.6067,86.0442,4.6400,37.0769,10.5474
2039-01-21,10.8828,0.0000,47.5630,10.8527,463.4261,21.3803,86.2490,4.3333,38.3386,10.1588
2039-01-22,12.1086,0.0000,55.1952,8.4757,465.3096,22.1088,86.2971,3.8703,39.5229,9.4034
2039-01-23,12.4503,0.0004,59.5252,9.1818,467.2547,22.7840,86.1659,3.9370,40.6167,9.6950
2039-01-24,9.4004,0.0387,61.4383,11.7996,468.6507,23.2825,85.5870,4.1422,41.4206,10.2330
2039-01-25,5.9472,1.1073,64.7009,21.0727,469.4252,23.5888,78.0532,2.7365,41.9123,7.1895
2039-01-26,3.7108,0.2469,65.7615,19.2757,469.7972,23.7916,80.2646,3.0886,42.2358,8.0522
2039-01-27,6.6402,0.0001,43.3993,9.0819,470.6964,24.3309,83.8574,2.8536,43.0930,7.5994
2039-01-28,8.3781,0.0003,47.4169,8.2660,471.9085,24.9445,85.1266,3.2522,44.0658,8.6464
2039-01-29,10.7720,0.0001,41.9867,10.0462,473.5514,25.7924,86.5719,4.3550,45.4025,11.2447
2039-01-30,6.4452,0.0069,53.0099,12.5827,474.4156,26.2288,86.3628,4.8045,46.0876,12.2756
2039-01-31,7.4032,0.0000,45.5352,7.4525,475.4521,26.7990,86.4109,3.7353,46.9782,10.1078
2039-02-01,10.1785,0.0000,50.3336,10.3782,476.9883,27.5947,86.4591,4.3583,48.2159,11.6469
2039-02-02,11.4334,0.0417,59.4162,6.8263,478.7503,28.3172,86.1372,3.4823,49.3387,9.8132
2039-02-03,10.3117,0.2407,70.6710,6.0279,480.3104,28.7927,84.6163,2.7092,50.0801,7.9768
2039-02-04,13.2449,0.0136,58.3586,6.2310,482.3985,29.6412,84.7961,2.8050,51.3884,8.3587
2039-02-05,14.4692,0.0179,60.5553,8.0844,484.7069,30.5136,84.8438,3.0998,52.7286,9.2575
2039-02-06,14.0108,0.0748,61.6014,6.9888,486.9329,31.3378,84.8914,2.9525,53.9891,9.0096
2039-02-07,12.8608,0.2797,67.8946,5.7614,488.9518,31.9745,84.7794,2.7332,54.9633,8.5227
2039-02-08,13.3677,4.5365,72.8055,12.8441,474.7228,21.8104,56.7053,0.6173,39.1268,0.8740
2039-02-09,8.7835,0.0811,49.9566,15.1353,476.0078,22.5130,73.8575,1.5498,40.2651,3.9684
2039-02-10,11.7011,0.0000,47.3822,10.2763,477.8180,23.4698,81.9615,2.3814,41.8060,6.3100
2039-02-11,13.4642,0.0007,60.5259,14.5119,479.9455,24.2865,83.6957,3.6722,43.1182,9.4700
2039-02-12,12.8423,0.0212,66.0168,12.5833,481.9612,24.9595,83.7430,3.3530,44.1969,8.8934
2039-02-13,13.6442,0.6605,69.9854,14.5854,484.1211,25.5881,81.8131,2.9065,45.2033,7.9600
2039-02-14,12.8669,3.3500,71.1316,15.1089,476.2892,19.5247,61.8745,0.9771,35.4195,1.9271
2039-02-15,11.8675,0.4141,45.0181,10.4835,478.1293,20.5375,77.6427,1.5516,37.0919,3.7278
2039-02-16,12.2573,0.2022,52.4045,11.1026,480.0397,21.4406,82.8731,2.7800,38.5740,6.9181
2039-02-17,15.0311,0.6040,59.6305,11.1985,482.4493,22.3656,83.4425,3.0060,40.0855,7.6093
2039-02-18,14.9883,0.0000,42.9457,6.2095,484.8512,23.6695,86.4117,3.5090,42.1899,8.9919
2039-02-19,16.1127,0.0000,45.3897,6.7918,487.4554,25.0048,87.2249,4.0557,44.3252,10.4601
2039-02-20,16.3245,0.0000,50.5442,7.1000,490.0979,26.2289,87.2733,4.1477,46.2674,10.9241
2039-02-21,15.5892,0.0000,53.6817,6.6679,492.6079,27.3269,87.3218,4.0866,47.9973,11.0244
2039-02-22,14.8356,0.0017,57.2070,7.2861,494.9823,28.2956,87.0158,4.0360,49.5149,11.1119
2039-02-23,15.1272,0.0539,62.3737,9.1808,497.4092,29.1629,86.3151,4.0204,50.8697,11.2521
2039-02-24,16.4959,0.1219,64.6686,10.9126,500.0825,30.0460,85.9776,4.1836,52.2446,11.8011
2039-02-25,15.8313,0.0788,71.1316,12.8077,502.6361,30.7403,84.9011,3.9638,53.3272,11.4324
2039-02-26,17.6270,0.3623,67.6553,14.5644,505.5130,31.6008,84.9488,4.3591,54.6593,12.5160
2039-02-27,18.3159,0.7783,64.9047,14.9396,508.5138,32.5687,82.7748,3.3312,56.1473,10.2170
2039-02-28,13.7581,0.0504,35.2583,11.9073,510.6943,33.9351,87.3079,5.3108,58.2017,15.1225
2039-03-01,13.4648,4.4949,55.9026,18.0342,495.8227,23.7713,65.1606,1.3169,42.4542,3.4383
2039-03-02,13.9794,4.0125,67.9671,15.1432,484.2734,17.1750,57.2127,0.7217,31.5524,0.8816
2039-03-03,12.1281,2.5866,58.9016,15.5083,486.1605,14.4997,62.1281,1.0103,26.9872,1.4487
2039-03-04,11.2416,0.0648,39.5023,12.7743,487.8880,15.7725,78.8490,1.9328,29.1861,3.9722
2039-03-05,13.6032,0.0000,34.1207,8.3938,490.0406,17.4236,86.0422,3.7185,32.0025,8.0115
2039-03-06,16.1502,0.0021,41.1463,8.1979,492.6516,19.1542,87.6984,4.6582,34.9147,10.2252
2039-03-07,16.8372,0.0506,53.6932,6.0903,495.3863,20.5700,87.7470,4.2181,37.2710,9.7710
2039-03-08,17.3098,0.0055,60.6171,5.0224,498.2061,21.8059,87.0045,3.5951,39.3104,8.7999
2039-03-09,18.5063,0.0105,60.1526,4.0260,501.2412,23.1377,86.9856,3.4099,41.4876,8.6842
2039-03-10,19.4181,0.0083,55.1959,4.9630,504.4404,24.7047,87.0340,3.5994,44.0198,9.4261
2039-03-11,18.8802,0.0017,55.1610,5.6536,507.5429,26.2318,87.0823,3.7526,46.4605,10.0807
2039-03-12,18.3441,0.0061,53.0526,8.8329,510.5488,27.7879,87.1307,4.4351,48.9193,11.9105
2039-03-13,16.7083,0.1988,55.0186,7.5618,513.2603,29.1533,87.1791,4.1888,51.0566,11.6573
2039-03-14,14.7736,10.5558,71.7186,12.9661,465.6709,14.6318,48.9073,0.2750,27.1323,0.3037
2039-03-15,11.6619,7.4918,67.3611,18.3479,437.4294,8.4451,46.0177,0.2418,16.1125,0.1918
2039-03-16,9.5777,14.2516,75.1792,16.6739,381.1812,4.0843,34.1748,0.0232,7.9555,0.0124
2039-03-17,9.9009,7.3165,70.4136,19.7618,358.8714,2.1598,39.8981,0.0922,4.2555,0.0371
2039-03-18,9.4470,1.6157,54.6903,15.3315,360.2759,2.4538,59.0154,0.8311,4.8253,0.3521
2039-03-19,9.6872,0.2025,52.7981,11.8850,361.7236,3.3217,74.2490,1.3406,6.4943,0.6494
2039-03-20,12.8950,1.3042,67.4297,8.4490,363.7487,4.0987,72.1727,1.0315,7.9728,0.5526
2039-03-21,16.2542,0.2069,61.7729,8.3337,366.3785,5.2295,80.1152,1.7516,10.0987,1.2943
2039-03-22,16.0055,0.0305,61.9986,7.0264,368.9635,6.3376,82.9949,2.2992,12.1533,2.5229
2039-03-23,16.2056,0.0627,62.1694,7.1362,371.5845,7.4535,84.0931,2.6696,14.1952,3.4163
2039-03-24,16.5180,2.1822,65.1874,5.7293,374.2617,6.7340,69.9403,0.8334,12.8882,0.5793
2039-03-25,16.3308,0.3185,50.8174,11.0342,376.9052,8.1953,81.5097,2.3444,15.5456,3.1184
2039-03-26,16.1108,0.0066,41.2011,8.4341,379.5092,9.9203,86.3716,3.9030,18.6236,6.0591
2039-03-27,18.0696,0.0001,44.1541,4.9938,382.4657,11.7452,87.6046,3.9108,21.8155,6.6698
2039-03-28,18.9295,0.0515,50.8902,10.9994,385.5770,13.4219,87.6532,5.3298,24.6947,9.4229
2039-03-29,18.7660,0.3488,59.2588,14.9228,388.6589,14.8015,87.2645,6.1441,27.0296,11.1430
2039-03-30,18.5522,0.0020,51.3634,8.3646,391.7023,16.4308,87.3129,4.4457,29.7426,8.9662
2039-03-31,19.6970,0.0000,50.7062,8.0943,394.9517,18.1783,87.3614,4.4160,32.6049,9.4002
2039-04-01,21.5420,0.0014,45.1425,6.9901,399.7833,21.1895,88.2465,4.7412,37.4206,10.7931
2039-04-02,22.0568,0.0455,46.8403,11.9304,404.7075,24.1739,88.2953,6.1241,42.0660,14.1250
2039-04-03,21.3854,0.0002,48.8709,5.2220,409.5109,26.9610,88.3441,4.3982,46.3012,11.4635
2039-04-04,20.8557,0.0411,53.7868,11.0069,414.2189,29.4208,88.3929,5.9280,49.9688,15.1279
2039-04-05,21.3180,0.0117,45.2196,10.6529,419.0102,32.3981,88.4485,5.8698,54.2999,15.7104
2039-04-06,21.0597,0.0230,49.2139,12.6658,423.7549,35.1264,88.4973,6.5422,58.1932,17.6908
2039-04-07,21.2544,0.0145,43.7381,10.8695,428.5347,38.1755,88.6731,6.1287,62.4441,17.5058
2039-04-08,21.7366,0.0038,36.8116,8.7791,433.4013,41.6738,89.8076,6.4913,67.1948,18.9973
2039-04-09,21.2034,0.0000,39.4517,7.2064,438.1719,44.9477,89.8569,6.0392,71.5471,18.6365
2039-04-10,18.2913,2.7476,61.6685,13.0681,442.4183,38.4230,72.5530,1.3209,63.1377,4.7148
2039-04-11,18.8340,1.5663,56.5168,12.9994,446.7625,39.2257,76.3583,1.6022,64.3308,5.7998
2039-04-12,12.4080,1.5348,61.9789,18.5143,449.9499,39.3565,74.1178,1.8603,64.5892,6.7008
2039-04-13,12.4855,5.2004,84.3269,20.8053,435.0962,25.7720,47.4291,0.3350,44.8957,0.5223
2039-04-14,14.2430,12.1321,86.0796,12.5630,390.2543,12.3276,28.8908,0.0048,22.8507,0.0047
2039-04-15,11.0071,5.4114,83.1306,16.3807,376.7108,7.5681,32.0633,0.0136,14.4124,0.0101
2039-04-16,12.4013,0.2478,61.5983,13.0960,379.8970,8.8251,59.6991,0.7769,16.6814,0.6294
2039-04-17,14.8588,0.0065,40.5847,14.3512,383.5256,11.1238,79.7642,2.2875,20.7435,3.7377
2039-04-18,15.5273,0.0000,39.0116,14.8305,387.2745,13.5822,86.4091,5.4160,24.9747,9.6115
2039-04-19,15.4986,0.0074,42.5483,11.8890,391.0183,15.8941,87.5653,5.5046,28.8559,10.5517
2039-04-20,16.0897,0.0002,46.1240,8.2122,394.8684,18.1393,87.6139,4.6055,32.5414,9.7292
2039-04-21,17.6944,0.0047,48.6662,7.5880,399.0074,20.4783,87.6624,4.4940,36.2991,10.1474
2039-04-22,18.0300,0.0794,50.8576,8.4903,403.2068,22.7574,87.7110,4.7358,39.8866,11.1810
2039-04-23,17.4232,2.1371,59.3496,8.1632,407.2970,21.5380,74.0930,1.1029,38.0463,2.4916
2039-04-24,18.4532,1.2102,55.6298,8.3013,411.5726,23.6413,77.7437,1.4014,41.3453,3.6172
2039-04-25,17.3558,6.1108,67.4578,7.0733,395.2391,15.2989,53.6428,0.3503,27.8982,0.3941
2039-04-26,14.7653,9.1751,79.7133,11.0595,366.6321,8.4357,37.5205,0.0369,15.9536,0.0291
2039-04-27,17.7715,2.0495,57.5487,11.1329,370.7850,8.7225,61.2294,0.7719,16.4760,0.6205
2039-04-28,18.6650,2.8185,56.6209,9.6602,369.8149,8.1260,66.1751,0.8973,15.4057,0.6928
2039-04-29,19.2079,0.7567,52.0155,9.3142,374.2263,10.4884,79.3665,1.7056,19.6032,2.4808
2039-04-30,20.1871,0.2770,49.7647,6.5009,378.8140,13.0809,85.2147,3.0119,24.0827,5.5230
2039-05-01,20.1693,0.1896,50.0847,8.2217,384.8485,15.8759,86.8568,4.1362,28.7833,8.2631
2039-05-02,20.4486,0.0000,43.2384,10.5963,390.9332,19.0960,88.2839,5.7165,34.0356,11.9170
2039-05-03,19.5933,0.0105,46.2306,9.4352,396.8640,22.0252,88.3327,5.4295,38.6833,12.2718
2039-05-04,22.5805,0.0357,49.1155,5.9589,403.3325,25.1975,88.3815,4.5891,43.5874,11.4626
2039-05-05,25.7109,0.0000,49.0104,5.3821,410.3644,28.7966,88.4921,4.5289,48.9974,12.1231
2039-05-06,27.2512,0.0000,48.5750,8.0228,417.6737,32.6349,88.7916,5.4008,54.6036,14.7881
2039-05-07,25.4821,0.5718,45.5276,12.9206,424.6644,36.4469,88.7730,6.8941,60.0165,18.6931
2039-05-08,19.0315,0.0013,42.7841,13.0480,430.4941,39.4793,88.8219,6.9875,64.2323,19.5704
2039-05-09,21.3825,0.0000,35.1085,8.3349,436.7470,43.3202,90.0484,6.5704,69.4250,19.5034
2039-05-10,24.0230,0.0353,42.7922,7.3084,443.4751,47.1039,90.0978,6.2835,74.4409,19.5976
2039-05-11,24.2687,0.2779,37.9672,10.4591,450.2475,51.2469,90.2580,7.5355,79.7898,23.1571
2039-05-12,21.4214,1.4016,50.6151,11.6767,456.5073,54.1750,83.2803,3.0151,83.5595,11.9426
2039-05-13,21.7808,3.0797,68.5549,6.6746,454.9832,44.2708,67.0642,0.7965,71.2175,2.9307
2039-05-14,22.0794,0.0722,51.5544,9.1562,461.3615,47.2271,82.2950,2.3442,75.2077,9.0922
2039-05-15,23.2556,0.0040,35.8506,8.6704,467.9515,51.3403,89.0016,5.7507,80.5792,19.1629
2039-05-16,24.3663,0.7318,36.9920,7.9634,474.7415,55.5647,89.1869,5.6991,85.9732,19.7207
2039-05-17,25.3042,0.0979,34.5307,8.1205,481.7002,60.1156,90.8230,7.2609,91.6399,24.2374
2039-05-18,23.3877,0.2071,38.1587,8.2586,488.3140,64.1024,90.8726,7.3635,96.5265,25.1242
2039-05-19,20.9134,6.4792,62.4523,10.4515,467.9702,40.1620,63.0342,0.8193,66.1346,2.8350
2039-05-20,23.4834,1.4690,56.0689,8.9184,474.6013,43.0052,76.1172,1.2838,70.1248,4.9544
2039-05-21,24.1727,0.4628,53.0601,10.0072,481.3563,46.1283,85.1207,3.5476,74.4261,12.7041
2039-05-22,24.1436,1.2844,55.4613,9.7888,488.1062,49.0883,82.6952,2.5440,78.4520,10.0040
2039-05-23,23.4020,1.7286,54.9358,11.3514,494.7226,49.0632,80.1845,2.0543,78.6311,8.3447
2039-05-24,23.1950,0.1429,48.6384,9.1578,501.3017,52.3483,86.4635,4.1009,83.0225,15.1378
2039-05-25,23.5251,1.0400,49.3251,10.7539,507.9402,55.6335,85.1876,3.7178,87.3491,14.4534
2039-05-26,23.2735,1.0528,49.3405,12.1431,514.5334,58.8842,84.9476,3.8577,91.5698,15.2695
2039-05-27,24.2810,0.0611,46.0023,8.2381,521.3080,62.4923,88.0590,4.9150,96.1649,18.7898
2039-05-28,24.6643,0.7594,46.5796,8.2283,528.1516,66.1157,87.3824,4.4593,100.7126,17.9150
2039-05-29,22.9731,5.9506,56.5938,12.3526,508.5193,43.2291,68.6499,1.1168,71.3043,4.3389
2039-05-30,22.8396,0.8713,45.3908,11.1478,515.0344,46.6709,82.8738,2.7865,76.1015,10.5907
2039-05-31,23.8711,0.0272,32.3896,8.7756,521.7352,51.1156,89.8692,6.5477,82.1180,21.2662
2039-06-01,27.1372,0.0000,32.9552,6.2421,530.0239,56.0996,91.4732,7.2457,88.7225,23.8027
2039-06-02,29.4394,0.0269,34.7486,6.3116,538.7270,61.3458,91.7480,7.5601,95.5037,25.4539
2039-06-03,29.7763,0.1502,33.3536,8.4246,547.4907,66.7633,92.0802,8.8142,102.3302,29.2402
2039-06-04,29.7591,0.0284,35.8507,7.7525,556.2513,71.9749,92.1302,8.5811,108.7660,29.5241
2039-06-05,28.9959,0.0399,38.4413,10.5044,564.8746,76.8523,92.1803,9.9274,114.6938,33.3114
2039-06-06,28.1564,0.0000,37.2519,9.1085,573.3468,81.6853,92.2303,9.3188,120.4640,32.5793
2039-06-07,29.7496,0.2527,36.2413,5.8529,582.1057,86.8636,92.2804,7.9649,126.5258,29.8794
2039-06-08,30.5968,0.8978,38.9835,5.6627,591.0171,91.9552,89.9458,5.6589,132.4078,24.0138
2039-06-09,29.5327,1.9942,45.3947,6.0789,599.7370,84.7098,84.2085,2.5705,125.2073,13.0797
2039-06-10,29.2608,1.7415,47.1013,5.8446,608.4079,82.4188,83.7245,2.3818,123.1358,12.2191
2039-06-11,32.3508,0.0275,36.9251,5.9234,617.6351,87.9735,90.9550,6.6235,129.7458,26.5919
2039-06-12,34.1773,0.0409,31.6930,6.6190,627.1910,94.3174,93.0275,9.1949,137.0941,33.8392
2039-06-13,33.1122,1.9851,38.8440,7.3793,636.5552,87.7686,88.0692,4.7137,130.5399,20.9806
2039-06-14,30.3171,6.4255,59.3492,9.0152,607.9505,55.2922,72.6526,1.0811,90.0986,5.0202
2039-06-15,25.1393,3.2987,68.2317,15.4557,602.8829,44.3987,70.7717,1.3977,74.9909,5.6653
2039-06-16,28.1922,0.0373,35.6142,12.7584,611.3615,49.3640,88.9040,6.9679,82.1459,22.2357
2039-06-17,29.7820,0.1626,30.6224,8.1161,620.1262,55.0045,92.2638,8.9061,90.0423,27.6728
2039-06-18,31.5658,0.0262,29.7843,6.5344,629.2121,61.0429,93.0631,9.2016,98.2552,29.5332
2039-06-19,33.8288,0.0015,30.0590,6.2655,638.7053,67.4743,93.4484,9.5797,106.7543,31.5350
2039-06-20,34.5650,0.6600,34.1949,7.9815,648.3310,73.6530,92.4992,9.1444,114.7235,31.5361
2039-06-21,33.3061,0.0589,33.2415,7.2244,657.7301,79.7000,92.7274,9.0891,122.3391,32.2353
2039-06-22,31.8736,1.1654,31.0113,9.1392,666.8713,85.6888,91.3836,8.2785,129.7102,30.9508
2039-06-23,30.8535,0.0745,33.5332,11.0507,675.8289,91.2802,92.1899,10.2185,136.4774,36.2267
2039-06-24,30.9281,0.2614,33.4783,9.4612,684.8000,96.8892,92.2828,9.5564,143.1458,35.1884
2039-06-25,33.3326,0.0012,31.0815,8.0479,694.2039,103.1366,93.1166,10.0053,150.4085,36.7852
2039-06-26,32.8004,0.1706,32.0199,6.7596,703.5119,109.2037,93.1670,9.4428,157.3465,35.8327
2039-06-27,35.1898,0.8234,33.2237,4.8318,713.2501,115.5834,92.3312,7.6198,164.5164,31.4059
2039-06-28,34.6512,0.6030,31.2096,9.3455,722.8913,122.0581,93.1351,10.7092,171.6568,39.6610
2039-06-29,34.8724,0.1500,29.3636,8.3229,732.5724,128.7475,93.7615,11.0995,178.8946,40.9031
2039-06-30,34.3808,0.0000,32.1045,7.0150,742.1649,135.0896,93.8121,10.4648,185.6835,39.6218
2039-07-01,36.3080,0.0000,28.2340,5.4903,752.4043,141.3946,94.2557,10.3052,192.3986,39.4387
2039-07-02,37.2270,0.0914,27.4521,6.2250,762.8092,147.9249,94.5887,11.1963,199.2518,41.8020
2039-07-03,37.8121,0.2907,27.6940,6.9298,773.3194,154.5327,94.6560,11.7091,206.1019,43.1914
2039-07-04,34.5666,2.2615,44.5663,5.7114,783.2454,116.1524,86.5357,3.4825,169.4739,18.2485
2039-07-05,36.2934,1.7985,44.9500,5.5009,793.4822,107.1431,87.5727,3.9938,160.2054,19.8914
2039-07-06,38.3606,0.4100,30.9785,10.9944,804.0911,113.5398,93.8128,12.7897,167.8333,44.2506
2039-07-07,35.0856,0.0021,37.5339,13.9982,814.1105,118.8484,93.7655,14.7824,174.1414,48.8479
2039-07-08,30.6724,2.7572,55.4312,15.5982,823.3355,90.2553,82.8738,3.4871,141.6821,17.3435
2039-07-09,29.8117,6.0309,60.1007,13.4429,778.5925,57.1189,74.0458,1.4358,96.5332,6.9258
2039-07-10,28.2991,10.8883,70.4585,8.9064,692.5003,30.5848,59.3746,0.6159,55.0872,1.4462
2039-07-11,32.2729,1.3084,48.2303,9.8534,702.0134,34.6424,83.9198,2.9913,61.6760,9.8840
2039-07-12,35.2158,0.0000,33.9086,6.9094,712.0563,40.2794,92.2417,8.3547,70.5777,23.3662
2039-07-13,36.4850,0.0002,27.8760,5.9493,722.3276,46.6458,94.2547,10.5448,80.3239,29.3031
2039-07-14,36.5642,0.1021,30.5915,6.9617,732.6131,52.7854,94.3055,11.1748,89.4572,32.1617
2039-07-15,38.0487,0.0000,27.1196,7.9225,743.1659,59.4863,94.7961,12.5490,99.1346,36.4706
2039-07-16,37.9823,0.1534,24.3912,6.9590,753.7067,66.4262,95.3544,12.9034,108.8658,38.7166
2039-07-17,37.2353,0.2046,23.2836,8.6681,764.1131,73.3332,95.4842,14.3150,118.2861,42.8222
2039-07-18,36.3460,0.4163,25.0288,7.7385,774.3593,79.9265,95.5353,13.7553,127.0650,42.8673
2039-07-19,36.5113,0.7807,27.6532,7.3642,784.6354,86.3170,94.0515,11.0102,135.3968,37.9401
2039-07-20,36.9228,0.0008,24.0039,8.7019,794.9855,93.1034,95.2242,13.8397,144.0356,44.8060
2039-07-21,37.2143,0.0000,22.4676,8.4177,805.3880,100.0800,95.6416,14.4414,152.7172,46.7688
2039-07-22,37.8934,0.0000,22.0727,7.3275,815.9129,107.2165,95.8515,14.0646,161.4078,46.6083
2039-07-23,38.2255,0.0000,22.9473,7.1332,826.4975,114.3329,95.9027,14.0247,169.9062,47.0328
2039-07-24,38.7567,0.0466,24.8922,6.3908,837.1777,121.3635,95.9541,13.6040,178.1589,46.5451
2039-07-25,38.2420,0.1320,28.3033,7.1208,847.7652,127.9880,96.0054,14.2121,185.8363,48.1799
2039-07-26,36.0495,0.2353,37.4909,8.1137,857.9581,133.4418,94.1838,11.6452,192.1636,42.6639
2039-07-27,35.4545,2.5770,40.6939,8.1534,868.0439,101.4967,87.8440,4.7456,157.0774,22.3945
2039-07-28,32.6651,3.5614,47.4013,8.6009,849.5657,74.7778,82.4203,2.3152,122.5818,11.9194
2039-07-29,36.5431,0.0154,32.3717,9.0047,859.8475,80.7566,92.8251,10.0794,130.8012,35.3894
2039-07-30,37.5235,0.0000,27.0041,7.5506,870.3057,87.3781,94.6556,12.0804,139.6933,40.6956
2039-07-31,38.2830,0.6270,29.4466,8.2151,880.9007,93.9038,94.2272,11.7754,148.2887,40.7346
2039-08-01,37.1041,0.6746,35.7647,6.3523,890.5834,98.9701,92.6749,8.6344,154.9041,33.6413
2039-08-02,36.8580,0.8151,38.1233,7.1488,900.2218,103.8189,91.8490,7.9995,161.1701,32.2902
2039-08-03,37.3431,0.0234,36.7651,7.3295,909.9476,108.8375,92.6978,9.0994,167.5684,35.4822
2039-08-04,37.6239,0.0000,32.0492,8.7536,919.7239,114.2697,93.6831,11.2201,174.3766,40.9975
2039-08-05,36.9446,0.0000,31.4250,10.3830,929.3779,119.6557,93.7399,12.2767,181.0400,43.7251
2039-08-06,36.1300,0.0000,28.7116,8.8932,938.8853,125.1349,94.1342,12.0288,187.7211,43.4096
2039-08-07,37.6336,0.0000,25.9445,5.7102,948.6634,131.0567,94.9468,11.4596,194.8260,42.3069
2039-08-08,37.5837,0.0000,28.8992,7.9401,958.4325,136.7349,94.9978,12.9124,201.5754,45.8505
2039-08-09,36.7217,0.0000,34.6750,7.4005,968.0464,141.8356,94.6437,11.9698,207.6210,43.8385
2039-08-10,37.6826,0.0000,34.3793,7.6901,977.8332,147.0895,94.6945,12.2310,213.7836,44.5789
2039-08-11,38.3616,0.0000,30.8020,7.7390,987.7423,152.7268,94.7455,12.3473,220.2968,44.9709
2039-08-12,38.7125,0.0000,26.5355,8.0638,997.7146,158.7650,95.0436,13.0750,227.1606,46.7493
2039-08-13,39.7172,0.0000,23.6328,5.6283,1007.8677,165.2001,95.8061,12.8313,234.3636,46.2983
2039-08-14,40.4041,0.0000,23.2780,5.8983,1018.1444,171.7739,96.0242,13.3971,241.6319,47.6684
2039-08-15,40.4044,0.0000,24.8263,6.6579,1028.4212,178.2151,96.0755,14.0169,248.6910,49.1208
2039-08-16,38.8430,0.0000,27.1636,7.2753,1038.4169,184.2212,96.1269,14.5605,255.2399,50.3686
2039-08-17,38.0498,0.0000,28.6304,7.1529,1048.2699,189.9896,96.0143,14.2522,261.4950,49.7487
2039-08-18,37.6841,0.1411,29.2964,10.7705,1058.0570,195.6507,95.8239,16.6667,267.5953,54.8868
2039-08-19,36.8090,0.0000,27.7357,10.4948,1067.6866,201.3062,95.8751,16.5514,273.6327,54.6918
2039-08-20,36.7066,0.0761,25.7842,8.5496,1077.2978,207.0987,95.9264,15.1108,279.7502,51.7181
2039-08-21,37.0790,0.0055,26.8198,7.1679,1086.9760,212.8667,95.9778,14.1928,285.8068,49.7589
2039-08-22,37.2346,0.0000,27.1337,6.6266,1096.6823,218.6334,96.0291,13.9072,291.8230,49.1524
2039-08-23,37.2176,0.0000,27.6496,8.1853,1106.3854,224.3567,96.0385,15.0625,297.7609,51.6908
2039-08-24,39.3315,0.0000,25.6990,5.1915,1116.4691,230.5585,96.0898,13.0436,304.1133,47.2465
2039-08-25,40.4679,0.0000,24.5631,5.5406,1126.7573,237.0322,96.1412,13.3676,310.6751,48.0000
2039-08-26,40.7856,0.1613,24.0429,7.9893,1137.1028,243.6003,96.1926,15.2284,317.2762,52.0987
2039-08-27,37.5691,0.0000,29.8000,8.0858,1146.8692,249.2044,95.7507,14.4141,322.9652,50.3529
2039-08-28,36.6501,0.0000,28.6081,7.7232,1156.4702,254.7682,95.7520,14.1555,328.5752,49.7950
2039-08-29,35.6942,0.0000,28.5283,8.4865,1165.8992,260.1972,95.6237,14.4565,334.0289,50.4639
2039-08-30,33.5348,0.2214,36.1473,12.0283,1174.9394,264.7628,93.9775,13.7850,338.7113,48.9877
2039-08-31,31.5236,0.9081,42.2501,9.4318,1183.6177,268.6523,89.9171,6.8144,342.7914,31.0046
2039-09-01,34.1116,0.1174,36.7357,8.0269,1191.4618,272.6183,92.0147,8.5597,346.8371,36.0816
2039-09-02,34.0935,0.3801,35.4546,6.5079,1199.3026,276.6625,92.4098,8.3837,350.9353,35.5950
2039-09-03,34.0305,0.0811,36.8027,9.6885,1207.1321,280.6152,92.4599,9.9108,354.9483,39.7068
2039-09-04,32.6469,0.0257,39.1771,8.2933,1214.7125,284.2695,92.5101,9.3034,358.6872,38.1114
2039-09-05,33.2601,0.0000,35.0122,7.9924,1222.4033,288.2451,92.5603,9.2283,362.6854,37.9132
2039-09-06,33.0285,0.0060,34.7386,8.7608,1230.0525,292.2104,92.6105,9.6606,366.6613,39.0616
2039-09-07,33.8321,0.0000,30.6634,7.4960,1237.8463,296.5226,93.3016,9.9859,370.9156,39.9111
2039-09-08,34.5514,0.0000,33.8478,6.8128,1245.7695,300.7214,93.3521,9.7161,375.0847,39.2113
2039-09-09,34.8701,0.3332,30.1944,8.1106,1253.7501,305.1917,93.6155,10.7606,379.4601,41.8850
2039-09-10,33.5307,0.0000,32.8900,10.6977,1261.4897,309.3294,93.6660,12.3455,383.5397,45.7264
2039-09-11,32.2952,0.0000,34.4872,10.2403,1269.0068,313.2245,93.7166,12.1493,387.3985,45.2654
2039-09-12,32.1054,0.3132,34.2153,9.6984,1276.4898,317.1135,93.7672,11.9055,391.2409,44.6870
2039-09-13,32.6644,0.4082,37.4397,7.2874,1284.0734,320.8742,93.4218,10.0485,394.9903,40.0824
2039-09-14,33.4516,0.0598,39.6646,6.1277,1291.7986,324.5857,93.1333,9.1039,398.7132,37.5931
2039-09-15,27.4549,6.2886,66.1259,11.7467,1138.6380,93.1470,69.1354,1.1000,154.6632,6.9468
2039-09-16,29.7700,0.0066,44.5624,11.2715,1145.7006,96.1938,87.2967,5.1351,159.0110,23.7543
2039-09-17,30.9183,0.0000,31.4450,11.7059,1152.9699,100.1017,92.2361,10.6305,164.4987,39.1216
2039-09-18,30.1587,0.0000,28.7353,15.3193,1160.1024,104.0678,93.0591,14.3175,170.0087,47.6560
2039-09-19,29.0706,0.0000,31.6760,11.9895,1167.0391,107.7377,93.1095,12.1916,175.0705,43.2742
2039-09-20,29.5895,0.0000,30.6607,7.8241,1174.0692,111.5263,93.1599,9.9532,180.2478,38.1640
2039-09-21,31.2913,0.0000,29.0522,5.4561,1181.4057,115.6178,93.2456,8.9402,185.7819,35.7550
2039-09-22,33.1833,0.0000,28.6157,7.7781,1189.0827,119.9748,93.6364,10.6127,191.6160,40.1733
2039-09-23,30.9596,0.0000,35.4308,9.9539,1196.3594,123.6603,93.4682,11.5682,196.5342,42.6128
2039-09-24,28.6289,0.3493,42.8935,9.7477,1203.2166,126.6828,91.9492,9.2491,200.5717,36.9613
2039-09-25,28.4484,0.0007,40.5738,8.6155,1210.0413,129.8090,91.9992,8.7981,204.7152,35.8575
2039-09-26,27.9152,0.1491,40.1922,10.2355,1216.7701,132.8986,92.0172,9.5708,208.7867,37.9728
2039-09-27,25.6830,1.4711,50.3788,9.9074,1223.0970,135.2647,84.5827,3.2791,211.9339,18.1364
2039-09-28,26.4058,0.0066,46.3581,10.1650,1229.5540,137.8915,88.3806,5.6718,215.3934,26.8384
2039-09-29,26.6495,0.7534,47.6512,10.5499,1236.0549,140.4778,87.8227,5.3384,218.7914,25.7782
2039-09-30,25.9133,0.1808,48.4402,13.5053,1242.4233,142.9574,88.5278,6.8548,222.0425,30.6226
2039-10-01,22.7774,0.0069,48.6326,13.6089,1247.2273,144.8159,88.5767,6.9392,224.4728,30.9049
2039-10-02,23.2201,0.3287,42.2510,10.8442,1252.1109,146.9439,89.1830,6.5858,227.2225,29.8639
2039-10-03,25.2867,0.0308,42.7270,6.8509,1257.3665,149.2337,89.5026,5.6381,230.1713,26.8873
2039-10-04,27.1078,0.0000,41.7396,6.7500,1262.9499,151.7238,89.9709,5.9991,233.3609,28.0855
2039-10-05,28.6484,0.0518,40.6743,5.1365,1268.8106,154.3979,90.4339,5.9096,236.7671,27.8268
2039-10-06,28.5697,0.1377,47.6879,5.7506,1274.6571,156.7496,90.4834,6.1386,239.7819,28.5828
2039-10-07,28.4643,0.0176,46.4684,9.0790,1280.4847,159.1476,90.5329,7.3111,242.8405,32.1870
2039-10-08,26.1860,0.2088,51.4497,6.8988,1285.9022,161.1549,89.8818,5.9676,245.4177,28.0771
2039-10-09,25.6824,3.1412,53.7851,8.7099,1230.5388,99.7714,76.7567,1.3269,165.9126,8.4058
2039-10-10,22.5595,5.6993,70.2405,9.9796,1109.6180,60.9210,59.7970,0.6682,107.1368,3.3921
2039-10-11,23.1248,4.6091,62.6531,9.4838,1041.0493,42.4071,62.5938,0.7637,76.9753,2.9876
2039-10-12,19.8772,0.4842,44.6146,15.7747,1045.3312,44.1675,82.4990,3.3560,79.8956,12.6727
2039-10-13,17.8493,0.0028,36.8198,13.7715,1049.2480,45.9816,87.9074,6.3559,82.8826,20.9213
2039-10-14,17.4180,0.1280,44.3540,10.9785,1053.0873,47.5429,87.9594,5.5628,85.4423,19.3115
2039-10-15,16.7270,2.8845,58.3312,16.1581,1027.1450,39.2378,72.2693,1.5267,71.6344,5.9725
2039-10-16,17.6238,0.2452,50.1719,10.5127,1031.0213,40.6514,82.7302,2.6501,74.0079,9.9859
2039-10-17,18.4723,8.3059,67.1602,16.7225,910.7760,22.8207,58.1556,0.8391,42.9509,1.8685
2039-10-18,15.1139,2.5573,60.8960,14.8668,914.2005,19.5024,64.1856,1.0784,37.0299,2.3511
2039-10-19,17.7329,0.4067,48.4554,8.7279,918.0964,20.9732,80.1239,1.7884,39.6803,4.5793
2039-10-20,18.8967,4.8842,65.4914,10.5440,871.1967,14.3028,61.3060,0.7525,27.4778,0.8379
2039-10-21,21.0013,1.7050,65.8833,6.5123,875.6809,14.2752,68.6149,0.8312,27.4324,0.9245
2039-10-22,21.4087,0.1828,63.4866,6.2093,880.2385,15.5205,79.6325,1.4976,29.7305,2.9867
2039-10-23,21.2728,0.0182,57.9329,11.0815,884.7716,16.9465,84.5803,3.4779,32.3443,7.5970
2039-10-24,19.8708,0.0106,55.9209,10.3034,889.0523,18.3471,85.9027,4.0147,34.8940,9.0154
2039-10-25,19.6633,0.1533,60.8032,11.3269,893.2957,19.5803,85.9507,4.2557,37.1262,9.8220
2039-10-26,19.9321,1.0829,70.3458,14.8739,897.5875,20.5253,80.3997,2.5103,38.8308,6.3175
2039-10-27,19.5367,11.9583,87.6609,13.0817,766.7324,9.9695,38.1181,0.0463,19.3114,0.0410
2039-10-28,21.6242,1.3014,72.4107,5.0855,771.3288,10.9195,57.7118,0.4517,21.0925,0.4235
2039-10-29,22.0253,0.0612,64.0103,8.1787,775.9973,12.1806,76.1762,1.2416,23.4412,1.8122
2039-10-30,22.1241,0.0131,58.6806,10.8692,780.6836,13.6345,83.7293,3.0700,26.1283,5.9267
2039-10-31,20.8101,0.0084,60.6671,13.3610,785.1335,14.9403,85.2221,4.2600,28.5237,8.4342
2039-11-01,18.7506,0.0959,65.5820,12.5096,788.2126,15.8461,85.2699,4.1082,30.1757,8.4447
2039-11-02,18.6335,0.0566,66.8577,9.7762,791.2706,16.7132,85.3177,3.6033,31.7499,7.7539
2039-11-03,19.2075,0.1491,68.9850,9.9402,794.4320,17.5483,85.3655,3.6574,33.2598,8.0799
2039-11-04,19.4993,0.2543,64.3845,12.9996,797.6458,18.5210,85.4133,4.2954,35.0096,9.5680
2039-11-05,18.4838,0.4816,63.5129,14.9898,800.6769,19.4683,85.4612,4.7802,36.7054,10.7476
2039-11-06,17.5613,0.1834,59.5109,12.0918,803.5420,20.4701,85.5090,4.1583,38.4889,9.8368
2039-11-07,18.0819,0.0005,53.6573,9.5094,806.5007,21.6486,86.1995,4.0215,40.5744,9.8637
2039-11-08,19.3993,0.0000,48.0046,6.5736,809.6966,23.0617,87.2602,4.0316,43.0576,10.2337
2039-11-09,20.7744,0.0000,50.6071,6.0805,813.1400,24.4942,87.3865,4.0042,45.5576,10.5170
2039-11-10,20.6877,0.0001,54.2873,4.6895,816.5678,25.8147,87.4350,3.7591,47.8477,10.2719
2039-11-11,19.5300,0.0305,63.4555,8.7058,819.7872,26.8142,86.7612,4.1812,49.5746,11.4440
2039-11-12,18.2203,4.8326,73.8333,7.9160,782.9304,17.9538,56.8869,0.4887,33.9608,0.6276
2039-11-13,17.3390,8.6931,79.9643,8.7465,710.4474,9.6928,39.2370,0.0466,18.7462,0.0405
2039-11-14,16.2669,1.0942,69.5264,9.2710,713.0794,10.3945,59.3118,0.6247,20.0580,0.5673
2039-11-15,15.6179,0.7537,66.1164,9.9582,715.5947,11.1455,72.0695,1.1087,21.4556,1.2548
2039-11-16,16.1862,0.6400,64.6309,9.5438,718.2122,11.9561,78.6376,1.6110,22.9568,2.6326
2039-11-17,16.6894,0.0116,55.9465,5.3851,720.9203,12.9951,83.2448,2.1858,24.8695,4.0478
2039-11-18,17.7189,0.2195,62.1445,7.7059,723.8137,13.9396,84.3838,2.8568,26.5986,5.5900
2039-11-19,16.8699,14.6149,77.5395,14.4769,613.5577,6.7583,45.3072,0.1788,13.1543,0.1258
2039-11-20,11.9804,0.0124,50.0043,15.3202,615.4181,7.6253,70.3972,1.3713,14.7924,1.1894
2039-11-21,15.8305,0.0003,36.1737,8.5347,617.9716,9.0580,83.6568,2.7033,17.4756,3.9968
2039-11-22,17.5448,0.0410,40.6477,6.0929,620.8337,10.5251,87.2399,3.9237,20.1943,6.3901
2039-11-23,17.0148,0.0049,51.8274,10.7402,623.6003,11.6821,87.2883,4.9935,22.3188,8.4206
2039-11-24,14.2778,0.0769,55.7528,15.0902,625.8743,12.5842,87.0977,6.0505,23.9637,10.3106
2039-11-25,12.5271,0.0000,50.4852,10.9044,627.8332,13.4787,87.1461,4.9339,25.5843,8.9985
2039-11-26,13.7677,0.0000,48.2694,7.5915,630.0154,14.4984,87.1945,4.2042,27.4194,8.1476
2039-11-27,14.6862,0.1117,48.6490,4.3125,632.3629,15.5732,87.2429,3.5886,29.3400,7.3653
2039-11-28,15.1042,0.2614,59.3086,5.0850,634.7857,16.4474,86.7863,3.4963,30.8936,7.4230
2039-11-29,15.8088,10.1171,79.7706,10.6532,574.0294,8.4947,43.9282,0.1187,16.3832,0.0951
2039-11-30,16.4437,2.3936,63.0131,12.1119,576.6933,7.1854,59.4733,0.7286,13.9366,0.5300
2039-12-01,16.3864,0.0707,60.7933,9.3117,579.3468,7.9645,75.3184,1.2468,15.3997,0.9623
2039-12-02,18.2905,0.6438,67.0766,11.0246,582.3431,8.6900,80.1221,2.0074,16.7548,2.7116
2039-12-03,18.1445,0.5048,69.1643,10.2739,585.3131,9.3643,82.4602,2.5313,18.0083,3.7918
2039-12-04,18.4444,1.7476,71.0582,16.0486,588.3371,8.9090,74.5585,1.6796,17.1681,2.1525
2039-12-05,15.8175,12.0496,78.0939,14.0048,522.3044,4.3934,43.3927,0.1287,8.6059,0.0717
2039-12-06,14.5477,0.0981,58.9974,10.6770,524.6270,5.1225,67.5557,0.9907,10.0009,0.5977
2039-12-07,15.8125,3.3943,70.9108,13.7279,516.0280,3.4222,59.7480,0.8046,6.7327,0.3965
2039-12-08,13.7208,0.1112,40.6272,15.9791,518.2018,4.4222,79.4597,2.4083,8.6596,2.0604
2039-12-09,9.7382,0.5963,46.4569,10.7955,519.6587,5.0816,82.9886,2.7779,9.9207,2.7949
2039-12-10,8.8588,1.3146,71.0104,14.2517,520.9572,5.4097,74.3179,1.5156,10.5456,0.9411
2039-12-11,7.8984,2.0675,74.4749,20.9312,522.0830,4.2740,64.6038,1.4900,8.3767,0.8186
2039-12-12,9.2400,0.0674,58.6221,13.3909,523.4502,4.7603,75.9022,1.5863,9.3089,0.9209
2039-12-13,10.4433,0.0001,54.3884,7.4391,525.0340,5.3586,81.2486,1.8974,10.4505,1.6200
2039-12-14,9.6426,0.0118,67.3881,7.8395,526.4736,5.7567,82.0693,2.1339,11.2070,2.1187
2039-12-15,12.0562,0.0692,66.6105,8.6570,528.3477,6.2559,82.7807,2.4290,12.1521,2.7163
2039-12-16,16.0275,0.1282,70.5191,12.1961,530.9367,6.8297,83.0528,3.0056,13.2338,3.7367
2039-12-17,16.1536,0.0263,68.2400,8.2673,533.5483,7.4524,83.4227,2.5866,14.4019,3.3242
2039-12-18,14.3649,0.0058,73.6398,7.3085,535.8380,7.9157,83.4699,2.4798,15.2675,3.2947
2039-12-19,14.0685,0.0051,74.1723,7.0479,538.0743,8.3609,83.5171,2.4626,16.0965,3.3935
2039-12-20,14.9770,0.0093,63.2552,9.6764,540.4742,9.0322,84.0490,3.0163,17.3400,4.4755
2039-12-21,12.2581,0.0043,53.1087,12.3249,542.3847,9.7440,85.0974,3.9743,18.6504,6.1698
2039-12-22,9.7646,0.0000,49.5018,11.3595,543.8463,10.3675,85.5736,4.0438,19.7918,6.4956
2039-12-23,9.7646,0.0000,54.7175,7.6604,545.3079,10.9266,85.6215,3.3786,20.8107,5.6381
2039-12-24,10.8668,4.9018,68.3962,11.6290,525.9938,6.7895,55.1305,0.5074,13.1545,0.3569
2039-12-25,8.3879,1.7261,64.1991,24.6761,527.2076,6.2378,63.9176,1.7474,12.1172,1.6204
2039-12-26,7.3914,0.0007,56.9201,19.5008,528.2420,6.6535,75.9399,2.1633,12.9008,2.4307
2039-12-27,8.7737,0.0000,60.4319,9.5455,529.5253,7.0975,80.3268,1.9042,13.7348,2.1260
2039-12-28,12.1577,0.0453,64.8022,10.3790,531.4177,7.6278,82.2966,2.4937,14.7271,3.2323
2039-12-29,14.0415,1.0039,70.2386,12.5646,533.6492,8.1399,78.2193,1.8078,15.6818,2.2137
2039-12-30,12.6777,13.2758,84.0697,13.0257,468.7008,3.7695,35.5059,0.0263,7.3905,0.0136
2039-12-31,7.9438,2.5961,73.0808,14.0261,469.8346,2.4595,44.4781,0.1537,4.8554,0.0653
2040-01-01,5.8339,0.0792,67.7534,8.1565,470.5887,2.7348,59.6956,0.6056,5.3912,0.2693
2040-01-02,9.9063,11.9586,69.4577,19.9135,420.3188,1.1471,42.6596,0.1532,2.2786,0.0493
2040-01-03,8.6334,0.7682,60.6492,12.6575,421.5768,1.6186,61.8405,0.8620,3.2064,0.3109
2040-01-04,10.1305,4.6683,85.8325,8.7921,408.6584,0.4651,38.6207,0.0413,0.9276,0.0107
2040-01-05,9.9172,1.2125,72.6931,11.1934,410.1475,0.8355,53.3331,0.4180,1.6626,0.1231
2040-01-06,6.8205,0.4639,67.4681,10.5582,411.0792,1.1527,66.6544,0.9550,2.2894,0.3079
2040-01-07,10.1092,13.3208,82.5409,14.5213,362.0941,0.2409,33.3170,0.0169,0.4811,0.0040
2040-01-08,10.0660,0.5908,78.1101,11.2289,363.6100,0.5418,51.1192,0.3298,1.0797,0.0879
2040-01-09,10.1435,0.7992,78.1004,13.6277,365.1398,0.8450,62.1041,0.9178,1.6802,0.2710
2040-01-10,12.3719,28.0797,93.2751,18.8135,271.4068,0.1115,19.6748,0.0003,0.2228,0.0001
2040-01-11,14.1460,1.2709,62.3778,13.6174,273.6571,0.8177,51.1165,0.3719,1.6232,0.1088
2040-01-12,13.5156,2.6881,73.0939,8.1965,275.7939,0.4841,52.0985,0.3158,0.9640,0.0823
2040-01-13,14.3530,10.6631,88.4570,9.6596,249.3999,0.2196,26.9985,0.0024,0.4382,0.0005
2040-01-14,12.9095,2.9290,79.9208,12.4807,247.1865,0.3463,38.8312,0.0519,0.6902,0.0128
2040-01-15,7.6279,3.3850,79.4796,21.0547,242.6804,0.2205,41.9254,0.1428,0.4400,0.0332
2040-01-16,6.9622,2.5139,82.9530,18.5944,243.6376,0.1692,43.3900,0.1621,0.3378,0.0366
2040-01-17,6.7078,3.9746,87.2942,19.2774,237.2716,0.1221,34.9175,0.0315,0.2439,0.0069
2040-01-18,6.4909,0.5080,86.1607,23.1483,238.1440,0.2515,49.4064,0.4895,0.5016,0.1154
2040-01-19,6.4630,0.7445,83.0979,21.8171,239.0113,0.4088,59.3241,1.1765,0.8142,0.2977
2040-01-20,7.7455,0.0562,71.0359,14.7827,240.1095,0.7242,70.4983,1.3390,1.4377,0.3802
2040-01-21,9.5673,0.0013,52.7004,9.6375,241.5356,1.3454,79.1230,1.6933,2.6539,0.5721
2040-01-22,8.8302,0.2599,55.1711,10.2099,242.8291,1.8934,82.4181,2.5100,3.7145,0.9563
2040-01-23,8.9027,0.1906,66.1658,8.1208,244.1355,2.3101,82.6801,2.3344,4.5134,0.9615
2040-01-24,8.6814,0.2256,73.4477,5.5398,245.4022,2.6298,82.7270,2.0619,5.1224,0.8963
2040-01-25,8.0774,2.1611,72.7973,12.5205,246.5601,1.8166,65.6969,1.0183,3.5675,0.3820
2040-01-26,10.1457,0.0565,60.8814,12.3899,248.0903,2.3582,76.1955,1.5370,4.6069,0.6385
2040-01-27,14.2683,0.0208,62.7540,12.1182,250.3626,3.0629,81.3827,2.4395,5.9440,1.5127
2040-01-28,14.0844,0.0024,69.7249,10.7434,252.6018,3.6288,82.3860,2.5681,7.0061,1.9239
2040-01-29,13.1329,0.0262,65.6286,7.1604,254.6697,4.2311,83.1154,2.3508,8.1248,1.8775
2040-01-30,11.7143,0.0819,67.2898,11.1415,256.4823,4.7471,83.1625,2.8905,9.0744,2.7667
2040-01-31,8.9073,0.0963,69.8621,10.8340,257.7896,5.1184,83.2096,2.8634,9.7528,2.8721
2040-02-01,8.9257,0.1052,72.4941,8.0834,259.1003,5.5102,83.2387,2.5022,10.4640,2.5268
2040-02-02,9.1433,0.2278,74.6080,9.2219,260.4500,5.8796,82.9875,2.5657,11.1310,2.7357
2040-02-03,8.0188,0.4537,72.3588,15.3355,261.5974,6.2377,83.0345,3.5125,11.7735,4.1252
2040-02-04,6.1170,0.5792,73.0485,18.8271,262.4025,6.5140,81.2234,3.3583,12.2667,4.0286
2040-02-05,5.7196,0.1194,68.5876,14.6838,263.1360,6.8183,81.6306,2.8582,12.8069,3.4500
2040-02-06,7.7522,0.1040,57.7694,9.0522,264.2354,7.3493,83.0343,2.5592,13.7430,3.1746
2040-02-07,6.5968,0.1346,69.8223,11.0596,265.1268,7.6792,83.0813,2.8487,14.3215,3.7054
2040-02-08,8.5282,0.0053,53.8145,6.5468,266.3659,8.3109,84.1172,2.5998,15.4191,3.5082
2040-02-09,11.0786,0.0999,58.1008,7.9891,268.0641,9.0358,84.4132,2.9094,16.6670,4.1959
2040-02-10,11.5701,1.6982,82.9782,9.0617,269.8507,8.3786,67.9542,0.9252,15.5501,0.7183
2040-02-11,12.8129,3.3881,84.0470,10.0590,265.9451,5.6382,49.1849,0.2461,10.7089,0.1541
2040-02-12,12.6321,11.7710,87.5761,8.9154,236.6471,2.5266,25.0945,0.0012,4.9218,0.0005
2040-02-13,9.6216,1.5705,67.4630,13.1887,238.0830,2.5634,46.5856,0.2026,4.9925,0.0871
2040-02-14,6.6966,0.2687,60.3029,12.7006,238.9924,3.0031,64.7408,0.9897,5.8232,0.4556
2040-02-15,7.9160,0.0213,57.3523,12.7310,240.1213,3.5493,75.6227,1.5082,6.8456,0.7492
2040-02-16,9.8652,0.0197,62.2598,13.8902,241.6010,4.1371,80.4306,2.3969,7.9346,1.9009
2040-02-17,9.0456,0.0026,44.0494,8.8160,242.9332,4.9435,84.2609,2.9715,9.4083,2.9380
2040-02-18,9.6288,0.0004,44.5801,6.8933,244.3704,5.7881,85.7331,3.3016,10.9290,3.6754
2040-02-19,10.7315,0.0086,53.2575,6.8671,246.0061,6.5737,85.7811,3.3194,12.3240,3.9888
2040-02-20,11.7501,0.1236,69.7215,13.2122,247.8251,7.1264,84.6481,3.9079,13.2968,4.9668
2040-02-21,13.0657,1.4999,75.6837,15.6723,249.8809,7.6157,73.6437,1.5768,14.1530,1.5792
2040-02-22,13.6468,0.0948,53.6398,8.4989,252.0413,8.5868,81.2916,2.0115,15.8257,2.5961
2040-02-23,12.3081,0.6055,62.4588,6.3284,253.9608,9.3018,81.8108,1.9167,17.0430,2.5847
2040-02-24,9.9441,9.3563,83.8277,21.1467,232.0277,4.6458,40.5448,0.1117,8.8486,0.0631
2040-02-25,10.0193,0.0247,57.8934,17.7283,233.5352,5.3108,65.3249,1.3052,10.0503,0.7895
2040-02-26,12.3953,0.0000,36.2696,12.1388,235.4703,6.5326,81.0569,2.3523,12.2177,2.6131
2040-02-27,14.2528,0.0000,30.9503,8.8718,237.7399,8.0384,87.4309,4.6382,14.8238,6.2565
2040-02-28,17.4403,0.0018,34.7621,5.8070,240.5831,9.7566,89.1365,5.0754,17.7169,7.5105
2040-02-29,16.3094,0.0215,43.0245,11.2311,243.2228,11.1656,89.1855,6.7178,20.0321,10.2238
2040-03-01,15.1784,0.0412,51.2870,16.6552,245.6589,12.5173,88.2499,7.7198,22.2059,12.0820
2040-03-02,8.8330,0.2542,66.7240,21.8018,246.9529,13.0807,85.3937,6.6750,23.1022,10.9637
2040-03-03,7.7904,0.2132,73.3822,18.9297,248.0591,13.4841,83.6330,4.5501,23.7418,8.0373
2040-03-04,8.7478,0.0944,71.2313,16.6086,249.3377,13.9670,83.5142,3.9853,24.5027,7.2706
2040-03-05,9.5518,0.0466,66.3545,14.8232,250.7611,14.5779,83.5614,3.6650,25.4561,6.8901
2040-03-06,9.5922,0.0435,64.9119,14.5064,252.1916,15.2174,83.6087,3.6294,26.4455,6.9879
2040-03-07,11.4770,0.0027,53.9095,13.9520,253.9615,16.2056,84.7720,4.1255,27.9520,8.1039
2040-03-08,13.2830,0.0016,41.6453,14.6268,256.0564,17.6363,86.9446,5.7835,30.0911,11.2443
2040-03-09,13.5542,0.1011,42.3451,11.9848,258.2002,19.0764,87.4854,5.4684,32.2045,11.1514
2040-03-10,14.0994,0.0101,46.3489,7.8168,260.4421,20.4665,87.5339,4.4633,34.2118,9.7518
2040-03-11,15.3203,0.0428,44.6548,4.7849,262.9037,22.0156,87.5825,3.8576,36.4090,8.9330
2040-03-12,16.6978,0.0021,45.4537,7.4281,265.6133,23.6704,87.6422,4.4450,38.7154,10.4346
2040-03-13,13.9711,7.2966,72.9403,14.9894,249.9359,13.6751,52.2693,0.4530,24.0593,0.4622
2040-03-14,16.1293,3.0556,75.9268,9.6189,247.9144,10.5591,52.2027,0.3431,19.0860,0.3020
2040-03-15,16.9186,0.7367,66.4289,7.9994,250.6638,11.5902,68.8638,0.9030,20.7786,0.8385
2040-03-16,16.5239,1.9290,73.0267,17.4026,253.3421,10.7564,68.2216,1.4208,19.4484,1.8624
2040-03-17,16.6378,2.5847,72.1390,8.6437,256.0409,8.8704,61.6062,0.6953,16.3268,0.5559
2040-03-18,17.5916,1.2666,65.7549,8.0782,258.9114,9.9615,70.0923,0.9426,18.1749,0.8049
2040-03-19,15.4263,3.7005,62.8945,11.9445,254.6745,7.3660,61.2931,0.8070,13.7386,0.5821
2040-03-20,14.3406,6.4200,66.5101,11.8774,242.1363,4.5283,50.2294,0.3069,8.6521,0.1715
2040-03-21,11.6106,7.3745,75.1925,14.5313,226.8095,2.3972,40.6462,0.0816,4.6709,0.0341
2040-03-22,9.8255,1.4232,79.2822,11.6858,228.2821,2.7830,50.3953,0.3101,5.4014,0.1380
2040-03-23,10.0700,4.1993,75.9917,11.9735,222.1552,1.5079,43.9153,0.1266,2.9655,0.0444
2040-03-24,12.9328,1.8462,55.8679,15.7087,224.1871,1.8346,62.4948,1.0399,3.5956,0.3913
2040-03-25,11.9630,2.5147,65.7329,8.5893,226.0445,1.4709,59.2353,0.6005,2.8947,0.2089
2040-03-26,12.5422,21.1988,81.1568,14.4485,175.1147,0.4592,32.3492,0.0133,0.9125,0.0034
2040-03-27,6.5955,2.3100,63.8323,17.6467,176.0059,0.4744,48.0134,0.3095,0.9425,0.0804
2040-03-28,7.9268,0.2541,53.1812,13.1817,177.1367,1.1948,67.9460,1.1384,2.3501,0.3699
2040-03-29,9.6260,4.8306,77.8913,11.6274,170.2635,0.4056,45.8689,0.1686,0.8064,0.0426
2040-03-30,9.9543,0.5409,64.4003,13.1538,171.7592,1.0764,65.0496,1.0253,2.1196,0.3229
2040-03-31,10.8814,0.0019,53.6431,8.9920,173.4219,2.0232,76.8515,1.3551,3.9317,0.5278
2040-04-01,13.6575,0.2331,53.2141,6.8966,176.8342,3.6970,82.4451,2.1312,7.0268,1.3270
2040-04-02,15.9384,0.0304,56.3990,7.4250,180.6571,5.4980,84.5569,2.8835,10.2186,2.9917
2040-04-03,16.7596,0.1246,60.6404,11.7537,184.6279,7.2022,84.9159,3.7664,13.1244,4.7450
2040-04-04,17.8195,0.8737,57.1510,17.1702,188.7894,9.1675,83.3528,4.0143,16.3502,5.7635
2040-04-05,13.5795,0.0132,47.7432,11.6468,192.1877,11.0272,85.7004,4.1760,19.2878,6.5933
2040-04-06,15.6611,0.0002,49.1139,7.9126,195.9607,13.0950,86.4968,3.8697,22.4409,6.7168
2040-04-07,19.8610,0.0446,55.0257,18.2039,200.4897,15.3804,86.5450,6.5441,25.8107,11.4426
2040-04-08,21.4594,0.0992,58.7830,16.1877,205.3064,17.6346,86.5933,5.9524,29.0345,11.2885
2040-04-09,16.3854,0.0255,52.3065,17.2867,209.2097,19.6563,86.6415,6.3345,31.8350,12.4745
2040-04-10,15.7589,0.0000,33.9302,8.8147,213.0003,22.3567,88.8516,5.6693,35.4193,12.0999
2040-04-11,19.0363,0.0000,41.3502,6.4308,217.3809,25.2198,88.9006,5.0630,39.0992,11.6716
2040-04-12,21.0041,0.0000,47.4980,4.6333,222.1156,28.0332,88.9496,4.6573,42.6191,11.4530
2040-04-13,22.9261,0.0000,45.9053,7.3529,227.1963,31.1841,88.9986,5.3790,46.4346,13.4785
2040-04-14,23.7168,0.0002,40.9357,8.1234,232.4193,34.7376,89.5205,6.0269,50.5770,15.4212
2040-04-15,25.1541,0.0094,36.6430,4.5119,237.9011,38.7702,90.4687,5.7550,55.0940,15.5997
2040-04-16,27.0134,0.0000,32.4843,4.3636,243.7175,43.3718,91.6040,6.7147,60.0344,18.3373
2040-04-17,27.7787,0.0062,28.5020,6.8946,249.6716,48.3774,92.6212,8.8069,65.1807,23.2755
2040-04-18,24.6840,0.2492,38.2511,11.9933,255.0688,52.2373,91.9897,10.4166,69.0973,26.9518
2040-04-19,20.0220,2.6918,57.3564,16.2852,259.6267,44.9873,76.1937,1.8701,62.7792,6.6051
2040-04-20,17.3537,0.8522,57.2218,13.9195,263.7044,46.9011,80.8061,2.5015,64.9314,8.7633
2040-04-21,17.2146,0.0208,50.2190,8.0996,267.7570,49.1114,85.0738,3.2017,67.3431,11.0261
2040-04-22,18.6274,0.0406,47.9399,9.2650,272.0639,51.6012,86.8984,4.3853,70.0074,14.4754
2040-04-23,17.9097,0.2243,50.6425,15.8553,276.2417,53.8759,86.9467,6.1548,72.4343,19.0229
2040-04-24,18.2706,0.0112,52.7203,12.6546,280.4844,56.0962,86.9951,5.2742,74.7952,17.2728
2040-04-25,22.2327,0.0002,46.4603,5.3425,285.4403,59.1247,88.0530,4.2440,77.9065,14.9961
2040-04-26,24.6061,0.0328,43.4580,5.4176,290.8234,62.6484,89.0651,4.9260,81.4386,17.1956
2040-04-27,25.9200,0.0025,40.6032,5.4260,296.4430,66.5392,89.8880,5.5456,85.2440,19.2438
2040-04-28,28.0738,0.0004,33.4572,5.6834,302.4503,71.2455,91.5350,7.1066,89.6789,23.6110
2040-04-29,29.2207,0.0079,31.5456,7.5763,308.6640,76.2774,92.2906,8.7000,94.2975,27.8655
2040-04-30,25.3046,0.0027,42.8274,11.9920,314.1728,79.9372,91.3174,9.4688,97.7172,30.0321
2040-05-01,23.2090,0.1425,39.8518,17.2476,320.7544,83.7865,91.2820,12.2779,101.3725,36.3206
2040-05-02,19.5186,0.6081,40.2765,15.8906,326.6718,87.0284,88.9385,8.1996,104.4744,28.1055
2040-05-03,20.3194,0.0687,43.9984,10.0737,332.7333,90.1864,88.9875,6.1596,107.5172,23.3554
2040-05-04,21.4385,0.0962,46.1868,6.4608,338.9962,93.3794,89.0365,5.1706,110.5968,20.8933
2040-05-05,22.5603,0.1133,47.0390,8.1421,345.4611,96.6783,89.0855,5.6675,113.7638,22.5969
2040-05-06,23.0774,0.3002,44.5159,11.1916,352.0190,100.2100,89.1346,6.6556,117.0896,25.6123
2040-05-07,22.4155,0.7021,52.9379,15.9758,358.4578,103.1235,86.6767,5.9593,119.9657,23.9552
2040-05-08,20.9320,0.8175,42.6997,15.2470,364.6296,106.4471,86.9840,6.0007,123.0723,24.3259
2040-05-09,20.8192,0.5578,45.2446,13.7955,370.7810,109.6068,87.8124,6.2777,126.0553,25.3435
2040-05-10,19.3465,3.3222,59.2603,13.0278,369.3364,78.7825,71.1525,1.2527,102.7640,6.3533
2040-05-11,21.7658,0.3933,51.5723,9.6841,375.6582,81.6977,83.3927,2.7672,105.8468,12.7668
2040-05-12,23.4918,0.1507,45.2999,6.7839,382.2907,85.2391,87.6361,4.2993,109.4617,18.1777
2040-05-13,22.6362,0.1043,49.9466,15.2646,388.7692,88.3669,87.8086,6.7564,112.6951,25.4554
2040-05-14,22.7815,0.6974,53.0694,14.1619,395.2739,91.3175,86.4675,5.2800,115.7707,21.6539
2040-05-15,20.5200,4.3964,59.6878,14.3579,388.9849,62.7935,68.9693,1.2482,89.4766,5.7606
2040-05-16,18.6638,0.4317,49.1593,10.6192,394.7483,65.4388,82.2482,2.5091,92.5300,10.9366
2040-05-17,17.4522,0.7290,44.8894,11.7268,400.2937,68.1305,85.0581,3.8355,95.5880,15.5657
2040-05-18,20.1204,0.0514,32.2485,9.9490,406.3194,71.9155,89.5587,6.6440,99.7108,23.7582
2040-05-19,23.5761,0.0319,28.6123,6.4591,412.9671,76.5531,91.5998,7.4581,104.6212,26.3512
2040-05-20,23.8872,0.2727,34.8036,9.2367,419.6708,80.8419,91.6497,8.6395,109.1294,29.7040
2040-05-21,23.7047,0.1150,38.9587,9.7923,426.3416,84.8281,91.5547,8.7659,113.2991,30.4908
2040-05-22,23.4096,0.4668,47.6027,8.9758,432.9594,88.2090,90.2771,7.0119,116.8844,26.5334
2040-05-23,24.4073,0.2268,47.2413,6.3652,439.7567,91.7519,90.1904,6.0718,120.5987,24.3244
2040-05-24,26.3202,0.1000,40.2301,6.8536,446.8983,96.0665,90.2398,6.2672,124.9722,25.2288
2040-05-25,25.9667,1.8540,47.0879,6.7241,453.9763,89.5396,82.8310,2.2177,119.9391,11.3938
2040-05-26,23.6612,3.5957,54.2236,12.6051,450.2757,66.6696,74.2340,1.3891,97.3165,6.7532
2040-05-27,20.8020,4.7472,59.2646,9.3017,440.5420,46.5899,64.0591,0.8103,73.6955,3.0900
2040-05-28,19.9619,8.0499,65.9731,7.2901,415.7133,27.6057,51.5738,0.2847,47.3505,0.4609
2040-05-29,21.2497,4.2932,63.2396,10.7276,409.3784,20.8268,59.9637,0.7012,36.9536,0.9544
2040-05-30,24.2377,2.9204,55.8926,9.3720,409.8734,18.9372,70.6406,1.0243,33.9527,1.9855
2040-05-31,26.0797,0.2665,49.9974,8.9906,416.9717,22.5151,84.9320,3.2841,39.6745,8.1786
2040-06-01,27.6957,0.0085,43.6905,9.8388,425.3610,26.7839,89.1067,6.1922,46.2822,15.0032
2040-06-02,27.5250,0.0129,40.4645,12.9328,433.7194,31.2705,90.2145,8.4828,52.9898,20.3640
2040-06-03,25.2362,0.0075,35.4896,10.1858,441.6660,35.7433,90.8237,8.0580,59.4572,20.8330
2040-06-04,25.9106,0.0028,37.5935,10.0295,449.7339,40.1810,90.8733,8.0516,65.6896,21.9302
2040-06-05,26.6036,0.0290,39.5917,8.6833,457.9265,44.5868,90.9230,7.5770,71.7166,21.9856
2040-06-06,30.4146,0.1774,32.7220,6.8276,466.8052,50.1687,92.1964,8.2673,79.0880,24.6013
2040-06-07,32.9828,0.0035,29.4652,7.1411,476.1460,56.4977,93.3530,9.8795,87.1447,29.2170
2040-06-08,33.7749,0.1199,28.5041,6.1306,485.6295,63.0620,93.7588,9.9349,95.2137,30.6375
2040-06-09,33.1030,0.0831,30.7745,9.3420,494.9921,69.2954,93.8094,11.7623,102.6612,35.5133
2040-06-10,32.6874,0.0036,32.7915,7.4586,504.2798,75.2736,93.8600,10.7728,109.6345,34.5004
2040-06-11,33.9493,0.5166,28.0976,12.3934,513.7947,81.9083,93.8789,13.8503,117.1335,41.7653
2040-06-12,30.6472,0.0083,37.1982,14.9206,522.7152,87.1572,93.1560,14.2243,123.0297,43.2880
2040-06-13,28.5974,0.0050,39.4007,15.8267,531.2667,91.8950,92.4051,13.3993,128.3062,42.2976
2040-06-14,27.9238,0.0785,41.1389,16.6241,539.6970,96.3926,91.9252,13.0349,133.2759,42.0979
2040-06-15,28.3010,0.0544,37.4288,11.2733,548.1951,101.2358,91.9752,10.0249,138.5200,35.9463
2040-06-16,25.4532,4.3362,48.7632,14.5155,538.5251,69.5230,77.4747,1.8760,105.1191,9.2447
2040-06-17,24.5546,0.8696,47.7837,12.3243,546.3489,73.0496,85.0687,3.9585,109.4981,17.1002
2040-06-18,25.7176,0.1509,44.9240,7.7293,554.3821,76.9381,88.4942,5.0991,114.2401,20.9947
2040-06-19,26.1579,0.1794,49.4148,5.7092,562.4945,80.5681,88.5430,4.6380,118.6497,19.9395
2040-06-20,29.1482,0.0692,42.5861,8.3240,571.1452,85.1402,90.0227,6.5427,124.0502,25.9174
2040-06-21,29.5826,0.3980,41.2919,8.7890,579.8740,89.8824,90.4951,7.1662,129.5595,28.0543
2040-06-22,29.5837,0.3449,37.3723,10.5683,588.6031,94.9415,91.2152,8.6861,135.3166,32.4402
2040-06-23,30.2704,0.0148,39.1963,14.6976,597.4558,99.9631,91.2650,10.7713,140.9632,37.8832
2040-06-24,27.6201,1.1689,47.0154,17.6510,605.8314,103.9693,87.4689,7.2584,145.5097,29.4220
2040-06-25,26.3454,1.8695,54.2050,16.7457,613.9775,94.9329,82.8756,3.6955,136.9341,17.8881
2040-06-26,28.6032,0.0850,45.5426,12.6310,622.5301,99.1914,88.7772,6.7984,141.8702,27.9189
2040-06-27,29.3257,0.1660,42.3413,7.1494,631.2127,103.8099,90.1111,6.2452,147.1278,26.6363
2040-06-28,30.9200,0.0872,38.9359,9.0992,640.1823,108.9574,91.1137,7.9506,152.8697,31.7289
2040-06-29,29.9799,1.6466,48.0322,9.5267,648.9827,104.9042,85.8659,3.8407,149.4245,18.9524
2040-06-30,26.2102,11.9842,72.6745,8.0924,578.7777,53.6657,55.7064,0.4468,87.1334,1.4935
2040-07-01,25.8363,9.0050,74.8665,9.7090,538.3284,30.2054,52.2665,0.3470,52.9792,0.6086
2040-07-02,27.8691,3.8239,62.4337,8.4004,532.9054,24.0031,67.0991,0.8699,43.1476,1.9941
2040-07-03,29.4957,0.7655,53.7902,7.4367,541.9186,27.3236,83.4249,2.4813,48.5299,7.2258
2040-07-04,30.7122,0.5604,47.5363,6.2471,551.1508,31.2433,88.4916,4.7304,54.7302,13.3602
2040-07-05,32.2117,0.0000,41.7310,6.4434,560.6529,35.8019,90.6487,6.5086,61.7464,18.1922
2040-07-06,33.4593,0.0074,38.0695,7.6094,570.3796,40.8285,91.7250,8.0447,69.2622,22.5289
2040-07-07,32.6296,1.1937,41.9481,9.9578,579.9569,45.4271,89.3536,6.4542,75.9764,20.2018
2040-07-08,30.6110,3.4858,46.3070,10.6353,575.7774,38.0912,82.2069,2.4984,65.3708,8.7913
2040-07-09,26.7642,11.6659,60.9367,12.8868,519.9133,20.3375,66.2167,1.0574,37.0516,2.2861
2040-07-10,23.5280,12.4927,71.5521,14.3351,467.0152,11.0287,54.9609,0.5727,20.8278,0.5326
2040-07-11,27.2030,0.0054,43.2942,8.1893,475.6158,14.7980,83.1578,2.4895,27.4601,4.9757
2040-07-12,28.7255,0.0000,39.7510,8.5160,484.4903,19.0183,89.6920,6.3004,34.6374,12.9997
2040-07-13,28.9343,0.0020,39.3984,10.0385,493.4025,23.2930,90.6734,7.8288,41.6682,16.9413
2040-07-14,29.3539,0.0000,34.2866,10.5132,502.3902,27.9930,91.7387,9.3305,49.1407,20.9801
2040-07-15,31.1433,0.0000,32.7676,7.9155,511.7000,33.0842,92.3992,8.9865,56.9612,22.0300
2040-07-16,30.9511,0.0449,35.0316,9.1729,520.9752,37.9746,92.4493,9.6422,64.2424,24.6207
2040-07-17,30.0369,0.0020,39.6448,7.6657,530.0858,42.3882,92.4825,8.9789,70.6522,24.5913
2040-07-18,32.1677,0.0454,36.5213,6.9376,539.5800,47.3478,92.5327,8.7167,77.6593,25.2871
2040-07-19,33.4597,0.0017,34.9041,5.0618,549.3068,52.6314,92.5829,7.9868,84.9211,24.9094
2040-07-20,35.0685,0.0000,33.4979,4.8634,559.3231,58.2803,92.9665,8.3449,92.4721,26.8183
2040-07-21,35.6285,0.0000,33.2842,6.2356,569.4402,64.0352,93.1287,9.1477,99.9665,29.6584
2040-07-22,35.7242,0.0009,34.7959,7.7028,579.5746,69.6743,93.1791,9.9193,107.1466,32.3318
2040-07-23,35.6378,0.0000,36.4695,7.7249,589.6934,75.1557,93.2295,10.0005,113.9913,33.3886
2040-07-24,37.3841,0.0000,31.0974,4.8341,600.1265,81.3833,93.8430,9.4161,121.5560,32.9222
2040-07-25,38.0184,0.0000,30.2688,6.9452,610.6738,87.7896,94.1483,10.9255,129.1597,37.1467
2040-07-26,38.5021,0.0000,30.1456,6.2321,621.3082,94.2866,94.2680,10.7158,136.7080,37.3925
2040-07-27,38.3638,0.0000,29.1281,7.6969,631.9177,100.8553,94.4498,11.8298,144.1815,40.5315
2040-07-28,38.5095,0.0000,28.1684,6.6414,642.5534,107.5374,94.6709,11.5638,151.6322,40.5038
2040-07-29,38.9002,0.0000,27.7474,7.6797,653.2595,114.3250,94.8299,12.4541,159.0590,42.9923
2040-07-30,38.8062,0.0000,28.6834,9.0230,663.9486,121.0090,94.8809,13.4198,166.2621,45.5356
2040-07-31,37.7323,0.0000,30.2197,10.6654,674.4444,127.3730,94.9319,14.6799,173.0446,48.5776
2040-08-01,36.2806,0.0018,33.7776,9.8238,683.9789,132.4834,94.7131,13.6542,178.5204,46.6702
2040-08-02,33.4332,0.2040,35.3084,18.8391,693.0009,137.0954,93.9678,19.4034,183.4578,58.3472
2040-08-03,29.9212,0.0000,30.3390,14.2879,701.3907,141.5566,94.0185,15.5356,188.1705,51.0423
2040-08-04,32.1095,0.0000,31.2316,6.9434,710.1744,146.2714,94.0692,10.8056,193.1085,40.6878
2040-08-05,33.8032,0.0000,34.5332,6.4650,719.2630,150.9887,94.0989,10.5917,198.0435,40.3021
2040-08-06,34.1919,0.0000,32.7882,10.5882,728.4215,155.8856,94.1496,13.1294,203.1068,46.3784
2040-08-07,34.1951,0.0000,27.2395,13.6104,737.5806,161.1873,94.2003,15.3968,208.4762,51.4091
2040-08-08,33.3827,0.0000,22.8290,16.2186,746.5935,166.6810,94.9002,19.3359,213.9489,59.3297
2040-08-09,33.4981,0.0000,23.1147,13.2621,755.6272,172.1726,94.9512,16.7764,219.3792,54.4862
2040-08-10,34.2376,0.0000,24.0046,9.2024,764.7939,177.7167,95.0022,13.7686,224.8255,48.2607
2040-08-11,34.7405,0.0000,27.5460,7.0496,774.0512,183.0777,95.0532,12.4398,230.0987,45.3398
2040-08-12,34.3976,0.0000,31.9244,7.8097,783.2468,188.0665,94.7646,12.4241,235.0422,45.3698
2040-08-13,32.2956,4.2721,42.9601,11.6499,761.5159,96.1911,83.8813,3.2581,146.2106,16.6620
2040-08-14,29.0236,2.0606,48.7742,13.9761,769.7441,85.7096,84.0178,3.7304,134.0920,17.8729
2040-08-15,30.3006,0.0017,41.3088,8.0382,778.2022,89.5143,89.8540,6.2951,139.0440,26.3085
2040-08-16,31.9721,0.0003,37.4963,6.8120,786.9612,93.7818,91.4922,7.4770,144.5104,29.9566
2040-08-17,32.8762,0.1720,36.5669,5.9167,795.8829,98.2311,91.9674,7.6450,150.1362,30.7511
2040-08-18,33.4746,0.0479,33.2129,7.2406,804.9123,102.9983,92.7146,9.0801,156.0692,34.8483
2040-08-19,32.2295,0.0000,29.3542,11.1197,813.7177,107.8592,93.3054,11.9927,162.0264,42.1442
2040-08-20,30.8372,0.0000,32.6144,11.5782,822.2723,112.3021,93.3558,12.3597,167.4354,43.2738
2040-08-21,32.3288,0.0000,28.9443,9.5708,831.0955,117.2059,93.4468,11.3134,173.3091,41.1687
2040-08-22,34.4989,0.0000,28.0869,6.9864,840.3093,122.4910,93.9657,10.6748,179.5499,39.9110
2040-08-23,34.7844,0.0000,28.4263,7.5982,849.5745,127.7933,94.0163,11.0866,185.7392,41.1289
2040-08-24,34.8043,0.0001,31.4874,7.0065,858.8433,132.8716,94.0670,10.8368,191.6268,40.7192
2040-08-25,34.4957,0.0000,33.7837,6.9954,868.0565,137.7376,94.1177,10.9070,197.2352,41.0503
2040-08-26,34.2599,0.0000,34.5847,11.6919,877.2273,142.5129,94.1658,13.9114,202.7000,48.0929
2040-08-27,28.8442,2.0562,39.6217,16.5037,885.4233,115.3484,87.2600,6.6493,174.0205,28.9915
2040-08-28,24.0390,7.9903,70.9919,11.7363,806.2587,62.2824,60.3694,0.7566,104.4024,3.8359
2040-08-29,31.2088,0.0898,43.3821,7.3631,814.8803,66.0588,86.1081,3.5631,109.8541,15.8248
2040-08-30,33.8780,0.0000,33.2385,6.1083,823.9823,70.8797,92.2381,8.0201,116.6694,29.0671
2040-08-31,34.6840,0.0000,30.3334,5.5317,833.2294,76.0263,93.4663,9.2550,123.8105,32.7777
2040-09-01,34.8304,0.0000,30.1809,6.2437,841.2029,80.4925,93.6184,9.7984,129.9086,34.6515
2040-09-02,34.5212,0.0000,31.7348,5.9669,849.1207,84.8218,93.6689,9.7309,135.7438,35.0174
2040-09-03,33.0442,0.0000,33.5874,10.8939,856.7727,88.8590,93.7195,12.5611,141.1262,41.8610
2040-09-04,30.7096,0.0000,28.4867,16.5139,864.0044,92.9090,93.7701,16.7908,146.4480,50.8499
2040-09-05,29.3610,0.0000,24.6820,17.2879,870.9934,96.9936,93.8484,17.6496,151.7422,52.9494
2040-09-06,29.7407,0.0000,24.9736,13.1739,878.0507,101.1131,93.8990,14.4462,157.0212,47.1011
2040-09-07,31.2978,0.0000,25.9334,7.7342,885.3883,105.3852,93.9497,11.0602,162.4350,40.0255
2040-09-08,30.4843,0.0000,30.4908,13.5897,892.5795,109.2938,94.0003,14.9608,167.3568,48.8381
2040-09-09,26.4814,0.0001,34.1358,16.1023,899.0502,112.5281,93.1004,14.9799,171.4180,49.1108
2040-09-10,25.6732,0.0000,27.0986,15.6658,905.3753,116.0030,93.1507,14.7577,175.7199,48.8770
2040-09-11,26.2417,0.0000,27.8947,9.9805,911.8028,119.5129,93.2011,11.1599,180.0323,41.0918
2040-09-12,28.9098,0.0000,30.0243,7.5803,918.7106,123.2516,93.2516,9.9585,184.5923,38.3302
2040-09-13,29.2229,0.8047,38.4089,10.1663,925.6747,126.5767,90.3623,7.5367,188.6600,32.0029
2040-09-14,24.2408,4.6235,52.5619,16.3268,883.6249,77.3720,75.2243,1.7659,126.9533,9.6968
2040-09-15,21.4260,0.4772,42.9011,15.4202,889.1856,79.6619,86.3045,5.4976,130.1693,23.3819
2040-09-16,21.4488,0.9888,38.4579,14.0157,894.7504,82.1325,86.9581,5.6190,133.6048,23.9732
2040-09-17,23.9738,0.0219,29.1565,9.7994,900.7697,85.2950,91.2108,8.3507,137.9366,31.7989
2040-09-18,26.2766,0.0000,26.4581,5.3321,907.2035,88.8795,92.6871,8.2158,142.7866,31.8010
2040-09-19,26.4103,0.0000,35.4212,8.7113,913.6613,92.0424,92.6579,9.7010,147.0502,35.8203
2040-09-20,26.2527,0.0000,38.1309,10.1456,920.0908,95.0553,92.2260,9.8127,151.0881,36.3637
2040-09-21,26.7027,0.0000,36.6606,9.2274,926.6013,98.1905,92.2761,9.4354,155.2516,35.6935
2040-09-22,27.4179,0.0258,41.3730,7.6097,933.2405,101.1672,91.8327,8.1686,159.1917,32.6465
2040-09-23,27.5400,0.2450,50.6337,9.1040,939.9017,103.6843,90.3721,7.1539,162.5420,30.0147
2040-09-24,26.4419,0.0918,50.0911,13.9133,946.3653,106.1316,90.0605,8.7181,165.7832,34.4133
2040-09-25,26.6855,0.7370,42.3841,20.8051,952.8727,108.9817,89.2439,10.9745,169.4988,40.1917
2040-09-26,21.0530,0.0000,27.1426,18.4425,958.3662,111.8552,91.5417,13.5300,173.1792,46.1463
2040-09-27,22.0090,0.0000,24.5340,11.0657,964.0318,114.9601,92.4841,10.6593,177.1174,39.7766
2040-09-28,22.5144,0.4958,30.1463,8.1148,969.7884,117.8969,92.5343,9.2516,180.8340,36.4037
2040-09-29,21.4013,2.9599,50.0261,11.5560,949.7908,86.1143,76.7721,1.5332,140.4037,8.9863
2040-09-30,22.0901,0.1117,46.2650,7.2087,955.4711,88.3328,85.6009,3.2931,143.4995,16.6910
2040-10-01,23.5757,0.0297,38.5597,10.8343,960.4187,90.6300,89.3025,6.6963,146.6608,27.9164
2040-10-02,22.7161,0.3409,40.3120,13.7147,965.2116,92.7839,89.5400,8.0107,149.6128,31.7007
2040-10-03,23.1680,0.0272,35.6778,9.4743,970.0858,95.1491,90.3699,7.2863,152.8244,29.9163
2040-10-04,25.1101,0.0003,30.7084,5.6396,975.3096,97.9009,91.6102,7.1671,156.5227,29.7725
2040-10-05,25.4936,0.0000,34.2075,6.8263,980.6025,100.5520,91.6601,7.6627,160.0697,31.3213
2040-10-06,26.1473,0.0000,35.4659,5.2090,986.0130,103.2163,91.7100,7.1132,163.6145,29.9453
2040-10-07,26.4944,0.0007,36.4210,5.9179,991.4860,105.8746,91.7600,7.4242,167.1318,30.9711
2040-10-08,27.5536,0.0006,33.0769,5.5342,997.1496,108.7801,91.8099,7.3337,170.9401,30.8651
2040-10-09,27.8266,0.2973,34.1575,5.8319,1002.8624,111.6660,91.8599,7.4974,174.7008,31.4642
2040-10-10,25.8363,0.4576,40.0420,4.6676,1008.2169,114.1131,91.7383,6.9496,177.8906,30.0002
2040-10-11,24.9151,0.4235,45.0366,6.3793,1013.4057,116.2796,90.8886,6.7135,180.7193,29.3913
2040-10-12,24.4375,0.3435,50.8036,7.2166,1018.5084,118.1833,89.8251,6.0148,183.2172,27.3343
2040-10-13,23.3806,1.0632,56.2315,6.2149,1023.4209,119.8068,84.0398,2.5304,185.3643,14.6223
2040-10-14,22.8912,0.4263,55.6761,9.7469,1028.2454,121.4180,86.2464,4.0969,187.4882,20.9591
2040-10-15,23.4706,0.1052,50.4110,6.3346,1033.1741,123.2642,87.5208,4.1344,189.8905,21.1413
2040-10-16,23.4796,0.0075,49.5122,6.3155,1038.1044,125.1445,87.9407,4.3862,192.3262,22.0985
2040-10-17,23.0854,0.1403,51.7922,7.6622,1042.9638,126.9111,87.9894,4.7270,194.6179,23.3435
2040-10-18,24.2649,0.0000,48.1675,4.8901,1048.0354,128.9032,88.3297,4.3163,197.1769,21.9290
2040-10-19,23.8012,0.0053,51.3702,5.5163,1053.0237,130.7380,88.3785,4.4860,199.5410,22.5762
2040-10-20,23.6487,0.0007,50.1718,7.6770,1057.9844,132.6065,88.4273,5.0371,201.9367,24.5342
2040-10-21,23.9507,0.0004,48.2207,9.5707,1062.9995,134.5719,88.4762,5.5804,204.4403,26.3847
2040-10-22,22.2290,0.0000,41.5272,10.2210,1067.7048,136.6388,89.1280,6.3320,207.0385,28.8149
2040-10-23,22.2935,0.0000,35.4081,10.5233,1072.4216,138.9283,90.2158,7.5143,209.8827,32.3896
2040-10-24,21.0949,0.0042,45.7956,10.0150,1076.9227,140.7512,89.9439,7.0446,212.1753,31.0544
2040-10-25,20.7620,0.1094,58.2669,8.3199,1081.3638,142.1336,88.1624,5.0090,213.9603,24.6052
2040-10-26,19.1906,15.7071,75.2534,13.2895,836.3045,61.7930,48.6977,0.2720,104.3166,0.7803
2040-10-27,17.2808,23.3762,89.6330,15.8950,622.7264,25.1118,25.2975,0.0019,45.6241,0.0030
2040-10-28,18.4350,6.2052,74.8203,13.6387,592.0625,15.3970,42.3092,0.1051,28.9142,0.1211
2040-10-29,18.4864,0.5993,64.8144,11.5756,596.0940,16.4412,67.8472,1.0465,30.7613,1.8402
2040-10-30,18.8094,0.1615,59.8317,7.8568,600.1837,17.6530,79.5182,1.6087,32.8876,3.5350
2040-10-31,19.1476,0.1834,58.1825,7.3498,604.3343,18.9359,83.8749,2.6211,35.1206,6.1632
2040-11-01,19.9117,0.0337,53.0300,9.1415,607.6224,20.2443,86.0858,3.8850,37.3755,9.1276
2040-11-02,18.6450,0.0171,53.7720,12.5605,610.6825,21.4545,86.4258,4.8420,39.4446,11.3129
2040-11-03,17.2719,0.0832,51.4389,13.6681,613.4955,22.6373,86.6424,5.2794,41.4509,12.4699
2040-11-04,16.1622,0.0247,52.2432,10.4387,616.1087,23.7303,86.6907,4.5173,43.2920,11.2729
2040-11-05,16.3149,0.3118,59.8543,10.4466,618.7493,24.6572,86.6746,4.5088,44.8466,11.4849
2040-11-06,16.0079,11.7666,75.6683,11.0223,549.6137,12.0064,45.7152,0.1598,22.7693,0.1574
2040-11-07,17.5076,4.1801,68.0951,11.7606,535.7171,8.2999,53.0675,0.4187,15.9809,0.3304
2040-11-08,17.6872,3.7295,68.8504,10.4488,525.1208,5.8385,55.4708,0.4929,11.3611,0.3189
2040-11-09,17.3785,7.5115,69.7695,15.8681,493.1872,3.3521,51.2799,0.4244,6.5923,0.2070
2040-11-10,17.2552,0.0531,53.3590,10.7039,495.9972,4.4872,74.4174,1.2738,8.7758,0.7169
2040-11-11,17.7996,0.2511,59.7911,8.7464,498.9051,5.4947,81.7271,2.1435,10.6949,2.0490
2040-11-12,17.1309,0.0084,50.6217,7.6690,501.6927,6.6882,85.2690,3.2186,12.9449,3.9771
2040-11-13,16.2910,0.0128,50.3859,9.3938,504.3290,7.8321,86.3046,4.0578,15.0788,5.5538
2040-11-14,15.8842,0.1951,62.4130,11.5150,506.8922,8.6785,86.1982,4.4484,16.6446,6.4235
2040-11-15,15.6873,0.1098,61.5352,10.2241,509.4199,9.5346,86.2463,4.1966,18.2168,6.4065
2040-11-16,15.3689,0.0290,61.2536,10.5534,511.8903,10.3806,86.2702,4.2811,19.7595,6.8428
2040-11-17,15.9638,0.0000,58.5914,7.5443,514.4678,11.3174,86.3183,3.7039,21.4549,6.2752
2040-11-18,15.9300,0.4956,62.8486,8.0750,517.0392,12.1562,86.1575,3.7191,22.9627,6.5629
2040-11-19,17.4573,0.5940,60.6997,8.7132,519.8855,13.1231,84.7426,3.1556,24.6883,5.8717
2040-11-20,17.0300,0.0360,59.7187,9.4910,522.6549,14.0914,85.1064,3.4497,26.4031,6.6612
2040-11-21,18.4996,0.5735,58.3304,11.4397,525.6888,15.1742,85.0615,3.7822,28.3057,7.5573
2040-11-22,14.8256,0.0000,40.2098,8.7830,528.0615,16.4366,87.3513,4.5654,30.4998,9.3057
2040-11-23,13.5771,0.0012,48.4282,9.1643,530.2093,17.4401,87.3998,4.6863,32.2299,9.8184
2040-11-24,12.8135,0.0008,49.0574,7.4740,532.2198,18.3798,87.4483,4.3336,33.8382,9.4517
2040-11-25,14.3443,0.5564,64.7797,11.1968,534.5057,19.1010,85.6456,4.0513,35.0689,9.1125
2040-11-26,15.9998,1.3502,77.2430,15.8984,537.0897,19.6169,75.7534,1.7833,35.9511,4.2458
2040-11-27,16.8861,17.1432,79.8645,19.4934,452.4299,8.8565,43.7047,0.1787,16.8866,0.1458
2040-11-28,15.2233,5.8527,63.3908,17.8579,433.5653,5.4771,52.3183,0.5262,10.6188,0.3280
2040-11-29,11.7926,0.1868,52.3946,9.5667,435.3919,6.2908,71.5925,1.0684,12.1429,0.7178
2040-11-30,12.8720,13.7408,85.5705,10.7110,382.1624,2.8335,31.7115,0.0093,5.5639,0.0042
2040-12-01,14.9620,0.4225,63.1986,10.8939,384.5595,3.5053,60.1117,0.7137,6.8543,0.3548
2040-12-02,15.6656,0.4421,69.6752,9.9023,387.0833,4.0830,73.3517,1.1638,7.9563,0.6228
2040-12-03,17.1647,0.8088,61.8218,8.7229,389.8770,4.8755,78.5595,1.5348,9.4553,0.8985
2040-12-04,13.5045,24.0798,92.0497,10.5783,304.6416,1.8626,23.0201,0.0007,3.6690,0.0003
2040-12-05,13.7177,7.3120,81.4073,13.2121,287.0776,0.6357,30.5843,0.0079,1.2643,0.0022
2040-12-06,9.8683,0.8681,73.6725,18.0473,288.5580,0.9638,52.3097,0.5307,1.9117,0.1623
2040-12-07,12.5960,0.0959,61.8427,11.2596,290.5292,1.5577,70.3736,1.1167,3.0742,0.3967
2040-12-08,12.1422,0.0968,53.8954,13.9313,292.4188,2.2515,80.1330,2.3268,4.4180,0.9499
2040-12-09,11.8515,0.0248,51.9482,11.3217,294.2561,2.9587,83.7753,3.1599,5.7724,2.3030
2040-12-10,15.3874,0.0976,68.7895,11.8591,296.7298,3.5435,83.8226,3.2671,6.8816,2.7042
2040-12-11,16.1370,0.1462,76.4191,11.4113,299.3385,4.0054,83.6141,3.1075,7.7515,2.7353
2040-12-12,17.3859,0.2667,67.4737,12.6420,302.1720,4.6887,83.8622,3.4164,9.0272,3.3923
2040-12-13,15.2739,0.0355,66.8140,8.0799,304.6253,5.3062,83.9095,2.7319,10.1696,2.7830
2040-12-14,16.3187,4.1777,73.2565,15.7392,298.1082,3.2813,60.8627,0.9533,6.3869,0.4581
2040-12-15,15.9239,0.2622,59.5163,12.8033,300.6785,4.0645,76.6919,1.6234,7.8633,0.8636
2040-12-16,16.5794,0.0241,70.2385,11.7061,303.3668,4.6624,80.8669,2.2527,8.9798,1.9066
2040-12-17,16.9367,1.9407,76.1142,16.6324,306.1194,3.9905,70.6325,1.4763,7.7290,0.7786
2040-12-18,14.4596,0.9322,48.7071,20.4348,308.4261,4.8974,79.9314,3.1618,9.4209,3.1762
2040-12-19,10.0678,0.0000,47.4606,11.6360,309.9423,5.5642,83.9600,3.2900,10.6504,3.6014
2040-12-20,11.1239,0.0005,46.7893,5.4120,311.6486,6.3034,85.5198,2.9743,11.9999,3.4608
2040-12-21,12.7053,0.0262,55.7177,7.1414,313.6396,6.9981,85.5677,3.2668,13.2567,4.1043
2040-12-22,13.9234,0.0464,66.1624,6.6317,315.8498,7.5758,85.3128,3.0732,14.2944,4.0285
2040-12-23,14.6931,0.9284,72.7988,13.8790,318.1985,8.0640,79.7316,2.2263,15.1670,2.8689
2040-12-24,15.0431,5.0593,68.3115,16.3816,308.0347,4.9602,58.8332,0.8654,9.5365,0.5089
2040-12-25,13.7091,8.3943,71.8462,14.7715,286.6877,2.5235,45.4885,0.1866,4.9384,0.0798
2040-12-26,14.4908,0.5531,69.6256,14.4574,289.0000,3.0617,66.3332,1.1492,5.9654,0.5350
2040-12-27,15.0361,0.4329,56.7727,11.7957,291.4105,3.8544,78.8230,1.8354,7.4620,0.9511
2040-12-28,10.7579,3.9862,65.8293,11.2576,284.8215,2.2605,57.3837,0.6013,4.4330,0.2458
2040-12-29,8.8690,0.2768,54.8094,13.7069,286.1219,2.7724,73.0620,1.3925,5.4137,0.6203
2040-12-30,12.4323,5.1445,74.6745,18.2400,276.1669,1.3438,52.7123,0.5593,2.6554,0.1890
2040-12-31,12.0633,2.7193,73.3151,12.2534,278.0423,0.6905,53.4092,0.4443,1.3726,0.1248
2041-01-01,10.1227,1.0829,66.9449,9.9996,279.5684,1.1472,63.8458,0.8314,2.2712,0.2674
2041-01-02,6.9740,1.0529,71.9361,13.6407,280.5277,1.4262,67.4155,1.1449,2.8166,0.3946
2041-01-03,4.6994,0.0433,62.6765,12.8866,281.0776,1.6927,75.1646,1.4798,3.3351,0.5414
2041-01-04,3.9778,0.0503,65.3794,11.7181,281.4976,1.9091,78.6396,1.7978,3.7545,0.6878
2041-01-05,6.8687,0.0108,54.3743,15.6265,282.4380,2.3567,82.1909,3.2065,4.6171,2.0295
2041-01-06,6.9405,0.0000,55.5759,8.9009,283.3913,2.7964,83.4087,2.6656,5.4582,1.6720
2041-01-07,8.5141,0.0748,58.9815,4.5335,284.6278,3.2819,83.7529,2.2379,6.3799,1.3358
2041-01-08,10.3241,0.1640,61.1795,6.8152,286.1902,3.8279,83.8828,2.5541,7.4081,1.9944
2041-01-09,13.0130,0.0941,62.7051,9.9627,288.2365,4.4759,84.0418,3.0572,8.6172,2.8725
2041-01-10,14.5246,0.1262,70.2854,10.7835,290.5549,5.0475,84.0891,3.2065,9.6747,3.2865
2041-01-11,13.5890,0.3180,72.2525,8.6398,292.7049,5.5492,84.0407,2.8596,10.5962,3.0351
2041-01-12,12.6416,9.5152,88.6861,11.0691,268.4440,2.5142,34.5734,0.0192,4.9133,0.0082
2041-01-13,12.3676,6.4255,88.7373,9.4363,255.0243,0.9145,24.9861,0.0012,1.8127,0.0004
2041-01-14,9.4092,2.0022,70.0387,15.4829,256.4219,0.5690,44.7478,0.1725,1.1316,0.0464
2041-01-15,4.4878,3.1221,68.6903,19.8748,252.0258,0.2154,47.4069,0.3187,0.4298,0.0738
2041-01-16,2.8854,0.1067,64.7720,11.2523,252.2492,0.3882,61.8921,0.8052,0.7735,0.2020
2041-01-17,3.7416,0.0950,68.9173,6.1752,252.6267,0.5735,69.6056,0.8432,1.1405,0.2274
2041-01-18,6.3898,0.0806,67.1892,5.3332,253.4809,0.8760,75.1465,1.0104,1.7371,0.3009
2041-01-19,8.9578,0.0373,62.9469,6.7582,254.7973,1.3348,79.4385,1.5101,2.6352,0.5091
2041-01-20,11.3682,0.1400,74.7276,10.8359,256.5476,1.7228,80.6128,2.0962,3.3886,0.7714
2041-01-21,12.6708,1.7116,85.4526,9.7558,258.5323,1.3479,65.6940,0.8858,2.6611,0.2996
2041-01-22,14.6316,0.8866,67.0144,12.2736,260.8700,1.9867,73.6921,1.3315,3.8993,0.5169
2041-01-23,15.8882,0.0602,68.5663,13.4921,263.4339,2.6442,79.9723,2.2379,5.1589,0.9759
2041-01-24,15.7440,0.4352,68.4649,16.5694,265.9718,3.2981,82.3573,3.4322,6.3978,2.7561
2041-01-25,13.8499,0.1615,48.5824,10.7479,268.1688,4.2444,85.2929,3.7712,8.1657,3.5831
2041-01-26,12.1391,0.0002,43.8307,8.3513,270.0578,5.1599,86.5585,3.9908,9.8493,4.2581
2041-01-27,14.3046,0.1085,61.3735,10.8255,272.3367,5.8924,86.2181,4.3085,11.1801,4.9617
2041-01-28,14.1046,0.1259,75.7243,9.1639,274.5795,6.3468,84.1257,2.9697,12.0002,3.4545
2041-01-29,15.7143,1.1039,66.8782,17.7576,277.1121,7.0325,79.5176,2.6493,13.2258,3.2223
2041-01-30,12.4323,8.6056,72.2174,14.8851,256.5849,3.6672,47.9986,0.2687,7.0814,0.1357
2041-01-31,10.2599,0.0048,43.8648,12.6693,258.1357,4.4523,71.1886,1.2318,8.5365,0.6834
2041-02-01,14.0733,0.0075,51.9477,11.4379,260.3729,5.4880,81.0792,2.2764,10.4266,2.2001
2041-02-02,14.2018,0.1231,70.4879,12.1096,262.6332,6.1295,82.2033,2.6899,11.5831,2.9909
2041-02-03,14.3182,3.1819,75.0732,16.2386,259.7443,4.2628,62.4971,1.0682,8.1897,0.5801
2041-02-04,11.5192,0.7261,58.9746,13.3322,261.5218,4.9982,74.1077,1.4321,9.5406,0.8424
2041-02-05,13.5447,0.1323,58.0160,10.0671,263.6638,5.8716,80.9560,2.0950,11.1239,2.0454
2041-02-06,14.8710,0.6526,63.5388,12.4572,266.0446,6.6988,81.9048,2.6399,12.6042,3.1014
2041-02-07,12.7201,0.1822,52.2291,6.5503,268.0382,7.6366,84.3493,2.6827,14.2577,3.4465
2041-02-08,9.4440,0.3849,53.4771,14.2584,269.4421,8.3334,84.8433,4.2308,15.4707,5.8714
2041-02-09,6.9276,0.0169,48.3147,12.6756,270.3931,8.9228,85.3038,4.1622,16.4856,5.9972
2041-02-10,8.9132,0.5599,59.1952,10.7638,271.7015,9.5032,83.9892,3.1609,17.4781,4.7244
2041-02-11,6.6940,5.8900,73.5083,16.1461,258.8013,5.3782,48.7103,0.3147,10.2251,0.1921
2041-02-12,4.9506,0.2167,55.0517,18.9131,259.3964,5.7645,67.4697,1.4960,10.9222,0.9471
2041-02-13,9.6039,0.0000,52.0306,9.5678,260.8291,6.4939,77.8660,1.5088,12.2267,1.1225
2041-02-14,13.0201,0.0006,56.4177,9.9452,262.8767,7.3680,82.5041,2.5034,13.7711,3.0945
2041-02-15,12.0358,0.0398,65.5647,9.8880,264.7471,8.0106,83.0872,2.6874,14.8945,3.5594
2041-02-16,12.4100,0.6021,72.6918,7.4568,266.6849,8.5346,81.5054,1.9567,15.8048,2.4971
2041-02-17,11.8331,0.7517,76.0888,9.5417,268.5189,8.9739,78.6891,1.6183,16.5639,1.9612
2041-02-18,13.5920,0.0000,53.4044,10.9521,270.6695,9.9464,83.3803,2.9450,18.2190,4.5067
2041-02-19,15.9961,0.0035,58.1377,8.3794,273.2527,10.9630,84.7022,3.0859,19.9273,5.0124
2041-02-20,15.2043,0.5374,67.3676,11.0692,275.6935,11.7188,83.8430,3.1481,21.1862,5.3176
2041-02-21,12.2472,0.2647,60.5801,14.4515,277.6020,12.4662,84.1900,3.9099,22.4158,6.7769
2041-02-22,5.2926,0.5662,52.5333,21.6533,278.2587,12.8972,83.8609,5.3790,23.1159,9.1561
2041-02-23,4.2366,0.0912,55.2277,16.1178,278.7253,13.2366,83.9526,4.1196,23.6637,7.3400
2041-02-24,4.5274,0.0467,57.1655,13.3943,279.2442,13.5790,83.9999,3.6140,24.2143,6.5983
2041-02-25,5.5022,0.1195,51.7218,10.4802,279.9386,14.0318,84.4531,3.3164,24.9385,6.1968
2041-02-26,6.0491,0.0052,49.9100,8.0571,280.7314,14.5405,84.8670,3.1054,25.7470,5.9370
2041-02-27,7.4842,0.0953,54.6602,5.7942,281.7826,15.0933,84.9147,2.7889,26.6217,5.4623
2041-02-28,8.4383,1.1954,67.0742,12.9137,283.0055,15.5394,76.6222,1.6245,27.3276,3.0815
2041-03-01,8.6731,0.2686,66.8007,10.3155,284.2706,16.0925,79.8818,1.8891,28.1948,3.7734
2041-03-02,12.4103,0.1598,56.9860,6.8029,286.2085,17.0831,82.9362,2.2565,29.7299,4.7498
2041-03-03,11.8497,2.8715,79.0187,6.9330,283.5879,13.4201,58.1720,0.5130,24.0007,0.5226
2041-03-04,12.2947,5.5968,77.4652,11.8211,272.2272,8.2192,43.5090,0.1175,15.2847,0.0903
2041-03-05,8.9388,15.1687,92.8158,18.4618,231.7874,3.6112,17.7606,0.0001,6.9517,0.0001
2041-03-06,8.2913,4.5285,83.8809,18.0434,224.3331,1.8084,27.7061,0.0044,3.5453,0.0017
2041-03-07,6.0949,9.7804,85.8528,21.4297,202.1868,0.4268,23.5095,0.0014,0.8491,0.0004
2041-03-08,6.8212,12.2303,87.5340,20.8440,175.1387,0.1683,20.3436,0.0004,0.3358,0.0001
2041-03-09,7.7554,0.5126,72.9089,8.8465,176.2386,0.5773,41.1925,0.0677,1.1451,0.0183
2041-03-10,14.7875,3.4013,55.1601,11.0414,173.8825,1.2143,55.7609,0.5208,2.3870,0.1701
2041-03-11,14.9973,0.7291,62.8001,10.4752,176.2860,2.2351,71.3357,1.1085,4.3328,0.4489
2041-03-12,16.3878,2.5315,68.3252,15.7341,178.9398,1.9528,66.7896,1.2455,3.8019,0.4788
2041-03-13,15.3027,3.2703,60.9060,14.5636,176.9756,1.7144,63.6877,1.0391,3.3478,0.3807
2041-03-14,11.3369,0.0449,53.8838,12.6002,178.7202,2.6921,76.9836,1.6410,5.1888,0.7174
2041-03-15,16.1345,0.0589,55.5222,13.4716,181.3284,3.9988,83.2017,3.2671,7.5796,2.8766
2041-03-16,17.1173,0.0237,61.5055,9.9000,184.1135,5.1941,84.4059,3.2003,9.7039,3.2852
2041-03-17,18.1651,0.0283,59.4609,4.7230,187.0873,6.5254,85.1126,2.7153,12.0041,3.1028
2041-03-18,18.5464,0.0261,49.7053,7.5441,190.1296,8.2097,86.6295,3.8705,14.8197,5.2456
2041-03-19,17.5118,0.0004,50.0295,8.0361,192.9857,9.7951,86.8936,4.1192,17.3843,6.1249
2041-03-20,20.2992,0.0000,48.7879,5.4236,196.3436,11.6632,87.4566,3.9128,20.3102,6.3950
2041-03-21,20.1305,0.1738,52.5116,9.2502,199.6711,13.3817,87.5051,4.7779,22.9228,8.2245
2041-03-22,16.4742,0.0011,41.4486,14.7002,202.3404,15.1358,88.1470,6.8932,25.5024,11.8572
2041-03-23,15.1520,0.0000,39.5078,9.1133,204.7718,16.8116,88.3917,5.3876,27.8973,10.1735
2041-03-24,18.0941,0.0000,40.1591,5.4095,207.7327,18.7695,88.7250,4.6894,30.6219,9.5415
2041-03-25,19.7500,0.0010,45.3159,5.5975,210.9917,20.7130,88.7740,4.7674,33.2626,10.1409
2041-03-26,19.1801,0.1929,52.8150,8.1169,214.1482,22.3442,88.4446,5.1628,35.4430,11.2234
2041-03-27,18.6741,2.2077,62.8170,8.9902,217.2135,20.3683,73.8756,1.1381,33.0005,2.2667
2041-03-28,17.4794,0.1635,59.7254,9.0231,220.0638,21.6439,81.4935,2.1144,34.7447,4.9526
2041-03-29,19.6218,0.0640,53.8036,8.2556,223.2997,23.2756,85.2385,3.3012,36.9282,7.8630
2041-03-30,21.2188,0.0001,54.5036,4.1273,226.8231,25.0065,86.3522,3.1330,39.2069,7.7878
2041-03-31,22.3265,0.0001,52.7311,6.0786,230.5459,26.8941,87.0710,3.8277,41.6435,9.6077
2041-04-01,19.6851,0.0354,59.7420,10.8142,235.0432,28.9227,87.1194,4.8928,44.2367,12.1712
2041-04-02,18.0354,0.0078,43.1103,12.2531,239.2436,31.5618,88.0245,5.9874,47.4682,14.8236
2041-04-03,17.2234,0.0037,36.2414,7.2048,243.2978,34.3941,89.0721,5.3957,50.8256,14.2036
2041-04-04,18.6525,0.0447,46.7810,6.3801,247.6092,36.9426,89.1212,5.2126,53.8132,14.2738
2041-04-05,14.5214,1.2928,57.8101,11.8481,251.1771,38.5403,80.2148,2.1131,55.7103,6.8275
2041-04-06,10.2282,5.3548,71.3590,14.9546,242.4311,25.1833,52.3405,0.4556,39.9832,0.6549
2041-04-07,11.1613,3.7850,58.7686,15.5702,238.6966,19.0111,55.3525,0.6313,31.7085,0.7738
2041-04-08,8.6065,3.1243,71.8356,15.0986,236.4968,14.7747,51.6946,0.4277,25.5577,0.4540
2041-04-09,12.3481,0.0464,44.2774,8.5819,239.6735,16.5914,73.0109,1.0733,28.2873,1.7420
2041-04-10,15.0726,0.0000,44.6062,9.8796,243.3406,18.7632,83.0225,2.6641,31.4616,5.8258
2041-04-11,16.1413,0.0018,49.6056,10.7399,247.2000,20.8696,85.7427,4.0131,34.4650,8.9471
2041-04-12,19.0315,0.4723,59.7824,14.1915,251.5797,22.8324,85.7906,4.8076,37.2200,10.8837
2041-04-13,19.4411,0.1784,56.4779,10.6358,256.0331,24.9998,86.0987,4.1964,40.1891,10.1644
2041-04-14,21.9592,0.0453,47.0308,9.4712,260.9397,27.9609,87.7862,5.0296,44.1063,12.4214
2041-04-15,21.4448,0.1200,49.1157,13.0746,265.7538,30.7420,87.8348,6.0732,47.6917,15.0244
2041-04-16,23.2144,0.0000,39.9893,4.8170,270.8864,34.2794,89.3149,4.9537,52.0820,13.4712
2041-04-17,24.2530,0.0468,38.4931,9.8818,276.2059,38.0598,90.0430,7.0976,56.6161,18.5145
2041-04-18,23.7859,0.2644,41.9023,9.3573,281.4414,41.5650,90.0924,6.9615,60.7136,18.9427
2041-04-19,20.9182,3.5128,61.7912,11.3226,279.6666,33.0716,70.6312,1.1297,51.0508,3.3467
2041-04-20,19.5023,2.4102,57.6894,18.7427,284.1310,30.0171,73.5394,1.8320,47.4912,5.3391
2041-04-21,18.3128,2.3571,54.7906,14.7602,288.3814,27.5825,73.2692,1.4813,44.5197,4.0800
2041-04-22,16.2212,3.8399,60.8391,12.3225,284.5691,21.1193,63.1184,0.9040,35.6282,1.6929
2041-04-23,16.4606,0.1093,50.7530,11.6860,288.4860,23.2159,79.3133,1.9122,38.6549,4.8172
2041-04-24,21.2625,0.0206,50.8080,8.4966,293.2672,25.8828,85.4331,3.4328,42.4085,8.8514
2041-04-25,23.3574,0.0776,51.6165,9.3549,298.4256,28.7516,87.2006,4.5989,46.3413,11.8899
2041-04-26,24.6320,0.0021,42.1023,7.7350,303.8133,32.3634,89.1417,5.5974,51.1144,14.6574
2041-04-27,26.5447,0.0008,32.7693,10.8933,309.5454,36.8691,91.3636,9.0179,56.8193,22.0565
2041-04-28,25.7522,0.0031,35.9307,14.7420,315.1347,41.0399,91.4134,11.0257,61.9202,26.5243
2041-04-29,23.5337,0.0087,45.8390,8.5671,320.3248,44.2744,90.5162,7.1079,65.8090,20.0707
2041-04-30,23.0115,0.0000,42.6954,13.0910,325.4209,47.6241,90.5658,8.9912,69.7347,24.4504
2041-05-01,24.0252,0.0028,38.8598,8.5126,332.1494,51.6683,90.6153,7.1894,74.4021,21.5900
2041-05-02,27.3934,0.1201,30.3745,12.2026,339.4842,56.8911,92.1301,10.7380,80.1875,29.6404
2041-05-03,24.8204,0.3287,39.0774,18.6196,346.3559,61.0485,91.7648,14.0901,84.7514,36.5167
2041-05-04,19.1237,0.2772,37.5954,15.8103,352.2022,64.3710,91.1929,11.2762,88.3660,32.1616
2041-05-05,19.5888,0.0671,34.5424,8.9816,358.1321,67.9363,91.2426,8.0500,92.1645,26.1171
2041-05-06,21.9732,0.0000,34.6953,6.6889,364.4913,71.9031,91.2924,7.2227,96.3091,24.7605
2041-05-07,24.6366,0.0010,30.0711,5.9136,371.3299,76.6412,91.8091,7.4745,101.1104,25.9675
2041-05-08,24.1603,0.2586,33.8192,6.9712,378.0828,81.0424,91.8591,7.9395,105.5323,27.6208
2041-05-09,22.8781,0.2262,40.7910,7.9195,384.6048,84.7800,91.2573,7.6465,109.3170,27.3526
2041-05-10,24.8179,0.0860,42.0894,6.4392,391.4760,88.7314,91.1748,7.0140,113.2756,26.1832
2041-05-11,26.0389,0.0002,39.6167,9.3549,398.5670,93.0456,91.2245,8.1818,117.5096,29.5514
2041-05-12,24.1340,0.4108,42.7088,11.6907,405.3151,96.8516,90.9796,8.8883,121.2627,31.6473
2041-05-13,20.9474,1.3725,46.6952,12.0229,411.4897,99.9456,84.1497,3.4409,124.3709,16.3235
2041-05-14,20.0550,1.5515,54.9912,11.6277,417.5036,97.7797,79.8427,2.0102,123.3422,10.6562
2041-05-15,22.2414,0.0282,34.0064,9.2244,423.9110,101.8350,88.6224,5.6002,127.2485,23.4834
2041-05-16,24.9112,0.0000,31.6064,10.4533,430.7990,106.5185,91.2100,8.6296,131.6550,31.9952
2041-05-17,25.2371,0.0069,42.4328,11.1913,437.7457,110.5100,91.1658,8.9003,135.5010,32.9866
2041-05-18,24.7511,0.2980,51.6962,8.0127,444.6049,113.7974,89.7783,6.2192,138.7875,26.0725
2041-05-19,23.7707,5.2476,58.0686,9.6187,433.2427,70.2987,68.9876,0.9836,100.0228,4.9206
2041-05-20,22.6451,1.1069,61.6231,12.6438,439.7228,72.6978,78.4949,1.8594,102.8755,9.0604
2041-05-21,23.5528,0.1229,52.7193,8.0664,446.3663,75.7664,85.4224,3.3542,106.3873,14.8707
2041-05-22,26.5092,0.0000,41.4061,8.7403,453.5420,80.0254,89.3013,6.0248,111.0605,23.3402
2041-05-23,28.6295,0.0006,34.9480,6.8253,461.0993,85.1168,91.3039,7.2844,116.4796,27.1992
2041-05-24,29.7897,0.0792,34.4316,6.3469,468.8654,90.4490,91.8357,7.6682,122.0407,28.7154
2041-05-25,24.5190,0.7117,58.3325,17.1372,475.6828,93.2593,86.6342,6.2805,125.1690,25.2815
2041-05-26,23.3570,2.8130,62.8937,17.2586,475.4652,74.1518,75.7175,1.9056,106.7017,9.4490
2041-05-27,22.9093,0.0709,46.5699,12.5038,481.9929,77.5290,85.9954,4.5441,110.5877,19.0249
2041-05-28,24.3096,0.2068,42.0498,6.5442,488.7726,81.4056,88.8337,5.0434,114.9490,20.8878
2041-05-29,21.0490,4.1909,65.0295,6.5982,480.4773,57.7641,64.6443,0.7249,88.8299,3.1916
2041-05-30,23.6594,0.7904,48.4776,10.8521,487.1399,61.1225,81.9703,2.4541,93.0554,10.7757
2041-05-31,24.2841,2.2829,45.0192,9.7142,493.9151,56.2307,80.2046,1.8956,87.5447,8.3363
2041-06-01,22.8736,0.2373,45.0098,12.2606,501.4363,59.7014,87.1477,5.2841,92.0145,19.3560
2041-06-02,24.7233,0.0286,38.8034,8.9259,509.2905,63.8618,89.6938,6.4336,97.2403,22.9379
2041-06-03,25.2709,0.1076,42.0794,10.1367,517.2433,67.8830,89.7431,6.8869,102.2257,24.6601
2041-06-04,26.4982,0.0099,39.2093,6.3298,525.4170,72.2998,90.3166,6.1714,107.5881,23.3942
2041-06-05,29.0775,0.0000,38.9875,6.6416,534.0549,77.1471,90.8280,6.7443,113.3567,25.4893
2041-06-06,29.3949,0.0136,40.4775,8.1623,542.7500,81.9257,90.8776,7.3331,118.9601,27.5652
2041-06-07,29.7959,0.0214,40.0425,8.7284,551.5173,86.8025,90.9272,7.5989,124.5846,28.7702
2041-06-08,29.9429,2.4860,45.6595,6.5417,560.3110,75.0075,83.0632,2.2634,112.3987,11.2132
2041-06-09,26.7328,6.8523,65.0726,11.5312,534.7075,46.4974,66.8818,1.0110,76.3882,4.1159
2041-06-10,26.7074,0.4238,51.9852,12.3610,542.9188,50.0124,84.4274,3.6334,81.3016,13.6206
2041-06-11,26.7467,0.1166,38.6593,12.3366,551.1373,54.5094,89.7710,7.7250,87.4067,24.7034
2041-06-12,28.5604,0.0000,30.6076,10.0842,559.6821,59.9279,92.1732,9.7097,94.5469,30.0646
2041-06-13,29.6551,0.9063,37.0232,7.6126,568.4241,65.0270,90.1652,6.4424,101.1309,23.4103
2041-06-14,31.5554,0.2165,38.7059,5.6296,577.5080,70.2965,91.2387,6.7952,107.7911,25.0485
2041-06-15,33.2467,0.0000,33.6484,5.2132,586.8964,76.2962,92.5179,7.9746,115.1643,28.7972
2041-06-16,34.7302,0.0000,32.1041,5.1752,596.5519,82.7008,93.1634,8.7139,122.8310,31.3868
2041-06-17,35.5293,0.0000,30.9676,6.5269,606.3511,89.3577,93.5610,9.8602,130.5995,34.8608
2041-06-18,35.5036,0.0182,32.4981,6.2236,616.1458,95.8626,93.6115,9.7792,138.0350,35.3243
2041-06-19,34.4425,0.3045,36.5408,6.9773,625.7494,101.8005,93.6620,10.2294,144.7352,36.9186
2041-06-20,34.9338,0.5222,34.4065,6.5556,635.4415,108.0230,93.0943,9.2517,151.6121,35.0149
2041-06-21,35.4782,0.0677,34.6462,7.3118,645.2316,114.3165,93.1447,9.6791,158.4507,36.4817
2041-06-22,35.8197,0.0000,30.1638,10.3541,655.0832,121.1043,93.7689,12.3084,165.6500,43.0612
2041-06-23,36.3409,0.0389,33.0768,7.7393,665.0285,127.7009,93.8195,10.8650,172.5620,40.0748
2041-06-24,34.8465,0.0171,34.4538,9.7724,674.7049,133.9039,93.8702,12.1221,178.9971,43.2884
2041-06-25,35.2737,0.0000,31.8409,10.0777,684.4582,140.4308,93.9208,12.3968,185.6412,44.1769
2041-06-26,35.9210,0.0010,29.6715,8.5679,694.3279,147.2852,93.9714,11.5696,192.4900,42.4963
2041-06-27,35.3280,0.0269,30.2013,9.0670,704.0910,153.9791,94.0221,11.9478,199.1027,43.5746
2041-06-28,36.0985,0.0000,29.6457,10.2536,713.9927,160.8690,94.0728,12.7734,205.8105,45.6456
2041-06-29,37.9887,0.0000,27.0879,11.0795,724.2347,168.3721,94.7871,14.6946,212.9666,50.0371
2041-06-30,35.2950,0.0000,32.9129,11.4902,733.9918,174.8002,94.6884,14.7999,219.1336,50.3924
2041-07-01,34.3053,0.0000,29.5935,10.4453,743.8707,180.6546,94.7393,14.1394,224.8144,49.0737
2041-07-02,31.4979,0.1072,26.4987,15.4131,753.2443,186.2817,94.7902,18.2887,230.2240,57.6785
2041-07-03,28.9226,0.0000,23.3684,13.6846,762.1544,191.6850,94.8412,16.8808,235.3753,54.9811
2041-07-04,30.6283,0.0000,23.5532,8.6157,771.3715,197.3815,94.8921,13.1675,240.7518,47.1411
2041-07-05,34.3967,0.0000,26.0993,7.0646,781.2669,203.5423,94.9431,12.2629,246.5205,45.1223
2041-07-06,35.5111,0.0000,28.4334,6.8986,791.3629,209.6958,94.9941,12.2460,252.2730,45.1354
2041-07-07,36.3738,0.0000,27.2518,6.1488,801.6142,216.0984,95.0451,11.8746,258.1901,44.3059
2041-07-08,35.7503,0.0000,28.4972,10.1731,811.7532,222.2866,95.0961,14.6460,263.9062,50.6229
2041-07-09,34.3225,0.0000,28.2184,10.3465,821.6353,228.2582,95.1472,14.8782,269.4069,51.1605
2041-07-10,35.7658,0.0000,30.0468,11.4268,831.7771,234.3149,95.1982,15.8205,274.9755,53.1899
2041-07-11,33.3171,0.1885,34.7623,15.5413,841.4782,239.5881,94.1092,16.7576,279.9242,55.1487
2041-07-12,30.7353,0.0000,29.8668,13.9184,850.7146,244.8317,94.1599,15.5505,284.7728,52.6749
2041-07-13,32.6314,0.0000,24.9432,10.1261,860.2922,250.7778,94.3382,13.1659,290.1249,47.4805
2041-07-14,33.6798,0.0000,24.2737,9.4909,870.0586,256.9633,94.6520,13.3147,295.6403,47.8378
2041-07-15,34.4991,0.0832,26.3766,8.8018,879.9724,263.1187,94.7029,12.9507,301.1339,47.0252
2041-07-16,35.8311,0.0661,26.0643,7.6154,890.1260,269.5315,94.7538,12.2848,306.8081,45.4941
2041-07-17,35.7915,0.0281,27.5576,7.2875,900.2725,275.8080,94.8048,12.1683,312.3708,45.2325
2041-07-18,34.5426,0.4105,30.5360,9.0686,910.1942,281.6228,94.8557,13.4043,317.5855,48.0982
2041-07-19,33.1555,0.2984,32.9797,10.1979,919.8662,287.0146,94.3718,13.2751,322.4803,47.8150
2041-07-20,34.2897,0.0000,28.4620,7.5754,929.7423,292.9605,94.4226,11.7136,327.7428,44.1769
2041-07-21,35.3486,0.0000,26.2051,7.4351,939.8091,299.2775,94.5390,11.8191,333.2503,44.4379
2041-07-22,37.1515,0.0000,23.4384,6.2279,950.2003,306.1555,95.3941,12.5043,339.1360,46.0653
2041-07-23,38.4607,0.0000,21.2312,7.8492,960.8272,313.4739,96.1070,14.9475,345.3049,51.5425
2041-07-24,39.7207,0.0000,20.4071,7.0277,971.6810,321.1045,96.5095,15.1410,351.6723,51.9642
2041-07-25,40.3026,0.0000,20.4789,7.8029,982.6394,328.8368,96.6039,15.9452,358.0899,53.6693
2041-07-26,37.8320,0.0000,23.8069,12.1718,993.1532,335.8035,96.6554,20.0100,363.9562,61.7106
2041-07-27,36.5373,0.0000,23.0855,11.8201,1003.4339,342.6022,96.7070,19.7949,369.6665,61.3104
2041-07-28,37.4071,0.0000,19.9695,9.9394,1013.8712,349.8399,96.7585,18.1301,375.6400,58.1080
2041-07-29,39.5479,0.0000,20.9886,6.6733,1024.6938,357.3826,96.8101,15.4856,381.8343,52.7190
2041-07-30,36.3484,0.0000,25.0859,13.4486,1034.9405,363.9713,96.4496,20.7573,387.3666,63.1175
2041-07-31,32.8617,0.0000,27.1479,15.6803,1044.5596,369.7821,95.5329,20.5177,392.3377,62.6764
2041-08-01,33.8331,0.0000,19.3695,13.9320,1053.6536,375.5970,95.7637,19.3861,397.2096,60.5505
2041-08-02,35.4481,0.0000,18.0551,9.7821,1063.0382,381.7799,96.3032,16.9190,402.3287,55.6995
2041-08-03,36.8279,0.0000,20.7880,7.3844,1072.6713,387.9822,96.3547,15.0978,407.4923,51.9029
2041-08-04,36.5605,0.0000,19.7452,8.5162,1082.2561,394.2219,96.4061,16.0950,412.6577,54.0090
2041-08-05,37.0118,0.0000,21.2224,7.5524,1091.9223,400.4202,96.4576,15.4386,417.8054,52.6318
2041-08-06,37.3533,0.0000,23.0146,7.7449,1101.6498,406.5317,96.5091,15.6975,422.9084,53.1797
2041-08-07,38.1575,0.0000,22.8325,7.8293,1111.5222,412.7857,96.5606,15.8739,428.1067,53.5510
2041-08-08,38.3581,0.0000,21.9864,8.4202,1121.4307,419.1407,96.6121,16.4673,433.3573,54.7833
2041-08-09,38.4909,0.0000,22.4140,7.2865,1131.3630,425.4821,96.6637,15.6609,438.5966,53.1052
2041-08-10,38.5814,0.0000,23.3976,6.5256,1141.3117,431.7574,96.7152,15.1764,443.7958,52.0780
2041-08-11,39.2131,0.0000,23.4155,5.8962,1151.3740,438.1312,96.7668,14.8047,449.0608,51.2796
2041-08-12,39.3083,0.0000,24.0114,6.5548,1161.4535,444.4702,96.8184,15.4105,454.3034,52.5776
2041-08-13,38.5156,0.0000,27.4024,7.7869,1171.3903,450.4076,96.3888,15.4781,459.3027,52.7213
2041-08-14,37.7927,0.0000,27.8034,9.6189,1181.1970,456.2045,96.1473,16.4309,464.1990,54.7118
2041-08-15,35.2555,0.0000,32.9156,14.7109,1190.5470,461.2394,94.8212,17.7280,468.6094,57.3369
2041-08-16,33.9997,0.0016,31.5631,12.3466,1199.6710,466.1985,94.7224,15.5248,472.9347,52.8212
2041-08-17,35.1193,0.0000,27.4726,8.1041,1208.9964,471.6216,94.7733,12.6247,477.5350,46.3958
2041-08-18,33.5003,0.0000,29.1818,10.5072,1218.0305,476.6802,94.8242,14.3499,481.8887,50.2914
2041-08-19,29.8132,1.1209,41.1528,14.7225,1226.4008,480.4358,89.4491,8.3188,485.4453,35.4437
2041-08-20,30.7295,0.1632,33.6974,11.8160,1234.9362,484.7926,91.9710,10.2967,489.3405,40.7303
2041-08-21,30.9436,0.0000,29.3309,11.4682,1243.5100,489.4675,93.0414,11.7629,493.4039,44.3593
2041-08-22,31.4334,0.0000,25.4661,11.3216,1252.1720,494.4735,93.9612,13.2729,497.6506,47.8871
2041-08-23,32.9927,0.0000,22.3757,8.9203,1261.1147,499.9370,94.9004,13.3862,502.1813,48.1445
2041-08-24,35.5292,0.0000,21.6905,5.4877,1270.5140,505.8587,95.5036,12.2276,507.0294,45.4661
2041-08-25,35.3163,0.0000,24.0891,8.5214,1279.8749,511.5657,95.5548,14.3468,511.7577,50.2857
2041-08-26,34.8131,0.0000,24.9262,8.0719,1289.1453,517.1317,95.6060,14.1235,517.1013,49.7941
2041-08-27,36.2342,0.0000,25.1375,5.9331,1298.6714,522.9018,95.6572,12.7691,522.8302,46.7322
2041-08-28,37.4723,0.0000,23.1245,5.4739,1308.4204,529.0234,95.7084,12.5641,528.9045,46.2562
2041-08-29,38.1680,0.0000,22.3767,6.2228,1318.2947,535.3161,95.8366,13.2764,535.1463,47.8959
2041-08-30,37.7132,0.0000,23.8456,7.7743,1328.0870,541.4183,95.8879,14.4561,541.2000,50.5256
2041-08-31,35.6645,0.0000,31.4942,13.6843,1337.5107,546.6178,95.1103,17.5147,546.3671,56.9143
2041-09-01,30.5060,0.0477,36.8449,17.0782,1344.7058,550.1715,93.3380,16.2664,549.9050,54.3750
2041-09-02,29.3171,0.0331,34.5820,11.0533,1351.6868,553.7141,93.3147,11.9681,553.4300,44.8514
2041-09-03,29.1709,0.0039,31.8574,9.2636,1358.6416,557.3865,93.3651,11.0133,557.0815,42.5325
2041-09-04,30.5544,0.0000,30.5931,6.5344,1365.8454,561.2981,93.4156,9.6661,560.9687,39.0996
2041-09-05,31.8988,0.0000,26.6113,5.6169,1373.2911,565.6096,93.8273,9.7736,565.2488,39.3812
2041-09-06,32.7361,0.0000,27.7706,8.3010,1380.8876,569.9607,93.8780,11.2680,569.5685,43.1597
2041-09-07,32.2866,0.0002,31.0448,8.5314,1388.4032,574.0595,93.9286,11.4799,573.6407,43.6768
2041-09-08,32.8806,0.0315,31.1405,8.2841,1396.0257,578.2253,93.9793,11.4177,577.7790,43.5253
2041-09-09,31.1263,0.6794,41.3189,8.0801,1403.3325,581.5921,90.6236,7.0428,581.1340,31.7333
2041-09-10,30.2421,0.0119,47.0986,10.1433,1410.4800,584.5440,90.6732,7.8700,584.0823,34.1699
2041-09-11,29.3333,0.0000,36.0226,11.0395,1417.4640,588.0104,91.4306,9.1714,587.5315,37.7859
2041-09-12,29.6441,0.0000,30.6693,8.4463,1424.5040,591.8053,92.5112,9.3769,591.3016,38.3354
2041-09-13,29.3290,0.0028,26.0339,15.9524,1431.4872,595.8124,93.4761,15.6681,595.2781,53.1262
2041-09-14,25.9114,0.0061,32.0087,21.5921,1437.8553,599.0821,93.2558,20.1877,598.5290,62.0814
2041-09-15,24.0768,0.0350,35.8834,18.0998,1443.8931,601.9560,92.3664,14.9436,601.3904,51.5836
2041-09-16,25.7016,0.0178,34.9018,11.9758,1450.2234,605.0623,92.4165,11.0537,604.4812,42.6324
2041-09-17,28.0207,0.0000,28.1946,8.1331,1456.9711,608.7851,92.8227,9.6431,608.1773,39.0394
2041-09-18,29.5294,0.0000,25.0207,5.9882,1463.9904,612.8738,93.6989,9.7821,612.2328,39.4035
2041-09-19,30.4635,0.0000,24.6894,6.4587,1471.1778,617.1058,94.0059,10.4528,616.4293,41.1289
2041-09-20,29.5570,0.0000,34.3215,8.3346,1478.2021,620.6906,93.5223,10.7426,619.9928,41.8587
2041-09-21,26.2551,0.0067,35.8873,18.1679,1484.6320,623.8130,92.6952,15.7051,623.0996,53.2041
2041-09-22,23.1949,0.0000,21.8996,15.9276,1490.5111,627.1911,93.3620,15.4016,626.4502,52.5626
2041-09-23,25.3592,0.0000,22.4196,11.2081,1496.7798,630.8457,93.6527,12.6437,630.0738,46.4421
2041-09-24,26.3551,0.0000,25.3465,9.1075,1503.2277,634.4948,93.7033,11.4541,633.6936,43.6141
2041-09-25,27.6094,0.0000,28.0619,6.6801,1509.9014,638.1717,93.7539,10.2069,637.3426,40.5022
2041-09-26,27.3159,0.1531,49.4293,10.4167,1516.5222,640.7301,90.8020,8.1272,639.9012,34.9045
2041-09-27,26.5666,0.0010,43.3553,11.4409,1523.0082,643.5203,90.8516,8.6184,642.6842,36.2793
2041-09-28,24.7198,0.0000,36.1719,11.8640,1529.1618,646.4543,90.9012,8.8667,645.6040,36.9609
2041-09-29,25.2685,0.0000,31.9590,11.4117,1535.4141,649.6486,91.5356,9.4854,648.7782,38.6235
2041-09-30,25.8721,0.0000,32.9346,11.4675,1541.7751,652.8690,91.5854,9.5797,651.9789,38.8725
2041-10-01,27.4070,0.0183,35.2974,10.6197,1547.4123,655.6638,91.6353,9.2442,654.7575,37.9814
2041-10-02,28.9779,0.0263,34.9197,7.7624,1553.3324,658.6298,91.6852,8.0615,657.7057,34.7178
2041-10-03,30.2605,0.0347,32.6701,6.4722,1559.4833,661.8291,92.2656,8.2002,660.8834,35.1112
2041-10-04,28.4228,0.0000,35.2698,9.2634,1565.3034,664.7247,92.3157,9.5056,663.7618,38.6769
2041-10-05,27.8781,0.0006,35.7330,8.0083,1571.0254,667.5465,92.3658,8.9863,666.5674,37.2862
2041-10-06,27.3120,0.0004,41.6113,7.2387,1576.6456,670.0601,91.8042,7.9850,669.0718,34.4999
2041-10-07,25.3295,0.3454,51.6859,7.6727,1581.9089,671.9949,89.9708,6.2845,671.0092,29.3875
2041-10-08,25.1634,0.8102,60.7028,7.1875,1587.1423,673.5587,85.3685,3.1850,672.5853,18.1838
2041-10-09,25.1387,4.3350,59.3061,6.3783,1402.9350,107.7404,69.1416,0.8395,180.7738,5.6443
2041-10-10,22.0283,5.2078,58.8016,12.8385,1245.1172,66.6017,65.5922,1.0307,117.4917,5.7287
2041-10-11,19.7053,3.1008,52.0592,16.3411,1195.4682,52.9087,71.2355,1.4846,95.2757,7.0800
2041-10-12,19.5509,0.0000,36.8763,10.1487,1199.6914,54.8839,85.3614,3.6939,98.5020,15.3738
2041-10-13,20.3945,0.0774,42.1736,8.3350,1204.0664,56.7672,88.0518,4.9340,101.5636,19.3787
2041-10-14,19.8218,0.8794,50.7411,10.0802,1208.3384,58.3288,85.1108,3.5558,104.0953,15.3756
2041-10-15,17.0177,0.0477,36.8847,12.7579,1212.1055,60.0614,88.3137,6.4017,106.8824,23.9310
2041-10-16,18.0682,0.0000,28.0813,6.7577,1216.0618,62.1502,90.5329,6.5040,110.2179,24.5433
2041-10-17,19.8456,0.0025,27.3686,5.1654,1220.3380,64.4552,91.4212,6.8125,113.8741,25.7193
2041-10-18,20.5330,0.0009,35.5146,7.5920,1224.7379,66.5690,91.4710,7.7533,117.2108,28.4602
2041-10-19,21.2373,0.0124,41.7017,5.9213,1229.2647,68.5421,90.8634,6.5368,120.3130,25.5832
2041-10-20,21.7883,0.5506,42.3369,6.2875,1233.8905,70.5419,89.5668,5.5310,123.4409,22.9987
2041-10-21,20.9636,4.3109,63.4023,11.0554,1149.6511,49.5924,67.3885,1.0041,89.5297,4.6302
2041-10-22,18.7148,21.9223,78.7306,16.3292,791.2042,20.7034,42.6282,0.1272,38.8645,0.1793
2041-10-23,15.1779,3.2651,61.5293,13.8844,774.6572,16.1827,56.1930,0.6236,30.7590,0.7488
2041-10-24,16.6117,0.5060,56.0101,17.2542,778.3513,17.3632,76.7722,2.0431,32.8921,4.5988
2041-10-25,18.6017,0.0014,49.5693,12.7127,782.4036,18.8687,84.6014,3.7867,35.5915,8.6733
2041-10-26,16.8940,0.0000,43.4648,9.9724,786.1486,20.4101,87.1306,4.6972,38.3322,10.8582
2041-10-27,17.6176,0.0000,44.4619,6.7107,790.0237,21.9852,87.7485,4.3529,41.1103,10.6160
2041-10-28,17.5582,0.1030,51.2447,8.8469,793.8882,23.3636,87.7971,4.8815,43.5249,12.0381
2041-10-29,16.6179,0.1381,53.5457,7.5200,797.5834,24.6107,87.7894,4.5608,45.6963,11.7166
2041-10-30,16.9432,0.0018,45.6882,9.5134,801.3372,26.0955,87.8381,5.0779,48.2619,13.1625
2041-10-31,18.8342,1.0891,61.8311,13.8554,805.4314,27.2484,82.0150,2.8706,50.2470,8.4103
2041-11-01,20.7345,1.3729,62.3914,13.3758,808.8676,28.3371,79.3762,2.0950,52.1102,6.4775
2041-11-02,17.9680,0.0874,51.8065,12.7336,811.8058,29.5554,84.8173,3.9039,54.1796,11.3969
2041-11-03,13.6167,0.4778,59.7675,16.2829,813.9608,30.3404,84.8649,4.6990,55.5082,13.3970
2041-11-04,10.3753,0.3286,58.8974,21.3230,815.5324,30.9658,84.9126,6.0974,56.5623,16.5304
2041-11-05,11.5195,0.0058,44.9884,18.4333,817.3099,31.8862,86.3262,6.4186,58.1051,17.4280
2041-11-06,14.3679,0.0000,41.9281,13.1303,819.6001,33.0771,87.4808,5.7896,60.0913,16.4307
2041-11-07,15.4310,0.0000,42.7661,7.9250,822.0817,34.3314,87.8034,4.6641,62.1719,14.1979
2041-11-08,17.1277,0.0023,43.9731,5.4401,824.8687,35.6854,87.9420,4.1977,64.4051,13.3433
2041-11-09,17.1422,0.2352,56.0683,7.8847,827.6583,36.7479,87.5824,4.5097,66.1529,14.3255
2041-11-10,14.0976,0.4850,51.6453,16.6825,829.8998,37.7222,87.6309,7.0746,67.7461,20.3118
2041-11-11,10.7429,0.0005,47.0335,12.3946,831.5376,38.5539,87.6795,5.7396,69.0984,17.6143
2041-11-12,14.2406,0.0001,40.3764,8.9763,833.8049,39.7665,88.0303,5.0803,71.0603,16.3279
2041-11-13,15.7961,0.0000,46.7112,7.8192,836.3522,40.9602,88.0790,4.8261,72.9844,15.9421
2041-11-14,15.6046,0.0007,51.9206,9.3327,838.8650,42.0250,87.9488,5.1123,74.6950,16.8632
2041-11-15,15.4356,0.0763,58.7631,10.4375,841.3474,42.9291,87.0462,4.7511,76.1450,16.1307
2041-11-16,14.8922,0.1518,59.0487,11.7057,843.7320,43.7973,86.7020,4.8229,77.5330,16.4787
2041-11-17,14.5211,0.0284,60.3107,11.0680,846.0498,44.6193,86.4125,4.4828,78.8434,15.7404
2041-11-18,13.5366,0.0042,62.1784,7.4891,848.1904,45.3533,86.0108,3.5371,80.0109,13.2121
2041-11-19,16.1161,0.0004,53.5682,9.7332,850.7953,46.4131,86.1226,4.0233,81.6857,14.7798
2041-11-20,17.6721,0.0007,57.5548,9.7186,853.6803,47.4694,86.1706,4.0477,83.3518,15.0213
2041-11-21,15.6380,0.0001,44.5969,10.7740,856.1991,48.6989,87.2343,4.9636,85.2725,17.7404
2041-11-22,14.3462,0.0565,46.4653,5.8269,858.4854,49.7952,87.2827,3.8952,86.9779,14.9445
2041-11-23,15.7042,0.2149,58.3793,10.1714,861.0162,50.7225,86.9454,4.6210,88.4225,17.1615
2041-11-24,15.7433,0.2247,51.2475,13.8248,863.5540,51.8112,86.9937,5.5934,90.1069,19.9503
2041-11-25,9.2283,0.0158,42.3653,14.1258,864.9191,52.6004,87.0421,5.7181,91.3171,20.4146
2041-11-26,6.3035,0.0397,45.9787,13.4884,865.7577,53.1306,87.0905,5.5757,92.1269,20.1391
2041-11-27,6.3975,0.0064,39.4179,15.0846,866.6132,53.7328,87.1389,6.0845,93.0432,21.5556
2041-11-28,7.9516,0.0000,42.8089,12.0492,867.7485,54.4192,87.1873,5.2577,94.0871,19.5134
2041-11-29,11.6370,0.0000,39.5312,8.9445,869.5472,55.4403,87.6719,4.8185,95.6366,18.4647
2041-11-30,12.4552,0.0026,52.8365,9.5854,871.4931,56.2879,87.3747,4.7696,96.9253,18.4559
2041-12-01,12.5534,0.1728,65.4172,10.5843,873.4567,56.8244,85.7689,3.9963,97.7505,16.2517
2041-12-02,14.4113,0.2671,60.9511,6.6100,875.7548,57.5128,85.8168,3.2931,98.8039,14.0983
2041-12-03,13.8037,0.0066,56.6955,9.9797,877.9434,58.2462,85.8648,3.9288,99.9197,16.2320
2041-12-04,14.9687,0.1779,56.9164,12.2552,880.3418,59.0329,85.9128,4.4359,101.1148,17.8820
2041-12-05,10.7761,0.0002,36.1359,14.1844,881.9855,59.8948,87.6532,6.2577,102.4042,23.0749
2041-12-06,9.4431,0.0000,45.8843,9.5619,883.3893,60.5432,87.7018,4.9920,103.3744,19.7178
2041-12-07,10.2820,0.0000,54.8174,6.0928,884.9440,61.1276,86.9943,3.7888,104.2522,16.1460
2041-12-08,11.6626,0.8170,64.4589,11.4810,886.7473,61.6431,81.9150,2.5162,105.0326,11.7845
2041-12-09,13.1244,15.3955,83.3967,13.9116,721.3753,27.8666,36.4020,0.0335,50.8248,0.0571
2041-12-10,13.4296,0.0474,61.4774,9.8965,723.4966,28.5026,61.8130,0.7489,51.8942,1.9335
2041-12-11,11.4767,0.0017,58.2900,9.6827,725.2664,29.0988,74.8789,1.2395,52.8922,3.8355
2041-12-12,10.1424,0.0617,70.7067,8.9805,726.7960,29.4730,78.6652,1.5698,53.5201,4.9798
2041-12-13,10.5075,0.0076,75.1763,7.4912,728.3914,29.8004,79.9934,1.6576,54.0705,5.2996
2041-12-14,12.7545,0.5943,78.7488,9.2662,730.3912,30.1350,79.4121,1.7091,54.6347,5.5034
2041-12-15,14.3482,6.9147,85.0071,10.3910,681.4761,17.1374,41.5258,0.0777,32.2474,0.0964
2041-12-16,14.5189,2.1189,77.9268,8.8804,683.7935,15.0139,49.4398,0.2395,28.4652,0.2730
2041-12-17,11.9951,0.0811,59.4669,10.1597,685.6567,15.6170,68.8179,1.0053,29.5514,1.6274
2041-12-18,11.8456,0.1251,58.6315,8.1277,687.4929,16.2256,77.9179,1.4092,30.6432,2.8368
2041-12-19,12.1275,2.5199,76.4248,11.6979,689.3798,13.2355,61.9125,0.8244,25.2587,0.8684
2041-12-20,14.2865,10.2798,82.8707,19.7096,618.6345,6.6667,39.5446,0.0859,12.9836,0.0600
2041-12-21,14.1910,11.2695,81.5701,19.9615,552.3916,3.1664,35.3373,0.0359,6.2432,0.0171
2041-12-22,12.8121,18.0640,82.8111,17.7325,459.2025,1.1822,28.8708,0.0061,2.3493,0.0020
2041-12-23,11.0533,1.3533,58.1503,14.4037,460.8961,1.7602,54.7437,0.5633,3.4871,0.2095
2041-12-24,8.3022,0.9977,66.9495,12.0192,462.0945,2.1133,64.7793,0.9578,4.1789,0.3822
2041-12-25,8.4582,0.7837,69.8479,11.2564,463.3210,2.4409,70.8449,1.1339,4.8183,0.4801
2041-12-26,8.7139,1.4630,65.3472,9.3042,464.5935,2.8273,68.3962,0.9501,5.5699,0.4286
2041-12-27,8.7323,12.2158,80.8859,15.9628,413.6550,0.9935,35.0559,0.0275,1.9752,0.0085
2041-12-28,6.7588,0.8636,70.0427,18.4385,414.5756,1.2611,54.4168,0.6695,2.5031,0.2219
2041-12-29,8.6361,0.0000,60.7068,11.6260,415.8341,1.6958,69.8346,1.1179,3.3574,0.4100
2041-12-30,13.4195,0.0000,61.2642,7.8074,417.9536,2.3350,78.3565,1.4395,4.6056,0.5979
2041-12-31,13.2142,0.0068,69.2339,8.1153,420.0362,2.8354,80.9575,1.8991,5.5767,0.8573
2042-01-01,11.6641,0.0674,71.8487,6.3198,421.8397,3.2778,81.6348,1.8761,6.4307,0.9046
2042-01-02,12.0157,0.1673,69.4458,4.6862,423.7065,3.7711,82.2253,1.8555,7.3781,0.9561
2042-01-03,12.0810,0.7188,69.4140,10.6693,425.5851,4.2675,80.4018,2.0315,8.3262,1.4517
2042-01-04,10.7452,0.5124,68.2832,15.1424,427.2233,4.7300,81.7169,2.9551,9.2052,2.8748
2042-01-05,8.8052,0.0203,57.2624,10.7564,428.5122,5.2511,83.2899,2.8820,10.1901,2.9842
2042-01-06,6.8097,0.1308,66.2910,14.8831,429.4419,5.5794,83.3370,3.5700,10.8077,3.9849
2042-01-07,7.2189,0.0247,57.5861,10.2310,430.4453,6.0138,83.7662,2.9874,11.6216,3.4055
2042-01-08,10.9453,0.0179,58.2510,8.6507,432.1195,6.6329,84.2454,2.9407,12.7755,3.5605
2042-01-09,11.3968,7.9250,75.1460,12.4623,404.2255,3.4175,46.2521,0.1861,6.6935,0.0914
2042-01-10,6.6927,6.9520,67.9590,25.5170,381.5101,1.5422,43.2854,0.2259,3.0536,0.0801
2042-01-11,3.8416,3.8297,70.5690,25.9334,372.2707,0.4582,44.9362,0.3009,0.9136,0.0777
2042-01-12,3.7302,0.0116,58.8722,13.7359,372.6462,0.7028,62.6457,0.9486,1.3990,0.2676
2042-01-13,8.5706,0.0001,48.7572,8.7221,373.8929,1.3129,75.5963,1.2303,2.6029,0.4131
2042-01-14,12.7608,0.0032,64.1058,9.2811,375.8938,1.9254,80.4414,1.9023,3.8020,0.7313
2042-01-15,10.5609,1.4702,87.0107,7.3385,377.4988,2.1118,66.7239,0.8140,4.1654,0.3244
2042-01-16,9.6058,8.0823,74.0544,17.8966,352.3281,0.7902,43.8886,0.1699,1.5717,0.0493
2042-01-17,6.9907,0.0147,60.9186,21.1202,353.2904,1.1795,65.1658,1.5388,2.3395,0.4994
2042-01-18,8.0684,0.0000,54.2407,12.6223,354.4467,1.6960,76.3658,1.5729,3.3519,0.5765
2042-01-19,10.6505,0.0000,48.6727,12.3620,356.0678,2.4385,82.6295,2.8723,4.7949,1.7293
2042-01-20,9.2278,0.0000,48.2650,7.2507,357.4328,3.0963,84.6158,2.8812,6.0613,2.0726
2042-01-21,10.2888,0.0382,58.2610,9.5565,358.9888,3.6815,84.6634,3.2572,7.1790,2.7675
2042-01-22,10.7011,7.3680,83.6033,11.9040,337.8769,1.6069,41.3175,0.0808,3.1761,0.0290
2042-01-23,12.0163,10.5436,89.5161,10.8167,306.8604,0.3044,22.5493,0.0006,0.6073,0.0001
2042-01-24,10.5211,15.6383,88.2906,18.5907,261.6629,0.1675,20.1922,0.0004,0.3345,0.0001
2042-01-25,8.1642,1.8453,66.0859,15.9591,262.8364,0.3868,43.3532,0.1411,0.7708,0.0354
2042-01-26,8.6417,0.0032,52.6525,13.5887,264.0959,0.9546,66.0516,1.0889,1.8922,0.3320
2042-01-27,9.1677,0.0000,49.6028,8.3068,265.4501,1.5917,77.2356,1.3469,3.1364,0.4819
2042-01-28,11.1071,0.0022,55.5188,8.2556,267.1534,2.2602,81.8780,2.1293,4.4267,0.8700
2042-01-29,11.4939,0.0049,63.6018,8.8164,268.9263,2.8245,82.9631,2.5060,5.5044,1.4867
2042-01-30,10.9046,0.0004,62.7931,8.5743,270.5932,3.3744,83.4441,2.6343,6.5447,1.9004
2042-01-31,9.8952,0.0005,63.9661,10.6869,272.0783,3.8621,83.4913,2.9483,7.4595,2.4826
2042-02-01,13.2648,0.0000,55.1420,8.7449,274.1700,4.7775,84.7457,3.1620,9.1561,3.1182
2042-02-02,14.1131,0.0008,63.6066,9.4841,276.4143,5.5639,84.7933,3.3034,10.5947,3.6063
2042-02-03,12.0732,0.0010,65.6790,9.8825,278.2915,6.2062,84.8409,3.3924,11.7569,3.9671
2042-02-04,10.6838,0.0009,48.7290,16.0131,279.9186,7.0644,85.7094,5.2102,13.2902,6.5708
2042-02-05,8.5645,0.0000,46.8819,8.5319,281.1642,7.7936,85.9507,3.6966,14.5771,4.9583
2042-02-06,12.1425,0.0000,41.7181,7.1637,283.0538,8.8900,87.0268,4.0174,16.4855,5.7959
2042-02-07,11.3337,0.0348,55.7673,8.4889,284.7979,9.6712,86.7197,4.1115,17.8288,6.2051
2042-02-08,9.2224,1.6705,64.2344,13.6605,286.1619,9.2816,73.7889,1.4342,17.1709,1.6473
2042-02-09,10.8596,0.0190,55.2391,12.0738,287.8207,10.0420,80.7439,2.2636,18.4728,3.3942
2042-02-10,13.9227,0.0066,57.5341,8.7811,290.0308,10.9482,83.5443,2.6970,20.0083,4.3683
2042-02-11,12.5784,3.7826,78.0829,9.7164,284.4711,7.4313,55.1233,0.4605,13.9514,0.3352
2042-02-12,10.4680,5.8660,74.8802,15.0676,271.8873,4.1956,43.6300,0.1412,8.0795,0.0762
2042-02-13,10.7611,0.0007,51.1465,13.3594,273.5283,5.0187,67.9204,1.1477,9.5972,0.6772
2042-02-14,10.6079,0.0019,60.2005,10.8804,275.1417,5.6806,77.2746,1.5379,10.8036,0.9678
2042-02-15,11.7416,0.0000,44.6548,11.9691,276.9592,6.6902,83.7505,3.2541,12.6184,3.9608
2042-02-16,14.5132,0.0000,45.6751,11.5911,279.2756,7.8951,86.2393,4.4914,14.7478,6.0502
2042-02-17,11.5337,0.0092,58.0778,11.1651,281.0557,8.6474,86.2121,4.3792,16.0595,6.2006
2042-02-18,8.7099,0.0464,69.5382,9.2598,282.3274,9.0719,84.6076,3.1846,16.7946,4.6419
2042-02-19,7.9919,0.1479,72.9013,9.9623,283.4700,9.4219,83.5673,2.8710,17.3981,4.2551
2042-02-20,8.8306,0.1274,73.5589,9.4491,284.7635,9.7949,83.2082,2.6699,18.0385,4.0283
2042-02-21,9.2028,0.0879,73.0737,8.6014,286.1240,10.1889,83.1912,2.5527,18.7120,3.9308
2042-02-22,9.0993,0.1363,62.3877,8.8127,287.4659,10.7339,83.4132,2.6554,19.6348,4.2418
2042-02-23,10.7089,0.7032,70.7047,6.0760,289.0975,11.2253,80.5166,1.6319,20.4641,2.4222
2042-02-24,10.4348,0.0285,61.7298,7.1026,290.6797,11.8523,82.3946,2.1400,21.5118,3.5560
2042-02-25,10.8073,1.4742,73.1161,8.1498,292.3290,12.3071,71.7457,1.0003,22.2702,0.9709
2042-02-26,12.2183,0.0758,60.3870,11.9073,294.2323,13.0565,79.4847,1.9664,23.5053,3.4436
2042-02-27,12.0466,0.0001,53.9277,7.3114,296.1047,13.9169,83.1153,2.3688,24.9071,4.4195
2042-02-28,12.4083,0.2402,63.2839,10.7559,298.0422,14.6214,83.6240,3.0105,26.0481,5.8043
2042-03-01,12.8009,7.2300,83.0180,12.3173,280.8975,8.2152,43.3072,0.1166,15.3109,0.0897
2042-03-02,10.0017,9.5757,88.9563,12.5355,256.7136,3.9882,23.9382,0.0010,7.6782,0.0005
2042-03-03,11.9314,0.4004,69.0428,10.8728,258.5653,4.6759,50.0768,0.2864,8.9472,0.1629
2042-03-04,12.1295,1.9754,51.9427,17.9729,260.4526,4.5524,65.3042,1.3203,8.7237,0.7408
2042-03-05,13.4243,0.1942,45.6914,13.9545,262.5730,5.8970,80.0860,2.3180,11.1670,2.3874
2042-03-06,11.7952,1.7837,57.0543,11.9577,264.4001,5.8345,73.0580,1.2748,11.0588,0.8126
2042-03-07,10.4729,0.0746,52.1942,13.7690,265.9892,6.7775,80.9286,2.5168,12.7433,2.9452
2042-03-08,12.2030,0.0003,44.2461,7.9187,267.8898,8.0418,84.9594,3.1231,14.9609,4.2224
2042-03-09,15.4326,0.0123,51.6921,12.0403,270.3716,9.4032,85.9633,4.4193,17.3021,6.5275
2042-03-10,16.0919,0.1030,59.9360,11.2614,272.9722,10.5773,86.0113,4.2780,19.2863,6.7425
2042-03-11,18.0246,0.0000,53.2475,7.0935,275.9206,12.1014,86.3757,3.6502,21.8113,6.2511
2042-03-12,19.2580,0.0000,53.4113,5.4663,279.0911,13.7182,86.6057,3.4740,24.4338,6.3937
2042-03-13,19.1671,0.0015,55.9701,6.0324,282.2451,15.2393,86.6540,3.5991,26.8538,6.9990
2042-03-14,17.4120,0.0013,59.5067,7.8095,285.0833,16.5171,86.7022,3.9633,28.8547,7.9695
2042-03-15,16.7574,0.0019,59.4915,8.4767,287.8036,17.7501,86.7505,4.1269,30.7578,8.5737
2042-03-16,16.1992,0.0160,60.0610,9.9608,290.4235,18.9279,86.6509,4.3850,32.5519,9.3354
2042-03-17,17.2420,0.0061,58.7071,6.8502,293.2310,20.2189,86.6992,3.7746,34.4921,8.4892
2042-03-18,18.7901,0.0088,55.2547,4.5448,296.3172,21.7360,86.7475,3.3837,36.7353,8.0114
2042-03-19,16.3894,0.1445,60.4169,8.1723,298.9713,22.9161,86.6306,3.9956,38.4619,9.5074
2042-03-20,18.1501,0.0000,43.3469,6.2759,301.9424,24.7750,87.8205,4.3027,41.1160,10.5156
2042-03-21,19.3480,0.0003,47.6599,6.8971,305.1290,26.5994,87.8691,4.4705,43.6795,11.2350
2042-03-22,18.0735,0.4107,56.5391,7.5555,308.0862,28.0198,87.6112,4.4539,45.6583,11.4886
2042-03-23,17.1017,1.6470,65.3692,7.4489,310.8685,27.6798,75.7821,1.1670,45.2802,3.1407
2042-03-24,15.1241,9.2837,80.1047,14.1258,286.6453,14.4119,43.7634,0.1377,25.6054,0.1463
2042-03-25,14.8260,11.2427,73.3885,12.6350,257.7787,7.5433,39.2115,0.0563,14.0582,0.0412
2042-03-26,14.8527,1.3599,61.6574,12.3311,260.1562,8.5860,61.2535,0.8210,15.8631,0.6451
2042-03-27,14.8420,0.1044,45.8796,12.0184,262.5318,10.0567,78.8936,1.8683,18.3555,2.6557
2042-03-28,15.2719,0.0000,40.2271,9.5321,264.9847,11.7248,85.6111,3.7074,21.1140,6.2204
2042-03-29,16.0924,0.0000,42.8434,6.9304,267.5853,13.3998,87.3091,4.1335,23.8178,7.3905
2042-03-30,17.5324,0.0000,45.2447,6.4631,270.4452,15.1389,87.6869,4.2612,26.5608,8.0933
2042-03-31,17.7351,0.0226,52.6018,8.3577,273.3415,16.6607,87.7355,4.7208,28.9153,9.2873
2042-04-01,17.8014,1.3826,60.8934,12.6451,277.4998,18.4527,79.8103,2.1089,31.6447,4.6251
2042-04-02,18.6700,0.0135,57.0962,11.8419,281.8144,20.5090,84.2690,3.4648,34.7040,7.9027
2042-04-03,17.4483,0.9969,53.6873,15.8629,285.9091,22.5915,82.8467,3.5217,37.7299,8.4331
2042-04-04,15.8948,0.0048,36.3862,14.1590,289.7241,25.2125,87.6647,6.2600,41.4149,14.2463
2042-04-05,19.0741,0.0000,46.3766,8.4446,294.1114,27.8351,87.8332,4.8083,45.0186,12.1219
2042-04-06,20.9358,0.0000,49.9881,4.9702,298.8339,30.5068,87.8819,4.0643,48.6081,11.0561
2042-04-07,20.2309,0.0062,48.6222,8.5994,303.4295,33.1637,87.9305,4.9140,52.0934,13.3883
2042-04-08,19.2907,0.0000,46.1576,8.7265,307.8558,35.8254,87.9792,4.9802,55.5033,14.0174
2042-04-09,21.0358,0.2182,46.6112,5.7656,312.5962,38.6904,88.1236,4.3796,59.0952,13.1345
2042-04-10,21.3553,0.2400,50.7422,7.3197,317.3942,41.3720,88.1723,4.7696,62.4072,14.4761
2042-04-11,19.9021,0.1629,51.9167,8.4616,321.9306,43.8202,88.2211,5.0875,65.3890,15.6098
2042-04-12,21.1036,0.0002,50.4241,6.3721,326.6832,46.4888,88.2699,4.6112,68.5795,14.8717
2042-04-13,21.0502,0.0715,48.6150,7.2228,331.4263,49.2481,88.3186,4.8470,71.8172,15.8514
2042-04-14,18.0878,0.7550,62.7535,18.2074,335.6361,50.9807,84.1538,4.7017,73.8994,15.7388
2042-04-15,14.7743,0.3961,74.8061,10.8001,339.2495,51.9503,83.8032,3.0894,75.1361,11.4348
2042-04-16,18.5334,0.7011,62.4369,6.7305,343.5395,53.7382,82.9792,2.2606,77.2621,8.9652
2042-04-17,19.1560,0.2014,60.2238,9.9588,347.9415,55.6915,84.7806,3.3775,79.5508,12.7047
2042-04-18,20.1464,0.0011,42.6032,10.6046,352.5219,58.6479,87.8701,5.3896,82.8409,18.5536
2042-04-19,21.7579,0.0434,37.7902,7.8593,357.3923,62.0952,89.4843,5.9164,86.5823,20.3398
2042-04-20,20.6861,0.7515,47.8763,7.9689,362.0698,64.8482,86.7146,4.0022,89.5842,15.5126
2042-04-21,18.5609,0.1912,44.5853,15.3167,366.3648,67.4895,87.8195,6.7847,92.4175,23.2087
2042-04-22,21.8975,0.0218,31.3548,14.2602,371.2603,71.3167,90.6574,9.6625,96.3587,30.2420
2042-04-23,17.8681,0.0001,25.2240,14.3745,375.4306,74.7553,91.6028,11.1183,99.8203,33.7791
2042-04-24,20.6220,0.0000,29.3178,7.0566,380.0965,78.4775,91.6527,7.7440,103.5208,26.9097
2042-04-25,22.9035,0.0000,34.2898,6.0309,385.1732,82.3013,91.7026,7.4062,107.2900,26.5320
2042-04-26,24.5100,0.0000,35.4910,6.9819,390.5390,86.3065,91.7525,7.8249,111.1851,27.9984
2042-04-27,26.1918,0.0030,36.1692,4.6687,396.2075,90.5298,91.8025,7.0134,115.2345,26.3770
2042-04-28,23.1252,0.0057,42.9719,11.2942,401.3240,93.8790,90.9368,8.6596,118.4737,30.8093
2042-04-29,24.4841,0.0094,39.5259,9.4636,406.6852,97.6299,90.9865,7.9526,122.0254,29.4333
2042-04-30,23.8172,0.0475,41.5146,8.4882,411.9263,101.1628,91.0362,7.6250,125.3596,28.9063
2042-05-01,22.1800,0.7153,47.1461,11.2189,418.3227,104.4021,87.6965,5.4226,128.5794,23.0483
2042-05-02,20.6721,1.7541,55.5946,7.5709,424.4477,96.9052,78.7355,1.4716,123.3854,8.1745
2042-05-03,23.8606,0.9569,49.3372,7.2872,431.1466,100.2344,83.6857,2.5483,126.7820,13.0623
2042-05-04,23.5951,0.5368,50.5281,9.6370,437.7977,103.4507,86.8475,4.4361,130.0658,20.0537
2042-05-05,20.4965,6.2814,69.8085,13.5271,421.3456,61.5435,60.6833,0.8438,90.1630,3.8583
2042-05-06,18.0030,13.7274,80.2868,9.3485,373.5793,29.4880,37.3921,0.0330,49.2560,0.0549
2042-05-07,20.4366,5.4527,66.2727,8.4369,363.6780,20.0836,50.1428,0.2554,35.2944,0.3368
2042-05-08,20.8157,4.7056,65.5474,5.7804,357.1528,14.8141,53.2771,0.3164,26.8445,0.3469
2042-05-09,22.9057,2.0537,59.0348,4.8513,363.6798,15.2375,66.9279,0.7232,27.5855,0.8074
2042-05-10,24.3781,0.0548,55.2359,5.1370,370.4719,18.2400,81.5596,1.7520,32.4820,3.8586
2042-05-11,22.6117,1.3227,61.9856,7.9346,376.9460,20.6131,79.4009,1.5964,36.2679,3.7831
2042-05-12,22.9754,0.3936,56.4090,8.4412,383.4856,23.3760,84.9607,3.2070,40.5695,8.1198
2042-05-13,23.5586,1.1793,56.9959,8.1603,390.1301,26.1677,82.4571,2.2747,44.8198,6.3284
2042-05-14,23.0895,1.5857,60.0592,10.9166,396.6902,27.6471,79.4151,1.8579,47.0895,5.3817
2042-05-15,24.2255,1.5381,54.7570,8.6370,403.4548,29.7985,80.2605,1.8062,50.3079,5.4826
2042-05-16,24.1083,0.5320,51.9666,7.9876,410.1983,32.9863,85.9154,3.5789,54.9296,10.7013
2042-05-17,24.2090,1.1296,52.8539,9.7522,416.9599,36.1276,84.1259,3.0591,59.3905,9.8429
2042-05-18,23.0572,2.2082,57.1225,9.6697,423.5142,34.2151,77.0920,1.4271,56.9316,4.7264
2042-05-19,22.2260,3.5541,59.5224,12.5069,420.4973,27.5970,70.4948,1.1938,47.4146,3.3571
2042-05-20,20.5895,6.2054,62.7734,14.8693,405.3275,18.2617,62.1190,0.9778,32.8261,1.7644
2042-05-21,22.6821,4.3036,60.5685,10.1261,399.5220,14.4177,64.5653,0.8630,26.4492,0.9370
2042-05-22,20.7452,7.0481,73.2671,11.3657,381.9022,9.2908,52.6532,0.3931,17.5163,0.3281
2042-05-23,22.6627,1.9868,60.1180,11.9580,388.3855,10.1760,70.4750,1.1605,19.1008,1.1426
2042-05-24,23.1401,2.2117,59.9424,11.0828,394.9547,10.6396,74.0243,1.2735,19.9366,1.5644
2042-05-25,24.4059,0.3148,56.8210,8.3829,401.7517,13.5390,83.8622,2.7565,24.9740,5.1779
2042-05-26,26.7501,0.0011,49.5636,6.1586,408.9708,17.2370,87.6707,4.1866,31.1878,8.7518
2042-05-27,29.2038,0.0000,41.4589,5.1426,416.6314,21.9074,90.0377,5.5856,38.7243,12.5592
2042-05-28,31.8989,0.0016,39.9714,5.5046,424.7772,27.1224,91.0640,6.5866,46.7778,15.8161
2042-05-29,32.2556,0.0861,40.1188,10.0242,432.9872,32.3808,91.2192,8.4560,54.5608,20.6272
2042-05-30,31.5237,0.0000,35.3067,13.9333,441.0655,37.9371,91.9707,11.4555,62.4463,27.3470
2042-05-31,30.3076,0.0000,36.9259,12.9262,448.9249,43.1524,92.0207,10.9660,69.5833,28.0173
2042-06-01,30.4902,0.0000,38.5591,7.2191,457.8171,48.2622,92.0707,8.2837,76.3918,24.1974
2042-06-02,31.1060,1.0962,42.1204,7.6418,466.8202,53.1697,88.9952,5.4553,82.7709,18.7107
2042-06-03,31.2800,0.0058,34.0604,10.9331,475.8546,58.7908,91.9526,9.8230,89.8344,29.5492
2042-06-04,33.2784,0.0000,27.5148,8.3018,485.2487,65.3512,93.7683,11.0981,97.7806,33.4147
2042-06-05,34.0170,0.0000,31.0986,10.6266,494.7758,71.7212,93.8189,12.5654,105.2871,37.5055
2042-06-06,31.9249,0.2620,32.6097,8.8816,503.9263,77.5803,93.8695,11.5889,112.0391,36.5357
2042-06-07,33.6221,0.2976,28.9812,8.5719,513.3822,84.0722,93.9201,11.4898,119.3019,37.2692
2042-06-08,29.1130,0.0000,30.3730,14.0437,522.0266,89.6104,93.9708,15.2444,125.4041,45.5561
2042-06-09,29.0903,0.0000,29.6232,11.2973,530.6668,95.2040,94.0214,13.3677,131.4509,42.5872
2042-06-10,30.2309,0.0000,29.2699,7.7615,539.5124,101.0381,94.0721,11.2649,137.6361,38.7142
2042-06-11,31.3207,0.0000,27.5241,8.7230,548.5541,107.2241,94.1228,11.9074,144.0539,40.6924
2042-06-12,32.6322,0.0000,28.9035,5.4941,557.8319,113.5379,94.1735,10.1907,150.4973,37.2357
2042-06-13,33.5489,0.0062,29.5007,7.5530,567.2747,119.9687,94.2243,11.3843,156.9545,40.4506
2042-06-14,32.2684,0.1291,27.1393,12.1488,576.4870,126.3694,94.2750,14.4520,163.2663,47.5359
2042-06-15,31.2361,1.4000,38.1061,7.0952,585.5135,131.6384,89.0819,5.3735,168.5442,24.8680
2042-06-16,29.3589,4.1579,57.5929,11.9780,576.0625,83.1151,77.1372,1.6086,122.1648,8.7895
2042-06-17,34.2510,0.0168,34.3747,11.9367,585.6317,89.2226,91.6163,9.8518,129.2256,34.7110
2042-06-18,34.6088,0.0012,29.1361,10.8648,595.2653,95.8845,93.6770,12.4689,136.7145,41.2541
2042-06-19,33.3803,0.0000,26.3034,11.0850,604.6777,102.5743,94.1561,13.4743,144.0562,44.0507
2042-06-20,33.2500,0.0000,24.5951,9.4311,614.0667,109.3933,94.5061,13.0106,151.3713,43.6687
2042-06-21,33.6787,0.0000,26.2521,7.4904,623.5329,116.1457,94.5569,11.8814,158.4875,41.6780
2042-06-22,33.7472,0.8880,31.9997,6.5932,633.0114,122.3841,92.2975,8.2876,165.0114,33.2418
2042-06-23,32.8896,1.4155,42.8661,6.5784,642.3355,127.4966,88.3752,4.7303,170.4246,22.7934
2042-06-24,33.4708,1.0741,41.2345,9.6174,651.7643,132.8450,89.7038,6.6713,176.0050,29.1216
2042-06-25,34.0926,0.1343,31.8446,9.3626,661.3049,139.1596,92.9203,10.4008,182.3753,39.3493
2042-06-26,34.2667,0.0165,27.4878,7.6591,670.8769,145.9111,94.0085,11.1087,189.0368,41.2927
2042-06-27,35.7713,0.0000,25.3691,6.5481,680.7198,153.1555,94.7466,11.6300,196.0420,42.7444
2042-06-28,37.7803,0.0000,25.3947,7.9382,690.9242,160.7920,95.1173,13.1242,203.3025,46.3718
2042-06-29,36.5486,0.0000,27.9770,10.4403,700.9070,167.9307,95.1684,14.9920,210.0477,50.5995
2042-06-30,34.4121,0.0000,32.7743,11.2608,710.5051,174.2157,94.6278,14.5083,216.0146,49.7048
2042-07-01,32.2083,2.9014,46.9667,9.5810,706.9846,108.6657,84.3309,3.1175,157.0022,16.4765
2042-07-02,32.9695,0.1374,40.2452,8.5092,716.6231,113.4470,90.6630,7.2374,162.5583,30.2516
2042-07-03,33.8971,0.9506,35.1316,8.0729,726.4286,118.7787,91.3577,7.8166,168.6268,32.1219
2042-07-04,33.3402,2.2973,40.9786,6.9742,736.1338,98.3515,86.7479,3.8246,147.4520,18.8157
2042-07-05,33.6780,0.3443,34.2896,8.1444,745.8999,103.7186,92.1210,8.7410,153.9275,33.8602
2042-07-06,35.2401,0.0037,28.2482,6.7383,755.9471,109.8424,93.9636,10.5391,161.1465,38.7218
2042-07-07,35.5255,0.3357,28.2796,7.3572,766.0457,116.0116,94.1312,11.1284,168.3028,40.4957
2042-07-08,35.7803,0.2819,31.8633,8.5519,776.1902,121.9133,94.1819,11.9022,175.0790,42.6142
2042-07-09,34.6235,1.2503,35.3755,7.4682,786.1264,127.3352,91.0931,7.3019,181.2671,31.1235
2042-07-10,36.1202,0.3965,31.0852,6.6482,796.3320,133.3593,93.4976,9.8335,188.0064,38.1259
2042-07-11,38.1979,0.0002,25.8675,7.0509,806.9117,140.2012,95.0311,12.4030,195.4874,44.5210
2042-07-12,39.0342,0.8377,26.0834,6.7483,817.6418,147.1684,94.7738,11.7919,202.9940,43.3114
2042-07-13,36.1201,0.8341,32.5896,9.6822,827.8474,153.0610,92.9225,10.5729,209.3534,40.5181
2042-07-14,36.4194,0.0000,27.5719,9.7012,838.1069,159.4431,94.3670,12.9384,216.1054,46.2462
2042-07-15,36.4601,0.0000,29.6062,7.5290,848.3737,165.6527,94.4178,11.6785,222.6294,43.4410
2042-07-16,38.1794,0.1198,27.8932,7.2190,858.9500,172.3046,94.6691,11.9023,229.5103,44.0750
2042-07-17,39.5326,0.0000,24.1742,8.3723,869.7699,179.5405,95.6569,14.4386,236.8518,49.9051
2042-07-18,40.1647,0.0000,24.3149,6.6422,880.7035,186.8753,95.7690,13.4361,244.2062,47.7844
2042-07-19,39.6662,0.0000,24.2776,10.4092,891.5475,194.1251,95.8203,16.3581,251.4006,54.1173
2042-07-20,36.2789,0.0000,29.1478,11.4295,901.7817,200.3450,95.6101,16.7365,257.6098,54.9487
2042-07-21,35.3285,0.0000,31.8671,11.8677,911.8448,206.1741,94.9714,15.6816,263.4364,52.8221
2042-07-22,35.1514,0.0000,35.0288,11.3935,921.8761,211.7056,94.3287,14.0159,268.9835,49.2811
2042-07-23,35.5919,0.0000,32.7364,11.5146,931.9866,217.5020,94.3795,14.2009,274.7214,49.7221
2042-07-24,36.1893,0.0000,31.2873,9.5539,942.2047,223.5196,94.4303,12.9554,280.6138,46.9601
2042-07-25,36.8449,0.0001,30.8958,7.0895,952.5408,229.6778,94.4812,11.5229,286.5952,43.6155
2042-07-26,35.3921,1.8642,37.4082,10.0017,962.6153,152.9841,90.0627,7.1607,218.9689,31.4951
2042-07-27,36.3778,0.3220,33.7353,9.2271,972.8673,158.8167,93.0000,10.4461,225.5734,40.4813
2042-07-28,37.1588,0.0000,25.4311,9.9565,983.2599,165.5169,94.9306,14.1624,232.9851,49.2515
2042-07-29,37.3650,0.0000,24.0668,8.3696,993.6896,172.3765,95.3262,13.8008,240.4676,48.5544
2042-07-30,38.2307,0.0027,22.9642,7.1273,1004.2752,179.4924,95.7101,13.6589,248.1197,48.3227
2042-07-31,38.2180,0.0000,22.7553,8.3376,1014.8584,186.6252,95.7679,14.6322,255.6979,50.5276
2042-08-01,37.9643,0.0225,23.2867,7.7233,1024.6960,192.8119,95.8191,14.2852,262.2555,49.8264
2042-08-02,36.5782,0.0000,32.2103,10.0553,1034.2840,198.0849,95.1314,14.6298,267.9000,50.6154
2042-08-03,37.7405,0.0000,29.8225,8.4378,1044.0813,203.7121,95.1825,13.5792,273.8473,48.3387
2042-08-04,38.1418,0.0557,28.6604,9.5384,1053.9509,209.4915,95.2335,14.4540,279.8968,50.3029
2042-08-05,36.2242,1.3692,35.5969,11.4647,1063.4752,214.4540,91.6469,9.6622,285.1526,38.9341
2042-08-06,28.8280,12.0517,61.2280,15.3875,880.2801,77.6304,70.5546,1.3830,127.2139,7.8570
2042-08-07,32.5740,1.7819,42.2288,11.1601,889.1474,75.4860,86.1936,4.3667,124.5394,19.4830
2042-08-08,34.9126,0.0006,33.8518,6.9174,898.4357,80.4039,92.3746,8.5161,131.4076,31.6917
2042-08-09,36.1011,0.0000,30.5413,7.6682,907.9379,85.7384,93.6902,10.6334,138.7262,37.3793
2042-08-10,35.0868,0.0041,29.6258,11.4948,917.2575,90.9957,93.7826,13.0613,145.8253,43.3345
2042-08-11,35.3773,0.0000,25.6975,10.2440,926.6294,96.5912,94.6120,13.7537,153.2466,45.3849
2042-08-12,35.5275,0.0650,27.3709,8.5808,936.0283,102.0831,94.6629,12.7368,160.4261,43.7008
2042-08-13,36.2371,0.0817,29.9595,7.1459,945.5550,107.4819,94.7138,11.9317,167.3942,42.3057
2042-08-14,36.1100,0.0044,32.9480,8.3443,955.0588,112.6327,94.7647,12.7634,173.9727,44.5063
2042-08-15,35.7469,0.0000,30.9918,6.9902,964.4973,117.8821,94.8156,12.0052,180.5857,43.0863
2042-08-16,36.2226,0.0000,29.1149,6.3723,974.0213,123.3439,94.8665,11.7188,187.3695,42.6781
2042-08-17,37.1331,0.0000,30.1866,7.0848,983.7093,128.8543,94.9175,12.2324,194.1351,44.0888
2042-08-18,36.3052,0.4981,30.9111,9.4542,993.2482,134.1894,94.9685,13.8803,200.6190,47.9667
2042-08-19,33.2688,1.6664,33.6257,13.4108,1002.2406,124.3295,90.7844,9.4270,189.7973,37.1430
2042-08-20,32.4509,0.0000,29.5150,10.1293,1011.0858,129.2116,93.1606,11.1804,195.8512,41.6713
2042-08-21,34.3475,0.0000,26.2699,7.2736,1020.2723,134.6072,94.2770,11.3072,202.4424,42.1489
2042-08-22,35.2213,0.0000,25.5880,5.5122,1029.6161,140.1868,94.6289,10.8613,209.1738,41.2236
2042-08-23,35.5590,0.0463,26.1043,6.5139,1039.0208,145.7794,94.6798,11.5038,215.8477,42.9073
2042-08-24,35.3090,0.0000,27.5952,8.6316,1048.3804,151.2216,94.7307,12.8892,222.2854,46.2484
2042-08-25,34.6241,0.0000,28.1021,10.2232,1057.6167,156.5242,94.7816,14.0635,228.5037,48.9684
2042-08-26,34.1559,0.0000,26.1693,11.1501,1066.7688,161.8979,94.8326,14.8394,234.7347,50.7385
2042-08-27,34.0499,0.0000,28.4624,9.5243,1075.9018,167.0891,94.8835,13.7680,240.7184,48.4847
2042-08-28,32.3206,0.0330,39.9216,9.7310,1084.7235,171.2342,93.1097,10.8804,245.5588,41.7928
2042-08-29,31.2210,1.3692,45.9258,8.7072,1093.3473,174.8423,87.6958,4.7775,249.8128,24.0952
2042-08-30,30.2435,3.3973,47.1849,6.3502,1057.4172,101.3731,80.0240,1.5700,163.5484,9.6699
2042-08-31,31.3847,0.5801,38.6052,8.2074,1066.0704,105.4905,89.8949,6.3863,169.1391,28.0380
2042-09-01,29.0597,3.9631,49.8289,10.6672,1019.6086,72.7560,79.2473,1.8049,123.4836,9.7473
2042-09-02,26.3618,2.2651,55.3422,13.5217,1026.0578,64.3184,79.5908,2.1557,111.2089,10.7144
2042-09-03,27.5385,0.0172,41.9675,10.5633,1032.7187,67.2773,88.6061,5.9771,115.7096,23.6381
2042-09-04,28.7199,0.0548,39.0253,8.6996,1039.5923,70.5144,90.5548,7.1950,120.5816,27.3594
2042-09-05,28.6451,0.0780,41.3198,7.6726,1046.4524,73.6220,90.6043,6.8807,125.2197,26.9334
2042-09-06,28.7712,0.2236,43.2461,7.9654,1053.3352,76.6402,90.6538,7.0325,129.6900,27.7055
2042-09-07,27.3660,2.4723,54.7237,9.3077,1059.9651,65.5819,80.1412,1.8448,113.5932,9.5151
2042-09-08,26.4136,3.2222,62.6838,6.5676,1029.0935,51.7974,71.4849,0.9151,92.0162,4.2865
2042-09-09,27.3192,2.7731,59.0482,5.9227,1035.7149,44.1051,73.0519,0.9403,79.7229,3.9347
2042-09-10,28.6131,1.0929,53.5878,6.1711,1042.5693,46.5603,82.6641,2.1117,83.7681,8.8983
2042-09-11,28.7626,0.9934,46.4364,8.2452,1049.4506,49.4081,86.6746,4.0354,88.4103,15.4955
2042-09-12,25.3498,0.6363,46.3315,10.4225,1055.7175,51.9353,87.9732,5.4198,92.4951,19.7709
2042-09-13,25.7614,0.0000,37.7830,11.1523,1062.0586,54.9107,90.2057,7.7451,97.2512,26.1167
2042-09-14,26.4185,0.0457,36.6517,11.0403,1068.5179,58.0144,90.8102,8.3965,102.1617,28.2677
2042-09-15,25.9251,0.3956,42.6936,15.1137,1074.8884,60.7716,90.8599,10.3828,106.4913,33.2406
2042-09-16,26.7032,0.0243,36.1513,14.4735,1081.3990,63.9321,91.0251,10.2929,111.3995,33.7046
2042-09-17,26.2164,0.0790,38.2292,8.5216,1087.8220,66.9362,91.0748,7.6799,116.0243,28.1558
2042-09-18,27.9926,0.0268,37.6226,9.3043,1094.5646,70.1671,91.1245,8.0456,120.9503,29.5621
2042-09-19,28.7759,0.0000,38.3611,5.9556,1101.4483,73.4456,91.1743,6.8446,125.9030,26.8928
2042-09-20,29.3765,0.0377,39.3170,9.9341,1108.4401,76.7383,91.2240,8.4235,130.8324,31.4111
2042-09-21,26.1565,0.1065,37.5806,17.0513,1114.8522,79.7672,91.2738,12.1428,135.3278,40.4221
2042-09-22,22.4721,0.0000,24.8843,12.7542,1120.6012,82.9196,92.4563,11.5605,139.9500,39.5768
2042-09-23,23.5257,0.0000,24.9633,11.4723,1126.5398,86.2094,92.7673,11.3218,144.7299,39.4404
2042-09-24,24.5805,0.0018,30.3055,9.4994,1132.6683,89.3959,92.8176,10.3229,149.3275,37.4706
2042-09-25,27.0591,0.0220,38.6804,8.7289,1139.2430,92.4700,92.2886,9.2177,153.7426,35.0599
2042-09-26,27.3260,0.2321,51.3204,6.5824,1145.8657,94.9336,90.3574,6.2870,157.2892,27.2630
2042-09-27,27.0382,0.9770,50.7229,6.5042,1152.4365,97.4022,86.4986,3.6055,160.8231,18.4785
2042-09-28,24.8082,4.9707,52.0349,13.6145,1069.1476,63.4679,73.9279,1.4402,110.5320,7.5532
2042-09-29,18.6902,2.4649,57.6727,16.5063,1074.2158,54.5960,72.8556,1.5899,96.8822,7.6146
2042-09-30,14.8850,27.1684,87.1172,16.5842,706.3826,21.5601,30.7900,0.0098,40.0631,0.0142
2042-10-01,15.1186,1.1902,69.0026,13.7789,709.8079,22.3218,55.8372,0.6018,41.3896,0.8861
2042-10-02,19.5058,0.0614,55.1408,9.8796,714.0230,23.7224,76.8379,1.4157,43.8063,3.8314
2042-10-03,20.9765,0.2157,55.3350,7.9326,718.5027,25.2165,83.9265,2.7178,46.3649,7.6187
2042-10-04,21.3564,1.9280,58.2766,9.9009,723.0509,24.1433,77.2634,1.4626,44.5663,4.0268
2042-10-05,20.8364,0.8582,53.8124,10.2614,727.5054,25.6785,82.4095,2.5138,47.1926,7.1812
2042-10-06,21.0542,0.0075,45.4612,5.6295,731.9992,27.5092,86.8272,3.6145,50.2933,10.2400
2042-10-07,22.2167,0.0168,49.4995,5.1284,736.7022,29.2934,87.5948,3.9319,53.2895,11.3532
2042-10-08,22.4319,0.1312,57.7629,8.2707,741.4439,30.7994,87.6434,4.6386,55.8036,13.3016
2042-10-09,22.1136,4.8056,65.9220,13.8616,713.3500,21.1849,67.0846,1.1449,39.4415,2.7106
2042-10-10,19.3819,3.3579,56.9566,14.1165,700.1576,16.7900,68.1565,1.2015,31.6808,2.3557
2042-10-11,18.3732,0.0000,43.8324,10.1027,704.1688,18.4473,82.7811,2.6127,34.6268,6.0877
2042-10-12,20.3559,0.0000,43.3334,8.0633,708.5368,20.2895,87.2379,4.3321,37.8681,10.0843
2042-10-13,21.0042,0.0028,47.3913,8.2881,713.0216,22.0515,87.8426,4.7770,40.9379,11.4271
2042-10-14,21.0489,0.0225,50.7165,4.0758,717.5144,23.7055,87.8912,3.8904,43.7938,10.0331
2042-10-15,21.2719,0.0121,55.3446,6.6720,722.0473,25.2192,87.9399,4.4652,46.3879,11.6171
2042-10-16,22.1414,0.0489,56.4917,4.9652,726.7368,26.7514,87.9886,4.1259,48.9940,11.2439
2042-10-17,21.2212,1.0967,69.7853,7.6573,731.2606,27.7733,80.6069,1.7848,50.7297,5.4505
2042-10-18,20.5453,6.9180,77.0127,11.2320,684.3265,16.3160,53.1776,0.4123,30.7963,0.4955
2042-10-19,21.3004,2.9677,68.4761,9.0311,676.0741,13.2256,60.7442,0.6751,25.2179,0.7104
2042-10-20,20.3267,5.6272,69.2571,12.8959,645.7045,8.5627,56.8133,0.6243,16.5758,0.5038
2042-10-21,19.6621,3.8268,66.9399,7.3396,631.5258,6.2450,56.9202,0.4759,12.1887,0.3204
2042-10-22,21.3331,0.1481,54.7837,10.0164,636.0698,7.7819,78.3109,1.6026,15.1019,1.7529
2042-10-23,21.1651,0.0506,55.2783,7.1127,640.5835,9.2907,84.3373,2.7553,17.9312,4.1527
2042-10-24,21.0356,0.0342,57.4563,6.1587,645.0739,10.7176,85.7272,3.1789,20.5803,5.2718
2042-10-25,20.6431,0.0401,60.2788,5.3856,649.4936,12.0262,85.7751,3.0780,22.9882,5.4774
2042-10-26,20.3921,0.0620,61.8737,5.9832,653.8682,13.2678,85.8231,3.1935,25.2544,6.0248
2042-10-27,21.1802,1.2540,64.8240,8.1950,658.3847,14.4553,79.8859,1.6984,27.4062,3.2610
2042-10-28,20.3927,0.0753,58.2460,7.0003,662.7593,15.8150,84.1997,2.6895,29.8493,5.6807
2042-10-29,19.2039,11.7057,71.9705,15.3204,588.0625,8.2988,53.2783,0.5118,16.0319,0.4047
2042-10-30,16.9993,0.1464,53.5447,15.3010,591.8264,9.5728,76.1305,1.7723,18.4014,2.4768
2042-10-31,17.2318,0.0898,59.0184,8.4783,595.6322,10.7111,82.2884,2.2637,20.5005,3.6622
2042-11-01,18.3833,7.9760,68.8300,15.5190,554.4876,6.1712,56.9837,0.7223,12.0083,0.4822
2042-11-02,16.8061,0.4933,48.2953,13.7322,557.2167,7.3987,78.1795,1.9108,14.3219,2.2183
2042-11-03,16.6285,0.0222,48.6336,7.0843,559.9138,8.6060,84.2593,2.7226,16.5751,3.8864
2042-11-04,16.7839,0.0008,56.7431,6.1726,562.6389,9.6317,85.2316,2.9694,18.4728,4.5872
2042-11-05,17.6432,0.0732,61.2830,7.8703,565.5187,10.5938,85.2793,3.2560,20.2397,5.3427
2042-11-06,17.7778,3.3659,76.2100,9.9373,556.2767,7.6524,61.8229,0.7508,14.7959,0.5659
2042-11-07,18.7298,0.3173,59.8761,10.0641,559.3521,8.7073,77.6730,1.5228,16.7622,1.7905
2042-11-08,17.7071,0.0152,55.3587,5.7728,562.2433,9.8204,83.2244,2.2231,18.8190,3.3683
2042-11-09,16.4710,0.0153,61.6408,6.7089,564.9121,10.7140,84.2638,2.6732,20.4579,4.3926
2042-11-10,17.4391,0.0324,62.1249,6.6552,567.7552,11.6449,84.6968,2.8270,22.1538,4.9099
2042-11-11,18.9892,0.0045,63.5411,8.1175,570.8772,12.6159,84.8563,3.1103,23.9109,5.6738
2042-11-12,19.3664,0.0291,66.1246,9.2896,574.0671,13.5351,84.9039,3.3211,25.5635,6.3013
2042-11-13,18.8539,0.0454,56.6941,9.9064,577.1648,14.6808,85.7493,3.8516,27.6061,7.5677
2042-11-14,17.1846,0.0015,47.6567,9.4387,579.9621,15.9497,86.9132,4.4332,29.8473,8.9627
2042-11-15,17.5112,0.0067,51.5479,6.2110,582.8181,17.1452,86.9616,3.7938,31.9413,8.1451
2042-11-16,18.7254,0.0906,58.7473,9.5752,585.8927,18.2295,87.0099,4.5256,33.8278,9.8024
2042-11-17,16.8603,0.0000,44.0061,9.8491,588.6315,19.5628,87.6986,5.0625,36.1243,11.1637
2042-11-18,18.9329,0.0000,40.0330,7.2992,591.7434,21.1555,88.6850,5.1283,38.8397,11.7489
2042-11-19,20.5583,0.0000,39.5179,5.7677,595.1479,22.8923,89.2119,5.1205,41.7680,12.2216
2042-11-20,19.9738,0.0209,45.9867,5.0078,598.4472,24.4014,89.2610,4.9630,44.2882,12.3184
2042-11-21,18.4207,0.5724,64.5330,7.5567,601.4669,25.3193,86.4883,3.7963,45.8168,10.0950
2042-11-22,18.2331,3.4683,78.5960,9.0851,590.4565,19.0437,60.3130,0.6597,35.2456,0.8690
2042-11-23,16.6142,3.8863,83.2873,10.2235,576.6498,13.3996,47.4112,0.1961,25.3278,0.2069
2042-11-24,14.4477,16.8544,85.7791,13.6113,485.0456,6.1149,28.0375,0.0039,11.8561,0.0026
2042-11-25,11.8476,1.3069,71.7308,18.5084,486.8822,6.6002,51.6197,0.5037,12.7677,0.3482
2042-11-26,14.2633,5.8923,68.3840,13.1720,465.7765,3.9016,48.5580,0.2655,7.6432,0.1393
2042-11-27,14.6064,10.0550,70.9293,17.8510,425.8000,2.0046,44.9757,0.2014,3.9626,0.0787
2042-11-28,13.3036,0.0821,52.2962,12.0106,427.8987,2.9156,69.6729,1.1339,5.7335,0.5183
2042-11-29,14.9552,0.4052,64.1984,8.5202,430.2946,3.6776,78.3329,1.4891,7.2014,0.7582
2042-11-30,15.5292,1.7220,73.3579,8.8621,432.7939,3.4925,69.8804,0.9740,6.8468,0.4839
2042-12-01,15.2341,2.7052,76.2378,9.9415,435.2400,2.3526,59.3415,0.6475,4.6425,0.2698
2042-12-02,12.7699,0.0081,58.5751,9.1553,437.2426,3.0056,74.0790,1.1587,5.9096,0.5370
2042-12-03,11.4224,0.0025,59.7334,5.2073,439.0026,3.5786,79.6597,1.4277,7.0142,0.7177
2042-12-04,12.2757,0.0120,61.5905,5.9507,440.9162,4.1624,82.2271,1.9780,8.1329,1.3211
2042-12-05,13.6032,0.1542,64.7680,8.4048,443.0688,4.7511,83.2134,2.5348,9.2541,2.3446
2042-12-06,15.1852,5.6476,72.2362,14.0415,425.6420,2.6518,55.5281,0.5937,5.2223,0.2603
2042-12-07,11.4313,0.2313,52.4161,15.8768,427.4036,3.3294,74.3349,1.6463,6.5317,0.7996
2042-12-08,10.8807,0.1993,48.0463,8.2448,429.0661,4.0368,81.6296,2.0660,7.8880,1.4164
2042-12-09,10.1010,8.4219,82.5839,12.7215,398.9572,1.7483,39.7114,0.0624,3.4587,0.0231
2042-12-10,11.2063,0.3046,69.9311,12.8613,400.6783,2.1688,60.6541,0.8145,4.2797,0.3282
2042-12-11,14.0590,2.6141,71.9005,12.9967,402.9129,1.4134,59.1594,0.7461,2.8022,0.2567
2042-12-12,16.2010,1.6433,65.5145,12.7401,405.5331,1.5763,67.7395,1.1059,3.1223,0.3951
2042-12-13,12.2143,1.3915,66.6248,6.9161,407.4357,2.0813,68.2265,0.8378,4.1101,0.3321
2042-12-14,10.2501,25.0301,86.8909,12.0885,314.6963,0.4997,25.5314,0.0017,0.9954,0.0004
2042-12-15,10.4411,8.9346,75.8555,11.8150,290.5552,0.3167,30.2519,0.0067,0.6316,0.0016
2042-12-16,12.0779,1.9218,64.1208,13.3802,292.4332,0.5373,51.6632,0.3909,1.0697,0.1040
2042-12-17,11.3929,2.7583,71.8584,11.4858,294.1879,0.3995,52.6265,0.3944,0.7963,0.0994
2042-12-18,11.5423,2.3939,84.1816,8.4541,295.9695,0.2273,47.2892,0.1763,0.4536,0.0411
2042-12-19,9.8942,0.2375,65.0012,10.4106,297.4545,0.6645,65.1239,0.8956,1.3217,0.2494
2042-12-20,6.3063,0.0022,55.0303,9.2674,298.2936,1.0430,75.1138,1.2296,2.0679,0.3845
2042-12-21,9.1973,0.1171,57.4000,7.7608,299.6531,1.5415,80.2705,1.7300,3.0439,0.6125
2042-12-22,13.2197,2.3483,75.5706,13.5183,301.7367,0.9366,65.2680,1.0533,1.8588,0.3195
2042-12-23,14.8303,19.6637,88.0299,15.1345,245.6097,0.2167,29.1752,0.0059,0.4324,0.0014
2042-12-24,14.7330,14.0212,88.5832,13.2242,211.9268,0.2054,22.0563,0.0005,0.4098,0.0001
2042-12-25,11.6676,4.7063,60.6574,21.6939,205.0118,0.5708,46.7494,0.3184,1.1338,0.0857
2042-12-26,5.2493,0.0915,53.0579,17.1907,205.6607,0.9095,66.6050,1.3317,1.7992,0.4004
2042-12-27,4.4157,0.0068,55.3403,11.0975,206.1595,1.1895,75.5082,1.3795,2.3451,0.4480
2042-12-28,3.6843,0.0055,57.2935,11.5416,206.5267,1.4216,79.6761,1.9678,2.7952,0.6765
2042-12-29,3.2005,0.0099,65.9914,13.5834,206.8068,1.5878,80.8669,2.4762,3.1159,0.8840
2042-12-30,5.8160,0.0013,59.7984,8.2738,207.5576,1.9038,82.2339,2.2255,3.7223,0.8485
2042-12-31,6.7749,0.0013,59.5358,6.3778,208.4811,2.2659,82.9907,2.2241,4.4120,0.9074
2043-01-01,9.0124,0.0263,63.0531,12.2153,209.8074,2.7259,83.2632,3.0912,5.2803,2.0982
2043-01-02,9.8164,0.3915,56.9862,13.4418,211.2783,3.3040,84.0958,3.6694,6.3593,2.9914
2043-01-03,9.0731,5.6460,61.7770,11.2985,201.3708,1.7235,53.4806,0.4265,3.3748,0.1567
2043-01-04,10.5865,0.7014,62.0036,11.2105,202.9803,2.2702,68.4772,1.0486,4.4168,0.4280
2043-01-05,12.0541,1.6351,77.5714,14.0759,204.8541,2.0767,65.2169,1.0812,4.0508,0.4261
2043-01-06,12.2634,1.4957,70.9169,11.2409,206.7655,2.5552,66.5659,0.9854,4.9573,0.4223
2043-01-07,7.1553,0.9530,65.6646,16.0351,207.7574,2.9042,71.4334,1.4719,5.6122,0.6663
2043-01-08,4.3576,1.2451,66.0485,11.1448,208.2458,3.1323,69.1345,1.0671,6.0375,0.4995
2043-01-09,4.0827,12.7798,90.1971,25.2939,178.8873,0.9988,26.6819,0.0047,1.9702,0.0014
2043-01-10,3.4872,5.7245,82.5815,27.2024,168.6422,0.0984,29.1135,0.0106,0.1964,0.0023
2043-01-11,2.4933,1.4766,78.5845,19.4715,168.7950,0.1931,41.4132,0.1204,0.3851,0.0276
2043-01-12,4.5777,0.0146,65.8387,8.0468,169.3230,0.4319,57.3766,0.5112,0.8583,0.1305
2043-01-13,5.4717,0.0222,65.3142,6.7748,170.0119,0.7125,68.0935,0.8283,1.4102,0.2341
2043-01-14,7.9861,0.6168,66.6991,7.2570,171.1534,1.0850,73.8719,1.0427,2.1362,0.3292
2043-01-15,9.7783,5.5247,85.3814,6.5262,162.7289,0.1958,38.6244,0.0369,0.3904,0.0084
2043-01-16,9.9785,0.5854,77.9056,9.8319,164.2290,0.4971,54.4161,0.4339,0.9868,0.1136
2043-01-17,10.5247,0.0456,62.0905,13.2201,165.8274,1.0396,70.8003,1.2500,2.0472,0.3897
2043-01-18,9.5764,0.0032,58.1929,8.9559,167.2552,1.5891,78.3721,1.5274,3.1045,0.5446
2043-01-19,9.7261,0.0164,57.7285,5.9681,168.7099,2.1525,81.6948,1.8564,4.1720,0.7403
2043-01-20,10.2318,0.0283,61.2312,9.8051,170.2556,2.6934,83.0115,2.6504,5.1818,1.5806
2043-01-21,12.7214,0.0034,56.2899,9.4690,172.2495,3.4371,84.3818,3.1214,6.5476,2.4607
2043-01-22,10.4366,0.1196,74.1287,8.2317,173.8321,3.8046,83.5503,2.6254,7.2144,2.0409
2043-01-23,12.7605,5.2101,83.7078,9.8352,166.6539,1.8716,46.4601,0.1680,3.6410,0.0635
2043-01-24,13.0596,2.7545,70.5225,11.5619,168.7086,1.1812,52.5802,0.3940,2.3217,0.1275
2043-01-25,7.9148,0.0055,50.5697,12.6285,169.8372,1.7298,70.7587,1.2116,3.3736,0.4452
2043-01-26,6.3280,0.0192,55.2397,8.9257,170.6803,2.1391,77.9130,1.4664,4.1482,0.5835
2043-01-27,8.8800,0.3472,58.4051,9.9445,171.9827,2.6501,81.5083,2.2188,5.1036,0.9630
2043-01-28,10.2283,13.1876,84.2262,17.7976,145.2714,0.8955,36.1689,0.0388,1.7637,0.0116
2043-01-29,10.0949,26.5106,89.7666,16.5705,92.0313,0.1410,18.0266,0.0001,0.2810,0.0000
2043-01-30,9.9047,4.5776,77.4353,9.4128,87.2994,0.3057,29.4459,0.0047,0.6061,0.0011
2043-01-31,8.8923,3.5858,74.4776,11.7124,84.4478,0.3140,37.6599,0.0393,0.6221,0.0095
2043-02-01,6.1321,1.2967,74.9284,19.7755,85.2555,0.5715,51.6860,0.5409,1.1242,0.1454
2043-02-02,6.7864,0.0344,55.5157,15.4088,86.1811,1.0699,69.3163,1.3306,2.0753,0.4165
2043-02-03,9.7313,0.0006,58.1028,10.0047,87.6367,1.7145,77.8716,1.5431,3.2691,0.5605
2043-02-04,10.9422,0.1010,52.7040,14.2170,89.3103,2.5235,82.8109,3.2268,4.7141,2.0782
2043-02-05,7.8420,0.0000,46.2933,11.8001,90.4259,3.2057,84.8370,3.7346,5.8895,2.9238
2043-02-06,10.4265,0.0003,55.6786,8.2103,92.0066,3.9314,84.8853,3.1373,7.1040,2.6153
2043-02-07,13.1277,0.0000,51.6980,9.6858,94.0736,4.9076,85.6278,3.7449,8.6828,3.6858
2043-02-08,9.6148,0.0000,37.4240,14.7512,95.5083,5.8601,87.2293,6.0607,10.1614,6.5730
2043-02-09,9.1959,0.0118,42.2744,7.5309,96.8676,6.7043,87.2778,4.2415,11.4308,4.9450
2043-02-10,10.5838,0.0125,41.4671,10.7225,98.4766,7.6758,87.3488,5.0323,12.8480,6.2436
2043-02-11,9.7775,0.0000,44.9943,11.3554,99.9406,8.5257,87.3973,5.2315,14.0541,6.7987
2043-02-12,11.6362,0.0000,39.5868,8.6597,101.7391,9.6187,87.7333,4.7917,15.5597,6.6285
2043-02-13,12.9002,0.0000,36.4315,7.9275,103.7651,10.8829,88.3963,5.0785,17.2443,7.4028
2043-02-14,11.8593,0.1140,48.8139,7.8445,105.6038,11.8251,88.0267,4.7962,18.4776,7.3062
2043-02-15,10.5508,0.0449,60.1587,11.2353,107.2069,12.4845,86.4493,4.5443,19.3389,7.1387
2043-02-16,10.9124,0.0136,57.4572,11.3139,108.8752,13.2104,86.2842,4.4572,20.2717,7.2059
2043-02-17,10.5600,0.0400,57.2925,9.1374,110.4800,13.9178,86.2141,3.9549,21.1687,6.6203
2043-02-18,12.0083,0.0098,54.9580,7.0606,112.3455,14.7565,86.2622,3.5862,22.2174,6.2165
2043-02-19,11.5279,1.7212,72.4517,12.4735,114.1245,14.0138,72.0838,1.2592,21.4445,1.6754
2043-02-20,10.2562,1.1875,50.1895,12.0624,115.6746,14.8173,75.3781,1.4372,22.4464,2.1938
2043-02-21,10.5811,17.6789,82.4402,21.0684,83.5167,6.6734,36.0871,0.0449,11.1246,0.0287
2043-02-22,7.6264,4.7500,69.9785,21.6670,78.1632,3.9076,42.6277,0.1664,6.9469,0.0833
2043-02-23,4.0766,0.1818,61.0476,17.0905,78.6010,4.1940,61.7193,1.0707,7.4008,0.5526
2043-02-24,5.0181,0.0844,58.0023,12.5712,79.2082,4.5590,72.9257,1.3076,7.9710,0.7004
2043-02-25,9.7714,0.0000,40.2013,7.5517,80.6711,5.4825,81.7871,2.0328,9.3725,1.6524
2043-02-26,10.4752,0.0542,54.6020,10.2297,82.2606,6.2289,83.8231,3.0097,10.4749,3.2071
2043-02-27,12.6940,1.2498,66.9155,14.7841,84.2495,6.8772,77.1547,1.8553,11.4232,1.7050
2043-02-28,14.7045,1.7893,58.3731,13.9831,86.6004,6.7405,73.8283,1.4604,11.2850,0.9415
2043-03-01,14.8508,0.0028,43.8338,10.0143,88.9775,8.2676,83.3661,2.8039,13.4183,3.4816
2043-03-02,16.3782,0.0154,50.0161,12.3715,91.6296,9.7568,85.8655,4.4325,15.4111,6.1261
2043-03-03,12.6978,0.0000,42.6188,10.6876,93.6192,11.1064,87.0030,4.7819,17.1318,6.9828
2043-03-04,12.6302,0.0000,46.2195,6.1557,95.5966,12.3651,87.0514,3.8319,18.6873,5.9653
2043-03-05,14.1362,0.0464,52.4555,6.3235,97.8451,13.5999,87.0998,3.8911,20.1856,6.3384
2043-03-06,14.6880,0.0190,54.9990,7.8547,100.1929,14.8110,87.1482,4.2323,21.6288,7.1368
2043-03-07,13.5094,0.5801,71.3694,6.4103,102.3286,15.5240,84.4698,2.7076,22.5105,4.7463
2043-03-08,14.8563,0.0840,58.0357,12.3729,104.7068,16.6654,84.9776,3.9188,23.8433,7.0450
2043-03-09,14.6418,0.0000,51.3797,12.3853,107.0463,17.9700,85.9072,4.4615,25.3156,8.1962
2043-03-10,16.7596,0.0000,49.9888,8.9295,109.7670,19.4925,86.5997,4.1328,26.9989,7.9532
2043-03-11,15.8580,0.0000,45.9907,11.1732,112.3255,21.0538,87.2035,5.0423,28.6721,9.7730
2043-03-12,16.7856,0.0000,47.2148,7.3803,115.0509,22.6631,87.3220,4.2361,30.3701,8.7052
2043-03-13,19.1812,0.0121,47.7003,9.7131,118.2075,24.4711,87.5878,4.9488,32.2509,10.2798
2043-03-14,13.6461,0.0112,50.4603,15.3671,120.3678,25.7164,87.6363,6.6260,33.5259,13.2902
2043-03-15,13.3778,0.0000,41.6534,9.2454,122.4798,27.1563,87.7526,4.9489,34.9434,10.7553
2043-03-16,17.4052,0.0000,46.2904,7.9078,125.3167,28.8505,87.8012,4.6586,36.6227,10.5083
2043-03-17,17.6038,0.0000,47.0843,6.4847,128.1894,30.5376,87.8499,4.3665,38.2783,10.2144
2043-03-18,16.8024,0.4477,54.5537,8.6501,130.9178,31.9245,87.7022,4.7681,39.6669,11.2078
2043-03-19,17.1459,0.2303,50.9286,8.6497,133.7081,33.4507,87.7508,4.8013,41.1589,11.5093
2043-03-20,13.4136,0.1077,58.1818,10.5452,135.8266,34.4853,86.8605,4.6524,42.1908,11.3778
2043-03-21,13.4650,0.0839,52.0499,8.2599,137.9543,35.6757,86.9088,4.1749,43.3349,10.5738
2043-03-22,13.8838,0.2747,69.0353,10.6951,140.1573,36.4666,85.2669,3.7477,44.1897,9.7754
2043-03-23,17.1818,0.8708,61.9728,9.3741,142.9541,37.6517,82.0987,2.3137,45.4056,6.4861
2043-03-24,14.4710,0.8169,58.8063,14.9753,145.2628,38.7450,81.7820,2.9532,46.4901,8.2151
2043-03-25,13.1980,0.0152,48.4799,13.6745,147.3425,40.0007,85.0999,4.2555,47.6567,11.3474
2043-03-26,16.8840,0.0000,42.4025,6.5388,150.0856,41.7664,87.3248,4.0618,49.2613,11.1366
2043-03-27,18.3559,0.0183,48.2379,11.5777,153.0937,43.4831,87.4160,5.3045,50.8552,14.0217
2043-03-28,16.9205,0.0851,62.7202,15.0940,155.8433,44.6282,86.5217,5.5765,52.0168,14.7564
2043-03-29,19.0727,0.0815,60.9796,8.2612,158.9804,45.9700,86.5699,3.9792,53.3639,11.4730
2043-03-30,19.4657,0.0021,57.5191,4.6757,162.1883,47.4592,86.6181,3.3442,54.8172,10.1040
2043-03-31,21.2947,0.0000,52.1565,5.3075,165.7253,49.2856,87.0763,3.6846,56.5369,11.1477
2043-04-01,23.0077,0.0004,49.9035,7.0770,170.8207,52.2134,87.7262,4.4199,59.1937,13.2420
2043-04-02,24.2119,0.0000,45.4452,4.4243,176.1328,55.5612,88.6369,4.4062,62.1272,13.5779
2043-04-03,23.0572,0.0000,48.9007,8.3043,181.2371,58.5538,88.6858,5.3954,64.7828,16.2356
2043-04-04,22.5920,0.0000,42.2810,8.2696,186.2577,61.8690,89.1006,5.7164,67.6008,17.3532
2043-04-05,23.0200,0.0008,41.0574,7.2789,191.3553,65.3156,89.4212,5.6942,70.4846,17.7010
2043-04-06,20.3163,5.8079,58.3869,9.0124,184.8453,42.4700,64.1220,0.8007,53.9507,2.2420
2043-04-07,17.7609,4.7132,71.0063,9.3604,180.8246,29.7946,53.9903,0.4068,42.2042,0.6072
2043-04-08,19.7206,0.0032,56.5507,6.6255,185.3283,31.9877,74.8492,1.0608,44.6912,2.7510
2043-04-09,20.9844,0.0000,51.1427,7.1833,190.0595,34.6035,83.9513,2.6258,47.5595,7.5072
2043-04-10,20.4095,0.0445,52.3429,13.0152,194.6872,37.0887,86.3619,4.9097,50.2468,13.1109
2043-04-11,19.1445,0.0002,44.2248,10.0552,199.0872,39.8261,87.8269,5.2101,53.0976,14.1629
2043-04-12,20.7473,0.0590,41.7023,12.3552,203.7757,42.9138,88.7717,6.6993,56.2257,17.6765
2043-04-13,18.6098,0.0003,41.7991,11.7458,208.0795,45.6948,88.8206,6.5425,58.9988,17.8223
2043-04-14,19.7197,0.0000,36.2916,8.7972,212.5830,48.9104,89.6239,6.3282,62.1009,17.8733
2043-04-15,20.7855,0.0000,37.7908,9.1526,217.2784,52.2111,89.7160,6.5283,65.2337,18.7768
2043-04-16,21.7285,0.0000,35.8317,10.4207,222.1435,55.7624,90.1702,7.4270,68.5231,21.1620
2043-04-17,22.5871,0.0000,32.5085,7.8466,227.1632,59.6381,90.9068,7.2476,72.0121,21.3445
2043-04-18,23.9238,0.0000,33.7946,6.5641,232.4235,63.6544,91.0175,6.9020,75.5685,21.1413
2043-04-19,25.1152,0.1802,37.0064,7.4499,237.8982,67.6579,91.0672,7.2683,79.0860,22.4684
2043-04-20,21.6320,0.6539,46.1326,14.6492,242.7460,70.6266,88.1068,6.8359,81.7735,21.8819
2043-04-21,17.0917,17.3757,81.8436,12.7746,201.8932,32.4508,40.6444,0.0746,46.2977,0.1189
2043-04-22,16.0945,2.9675,63.3363,14.8352,201.8727,26.9585,57.1371,0.7064,40.4219,1.1472
2043-04-23,16.6058,2.0322,60.2797,12.0234,205.8158,25.6385,66.6539,1.0282,39.1002,2.3173
2043-04-24,18.0778,0.5623,56.6239,9.4385,210.0238,27.6552,79.3200,1.7085,41.6120,4.5195
2043-04-25,17.9809,1.7764,58.7662,11.6682,214.2143,27.5605,75.5958,1.4272,41.7063,3.7191
2043-04-26,17.6711,2.9900,61.5658,13.9787,214.2948,23.1405,68.3640,1.2012,36.4429,2.6866
2043-04-27,17.7552,6.7017,68.5242,13.9034,204.2614,14.5207,54.8949,0.5570,24.6590,0.5775
2043-04-28,17.6245,0.3202,49.6522,12.7747,208.3878,16.8062,77.3952,1.7078,27.9726,3.3364
2043-04-29,19.4277,0.0017,40.9304,6.7024,212.8388,19.7459,85.8748,3.3354,32.0567,7.2759
2043-04-30,21.6828,0.0151,47.6772,8.3767,217.6957,22.6358,87.5835,4.6237,35.9313,10.3300
2043-05-01,23.0029,0.0000,50.2165,6.1812,224.2402,25.7948,87.7975,4.2681,40.0671,10.2907
2043-05-02,25.5108,0.0422,46.0780,3.7053,231.2362,29.5724,88.7386,4.3119,44.8162,11.0708
2043-05-03,27.1060,0.0000,41.3857,4.9723,238.5192,33.9249,89.8819,5.4156,50.0523,14.1239
2043-05-04,28.3021,0.0308,40.0160,4.4608,246.0176,38.5680,90.4688,5.7403,55.4169,15.6192
2043-05-05,28.5196,0.1516,34.1612,8.0028,253.5551,43.7020,91.5873,8.0473,61.0836,21.1076
2043-05-06,28.7275,0.0011,36.1665,7.8425,261.1301,48.7146,91.6372,8.0392,66.4419,22.0362
2043-05-07,21.5378,0.0404,51.6793,12.8129,267.4109,51.5944,89.4485,7.5550,69.6116,21.6004
2043-05-08,25.2811,0.1473,45.1588,6.0754,274.3655,55.4033,89.4977,5.4182,73.6339,17.4721
2043-05-09,27.8945,0.2978,42.3368,5.8898,281.7905,59.8049,89.9892,5.7597,78.1467,18.8793
2043-05-10,29.3962,0.2795,36.4245,9.3732,289.4858,64.9091,91.2874,8.2629,83.1872,25.2340
2043-05-11,28.6067,0.3289,35.1753,11.9157,297.0390,69.9789,91.5315,9.7238,88.0808,29.0589
2043-05-12,26.8289,0.0023,48.2544,8.2666,304.2723,73.7836,90.5972,7.0826,91.8718,23.8491
2043-05-13,25.9973,0.6666,53.5382,6.6422,311.3558,77.0981,87.4635,4.1647,95.2386,16.5320
2043-05-14,23.3496,2.3401,67.0750,8.1451,317.9627,66.9522,73.9324,1.0935,87.7248,4.9782
2043-05-15,21.4227,11.5288,74.9148,11.6100,289.5935,34.4725,50.1194,0.2988,53.1329,0.5251
2043-05-16,17.6297,12.9735,79.3260,10.6003,258.3537,16.0052,36.9708,0.0321,27.7176,0.0360
2043-05-17,23.4797,1.0389,42.4131,11.6193,264.9840,19.7317,75.1649,1.3883,33.2698,2.9878
2043-05-18,26.1837,0.0001,37.8318,7.1957,272.1011,24.1971,87.9478,4.5898,39.5922,10.8522
2043-05-19,26.8762,0.0384,50.0845,4.8253,279.3428,27.8735,88.4075,4.3505,44.6170,11.1232
2043-05-20,27.5398,0.0772,50.2858,6.7799,286.7039,31.6219,88.5651,4.9106,49.5743,13.0139
2043-05-21,27.2077,0.0102,48.5954,11.2516,294.0053,35.4528,88.7990,6.3618,54.4814,16.7234
2043-05-22,26.3198,0.0080,48.2994,12.1295,301.1469,39.1849,88.8480,6.6965,59.1337,18.1534
2043-05-23,27.0091,0.0003,45.3073,8.3271,308.4125,43.2322,89.3066,5.9051,64.0268,17.2606
2043-05-24,29.7438,0.0033,34.9579,8.5424,316.1704,48.5137,91.5182,8.1883,70.1266,22.9603
2043-05-25,28.9500,0.0288,34.5547,12.5433,323.7854,53.6912,91.7185,10.3059,75.9123,28.0549
2043-05-26,25.3524,1.1189,43.0553,12.2727,330.7528,57.6568,87.4492,5.5197,80.3132,18.5620
2043-05-27,25.3813,0.4902,40.6103,10.4139,337.7255,61.7973,89.5865,6.8287,84.8018,22.2925
2043-05-28,26.0920,0.9513,39.3388,8.2113,344.8260,66.1398,88.3729,5.1343,89.4074,18.6643
2043-05-29,20.3691,7.3482,60.3167,20.0645,328.9967,39.8628,66.1702,1.5155,61.1903,5.2981
2043-05-30,24.5752,0.3306,38.3760,16.5485,335.8242,44.0282,86.6325,6.0955,66.3194,18.0114
2043-05-31,26.9126,0.0497,32.9929,10.6100,343.0724,48.9698,91.0601,8.5143,72.1818,23.9558
2043-06-01,29.2285,0.0074,30.8818,7.5145,351.7376,54.4886,92.3565,8.7539,78.5544,25.5118
2043-06-02,31.6815,0.0025,30.9948,7.0696,360.8442,60.4439,92.8679,9.1981,85.2062,27.5112
2043-06-03,31.6770,0.3375,36.2676,7.1381,369.9501,65.9434,92.9182,9.2952,91.2318,28.6803
2043-06-04,29.3178,2.0861,45.4001,8.8992,378.6313,62.5420,84.8626,3.2380,88.5270,13.0782
2043-06-05,24.7760,11.1801,63.6584,11.9969,347.7998,33.2981,62.5248,0.8638,53.7348,2.4890
2043-06-06,20.7671,2.3763,56.9384,18.0560,354.9419,30.7194,72.9657,1.7267,50.5099,5.2580
2043-06-07,20.8202,1.7328,45.7443,16.1097,362.0935,31.9033,79.9563,2.5492,52.2889,7.7669
2043-06-08,19.4280,3.2311,56.0937,14.6598,362.1813,26.5823,71.5892,1.3809,44.9220,3.8007
2043-06-09,21.2443,0.2379,57.9094,9.8483,369.4092,29.0583,82.2275,2.4073,48.5659,7.0325
2043-06-10,25.8738,0.1528,44.9344,7.3598,377.4705,32.9687,87.9733,4.6448,54.1201,13.0869
2043-06-11,27.5903,0.5971,44.7069,6.3472,385.8408,37.1451,88.9079,5.0471,59.8787,14.7748
2043-06-12,29.6675,0.1643,41.5737,5.8004,394.5849,41.8776,90.2939,5.9894,66.1925,17.7607
2043-06-13,29.3116,1.6484,46.4511,7.4790,403.2650,44.1984,85.4648,3.2756,69.3851,11.4347
2043-06-14,30.2173,0.0021,37.6351,7.9661,412.1081,49.3403,90.6649,7.0439,75.9481,21.5086
2043-06-15,31.9766,0.3607,32.3396,8.3403,421.2679,55.2321,92.5167,9.3341,83.1951,27.4520
2043-06-16,31.5734,0.0227,33.2130,8.1402,430.3551,60.9770,92.5669,9.3060,90.0545,28.5177
2043-06-17,32.8013,0.0692,31.8262,5.9962,439.6634,67.0616,92.9107,8.7662,97.0975,28.4132
2043-06-18,32.4007,0.9397,36.4753,5.6308,448.8995,72.6642,90.7829,6.3683,103.4601,23.4779
2043-06-19,33.9336,0.1711,31.9262,7.0275,458.4115,78.9427,92.9312,9.2604,110.3690,31.2823
2043-06-20,33.3787,0.0000,31.7860,7.6255,467.8237,85.1346,93.0435,9.6950,117.0275,33.0636
2043-06-21,32.1877,0.1103,35.6799,7.8521,477.0215,90.7713,93.0939,9.8758,123.0197,34.1390
2043-06-22,29.4096,2.9263,48.9687,7.4698,478.2713,73.2958,81.2069,1.8913,105.9855,9.3528
2043-06-23,27.5023,3.5657,60.5714,7.1366,475.7795,56.5328,72.6036,0.9816,87.1711,4.4281
2043-06-24,29.0616,1.9244,53.7038,6.8341,484.4146,55.0925,79.7582,1.5653,85.7921,6.9275
2043-06-25,31.8370,0.5581,51.4980,8.0780,493.5493,59.2982,87.6632,4.6068,91.2023,17.4141
2043-06-26,34.0408,0.2168,42.2664,7.1089,503.0806,64.6393,90.8062,6.8836,97.8481,24.1307
2043-06-27,36.1380,0.3471,33.7831,6.3396,512.9895,71.1309,92.9656,8.9882,105.6413,30.0679
2043-06-28,34.1638,2.0934,39.4911,7.4365,522.5429,68.0564,88.1677,4.7945,102.6800,19.0821
2043-06-29,33.4350,2.1554,43.3710,8.4354,531.9653,64.4645,86.6285,4.0477,98.9513,16.5151
2043-06-30,29.9334,3.2122,58.1259,11.5729,530.4996,52.6091,78.9389,1.8346,84.3147,7.9025
2043-07-01,31.0137,2.0214,42.1252,7.8004,539.7861,51.5767,84.8705,3.0670,83.2637,12.0815
2043-07-02,30.9100,3.2266,44.4041,6.1861,538.5076,43.9336,81.3137,1.7948,72.9819,7.0403
2043-07-03,31.3276,2.8934,49.1870,5.9533,539.3806,39.0352,80.5100,1.6207,66.1095,5.9779
2043-07-04,31.7455,3.0580,49.8665,6.4455,539.2983,34.4149,80.3643,1.6354,59.3598,5.5893
2043-07-05,31.8087,3.0598,51.4334,7.2650,539.2179,30.4888,80.3068,1.6939,53.4256,5.3689
2043-07-06,33.4884,1.5375,42.1079,6.6332,548.9498,34.2682,87.2506,4.0382,59.2843,12.3392
2043-07-07,33.4532,1.1735,43.1063,7.2346,558.6754,38.8852,88.7585,5.1659,66.2435,15.9056
2043-07-08,35.1794,0.0404,39.5024,7.2747,568.7117,44.0398,91.6022,7.7737,73.7936,22.7260
2043-07-09,36.8683,0.0000,33.7119,6.1486,579.0520,49.9508,93.1603,9.1480,82.1790,26.9043
2043-07-10,37.7963,0.0153,31.7840,4.6534,589.5593,56.1823,93.7763,9.2446,90.7456,28.4980
2043-07-11,38.6295,0.0008,30.9664,4.5398,600.2166,62.6237,94.1090,9.6258,99.3366,30.6055
2043-07-12,38.3906,0.6732,29.3591,7.9490,610.8310,69.1753,94.1766,11.5375,107.8236,35.8370
2043-07-13,34.3673,1.8813,42.4952,8.3030,620.7211,67.7219,88.2860,5.0942,106.4178,20.2960
2043-07-14,36.5690,0.1679,29.1047,12.3492,631.0075,73.9938,93.8854,13.8320,114.4390,41.3446
2043-07-15,36.9895,0.0108,26.3543,11.5442,641.3696,80.5818,94.7586,14.9840,122.6418,44.6966
2043-07-16,36.7572,0.0000,24.5509,11.1657,651.6899,87.2900,95.1220,15.4517,130.7853,46.6227
2043-07-17,36.9832,0.0084,24.4183,9.5619,662.0509,94.0501,95.2014,14.4079,138.8043,45.4633
2043-07-18,37.6532,0.0003,23.5026,8.7683,672.5325,101.0124,95.5011,14.4207,146.8746,46.2448
2043-07-19,38.1489,0.0000,24.0149,6.8719,683.1033,108.0166,95.5523,13.1981,154.8275,44.3242
2043-07-20,39.6157,0.0000,23.9302,5.3949,693.9381,115.2907,95.7510,12.5869,162.9148,43.5231
2043-07-21,38.8466,0.0000,24.3190,8.6600,704.6345,122.3908,95.8023,14.9414,170.6705,48.9900
2043-07-22,38.8708,0.0000,23.1075,7.2881,715.3352,129.6090,95.8536,14.0408,178.4061,47.4954
2043-07-23,40.4513,0.0000,21.9703,4.8559,726.3205,137.2236,96.2980,13.1905,186.4040,45.9837
2043-07-24,42.4536,0.1033,20.3375,5.9358,737.6661,145.3721,96.9784,15.2606,194.7806,50.7185
2043-07-25,42.8437,0.0099,20.1568,7.0529,749.0820,153.6123,97.0985,16.4053,203.1011,53.3282
2043-07-26,41.5983,0.0000,20.3709,7.6317,760.2737,161.5975,97.1502,17.0078,211.0483,54.7555
2043-07-27,38.5487,0.0977,24.4970,9.1460,770.9164,168.6281,96.9324,17.8301,218.0287,56.5446
2043-07-28,37.5651,0.0000,26.6393,9.3127,781.3821,175.2898,96.3903,16.7186,224.6106,54.4739
2043-07-29,36.1602,0.0000,34.1137,7.2156,791.5950,181.0554,94.8444,12.1904,230.3788,44.7638
2043-07-30,38.7415,0.0000,26.6046,7.4321,802.2724,187.9230,95.0385,12.6565,237.0377,45.9315
2043-07-31,38.4608,0.0000,27.2676,13.6040,812.8994,194.6806,95.0896,17.3945,243.5452,56.1209
2043-08-01,37.1609,0.0000,27.9369,14.5246,822.5924,200.3727,95.1406,18.3481,249.0700,58.0613
2043-08-02,36.5661,0.0000,27.3677,10.0474,832.1782,206.0206,95.1916,14.7449,254.5162,50.7603
2043-08-03,37.1676,0.0000,22.9096,7.0599,841.8724,212.1109,95.5405,13.3023,260.2782,47.6283
2043-08-04,36.8369,0.0000,24.5027,7.1281,851.5071,218.0238,95.5917,13.4414,265.8646,47.9811
2043-08-05,37.3863,0.0000,25.4348,9.2848,861.2406,223.9483,95.6429,15.0892,271.4402,51.6250
2043-08-06,37.3376,0.0000,29.7292,7.3550,870.9654,229.5245,95.6526,13.7091,276.7319,48.6447
2043-08-07,37.8732,0.0000,29.5356,8.5957,880.7865,235.1939,95.7039,14.6954,282.0802,50.8375
2043-08-08,37.5829,0.0000,30.2269,8.0968,890.5555,240.7660,95.6141,14.1570,287.3296,49.6866
2043-08-09,36.6134,0.0000,31.0046,9.5656,900.1499,246.1378,95.3204,14.6466,292.3942,50.7759
2043-08-10,35.6254,0.1426,33.5841,11.0809,909.5664,251.1733,94.6887,14.4983,297.1823,50.4710
2043-08-11,34.3933,0.8870,35.2855,8.8537,918.7612,255.9153,91.9107,8.7935,301.7229,36.6600
2043-08-12,35.2353,0.1398,31.4901,8.4032,928.1076,261.0544,93.3342,10.5007,306.5476,41.1502
2043-08-13,36.3141,0.0000,28.3281,8.6194,937.6481,266.5903,94.2173,12.0012,311.6566,44.8352
2043-08-14,36.1313,0.1364,32.2315,6.3980,947.1558,271.7992,94.2681,10.8059,316.5224,41.9364
2043-08-15,37.3828,0.0038,30.4019,5.9255,956.8887,277.3285,94.3188,10.6258,321.6227,41.4948
2043-08-16,37.7823,0.0000,29.4064,6.3038,966.6935,282.9951,94.3696,10.9065,326.8099,42.2039
2043-08-17,37.9137,0.0000,27.4451,6.4807,976.5219,288.8388,94.7103,11.5328,332.1021,43.7470
2043-08-18,38.0804,0.0000,28.6632,7.2360,986.3804,294.6090,94.7612,12.0644,337.3336,45.0277
2043-08-19,38.4565,0.0000,28.0265,8.5766,996.3066,300.4865,94.8122,12.9981,342.6298,47.2118
2043-08-20,37.3372,0.0000,28.9341,13.4456,1006.0313,306.1258,94.8631,16.7290,347.7267,55.2770
2043-08-21,33.9280,0.0000,32.3304,12.7407,1015.1423,311.0192,94.5870,15.5440,352.2402,52.8213
2043-08-22,34.9429,0.0000,27.0391,10.1530,1024.4360,316.4482,94.6378,13.7396,357.1147,48.9051
2043-08-23,35.0983,0.0000,25.9256,9.0783,1033.7577,321.9837,94.6887,13.1067,362.0494,47.4782
2043-08-24,35.3472,0.0000,26.8621,10.0730,1043.1242,327.4869,94.7396,13.8772,366.9588,49.2195
2043-08-25,32.9008,0.0074,38.2439,13.1519,1052.0504,331.8218,93.4176,13.4955,371.0590,48.3669
2043-08-26,33.5444,0.0000,34.6143,7.7062,1061.0924,336.4983,93.4681,10.3294,375.3862,40.7948
2043-08-27,34.3642,0.0000,33.3727,8.2636,1070.2819,341.3764,93.5186,10.6986,379.8561,41.7300
2043-08-28,34.9116,0.0000,30.2035,8.5740,1079.5700,346.5654,93.6317,11.0398,384.5270,42.5812
2043-08-29,34.7920,0.1902,29.5556,8.3421,1088.8366,351.7851,93.7440,11.0833,389.2055,42.6904
2043-08-30,32.0539,1.5868,40.5144,9.2878,1097.6103,191.8716,88.5997,5.5999,267.0408,26.9890
2043-08-31,31.1507,0.0023,36.2270,12.2838,1106.2214,196.1176,91.5137,9.8808,271.7788,39.4469
2043-09-01,31.6738,0.0087,33.7009,10.8535,1113.6267,199.9861,92.3039,10.2814,276.0424,40.4946
2043-09-02,31.6024,0.0000,29.9031,11.3077,1121.0191,204.0673,93.0670,11.7100,280.4869,44.0409
2043-09-03,32.0277,0.0000,26.7022,10.1558,1128.4881,208.3904,93.8121,12.2594,285.1424,45.3650
2043-09-04,33.6321,0.0000,25.5076,6.8984,1136.2459,212.9967,94.3567,11.2182,290.0595,42.8869
2043-09-05,32.6102,0.0163,30.0590,9.5476,1143.8197,217.1943,94.4074,12.9104,294.5581,46.9123
2043-09-06,32.4975,0.0061,31.6668,8.4412,1151.3733,221.2817,94.4224,12.2357,298.9337,45.3572
2043-09-07,33.2101,0.0303,30.1405,7.9233,1159.0551,225.5490,94.4732,12.0043,303.4645,44.8227
2043-09-08,32.3090,0.0000,29.7880,12.8563,1166.5747,229.7252,94.5241,15.5001,307.8793,52.6520
2043-09-09,31.7767,0.0000,29.7951,9.2483,1173.9985,233.8345,94.5749,13.0141,312.2071,47.1991
2043-09-10,33.1711,0.0000,30.7872,7.9183,1181.6733,238.0575,94.6258,12.2560,316.6406,45.4483
2043-09-11,32.0917,0.0059,37.6456,13.7913,1189.1538,241.7422,93.3866,13.8774,320.5656,49.1648
2043-09-12,28.8033,0.0000,30.9176,16.5122,1196.0424,245.4200,93.4371,16.0291,324.4187,53.7994
2043-09-13,24.2913,0.0000,24.3278,11.7097,1202.1188,248.8409,93.4876,12.6726,327.9606,46.4416
2043-09-14,25.3664,0.0000,21.3085,7.9676,1208.3888,252.5488,93.8872,11.0944,331.7574,42.6756
2043-09-15,26.2505,0.0000,24.1028,8.5782,1214.8179,256.2445,93.9378,11.5218,335.5454,43.7246
2043-09-16,27.5693,0.0000,27.0876,11.0629,1221.4843,259.9661,93.9885,13.1506,339.3658,47.5568
2043-09-17,28.2398,0.0569,41.5752,12.9504,1228.2715,263.0179,92.1514,11.1840,342.6181,42.9087
2043-09-18,27.8575,0.0381,36.3623,12.4613,1234.9899,266.2988,92.2015,10.9891,346.0514,42.4315
2043-09-19,25.7212,0.0000,26.9358,12.5882,1241.3237,269.7877,92.6901,11.8475,349.6138,44.5239
2043-09-20,25.9514,0.0000,29.7520,11.1856,1247.6989,273.1709,92.7404,11.1173,353.0824,42.7542
2043-09-21,26.7282,0.0000,31.7632,8.9486,1254.2140,276.5516,92.7906,10.0025,356.5545,39.9453
2043-09-22,27.0248,0.0000,32.0396,12.9625,1260.7825,279.9546,92.8409,12.3314,360.0423,45.6799
2043-09-23,27.2134,0.0001,32.3656,10.7865,1267.3849,283.3639,92.8912,11.1290,363.5308,42.7906
2043-09-24,29.2606,0.0000,29.6987,6.2775,1274.3558,287.1639,92.9415,8.9298,367.3697,37.1103
2043-09-25,29.5649,0.0000,33.0626,7.1992,1281.3815,290.8183,92.9918,9.4206,371.0856,38.4302
2043-09-26,29.3049,0.1167,37.5086,8.5656,1288.3604,294.2011,92.8012,9.8258,374.5678,39.4976
2043-09-27,28.6635,0.1650,38.5571,9.0467,1295.2238,297.4569,92.5162,9.6717,377.9290,39.0961
2043-09-28,27.3010,0.0004,37.8784,9.3573,1301.8420,300.5980,92.3770,9.6336,381.1660,38.9974
2043-09-29,25.5126,2.9032,38.7466,12.9535,1253.8661,119.4015,82.8061,3.0259,192.8838,16.8643
2043-09-30,17.3405,9.5425,63.2687,23.8189,1034.3629,60.9514,60.4068,1.3940,106.2504,7.1629
2043-10-01,18.6507,2.9578,40.0039,25.4756,1008.5980,49.8615,75.4141,2.8311,88.7539,11.7689
2043-10-02,20.1862,0.4788,36.6123,17.9291,1012.9355,51.9060,87.2427,7.1269,92.0231,23.9739
2043-10-03,21.3343,0.0003,39.0144,13.1079,1017.4797,53.9790,89.1707,7.3684,95.3163,24.9786
2043-10-04,20.7381,0.0313,41.3072,9.8950,1021.9166,55.9211,89.2198,6.3114,98.3830,22.7612
2043-10-05,22.3046,0.6888,46.3147,6.6151,1026.6354,57.8249,87.4966,4.1787,101.3751,17.1286
2043-10-06,23.8130,0.0321,48.1120,5.3009,1031.6257,59.7836,88.1654,4.3039,104.4367,17.7760
2043-10-07,25.7945,0.0000,41.6907,5.9547,1036.9727,62.1598,89.5411,5.4191,108.1172,21.3800
2043-10-08,27.3435,0.0000,39.0770,4.7306,1042.5986,64.7854,90.4186,5.7773,112.1489,22.7592
2043-10-09,28.3941,0.0000,34.1513,4.3357,1048.4135,67.7281,91.5287,6.6341,116.6217,25.5112
2043-10-10,27.6345,0.0000,36.0028,10.2943,1054.0917,70.5145,91.5785,9.0209,120.8226,31.9169
2043-10-11,26.8248,0.0009,36.3767,8.0359,1059.6242,73.2065,91.6284,8.1078,124.8493,30.0878
2043-10-12,26.3606,0.0001,41.8131,5.8391,1065.0731,75.6275,91.5005,7.1276,128.4525,27.8621
2043-10-13,25.7977,0.0150,48.1140,6.7869,1070.4207,77.7422,90.4997,6.4827,131.5914,26.3369
2043-10-14,26.4246,0.0182,42.5866,8.0633,1075.8811,80.1366,90.5492,6.9625,135.1135,27.9219
2043-10-15,24.0746,0.1075,50.6143,11.5008,1080.9185,82.0204,89.7050,7.3367,137.8841,29.1362
2043-10-16,24.4704,0.0225,46.7354,8.7310,1086.0272,84.0841,89.7542,6.4262,140.8965,26.8013
2043-10-17,25.0735,0.1174,47.1126,6.3803,1091.2444,86.1815,89.8035,5.7488,143.9431,24.9817
2043-10-18,24.6199,0.0054,50.8336,7.0883,1096.3800,88.0976,89.6226,5.8051,146.7214,25.3010
2043-10-19,23.6981,0.0000,54.7348,7.8863,1101.3497,89.7984,88.9235,5.4663,149.1869,24.3834
2043-10-20,24.8022,0.0000,53.1477,4.7107,1106.5181,91.6372,88.9725,4.6909,151.8379,22.0006
2043-10-21,25.6326,0.0000,49.1220,7.3678,1111.8360,93.6980,89.0215,5.4008,154.7854,24.4337
2043-10-22,25.2610,0.0000,47.5539,8.0438,1117.0869,95.7928,89.0706,5.6275,157.7641,25.2728
2043-10-23,23.5299,0.0001,50.5734,12.9787,1122.0263,97.6374,89.1196,7.2672,160.3838,30.2376
2043-10-24,21.9127,0.0004,48.3717,11.6597,1126.6746,99.4376,89.1687,6.8479,162.9265,29.1550
2043-10-25,22.2066,0.0018,43.7635,11.9725,1131.3758,101.4236,89.2178,7.0059,165.7091,29.7257
2043-10-26,19.5583,0.1907,52.6279,19.5034,1135.6003,102.9064,88.5694,9.3292,167.7986,36.0797
2043-10-27,15.9127,0.0134,45.8948,19.7208,1139.1686,104.3011,88.6182,9.4984,169.7474,36.5961
2043-10-28,14.6770,0.0003,43.3742,11.6329,1142.5144,105.6547,88.6672,6.3636,171.6304,28.0570
2043-10-29,17.0630,0.0000,30.5853,6.1222,1146.2898,107.5651,90.0522,5.8804,174.2517,26.6596
2043-10-30,18.5558,0.3846,37.7273,6.1582,1150.3338,109.4197,90.1015,5.9328,176.7971,26.9004
2043-10-31,17.5100,0.0068,33.0727,10.7748,1154.1896,111.3069,90.1509,7.5399,179.3691,31.7408
2043-11-01,17.7790,0.5463,37.2616,6.9432,1157.0938,112.8772,89.2363,5.4520,181.4920,25.4990
2043-11-02,17.4400,3.6272,60.0439,11.4679,1102.4530,76.7778,68.0536,1.0479,130.7850,6.1741
2043-11-03,13.8925,0.0849,44.4585,13.0513,1104.6576,77.8818,81.3344,2.5427,132.4230,13.2824
2043-11-04,13.8233,0.5822,54.6815,7.4313,1106.8498,78.7784,83.3351,2.4518,133.7569,12.9600
2043-11-05,13.4633,18.5057,67.2191,17.2603,811.5595,36.4139,47.6585,0.2892,65.4824,0.5912
2043-11-06,9.7733,13.9698,70.0270,33.0267,682.3220,16.1342,43.6684,0.3513,30.4673,0.4191
2043-11-07,9.2677,0.6041,58.5475,22.4247,683.6942,16.7040,66.8042,1.7457,31.4848,3.7527
2043-11-08,9.6767,0.0141,50.2617,16.6484,685.1400,17.4146,78.7745,2.3334,32.7483,5.2521
2043-11-09,10.3540,0.2595,50.8974,15.6612,686.7077,18.1603,83.3180,3.7036,34.0682,8.2880
2043-11-10,11.7230,0.3262,59.7263,17.4517,688.5218,18.8449,84.0601,4.4696,35.2761,9.9368
2043-11-11,11.2200,0.1264,63.6812,14.7177,690.2454,19.4382,84.1075,3.9191,36.3193,9.0419
2043-11-12,11.5729,0.0155,59.3449,8.8021,692.0325,20.1212,84.3346,2.9991,37.5155,7.2850
2043-11-13,13.5186,0.0070,47.4675,11.3636,694.1699,21.1394,86.0304,4.3116,39.2877,10.2604
2043-11-14,12.0113,0.0177,51.6356,16.3583,696.0359,21.9801,86.0785,5.5831,40.7436,12.9116
2043-11-15,10.2106,0.0003,44.7199,16.4050,697.5778,22.8091,86.5326,5.9665,42.1709,13.8607
2043-11-16,11.0250,0.0584,49.5138,14.6416,699.2663,23.6206,86.5808,5.4966,43.5625,13.2333
2043-11-17,11.7675,0.0001,54.9429,9.7387,701.0885,24.3893,86.6290,4.3228,44.8758,11.1022
2043-11-18,13.8472,0.0006,42.5488,7.7372,703.2850,25.5278,87.3725,4.3441,46.8081,11.4203
2043-11-19,14.4935,0.1507,50.2956,10.9899,705.5978,26.5554,87.4210,5.1534,48.5434,13.3591
2043-11-20,13.3427,0.3992,72.1353,13.6019,707.7035,27.0890,84.8522,4.0981,49.4463,11.2420
2043-11-21,11.7305,0.0723,66.1863,12.1040,709.5190,27.6642,84.8491,3.7985,50.4142,10.6847
2043-11-22,12.0022,0.0047,57.7396,8.9345,711.3834,28.3983,84.8968,3.2591,51.6426,9.5384
2043-11-23,13.1433,9.1580,70.2538,11.5121,645.7340,14.8359,48.2664,0.2350,28.0602,0.2654
2043-11-24,12.8661,1.0344,54.8557,16.0256,647.7540,15.6718,68.5620,1.3401,29.5560,2.5703
2043-11-25,11.7123,1.2992,59.8048,11.2988,649.5662,16.3546,71.9006,1.1788,30.7723,2.2263
2043-11-26,13.4345,1.6823,67.8317,13.0885,651.6884,15.8082,69.6951,1.1981,29.8088,2.2090
2043-11-27,8.1731,0.3098,63.8074,19.3610,652.8635,16.2532,77.6221,2.4229,30.6018,5.2090
2043-11-28,7.5242,0.0277,54.8620,11.1375,653.9219,16.7693,81.6258,2.3891,31.5180,5.2397
2043-11-29,12.1396,0.2264,59.9564,10.8065,655.8110,17.4722,83.3893,2.9269,32.7622,6.5396
2043-11-30,14.3552,6.4610,74.7896,14.0705,618.6024,10.3545,51.8786,0.4145,19.8771,0.3743
2043-12-01,9.6787,0.0102,52.4596,10.9350,620.0486,10.9368,70.5658,1.1055,20.9497,1.1842
2043-12-02,10.7302,0.0000,47.2449,8.3207,621.6841,11.6460,80.1415,1.7553,22.2500,2.8693
2043-12-03,11.7734,0.0000,50.2252,6.2209,623.5073,12.3742,83.7203,2.4260,23.5785,4.3643
2043-12-04,12.0899,0.0028,56.2025,4.2574,625.3875,13.0307,84.5035,2.4403,24.7710,4.5435
2043-12-05,12.3633,5.2008,74.2985,11.8986,599.6561,8.0313,52.7610,0.4084,15.5422,0.3170
2043-12-06,13.7009,4.9330,72.8958,13.9397,577.6742,4.8496,48.3220,0.2675,9.4999,0.1570
2043-12-07,15.8407,1.3093,54.6388,11.7276,580.2295,5.7229,68.0957,1.0631,11.1704,0.6815
2043-12-08,15.0565,0.0000,52.7052,4.6431,582.6437,6.5913,78.9239,1.2920,12.8199,0.8954
2043-12-09,14.6325,0.0011,58.8565,6.9032,584.9815,7.3268,82.6991,2.2008,14.2088,2.6871
2043-12-10,12.5211,0.0142,66.5766,10.5189,586.9393,7.8442,83.1119,2.7831,15.1812,3.7532
2043-12-11,11.9786,0.5904,70.5050,9.9684,588.7995,8.2826,81.8862,2.3235,16.0024,3.1511
2043-12-12,13.0855,10.3557,85.6263,12.3236,532.4920,3.9873,36.9466,0.0348,7.8280,0.0185
2043-12-13,13.4237,1.8222,69.4924,10.4948,534.6123,3.5471,52.9092,0.3864,6.9784,0.1938
2043-12-14,11.7179,0.6860,68.7858,15.7315,536.4255,4.0017,68.2629,1.3078,7.8569,0.6955
2043-12-15,9.3710,0.1186,62.6632,13.9722,537.8163,4.4460,77.0252,1.7638,8.7120,0.9890
2043-12-16,8.3686,0.0027,60.1993,10.2165,539.0266,4.8743,80.8214,2.0792,9.5330,1.7525
2043-12-17,9.5163,0.0025,63.1534,9.5290,540.4435,5.3188,82.3343,2.4003,10.3822,2.3695
2043-12-18,9.0032,0.2932,78.1926,9.1480,541.7681,5.5692,82.1526,2.3026,10.8593,2.3126
2043-12-19,9.7645,0.2162,72.0507,8.5646,543.2297,5.9143,82.1994,2.2488,11.5151,2.3428
2043-12-20,11.3241,0.2007,74.3167,10.0499,544.9721,6.2769,82.2461,2.4375,12.2024,2.7372
2043-12-21,12.0818,8.7087,84.3079,12.0880,503.4806,3.0077,39.1976,0.0547,5.9268,0.0254
2043-12-22,12.5883,13.7567,82.0030,18.4458,440.6593,1.1398,31.6448,0.0135,2.2649,0.0044
2043-12-23,9.5454,5.6968,69.5662,9.3274,422.1034,0.3682,35.8787,0.0237,0.7347,0.0059
2043-12-24,10.5620,5.6532,85.1176,15.2886,404.8099,0.1972,31.4185,0.0109,0.3940,0.0025
2043-12-25,9.4803,0.2216,78.8870,12.0432,406.2203,0.4511,49.7930,0.2935,0.8997,0.0756
2043-12-26,10.3981,0.0282,63.4229,8.0617,407.7960,0.9290,66.4839,0.8371,1.8475,0.2535
2043-12-27,10.6154,0.2856,65.0831,5.4534,409.4107,1.3939,74.8028,0.9975,2.7642,0.3416
2043-12-28,13.2536,1.1026,76.2476,5.8801,411.5004,1.7813,71.6162,0.8880,3.5245,0.3316
2043-12-29,13.4895,5.7401,76.1114,11.9944,394.8378,0.7159,48.4317,0.2461,1.4253,0.0697
2043-12-30,12.2077,15.8496,93.3933,12.6348,338.4230,0.0999,17.6922,0.0001,0.1997,0.0000
2043-12-31,11.3912,1.4600,72.9252,14.8774,340.1775,0.4842,42.3830,0.1133,0.9650,0.0296
2044-01-01,10.6207,0.0208,58.9821,8.1933,341.7932,1.0761,63.4034,0.7440,2.1354,0.2348
2044-01-02,13.0507,6.3652,82.8819,11.7236,325.6986,0.2982,40.1898,0.0650,0.5951,0.0157
2044-01-03,12.0353,11.4313,82.1314,11.1427,292.6216,0.2890,28.7681,0.0043,0.5765,0.0010
2044-01-04,8.1913,7.6771,82.8510,10.7660,273.4534,0.1962,25.0728,0.0014,0.3916,0.0003
2044-01-05,6.8415,0.8888,74.1551,11.3210,274.3889,0.4488,43.4171,0.1129,0.8940,0.0290
2044-01-06,5.4447,0.1038,60.4257,11.5371,275.0729,0.7677,61.7116,0.8090,1.5248,0.2330
2044-01-07,3.6398,1.8543,74.8393,9.6084,275.4321,0.2842,56.2718,0.5061,0.5669,0.1212
2044-01-08,4.7676,0.2302,69.3897,10.0892,275.9942,0.5053,67.1140,0.9476,1.0060,0.2491
2044-01-09,9.2508,17.2812,79.6674,16.5668,229.0895,0.2591,34.0446,0.0224,0.5167,0.0053
2044-01-10,10.0637,19.7495,88.3812,11.9531,181.0274,0.1597,18.3966,0.0001,0.3187,0.0000
2044-01-11,9.5348,0.5484,80.4042,9.4605,182.4476,0.4162,37.1385,0.0314,0.8278,0.0080
2044-01-12,9.8255,0.3899,76.8769,11.1114,183.9202,0.7273,54.7693,0.4783,1.4403,0.1359
2044-01-13,8.8718,0.6276,79.6569,14.3680,185.2212,0.9770,64.6811,1.0738,1.9286,0.3291
2044-01-14,9.6110,0.1033,75.7173,11.4641,186.6551,1.2972,72.4999,1.2158,2.5501,0.4055
2044-01-15,11.7114,0.1024,63.5223,8.4607,188.4672,1.8725,78.8444,1.5545,3.6543,0.5885
2044-01-16,15.1561,0.2759,67.5950,9.1749,190.8993,2.5210,81.7295,2.1909,4.8809,0.9327
2044-01-17,14.7201,0.9622,72.8611,15.0946,193.2529,3.0496,78.2600,2.0608,5.8677,0.9521
2044-01-18,12.8209,0.0000,41.8533,9.8574,195.2647,4.0461,84.6047,3.2807,7.6937,2.9195
2044-01-19,14.6477,0.3770,62.4149,13.2186,197.6053,4.7748,84.6523,3.9114,9.0056,3.9544
2044-01-20,12.3215,0.1090,44.7609,16.2973,199.5271,5.6875,86.3715,5.8006,10.6183,6.4520
2044-01-21,8.2718,0.0018,43.7718,12.5977,200.7201,6.3363,86.5178,4.9146,11.7456,5.8120
2044-01-22,11.3516,0.0004,47.9147,8.8630,202.4673,7.1347,86.5660,4.0994,13.1141,5.1711
2044-01-23,13.3295,0.1720,66.9398,10.9206,204.5707,7.7220,85.4075,3.8650,14.1122,5.0879
2044-01-24,13.8234,0.6383,73.6464,12.3073,206.7629,8.2061,82.1827,2.7100,14.9308,3.5999
2044-01-25,14.0303,2.0612,77.8291,9.5500,208.9923,6.9639,66.5128,0.9032,12.8568,0.6270
2044-01-26,11.2593,1.1662,61.3491,15.0544,210.7230,7.5520,72.3194,1.4468,13.8620,1.2490
2044-01-27,8.8450,0.0021,50.3864,13.2434,212.0191,8.1594,80.4055,2.3137,14.8866,2.9705
2044-01-28,10.1124,0.0002,52.0742,9.8253,213.5433,8.8210,83.5050,2.8281,15.9906,3.9572
2044-01-29,12.1068,0.0018,50.3868,5.7785,215.4266,9.6277,85.0739,2.8483,17.3202,4.2063
2044-01-30,11.0179,0.2057,65.6855,9.2624,217.1138,10.1396,84.9054,3.3172,18.1590,5.0852
2044-01-31,12.1555,2.6148,79.6341,9.7989,219.0058,7.7933,61.6110,0.7371,14.3132,0.5447
2044-02-01,11.4442,2.6922,69.2502,13.2550,220.7698,5.9469,58.3314,0.7136,11.1434,0.4568
2044-02-02,5.4164,0.5985,60.7209,16.4031,221.4487,6.3105,70.6062,1.4581,11.7817,0.9630
2044-02-03,6.9846,0.0908,55.9352,20.5680,222.4099,6.8166,78.9442,2.8880,12.6629,3.4657
2044-02-04,9.8665,0.0000,48.5293,10.5066,223.8899,7.6184,83.3555,2.8704,14.0422,3.6884
2044-02-05,11.7008,0.0002,43.0309,5.7121,225.7000,8.6543,85.8200,3.1488,15.7945,4.4106
2044-02-06,13.8479,0.0056,40.9768,4.9434,227.8967,9.9075,87.2551,3.7109,17.8726,5.6298
2044-02-07,14.6878,0.0001,47.3383,5.5366,230.2445,11.0886,87.3035,3.8501,19.7939,6.2021
2044-02-08,12.9440,0.6858,67.0597,8.5880,232.2784,11.7457,83.1021,2.5219,20.8550,4.1803
2044-02-09,13.0249,0.5857,74.9526,11.6689,234.3269,12.2483,81.5264,2.4253,21.6654,4.1139
2044-02-10,12.3656,0.0151,60.0455,10.9240,236.2567,13.0125,83.3742,2.9385,22.8752,5.2138
2044-02-11,12.3637,0.1385,61.2224,6.5059,238.1861,13.7541,83.9077,2.5230,24.0381,4.6094
2044-02-12,12.8797,0.8175,78.8009,5.3204,240.2085,14.1751,78.5624,1.2934,24.7055,2.0524
2044-02-13,14.9490,0.5884,65.5500,11.2142,242.6033,14.9605,81.2239,2.2885,25.9243,4.3810
2044-02-14,12.3962,3.5675,70.3206,13.2024,238.4797,10.8339,60.0712,0.7998,19.4579,0.7125
2044-02-15,12.0196,0.0001,41.9366,8.4238,240.3473,11.9160,77.0584,1.3369,21.2038,1.8425
2044-02-16,12.9003,1.2444,64.9311,9.8687,242.3733,12.6134,74.5973,1.2326,22.3226,1.6893
2044-02-17,14.9168,2.3747,74.1063,14.6513,244.7624,10.5654,65.1723,1.1110,19.0726,0.9776
2044-02-18,16.3137,0.2699,72.9722,13.0085,247.4028,11.2340,75.6536,1.5322,20.1774,2.1811
2044-02-19,17.2778,0.0019,73.3628,8.8170,250.2168,11.9294,79.8659,1.7489,21.3179,2.7562
2044-02-20,18.8409,0.0187,61.7397,6.2534,253.3122,13.0131,83.3648,2.3194,23.0641,4.0939
2044-02-21,18.0090,0.1979,63.4275,6.5984,256.2578,14.0059,84.2889,2.6674,24.6444,4.9646
2044-02-22,15.4201,0.1095,70.6703,7.0172,258.7374,14.6941,84.3364,2.7418,25.7345,5.2526
2044-02-23,18.6319,0.0094,60.1852,7.1916,261.7952,15.8101,85.0916,3.0660,27.4725,6.1106
2044-02-24,18.0957,0.1038,57.6538,4.4845,264.7564,16.9648,85.5515,2.8510,29.2448,5.9316
2044-02-25,18.9852,0.0000,52.0028,5.1370,267.8777,18.3342,86.4856,3.3592,31.3109,7.2179
2044-02-26,19.1035,0.0000,55.2848,8.3773,271.0204,19.6175,86.5338,3.9821,33.2230,8.6975
2044-02-27,15.2485,0.0426,67.3550,10.8577,273.4691,20.3756,85.5315,3.9198,34.3524,8.7507
2044-02-28,16.2460,0.2051,64.8409,7.2397,276.0974,21.2419,85.5794,3.2884,35.6306,7.6658
2044-02-29,16.8774,0.1046,61.3988,6.3850,278.8393,22.2277,85.6273,3.1709,37.0681,7.6033
2044-03-01,17.5088,0.0040,57.9567,5.5304,281.6949,23.5613,85.6752,3.0576,38.9732,7.5918
2044-03-02,18.7246,0.0000,52.6916,5.6279,284.7693,25.1600,86.4134,3.4084,41.2162,8.6466
2044-03-03,17.9972,0.0090,57.3561,10.7221,287.7128,26.5482,86.4616,4.4360,43.1438,11.0854
2044-03-04,16.3518,0.4082,70.6566,11.3411,290.3601,27.4211,85.1479,3.8085,44.3673,9.9320
2044-03-05,15.6542,2.1813,60.6229,9.2991,292.8819,24.9160,72.2704,1.0806,41.0925,2.6070
2044-03-06,12.4874,6.7518,76.0370,13.0717,277.4732,14.6316,46.3341,0.1942,25.8548,0.2077
2044-03-07,9.6651,0.3029,57.7965,15.1337,278.9169,15.4060,67.5629,1.2404,27.0735,2.1122
2044-03-08,8.0858,1.8280,56.7267,10.1693,280.0764,14.4935,66.0944,0.9180,25.6665,0.9771
2044-03-09,8.7701,0.1234,54.5437,12.3564,281.3590,15.2583,76.9553,1.6176,26.8732,3.0233
2044-03-10,14.4539,0.0059,50.1190,9.1937,283.6647,16.5808,83.2998,2.6672,28.9336,5.5205
2044-03-11,17.6497,0.0499,59.1275,7.4139,286.5456,17.8871,84.7550,2.9606,30.9450,6.3749
2044-03-12,17.8189,0.0005,59.0483,6.9898,289.4570,19.2078,85.2655,3.1088,32.9494,6.9404
2044-03-13,15.5532,0.0298,63.8537,9.6183,291.9606,20.2339,85.3133,3.5726,34.4918,8.0897
2044-03-14,18.4797,0.0120,53.6456,10.6034,294.9910,21.7810,86.2072,4.2540,36.7739,9.7647
2044-03-15,19.5625,0.0124,46.0226,9.6685,298.2162,23.6821,87.5947,4.9426,39.5186,11.5154
2044-03-16,18.6583,0.0661,49.3441,11.6142,301.2787,25.3882,87.6433,5.4897,41.9408,12.9461
2044-03-17,18.4849,0.0463,52.0514,9.5470,304.3100,26.9890,87.6919,4.9812,44.1818,12.3377
2044-03-18,16.5542,1.5655,67.1791,8.8529,306.9937,26.9895,76.1600,1.2831,44.2528,3.4510
2044-03-19,18.1875,0.7145,56.0517,6.0752,309.9715,28.4344,81.1308,1.7476,46.2600,4.9973
2044-03-20,19.0888,0.0000,50.4072,5.9097,313.1115,30.1411,85.3765,2.9897,48.5889,8.5342
2044-03-21,19.4281,0.0000,49.7696,5.7817,316.3125,31.8988,86.7871,3.6216,50.9518,10.3362
2044-03-22,20.1212,0.0001,48.2292,5.0883,319.6383,33.7715,87.4726,3.8560,53.4301,11.1918
2044-03-23,20.5234,0.0016,45.2213,10.5521,323.0365,35.7906,88.1441,5.5906,56.0548,15.4047
2044-03-24,16.9530,0.0016,49.0724,20.5708,325.7921,37.3578,88.1929,9.3271,58.0690,22.8439
2044-03-25,14.0466,0.0034,50.4811,17.3779,328.0245,38.6363,87.9631,7.6837,59.6948,20.1723
2044-03-26,13.0966,0.0142,46.8207,15.9797,330.0859,39.9232,88.0118,7.2111,61.3086,19.5366
2044-03-27,14.8179,0.0039,40.4262,14.4874,332.4571,41.5397,88.1971,6.8688,63.3049,19.1791
2044-03-28,15.8595,0.0000,40.3678,13.9453,335.0158,43.2636,88.3822,6.8636,65.4098,19.5044
2044-03-29,16.1000,0.0002,42.9280,11.5412,337.6178,44.9369,88.4310,6.1232,67.4349,18.2353
2044-03-30,18.1142,0.0000,34.0177,9.8094,340.5823,47.0980,89.6620,6.6959,69.9969,19.8599
2044-03-31,18.9295,0.0000,31.1596,8.4996,343.6936,49.4484,90.4990,7.0664,72.7351,21.0713
2044-04-01,19.4332,0.0000,33.7809,6.5358,348.1456,52.7447,90.5485,6.4460,76.5106,20.2589
2044-04-02,18.5731,1.1549,52.2777,7.5055,352.4428,55.0207,83.1443,2.4010,79.1505,9.5819
2044-04-03,18.2454,0.0070,48.9108,11.4053,356.6809,57.4168,86.2456,4.4535,81.8814,15.9909
2044-04-04,14.5823,0.2260,56.6489,11.0160,360.2598,59.0650,86.2937,4.3967,83.7874,16.0439
2044-04-05,14.6201,0.0136,37.3893,13.4264,363.8454,61.4511,88.1485,6.4660,86.4149,21.6575
2044-04-06,17.1659,0.0005,39.7977,8.7920,367.8892,64.1170,88.6051,5.4660,89.3176,19.5273
2044-04-07,20.4269,0.0000,42.8419,6.9981,372.5201,67.1000,88.7120,5.0707,92.5318,18.8377
2044-04-08,21.5658,0.0662,43.9766,5.2991,377.3559,70.1784,88.7609,4.6875,95.8109,18.1109
2044-04-09,16.9616,1.8241,55.0604,7.8925,381.3630,66.3990,77.0545,1.3012,92.5245,6.1387
2044-04-10,18.7006,0.0218,49.7159,8.0704,385.6831,68.8128,84.3240,2.8864,95.1738,12.4488
2044-04-11,20.7701,0.0735,44.9742,7.8067,390.3757,71.7303,87.4394,4.4012,98.3033,17.5204
2044-04-12,21.4511,0.2968,43.6580,8.0264,395.1909,74.8105,88.4721,5.1597,101.5581,20.0184
2044-04-13,18.0373,4.6601,61.6586,12.7830,385.8871,51.5604,65.1529,1.0104,77.2998,4.1530
2044-04-14,17.8445,0.0387,46.7541,10.8083,390.0531,54.0059,81.2011,2.2363,80.2379,9.0916
2044-04-15,20.9903,0.0182,42.9134,8.3778,394.7854,57.0631,87.0678,4.2959,83.8328,15.7696
2044-04-16,22.2640,0.1636,41.7130,5.1700,399.7469,60.3646,88.7454,4.6468,87.6425,17.1489
2044-04-17,23.4241,0.0000,38.7680,4.9915,404.9172,64.0051,89.7319,5.3055,91.7521,19.3839
2044-04-18,23.6189,0.0000,36.1575,8.5776,410.1226,67.8309,90.3881,6.9826,95.9772,24.1404
2044-04-19,22.4698,0.0591,45.8016,7.0589,415.1212,70.9279,90.1642,6.2643,99.3978,22.7567
2044-04-20,22.3004,0.4181,48.3159,6.4638,420.0893,73.8599,89.7571,5.7347,102.6154,21.7101
2044-04-21,23.5559,0.0099,39.0838,6.4680,425.2833,77.5011,89.9199,5.8714,106.4879,22.4750
2044-04-22,24.3520,0.0563,34.0811,8.8227,430.6207,81.5686,90.8726,7.5759,110.7101,27.3331
2044-04-23,20.1901,1.5155,57.0093,11.5934,435.2089,81.2517,81.1292,2.3074,110.7922,11.3049
2044-04-24,19.3405,1.8156,56.9257,8.4269,439.6442,76.2744,76.0987,1.2508,106.4001,6.4864
2044-04-25,18.4016,3.2041,62.3065,7.1895,435.7842,59.4236,64.9230,0.7553,88.6323,3.3469
2044-04-26,22.0832,0.2851,45.9087,7.1038,440.7132,62.4637,82.3883,2.1384,92.2427,9.5565
2044-04-27,23.6887,0.1442,43.3024,7.0466,445.9312,65.8710,87.7842,4.4499,96.2119,17.4652
2044-04-28,21.7708,0.0675,41.2639,13.2882,450.8039,69.1277,88.9895,7.2448,99.9418,25.2691
2044-04-29,23.3155,0.0058,36.6909,11.9123,455.9547,72.8750,90.1500,7.9836,104.1388,27.5554
2044-04-30,23.6870,0.0000,37.8525,9.7469,461.1724,76.6095,90.2022,7.2120,108.2593,26.1570
2044-05-01,26.1589,0.0000,34.2418,4.8592,468.2850,81.3286,91.1374,6.4429,113.4145,24.6962
2044-05-02,28.7216,0.0038,31.2177,6.1428,475.8589,86.7287,92.2121,8.0046,119.1620,29.2831
2044-05-03,25.5899,0.6668,42.7087,13.1414,482.8690,90.7543,89.3618,7.5862,123.4861,28.6384
2044-05-04,19.1664,1.0123,63.2456,14.6719,488.7230,92.7153,82.7753,3.2867,125.7776,15.8440
2044-05-05,15.9356,0.6253,64.1840,14.8320,493.9954,94.3216,82.9046,3.3682,127.6911,16.2424
2044-05-06,19.2411,0.0100,33.4005,15.9575,499.8628,97.8881,88.9409,8.2302,131.4309,30.9752
2044-05-07,19.5227,0.0462,31.9307,11.2354,505.7809,101.5837,90.3316,7.9190,135.2544,30.4839
2044-05-08,22.9160,0.0170,32.4385,10.5569,512.3098,105.8554,91.0087,8.4296,139.5994,32.1240
2044-05-09,21.7320,0.7886,42.5985,10.2211,518.6255,109.3057,87.9017,5.3104,143.1733,23.5915
2044-05-10,22.1936,0.0018,32.1965,8.8079,525.0244,113.4637,90.4863,7.1639,147.3288,29.2698
2044-05-11,25.4334,0.0000,33.0886,11.9024,532.0064,118.1377,91.3091,9.4151,151.9308,35.4414
2044-05-12,24.2754,0.0071,44.0259,16.2305,538.7800,121.8770,90.8080,10.9029,155.7013,39.2570
2044-05-13,21.5309,6.4332,60.0048,14.8335,515.3809,69.0546,66.8311,1.1919,103.4550,6.0868
2044-05-14,18.4221,0.3747,41.1126,19.7396,521.1009,72.0811,84.0582,5.0145,107.1192,20.1295
2044-05-15,20.6548,0.0025,30.5657,13.8985,527.2227,76.0578,89.9005,8.5142,111.7961,29.7249
2044-05-16,23.0169,0.0000,29.2107,10.7760,533.7698,80.5524,91.5178,9.1633,116.9731,31.8354
2044-05-17,25.9701,0.0000,29.8646,8.0532,540.8484,85.5507,92.0880,8.6604,122.6140,31.2357
2044-05-18,27.8168,0.7805,35.8698,6.0420,548.2594,90.4328,90.3037,6.0714,128.0588,24.9118
2044-05-19,27.7825,2.1797,49.6717,5.6154,555.6643,80.4557,81.4716,1.7763,118.1452,9.4066
2044-05-20,26.9741,0.8091,52.5384,7.3157,562.9236,83.9636,85.3994,3.2194,122.3165,15.4093
2044-05-21,28.1764,0.7716,47.7979,8.5477,570.3993,87.9870,87.5172,4.6197,126.9986,20.4571
2044-05-22,29.5453,0.0000,40.5967,9.2801,578.1215,92.7796,90.3037,7.1474,132.4277,28.2270
2044-05-23,29.7713,0.0000,40.2551,10.4286,585.8843,97.6353,90.7328,8.0522,137.8431,31.0244
2044-05-24,27.6381,1.1080,46.1940,13.1432,593.2632,101.7061,87.4950,5.8051,142.3870,25.0646
2044-05-25,24.4137,0.0141,33.1843,10.5680,600.0617,106.1941,90.6750,8.0423,147.2433,31.6393
2044-05-26,25.9391,0.0000,31.2680,7.2281,607.1347,111.0867,91.7070,7.8715,152.4428,31.4931
2044-05-27,25.9718,0.0000,33.6667,9.4572,614.2136,115.8144,91.7569,8.8698,157.4214,34.3873
2044-05-28,27.6244,0.0001,30.7507,9.9402,621.5900,121.0511,92.2182,9.7010,162.8278,36.7718
2044-05-29,29.3453,0.0009,32.4938,6.8750,629.2762,126.4619,92.2683,8.3716,168.3453,33.6122
2044-05-30,31.1826,0.0209,30.7893,6.1022,637.2930,132.3440,92.8145,8.6951,174.2326,34.7091
2044-05-31,31.2830,0.0991,31.7056,7.4989,645.3280,138.1664,92.8648,9.3951,179.9913,36.7431
2044-06-01,31.5939,0.0630,31.7496,6.1588,654.4189,144.0408,92.9151,8.8438,185.8277,35.5023
2044-06-02,33.1099,0.0077,28.0006,5.7596,663.7827,150.5253,93.7087,9.6833,192.1286,37.8670
2044-06-03,33.4224,0.1291,28.9146,8.6350,673.2027,156.9859,93.7593,11.2720,198.3421,41.9591
2044-06-04,33.6128,0.0068,27.0928,7.8865,682.6570,163.6487,94.0398,11.2854,204.6494,42.1499
2044-06-05,33.9909,0.0458,23.8515,8.5275,692.1793,170.6835,94.7666,12.8851,211.1803,46.0232
2044-06-06,33.7300,0.0450,25.6030,8.1332,701.6547,177.5053,94.8175,12.7203,217.4707,45.7769
2044-06-07,33.9329,0.3130,31.0908,8.8220,711.1667,183.8608,94.7934,13.1260,223.3577,46.8027
2044-06-08,33.3110,0.0000,30.5681,9.3813,720.5666,190.1508,94.7832,13.4824,229.1351,47.6944
2044-06-09,33.0047,0.1289,30.3507,11.5208,729.9115,196.4044,94.7711,14.9922,234.8352,51.0658
2044-06-10,29.7689,2.1417,35.0346,13.1126,738.6739,132.9779,88.1078,6.3275,183.4107,28.3043
2044-06-11,29.1087,0.0412,27.2372,10.2033,747.3175,138.7647,92.7410,10.5812,189.5421,40.0326
2044-06-12,32.1183,0.0000,27.4223,7.7822,756.5027,145.1118,93.6519,10.6379,196.1569,40.3650
2044-06-13,33.8378,0.0000,30.3635,7.4574,765.9976,151.5169,93.7025,10.5390,202.7649,40.2896
2044-06-14,33.6737,0.0007,32.7310,6.9101,775.4628,157.6752,93.7531,10.3247,209.0731,39.8952
2044-06-15,32.8941,0.7688,34.7858,9.6055,784.7878,163.5115,91.8908,9.1074,215.0225,36.8723
2044-06-16,32.5178,0.0000,32.0479,9.2256,794.0449,169.5256,92.7738,10.1191,221.0616,39.5909
2044-06-17,33.6625,0.0313,31.1587,7.2982,803.5082,175.8258,93.1931,9.7381,227.3036,38.7052
2044-06-18,34.8999,0.0000,29.5082,8.4375,813.1942,182.5067,93.7422,11.1338,233.8211,42.2883
2044-06-19,33.5094,0.2383,31.1553,16.3663,822.6299,188.7794,93.7927,16.7190,239.9169,54.7182
2044-06-20,28.1838,0.0000,26.3330,18.5163,831.1069,194.4587,93.8434,18.7635,245.3832,58.8193
2044-06-21,28.6902,0.0284,22.9865,9.0642,839.6752,200.4987,94.0894,12.0579,251.1015,44.6831
2044-06-22,27.5807,0.3220,30.2890,8.6594,848.0437,205.7623,93.9008,11.5097,256.1496,43.4171
2044-06-23,29.6589,0.0298,24.8280,12.5845,856.7863,211.8496,93.9514,14.1258,261.8414,49.4740
2044-06-24,30.5756,0.0000,20.9362,11.3390,865.6939,218.4428,94.8165,14.9483,267.8913,51.3009
2044-06-25,31.6471,0.0014,20.9756,10.8824,874.7944,225.2557,95.0400,15.0627,274.0772,51.5844
2044-06-26,32.4439,0.0024,21.4077,9.3801,884.0383,232.1961,95.0910,14.0624,280.3226,49.4467
2044-06-27,32.6970,0.0000,22.2861,7.3514,893.3278,239.1108,95.1420,12.7849,286.5048,46.5937
2044-06-28,33.3809,0.1399,24.2722,6.0131,902.7403,245.9851,95.1931,12.0348,292.6273,44.8627
2044-06-29,35.3772,0.0000,22.7973,6.2730,912.5122,253.3990,95.2749,12.3306,299.1310,45.5809
2044-06-30,36.3378,0.0000,22.6380,6.0576,922.4570,261.0239,95.4653,12.5183,305.7534,46.0380
2044-07-01,37.9988,0.0000,21.0702,7.2329,933.0008,268.2717,96.0662,14.4108,312.1542,50.3228
2044-07-02,38.2974,0.0000,21.2847,7.8389,943.5983,275.5550,96.1176,14.9612,318.5489,51.5297
2044-07-03,38.5912,0.0000,24.6089,7.7952,954.2488,282.5828,96.1690,15.0322,324.7466,51.6944
2044-07-04,39.2591,0.0000,24.6886,6.8919,965.0194,289.7212,96.2204,14.4633,331.0044,50.4741
2044-07-05,38.1459,0.0000,26.1297,6.7710,975.5896,296.5299,96.2718,14.4756,336.9900,50.5096
2044-07-06,38.6630,0.0000,24.3883,6.0119,986.2530,303.5910,96.3232,14.0292,343.1266,49.5360
2044-07-07,38.9006,0.0000,23.5731,6.4783,996.9591,310.7708,96.3746,14.4628,349.3187,50.4962
2044-07-08,39.0544,0.0000,20.9959,6.5342,1007.6929,318.2213,96.4261,14.6044,355.6579,50.8110
2044-07-09,39.8364,0.0000,20.8424,6.3237,1018.5674,325.8316,96.4776,14.5508,362.0894,50.6995
2044-07-10,39.7872,0.0000,19.9975,7.8865,1029.4331,333.5139,96.6179,16.0429,368.5348,53.8811
2044-07-11,39.4201,0.0000,21.2676,6.7230,1040.2327,341.0064,96.6695,15.2343,374.8263,52.1814
2044-07-12,40.6678,0.0000,19.8858,7.2685,1051.2569,348.8652,96.7896,15.9133,381.3488,53.6184
2044-07-13,41.9000,0.0000,20.2756,8.2137,1062.5030,356.9164,96.9147,16.9714,387.9946,55.8005
2044-07-14,38.5787,0.0000,25.2903,14.3374,1073.1511,363.8784,96.7602,22.6331,393.8746,66.5116
2044-07-15,36.3138,0.0000,31.4778,9.8481,1083.3916,369.8994,95.3386,14.8935,399.1214,51.4614
2044-07-16,37.0814,0.0000,25.9974,8.1414,1093.7703,376.5353,95.3897,13.7618,404.7382,48.9789
2044-07-17,37.4395,0.0000,23.0218,7.5158,1104.2134,383.5027,95.5721,13.6701,410.5429,48.7751
2044-07-18,38.0212,0.0000,24.9305,7.3502,1114.7612,390.4000,95.6233,13.6512,416.3104,48.7341
2044-07-19,38.5507,0.0000,22.3609,10.2383,1125.4043,397.6299,95.9006,16.3954,422.2683,54.6332
2044-07-20,38.4304,0.0000,20.3096,13.0389,1136.0258,405.0283,96.3166,19.9722,428.3006,61.6688
2044-07-21,38.5511,0.0000,20.6299,9.6993,1146.6690,412.4195,96.3680,16.9962,434.3158,55.8637
2044-07-22,39.5169,0.0000,21.1354,7.0435,1157.4860,419.9425,96.4195,14.9707,440.4189,51.6365
2044-07-23,39.8907,0.0000,22.1981,6.4732,1168.3703,427.4324,96.4709,14.6478,446.5000,50.9390
2044-07-24,40.1163,0.0000,24.4929,6.7245,1179.2953,434.7414,96.5224,14.9375,452.4756,51.5664
2044-07-25,39.1213,0.0000,26.9480,7.1184,1190.0411,441.6421,96.5151,15.2220,458.1854,52.1767
2044-07-26,40.0057,0.0000,23.5982,5.6389,1200.9461,449.0178,96.5666,14.2266,464.1690,50.0194
2044-07-27,40.5427,0.0000,20.8482,9.0573,1211.9478,456.7589,96.6182,17.0183,470.3521,55.9125
2044-07-28,40.2643,0.0000,21.0858,9.0958,1222.8994,464.4252,96.6697,17.1697,476.4717,56.2191
2044-07-29,40.7850,0.0000,21.1546,6.2058,1233.9447,472.1812,96.7213,14.9460,482.6425,51.5866
2044-07-30,41.2668,0.0000,22.0678,6.7051,1245.0767,479.9355,96.7728,15.4331,488.8157,52.6278
2044-07-31,41.8161,0.0000,22.2809,5.0887,1256.3076,487.7689,96.8244,14.3246,495.0360,50.2364
2044-08-01,41.3505,0.0000,21.1474,9.9259,1266.7547,494.6793,96.8760,18.4053,500.6184,58.6733
2044-08-02,40.9586,0.0000,22.0908,10.9047,1277.1312,501.4440,96.9277,19.4699,506.1045,60.7259
2044-08-03,41.2656,0.0000,18.2028,10.0523,1287.5630,508.5982,97.2381,19.4407,511.7915,60.6705
2044-08-04,41.0257,0.0000,18.6507,8.0613,1297.9517,515.6728,97.2899,17.7066,517.4208,57.2964
2044-08-05,39.0370,0.0000,21.8307,8.8342,1307.9823,522.1500,97.3416,18.5371,522.6710,58.9310
2044-08-06,35.5777,0.0000,25.7205,13.0249,1317.3903,527.7745,96.3050,19.9270,527.7574,61.5915
2044-08-07,35.6142,0.0000,24.0545,11.0639,1326.8049,533.5308,96.3564,18.1777,533.4715,58.2282
2044-08-08,34.7309,0.1480,24.4878,10.8475,1336.0604,539.1165,96.2543,17.7346,539.0167,57.3526
2044-08-09,34.8773,0.0528,24.3339,9.7746,1345.3423,544.7365,96.2829,16.8661,544.5950,55.6058
2044-08-10,36.2441,0.0000,24.2298,8.7322,1354.8703,550.5780,96.3343,16.1144,550.3914,54.0598
2044-08-11,37.5338,0.0000,22.3626,6.6109,1364.6303,556.7702,96.3857,14.5815,556.5320,50.7994
2044-08-12,38.8015,0.0000,22.8034,4.8607,1374.6186,563.1293,96.4372,13.4435,562.8368,48.2750
2044-08-13,39.8491,0.0000,21.7370,5.9988,1384.7954,569.7455,96.4887,14.3359,569.3935,50.2625
2044-08-14,38.9306,0.0000,23.9304,6.5632,1394.8069,576.0320,96.5402,14.8520,575.6257,51.3860
2044-08-15,37.7581,0.0000,29.2690,7.2585,1404.6074,581.7061,95.9226,14.1516,581.2571,49.8570
2044-08-16,38.8192,0.0000,27.5918,6.6491,1414.5989,587.6734,95.9739,13.8194,587.1758,49.1194
2044-08-17,36.4035,0.0000,27.0733,13.7942,1424.1555,593.3197,96.0039,19.8889,592.7765,61.5205
2044-08-18,34.6689,0.0000,25.5728,12.9240,1433.3999,598.8157,96.0036,19.0350,598.2269,59.8954
2044-08-19,34.6381,0.0000,22.8462,13.4159,1442.6388,604.5081,96.0550,19.6488,603.8683,61.0668
2044-08-20,33.9416,0.0000,24.5201,12.5405,1451.7523,609.9684,96.0830,18.8722,609.2815,59.5816
2044-08-21,34.4096,0.0000,25.3432,11.6291,1460.9500,615.4414,96.0182,17.8678,614.7072,57.6174
2044-08-22,34.9614,0.0000,24.5107,10.3795,1470.2470,621.0614,96.0695,16.8943,620.2766,55.6636
2044-08-23,35.5116,0.0000,22.8985,8.6827,1479.6431,626.8889,96.1209,15.6179,626.0487,53.0205
2044-08-24,36.5269,0.0000,21.2424,8.2353,1489.2220,633.0068,96.1722,15.3761,632.1046,52.5086
2044-08-25,37.2383,0.0000,22.7883,6.7906,1498.9289,639.1179,96.2236,14.3961,638.1545,50.3946
2044-08-26,37.5161,0.0000,25.7724,8.8893,1508.6858,645.0354,96.2751,16.1133,644.0155,54.0578
2044-08-27,35.2731,0.0000,30.5033,12.6549,1518.0389,650.2540,95.2780,17.0149,649.1913,55.9085
2044-08-28,29.3726,0.0011,21.6750,18.5711,1526.3300,655.1814,95.3291,23.0850,654.0724,67.3288
2044-08-29,28.9896,0.0000,22.6585,16.8916,1534.5521,659.9858,95.3803,21.3602,658.8326,64.2454
2044-08-30,30.5834,0.0000,24.3271,12.4911,1543.0611,664.9354,95.4314,17.2318,663.7367,56.3468
2044-08-31,32.3237,0.0000,24.5704,11.3920,1551.8834,670.1402,95.4825,16.4174,668.8918,54.6874
2044-09-01,32.7149,0.0000,23.1885,11.3446,1559.4761,674.7645,95.5337,16.4927,673.4689,54.8424
2044-09-02,33.6117,0.0000,21.6719,9.1021,1567.2302,679.6051,95.5849,14.8334,678.2577,51.3461
2044-09-03,33.9709,0.0000,22.7116,7.6556,1575.0490,684.4309,95.6361,13.8870,683.0322,49.2705
2044-09-04,35.0987,0.0000,26.1593,9.6460,1583.0707,689.1897,95.6873,15.4593,687.7433,52.6852
2044-09-05,33.4460,0.0000,32.7784,8.5141,1590.7950,693.3241,94.5868,12.5620,691.8442,46.2518
2044-09-06,31.7324,0.0030,31.7437,12.4204,1598.2108,697.3139,94.3236,14.7497,695.8010,51.1650
2044-09-07,27.9466,0.3759,43.7721,13.7284,1604.9452,700.2217,91.7994,11.0662,698.6990,42.6636
2044-09-08,27.6312,1.0188,43.4731,10.2906,1611.6228,703.1131,88.2360,5.5906,701.5806,27.1312
2044-09-09,28.7390,0.0347,38.5240,8.0773,1618.4999,706.3790,90.5856,7.0037,704.8280,31.6153
2044-09-10,31.0033,0.0000,33.7989,7.6253,1625.7845,710.1628,92.0703,8.4545,708.5827,35.8246
2044-09-11,31.7287,0.0012,35.9538,5.6117,1633.1996,713.9061,92.1204,7.6929,712.2994,33.6583
2044-09-12,31.7013,0.0007,31.9154,8.8841,1640.6099,717.8821,92.6838,9.8215,716.2418,39.5064
2044-09-13,32.6371,0.0006,32.2612,8.7335,1648.1885,721.9507,92.8176,9.9322,720.2758,39.7943
2044-09-14,31.3765,0.0880,46.6963,10.1997,1655.5403,725.0328,91.6139,9.0232,723.3495,37.3863
2044-09-15,31.5320,0.0546,41.2788,10.2707,1662.9201,728.4443,91.6638,9.1198,726.7433,37.6473
2044-09-16,30.1830,0.0017,40.2007,10.0826,1670.0570,731.7748,91.7137,9.0980,730.0556,37.5883
2044-09-17,30.2906,0.0000,34.4246,12.1613,1677.2133,735.4396,91.9699,10.4758,733.6924,41.1871
2044-09-18,30.3033,0.0000,27.7660,13.6298,1684.3719,739.4781,93.2458,13.4968,737.6917,48.3958
2044-09-19,30.4488,0.0000,25.8923,9.1566,1691.5567,743.6406,93.7297,11.5247,741.8112,43.7856
2044-09-20,31.7419,0.0000,28.8024,6.8635,1698.9742,747.8036,93.7803,10.3395,745.9336,40.8409
2044-09-21,30.7751,0.0000,32.0469,9.1007,1706.2178,751.6599,93.8309,11.6549,749.7563,44.1007
2044-09-22,31.6047,0.0000,29.7952,7.8757,1713.6106,755.7476,93.8815,11.0346,753.8050,42.5853
2044-09-23,32.1854,0.0001,26.0100,7.5069,1721.1080,760.1323,94.0339,11.0626,758.1424,42.6546
2044-09-24,33.7074,0.0000,24.7174,7.4594,1728.8793,764.7975,94.5436,11.8411,762.7547,44.5482
2044-09-25,33.7967,0.0000,25.5153,6.0073,1736.6667,769.4251,94.5944,11.0830,767.3302,42.7049
2044-09-26,33.0051,0.0001,28.2444,6.3097,1744.3116,773.7821,94.6453,11.3321,771.6415,43.3169
2044-09-27,31.6186,0.0055,31.4684,8.4699,1751.7070,777.7741,94.3737,12.1712,775.5961,45.3340
2044-09-28,30.3901,0.0616,33.7061,8.2744,1758.8812,781.4908,93.8013,11.1337,779.2812,42.8301
2044-09-29,31.9654,0.0032,31.2247,7.2097,1766.3390,785.5395,93.8519,10.6266,783.2910,41.5677
2044-09-30,30.9488,0.6575,40.8556,9.2982,1773.6137,788.9142,90.7330,7.6065,786.6458,33.4067
2044-10-01,26.7747,0.5281,49.2912,14.8211,1779.1372,791.0559,90.0337,9.0912,788.7858,37.5700
2044-10-02,25.3767,0.0000,35.5815,14.6220,1784.4090,793.6402,90.8200,10.0713,791.3512,40.1538
2044-10-03,25.3955,0.0000,32.7356,10.0153,1789.6842,796.3406,91.4036,8.6768,794.0290,36.4404
2044-10-04,26.5608,0.0150,35.0424,7.9139,1795.1691,799.0631,91.4535,7.8604,796.7306,34.1426
2044-10-05,26.2583,0.4216,38.9428,7.5958,1800.5996,801.5941,91.5033,7.7904,799.2463,33.9407
2044-10-06,25.9345,0.0005,37.4922,10.0465,1805.9718,804.1546,91.5531,8.8769,801.7896,36.9889
2044-10-07,25.5671,0.0000,36.6861,10.5926,1811.2779,806.7128,91.6030,9.1894,804.3300,37.8344
2044-10-08,25.8873,0.0000,29.7660,11.0856,1816.6416,809.5848,92.1136,10.1267,807.1745,40.2965
2044-10-09,25.8474,0.0000,32.5303,11.0141,1821.9981,812.3396,92.1637,10.1619,809.9055,40.3868
2044-10-10,25.1756,0.0000,37.2644,11.2570,1827.2338,814.8373,92.1054,10.2027,812.3862,40.4914
2044-10-11,24.3314,0.0000,34.5409,9.1589,1832.3174,817.3597,92.1554,9.2442,814.8889,37.9813
2044-10-12,25.4522,0.0000,29.6199,9.4913,1837.6028,820.1912,92.2055,9.4670,817.6930,38.5749
2044-10-13,24.2352,0.0000,37.3771,14.5560,1842.6691,822.5952,91.9665,11.8137,820.0808,44.4826
2044-10-14,22.9170,0.0000,40.2337,7.3895,1847.4982,824.7701,91.3711,7.5664,822.2441,33.2894
2044-10-15,25.2223,0.0330,36.8002,6.8038,1852.7422,827.2907,91.4209,7.3985,824.7468,32.7957
2044-10-16,26.1665,0.0384,37.7847,5.7939,1858.1562,829.8611,91.4707,7.0814,827.2997,31.8496
2044-10-17,24.7260,0.0393,37.5149,8.9465,1863.3109,832.3062,91.5206,8.3596,829.7283,35.5593
2044-10-18,24.1071,0.3491,39.3701,8.3581,1868.3541,834.6219,91.5199,8.1145,832.0302,34.8686
2044-10-19,24.5189,0.3230,48.2816,9.0214,1873.4715,836.6295,90.3001,7.0512,834.0353,31.7588
2044-10-20,24.7724,0.4350,54.4636,10.2330,1878.6346,838.4146,89.2002,6.4018,835.8258,29.7579
2044-10-21,25.0575,1.2628,64.4093,14.6193,1883.8489,839.8252,82.6575,3.2297,837.2549,18.3712
2044-10-22,25.4964,0.3141,64.1988,16.1175,1889.1423,841.2680,85.2399,4.9068,838.7162,24.7878
2044-10-23,26.5534,0.3061,57.8697,18.9400,1894.6259,843.0332,86.8496,7.0912,840.4916,31.8792
2044-10-24,23.1536,7.5343,68.1036,19.0870,1365.8276,97.9821,65.0175,1.3808,166.1635,8.7057
2044-10-25,19.8898,0.0002,47.3117,8.2325,1370.1118,99.6578,81.4416,2.0196,168.6482,11.9946
2044-10-26,20.0506,0.0004,43.5231,9.0828,1374.4249,101.4677,86.8660,4.3253,171.3166,21.4110
2044-10-27,20.2716,0.0004,44.0735,12.9774,1378.7778,103.2788,88.1607,6.3325,173.9776,28.0411
2044-10-28,20.5222,0.0029,51.5180,14.6418,1383.1758,104.8671,88.2095,6.9348,176.3154,29.9065
2044-10-29,19.2640,0.0066,63.5760,13.5658,1387.3473,105.9910,86.8350,5.3977,177.9872,25.2300
2044-10-30,19.4070,0.0442,68.9779,7.9334,1391.5446,106.9549,85.8364,3.5298,179.4318,18.6586
2044-10-31,20.5949,0.0746,63.8253,6.3944,1395.9557,108.1441,85.8844,3.2885,181.1953,17.7432
2044-11-01,20.4976,3.6120,72.2683,11.2454,1300.9908,74.4380,65.1582,0.9353,130.2455,5.5196
2044-11-02,21.1981,1.9049,58.8166,12.8626,1304.5105,68.4250,73.6879,1.3714,120.9851,7.6009
2044-11-03,19.9251,0.0512,50.4674,6.3342,1307.8010,69.8057,83.2903,2.3065,123.1749,11.9103
2044-11-04,18.6712,1.9972,61.4548,9.3074,1310.8658,63.2901,74.3488,1.1832,112.9471,6.3855
2044-11-05,17.0228,11.2778,80.9481,12.0677,1025.4971,31.5275,41.6929,0.0871,58.5545,0.1643
2044-11-06,20.3225,3.6628,59.9323,14.0267,985.9956,23.9349,61.1591,0.8895,45.1309,2.1695
2044-11-07,18.9658,7.0268,69.9157,11.1707,895.3660,14.1109,51.9622,0.3614,27.1520,0.3993
2044-11-08,18.9169,5.4552,66.2582,9.2514,842.4448,9.1206,52.8174,0.3595,17.7605,0.3026
2044-11-09,20.3954,4.8026,72.4075,13.9540,804.1389,5.9577,55.4734,0.5882,11.6986,0.3869
2044-11-10,20.0389,1.9706,55.8536,15.2653,807.4499,5.8768,71.6904,1.4288,11.5435,0.9329
2044-11-11,18.6832,0.0430,53.9374,6.4438,810.5169,7.0849,81.6780,1.8976,13.8668,2.1329
2044-11-12,19.0075,0.0683,62.9616,10.6760,813.6422,8.0723,84.0173,3.1587,15.7539,4.4180
2044-11-13,19.7363,7.3477,79.1103,13.6493,750.1251,4.5116,52.2396,0.4220,8.8896,0.2391
2044-11-14,18.1706,0.1494,51.0828,11.5947,753.0998,5.7614,76.1266,1.4700,11.3065,0.9487
2044-11-15,16.5731,0.0006,49.0597,8.6297,755.7870,6.9550,83.6473,2.7129,13.5971,3.3796
2044-11-16,16.2968,0.0000,50.4618,8.5438,758.4244,8.0976,85.7852,3.6141,15.7741,5.0835
2044-11-17,16.9814,0.0403,56.3569,5.5760,761.1850,9.1438,85.8331,3.1330,17.7544,4.7284
2044-11-18,18.2166,1.0716,70.8910,9.7960,764.1680,9.8893,79.4621,1.7640,19.1587,2.5476
2044-11-19,21.2071,1.1136,70.5973,10.8937,767.6893,10.7588,78.2525,1.6666,20.7893,2.5290
2044-11-20,19.4987,0.1046,69.9256,9.8689,770.9031,11.5802,81.9197,2.3212,22.3220,4.0037
2044-11-21,20.0748,0.2216,72.2987,11.1799,774.2206,12.3578,82.9620,2.8226,23.7673,5.1333
2044-11-22,21.5608,1.0713,62.9594,15.1491,777.8055,13.4707,81.6652,2.9380,25.8233,5.6369
2044-11-23,17.8051,0.0028,52.0064,7.6763,780.7144,14.6736,85.1825,3.1815,28.0301,6.4088
2044-11-24,17.4310,0.0325,59.4227,8.6632,783.5560,15.6705,85.3250,3.4102,29.8487,7.1060
2044-11-25,17.7650,1.9770,77.7729,10.8733,786.4577,14.1989,70.1771,1.0882,27.1715,1.7010
2044-11-26,17.5190,6.1574,69.4763,18.4427,738.6589,8.7091,57.4632,0.8689,16.9195,0.7100
2044-11-27,12.3466,0.1448,57.0783,15.9358,740.5853,9.4743,74.7030,1.6827,18.3613,2.2960
2044-11-28,6.7074,0.4516,64.7854,19.7861,741.4967,9.8388,79.3624,2.8898,19.0458,4.5482
2044-11-29,6.1041,0.0962,59.8746,17.6593,742.2994,10.2220,81.7989,3.3877,19.7637,5.4746
2044-11-30,6.4644,0.0563,60.5134,11.7534,743.1670,10.6180,82.7348,2.8228,20.5037,4.6587
2044-12-01,7.3966,0.0023,56.3738,10.0596,744.2024,11.0393,83.6387,2.9123,21.2891,4.9313
2044-12-02,8.9604,0.0318,52.4043,6.1409,745.5193,11.5834,84.5442,2.6981,22.3006,4.6997
2044-12-03,11.9898,0.2649,50.4832,6.2100,747.3814,12.3200,85.4641,3.0725,23.6647,5.5695
2044-12-04,14.4477,3.2391,74.2661,9.6343,731.9940,8.9962,61.1895,0.7141,17.4561,0.5948
2044-12-05,10.9413,0.0579,63.4109,13.7355,733.6674,9.4969,74.1147,1.4620,18.3984,1.8430
2044-12-06,8.0444,0.0503,60.8220,14.3112,734.8194,9.9040,79.6202,2.2499,19.1623,3.4619
2044-12-07,8.0277,0.0358,59.7245,11.3066,735.9684,10.3218,82.0318,2.5297,19.9443,4.0673
2044-12-08,7.5232,0.0004,61.6760,9.2623,737.0266,10.6973,82.8076,2.5128,20.6455,4.1351
2044-12-09,11.4620,0.0007,51.9045,7.5748,738.7937,11.3839,84.5936,2.9199,21.9233,5.0396
2044-12-10,14.6936,0.0083,60.8285,6.2134,741.1426,12.0870,84.6745,2.7564,23.2269,4.9360
2044-12-11,14.0261,0.1509,69.3805,7.5089,743.3713,12.6133,84.6473,2.9315,24.2000,5.3942
2044-12-12,13.6415,0.4979,64.2115,12.2462,745.5308,13.2128,84.6949,3.7461,25.3045,7.0048
2044-12-13,11.5929,0.1383,59.1859,9.7992,747.3215,13.8015,84.7425,3.3331,26.3849,6.4479
2044-12-14,11.8634,0.0968,63.8107,7.0599,749.1609,14.3347,84.7901,2.9223,27.3605,5.8199
2044-12-15,13.7924,7.6160,83.9230,10.9910,691.3732,7.7984,42.2481,0.0910,15.1690,0.0696
2044-12-16,15.4775,3.5189,79.3325,9.0343,675.9693,5.1920,43.7782,0.1068,10.1884,0.0651
2044-12-17,15.3793,0.9384,76.2149,12.8705,678.4416,5.6374,60.5816,0.8114,11.0454,0.5169
2044-12-18,15.6619,2.2173,63.5577,13.3260,680.9647,4.7350,65.5465,1.0545,9.3082,0.6121
2044-12-19,13.9061,2.4588,63.3439,13.9302,683.1718,3.6795,64.8161,1.0562,7.2612,0.5400
2044-12-20,10.6500,0.0039,48.1505,11.3650,684.7928,4.3718,77.9845,1.6681,8.6063,0.9294
2044-12-21,11.8007,18.8855,73.9337,12.3697,554.1154,1.8997,39.1421,0.0548,3.7671,0.0210
2044-12-22,11.0202,3.1375,73.2445,23.2325,545.4437,0.9753,49.9364,0.5249,1.9420,0.1612
2044-12-23,11.7613,0.0746,75.4803,9.1801,547.2647,1.3337,64.1439,0.8083,2.6513,0.2730
2044-12-24,14.9622,0.7767,69.2004,11.3326,549.6620,1.8959,73.2641,1.2461,3.7594,0.4769
2044-12-25,12.7245,0.0012,43.5158,7.2695,551.6564,2.7833,82.2591,2.1222,5.4972,0.9518
2044-12-26,14.0599,0.0333,61.0726,11.3214,553.8911,3.4539,83.7590,3.1531,6.8018,2.5589
2044-12-27,15.6486,2.9552,68.7870,17.9477,547.2197,2.3767,67.7236,1.4370,4.7023,0.6021
2044-12-28,8.8504,0.3726,49.9399,18.4720,548.5167,2.9427,79.0826,2.6327,5.8075,1.7214
2044-12-29,6.5638,0.1337,50.3700,18.3009,549.4022,3.3749,82.8795,3.9987,6.6478,3.4070
2044-12-30,6.7422,0.0000,47.6724,13.5207,550.3198,3.8413,84.5890,3.9374,7.5508,3.5980
2044-12-31,9.4569,0.0000,44.7687,8.7774,551.7261,4.5039,85.8532,3.6918,8.8276,3.6621
2045-01-01,11.7889,0.0061,49.7561,5.4201,553.5521,5.3011,86.0232,3.1925,10.3544,3.4153
2045-01-02,12.3853,1.2637,70.0509,12.5326,555.4854,5.7983,76.8538,1.6200,11.3018,1.2347
2045-01-03,14.6698,11.6964,79.1780,22.4622,496.2252,2.7754,45.8403,0.2898,5.4743,0.1297
2045-01-04,14.4654,0.5664,51.4693,18.2562,498.5330,3.7054,72.3996,1.7054,7.2756,0.8728
2045-01-05,15.3260,0.2126,69.7933,14.2121,500.9956,4.3162,79.1786,2.1436,8.4504,1.6488
2045-01-06,16.5308,0.3165,81.8086,12.2016,503.6752,4.7111,80.0243,2.1084,9.2069,1.7381
2045-01-07,17.3192,0.2150,77.6321,12.4912,506.4966,5.2183,81.1550,2.4213,10.1745,2.3618
2045-01-08,16.7272,0.5017,77.8465,18.1651,509.2115,5.7045,81.5354,3.3682,11.0982,3.7961
2045-01-09,15.4884,3.8456,65.1203,19.4043,498.4143,3.8382,65.2757,1.4175,7.5314,0.7379
2045-01-10,13.1658,0.1102,57.5448,15.8589,500.4882,4.5838,78.1285,2.1177,8.9624,1.7071
2045-01-11,14.5149,10.2615,79.1550,20.8726,455.8219,2.1665,46.3571,0.2887,4.2821,0.1164
2045-01-12,13.0508,0.5845,46.5972,14.0555,457.8750,3.0968,71.6227,1.3411,6.0906,0.6303
2045-01-13,14.1158,0.0007,51.6936,9.2752,460.1199,4.0017,81.0394,2.0321,7.8331,1.3488
2045-01-14,15.5379,0.0023,66.4500,7.4067,462.6207,4.6889,82.7486,2.2715,9.1460,1.9640
2045-01-15,14.9119,0.0022,62.7191,9.4097,465.0088,5.4238,83.8187,2.8862,10.5402,3.0592
2045-01-16,14.2081,0.1576,77.2909,7.3990,467.2703,5.8517,83.2693,2.4270,11.3482,2.5768
2045-01-17,15.8248,1.3463,79.7234,10.6782,469.8228,6.2742,73.5538,1.2210,12.1430,0.8203
2045-01-18,13.6592,5.5526,89.3755,10.2272,451.2596,3.3017,38.7941,0.0459,6.4847,0.0222
2045-01-19,15.0585,0.3375,73.9648,5.1131,453.6741,3.8196,57.3172,0.4389,7.4817,0.2277
2045-01-20,14.5612,0.2678,71.3996,7.9047,455.9991,4.3710,70.5105,0.9472,8.5374,0.5255
2045-01-21,13.9989,0.1521,71.6282,5.1872,458.2229,4.8984,76.5981,1.0987,9.5418,0.6463
2045-01-22,14.1654,1.0259,74.0595,8.0743,460.4767,5.3859,74.4418,1.1171,10.4658,0.6908
2045-01-23,14.8101,0.8086,73.2750,10.1858,462.8465,5.9094,76.1983,1.3757,11.4531,0.8942
2045-01-24,14.9654,0.5739,76.9534,8.2632,465.2443,6.3652,78.3186,1.4681,12.3093,0.9940
2045-01-25,15.9852,0.1986,73.9231,8.5695,467.8256,6.9137,80.7080,1.8897,13.3347,2.0450
2045-01-26,15.4664,3.8276,76.3091,15.4276,458.4035,4.4839,59.1975,0.8455,8.7538,0.4752
2045-01-27,15.9490,1.9973,67.7624,7.7555,460.9783,3.9459,62.6916,0.7034,7.7265,0.3709
2045-01-28,15.2260,0.1041,60.0442,7.7831,463.4230,4.7490,76.0209,1.2049,9.2607,0.6976
2045-01-29,13.3502,21.6201,82.7301,17.8484,372.6446,1.9917,36.0252,0.0376,3.9308,0.0147
2045-01-30,15.8979,4.0555,65.3978,9.2268,364.8704,1.2744,48.3407,0.2115,2.5267,0.0703
2045-01-31,15.6799,2.5477,70.5205,16.7579,367.3967,0.8878,58.6227,0.8691,1.7649,0.2600
2045-02-01,14.0477,13.7252,75.7956,18.5273,322.5853,0.5208,41.7522,0.1220,1.0374,0.0323
2045-02-02,14.0177,0.7501,63.0310,12.3386,324.8125,1.3147,64.4191,0.9589,2.6031,0.3220
2045-02-03,14.6911,1.1211,73.7156,12.9127,327.1608,1.9043,69.7826,1.1908,3.7540,0.4555
2045-02-04,13.9475,23.0521,86.8056,18.7376,256.7201,0.5251,31.4355,0.0130,1.0448,0.0034
2045-02-05,13.2016,6.9032,75.7291,11.1425,242.4600,0.4931,35.5294,0.0240,0.9812,0.0063
2045-02-06,13.6462,2.7754,67.6697,8.7448,244.6203,0.6772,48.2840,0.2049,1.3451,0.0573
2045-02-07,13.0043,1.6913,67.1270,13.9494,246.6650,0.8347,60.8560,0.8707,1.6553,0.2561
2045-02-08,10.1450,0.3450,65.0561,8.0455,248.1951,1.3928,72.2116,1.0122,2.7471,0.3460
2045-02-09,8.8824,14.2180,87.5991,16.8235,212.6899,0.1758,29.6287,0.0073,0.3510,0.0016
2045-02-10,6.2544,3.6530,75.1676,17.7829,207.6599,0.2594,37.6883,0.0537,0.5172,0.0127
2045-02-11,4.8916,0.8217,73.2347,14.2893,208.2443,0.4872,52.7778,0.4615,0.9688,0.1205
2045-02-12,5.5237,2.1599,76.7095,15.3714,208.9426,0.2191,51.8778,0.4425,0.4371,0.1027
2045-02-13,4.8699,0.2902,73.3468,13.7638,209.5232,0.4452,64.1905,1.0204,0.8856,0.2620
2045-02-14,5.9023,0.1728,71.4652,11.1503,210.2896,0.7290,72.0336,1.1758,1.4455,0.3343
2045-02-15,8.3454,0.0315,59.8091,7.8519,211.4958,1.2682,78.2934,1.4348,2.4990,0.4754
2045-02-16,8.0126,4.9171,75.4992,14.0699,203.3609,0.3597,49.3908,0.3092,0.7162,0.0766
2045-02-17,8.7167,2.9811,86.0889,16.3768,200.7116,0.1940,42.5923,0.1267,0.3870,0.0290
2045-02-18,9.9574,2.1600,83.8172,14.3209,202.2080,0.2542,45.4551,0.1815,0.5068,0.0428
2045-02-19,8.9832,1.7884,88.6243,19.6711,203.5289,0.1629,46.4670,0.2761,0.3252,0.0622
2045-02-20,10.7579,0.1942,64.3209,13.8810,205.1694,0.7639,66.3420,1.1167,1.5138,0.3211
2045-02-21,11.3928,0.0214,59.9583,8.0130,206.9241,1.4745,76.3790,1.2480,2.8974,0.4343
2045-02-22,15.7768,0.0689,65.8510,5.4251,209.4679,2.2932,80.7691,1.6237,4.4642,0.6657
2045-02-23,16.0583,0.0070,67.0342,6.8688,212.0624,3.0967,82.6169,2.1743,5.9752,1.0993
2045-02-24,18.9522,0.0112,62.8976,8.9038,215.1778,4.1535,84.2686,2.9878,7.9246,2.6349
2045-02-25,15.9200,0.2934,74.8290,11.9279,217.7474,4.7621,83.9532,3.3358,9.0304,3.2981
2045-02-26,16.3945,1.4668,76.5774,12.2484,220.4024,5.3441,74.0385,1.3515,10.0774,0.8187
2045-02-27,16.9169,0.7752,65.0950,11.7994,223.1514,6.2374,78.7961,1.8312,11.6601,1.7000
2045-02-28,12.9095,1.9478,63.7174,13.7042,225.1791,5.6525,70.9950,1.2893,10.6374,0.8044
2045-03-01,12.7739,23.6132,83.1688,17.0492,168.3736,2.5071,33.6009,0.0206,4.8343,0.0087
2045-03-02,10.8750,1.9345,62.9099,20.1161,170.0351,2.3358,55.1897,0.7824,4.5166,0.3223
2045-03-03,8.9935,0.0376,45.8644,8.7830,171.3579,3.2673,72.6073,1.0667,6.2372,0.5069
2045-03-04,12.0445,0.4329,62.9555,13.1838,173.2299,4.0973,79.5124,2.1028,7.7371,1.4426
2045-03-05,15.6133,3.1253,73.4993,16.1187,171.7456,2.9578,63.5919,1.1189,5.6714,0.5089
2045-03-06,17.2962,0.0389,57.9295,11.1193,174.5629,4.2771,78.3378,1.6982,8.0604,0.9148
2045-03-07,18.8793,0.0494,61.9970,14.2486,177.6651,5.5713,83.2696,3.4276,10.3326,3.7032
2045-03-08,19.1803,0.0609,60.8257,11.1159,180.8216,6.9256,84.8118,3.5956,12.6408,4.4183
2045-03-09,18.5364,0.1534,53.6445,5.4081,183.8622,8.4772,85.9964,3.1786,15.2021,4.3474
2045-03-10,19.6196,0.3710,61.6684,9.0076,187.0977,9.8310,86.0445,3.8365,17.3791,5.7186
2045-03-11,20.1192,0.1794,63.5420,10.2550,190.4231,11.1497,86.0925,4.1131,19.4520,6.5328
2045-03-12,21.0933,0.1296,60.4225,10.6407,193.9239,12.6470,86.1406,4.2222,21.7481,7.1442
2045-03-13,21.5886,0.5700,60.0702,10.4982,197.5139,14.1912,85.5518,3.8604,24.0606,6.9864
2045-03-14,20.4982,0.5949,68.7047,9.8218,200.9076,15.3434,83.9251,2.9887,25.7672,5.7238
2045-03-15,21.9918,0.3252,59.6690,12.6038,204.5701,16.9309,85.5709,4.3039,28.0567,8.4286
2045-03-16,16.3093,3.6809,62.8615,16.0378,201.3919,12.7573,67.0026,1.2740,22.0265,1.7667
2045-03-17,15.8737,1.6877,53.5900,11.9038,203.9532,13.0359,72.8056,1.2582,22.4797,1.7687
2045-03-18,13.6622,9.7355,70.0547,15.7824,184.3942,7.1012,48.3431,0.2944,12.9551,0.2053
2045-03-19,12.4924,7.9089,66.3396,17.3371,170.1536,4.0855,46.3584,0.2416,7.7083,0.1273
2045-03-20,10.2263,0.1287,50.5229,13.1128,171.6983,5.0407,69.0479,1.1752,9.3921,0.6855
2045-03-21,10.4485,0.9740,58.8243,7.9254,173.2830,5.8513,73.4709,1.0590,10.7916,0.6660
2045-03-22,13.8569,0.5354,56.0933,10.7696,175.4813,6.9707,80.8768,2.1513,12.6820,2.3782
2045-03-23,14.8281,1.3511,62.7910,10.7540,177.8543,7.9810,76.3806,1.4330,14.3519,1.2886
2045-03-24,15.9999,0.0223,41.0144,8.8419,180.4383,9.7003,84.8443,3.2206,17.1021,4.7508
2045-03-25,16.6488,0.0000,44.7238,7.1744,183.1391,11.3727,86.9175,3.9576,19.6887,6.3458
2045-03-26,18.7766,0.0000,50.2787,8.3602,186.2229,13.0573,87.0964,4.3096,22.2197,7.3696
2045-03-27,18.4599,0.0319,58.4117,12.3168,189.2496,14.4439,87.1448,5.2968,24.2591,9.2813
2045-03-28,16.4223,0.5907,70.8673,9.7467,191.9097,15.3141,84.7672,3.3355,25.5342,6.3226
2045-03-29,16.2101,1.9613,78.3186,14.2686,194.5315,13.9922,70.0325,1.2852,23.7193,1.9467
2045-03-30,17.1636,2.4766,69.6431,13.3401,197.3249,11.9536,65.9999,1.0733,20.7627,0.9962
2045-03-31,14.6034,3.1396,66.0576,16.3006,195.3739,9.2624,62.2682,1.0591,16.5619,0.8542
2045-04-01,12.0850,4.1110,81.0943,13.1795,191.6891,6.1723,47.0311,0.2158,11.4250,0.1401
2045-04-02,11.6521,3.2833,81.3806,11.3079,190.1415,4.2731,43.5771,0.1158,8.0916,0.0625
2045-04-03,14.7239,0.1668,58.5946,8.7561,193.7458,5.8615,67.1362,0.8867,10.8987,0.5607
2045-04-04,16.2018,0.3037,63.9354,9.6747,197.6161,7.3742,77.8826,1.5190,13.4900,1.3652
2045-04-05,18.1689,0.0012,50.7132,5.7383,201.8405,9.6766,84.0783,2.4831,17.2819,3.6039
2045-04-06,19.7024,0.0023,45.4197,5.0377,206.3409,12.4292,87.0145,3.6030,21.6049,6.1388
2045-04-07,20.1368,0.1848,48.4149,9.4383,210.9196,15.0850,87.5406,4.8479,25.5939,8.8655
2045-04-08,20.8305,0.3854,55.2770,11.0836,215.6231,17.4628,87.5891,5.3037,29.0449,10.2687
2045-04-09,20.1022,1.3089,58.4477,11.8691,220.1955,19.5986,81.3745,2.4068,32.0628,5.3400
2045-04-10,18.3325,1.5307,65.5540,12.5258,224.4493,20.5445,76.3998,1.5688,33.4374,3.4785
2045-04-11,19.5307,0.0055,56.1966,8.4116,228.9188,22.7353,83.3500,2.5809,36.4264,6.2199
2045-04-12,21.7423,0.0421,47.0402,8.2665,233.7865,25.6681,87.0933,4.2874,40.2800,10.3609
2045-04-13,21.2466,0.0000,46.8130,8.1941,238.5649,28.5495,87.9208,4.8080,43.9501,11.9577
2045-04-14,20.4253,0.2647,56.5737,11.3734,243.1954,30.8157,87.9003,5.6267,46.8047,14.0211
2045-04-15,20.5734,0.3492,57.7303,9.9868,247.8526,33.0367,87.7608,5.1433,49.5589,13.4934
2045-04-16,19.8949,0.7510,56.6129,14.0717,252.3877,35.2450,85.1262,4.3573,52.2491,12.1933
2045-04-17,18.6345,0.4131,49.1748,12.6338,256.6959,37.6766,86.7972,5.1225,55.1256,14.2724
2045-04-18,16.8205,5.3052,63.7257,17.4687,249.1282,25.4507,63.3442,1.1841,40.5461,2.9031
2045-04-19,14.2580,4.2169,61.2946,18.0636,244.5479,18.6933,60.0723,1.0218,31.3883,1.8076
2045-04-20,12.0534,6.6726,70.9342,15.6708,232.4792,11.3917,47.1970,0.2504,20.2970,0.2291
2045-04-21,12.0419,1.8499,61.2660,16.1004,235.6008,11.1815,61.5189,1.0075,19.9912,0.9131
2045-04-22,12.5379,0.6540,56.6536,12.4575,238.8116,12.6147,74.9533,1.4313,22.2863,2.1652
2045-04-23,15.5494,0.8820,53.0288,12.5055,242.5645,14.5106,80.1930,2.1792,25.2456,4.0781
2045-04-24,16.4566,3.0951,59.9486,14.2558,241.8189,12.1875,68.6037,1.2274,21.6475,1.6134
2045-04-25,16.1815,0.3417,45.8583,8.6957,245.6855,14.4558,81.5199,2.0863,25.2042,3.8817
2045-04-26,14.3566,0.2434,52.5780,10.0260,249.2237,16.2328,84.5615,3.2893,27.9194,6.5957
2045-04-27,14.8338,0.0299,53.1235,8.7824,252.8478,18.0436,85.5526,3.5410,30.6238,7.4685
2045-04-28,18.6307,2.9810,53.7242,14.4442,252.7198,15.7796,73.4950,1.4723,27.2981,2.7157
2045-04-29,17.0216,2.9896,52.6564,13.0857,252.2771,13.7569,69.6967,1.1980,24.2129,1.7655
2045-04-30,15.4287,2.1422,53.3072,9.3957,256.0083,13.3399,69.9945,1.0042,23.6048,1.0949
2045-05-01,11.8660,20.9807,88.0594,15.1466,204.4084,6.0034,27.6925,0.0038,11.1856,0.0025
2045-05-02,10.3716,6.5413,82.0964,14.2305,195.2583,3.3441,29.6678,0.0064,6.4136,0.0031
2045-05-03,14.7591,0.3897,51.8231,7.0566,200.3190,5.3555,60.3036,0.5952,10.0400,0.3599
2045-05-04,15.4753,0.5241,53.8472,6.4742,205.5085,7.3695,75.8061,1.1128,13.5264,0.7955
2045-05-05,15.7847,2.8947,65.7115,11.5266,207.0442,6.4025,65.2143,0.9508,11.8861,0.6311
2045-05-06,16.9317,4.4143,63.7999,10.7608,204.6658,5.1598,58.3436,0.6298,9.7078,0.3739
2045-05-07,15.3702,1.9166,59.6182,11.6719,209.8364,5.7389,66.7782,1.0145,10.7433,0.6364
2045-05-08,15.5667,0.4305,51.9705,11.2193,215.0424,7.8464,79.9610,1.9934,14.3809,2.3681
2045-05-09,17.3807,0.1755,44.8372,9.2518,220.5750,10.5302,85.6997,3.7009,18.8149,5.7920
2045-05-10,21.2694,0.0005,42.3672,8.6680,226.8075,13.9243,88.2569,5.1672,24.1431,9.0627
2045-05-11,18.8329,3.8846,69.9092,10.0192,225.8761,10.7366,63.8357,0.8319,19.1924,0.7348
2045-05-12,20.8993,1.1304,59.7481,10.8357,232.0420,13.0678,76.0762,1.4102,22.9101,2.1749
2045-05-13,22.3199,0.0286,56.8177,9.1510,238.4636,15.7303,83.9181,2.8867,27.0068,5.7030
2045-05-14,22.1035,0.3898,58.4298,10.6367,244.8462,18.2697,85.7271,3.9836,30.7948,8.3193
2045-05-15,22.9567,0.0710,56.5881,7.0258,251.3824,21.0191,86.4979,3.7011,34.7700,8.3849
2045-05-16,23.0055,0.5703,51.1342,12.8800,257.9274,24.1202,87.1325,5.4398,39.0994,12.3635
2045-05-17,21.6854,0.8120,53.5376,11.9156,264.2348,26.9073,85.3792,4.0478,42.8946,10.2453
2045-05-18,23.6613,0.0099,47.5940,6.7700,270.8978,30.3236,87.7634,4.3753,47.3864,11.5679
2045-05-19,24.8924,0.0551,44.1453,6.3256,277.7824,34.1456,88.9586,5.0784,52.2382,13.7584
2045-05-20,25.6592,0.0018,43.5319,8.4106,284.8051,38.1237,89.3992,6.0093,57.1293,16.4392
2045-05-21,26.4765,0.0003,38.7404,9.2861,291.9749,42.5711,90.3521,7.1993,62.3977,19.6956
2045-05-22,28.2851,0.0012,37.5124,9.7280,299.4702,47.4052,90.9677,8.0377,67.9283,22.2884
2045-05-23,29.0388,0.3719,39.2150,6.4681,307.1012,52.2282,91.0174,6.8686,73.2940,20.7294
2045-05-24,30.1661,0.0048,36.3274,8.4965,314.9350,57.4693,91.5385,8.1929,78.9305,24.4211
2045-05-25,27.2450,0.0170,32.1894,13.6034,322.2431,62.5295,91.8806,11.1240,84.2085,31.1150
2045-05-26,25.7506,0.4747,37.0549,10.0553,329.2823,66.9790,91.9306,9.3688,88.8008,28.4485
2045-05-27,20.9452,10.2632,58.4728,13.0602,304.2083,36.6085,62.3866,0.9050,56.2840,2.7713
2045-05-28,22.6884,0.8088,43.2323,10.0053,310.6963,40.1637,81.7975,2.3032,60.7081,7.8091
2045-05-29,23.0406,2.2559,50.2546,9.4731,317.2476,38.0129,78.1269,1.5348,58.5016,5.1936
2045-05-30,24.7726,1.8273,53.5747,11.5743,324.1106,38.3195,80.0302,2.0441,59.1545,6.8913
2045-05-31,26.4627,0.9590,52.6238,6.5451,331.2779,41.7573,84.1146,2.5987,63.5033,8.9304
2045-06-01,27.7437,0.3708,46.6703,10.4533,339.6758,45.8069,88.5214,5.8722,68.5149,17.8326
2045-06-02,26.2501,0.8035,47.4338,11.8095,347.8048,49.5919,87.6495,5.5490,73.1194,17.7160
2045-06-03,24.9587,2.1896,53.5394,15.8777,355.7014,46.6504,81.1437,2.8682,70.2631,10.3321
2045-06-04,23.6935,1.3972,54.4888,12.1540,363.3702,49.6210,81.7926,2.5651,73.9842,9.7142
2045-06-05,23.3593,1.5492,52.7997,12.3804,370.9789,51.1281,81.4790,2.4999,76.0524,9.6702
2045-06-06,25.0198,0.8117,54.0958,8.9190,378.8864,54.2847,84.7252,3.1810,79.9370,12.1469
2045-06-07,25.3954,3.4747,61.5594,6.1332,378.7521,43.3988,70.7865,0.8742,67.4701,3.1328
2045-06-08,25.1380,6.0634,64.2489,5.9844,368.0305,28.9531,60.6955,0.5774,48.3893,0.9492
2045-06-09,25.4862,3.9250,62.1415,9.3057,366.3214,22.9658,66.8469,0.9026,39.7080,1.9264
2045-06-10,26.9273,0.1737,51.0618,8.5416,374.5723,26.5767,84.1290,2.8793,45.1455,7.8875
2045-06-11,25.7628,4.0419,57.3215,7.6573,372.2799,21.3779,71.7820,0.9770,37.3883,2.0468
2045-06-12,25.7816,2.1559,56.4067,10.5096,380.3246,21.4807,77.1921,1.5000,37.6458,3.6290
2045-06-13,26.5120,0.0860,52.6728,11.8791,388.5007,24.9210,86.1585,4.5055,42.9537,11.1986
2045-06-14,27.4285,0.1643,53.4721,5.1976,396.8419,28.4156,87.6396,3.9710,48.2024,10.7949
2045-06-15,30.1957,0.0061,46.4106,4.5441,405.6811,32.8308,89.3949,4.9424,54.6125,13.8093
2045-06-16,31.6307,0.0521,41.0085,5.0758,414.7786,37.9141,90.7628,6.1749,61.7232,17.4936
2045-06-17,31.0219,2.3811,45.5035,6.9009,423.7666,36.8966,84.1243,2.6491,60.6020,8.8178
2045-06-18,26.8111,4.3427,66.5502,7.6030,418.9555,27.6956,68.2566,0.8681,47.5352,2.2104
2045-06-19,26.0174,3.3734,67.5619,8.8413,418.5497,22.8689,67.6944,0.9073,40.2411,1.9726
2045-06-20,29.6159,0.0011,45.4682,6.4670,427.2846,27.2786,86.1250,3.4139,47.0481,9.3788
2045-06-21,31.2247,0.0254,42.0697,5.4040,436.3090,32.2085,90.0860,5.6989,54.3809,15.3739
2045-06-22,32.2873,0.0508,45.8307,7.8024,445.5247,36.9698,90.1756,6.5140,61.2361,18.1226
2045-06-23,33.6673,0.0000,36.3562,10.2264,454.9889,42.7952,92.0456,9.6049,69.2958,25.5192
2045-06-24,33.5762,0.0000,32.5182,8.6398,464.4366,48.9556,92.8713,9.9601,77.4907,27.6938
2045-06-25,33.9043,0.0000,31.9362,6.6782,473.9434,55.2280,93.0941,9.3087,85.5372,27.7923
2045-06-26,34.2234,0.0023,33.9487,8.2685,483.5076,61.3704,93.1444,10.1567,93.1747,30.7718
2045-06-27,30.8168,0.2773,45.1644,11.2218,492.4586,65.9780,91.8136,9.7728,98.8478,30.8474
2045-06-28,31.0093,0.1744,46.3763,10.4590,501.4443,70.5110,91.4872,8.9790,104.3417,29.8777
2045-06-29,30.8283,0.1718,50.1348,11.4167,510.3974,74.7025,90.8304,8.5819,109.3818,29.6001
2045-06-30,31.4818,1.7742,46.7780,10.4360,519.4681,73.5677,86.4865,4.3879,108.6630,18.3877
2045-07-01,29.8623,0.3824,43.7427,11.5269,528.5473,77.6586,89.7439,7.3874,113.5923,27.1692
2045-07-02,30.6052,0.0000,39.2884,13.5290,537.7602,82.1792,90.9869,9.7611,118.9242,33.4297
2045-07-03,31.7940,0.0000,31.4095,9.1597,547.1871,87.4781,92.6944,9.9738,124.9980,34.5710
2045-07-04,32.3109,0.0000,34.8400,6.1635,556.7071,92.5910,92.7447,8.6369,130.7970,31.9392
2045-07-05,33.8565,0.0000,35.1167,6.4823,566.5053,97.9178,92.7949,8.8389,136.7459,32.9348
2045-07-06,34.0896,1.2076,37.7729,7.7627,576.3454,103.0605,90.4724,6.7830,142.4429,27.9113
2045-07-07,31.4020,4.2712,49.1012,8.5450,567.2165,71.0521,80.0182,1.7525,108.2154,8.8668
2045-07-08,26.6705,11.4325,70.9846,9.7399,513.9434,37.4200,58.2897,0.5960,63.3152,1.6639
2045-07-09,31.4634,0.6085,48.4271,7.8347,523.3108,41.3642,84.5094,2.9247,69.0780,10.3926
2045-07-10,31.2017,1.2065,50.8092,5.8949,532.6311,45.0959,85.7859,3.1628,74.4362,11.5896
2045-07-11,31.9204,0.9939,51.8866,7.8746,542.0807,48.8271,87.0029,4.1498,79.7058,14.9324
2045-07-12,34.6283,0.0182,43.0474,7.6568,552.0178,53.6060,90.7276,6.9974,86.2684,22.8875
2045-07-13,35.7763,0.0000,39.2260,4.8484,562.1616,58.8694,91.8949,7.1704,93.3102,24.2471
2045-07-14,36.7016,0.0003,36.1753,7.5975,572.4718,64.5357,92.7019,9.2285,100.6932,29.9374
2045-07-15,35.9144,0.0441,37.1789,7.6938,582.6404,69.9968,92.7522,9.3390,107.6590,31.1177
2045-07-16,33.1961,1.9185,45.1590,12.3708,592.3197,67.6687,87.6252,5.6883,105.2710,21.8540
2045-07-17,32.7566,0.0008,38.5493,11.5585,601.9199,72.5549,91.2972,9.2377,111.5073,31.3699
2045-07-18,32.2719,0.0006,34.8749,8.9462,611.4329,77.6591,92.1632,9.1557,117.8860,31.9189
2045-07-19,32.9139,0.1997,33.8662,7.5646,621.0614,82.9421,92.5222,8.9833,124.3629,32.1867
2045-07-20,30.0155,6.6427,53.7103,9.4351,592.5346,52.2420,74.9734,1.2304,85.6133,5.5021
2045-07-21,35.1116,0.0357,38.3942,7.6225,602.5587,57.4812,90.5870,6.8464,92.8249,23.4098
2045-07-22,35.3903,0.7381,36.9885,8.1035,612.6329,62.8813,91.7829,8.3155,100.0814,27.8087
2045-07-23,34.3511,1.3431,41.0645,7.5939,622.5201,67.7882,89.4928,5.8450,106.5657,22.4110
2045-07-24,36.5647,0.0033,32.7624,6.3743,632.8058,73.7359,93.1445,9.2321,114.2037,31.6783
2045-07-25,37.5889,0.0000,29.1367,6.7585,643.2758,80.1748,94.2581,10.9889,122.2561,36.5414
2045-07-26,38.2594,0.0099,28.3087,6.3406,653.8665,86.8018,94.5918,11.2665,130.3449,38.0212
2045-07-27,38.2147,0.0199,30.3201,6.5717,664.4491,93.2355,94.6426,11.4785,138.0449,39.2262
2045-07-28,36.4932,0.5255,35.9049,9.5015,674.7219,98.8945,93.9726,12.1288,144.7490,41.2360
2045-07-29,35.7505,0.6352,36.9712,8.8687,684.8610,104.3493,92.2927,9.2882,151.1308,35.0757
2045-07-30,35.7704,1.0229,36.0105,8.5069,695.0036,109.8903,91.6654,8.3461,157.5165,33.0308
2045-07-31,35.2546,0.6834,38.0880,8.8378,705.0535,115.1764,91.7511,8.5903,163.5569,33.9749
2045-08-01,35.9287,0.0114,36.2083,9.6440,714.5246,120.0529,92.5632,10.0334,169.0833,37.9000
2045-08-02,37.2384,0.0000,30.7692,8.4922,724.2315,125.5324,93.8562,11.3428,175.1620,41.3205
2045-08-03,38.3315,0.0000,27.7112,7.4190,734.1352,131.4171,94.7042,12.0810,181.5751,43.3000
2045-08-04,39.0866,0.0009,29.9045,9.9840,744.1748,137.2324,94.7551,13.8444,187.8581,47.4680
2045-08-05,36.9704,0.0000,30.0045,14.4518,753.8335,142.7337,94.8060,17.4616,193.7527,55.1106
2045-08-06,37.9803,0.0000,26.2812,8.7103,763.6739,148.6813,94.9756,13.3826,200.0112,46.8567
2045-08-07,39.2512,0.0000,24.9266,6.3435,773.7431,154.9352,95.4651,12.6996,206.4973,45.4947
2045-08-08,39.6916,0.0000,24.9196,7.6175,783.8916,161.2579,95.5609,13.7194,212.9821,47.9246
2045-08-09,38.4101,0.4716,31.4251,10.1436,793.8094,166.8514,95.5185,15.4920,218.7531,51.8436
2045-08-10,36.5914,0.1158,38.5476,8.1454,803.3999,171.6331,94.0225,11.4063,223.7598,42.8085
2045-08-11,35.4689,1.0280,38.2789,8.4715,812.7883,176.2928,91.2501,7.8541,228.6181,33.6220
2045-08-12,34.4083,0.3119,41.4005,8.5143,821.9858,180.5884,91.3536,7.9877,233.1310,34.0495
2045-08-13,35.4093,0.2647,34.7394,7.9315,831.3635,185.5073,92.7130,9.3997,238.1595,37.9487
2045-08-14,36.0672,0.0038,32.1087,8.6106,840.8596,190.7166,93.4087,10.7218,243.4117,41.3796
2045-08-15,36.1598,0.0890,29.6203,7.4551,850.3723,196.1303,93.9408,10.8923,248.8014,41.8513
2045-08-16,36.1497,0.0234,31.8414,8.8378,859.8833,201.3717,93.9914,11.7605,254.0227,44.0021
2045-08-17,31.7833,6.4599,43.7652,14.9478,804.8443,87.2565,82.2779,3.1320,137.2999,15.8203
2045-08-18,29.8555,0.1951,35.8734,11.0035,813.2223,91.3546,90.6505,8.1920,142.6478,31.7299
2045-08-19,31.0125,0.0000,33.8207,9.5411,821.8085,95.7420,92.0890,9.3360,148.2930,35.0104
2045-08-20,31.0964,0.0000,28.5195,13.9036,830.4099,100.4932,93.2413,13.6758,154.3033,45.2999
2045-08-21,30.8408,0.0000,24.4292,15.1463,838.9652,105.4764,94.0972,16.4002,160.5051,51.2675
2045-08-22,31.0822,0.0000,28.3465,13.0426,847.5640,110.2369,94.1480,14.8546,166.3755,48.5608
2045-08-23,32.3499,0.0000,27.4689,10.7705,856.3910,115.2456,94.1987,13.3408,172.4681,45.7006
2045-08-24,33.0015,0.0000,26.1195,11.0954,865.3353,120.4469,94.2494,13.6565,178.7076,46.6836
2045-08-25,33.3253,0.0000,24.6427,11.7239,874.3378,125.8025,94.5165,14.6251,185.0435,49.0235
2045-08-26,33.9239,0.0000,23.8159,11.3914,883.4481,131.3111,94.7966,14.9470,191.4732,49.9478
2045-08-27,34.0771,0.0000,25.3156,9.7761,892.5860,136.7348,94.8476,13.8752,197.7402,47.8705
2045-08-28,35.1524,0.0000,26.6272,6.6050,901.9174,142.2261,94.8985,11.9091,204.0206,43.6116
2045-08-29,35.9751,0.0000,26.7549,6.9475,911.3969,147.8323,94.9495,12.2014,210.3610,44.4388
2045-08-30,33.9865,0.0000,32.1098,9.6853,920.5185,152.7499,94.6523,13.4462,215.9242,47.3820
2045-08-31,31.2617,0.0289,41.9879,10.0426,929.1496,156.6256,92.5961,10.2844,220.3788,39.9974
2045-09-01,30.1465,1.7349,46.7002,10.2730,936.2800,133.8811,86.2143,4.1880,197.2493,21.4627
2045-09-02,28.1548,0.4559,49.9717,10.5916,943.0518,136.4868,88.3837,5.7976,200.4473,27.0202
2045-09-03,30.4042,0.0176,36.7190,9.2545,950.2286,140.0362,91.2300,8.1468,204.6673,34.0816
2045-09-04,30.5273,0.0000,30.9312,9.6433,957.4275,143.9253,92.5953,10.0784,209.2222,39.2791
2045-09-05,30.9185,0.0810,30.2062,11.4134,964.6968,147.9038,92.9225,11.5367,213.8434,42.9476
2045-09-06,28.9254,0.0252,31.8892,12.6848,971.6074,151.5448,92.9729,12.3870,218.0605,45.0226
2045-09-07,29.0194,0.0000,29.4590,9.2606,978.5349,155.3274,93.0232,10.4977,222.3988,40.5633
2045-09-08,29.5332,0.0000,32.2239,8.0004,985.5549,159.0238,93.0735,9.9215,226.6287,39.1680
2045-09-09,30.2115,0.0000,30.5983,9.2287,992.6969,162.8927,93.1239,10.6297,231.0161,41.0125
2045-09-10,31.0841,0.0000,28.1871,8.3058,999.9961,167.0075,93.3745,10.5082,235.6333,40.7652
2045-09-11,32.9462,0.0000,27.0809,7.6676,1007.6304,171.4274,93.9049,10.9548,240.5454,41.9266
2045-09-12,33.5361,0.0000,28.1076,7.5585,1015.3709,175.8607,93.9555,10.9716,245.4447,42.0165
2045-09-13,33.3822,0.2208,31.0579,6.0629,1023.0837,180.0931,94.0062,10.2468,250.1164,40.2469
2045-09-14,34.6713,0.0003,32.0580,4.4342,1031.0285,184.4200,94.0569,9.5060,254.8690,38.3700
2045-09-15,32.0038,0.0000,30.5767,13.9261,1038.4932,188.5116,94.1076,15.4442,259.3345,52.2910
2045-09-16,27.6995,0.0000,27.7700,18.7072,1045.1831,192.2150,94.1583,19.7899,263.3508,60.9567
2045-09-17,26.3192,0.0000,25.8891,16.2081,1051.6245,195.8328,94.2090,17.5712,267.2486,56.7035
2045-09-18,28.4978,0.0000,25.0163,11.2128,1058.4581,199.7841,94.2598,13.7572,271.4688,48.7226
2045-09-19,29.5482,0.0000,28.5277,10.0527,1065.4808,203.6840,94.3105,13.0673,275.6368,47.1913
2045-09-20,29.7419,0.0000,29.6883,12.2543,1072.5383,207.5448,94.3265,14.6326,279.7533,50.6901
2045-09-21,30.8717,0.0000,27.3292,11.2274,1079.7992,211.6812,94.3772,13.9924,284.1180,49.3098
2045-09-22,31.3013,0.0000,26.5853,8.1884,1087.1375,215.9163,94.4280,12.0901,288.5569,44.9792
2045-09-23,31.1917,0.0000,26.6502,6.5359,1094.4560,220.1332,94.4789,11.2024,292.9568,42.8578
2045-09-24,31.7466,0.0000,26.4574,8.7317,1101.8744,224.4339,94.5297,12.6010,297.4192,46.2069
2045-09-25,32.1326,0.0000,25.9374,9.9458,1109.3623,228.8159,94.5805,13.4901,301.9381,48.2536
2045-09-26,31.5179,0.0000,25.8578,9.5695,1116.7395,233.1214,94.6314,13.3297,306.3599,47.9037
2045-09-27,30.3531,0.0000,25.8689,7.9091,1123.9070,237.2726,94.6823,12.3459,310.6099,45.6467
2045-09-28,30.3204,0.0000,28.1513,6.3522,1131.0687,241.2918,94.7254,11.4822,314.7297,43.5956
2045-09-29,30.7138,0.0000,33.0692,6.9580,1138.3012,245.0828,94.0248,10.7472,318.6484,41.7938
2045-09-30,30.1683,0.0034,37.5012,6.0380,1145.4355,248.5620,93.1324,9.0617,322.2835,37.4262
2045-10-01,30.1036,0.0000,39.8643,6.5029,1151.5581,251.4052,92.5857,8.5917,325.2765,36.1475
2045-10-02,29.9526,0.0000,39.1261,5.1945,1157.6536,254.2694,92.5753,8.0317,328.2790,34.5810
2045-10-03,30.2149,0.0000,36.9536,5.7281,1163.7963,257.2608,92.6255,8.3091,331.3865,35.3682
2045-10-04,30.4008,0.0000,40.3680,6.7717,1169.9724,260.1070,92.4568,8.5524,334.3714,36.0496
2045-10-05,30.4071,0.0145,39.8893,4.8265,1176.1497,262.9767,92.5001,7.8013,337.3706,33.9303
2045-10-06,29.5135,0.0101,38.5280,6.9215,1182.1661,265.8281,92.5503,8.7313,340.3333,36.5489
2045-10-07,27.8365,0.5673,46.3300,9.6682,1187.8807,268.1812,90.7686,7.7891,342.8526,33.9003
2045-10-08,25.3666,0.4590,52.2975,10.0640,1193.1507,270.0942,89.6712,6.7913,344.9641,30.9356
2045-10-09,24.9470,0.0004,42.9137,6.6447,1198.3452,272.3472,89.7204,5.7570,347.3432,27.6547
2045-10-10,27.5778,0.0000,34.9189,5.3783,1204.0132,275.1752,91.1741,6.6482,350.2358,30.4987
2045-10-11,29.3672,0.0000,34.1928,8.1596,1210.0032,278.2131,91.8025,8.3622,353.3271,35.5367
2045-10-12,27.6396,0.0162,38.6906,11.9570,1215.6824,280.8829,91.8524,10.1976,356.0834,40.4469
2045-10-13,25.2244,0.9917,51.7063,9.4628,1220.9268,282.8091,86.3102,4.0752,358.1932,21.7255
2045-10-14,25.7713,0.0485,51.3762,11.7458,1226.2696,284.7889,87.8118,5.6611,360.3554,27.3453
2045-10-15,24.8648,0.0280,48.5107,10.6135,1231.4493,286.8146,88.3511,5.7769,362.5355,27.7284
2045-10-16,22.3391,0.0272,47.1210,14.4145,1236.1743,288.6926,88.3999,7.0456,364.5470,31.7207
2045-10-17,21.3258,0.6419,51.9300,8.7745,1240.7170,290.3260,86.6901,4.1536,366.3427,22.0258
2045-10-18,23.1093,0.5485,55.4115,7.2681,1245.5806,291.9616,86.6161,3.8098,368.1746,20.7050
2045-10-19,21.8671,6.8923,75.0274,12.6967,1089.8994,89.2920,57.6353,0.6591,148.2250,4.0982
2045-10-20,22.5485,1.4158,58.8943,8.8514,1094.6621,90.7649,73.3824,1.1053,150.3614,6.9043
2045-10-21,20.6709,1.5677,58.3470,10.9724,1099.0869,87.9763,76.6365,1.4746,146.6134,8.8386
2045-10-22,18.9069,1.2395,67.8787,10.5378,1103.1941,88.9500,76.2782,1.4077,148.0558,8.5220
2045-10-23,20.0275,0.3131,62.5103,11.5098,1107.5031,90.1501,82.6736,2.7669,149.8135,14.8370
2045-10-24,20.6463,0.7208,67.0814,11.7699,1111.9234,91.2348,82.4955,2.7415,151.4109,14.7823
2045-10-25,23.1805,3.3244,66.4425,14.7641,1072.1423,67.6885,71.3066,1.3745,116.9226,7.4773
2045-10-26,21.7413,3.2870,60.5299,15.6963,1036.9293,52.5095,70.6813,1.4106,93.2178,6.6568
2045-10-27,20.9401,0.2008,54.3713,10.6345,1041.4025,54.0333,82.6027,2.6240,95.6584,11.5661
2045-10-28,22.0953,1.0768,65.5778,10.9256,1046.0837,55.2431,80.7394,2.1353,97.6005,9.8760
2045-10-29,22.4154,1.9882,70.2616,7.6305,1050.8224,50.8365,72.6223,1.0071,90.7030,4.6907
2045-10-30,23.0550,0.2800,66.4516,4.4447,1055.6763,52.0644,80.6538,1.5259,92.6993,7.1299
2045-10-31,23.0144,0.0309,63.2096,4.9862,1060.5229,53.4086,84.0644,2.3863,94.8726,10.6517
2045-11-01,23.4415,0.0004,59.0871,6.5004,1064.4464,54.7398,85.7877,3.2616,97.0079,13.8534
2045-11-02,22.7179,0.4425,63.3248,9.0357,1068.2396,55.8979,85.8357,3.7311,98.8629,15.5218
2045-11-03,20.9630,0.0968,45.3479,10.4119,1071.7170,57.4966,87.8309,5.3076,101.3939,20.4153
2045-11-04,19.0900,0.3954,48.4273,6.1067,1074.8572,58.8771,87.8795,4.3024,103.5710,17.6969
2045-11-05,18.8771,5.8900,65.7585,12.0051,985.0069,37.2850,61.1116,0.8012,68.1233,2.8323
2045-11-06,20.1072,0.4942,56.4208,10.6124,988.3301,38.5103,78.8934,1.7405,70.1838,6.6645
2045-11-07,18.0751,1.3563,66.7987,8.2805,991.2877,39.3543,75.5825,1.2023,71.6021,4.7045
2045-11-08,19.9809,17.7212,79.7558,15.4530,762.0758,16.6256,44.8045,0.1738,31.5314,0.2122
2045-11-09,19.4770,8.6606,67.7712,15.5602,693.7789,9.3787,51.4895,0.4279,18.1442,0.3650
2045-11-10,18.6772,1.0117,60.6741,8.7208,696.8448,10.4099,70.0426,0.9721,20.0702,0.8832
2045-11-11,19.1164,0.1419,72.5813,8.8374,699.9897,11.1448,78.0660,1.4788,21.4363,2.1906
2045-11-12,20.6930,0.6323,74.4656,8.8570,703.4185,11.8825,80.1519,1.8054,22.8021,3.0328
2045-11-13,19.5173,6.0811,81.6980,10.4459,665.6526,7.0304,49.8202,0.2717,13.6992,0.1957
2045-11-14,17.9981,18.5611,91.6403,12.3043,543.4372,3.0411,22.4114,0.0006,5.9983,0.0003
2045-11-15,18.1002,21.7918,91.9713,11.3581,434.7402,1.0335,16.1868,0.0000,2.0548,0.0000
2045-11-16,18.3723,10.4352,78.3876,9.5218,396.7842,0.5580,32.3280,0.0103,1.1120,0.0028
2045-11-17,19.2179,0.2033,61.1285,5.5654,399.9474,1.6050,61.6585,0.5971,3.1782,0.2147
2045-11-18,18.6477,0.5347,65.9566,6.8516,403.0080,2.4964,75.1587,1.0914,4.9166,0.4661
2045-11-19,18.0386,5.2095,74.8466,10.7285,389.8244,1.4174,54.3099,0.4494,2.8093,0.1548
2045-11-20,16.6405,1.3914,65.1492,9.4292,392.5237,2.2371,66.5659,0.8994,4.4114,0.3670
2045-11-21,15.4926,1.0003,61.8918,9.3750,395.0163,3.0754,74.1418,1.1751,6.0334,0.5499
2045-11-22,16.1011,0.4496,58.9076,9.0698,397.6185,4.0126,81.3722,2.0896,7.8276,1.4411
2045-11-23,16.8268,0.4823,66.9557,7.3257,400.3514,4.7979,82.9836,2.3308,9.3167,2.0788
2045-11-24,17.7091,1.8793,72.3689,11.7183,403.2430,4.3983,72.2030,1.2176,8.5631,0.6766
2045-11-25,17.2404,15.6269,80.7189,18.4538,347.4440,2.0324,42.7920,0.1456,4.0062,0.0571
2045-11-26,16.0606,19.3316,77.7975,20.3781,286.1047,0.8235,38.8965,0.0782,1.6353,0.0229
2045-11-27,16.1787,0.3732,59.5707,15.1656,288.7209,1.7497,67.8673,1.2549,3.4471,0.4648
2045-11-28,16.5308,5.6278,82.2208,11.0991,277.8530,0.7207,45.6264,0.1583,1.4322,0.0449
2045-11-29,17.8504,12.3794,83.4470,13.1735,246.7533,0.4159,34.3804,0.0204,0.8283,0.0052
2045-11-30,15.7556,4.5008,68.5088,12.9931,240.3983,0.7037,47.6479,0.2329,1.3972,0.0657
2045-12-01,14.5736,1.0124,65.8346,13.3188,242.7256,1.3123,65.7042,1.0604,2.5895,0.3554
2045-12-02,13.9189,0.2174,56.3191,12.1189,244.9350,2.0578,78.2968,1.7795,4.0309,0.7000
2045-12-03,14.3326,0.0147,51.1701,5.4144,247.2188,2.9142,83.2898,2.2019,5.6615,1.0153
2045-12-04,15.9999,0.0797,60.0883,7.2768,249.8028,3.6897,84.4205,2.8096,7.1167,2.2412
2045-12-05,16.0172,0.6542,75.8134,12.4108,252.3899,4.1602,81.5817,2.5342,7.9911,2.0919
2045-12-06,16.4464,13.5384,88.4456,11.7891,219.7818,1.6990,33.6030,0.0158,3.3336,0.0058
2045-12-07,17.0010,5.2623,78.8577,10.7914,212.1197,0.7243,39.4721,0.0540,1.4364,0.0153
2045-12-08,15.8769,0.3371,70.1112,10.6648,214.6816,1.3010,62.7389,0.8164,2.5631,0.2727
2045-12-09,16.1379,0.1303,71.4225,5.8799,217.2904,1.8608,73.3723,0.9511,3.6436,0.3597
2045-12-10,16.9286,2.6512,78.5585,9.8604,220.0415,1.1259,60.6575,0.7004,2.2234,0.2238
2045-12-11,15.8446,18.6144,86.4986,15.8761,176.9218,0.2600,31.4839,0.0114,0.5181,0.0027
2045-12-12,14.9552,4.2134,71.4966,10.7879,172.5523,0.5200,43.5059,0.1115,1.0323,0.0295
2045-12-13,13.0911,0.0754,61.6254,13.7090,174.6127,1.1389,66.9077,1.1292,2.2413,0.3617
2045-12-14,10.7158,0.4710,70.0921,9.8284,176.2455,1.5405,74.9355,1.2525,3.0151,0.4420
2045-12-15,13.0575,12.9397,87.5819,12.9746,150.3378,0.2829,32.0309,0.0114,0.5631,0.0027
2045-12-16,15.9361,2.1340,78.4015,10.3087,152.9103,0.4181,46.3442,0.1692,0.8306,0.0430
2045-12-17,17.8361,7.4926,71.2884,13.8036,141.7958,0.6178,47.8276,0.2487,1.2224,0.0680
2045-12-18,14.1917,10.0552,76.4363,17.7009,124.6767,0.4095,40.8835,0.1000,0.8123,0.0253
2045-12-19,14.8530,1.8963,71.9930,16.3543,127.0542,0.5077,57.0664,0.7583,1.0054,0.1993
2045-12-20,14.8676,10.7518,73.0822,19.9958,109.2522,0.4884,46.2469,0.2718,0.9661,0.0709
2045-12-21,12.9620,0.1775,55.8964,12.8482,111.2894,1.1932,69.4507,1.1745,2.3241,0.3804
2045-12-22,14.5850,0.2654,71.0082,8.7168,113.6187,1.7100,76.8999,1.3411,3.2959,0.4886
2045-12-23,17.6190,0.2836,70.4135,18.5624,116.4941,2.3394,81.4263,3.3927,4.4550,2.1647
2045-12-24,15.8015,1.1332,61.9291,17.2665,119.0424,3.0706,79.4607,2.5700,5.7691,1.6354
2045-12-25,15.1486,0.3298,72.2861,15.4262,121.4731,3.5823,81.5173,2.9278,6.6727,2.2745
2045-12-26,16.9341,0.2508,69.8434,12.9330,124.2253,4.2003,82.7957,3.0187,7.7459,2.6307
2045-12-27,17.4977,0.2364,73.2095,10.2289,127.0788,4.7665,82.8674,2.6583,8.7158,2.3992
2045-12-28,17.0057,0.2049,74.4281,15.4936,129.8439,5.2927,82.9144,3.4867,9.6064,3.6101
2045-12-29,16.0736,4.7699,67.2161,19.9959,125.1841,3.2538,62.7761,1.3089,6.1106,0.6161
2045-12-30,13.2092,2.4262,59.5187,14.7775,127.2658,2.5200,65.0508,1.1128,4.8022,0.4704
2045-12-31,11.2081,10.9895,80.7563,13.0749,108.2873,0.8979,35.9432,0.0291,1.7593,0.0087
