,tasmax_c,pr_mm,hurs_noon,wind_kmh,dc,dmc,ffmc,isi,bui,fwi
2026-01-01,17.0080,0.0749,67.4623,5.4886,225.5639,2.1396,79.1359,1.3755,4.1801,0.5490
2026-01-02,17.2638,0.0961,63.3334,10.1887,228.3754,2.9685,82.8290,2.6400,5.7502,1.7159
2026-01-03,19.0179,0.0720,54.3758,5.5364,231.5027,4.0985,85.3397,2.9191,7.8496,2.5365
2026-01-04,17.7264,0.1208,54.6451,8.8403,234.3974,5.1497,85.9782,3.7691,9.7632,3.9801
2026-01-05,16.5115,0.0736,58.3138,10.2603,237.0735,6.0535,86.0263,4.0760,11.3806,4.7347
2026-01-06,14.2788,0.0000,66.3921,6.5813,239.3477,6.6898,85.4584,3.1280,12.5058,3.7678
2026-01-07,15.5163,0.0019,59.8309,5.2459,241.8446,7.5116,85.5062,2.9439,13.9406,3.7776
2026-01-08,14.8597,0.0211,61.6600,4.7348,244.2233,8.2649,85.5541,2.8883,15.2403,3.9230
2026-01-09,14.8072,5.2668,70.8217,8.3514,235.5051,5.0251,54.4316,0.4033,9.5412,0.2372
2026-01-10,14.5024,10.3940,78.0542,11.6202,212.5419,2.4227,38.0273,0.0422,4.7111,0.0177
2026-01-11,13.7260,9.5309,78.4551,9.9336,193.0740,0.9893,32.8261,0.0119,1.9536,0.0037
2026-01-12,10.8329,20.3829,93.8325,8.9830,147.6917,0.0906,11.2947,0.0000,0.1809,0.0000
2026-01-13,12.6385,0.9776,70.2886,6.8490,149.6706,0.5931,36.3564,0.0233,1.1746,0.0063
2026-01-14,13.3560,0.4311,62.6331,4.7900,151.7787,1.2581,58.5209,0.4721,2.4652,0.1557
2026-01-15,14.9812,0.0268,55.9368,11.4539,154.1793,2.1305,75.7939,1.4291,4.1187,0.5670
2026-01-16,14.7261,0.0000,52.5504,6.8676,156.5340,3.0550,82.3720,2.1088,5.8257,0.9710
2026-01-17,12.1926,0.0034,58.9390,8.5457,158.4327,3.7269,83.7536,2.7396,7.0398,2.1405
2026-01-18,8.1476,0.0133,72.3524,10.0068,159.6033,4.0417,83.3627,2.8016,7.6021,2.3408
2026-01-19,8.5243,0.0001,55.5204,8.2136,160.8416,4.5687,84.0949,2.8192,8.5315,2.5636
2026-01-20,10.9619,0.0000,54.2903,8.0243,162.5188,5.2474,84.7853,3.0658,9.7110,3.1198
2026-01-21,11.3033,0.0000,54.8496,4.5651,164.2574,5.9369,85.0215,2.6601,10.8898,2.8226
2026-01-22,9.3983,0.1194,74.2611,7.6454,165.6531,6.2695,83.6624,2.5868,11.4552,2.8233
2026-01-23,14.2750,0.5895,64.6923,10.8290,167.9266,6.9379,83.0815,2.8159,12.5767,3.3483
2026-01-24,14.5211,0.0523,65.0905,5.7833,170.2444,7.6092,83.5950,2.3343,13.6888,2.8206
2026-01-25,16.9693,0.0000,53.1343,6.2132,173.0028,8.6517,85.4645,3.0731,15.3805,4.2242
2026-01-26,17.0969,2.1429,54.7035,8.6654,175.7843,7.8374,74.5866,1.1595,14.1029,0.8494
2026-01-27,12.0526,1.8122,69.1506,9.6382,177.6577,7.1676,67.6918,0.9444,13.0218,0.6604
2026-01-28,13.6033,0.3274,55.4177,5.8770,179.8103,7.9746,78.0826,1.2756,14.3573,0.9444
2026-01-29,12.8208,6.5668,85.9455,9.0118,169.1260,4.2347,39.5588,0.0502,7.9705,0.0269
2026-01-30,12.9672,0.0326,55.2554,5.7883,171.1641,5.0096,63.1036,0.6499,9.3361,0.3779
2026-01-31,15.2063,0.1987,69.7110,6.4198,173.6052,5.6177,73.7941,0.9960,10.3944,0.6136
2026-02-01,13.5557,0.0408,53.9271,8.9619,175.7492,6.5768,81.3340,2.0691,12.0283,2.1478
2026-02-02,14.4095,0.0000,39.1655,6.3650,178.0469,7.9171,86.1337,3.4006,14.2500,4.4840
2026-02-03,16.4735,0.0000,39.9484,11.7833,180.7162,9.4162,87.9991,5.8261,16.6619,8.2107
2026-02-04,17.1662,0.0000,48.2356,8.7616,183.5101,10.7593,88.0478,5.0382,18.7677,7.7039
2026-02-05,17.5415,0.0000,48.6157,5.8339,186.3716,12.1200,88.0965,4.3777,20.8502,7.2047
2026-02-06,17.8351,0.0000,48.3531,7.3856,189.2859,13.5091,88.1452,4.7669,22.9275,8.2087
2026-02-07,16.4891,0.0000,56.5181,10.6163,191.9579,14.5955,87.4926,5.1093,24.5285,9.0554
2026-02-08,16.7672,0.0000,55.0445,12.2798,194.6800,15.7365,87.5387,5.5927,26.1821,10.1342
2026-02-09,17.3972,0.0000,55.1760,10.7108,197.5155,16.9143,87.5872,5.2036,27.8634,9.8755
2026-02-10,17.8869,0.0187,52.3702,5.3287,200.4391,18.1989,87.6358,3.9952,29.6644,8.1584
2026-02-11,18.5816,0.0000,51.9603,6.0556,203.4878,19.5420,87.6843,4.1731,31.5171,8.7811
2026-02-12,18.6829,0.0072,51.8199,4.4683,206.5547,20.8959,87.7329,3.8792,33.3558,8.5222
2026-02-13,17.4891,0.0089,52.1284,8.5037,209.4068,22.1600,87.7815,4.7871,35.0479,10.4821
2026-02-14,12.3376,0.0000,42.0317,11.4955,211.3316,23.2665,87.8302,5.6049,36.4897,12.1880
2026-02-15,13.4689,0.0000,40.8001,7.3810,213.4599,24.4917,87.9294,4.6206,38.0648,10.6699
2026-02-16,15.3621,0.0000,43.3725,4.8888,215.9291,25.8159,87.9781,4.1038,39.7506,9.9132
2026-02-17,18.1037,0.0000,51.5528,5.3445,218.8918,27.1374,88.0268,4.2286,41.4331,10.4116
2026-02-18,19.2120,0.0018,57.1265,4.8475,222.0540,28.3745,87.7227,3.9483,43.0094,10.0505
2026-02-19,18.0972,0.0005,53.5413,6.9055,225.0155,29.6414,87.7713,4.4103,44.5961,11.2445
2026-02-20,19.3144,0.0000,42.7388,8.0586,228.1961,31.3019,88.3819,5.1016,46.6174,12.9574
2026-02-21,17.9426,0.0004,47.7483,9.4776,231.1297,32.7153,88.4307,5.5182,48.3288,14.0567
2026-02-22,19.3988,0.0000,38.3273,8.9657,234.3255,34.5111,89.1868,5.9943,50.4476,15.3361
2026-02-23,17.1532,0.0051,43.9061,12.7913,237.1171,35.9656,89.2359,7.3201,52.1544,18.1352
2026-02-24,15.9516,0.0544,45.2091,12.7278,239.6924,37.2927,89.1392,7.1961,53.6986,18.1865
2026-02-25,16.8381,0.0004,43.4548,11.4880,242.4272,38.7335,89.1883,6.8081,55.3560,17.7406
2026-02-26,17.0447,0.0000,43.6052,10.0618,245.1993,40.1871,89.2374,6.3808,57.0135,17.1755
2026-02-27,16.6367,0.0043,44.6708,13.0748,247.8979,41.5811,89.2865,7.4795,58.5923,19.5893
2026-02-28,16.8041,0.0000,38.9188,14.3894,250.6266,43.1346,89.3356,8.0483,60.3168,20.9711
2026-03-01,17.4868,0.0000,37.5956,12.1754,253.4782,45.1117,89.3848,7.2496,62.4415,19.8028
2026-03-02,17.8784,0.0039,35.4182,10.1038,256.4004,47.2010,89.6367,6.7713,64.6488,19.1931
2026-03-03,19.3101,0.1718,35.1563,12.5902,259.5802,49.4570,89.9276,8.0020,67.0005,22.0595
2026-03-04,19.9775,0.2058,35.8783,12.1662,262.8801,51.7608,89.9769,7.8884,69.3729,22.2356
2026-03-05,17.3062,2.2459,55.3797,13.6070,265.6992,46.3779,76.2317,1.6381,64.5763,5.9412
2026-03-06,15.1274,6.8665,66.5494,13.1457,251.5341,28.0593,54.0408,0.4947,43.8810,0.7588
2026-03-07,15.1302,6.1692,68.1982,10.0162,239.9933,17.3276,47.7987,0.2047,29.3564,0.2382
2026-03-08,14.5276,4.4743,71.2027,6.5039,233.6421,11.8782,44.9937,0.1140,21.0775,0.1069
2026-03-09,14.4948,6.6981,78.3824,8.2608,221.0920,6.9124,37.0117,0.0288,12.8226,0.0200
2026-03-10,14.5560,6.6963,78.2920,7.2680,209.0085,3.9115,34.1277,0.0143,7.4734,0.0074
2026-03-11,15.9577,4.1469,66.4803,8.1890,204.4396,2.7834,46.2904,0.1509,5.3835,0.0670
2026-03-12,17.9397,0.4643,55.4704,9.6328,207.3727,4.2286,71.8367,1.0814,8.0470,0.5821
2026-03-13,12.8129,3.3268,70.5674,13.9958,204.4833,2.9283,59.1589,0.7846,5.6543,0.3564
2026-03-14,13.6546,0.0154,41.3327,12.6407,206.6451,4.4039,78.5068,1.8610,8.3622,1.1406
2026-03-15,14.9860,0.0000,38.1745,10.2362,209.0466,6.0991,85.7900,3.9385,11.3690,4.5655
2026-03-16,16.9855,0.2104,46.6623,9.5654,211.8080,7.7434,87.0288,4.5356,14.1900,5.9752
2026-03-17,16.3583,0.0640,54.1487,6.9957,214.4565,9.1080,87.0772,4.0122,16.4675,5.7849
2026-03-18,19.2793,0.0190,47.6215,7.3964,217.6307,10.9275,87.5397,4.3734,19.4176,6.9084
2026-03-19,15.7291,3.7161,65.2135,8.8540,214.0590,8.0358,63.2922,0.7652,14.6926,0.5743
2026-03-20,19.1375,0.0530,51.2681,9.5536,217.2077,9.7169,80.0430,1.8486,17.4789,2.5127
2026-03-21,18.7428,0.0033,50.3940,4.6238,220.2854,11.3947,84.8576,2.6087,20.1799,4.2395
2026-03-22,22.2338,0.1109,42.1813,9.0263,223.9915,13.6945,88.2829,5.2810,23.7577,9.1509
2026-03-23,23.9504,0.2852,41.8452,10.2935,228.0066,16.1777,89.2988,6.5129,27.4808,11.7865
2026-03-24,22.9365,0.4505,43.3195,9.0033,231.8392,18.5001,89.3479,6.1461,30.8465,11.9713
2026-03-25,23.4457,0.0000,42.5467,9.2730,235.7634,20.9040,89.3971,6.2743,34.2222,12.8729
2026-03-26,23.0553,0.0297,44.5012,12.9478,239.6174,23.1891,89.4462,7.6041,37.3434,15.6493
2026-03-27,24.7817,0.2273,35.0078,20.5249,243.7821,26.0565,90.7767,13.4767,41.1241,24.8998
2026-03-28,20.8263,2.8741,50.3111,12.7058,243.2159,22.3142,76.6874,1.6149,36.3019,3.8352
2026-03-29,18.0057,1.2852,62.3465,7.3107,246.1609,23.5405,76.1370,1.1854,37.9968,2.7425
2026-03-30,17.7465,2.7178,60.7287,9.1564,249.0593,20.0060,68.1819,0.9365,33.3207,1.6600
2026-03-31,19.0617,0.6589,52.5749,9.7251,252.1944,21.6359,80.4670,1.9508,35.6300,4.6394
2026-04-01,15.9844,2.0126,62.3901,12.8519,256.0256,20.6459,72.8112,1.3201,34.3640,2.8826
2026-04-02,15.0204,2.2784,62.0484,11.2997,259.6833,18.8600,68.1936,1.0437,31.9237,1.9116
2026-04-03,19.1475,0.0190,40.3510,4.8877,264.0838,21.7879,82.7408,1.9987,36.1248,4.8048
2026-04-04,24.1207,0.1008,30.9541,15.1212,269.3796,26.0096,90.4391,9.7810,41.9042,20.0148
2026-04-05,25.9166,0.0701,29.7836,12.0164,274.9985,30.6086,91.9731,10.4043,47.8910,22.3829
2026-04-06,18.6522,9.5695,59.5785,9.4175,254.0053,16.9836,57.7819,0.5649,29.1025,0.6535
2026-04-07,15.2695,4.1500,68.5986,12.6853,249.7108,12.4218,54.6279,0.5110,22.0957,0.4936
2026-04-08,15.7130,9.1261,69.4834,8.9932,230.9699,7.3640,43.6630,0.1046,13.6408,0.0751
2026-04-09,16.8748,8.8694,63.6029,11.6181,214.1504,4.9544,47.6096,0.2162,9.3671,0.1259
2026-04-10,16.7419,2.1830,61.8953,12.2771,218.1180,5.1293,62.4231,0.8716,9.6890,0.5169
2026-04-11,16.6439,5.6979,62.3772,12.9701,210.4897,3.9860,56.3958,0.6057,7.6116,0.3170
2026-04-12,17.0282,0.0636,44.3281,9.1314,214.5088,6.4327,77.8683,1.4762,11.9681,0.9837
2026-04-13,12.7899,10.5947,77.5080,16.8398,193.2143,3.5094,43.9720,0.1633,6.7140,0.0804
2026-04-14,13.6429,9.4224,73.1604,8.8671,176.2494,2.1590,36.8540,0.0287,4.1897,0.0115
2026-04-15,20.0718,0.1499,42.8363,12.3050,180.8163,5.0931,73.8777,1.3451,9.5161,0.7901
2026-04-16,19.5755,0.0013,41.9796,11.5136,185.2939,8.0013,85.2867,3.9162,14.4434,5.2272
2026-04-17,19.7980,0.0000,40.1967,7.8413,189.8116,11.0311,88.2122,4.9247,19.2635,7.6592
2026-04-18,22.1703,0.0033,39.1396,5.7632,194.7562,14.4646,89.3851,5.2482,24.3989,9.2380
2026-04-19,23.7883,0.0056,38.8372,7.0996,199.9921,18.1550,89.9201,6.0614,29.5937,11.5752
2026-04-20,24.9494,0.0001,38.2686,5.3665,205.4370,22.0534,90.2673,5.8377,34.7744,12.2624
2026-04-21,25.4847,0.0100,37.2596,6.7763,210.9783,26.0970,90.5686,6.5433,39.8660,14.4421
2026-04-22,26.1191,0.0440,30.2466,9.0834,216.6337,30.6999,91.9163,8.9031,45.3375,19.4602
2026-04-23,26.4635,0.0667,24.7946,7.1028,222.3511,35.7253,93.1517,9.5871,50.9751,21.7955
2026-04-24,24.5611,2.0377,43.1401,9.0556,227.7261,35.4707,83.2391,2.6280,51.0590,7.8601
2026-04-25,24.4777,0.2210,47.2068,13.2351,233.0861,38.7443,87.7324,6.0334,54.7407,16.1112
2026-04-26,19.4572,1.4597,50.0275,14.4503,237.5424,41.2348,82.2161,3.0314,57.5113,9.5782
2026-04-27,21.5417,0.0000,37.1983,5.7772,242.3739,44.6821,88.1816,4.4187,61.1714,13.4889
2026-04-28,26.0951,0.0000,31.6026,5.4078,248.0250,49.1915,91.2438,6.7245,65.7714,19.2720
2026-04-29,27.7236,0.0000,28.7796,9.1717,253.9693,54.1682,92.5321,9.7546,70.6595,26.0511
2026-04-30,26.4046,0.0029,34.4027,9.5625,259.6761,58.5422,92.5823,10.0190,74.8809,27.3281
2026-05-01,20.6887,0.7195,51.1856,13.0972,265.8041,61.3423,87.1950,5.5489,77.7986,18.3248
2026-05-02,21.1508,0.0213,34.7532,10.7706,272.0152,65.1644,89.7829,7.1511,81.5113,22.5559
2026-05-03,22.9487,0.2086,46.5226,10.4134,278.5500,68.5501,89.8322,7.0733,84.8791,22.8669
2026-05-04,26.3033,0.0001,31.6489,7.5434,285.6886,73.4812,91.5760,7.8505,89.4466,25.2800
2026-05-05,30.3426,0.0000,24.5348,7.3621,293.5542,79.7281,93.8072,10.6423,94.9715,32.0463
2026-05-06,30.0480,0.0004,22.8664,12.9893,301.3669,86.0532,94.3260,15.1837,100.4205,41.5182
2026-05-07,30.0417,0.0012,22.0359,13.4916,309.1784,92.4451,94.5362,16.0310,105.8023,43.9828
2026-05-08,28.2645,0.0003,28.2670,14.3934,316.6700,97.9906,94.3917,16.4455,110.4990,45.5261
2026-05-09,26.9127,0.0000,26.1292,7.9050,323.9183,103.4384,94.4425,11.9426,115.0378,37.6702
2026-05-10,25.1774,0.0010,25.5406,12.1416,330.8542,108.5894,94.3984,14.6950,119.2948,43.6884
2026-05-11,24.7963,0.0300,27.5388,14.4793,337.7216,113.5296,94.0282,15.7072,123.3743,46.1554
2026-05-12,22.8698,0.0113,30.7832,15.1474,344.2421,117.8974,93.2006,14.4778,127.0303,44.2880
2026-05-13,23.1950,0.0107,36.6257,14.2245,350.8212,121.9509,92.1605,11.9408,130.4958,39.5007
2026-05-14,27.2850,0.0000,27.6879,7.1778,358.1365,127.3546,92.7688,9.1207,134.8375,33.4724
2026-05-15,30.0552,0.0000,22.5165,7.7142,365.9504,133.7099,94.2856,11.5749,139.7585,39.5919
2026-05-16,31.4594,0.0000,20.3081,11.0239,374.0171,140.5409,95.1123,15.3216,144.9322,47.8715
2026-05-17,31.5086,0.0000,18.0448,10.9385,382.0927,147.5766,95.6590,16.4364,150.1608,50.5133
2026-05-18,32.3287,0.0000,15.5908,7.5155,390.3158,155.0051,96.3428,15.1736,155.5637,48.4732
2026-05-19,34.0341,0.0000,15.4319,7.5038,398.8460,162.8273,96.6748,15.8571,162.7887,50.3573
2026-05-20,34.8364,0.0295,13.4688,6.3780,407.5205,171.0139,97.2278,16.1325,170.9173,51.4142
2026-05-21,34.7795,0.0000,19.2596,8.7101,416.1848,178.6405,97.2795,18.2698,178.4900,55.9765
2026-05-22,32.8144,0.0000,22.8754,9.6850,424.4954,185.5266,96.4611,17.1982,185.3277,54.2506
2026-05-23,31.5282,0.0000,26.3336,10.9322,432.5745,191.8545,95.5366,16.1599,191.6119,52.4465
2026-05-24,27.1577,1.6627,37.3828,12.1375,439.8669,157.3862,87.7040,5.6857,166.1497,25.7797
2026-05-25,25.1229,0.6146,41.8875,14.1426,446.7930,161.3980,88.9979,7.5726,169.6167,31.4859
2026-05-26,27.1798,0.0000,34.8004,14.0361,454.0894,166.2522,91.1256,10.2135,173.6039,38.5444
2026-05-27,29.1140,0.0000,28.1807,10.4270,461.7339,171.9649,92.8722,10.9001,178.1021,40.3957
2026-05-28,32.6786,0.0000,20.3415,6.3131,470.0200,179.0488,95.1650,12.1713,183.4191,43.5790
2026-05-29,33.9500,0.0000,19.4943,9.7827,478.5350,186.4774,95.7321,15.6611,188.9135,51.3288
2026-05-30,31.7635,0.0003,22.9077,13.0428,486.6565,193.1473,95.7833,18.5861,193.9020,57.2778
2026-05-31,27.2335,0.0000,31.0107,16.9303,493.9625,198.2934,94.0237,17.7609,198.2846,55.8560
2026-06-01,25.5098,0.0000,28.6590,13.0085,501.9583,203.2912,93.8575,14.2439,203.2596,48.8284
2026-06-02,30.9406,0.0000,20.3353,8.1671,510.9316,210.0111,94.9797,13.0287,209.9385,46.3196
2026-06-03,32.2408,0.0000,20.0753,12.7205,520.1389,217.0265,95.3335,17.2010,216.9086,55.2805
2026-06-04,34.1232,0.0000,14.5843,13.2027,529.6851,224.9471,96.8294,21.5745,224.7712,63.6863
2026-06-05,36.1983,0.0010,14.0838,14.4193,539.6048,233.3835,97.3107,24.4611,233.1415,68.8727
2026-06-06,36.3381,0.0484,16.0858,13.1561,549.5496,241.6543,97.3624,23.1114,241.3458,66.6995
2026-06-07,37.2783,0.0016,16.4055,9.5572,559.6637,250.1004,97.4142,19.4115,249.7209,60.1066
2026-06-08,38.3200,0.0000,16.4246,9.4590,569.9653,258.7738,97.4660,19.4492,258.3177,60.2686
2026-06-09,39.7463,0.0000,16.1043,10.3291,580.5237,267.7955,97.5179,20.4612,267.2554,62.2404
2026-06-10,40.2197,0.0000,14.5088,11.1595,591.1672,277.0953,97.8384,22.2615,276.4635,65.5734
2026-06-11,40.3478,0.0000,12.9467,11.8084,601.8338,286.5944,98.1761,24.0498,285.8635,68.7560
2026-06-12,33.6913,0.0000,25.9406,13.9419,611.3023,293.3777,96.1332,20.3912,292.5869,62.2649
2026-06-13,34.8691,0.0000,21.1078,9.5605,620.9827,300.8484,96.1846,16.4655,299.9844,54.6384
2026-06-14,36.2928,0.0000,19.9527,9.2396,630.9194,308.7284,96.2360,16.3141,307.7830,54.3510
2026-06-15,37.0732,0.0000,19.9107,13.0040,640.9966,316.7772,96.2874,19.8589,315.7457,61.3502
2026-06-16,38.1471,0.0000,13.5261,13.2413,651.2671,325.7120,97.6980,24.2685,324.5751,69.2781
2026-06-17,37.5426,0.2746,14.2042,11.8806,661.4287,334.4403,97.7499,22.8165,333.1981,66.7741
2026-06-18,39.1700,0.1967,15.8469,12.0821,671.8833,343.3620,97.8019,23.2083,342.0097,67.4774
2026-06-19,37.8472,0.2843,15.9812,11.9415,682.0998,351.9768,97.8538,23.2034,350.5161,67.4807
2026-06-20,40.2484,0.0000,11.7459,10.4496,692.7485,361.5838,98.3958,23.1165,359.9925,67.3395
2026-06-21,41.5044,0.0000,9.9318,8.3573,703.6233,371.6861,98.9128,22.2602,369.9505,65.8336
2026-06-22,41.7536,0.0000,13.1268,8.3908,714.5430,381.4871,98.9651,22.4505,379.6105,66.1797
2026-06-23,40.4291,0.0000,18.0038,9.2404,725.2242,390.4519,98.5670,22.2443,388.4493,65.8173
2026-06-24,37.0498,0.0000,18.0427,12.3992,735.2972,398.6833,98.0387,24.3317,396.5648,69.4700
2026-06-25,36.5550,0.0000,15.9522,9.5527,745.2811,407.0152,98.0907,21.2255,404.7749,63.9846
2026-06-26,38.4264,0.0000,15.0618,9.2143,755.6018,415.8538,98.1427,21.0104,413.4789,63.5934
2026-06-27,39.0391,0.0000,14.4210,8.1214,766.0328,424.8972,98.1948,20.0213,422.3801,61.7599
2026-06-28,39.7026,0.0000,11.2194,9.0861,776.5833,434.4339,98.4312,21.6823,431.7591,64.8217
2026-06-29,37.5395,0.0000,13.8065,13.4165,786.7444,443.2019,98.4834,27.1545,440.3836,74.1872
2026-06-30,32.9283,0.0000,22.4392,14.7616,796.0755,450.1502,96.7258,23.0158,447.2294,67.2012
2026-07-01,32.6162,0.0000,22.3001,11.6398,805.6504,456.3028,96.3995,18.8218,453.3038,59.4797
2026-07-02,33.3325,0.0006,21.8781,11.7357,815.3543,462.6203,96.4510,19.0445,459.5387,59.9096
2026-07-03,35.0903,0.0000,18.7273,9.1105,825.3745,469.5281,96.5025,16.8007,466.3489,55.4698
2026-07-04,36.3271,0.0000,15.7395,9.8284,835.6174,476.9346,96.9621,18.5272,473.6439,58.9097
2026-07-05,35.3711,0.0000,18.1774,11.6801,845.6882,483.9430,97.0137,20.4800,480.5496,62.6239
2026-07-06,34.4619,0.0000,22.4165,11.9056,855.5954,490.4228,96.6791,19.8062,486.9398,61.3624
2026-07-07,34.4671,0.0000,21.1204,11.0807,865.5034,497.0117,96.7307,19.1317,493.4348,60.0792
2026-07-08,33.9257,0.0000,22.1432,12.4858,875.3141,503.4162,96.5975,20.1716,499.7490,62.0497
2026-07-09,34.6962,0.0000,21.7204,11.5523,885.2634,509.9971,96.6490,19.3783,506.2348,60.5516
2026-07-10,35.7875,0.0000,19.3283,9.2929,895.4091,516.9859,96.7006,17.4131,513.1166,56.7103
2026-07-11,37.5260,0.0000,18.2109,8.8601,905.8678,524.4055,96.7521,17.1557,520.4175,56.1924
2026-07-12,37.6939,0.0000,24.1276,10.2204,916.3567,531.3182,96.8037,18.5004,527.2272,58.8597
2026-07-13,40.5483,0.0000,20.2948,7.9016,927.3594,539.1144,96.8553,16.5744,534.8961,55.0095
2026-07-14,40.9447,0.0000,21.6975,12.3514,938.4335,546.8464,96.9070,20.8843,542.5021,63.3734
2026-07-15,35.4432,0.0000,27.5147,13.7227,948.5172,553.0673,95.9032,19.5493,548.6349,60.8777
2026-07-16,36.9118,0.0000,16.9620,8.6903,958.8654,560.4804,96.7671,17.0437,555.9214,55.9666
2026-07-17,38.2854,0.0000,11.0812,8.8507,969.4607,568.7053,98.2193,20.8381,563.9934,63.2885
2026-07-18,38.5473,0.0000,9.2623,9.6078,980.1032,577.1542,98.6617,22.9426,572.2800,67.0782
2026-07-19,38.5278,0.0000,9.3851,9.5208,990.7422,585.5876,98.7139,22.9989,580.5494,67.1773
2026-07-20,38.3073,0.0000,9.4206,9.3714,1001.3415,593.9708,98.7662,22.9829,588.7677,67.1492
2026-07-21,39.3561,0.0000,8.0129,6.9515,1012.1296,602.7108,99.0081,20.9971,597.3301,63.5813
2026-07-22,38.4673,0.0000,10.5603,10.0657,1022.7578,611.0221,99.0604,24.7327,605.4751,70.1733
2026-07-23,37.0798,0.0000,11.9958,6.9795,1033.1361,618.9132,99.0703,21.1981,613.2103,63.9495
2026-07-24,39.8078,0.0000,11.9014,6.1265,1044.0055,627.3772,99.1227,20.4450,621.5016,62.5613
2026-07-25,39.8991,0.0000,16.7264,7.0075,1054.8914,635.3956,98.7462,20.3487,629.3624,62.3819
2026-07-26,40.1702,0.0000,16.0973,7.7468,1065.8260,643.5279,98.7818,21.2195,637.3317,63.9888
2026-07-27,38.0977,0.0000,18.6443,10.4725,1076.3876,651.0173,98.1236,22.3291,644.6763,65.9915
2026-07-28,37.9913,0.0000,21.2578,7.2263,1086.9300,658.2465,97.5758,17.6348,651.7692,57.1544
2026-07-29,40.5906,0.0000,14.8777,7.6263,1097.9403,666.5811,97.8204,18.5866,659.9290,59.0283
2026-07-30,40.2784,0.0000,13.9683,9.9501,1108.8944,674.9416,97.9626,21.2920,668.1110,64.1210
2026-07-31,39.4989,0.0000,15.9858,7.9294,1119.7082,682.9523,98.0146,19.3631,675.9534,60.5239
2026-08-01,37.9825,0.0000,19.9092,11.2314,1129.5491,689.4143,97.7552,22.0975,682.2947,65.5774
2026-08-02,33.6336,0.0000,28.1398,14.3405,1138.6071,694.5672,95.6563,19.5027,687.3682,60.7896
2026-08-03,31.8260,0.0000,31.1999,13.9147,1147.3398,699.2438,94.5826,16.4814,691.9800,54.8193
2026-08-04,35.2099,0.0000,21.7949,6.9910,1156.6816,705.1061,95.4148,13.0311,697.7371,47.3366
2026-08-05,37.3791,0.0000,20.4149,10.5611,1166.4138,711.4282,96.1037,17.1287,703.9400,56.1388
2026-08-06,35.5265,0.0000,23.2902,9.4018,1175.8126,717.2285,96.1551,16.2693,709.6373,54.3815
2026-08-07,39.1749,0.0000,12.5318,6.9957,1185.8681,724.5011,98.0278,18.5055,716.7539,58.8703
2026-08-08,40.0632,0.0000,9.3539,9.0700,1196.0835,732.2042,98.8259,22.8140,724.2839,66.8517
2026-08-09,38.5163,0.0000,10.5467,9.8688,1206.0204,739.5203,98.8782,23.9136,731.4376,68.7710
2026-08-10,39.3343,0.0000,12.7359,6.4640,1216.1046,746.8047,98.9305,20.2814,738.5619,62.2566
2026-08-11,38.7958,0.0000,18.4619,9.1733,1226.0918,753.5204,98.2801,21.3494,745.1395,64.2257
2026-08-12,38.8973,0.0000,15.3400,7.8915,1236.0973,760.5110,98.3321,20.1516,751.9793,62.0140
2026-08-13,38.2867,0.0000,14.4142,8.2847,1245.9929,767.4702,98.3843,20.6961,758.7863,63.0269
2026-08-14,39.1114,0.0000,12.9176,6.0671,1256.0370,774.6993,98.4364,18.6350,765.8524,59.1224
2026-08-15,38.5286,0.0003,13.4212,8.4475,1265.9761,781.7825,98.4885,21.1541,772.7761,63.8692
2026-08-16,35.6367,0.0142,13.8745,11.2192,1275.3947,788.3144,98.4999,24.3612,779.1640,69.5403
2026-08-17,31.9929,0.0000,22.0103,12.8381,1284.1575,793.6426,96.7334,20.9110,784.3913,63.4232
2026-08-18,34.1683,0.0000,22.1137,6.9125,1293.3118,799.3135,96.6459,15.3319,789.9516,52.4146
2026-08-19,36.2392,0.0000,21.2671,10.0461,1302.8388,805.3826,96.6974,18.0791,795.8974,58.0349
2026-08-20,35.9490,0.0002,22.0861,9.9175,1312.3137,811.3420,96.7490,18.0870,801.7369,58.0505
2026-08-21,36.2340,0.0000,22.4690,8.3921,1321.8398,817.3176,96.8006,16.8650,807.5922,55.6041
2026-08-22,36.2615,0.0000,27.2846,8.2852,1331.3708,822.9263,96.0827,15.2294,813.0970,52.1964
2026-08-23,35.8605,0.0000,27.2840,10.0211,1340.8297,828.4747,95.9049,16.2264,818.5428,54.2926
2026-08-24,34.2348,0.0310,23.6710,11.3868,1349.9960,834.0427,95.9562,17.5036,824.0019,56.8925
2026-08-25,33.8366,0.0090,26.2209,9.6920,1359.0906,839.3641,95.7726,15.6758,829.2242,53.1425
2026-08-26,35.1909,0.0000,23.8035,8.3022,1368.4290,845.0728,95.8239,14.7175,834.8193,51.0953
2026-08-27,34.1040,0.0000,24.6200,10.7298,1377.5717,850.5512,95.8752,16.7487,840.1912,55.3670
2026-08-28,33.7637,0.0000,25.6222,8.4230,1386.6531,855.9045,95.8466,14.8531,845.4424,51.3886
2026-08-29,36.6875,0.0001,22.0441,7.8697,1396.2609,861.9859,95.8979,14.5454,851.3954,50.7211
2026-08-30,31.9520,0.2229,41.7224,11.7691,1405.0163,865.9625,92.8538,11.6327,855.3296,44.0469
2026-08-31,31.7606,0.0412,37.5563,10.9907,1413.7372,870.1986,92.9041,11.2644,859.5102,43.1512
2026-09-01,31.0563,0.0000,27.7280,11.0150,1421.0313,874.3362,93.4435,12.1616,863.5726,45.3113
2026-09-02,31.7692,0.0000,24.1315,9.0024,1428.4538,878.7759,94.3068,12.3873,867.9245,45.8432
2026-09-03,33.9784,0.0000,19.1737,5.2653,1436.2739,883.8237,95.7269,12.4640,872.8614,46.0230
2026-09-04,35.2084,0.0000,21.2109,8.6131,1444.3154,888.9168,95.7782,14.8574,877.8447,51.3979
2026-09-05,35.1267,0.0000,22.5351,9.9031,1452.3422,893.9130,95.8294,15.9660,882.7352,53.7510
2026-09-06,35.3957,0.0000,19.5209,9.2789,1460.4174,899.1422,95.9900,15.8118,887.8477,53.4284
2026-09-07,34.8573,0.0000,19.3071,11.0726,1468.3957,904.3079,96.0413,17.4282,892.8976,56.7416
2026-09-08,35.0882,0.0000,18.1618,12.1893,1476.4156,909.5806,96.2396,18.9377,898.0493,59.7080
2026-09-09,35.6926,0.7090,18.3442,12.8722,1484.5443,914.9294,96.0551,19.1182,903.2748,60.0553
2026-09-10,34.8775,0.5043,23.5449,10.1423,1492.5262,919.8265,95.9805,16.4938,908.0682,54.8447
2026-09-11,32.6413,2.0118,36.1150,10.3326,1500.1057,152.3272,89.1149,6.3558,242.9731,29.2908
2026-09-12,31.4696,0.0533,43.4518,6.6196,1507.4742,155.6062,90.3149,6.2607,247.3753,29.0229
2026-09-13,33.0301,0.0000,36.5745,8.1091,1515.1236,159.4602,91.8919,8.4473,252.4873,35.5000
2026-09-14,31.2908,3.0357,49.8081,11.5790,1426.3577,101.7288,83.0707,2.9203,172.6702,16.0714
2026-09-15,30.2582,0.0512,46.8445,9.3253,1433.5082,104.6964,88.8167,5.7880,177.0633,26.4538
2026-09-16,29.7022,0.0000,31.2280,8.8686,1440.5586,108.4678,92.1404,9.0907,182.5690,36.0457
2026-09-17,30.6710,0.0001,26.0607,7.6105,1447.7834,112.6501,93.6214,10.5015,188.6112,39.8078
2026-09-18,28.9785,0.0772,27.9272,10.2387,1454.7035,116.5096,93.6719,12.0732,194.1457,43.7221
2026-09-19,25.9736,0.0886,34.7470,10.7489,1461.0828,119.6549,92.9127,11.1414,198.6407,41.6541
2026-09-20,27.2706,0.0058,32.6411,7.4416,1467.6955,123.0572,92.9630,9.4979,203.4660,37.6737
2026-09-21,31.9234,0.0353,22.2056,5.8839,1475.1457,127.6310,94.6592,11.1129,209.8672,41.8500
2026-09-22,31.7873,0.0000,25.1804,7.1453,1482.5714,132.0118,94.7101,11.9254,215.9514,43.9076
2026-09-23,32.7358,0.0000,23.7277,4.2952,1490.1678,136.6064,94.7610,10.4025,222.2725,40.3234
2026-09-24,34.3455,0.0000,20.6766,4.2380,1498.0540,141.6122,95.5062,11.4854,229.0853,43.0767
2026-09-25,32.9608,0.0000,26.9735,7.5868,1505.6910,146.0405,95.4465,13.4865,235.0789,47.7878
2026-09-26,28.6589,5.1202,47.4091,11.4311,1316.5158,81.5970,78.6475,1.7733,141.2997,10.1880
2026-09-27,23.7985,8.2090,63.4385,11.2748,1102.5075,46.8292,62.3287,0.8247,84.6677,3.5657
2026-09-28,26.3987,0.0000,38.5691,9.7191,1108.9632,49.8367,85.7532,3.8175,89.6062,14.9651
2026-09-29,27.6495,0.1068,36.7787,7.3542,1115.6442,53.0727,90.3149,6.4967,94.8634,22.8101
2026-09-30,28.4992,0.0000,36.9511,5.7057,1122.4780,56.3952,91.0713,6.6607,100.2043,23.8578
2026-10-01,28.8520,0.0047,37.0077,5.2195,1128.3754,59.2540,91.2231,6.6414,104.7555,24.3243
2026-10-02,27.0515,0.3756,45.1557,7.6619,1133.9487,61.5934,91.0266,7.3040,108.4587,26.4091
2026-10-03,26.2799,0.5491,48.0613,8.9234,1139.3830,63.7481,89.7646,6.4984,111.8511,24.6918
2026-10-04,23.8977,0.2885,49.7094,12.1076,1144.3886,65.6529,89.6678,7.5242,114.8357,27.6427
2026-10-05,23.9578,0.2625,46.2364,9.9593,1149.4050,67.6942,89.7170,6.8001,118.0126,26.0826
2026-10-06,23.5983,0.0028,45.0117,9.1566,1154.3567,69.7520,89.7663,6.5768,121.1959,25.7688
2026-10-07,23.2547,0.0613,49.3372,9.1021,1159.2466,71.6216,89.6383,6.4395,124.0784,25.6357
2026-10-08,22.9813,3.4870,60.6609,11.1076,1109.9270,54.2710,72.4764,1.1931,96.7190,5.8235
2026-10-09,23.3622,0.0134,39.9333,8.0222,1114.8362,56.4974,86.1679,3.7146,100.2887,15.5879
2026-10-10,24.5943,0.0000,31.2332,12.3296,1119.9671,59.1746,90.8988,9.0739,104.5404,30.1172
2026-10-11,24.6169,0.0000,31.5709,12.3533,1125.1022,61.8410,91.5068,9.9058,108.7399,32.5136
2026-10-12,25.4101,0.0000,35.3641,11.9883,1130.3800,64.4373,91.5566,9.7943,112.7993,32.7832
2026-10-13,26.8067,0.0025,35.6948,8.7546,1135.9092,67.1564,91.6065,8.3807,117.0173,29.9838
2026-10-14,27.7539,0.0000,37.0251,7.2753,1141.6089,69.9096,91.6564,7.8339,121.2557,29.0612
2026-10-15,27.9838,0.1143,41.9747,7.7475,1147.3500,72.4667,91.6999,8.0722,125.1691,30.0279
2026-10-16,28.3677,0.1278,41.3202,11.5251,1153.1602,75.0867,91.7498,9.8340,129.1498,34.6623
2026-10-17,26.0904,1.4257,49.6664,10.6583,1158.5604,77.1604,85.1099,3.6605,132.2938,17.5330
2026-10-18,24.4382,1.4922,60.0122,8.1935,1163.6633,78.7077,80.4809,1.8086,134.6473,10.1556
2026-10-19,21.8701,0.6246,59.4898,7.0015,1168.3039,80.1177,83.6465,2.4990,136.7849,13.2734
2026-10-20,22.8495,0.1327,49.7279,3.2365,1173.1209,81.9420,86.7251,3.1578,139.5203,16.0129
2026-10-21,23.5778,0.1135,52.1991,5.1357,1178.0689,83.7293,87.3936,3.8219,142.1933,18.5827
2026-10-22,21.2622,0.1240,60.2256,8.1407,1182.6001,85.0770,87.4067,4.4551,144.2165,20.8702
2026-10-23,20.6562,0.6828,63.6663,5.5299,1187.0222,86.2747,84.4075,2.5683,146.0175,13.8886
2026-10-24,25.9413,0.0406,46.3758,8.2661,1192.3956,88.4719,88.2029,5.0245,149.2577,22.9835
2026-10-25,29.6249,0.0302,38.9367,6.3105,1198.4321,91.3147,90.6337,6.4513,153.4071,27.5656
2026-10-26,31.3221,0.0519,33.7792,6.7773,1204.7741,94.5678,92.1247,8.1633,158.1090,32.5773
2026-10-27,32.5133,0.0000,26.5950,9.4184,1211.3305,98.3064,93.8392,11.8566,163.4504,41.9188
2026-10-28,29.3608,0.0000,31.7621,7.9749,1217.3194,101.4559,93.8564,11.0512,167.9234,40.2951
2026-10-29,28.5364,0.0000,34.5745,8.2056,1223.1599,104.3938,93.3203,10.3765,172.0726,38.8759
2026-10-30,30.0777,0.0000,28.3379,5.5276,1229.2779,107.7791,93.3708,9.1307,176.8042,35.9452
2026-10-31,27.1709,0.0000,30.1737,6.8923,1234.8727,110.7702,93.4213,9.8498,180.9595,37.9309
2026-11-01,26.9066,0.0000,28.5266,5.9486,1239.4199,113.4241,93.4718,9.4587,184.6119,37.0642
2026-11-02,26.8750,0.0000,27.1369,5.0609,1243.9614,116.1266,93.5223,9.1088,188.3061,36.2734
2026-11-03,24.7018,0.0000,36.3393,8.3639,1248.1117,118.3043,92.5135,9.3410,191.2813,36.9636
2026-11-04,23.3430,0.0000,41.4548,8.5724,1252.0174,120.2015,91.3697,8.0295,193.8710,33.5188
2026-11-05,22.8945,0.0628,45.0733,5.4305,1255.8425,121.9488,90.5749,6.1198,196.2544,27.9608
2026-11-06,23.2757,0.0646,48.2438,4.7915,1259.7361,123.6214,89.9975,5.4561,198.5357,25.8781
2026-11-07,21.2833,0.5780,56.1346,11.1795,1263.2711,124.9232,88.0075,5.6583,200.3224,26.5692
2026-11-08,17.1092,8.3498,67.2637,14.4116,1064.4408,64.2204,56.3553,0.6491,111.6069,3.3832
2026-11-09,14.3018,0.4013,53.8069,10.8053,1066.7192,65.1636,74.8382,1.3087,113.0606,7.0168
2026-11-10,14.0841,0.0036,46.4007,9.8375,1068.9583,66.2426,83.0743,2.6762,114.7135,12.9577
2026-11-11,14.9845,0.0033,41.3800,6.1190,1071.3595,67.4927,86.4966,3.5352,116.6187,16.1873
2026-11-12,19.5653,0.0077,44.3854,6.8086,1074.5853,69.0164,87.8529,4.4403,118.9359,19.3384
2026-11-13,20.4464,0.0000,51.9338,6.0951,1077.9696,70.3895,87.9015,4.3135,121.0226,19.0772
2026-11-14,20.5058,0.0021,52.8832,4.7727,1081.3646,71.7391,87.9502,4.0636,123.0672,18.3918
2026-11-15,19.0627,0.0116,57.6407,8.3804,1084.4999,72.8715,87.6034,4.6378,124.7816,20.3690
2026-11-16,18.0945,0.0000,46.1293,6.1494,1087.4609,74.2424,87.7266,4.2183,126.8365,19.1408
2026-11-17,17.3078,0.0005,54.2068,8.0944,1090.2803,75.3600,87.7701,4.6817,128.5130,20.7517
2026-11-18,20.0666,0.0182,56.6235,6.9238,1093.5963,76.5772,87.8154,4.4422,130.3378,20.0900
2026-11-19,20.9060,0.0003,53.6247,6.3047,1097.0634,77.9303,87.8640,4.3359,132.3557,19.8567
2026-11-20,19.3811,0.0000,51.8676,5.5926,1100.2560,79.2372,87.9126,4.2123,134.2955,19.5503
2026-11-21,16.8150,0.0029,57.9215,6.2239,1102.9867,80.2367,87.3215,3.9960,135.7801,18.8888
2026-11-22,19.1770,0.0001,50.6145,6.4023,1106.1426,81.5643,87.3700,4.0601,137.7375,19.2092
2026-11-23,17.9287,0.0068,44.9336,10.0530,1109.0737,82.9535,87.8089,5.1961,139.7714,23.0489
2026-11-24,17.0682,0.0068,45.0217,9.3769,1111.8500,84.2778,87.8576,5.0572,141.7031,22.7151
2026-11-25,17.9443,0.0000,45.1572,6.3190,1114.7840,85.6625,87.9062,4.3653,143.7164,20.5433
2026-11-26,17.8410,0.1427,57.4618,7.3297,1117.6994,86.7308,87.4798,4.3216,145.2784,20.4662
2026-11-27,18.6245,0.0027,50.3912,6.3181,1120.7558,88.0281,87.5283,4.1354,147.1600,19.9059
2026-11-28,18.3216,0.0060,46.6505,6.0670,1123.7577,89.4018,87.6662,4.1647,149.1409,20.0913
2026-11-29,16.8632,0.4081,65.3460,5.0785,1126.4970,90.2271,86.3327,3.2778,150.3486,16.8878
2026-11-30,16.4322,0.1848,60.8277,4.9223,1129.1589,91.1376,86.3808,3.2742,151.6708,16.9199
2026-12-01,17.1051,0.4618,68.9590,5.5152,1131.9418,91.7798,85.5139,2.9874,152.6224,15.8219
2026-12-02,18.4022,0.2770,64.7690,3.6724,1134.9582,92.5606,85.5618,2.7406,153.7698,14.8496
2026-12-03,18.6114,0.0487,64.2875,6.2708,1138.0122,93.3606,85.6097,3.1450,154.9430,16.5221
2026-12-04,19.6484,0.0026,55.1523,8.4666,1141.2529,94.4180,86.2322,3.8333,156.4728,19.1835
2026-12-05,19.8000,0.0000,55.9852,5.8737,1144.5209,95.4634,86.3182,3.4048,157.9836,17.6283
2026-12-06,20.0107,0.0000,55.3416,4.7287,1147.8269,96.5347,86.4435,3.2713,159.5279,17.1573
2026-12-07,20.0474,0.0004,53.6721,7.3392,1151.1394,97.6481,86.6928,3.8653,161.1264,19.4534
2026-12-08,18.4308,0.0019,56.3560,5.2470,1154.1609,98.6168,86.7411,3.5024,162.5179,18.1378
2026-12-09,18.3845,0.0000,49.4380,8.5730,1157.1741,99.7363,87.1074,4.3629,164.1110,21.3301
2026-12-10,17.3584,0.0004,53.4554,10.7526,1160.0026,100.7126,87.1558,4.9031,165.5025,23.2226
2026-12-11,15.9801,0.0000,54.4856,9.3859,1162.5831,101.5961,87.2042,4.6085,166.7600,22.2651
2026-12-12,16.5518,0.0000,53.3646,7.8666,1165.2664,102.5316,87.2526,4.2984,168.0880,21.2243
2026-12-13,16.6924,0.0001,53.4061,6.7706,1167.9750,103.4736,87.3011,4.0957,169.4233,20.5370
2026-12-14,15.8062,0.0000,55.4263,6.5265,1170.5241,104.3300,87.3262,4.0601,170.6373,20.4412
2026-12-15,15.2704,0.0281,56.0286,6.1101,1172.9768,105.1480,87.2056,3.9080,171.7957,19.9141
2026-12-16,16.2464,0.0003,50.9183,5.7675,1175.6052,106.1155,87.2540,3.8677,173.1564,19.7992
2026-12-17,17.3849,0.0311,51.1058,6.0709,1178.4384,107.1426,87.3025,3.9546,174.5992,20.1561
2026-12-18,13.7433,4.8116,72.4678,7.2946,1089.7326,66.9741,54.0619,0.3691,116.1084,1.5163
2026-12-19,12.9464,0.0056,52.2991,4.3497,1091.7669,67.7355,71.2390,0.8114,117.2803,4.4918
2026-12-20,13.2530,7.3901,70.9853,9.0943,968.8695,39.0167,46.1872,0.1556,70.8960,0.3370
2026-12-21,13.9304,0.7559,62.0840,4.7661,971.0810,39.6644,63.5016,0.6289,71.9787,2.1362
2026-12-22,15.8591,0.4662,71.8938,8.6436,973.6396,40.2060,74.2272,1.1374,72.8874,4.5002
2026-12-23,19.0624,0.0952,55.5950,8.0429,976.7749,41.2235,82.5950,2.3006,74.5782,8.8992
2026-12-24,20.3944,0.0014,44.8958,6.6670,980.1499,42.5695,86.8923,3.8439,76.8001,13.7791
2026-12-25,19.7809,0.0224,44.3376,6.3864,983.4144,43.8903,87.9871,4.4312,78.9694,15.6167
2026-12-26,19.3785,0.0203,44.1201,7.5578,986.6066,45.1907,88.2528,4.8832,81.0952,17.0436
2026-12-27,16.6692,0.0000,57.2931,9.7343,989.3110,46.0531,87.4479,4.8561,82.5046,17.1373
2026-12-28,15.6868,0.0002,56.7496,10.6771,991.8387,46.8781,87.1886,4.9074,83.8488,17.4280
2026-12-29,14.7929,0.0309,58.6291,9.0246,994.2054,47.6253,86.7933,4.2683,85.0637,15.8226
2026-12-30,14.7945,0.1612,58.7183,8.8643,996.5724,48.3710,86.6685,4.1597,86.2733,15.6401
2026-12-31,15.0288,0.0234,59.4660,8.2803,998.9816,49.1139,86.5696,3.9829,87.4762,15.2502
2027-01-01,15.0150,0.0002,58.8646,6.9123,1001.3883,49.9300,86.6113,3.7396,88.7919,14.6543
2027-01-02,14.5365,0.0000,53.7517,10.2113,1003.7089,50.8203,86.6595,4.4461,90.2204,16.8593
2027-01-03,13.4453,0.0000,51.5801,11.3708,1005.8330,51.6873,86.7078,4.7460,91.6061,17.8455
2027-01-04,14.3526,0.0000,52.3818,10.5845,1008.1205,52.5932,86.7560,4.5930,93.0504,17.5646
2027-01-05,15.7161,0.0427,50.2985,8.9394,1010.6534,53.6222,86.8043,4.2567,94.6851,16.7525
2027-01-06,16.2470,1.5905,53.2178,7.3181,1013.2819,52.5702,78.0824,1.3717,93.0691,6.4783
2027-01-07,15.2791,0.6773,56.7438,8.8885,1015.7361,53.4425,81.5405,2.1118,94.4600,9.5940
2027-01-08,15.5879,0.0010,51.4989,9.1857,1018.2459,54.4389,84.8866,3.2960,96.0411,13.8894
2027-01-09,14.8209,0.0000,54.1364,9.1473,1020.6177,55.3378,85.5442,3.6025,97.4644,14.9965
2027-01-10,14.6378,0.0001,53.2226,6.9283,1022.9565,56.2441,85.8384,3.3564,98.8947,14.3149
2027-01-11,14.6745,0.0217,53.6170,4.3683,1025.3019,57.1449,85.9012,2.9763,100.3126,13.1357
2027-01-12,14.7349,0.3212,64.7716,5.0544,1027.6582,57.8316,85.6774,2.9861,101.3978,13.2472
2027-01-13,15.7875,0.6376,78.5523,7.8884,1030.2039,58.2775,82.3916,2.2256,102.1139,10.4950
2027-01-14,17.5482,0.0680,62.0205,5.2102,1033.0666,59.1495,84.0047,2.3942,103.4859,11.2275
2027-01-15,14.7244,0.0000,41.7401,9.2444,1035.4210,60.2845,86.8198,4.3322,105.2493,17.9316
2027-01-16,14.6710,0.0000,41.2718,8.6244,1037.7658,61.4247,87.7090,4.7666,107.0142,19.3925
2027-01-17,15.8230,0.0000,42.1682,6.3266,1040.3179,62.6296,87.9898,4.4196,108.8731,18.5025
2027-01-18,18.6753,0.0000,30.1888,8.2825,1043.3835,64.3291,90.2385,6.7338,111.4759,25.2737
2027-01-19,17.5956,0.0000,39.2048,7.3556,1046.2547,65.7284,90.2879,6.4722,113.6132,24.7936
2027-01-20,16.6245,0.0000,45.6431,6.8337,1048.9511,66.9145,89.5156,5.6437,115.4216,22.6747
2027-01-21,17.2818,0.0000,44.3042,5.4099,1051.7658,68.1749,89.4963,5.2385,117.3357,21.6596
2027-01-22,15.6418,0.0083,53.1853,9.2835,1054.2853,69.1398,88.2120,5.2957,118.8021,21.9457
2027-01-23,13.3723,0.0000,45.7334,8.8627,1056.3964,70.1066,88.2607,5.2210,120.2608,21.8379
2027-01-24,15.3229,0.0014,46.7876,5.9979,1058.8585,71.1825,88.3095,4.5509,121.8811,19.8962
2027-01-25,15.3602,0.2928,54.4420,9.6285,1061.3273,72.1057,87.6829,4.9953,123.2736,21.3790
2027-01-26,12.3442,0.1929,42.5422,11.1393,1063.2533,73.0567,87.7315,5.4280,124.6939,22.7876
2027-01-27,12.3329,0.0001,36.0458,5.2656,1065.1772,74.1143,88.3545,4.4144,126.2650,19.7488
2027-01-28,15.3699,0.0005,49.8345,5.9319,1067.6478,75.1315,88.2610,4.5043,127.7825,20.1359
2027-01-29,17.5922,0.0000,45.5072,6.7799,1070.5184,76.3855,88.3098,4.7340,129.6444,20.9896
2027-01-30,17.8110,0.0000,36.4884,10.0377,1073.4283,77.8641,89.2160,6.3535,131.8229,25.9895
2027-01-31,20.2288,0.0000,25.7618,10.1888,1076.7735,79.8134,91.5564,8.9450,134.6713,33.0285
2027-02-01,21.1287,0.0000,28.4843,8.5287,1080.2807,82.0716,91.6395,8.3247,137.9434,31.7329
2027-02-02,21.6361,0.0000,29.0166,7.7530,1083.8792,84.3641,91.6894,8.0624,141.2438,31.2955
2027-02-03,21.5239,0.0000,23.8867,8.1216,1087.4575,86.8102,92.5421,9.2649,144.7354,34.5900
2027-02-04,21.0078,0.0000,23.0465,9.5468,1090.9429,89.2269,92.7848,10.3001,148.1593,37.3349
2027-02-05,18.7491,0.0014,40.5590,10.6026,1094.0217,90.9028,91.0707,8.5240,150.5355,33.1000
2027-02-06,18.1582,0.0003,45.9651,8.9084,1096.9942,92.3810,89.8311,6.5557,152.6288,27.8314
2027-02-07,18.2548,0.2018,48.6060,4.1547,1099.9841,93.7940,89.2051,4.7162,154.6262,22.1997
2027-02-08,18.3930,0.1658,45.3080,5.2970,1102.9988,95.3084,89.2542,5.0309,156.7546,23.3260
2027-02-09,18.2270,0.0036,43.6851,10.6118,1105.9837,96.8545,89.3033,6.6224,158.9169,28.3250
2027-02-10,16.3934,0.0000,45.0992,7.4167,1108.6385,98.2188,89.2316,5.5800,160.8186,25.2477
2027-02-11,18.1793,0.0198,30.4811,7.4864,1111.6148,100.1226,90.3919,6.6126,163.4423,28.4908
2027-02-12,16.6553,0.0218,37.2627,7.3707,1114.3167,101.7050,90.4414,6.6209,165.6193,28.6026
2027-02-13,18.7297,0.0046,30.7905,7.7131,1117.3921,103.6545,90.7023,6.9919,168.2823,29.7872
2027-02-14,18.8333,0.2431,35.9910,4.5068,1120.4861,105.4669,90.7519,5.9910,170.7530,26.8907
2027-02-15,20.8118,0.3334,28.8213,7.0326,1123.9362,107.6824,91.3756,7.4363,173.7484,31.2581
2027-02-16,21.6818,0.0000,27.7412,7.6204,1127.5429,110.0208,91.8093,8.1460,176.8909,33.3363
2027-02-17,17.5120,0.0000,35.8427,9.4232,1130.3991,111.7170,91.3060,8.3056,179.1666,33.8482
2027-02-18,11.9550,0.0000,29.3316,12.0207,1132.2550,113.0275,91.3533,9.5310,180.9073,37.1228
2027-02-19,11.3345,0.0007,22.2498,9.3031,1133.9992,114.4008,91.4331,8.4061,182.7188,34.2363
2027-02-20,11.5734,0.0002,24.3894,9.9373,1135.7864,115.7620,91.4829,8.7406,184.5098,35.1880
2027-02-21,12.1452,0.0000,25.8474,9.5903,1137.6765,117.1572,91.5328,8.6502,186.3411,35.0033
2027-02-22,13.4466,0.0000,25.3478,11.1207,1139.8009,118.6998,91.5826,9.4100,188.3597,37.0566
2027-02-23,14.2003,0.0001,29.9811,14.3325,1142.0610,120.2215,91.6109,11.1076,190.3493,41.3322
2027-02-24,17.4359,0.2992,37.9311,12.3988,1144.9034,121.8558,90.9384,9.1573,192.4926,36.5190
2027-02-25,13.7411,6.2699,68.8838,10.6984,1030.3649,67.7898,54.3645,0.4510,116.4293,2.1636
2027-02-26,16.4139,0.0413,50.3743,9.0659,1033.0234,69.0244,75.4069,1.2378,118.2892,6.8404
2027-02-27,16.1253,0.0152,52.6989,9.4771,1035.6299,70.1818,82.8184,2.5436,120.0286,12.7226
2027-02-28,16.2132,0.0016,47.1465,9.3796,1038.2523,71.4816,85.9831,3.8756,121.9698,17.6912
2027-03-01,17.5589,0.0000,44.0188,10.2705,1041.1169,73.2622,87.5289,5.0472,124.6038,21.6324
2027-03-02,18.2379,0.0357,45.0378,10.1747,1044.1037,75.0739,87.8752,5.2780,127.2702,22.5216
2027-03-03,18.9697,0.0139,44.0854,4.8856,1047.2223,76.9868,88.1678,4.2163,130.0686,19.3268
2027-03-04,21.2700,0.0000,35.5937,6.1897,1050.7549,79.4427,89.7862,5.6798,133.6280,24.1563
2027-03-05,21.3253,0.0000,36.6101,8.2681,1054.2974,81.8659,90.0010,6.5040,137.1145,26.7814
2027-03-06,21.4602,0.0006,33.1703,4.6477,1057.8643,84.4359,90.5838,5.8907,140.7801,25.2281
2027-03-07,24.4549,0.0033,26.8559,7.2102,1061.9701,87.6221,92.2465,8.4881,145.2775,32.6722
2027-03-08,20.4898,0.0003,37.3930,13.0879,1065.3623,89.9262,91.5180,10.2958,148.5128,37.3495
2027-03-09,18.0709,0.0287,36.4802,17.5573,1068.3191,92.0019,91.1546,12.2469,151.4066,42.0122
2027-03-10,15.3493,0.3782,48.5921,18.1384,1070.7859,93.4434,89.1057,9.4062,153.4166,35.5110
2027-03-11,17.4019,0.1441,41.2084,13.4702,1073.6223,95.2976,89.1548,7.4871,155.9818,30.6365
2027-03-12,20.8412,0.0000,21.6265,12.6218,1077.0777,98.2288,92.4856,11.5311,159.9820,40.9735
2027-03-13,21.0330,0.0000,21.4345,12.0992,1080.5676,101.1929,93.0980,12.2394,163.9921,42.8131
2027-03-14,20.3496,0.0146,31.3048,5.6043,1083.9346,103.7046,92.6614,8.2992,167.3755,33.3774
2027-03-15,21.4303,0.0000,26.7366,7.4822,1087.4960,106.5183,92.7116,9.1875,171.1316,35.8647
2027-03-16,20.7716,0.0000,26.5427,7.8031,1090.9389,109.2570,92.7619,9.4034,174.7589,36.5662
2027-03-17,20.7667,0.0000,28.9767,6.8352,1094.3809,111.9043,92.8122,9.0192,178.2435,35.7090
2027-03-18,22.7067,0.0000,25.6411,4.4774,1098.1721,114.9218,92.8624,8.0656,182.1813,33.2929
2027-03-19,24.8940,0.0000,18.7703,6.9449,1102.3570,118.5211,94.2392,11.0636,186.8254,41.1111
2027-03-20,18.1993,0.5908,42.3662,13.8625,1105.3369,120.4171,90.4297,9.1676,189.2824,36.4556
2027-03-21,14.1567,0.2018,39.4192,13.2332,1107.5891,121.9926,90.0282,8.3855,191.3075,34.4306
2027-03-22,11.7807,15.2028,76.2722,15.6375,854.7102,56.1231,42.5507,0.1212,96.4183,0.3292
2027-03-23,10.3402,3.1489,74.6228,16.8613,834.4728,44.0017,47.6256,0.2822,77.7535,0.6544
2027-03-24,13.4916,0.0512,44.4121,13.7507,836.6053,45.3843,73.3273,1.4114,79.9286,5.9857
2027-03-25,14.7698,0.0002,36.5437,10.7500,838.9679,47.1009,84.4450,3.3581,82.6075,12.9240
2027-03-26,14.9603,0.0035,51.0536,9.1474,841.3647,48.4409,85.7848,3.7255,84.6916,14.2221
2027-03-27,18.4054,0.0016,34.9208,8.8998,844.3817,50.6047,88.9284,5.7568,88.0213,20.1181
2027-03-28,19.1554,0.0000,33.1880,10.1197,847.5337,52.9115,90.0595,7.2001,91.5365,24.0811
2027-03-29,19.9588,0.0000,32.7235,8.9446,850.8303,55.3265,90.4801,7.2071,95.1800,24.5781
2027-03-30,22.3373,0.0000,28.2108,5.9608,854.5550,58.1946,91.6398,7.3146,99.4568,25.3780
2027-03-31,23.2954,0.0075,27.4994,13.7427,858.4521,61.2095,92.1471,11.6324,103.8985,35.4452
2027-04-01,17.0109,0.0295,32.6213,13.5318,862.4681,64.1679,91.7635,10.9016,108.2088,34.5758
2027-04-02,17.8877,0.0172,35.6051,13.7505,866.6419,67.1321,91.3371,10.3751,112.4815,34.0224
2027-04-03,17.3546,0.8192,41.9010,15.6276,870.7197,69.7315,87.2235,6.3291,116.1986,24.6504
2027-04-04,19.6284,0.0000,26.4652,7.4581,875.2068,73.4267,90.8490,7.0486,121.3925,27.0490
2027-04-05,22.2857,0.0005,23.9856,15.1522,880.1723,77.7363,92.5547,13.2272,127.3533,41.8378
2027-04-06,23.7177,0.0016,25.0331,17.6790,885.3955,82.2468,92.8011,15.5525,133.4924,47.1330
2027-04-07,25.7201,0.0053,21.0142,15.4031,890.9791,87.3825,93.9433,16.2632,140.3524,49.2409
2027-04-08,25.5806,0.0016,17.6303,12.3786,896.5376,92.7104,94.7564,15.6228,147.3320,48.6830
2027-04-09,26.4005,0.0048,16.0824,12.4669,902.2437,98.3051,95.3050,16.9166,154.5204,51.8036
2027-04-10,26.7349,0.2729,14.4734,11.6750,908.0100,104.0765,95.7707,17.3185,161.7915,53.1309
2027-04-11,21.1997,1.3158,35.4776,13.9805,912.7799,107.5647,87.4813,6.0434,166.1735,26.8903
2027-04-12,18.2154,0.8654,41.5279,11.8906,917.0127,110.3028,86.2352,4.5570,169.6037,22.1738
2027-04-13,16.7426,0.3311,47.8079,10.1993,920.9803,112.5604,86.9766,4.6481,172.4344,22.5693
2027-04-14,20.5003,0.0010,39.1691,9.6748,925.6244,115.7459,88.9124,5.9723,176.3591,27.0103
2027-04-15,22.5144,0.1957,38.9484,9.0004,930.6310,119.2410,89.6389,6.4072,180.6240,28.4697
2027-04-16,24.7948,0.0331,36.6934,6.7973,936.0481,123.2152,90.4497,6.4399,185.4138,28.6990
2027-04-17,26.0944,0.2221,35.6494,11.8176,941.6991,127.4577,90.9646,8.9262,190.4669,35.8557
2027-04-18,21.4273,1.5997,54.3098,11.2981,946.5100,119.6679,81.6224,2.4075,181.8555,14.0182
2027-04-19,20.6421,4.8311,60.3254,11.7765,897.4718,73.7358,65.9492,0.9901,122.3426,5.6399
2027-04-20,21.0715,2.0249,58.0202,10.8187,902.2187,67.5504,72.7920,1.1906,113.7999,6.4521
2027-04-21,17.0516,9.6406,75.0305,12.4084,796.3850,36.3293,47.2170,0.2131,65.2205,0.4343
2027-04-22,18.9069,4.5834,61.0431,8.4157,765.7857,26.1792,55.0692,0.4292,48.2359,0.7039
2027-04-23,16.9110,12.9525,81.5627,14.5475,659.7976,12.5291,37.7732,0.0464,23.9224,0.0472
2027-04-24,23.1786,0.2584,50.8788,10.5691,664.9238,15.4203,73.9693,1.2377,29.1505,2.2674
2027-04-25,24.7156,0.0262,46.5820,6.2625,670.3266,18.7635,85.4971,3.0948,35.0726,7.1867
2027-04-26,26.0721,0.0000,45.6398,4.3323,675.9736,22.3444,88.4075,4.2438,41.2777,10.4199
2027-04-27,26.9548,0.8415,46.2026,6.5750,681.7794,26.0034,87.5397,4.1960,47.4795,11.1943
2027-04-28,22.5970,2.3632,54.7770,14.6930,686.8009,24.4957,78.6322,2.0872,44.9806,5.8431
2027-04-29,19.8058,0.0504,39.5871,10.1302,691.3199,27.5575,86.8199,4.5299,50.1203,12.2827
2027-04-30,22.3372,0.4581,38.1266,8.2170,696.2946,31.0731,89.3175,5.8816,55.9087,15.9865
2027-05-01,21.1442,0.1268,42.3590,15.4335,702.5046,34.4487,89.3666,8.5209,61.3734,22.0423
2027-05-02,21.3338,0.0000,27.2848,10.7802,708.7487,38.7433,91.4995,9.1414,68.1703,24.4494
2027-05-03,23.7352,0.0000,20.8504,6.2595,715.4250,43.9183,93.4122,9.5286,76.1499,26.6267
2027-05-04,26.0895,0.0011,20.1559,8.3818,722.5251,49.6336,94.2193,11.8616,84.7180,32.5801
2027-05-05,27.1728,0.0000,19.9401,10.9300,729.8202,55.5926,94.5257,14.0694,93.3990,38.2247
2027-05-06,26.9775,0.0137,27.6349,7.4667,737.0802,60.9418,94.3391,11.5161,101.0057,34.7632
2027-05-07,28.6774,0.0666,32.9858,6.8691,744.6461,66.1953,93.6990,10.2261,108.3182,33.1541
2027-05-08,29.6049,0.0300,27.6827,8.8277,752.3790,72.0411,93.7495,11.3665,116.2536,36.6276
2027-05-09,27.3307,0.0000,26.0951,10.9726,759.7025,77.5727,93.8001,12.7532,123.5950,40.4240
2027-05-10,28.9896,0.0018,21.0108,7.8515,767.3246,83.8299,94.5277,12.0510,131.6917,39.8610
2027-05-11,32.9198,0.0000,18.3639,7.6437,775.6542,91.1414,95.7585,14.1115,140.8943,45.0707
2027-05-12,33.5443,0.1202,17.6270,11.0912,784.0962,98.6544,96.1007,17.5851,150.0963,52.6813
2027-05-13,33.2220,0.0000,18.8557,10.7817,792.4802,105.9865,96.1521,17.4336,158.8585,53.1310
2027-05-14,32.5279,0.0000,18.5328,8.2622,800.7392,113.1988,96.2034,15.4619,167.2782,49.8537
2027-05-15,33.0952,0.0036,19.3611,8.2461,809.1003,120.4583,96.2548,15.5569,175.5698,50.5124
2027-05-16,31.5678,0.0000,21.4190,9.5548,817.1865,127.2165,96.3021,16.7236,183.1520,53.2197
2027-05-17,29.1033,0.0273,29.9966,10.0204,824.8291,132.7829,94.6110,13.5978,189.3577,46.9873
2027-05-18,31.0564,0.0000,25.7159,8.3819,832.8233,139.0715,94.6619,12.6081,196.2250,45.0104
2027-05-19,32.5747,0.0000,21.9210,6.7567,841.0907,145.9935,94.9741,12.1255,203.6256,44.1058
2027-05-20,33.4548,0.0000,20.5002,7.0761,849.5166,153.2257,95.4273,13.1095,211.2118,46.5299
2027-05-21,33.9842,0.5031,23.4000,8.1519,858.0378,160.3009,95.3890,13.7678,218.5340,48.1453
2027-05-22,31.6019,0.7633,31.3403,11.2653,866.1301,166.2120,92.4576,10.7269,224.6480,41.1661
2027-05-23,26.0698,7.1139,58.8741,10.4758,800.6904,79.3266,69.0944,1.0305,127.1584,5.9882
2027-05-24,21.2030,0.8416,67.6700,12.5389,806.9110,81.2249,77.8260,1.7467,129.7881,9.7058
2027-05-25,22.3988,0.4738,51.6420,12.9471,813.3468,84.2165,85.4905,4.3302,133.7983,19.9188
2027-05-26,23.4984,0.3361,49.7433,8.3984,819.9805,87.4711,87.4869,4.5653,138.1101,20.9321
2027-05-27,29.4825,0.0000,33.8334,4.4317,827.6913,92.7984,91.3367,6.4869,144.9644,27.2188
2027-05-28,31.4989,0.1180,28.6074,8.2068,835.7651,98.9255,93.1982,10.2016,152.6730,37.4051
2027-05-29,30.8237,0.2735,29.6961,10.6093,843.7174,104.8341,93.2487,11.5959,159.9749,41.1214
2027-05-30,31.4191,0.0312,28.2465,9.0166,851.7769,110.9770,93.4276,10.9723,167.4213,40.0837
2027-05-31,33.2745,0.5854,23.7720,7.4137,860.1703,117.8754,94.4372,11.6420,175.5936,42.0371
2027-06-01,28.0710,5.2527,49.9861,7.6077,819.5311,72.9861,75.2386,1.1390,119.3904,6.3627
2027-06-02,29.0687,3.3714,54.6310,11.9247,805.4816,58.0049,77.7988,1.6897,98.3107,8.1123
2027-06-03,31.7289,0.2436,22.6683,12.8744,814.5968,64.6884,93.4569,13.3813,107.9464,39.4978
2027-06-04,34.4349,0.0060,17.3219,10.7669,824.1990,72.4231,96.1809,17.4886,118.7578,48.6977
2027-06-05,37.2546,0.1709,13.4555,9.9309,834.3089,81.1619,97.5678,20.1882,130.5692,55.0759
2027-06-06,37.7407,0.0330,12.2224,8.7466,844.5062,90.1375,97.9426,19.9862,142.3035,56.2029
2027-06-07,37.6885,0.8299,15.4695,8.9610,854.6941,98.7695,96.9035,17.5964,153.2614,52.9825
2027-06-08,31.6587,7.5708,41.7772,9.0144,787.8687,59.8193,79.9811,1.7875,100.5523,8.6396
2027-06-09,32.8462,2.7660,44.7469,7.7662,797.1850,53.2574,83.7206,2.6226,91.2709,11.2471
2027-06-10,32.9553,3.8577,49.2141,7.8829,779.5485,43.0732,80.9651,1.8786,75.6909,7.5188
2027-06-11,35.9325,0.5427,36.5943,8.2179,789.4204,49.2549,91.6391,8.1948,85.2172,25.4051
2027-06-12,37.4180,0.2385,26.0228,8.3125,799.5596,56.7565,94.7805,12.7707,96.4049,36.4173
2027-06-13,37.0490,0.0000,21.9057,11.7959,809.6324,64.5998,95.7166,17.2969,107.7137,46.5104
2027-06-14,35.5852,0.0000,16.5173,14.0685,819.4418,72.6625,96.6562,22.0190,118.9548,56.2406
2027-06-15,31.8582,0.0000,19.8694,15.2665,828.5803,79.6153,96.6772,23.4554,128.3894,60.0580
2027-06-16,30.5383,0.0000,22.1765,11.8902,837.4811,86.0974,96.1484,18.4261,136.9873,52.8459
2027-06-17,31.6354,0.0000,20.6413,11.2805,846.5795,92.9367,96.1998,17.9931,145.8462,53.0291
2027-06-18,34.2057,0.0000,18.6053,8.5456,856.1406,100.5021,96.2512,15.7858,155.3987,49.6796
2027-06-19,36.2862,0.2264,16.5064,7.0132,866.0761,108.7200,96.7790,15.6875,165.5010,50.1968
2027-06-20,35.9261,0.7133,20.2302,12.4837,875.9468,116.4957,95.7091,17.8887,174.8548,55.0548
2027-06-21,33.8918,0.6042,18.8757,13.0415,885.4513,123.9690,95.7357,18.4651,183.6556,56.6062
2027-06-22,34.8655,0.0034,20.3349,6.4410,895.1311,131.5121,95.7869,13.3329,192.3678,46.5105
2027-06-23,35.7315,0.0903,24.7649,9.2925,904.9668,138.8073,95.8382,15.5006,200.6669,51.4063
2027-06-24,32.4930,0.1683,30.0113,15.9948,914.2195,144.9970,94.8926,19.0992,207.6570,58.7121
2027-06-25,27.1413,0.0000,30.9063,16.6009,922.5089,150.1341,93.8713,17.1034,213.4310,55.0051
2027-06-26,28.8772,0.0000,22.7698,9.7776,931.1109,156.2291,94.1649,12.6306,220.1232,45.6207
2027-06-27,30.9393,0.0000,20.4959,9.4291,940.0839,162.9352,94.9770,13.8790,227.3568,48.5454
2027-06-28,33.3917,0.0000,17.1937,6.0999,949.4984,170.4544,96.1048,13.6822,235.3040,48.2267
2027-06-29,35.1533,0.0000,17.7544,8.6284,959.2300,178.3041,96.3374,16.0371,243.4674,53.3688
2027-06-30,35.1325,0.0000,20.3417,13.4820,968.9579,185.9026,96.3889,20.6231,251.2798,62.3841
2027-07-01,35.4324,0.0000,19.1639,15.1077,979.0397,192.8382,96.4403,22.5393,258.4241,65.9135
2027-07-02,35.6509,0.0000,21.5546,15.4300,989.1609,199.6089,96.4918,23.0676,265.3509,66.9075
2027-07-03,36.7744,0.0000,19.0941,13.1053,999.4843,206.8055,96.5433,20.6603,272.6003,62.6482
2027-07-04,34.1056,0.0000,26.9352,14.1313,1009.3273,212.8467,95.7652,19.5859,278.7412,60.6839
2027-07-05,29.8233,0.0006,39.8208,14.9029,1018.3995,217.2173,92.8526,13.6203,283.3456,48.4783
2027-07-06,28.7621,0.0080,41.4971,15.3335,1027.2807,221.3203,92.0526,12.4362,287.6891,45.7892
2027-07-07,28.5132,0.0162,38.9803,15.5731,1036.1170,225.5641,92.1027,12.6766,292.1335,46.3647
2027-07-08,28.4943,0.0760,39.4990,14.4201,1044.9500,229.7691,92.1527,12.0459,296.5312,44.9017
2027-07-09,28.3297,0.0002,34.3346,14.8047,1053.7534,234.3078,92.2028,12.3688,301.1884,45.6764
2027-07-10,26.7610,0.0040,31.2584,14.8335,1062.2743,238.8057,92.2529,12.4746,305.7662,45.9362
2027-07-11,26.5950,0.0085,29.7963,14.9544,1070.7654,243.3720,92.3030,12.6398,310.3800,46.3320
2027-07-12,27.2402,0.6034,33.4893,12.5137,1079.3727,247.7989,91.4159,9.8580,314.8768,39.5220
2027-07-13,28.9916,0.7163,34.2301,8.9305,1088.2952,252.4470,91.0980,7.8657,319.5706,34.0949
2027-07-14,32.2963,0.0149,26.3245,6.7438,1097.8125,258.2256,93.7419,10.2226,325.2118,40.4785
2027-07-15,35.1302,0.0007,21.7919,7.7075,1107.8399,264.8802,95.3538,13.3984,331.5686,48.1091
2027-07-16,36.6755,0.0000,20.6728,8.2215,1118.1455,271.9180,95.9295,14.8692,338.2135,51.3650
2027-07-17,37.3978,0.0000,18.6628,10.0517,1128.5811,279.2720,96.4917,17.5913,345.0710,57.0133
2027-07-18,34.3481,0.0000,21.5292,13.7444,1138.4678,285.8049,96.5432,21.3362,351.1961,64.1494
2027-07-19,34.4596,0.0000,22.7234,8.2103,1148.3745,292.2585,96.5429,16.1432,357.2310,54.0807
2027-07-20,34.6312,0.0000,26.3442,8.2581,1158.3122,298.4395,95.9758,14.9903,363.0373,51.6511
2027-07-21,35.9575,0.0000,22.9075,8.9876,1168.4885,305.1490,96.0271,15.6600,369.2351,53.0799
2027-07-22,37.2500,0.0000,15.1851,8.4505,1178.8975,312.7881,97.1959,17.8326,376.1040,57.5208
2027-07-23,37.8070,0.0000,13.3572,8.7384,1189.4068,320.7051,97.7054,19.3608,383.1405,60.4957
2027-07-24,37.6050,0.0000,14.2594,8.3371,1199.8796,328.4990,97.7573,19.1041,390.0390,60.0080
2027-07-25,37.5379,0.0000,16.8940,10.5433,1210.3405,336.0403,97.8092,21.4977,396.7177,64.4770
2027-07-26,35.0235,0.0000,27.5314,12.1567,1220.3487,342.1884,95.9816,18.2587,402.3367,58.3730
2027-07-27,31.9524,0.1364,35.8309,13.3961,1229.8041,347.1696,93.8504,14.5107,407.0600,50.6335
2027-07-28,34.7953,0.0000,26.1327,8.3012,1239.7713,353.3968,94.4281,12.1592,412.6960,45.2962
2027-07-29,38.2633,0.0000,18.6676,6.4288,1250.3627,360.9157,96.5552,14.7815,419.2740,51.2248
2027-07-30,39.2838,0.0000,16.2584,6.4662,1261.1378,368.8581,97.3054,16.3729,426.1297,54.5874
2027-07-31,39.6302,0.0000,14.3529,7.2635,1271.9752,377.0508,97.7728,18.1352,433.1246,58.1382
2027-08-01,38.5255,0.0000,17.4268,9.2121,1281.9138,383.8058,97.8247,20.1442,439.0111,61.9933
2027-08-02,37.1717,0.0000,24.9810,9.6345,1291.6087,389.7331,96.7545,17.8439,444.3033,57.5646
2027-08-03,36.6805,0.0000,27.9753,10.7168,1301.2152,395.3507,95.9979,17.0182,449.3695,55.9103
2027-08-04,36.0797,0.0000,25.3876,12.1285,1310.7136,401.0777,96.0492,18.4003,454.4793,58.6606
2027-08-05,31.4568,0.0000,32.7852,16.2207,1319.3798,405.5953,94.2929,17.7873,458.6797,57.4538
2027-08-06,27.2333,0.0209,39.4810,16.3018,1327.2858,409.1353,92.3739,13.6638,462.1368,48.7683
2027-08-07,28.0984,0.0848,39.4651,13.4490,1335.3475,412.7842,92.2146,11.5713,465.6854,43.8958
2027-08-08,30.6931,0.0003,35.4069,9.6906,1343.8762,417.0239,92.2647,9.6428,469.6782,39.0364
2027-08-09,29.9285,0.0051,36.8701,12.5713,1352.2674,421.0678,92.3148,11.2282,473.5228,43.0602
2027-08-10,31.5500,0.0000,31.6579,9.4850,1360.9504,425.6743,92.7255,10.1830,477.7642,40.4390
2027-08-11,34.5974,0.0000,25.5334,7.9426,1370.1819,431.1622,94.4399,11.9608,482.6385,44.8325
2027-08-12,35.0739,0.0000,28.0317,9.1511,1379.4992,436.5368,94.4907,12.8012,487.4471,46.8055
2027-08-13,36.8054,0.0000,26.7078,7.7209,1389.1282,442.2722,94.6807,12.2267,492.5210,45.4636
2027-08-14,37.5818,0.0001,22.2955,7.8293,1398.8969,448.4774,95.7112,14.1529,497.8978,49.8587
2027-08-15,37.7222,0.0000,19.2557,9.2155,1408.6909,454.9488,96.4104,16.6820,503.4300,55.2292
2027-08-16,35.4234,0.0000,25.3107,11.8952,1418.0711,460.5805,96.2220,18.6147,508.3714,59.0817
2027-08-17,31.3571,0.0000,36.1998,15.4184,1426.7194,464.8555,93.7142,15.7662,512.3636,53.3315
2027-08-18,30.9950,0.0000,35.4184,15.3824,1435.3024,469.1346,93.4775,15.2275,516.3452,52.1912
2027-08-19,31.7753,0.0000,25.3567,8.9876,1444.0260,474.2006,94.0661,11.9729,520.8221,44.8624
2027-08-20,32.8886,0.0000,22.7390,7.3200,1452.9499,479.6219,94.8118,12.1999,525.5395,45.4012
2027-08-21,33.0418,0.0706,29.3975,8.8508,1461.9015,484.5983,94.8627,13.2707,529.9885,47.8829
2027-08-22,34.3171,0.0000,21.9149,11.3449,1471.0826,490.3076,95.2702,15.9110,534.9074,53.6355
2027-08-23,33.7854,0.0000,24.9382,8.9555,1480.1679,495.7136,95.3213,14.2049,539.6230,49.9742
2027-08-24,33.5184,0.1602,32.1822,9.4964,1489.2052,500.5604,94.6306,13.2793,543.9944,47.9026
2027-08-25,33.3866,0.2647,34.1642,9.9875,1498.2188,505.2476,94.1766,12.7855,548.2643,46.7705
2027-08-26,33.4153,0.0000,33.0701,9.7954,1507.2376,510.0168,94.2273,12.7515,552.5803,46.6918
2027-08-27,31.4816,0.0154,36.4110,12.6408,1515.9083,514.2940,93.4624,13.2349,556.5466,47.8019
2027-08-28,25.1308,0.2407,46.3613,16.7802,1523.4358,517.1986,90.8940,11.3474,559.5156,43.3539
2027-08-29,24.1076,0.5627,43.5084,14.1741,1530.7792,520.1385,89.2755,7.8930,562.4740,34.2359
2027-08-30,24.9889,0.2825,47.8512,10.2763,1538.2812,522.9472,89.3246,6.5313,565.3823,30.1637
2027-08-31,26.6717,0.0758,43.9948,9.9842,1546.0861,526.1581,89.5363,6.6344,568.5767,30.4841
2027-09-01,28.6386,0.0011,36.7084,8.9023,1552.9450,529.5091,91.0559,7.8076,571.6922,33.9901
2027-09-02,31.7086,0.0000,25.6129,7.8119,1560.3566,533.8542,93.7892,10.8590,575.4785,42.1492
2027-09-03,32.2632,0.0062,28.2127,9.9410,1567.8679,538.1182,93.8398,12.1740,579.2317,45.3405
2027-09-04,31.7993,0.0000,27.2610,13.8649,1575.2958,542.3787,93.8904,14.9402,582.9657,51.5761
2027-09-05,32.9568,0.0000,26.0269,9.7087,1582.9320,546.8640,94.1552,12.5699,586.8620,46.2702
2027-09-06,35.2169,0.0000,23.4030,8.2221,1590.9751,551.8165,95.0654,13.2190,591.0934,47.7657
2027-09-07,35.5068,0.0000,17.6927,8.3709,1599.0703,557.1808,96.3494,15.8559,595.5646,53.5206
2027-09-08,34.8261,0.0000,19.3389,9.1717,1607.0430,562.3399,96.4008,16.6236,599.8915,55.1110
2027-09-09,34.4698,0.0778,28.2698,10.7913,1614.9516,566.8824,95.5841,16.1496,603.8523,54.1332
2027-09-10,34.2477,0.0001,35.9370,8.1469,1622.8201,570.9140,94.1507,11.6115,607.5140,43.9956
2027-09-11,33.2305,0.0073,37.6721,9.8839,1630.5056,574.7235,93.5089,11.5931,611.0165,43.9512
2027-09-12,33.5263,0.0000,25.0912,6.8478,1638.2444,579.3415,94.3985,11.2544,614.9831,43.1265
2027-09-13,35.3820,0.0000,20.0309,6.6361,1646.3171,584.5355,95.7935,13.4767,619.3291,48.3504
2027-09-14,32.7092,0.0031,38.7887,10.9976,1653.9088,588.2200,93.4493,12.1608,622.7397,45.3094
2027-09-15,29.0376,0.0081,39.5905,15.1453,1660.8395,591.4613,92.4798,13.0839,625.7841,47.4575
2027-09-16,26.8772,0.0006,27.1632,12.0642,1667.3814,595.0893,92.8553,11.8094,628.9749,44.4722
2027-09-17,31.7983,0.0000,17.6328,6.1928,1674.8091,599.9136,95.5809,12.8039,632.9887,46.8133
2027-09-18,33.1795,0.0000,21.6852,5.5061,1682.4854,604.6931,95.6321,12.4548,637.0181,46.0013
2027-09-19,33.6220,0.0096,21.4235,5.5217,1690.2414,609.5505,95.6834,12.5517,641.1013,46.2277
2027-09-20,33.9987,0.0000,23.5343,6.1582,1698.0652,614.3288,95.7346,13.0513,645.1495,47.3828
2027-09-21,32.0308,0.0000,28.9207,10.4119,1705.5347,618.5214,95.0348,14.6995,648.8082,51.0562
2027-09-22,30.6918,0.0000,29.6945,8.5442,1712.7632,622.5007,94.6084,12.6185,652.3043,46.3834
2027-09-23,32.0282,0.0000,25.3614,6.2207,1720.2323,626.9029,94.6593,11.3031,656.0743,43.2459
2027-09-24,33.3894,0.0000,21.0685,5.4438,1727.9464,631.7496,95.2721,11.8214,660.1292,44.5010
2027-09-25,33.6887,0.0000,18.4956,6.1263,1735.7144,636.7977,95.8996,13.3252,664.3003,48.0074
2027-09-26,32.7342,0.0000,21.8876,7.1478,1743.3105,641.5029,95.9509,14.1269,668.2499,49.8026
2027-09-27,28.4826,0.1224,43.6991,12.3335,1750.1414,644.4682,92.1262,10.8032,671.1132,42.0104
2027-09-28,27.3630,0.0833,38.2112,15.9837,1756.7707,647.5993,92.1763,13.0769,674.0292,47.4414
2027-09-29,20.7441,0.0008,24.8846,16.6892,1762.2087,650.5205,92.3450,13.8765,676.6118,49.2471
2027-09-30,23.7317,0.0000,19.9583,8.4608,1768.1844,654.0591,93.7537,11.1648,679.6264,42.9066
2027-10-01,24.4684,0.0128,30.6304,10.9462,1773.2927,656.7466,93.3702,11.9962,682.0203,44.9188
2027-10-02,24.4819,0.0000,22.3771,9.2278,1778.4034,659.7554,93.5329,11.2537,684.5872,43.1249
2027-10-03,26.9827,0.0000,19.7730,8.0519,1783.9643,663.1691,94.4464,12.0377,687.4543,45.0173
2027-10-04,27.7862,0.0000,23.7055,5.2326,1789.6698,666.5084,94.4972,10.5169,690.3069,41.2910
2027-10-05,25.8946,0.0000,30.6181,11.4874,1795.0348,669.3463,93.7219,12.9469,692.8265,47.1432
2027-10-06,23.1483,0.0000,24.6459,8.4857,1799.9055,672.1148,93.7725,11.2081,695.2162,43.0129
2027-10-07,22.5866,0.0045,32.0860,9.0556,1804.6751,674.5523,92.9630,10.3026,697.4095,40.7468
2027-10-08,22.9582,0.2456,39.9914,4.8576,1809.5116,676.7398,91.7230,7.0012,699.4814,31.6076
2027-10-09,24.1728,0.1128,36.5490,6.8417,1814.5667,679.1695,91.7729,7.7923,701.7234,33.9461
2027-10-10,25.2351,0.0101,36.4012,8.9250,1819.8130,681.7073,91.8229,8.7162,704.0586,36.5488
2027-10-11,24.2410,0.0107,36.2607,9.1401,1824.8804,684.1547,91.8728,8.8738,706.3118,36.9802
2027-10-12,24.2668,0.0001,30.0948,5.4108,1829.9524,686.8415,91.9228,7.4057,708.6932,32.8170
2027-10-13,25.0914,0.0001,27.9873,5.8985,1835.1729,689.6994,92.3461,8.0575,711.1929,34.7066
2027-10-14,25.8413,0.0000,25.1770,4.7796,1840.5283,692.7538,93.0300,8.3839,713.8217,35.6275
2027-10-15,25.3811,0.1808,29.6227,8.4167,1845.8009,695.5776,93.0804,10.1415,716.3119,40.3346
2027-10-16,21.7592,0.4533,46.0148,12.2769,1850.4216,697.4474,90.6009,8.6732,718.1733,36.4305
2027-10-17,19.7522,4.1358,59.0127,15.2820,1560.4307,108.9873,70.1782,1.3589,185.5718,8.8253
2027-10-18,17.0588,0.0010,40.1266,11.0393,1564.2053,110.6347,83.6871,3.0792,188.0228,17.0125
2027-10-19,18.4170,0.0010,33.1475,7.1354,1568.2244,112.6117,88.6205,5.0393,190.9448,24.3456
2027-10-20,19.3721,0.0865,38.7479,6.7714,1572.4153,114.5117,89.1533,5.3410,193.7488,25.4096
2027-10-21,22.1206,0.0000,43.4856,6.3064,1577.1010,116.5001,89.2024,5.2542,196.6786,25.1766
2027-10-22,24.3359,0.0000,36.0525,5.7619,1582.1855,118.9646,90.3931,6.0633,200.2814,27.8605
2027-10-23,25.3067,0.0000,33.9632,11.1299,1587.4447,121.6069,91.1223,8.8181,204.1217,35.8988
2027-10-24,25.9556,0.0004,35.2503,8.3699,1592.8207,124.2613,91.1721,7.7277,207.9628,32.9668
2027-10-25,25.5471,0.0002,37.3139,8.2160,1598.1232,126.7923,91.2218,7.7225,211.6122,33.0141
2027-10-26,24.6688,0.0617,43.3399,6.5821,1603.2676,129.0045,90.9749,6.8664,214.8002,30.5617
2027-10-27,24.5998,0.2318,46.9903,4.3506,1608.3995,131.0688,90.4246,5.6726,217.7718,26.8703
2027-10-28,24.9535,0.0042,45.1768,6.3766,1613.5952,133.2330,90.4741,6.3269,220.8728,28.9922
2027-10-29,24.6622,0.0383,47.2586,4.5928,1618.7383,135.2917,90.2718,5.6181,223.8176,26.7596
2027-10-30,24.8813,0.0608,45.6528,4.2051,1623.9210,137.4312,90.3212,5.5485,226.8641,26.5612
2027-10-31,23.7539,0.2020,48.8056,4.8778,1628.9007,139.3591,89.9153,5.4157,229.6084,26.1462
2027-11-01,21.1951,6.0419,62.9040,8.9881,1339.1707,74.4600,62.8410,0.7540,130.7459,4.4392
2027-11-02,18.8302,1.1259,66.6097,11.5560,1342.2641,75.3423,72.9953,1.2460,132.1416,7.2873
2027-11-03,20.1256,0.0000,53.1316,9.2247,1345.5907,76.6612,83.0664,2.5922,134.2073,13.5577
2027-11-04,23.2131,0.0000,46.0941,6.2534,1349.4731,78.3989,87.3580,4.0229,136.9126,19.0393
2027-11-05,25.4538,0.0000,40.4969,6.0111,1353.7588,80.4937,89.5232,5.4205,140.1537,23.7677
2027-11-06,24.0232,0.0044,40.3789,7.2107,1357.7869,82.4796,89.7440,5.9436,143.2106,25.5260
2027-11-07,20.8770,0.0105,52.1730,6.3286,1361.2488,83.8731,88.9809,5.0955,145.3560,23.0248
2027-11-08,17.3456,0.0778,59.6490,8.2987,1364.0750,84.8599,87.4163,4.4969,146.8766,21.1334
2027-11-09,17.9113,0.0006,43.3920,10.1106,1367.0030,86.2867,88.0275,5.3770,149.0525,24.0973
2027-11-10,19.1926,0.0601,31.0468,6.4709,1370.1617,88.1418,90.1517,6.0705,151.8608,26.3613
2027-11-11,20.6427,0.1525,35.7002,5.8212,1373.5814,89.9953,90.2011,5.9167,154.6582,26.0288
2027-11-12,16.9149,0.6158,52.4946,8.4735,1376.3301,91.1300,87.2325,4.4192,156.3751,21.2585
2027-11-13,17.4787,0.0696,37.3059,7.5831,1379.1802,92.6742,88.7508,5.2516,158.6904,24.1189
2027-11-14,19.3090,0.0044,46.0631,5.3556,1382.3598,94.1337,88.7998,4.7271,160.8791,22.4729
2027-11-15,15.2989,1.5718,60.4936,9.4872,1384.8176,90.4307,77.4585,1.4542,155.4789,8.9176
2027-11-16,13.0340,0.6614,57.6748,12.3543,1386.8678,91.2238,81.0544,2.3773,156.6824,13.3744
2027-11-17,15.3399,0.0000,39.0338,10.5035,1389.3329,92.5526,86.5082,4.4164,158.6787,21.3330
2027-11-18,16.8035,0.0000,35.6650,5.6039,1392.0616,94.0797,88.6418,4.6793,160.9634,22.3143
2027-11-19,17.9147,0.0000,33.8582,5.6065,1394.9902,95.7471,89.6620,5.4179,163.4480,24.8333
2027-11-20,18.5359,0.0245,40.5315,7.3278,1398.0307,97.2953,89.7112,5.9507,165.7520,26.5899
2027-11-21,19.3299,0.0007,37.3233,7.7021,1401.2140,98.9929,89.7605,6.1070,168.2666,27.1608
2027-11-22,18.7265,0.0000,42.5251,8.2394,1404.2888,100.5037,89.8098,6.3191,170.5009,27.8837
2027-11-23,18.0620,0.0000,42.9247,9.0535,1407.2440,101.9537,89.8423,6.6144,172.6386,28.8413
2027-11-24,18.4910,0.0055,48.7020,10.0189,1410.2763,103.2861,89.1615,6.2980,174.6032,27.9567
2027-11-25,18.5311,0.2137,55.9712,7.1848,1413.3159,104.4320,88.0764,4.6726,176.2970,22.7578
2027-11-26,19.0900,0.3892,57.6288,4.6035,1416.4561,105.5662,87.6621,3.8663,177.9724,19.9076
2027-11-27,17.6158,0.0007,59.0933,4.1649,1419.3310,106.5813,87.2079,3.5443,179.4703,18.7154
2027-11-28,17.1651,0.0006,50.9678,5.2162,1422.1247,107.7686,87.2563,3.7630,181.2075,19.5888
2027-11-29,17.0834,0.0059,47.5918,4.7004,1424.9037,109.0321,87.3248,3.7025,183.0476,19.3957
2027-11-30,15.2007,0.0203,64.3681,8.1896,1427.3438,109.8021,86.1610,3.7424,184.1824,19.5703
2027-12-01,15.7185,0.1123,64.3810,6.2345,1429.8772,110.4829,85.9035,3.2708,185.1924,17.7455
2027-12-02,16.3616,0.3995,66.9875,6.9336,1432.5263,111.1380,85.5644,3.2313,186.1678,17.6030
2027-12-03,18.3960,0.2551,61.8369,5.2993,1435.5415,111.9835,85.6123,2.9958,187.4170,16.6568
2027-12-04,18.7272,0.0886,56.6237,9.0477,1438.6164,112.9608,85.9396,3.7880,188.8501,19.8301
2027-12-05,18.4021,0.3233,59.7233,8.7413,1441.6328,113.8534,85.9876,3.7552,190.1617,19.7280
2027-12-06,18.8425,0.0870,56.0786,7.9533,1444.7285,114.8488,86.1263,3.6801,191.6162,19.4643
2027-12-07,18.6952,0.3930,55.3013,7.3558,1447.7976,115.8543,86.2432,3.6302,193.0821,19.2951
2027-12-08,19.3544,0.4370,53.6671,5.6120,1450.9854,116.9313,86.5464,3.4704,194.6472,18.6934
2027-12-09,19.4681,1.3111,53.4822,9.5375,1454.1936,118.0186,81.4993,2.1715,196.2245,13.1113
2027-12-10,14.7554,24.5341,82.2435,13.7498,849.3530,51.2248,36.0462,0.0308,89.0266,0.0788
2027-12-11,11.9680,15.8340,93.4662,7.5354,692.1292,22.8360,13.2327,0.0000,42.1918,0.0000
2027-12-12,14.5165,0.8744,71.5590,8.8119,694.4462,23.3407,40.7581,0.0624,43.0630,0.0945
2027-12-13,13.3701,2.3871,78.3363,8.7603,696.5568,19.8260,46.6201,0.1629,37.0180,0.2220
2027-12-14,12.8200,0.0073,60.9851,6.8851,698.5684,20.4432,66.1575,0.7797,38.0990,1.3641
2027-12-15,14.1329,0.0258,59.7521,7.4324,700.8164,21.1399,77.1389,1.2794,39.3150,3.1138
2027-12-16,15.8187,0.3805,58.5769,9.2966,703.3677,21.9363,82.4671,2.4117,40.6994,6.2738
2027-12-17,15.9331,0.1373,60.1951,11.1417,705.9397,22.7068,84.1884,3.3086,42.0336,8.5274
2027-12-18,14.4792,6.1365,76.9597,6.5916,666.5437,13.6581,47.5280,0.1659,25.9851,0.1781
2027-12-19,15.2896,0.8570,70.7730,6.2831,668.9999,14.2025,62.4639,0.6457,26.9734,0.7103
2027-12-20,15.2145,0.0028,62.7535,4.3464,671.4425,14.8930,74.3612,0.9220,28.2211,1.2341
2027-12-21,14.6596,0.2415,63.1867,4.4269,673.7852,15.5523,79.8900,1.4053,29.4077,2.7265
2027-12-22,15.7737,0.4506,66.3055,5.7585,676.3285,16.1984,82.2526,1.9651,30.5666,4.1847
2027-12-23,15.7316,0.0000,61.0773,7.8797,678.8642,16.9429,83.9044,2.7026,31.8957,5.9601
2027-12-24,16.3967,0.0617,57.9684,5.4591,681.5196,17.7786,84.9032,2.7379,33.3803,6.2152
2027-12-25,16.5916,0.0012,59.0754,7.2224,684.2101,18.6014,85.1760,3.1067,34.8352,7.1816
2027-12-26,16.0654,1.0715,63.7300,8.5258,686.8059,19.3089,79.8390,1.7187,36.0818,4.0900
2027-12-27,12.5359,7.4867,68.5139,12.1821,637.9480,10.9055,50.0290,0.3042,20.9170,0.2837
2027-12-28,12.7994,0.8458,65.2839,8.1598,639.9559,11.4538,65.0671,0.7977,21.9266,0.7667
2027-12-29,12.5895,16.3570,85.5595,13.8341,537.0007,5.1988,30.6177,0.0082,10.1520,0.0050
2027-12-30,15.7812,13.7247,83.7462,15.2505,469.7270,2.3174,29.6948,0.0068,4.5783,0.0028
2027-12-31,16.1967,2.7454,88.0214,10.4798,472.3464,1.2354,34.9354,0.0203,2.4547,0.0067
2028-01-01,20.2397,0.0038,54.7939,5.8992,475.6935,2.4230,66.4546,0.7499,4.7851,0.3166
2028-01-02,19.1709,0.3228,56.5332,5.0294,478.8483,3.5077,79.1146,1.3414,6.8893,0.6684
2028-01-03,19.1786,0.2424,58.9490,5.5903,482.0044,4.5326,83.5033,2.2841,8.8569,1.9278
2028-01-04,20.1760,0.0200,54.7448,7.5569,485.3401,5.7179,85.7511,3.4224,11.1087,3.8671
2028-01-05,16.9359,0.5163,70.2007,6.7791,488.0926,6.3796,85.0445,2.9835,12.3555,3.5412
2028-01-06,14.1698,2.2538,66.9018,10.3180,490.3471,5.2710,69.6676,1.0410,10.2661,0.6370
2028-01-07,11.3725,0.0000,48.9751,10.4227,492.0982,6.0545,79.9897,1.9207,11.7476,1.8647
2028-01-08,11.8580,0.0196,47.8061,4.7366,493.9366,6.8871,83.8633,2.2942,13.3102,2.6991
2028-01-09,15.4358,0.1289,62.8826,5.3408,496.4191,7.6427,84.2398,2.4871,14.7189,3.2207
2028-01-10,18.5493,0.0000,60.4975,5.4188,499.4620,8.5983,84.9894,2.7649,16.4870,3.9393
2028-01-11,17.2554,0.0000,62.3107,6.5773,502.2719,9.4500,85.0371,2.9504,18.0509,4.4881
2028-01-12,14.4570,0.0568,69.1591,6.5095,504.5782,10.0406,84.8305,2.8581,19.1296,4.5087
2028-01-13,11.0048,0.0167,48.5879,11.4624,506.2631,10.8068,85.7268,4.1526,20.5186,6.8007
2028-01-14,12.0981,0.0000,49.3310,8.7837,508.1447,11.6301,86.0656,3.8047,22.0013,6.5340
2028-01-15,14.1047,0.0000,52.0625,7.8723,510.3876,12.5274,86.1137,3.6586,23.6062,6.5721
2028-01-16,15.5870,0.0000,55.0251,7.6901,512.8972,13.4513,86.1617,3.6498,25.2473,6.8296
2028-01-17,15.1976,0.0087,59.0651,7.6687,515.3368,14.2726,86.2098,3.6706,26.6968,7.1010
2028-01-18,14.2812,0.0162,66.7374,5.2502,517.6114,14.9025,85.4836,2.9353,27.8037,5.9055
2028-01-19,13.8736,0.0215,64.7496,5.7291,519.8127,15.5523,85.4556,2.9953,28.9399,6.1769
2028-01-20,11.0815,0.0048,62.8444,9.5358,521.5113,16.1095,85.3676,3.5846,29.9093,7.4441
2028-01-21,12.5945,0.0128,51.2622,5.7575,523.4823,16.9312,85.7604,3.1298,31.3291,6.7669
2028-01-22,12.7850,0.4172,51.1393,6.3445,525.4876,17.7664,85.9451,3.3082,32.7635,7.3198
2028-01-23,11.0438,0.1524,64.4621,7.8659,527.1795,18.2977,85.3444,3.2848,33.6735,7.3965
2028-01-24,12.8078,0.0000,53.2401,5.2135,529.1889,19.0983,85.5631,2.9625,35.0356,6.9005
2028-01-25,14.8988,0.0427,54.8150,6.4467,531.5747,19.9883,85.6963,3.2115,36.5415,7.6228
2028-01-26,15.1343,0.0022,54.5723,7.8759,534.0029,20.8962,85.7961,3.4998,38.0683,8.4327
2028-01-27,14.0589,0.0015,49.6166,8.0469,536.2375,21.8365,86.2753,3.7759,39.6376,9.2238
2028-01-28,14.8290,0.0000,48.9821,7.4816,538.6107,22.8369,86.5943,3.8391,41.2965,9.5846
2028-01-29,17.1084,0.0000,53.9484,8.3542,541.3942,23.8692,86.6426,4.0392,42.9991,10.2417
2028-01-30,17.3063,0.0008,57.4295,8.6638,544.2133,24.8339,86.6908,4.1309,44.5818,10.6557
2028-01-31,16.3433,0.0638,58.1587,8.4229,546.8591,25.7324,86.7391,4.1091,46.0479,10.8107
2028-02-01,15.9628,0.1023,58.6170,6.8852,549.4364,26.7354,86.7874,3.8289,47.6716,10.4074
2028-02-02,15.7466,0.0318,56.8536,7.4890,551.9748,27.7679,86.8356,3.9743,49.3316,10.9492
2028-02-03,14.8573,0.0232,57.4913,9.8338,554.3531,28.7315,86.8339,4.4717,50.8715,12.2599
2028-02-04,16.3157,0.1038,54.4024,9.6451,556.9939,29.8595,86.8822,4.4599,52.6614,12.4777
2028-02-05,16.0545,0.0089,53.2568,8.0623,559.5878,30.9986,86.9306,4.1464,54.4557,12.0001
2028-02-06,15.0690,0.0000,51.1722,7.5678,562.0042,32.1201,86.9789,4.0722,56.2089,12.0460
2028-02-07,14.5086,0.0000,49.5189,7.1914,564.3197,33.2393,87.0273,4.0233,57.9459,12.1416
2028-02-08,15.4843,0.0001,47.6803,8.1428,566.8109,34.4719,87.0756,4.2501,59.8448,12.9199
2028-02-09,15.0234,0.0000,51.8216,7.9355,569.2191,35.5753,87.1240,4.2350,61.5359,13.0908
2028-02-10,15.3129,0.0592,53.8059,5.3138,571.6794,36.6523,87.1724,3.7366,63.1782,12.0328
2028-02-11,12.7796,3.8187,78.0827,5.7240,558.3684,26.7612,54.0746,0.3414,47.7956,0.5564
2028-02-12,16.2510,0.0914,55.8621,9.2473,560.9976,27.8491,74.0122,1.1604,49.5489,3.3686
2028-02-13,16.1727,0.0538,51.9059,10.4383,563.6127,29.0291,82.5768,2.5898,51.4352,7.7947
2028-02-14,16.0223,0.8186,58.8463,10.7718,566.2007,30.0301,81.9830,2.4479,53.0288,7.5580
2028-02-15,17.1425,0.0018,50.7179,6.5119,568.9904,31.3071,85.2831,3.0422,55.0428,9.3531
2028-02-16,16.5969,0.1148,54.5231,7.8520,571.6818,32.4504,85.8307,3.5126,56.8353,10.7530
2028-02-17,16.8474,0.1658,50.8690,8.3786,574.4183,33.7029,86.4749,3.9493,58.7833,12.0623
2028-02-18,17.4924,0.0619,49.4069,7.4018,577.2710,35.0391,86.9204,4.0049,60.8453,12.4433
2028-02-19,18.1730,0.0000,44.6990,7.3998,580.2461,36.5531,87.7374,4.4996,63.1593,13.9311
2028-02-20,19.0297,0.0000,40.6643,7.3709,583.3755,38.2497,88.6195,5.0987,65.7260,15.6806
2028-02-21,20.9357,0.2220,42.0292,5.3987,586.8479,40.0643,88.8903,4.7994,68.4465,15.3168
2028-02-22,19.9022,0.2368,53.7363,3.6782,590.1343,41.4445,88.4711,4.1438,70.5096,13.9106
2028-02-23,19.4193,0.2552,53.2978,3.4734,593.3337,42.8058,88.3470,4.0289,72.5300,13.8312
2028-02-24,20.3825,0.0832,49.5704,5.3240,596.7066,44.3447,88.3958,4.4538,74.7936,15.2054
2028-02-25,21.0492,0.0522,47.0952,5.0832,600.1995,46.0092,88.4447,4.4310,77.2200,15.4207
2028-02-26,21.4840,0.0237,47.6111,7.3795,603.7706,47.6899,88.4935,5.0096,79.6513,17.2086
2028-02-27,16.4658,0.6704,65.1749,9.3857,606.4384,48.5589,84.2551,3.0557,80.9193,11.8406
2028-02-28,17.5438,3.2483,62.0696,6.0677,596.7150,38.3743,65.4846,0.7297,66.1185,2.4254
2028-02-29,17.1793,2.2207,58.3143,8.0507,599.5113,34.5189,67.6226,0.8698,60.3506,2.8101
2028-03-01,16.8149,1.1931,54.5591,10.0338,602.2420,35.9066,75.7121,1.3237,62.4976,4.6888
2028-03-02,19.1488,0.0534,36.6573,7.3135,605.3927,38.0929,86.1166,3.5585,65.8303,11.8519
2028-03-03,19.7056,0.1412,41.5022,8.6294,608.6437,40.1676,88.2229,5.1320,68.9579,16.1820
2028-03-04,18.9672,0.0223,43.6995,6.4006,611.7618,42.0934,88.3169,4.6491,71.8307,15.3590
2028-03-05,20.0780,0.0068,42.8411,5.0110,615.0799,44.1568,88.5914,4.5089,74.8753,15.3582
2028-03-06,19.2984,0.2583,46.3167,5.4971,618.2576,46.0235,88.6403,4.6532,77.6046,16.0483
2028-03-07,20.9176,0.1174,55.2836,6.2823,621.7268,47.7017,88.3065,4.6146,80.0491,16.2163
2028-03-08,22.6781,0.0000,45.9677,5.7611,625.5128,49.8918,88.4990,4.6209,83.1943,16.5896
2028-03-09,24.8186,0.0000,38.0009,8.1290,629.6842,52.6309,90.0580,6.5115,87.0683,21.8531
2028-03-10,22.9638,0.0000,35.6805,12.6010,633.5216,55.2693,90.4367,8.6116,90.7464,27.1476
2028-03-11,22.5961,0.0000,30.9721,14.0029,637.2929,58.0575,91.2433,10.3688,94.5754,31.4288
2028-03-12,23.9155,0.0003,31.6968,9.4854,641.3017,60.9700,91.4257,8.4748,98.5230,27.9608
2028-03-13,24.6161,0.0001,31.5963,4.8138,645.4366,63.9685,91.5685,6.8344,102.5324,24.5640
2028-03-14,25.3580,0.0023,29.1165,5.9622,649.7051,67.1654,92.1280,7.8385,106.7434,27.5231
2028-03-15,25.5156,0.0000,29.7557,6.7781,654.0019,70.3523,92.1781,8.2254,110.8845,28.9332
2028-03-16,24.1570,0.0000,30.3989,11.1508,658.0541,73.3489,92.2281,10.3257,114.7279,34.1966
2028-03-17,22.7598,0.0000,28.6258,14.4564,661.8549,76.2517,92.2782,12.2836,118.4012,38.8120
2028-03-18,23.9134,0.0000,29.2070,12.6880,665.8633,79.2702,92.3283,11.3161,122.1777,37.2410
2028-03-19,25.8760,0.0000,21.0524,10.3365,670.2250,82.9005,93.8791,12.4870,126.6404,40.2331
2028-03-20,26.3727,0.0000,16.0533,8.9204,674.6761,86.8317,95.1955,13.9382,131.3887,43.7340
2028-03-21,26.5666,0.0003,14.6926,6.9663,679.1620,90.8548,95.6755,13.4850,136.1695,43.3253
2028-03-22,24.8872,0.0004,21.0177,10.4711,683.3457,94.3536,95.4190,15.5378,140.2829,47.8407
2028-03-23,24.6226,0.0000,20.3949,6.3317,687.4818,97.8440,95.4012,12.5820,144.3334,42.1849
2028-03-24,26.3910,0.0000,18.0191,7.6132,691.9362,101.6857,95.4523,13.5152,148.7290,44.5317
2028-03-25,23.5230,0.0000,28.1511,11.6251,695.8743,104.7014,94.0930,13.7258,152.1656,45.2443
2028-03-26,22.7217,0.0000,25.7594,9.9254,699.6682,107.7160,93.9785,12.4009,155.5598,42.6444
2028-03-27,22.3895,0.0000,28.2547,11.5747,703.4023,110.5887,93.5387,12.6767,158.7722,43.4637
2028-03-28,22.4428,0.0000,27.3977,12.3652,707.1460,113.5023,93.5377,13.1900,161.9993,44.7849
2028-03-29,21.9276,0.0000,28.0144,12.5507,710.7970,116.3280,93.3874,13.0378,165.1042,44.6411
2028-03-30,22.9398,0.0129,24.9861,9.6208,714.6302,119.4019,93.4379,11.3277,168.4439,40.9693
2028-03-31,22.4824,0.1211,26.9424,8.4576,718.3810,122.3387,93.4884,10.7583,171.6138,39.7767
2028-04-01,23.3730,0.0000,23.0503,7.4554,723.5421,126.9042,93.5389,10.3008,176.4417,38.8767
2028-04-02,24.5409,0.0000,23.7613,7.6743,728.9135,131.6433,93.5894,10.4885,181.3887,39.5279
2028-04-03,27.6730,0.0000,21.0323,10.4887,734.8486,137.1517,94.3077,13.3523,187.0337,46.3639
2028-04-04,27.1294,0.3279,27.3750,12.2466,740.6859,142.1219,94.3329,14.6399,192.0960,49.3241
2028-04-05,25.0398,0.0854,39.2183,12.6362,746.1471,145.9737,92.2194,11.1145,196.0574,41.5188
2028-04-06,21.5123,0.0008,35.5506,16.2895,750.9733,149.5068,91.8836,12.7417,199.6472,45.4122
2028-04-07,19.9277,0.0000,23.6573,11.3105,755.5143,153.3986,92.4050,10.6720,203.5009,40.6344
2028-04-08,20.8540,0.0098,36.0846,10.4929,760.2220,156.8004,91.8047,9.4085,206.9098,37.5143
2028-04-09,24.7652,0.0000,28.6396,4.7536,765.6338,161.2751,92.1601,7.4088,211.2857,32.1080
2028-04-10,28.1894,0.0000,22.1250,7.6647,771.6619,166.8048,93.9924,11.0869,216.5723,41.9167
2028-04-11,31.3260,0.0000,17.4535,11.8869,778.2545,173.2938,95.6832,17.2979,222.6462,55.5947
2028-04-12,33.8004,0.0006,16.8204,10.0918,785.2926,180.3316,96.3069,17.1936,229.1249,55.5076
2028-04-13,32.6503,0.0009,20.1301,7.7436,792.1237,186.8667,96.3584,15.3811,235.0872,51.8919
2028-04-14,32.0280,0.0507,20.6945,5.4171,798.8427,193.2360,96.4098,13.7748,240.8319,48.5011
2028-04-15,31.8103,0.1218,20.8846,6.8433,805.5226,199.5482,96.4544,14.8902,246.4603,50.9924
2028-04-16,28.8142,0.0813,29.4067,10.0031,811.6631,204.6678,94.7110,13.7741,251.0650,48.6073
2028-04-17,28.8146,0.0000,24.6518,10.1728,817.8038,210.1322,94.7619,13.9899,255.8894,49.1277
2028-04-18,29.9825,0.0000,15.3456,8.2267,824.1546,216.5112,95.9772,14.9694,261.3658,51.2991
2028-04-19,30.9260,0.0000,13.9755,6.2142,830.6753,223.1903,96.5156,14.5449,267.0198,50.4256
2028-04-20,31.2157,0.0000,17.6987,8.6215,837.2481,229.6381,96.5671,16.5349,272.4554,54.6507
2028-04-21,30.5336,0.0000,20.4559,9.3299,843.6982,235.7383,96.4069,16.7705,277.5797,55.1619
2028-04-22,30.6264,0.0129,19.6779,6.0183,850.1649,241.9163,96.4584,14.2917,282.7148,49.9621
2028-04-23,29.5218,0.1351,25.7445,9.2078,856.4328,247.4288,95.4157,14.5729,287.3294,50.5959
2028-04-24,28.5962,0.0000,26.9173,9.9588,862.5341,252.6902,94.8602,14.0278,291.7216,49.4193
2028-04-25,27.2314,0.0000,21.2912,15.1882,868.3898,258.0963,94.9111,18.3851,296.1465,58.4641
2028-04-26,28.8405,0.0392,15.1425,17.0874,874.5351,264.2557,95.8964,23.1399,301.0744,67.2523
2028-04-27,25.4912,0.3347,24.2624,9.6525,880.0775,269.1381,95.0622,14.2008,305.0537,49.8440
2028-04-28,29.0241,0.0161,20.9917,7.0727,886.2558,274.9082,95.1133,12.5571,309.6726,46.1381
2028-04-29,30.0136,0.0000,17.1753,8.0597,892.6123,281.1556,95.6156,14.1334,314.5882,49.7195
2028-04-30,29.2989,0.1686,20.6893,7.5990,898.8401,287.0005,95.6669,13.9056,319.1994,49.2248
2028-05-01,30.7641,0.0059,20.0981,7.1172,906.7816,293.7033,95.7181,13.6668,324.5805,48.7022
2028-05-02,31.1749,0.7430,23.8282,7.0171,914.7971,300.1755,93.8391,10.5053,329.8028,41.2031
2028-05-03,31.2148,1.2524,27.6293,8.4615,922.8198,306.3324,91.7122,8.3825,334.8112,35.5776
2028-05-04,29.3419,5.1200,28.8348,10.7326,875.5443,101.2246,83.8889,3.1140,157.0551,16.4642
2028-05-05,23.5841,1.1237,52.9665,14.5799,882.1934,104.2811,84.0720,3.8736,160.9877,19.4795
2028-05-06,21.7213,4.6037,58.1334,14.1862,845.3506,68.6425,69.6641,1.2650,114.1188,6.8375
2028-05-07,22.7420,1.1209,51.6406,14.8788,851.8482,71.6779,81.3200,2.7833,118.4406,13.5712
2028-05-08,23.3672,0.0029,38.6902,12.6142,858.4583,75.6271,88.5498,6.5745,123.9544,25.9968
2028-05-09,25.9273,0.0339,38.8654,9.2573,865.5292,79.9771,90.1172,6.9511,129.9377,27.5047
2028-05-10,26.0053,0.0044,38.7722,13.9440,872.6142,84.3462,90.3876,9.1501,135.8617,33.6293
2028-05-11,27.1806,0.0002,19.6959,11.8672,879.9107,90.3251,94.1829,14.0681,143.7575,45.2494
2028-05-12,30.1661,0.0009,18.9823,12.3061,887.7446,96.9939,95.1854,16.5084,152.3688,50.8420
2028-05-13,30.4371,0.0005,18.3241,14.1067,895.6272,103.7752,95.4444,18.7266,160.9327,55.7002
2028-05-14,30.9124,0.0000,15.8135,12.5818,903.5955,110.8702,96.0805,18.9052,169.6889,56.6463
2028-05-15,30.5172,0.0000,13.4461,12.6183,911.4926,118.0748,96.5975,20.3068,178.3809,59.7243
2028-05-16,31.5627,0.0001,18.0857,13.6288,919.5779,125.1185,96.6491,21.5160,186.7229,62.3135
2028-05-17,30.9122,0.1427,23.1333,12.6933,927.5461,131.5967,96.0235,18.8657,194.2830,57.8206
2028-05-18,33.1385,0.1621,22.9588,6.9376,935.9150,138.5410,96.0749,14.2145,202.2396,48.7366
2028-05-19,26.6149,1.3167,39.8902,17.0784,943.1097,142.9269,88.5161,8.1932,207.3100,34.2607
2028-05-20,25.1874,0.0037,30.4687,11.9923,950.0474,147.7388,91.4724,9.6798,212.7626,38.3290
2028-05-21,28.0965,0.0000,22.0345,10.5355,957.5088,153.7316,93.9513,12.7399,219.3997,45.8575
2028-05-22,26.0829,0.0567,29.3875,13.6818,964.6077,158.7849,93.8010,14.6205,224.9831,50.1171
2028-05-23,21.3170,4.3679,51.7860,20.6852,922.2266,88.9622,75.0450,2.1776,143.3531,12.1136
2028-05-24,22.3010,0.2110,42.3425,11.9115,928.6448,92.5143,86.3682,4.6482,148.1346,21.6974
2028-05-25,25.9950,0.0021,32.3651,6.0864,935.7278,97.3388,90.8096,6.5410,154.4984,27.8812
2028-05-26,31.7936,0.0479,20.5985,8.8230,943.8547,104.2148,94.8229,13.1800,163.3416,44.8455
2028-05-27,30.3145,0.0421,25.4882,13.5247,951.7153,110.3772,94.8739,16.8207,171.1350,52.7824
2028-05-28,23.1320,3.5627,47.0998,18.3456,923.9432,78.4619,79.0068,2.5973,129.4428,13.3782
2028-05-29,24.0591,0.3039,40.9675,9.9757,930.6778,82.3719,87.7579,5.1383,134.8956,22.5859
2028-05-30,28.9862,0.0000,24.9827,5.9697,938.2993,88.3138,92.9961,8.8599,142.9832,33.4577
2028-05-31,31.7456,0.0000,18.5936,9.1817,946.4175,95.3531,95.4152,14.5529,152.3359,46.9667
2028-06-01,30.8579,0.0000,27.1000,8.9782,955.3760,101.4865,95.1222,13.8394,160.3810,46.0677
2028-06-02,36.0952,0.0472,16.3254,5.5333,965.2771,109.6801,96.7177,14.4411,170.8328,47.9602
2028-06-03,36.1355,0.0000,17.2653,8.4219,975.1855,117.7904,96.7693,16.8196,180.9420,53.3049
2028-06-04,36.8338,0.0000,19.9981,6.7675,985.2196,125.7800,96.8209,15.5817,190.6960,51.2347
2028-06-05,38.1598,0.0000,18.7320,6.7523,995.4924,134.1797,96.8725,15.6777,200.7223,51.7736
2028-06-06,39.6106,0.0000,13.7099,9.3946,1006.0263,143.4280,97.8885,20.5027,211.4799,61.4232
2028-06-07,39.6805,0.0000,12.3105,10.2508,1016.5728,152.8425,98.2070,22.3250,222.1746,64.9603
2028-06-08,40.7592,0.0000,12.0752,6.5925,1027.3134,162.5319,98.4109,19.0711,232.9327,59.2260
2028-06-09,41.4597,0.0000,13.2169,8.6882,1038.1802,172.2555,98.4630,21.3408,243.5048,63.5933
2028-06-10,40.9988,0.0000,12.7845,8.5317,1048.9640,181.9217,98.5152,21.3185,253.8015,63.6817
2028-06-11,39.4812,0.1922,15.7448,9.7123,1059.4746,190.9233,98.5674,22.7805,263.2491,66.3854
2028-06-12,35.4174,0.8163,22.1017,10.7259,1069.2537,198.4123,95.1403,15.1510,271.0728,51.7544
2028-06-13,28.2733,4.5710,57.6893,12.9646,1011.5679,94.8917,76.4751,1.6121,153.7310,9.6989
2028-06-14,26.6174,0.9205,45.7816,16.4404,1019.7631,98.8480,86.2619,5.7529,159.1332,25.7201
2028-06-15,25.6972,0.2720,47.1343,12.0753,1027.7926,102.5776,88.4416,6.2998,164.1886,27.5919
2028-06-16,30.2068,0.0004,34.4182,6.2135,1036.6338,107.9829,91.5528,7.3174,171.3447,30.8341
2028-06-17,35.6170,0.0000,22.8899,6.7296,1046.4488,115.4366,95.0667,12.2635,180.9660,43.6922
2028-06-18,37.4993,0.0046,19.4737,8.1730,1056.6027,123.6196,96.2991,15.5926,191.2886,51.2793
2028-06-19,36.4544,0.0091,21.6899,10.1806,1066.5685,131.3619,96.3505,17.3726,200.8734,55.1843
2028-06-20,32.1455,0.3344,38.6192,14.0143,1075.7587,136.7342,93.4267,14.1129,207.5249,48.6568
2028-06-21,28.3995,0.0094,41.9660,15.9956,1084.2746,141.2413,92.0007,12.7640,213.0885,45.7893
2028-06-22,30.0063,0.0000,30.9836,13.8236,1093.0797,146.8932,92.5840,12.4217,219.9063,45.1361
2028-06-23,29.6944,0.0032,32.6034,14.1943,1101.8287,152.3571,92.6342,12.7456,226.4369,45.9890
2028-06-24,31.2711,0.0000,29.7593,10.6348,1110.8615,158.3432,93.0657,11.3176,233.4839,42.7304
2028-06-25,36.1726,0.0000,20.3974,6.3659,1120.7766,166.1543,95.7681,13.2487,242.4507,47.3436
2028-06-26,37.2444,0.0000,21.4704,9.7546,1130.8846,174.0817,95.8765,15.9484,251.4114,53.2727
2028-06-27,34.9989,0.0000,26.9133,11.8200,1140.5884,181.0275,95.8071,17.5319,259.2059,56.5603
2028-06-28,35.8534,0.0000,19.8608,9.6499,1150.4460,188.8239,95.9901,16.1104,267.7731,53.7463
2028-06-29,38.0437,0.0000,14.2965,7.2282,1160.6979,197.6559,97.4954,17.4492,277.2704,56.5268
2028-06-30,39.5235,0.0000,14.8927,7.0659,1171.2161,206.7579,97.6546,17.6766,286.8984,57.0303
2028-07-01,40.4613,0.0000,16.5140,6.8775,1182.2031,214.9069,97.7065,17.6303,295.5138,56.9756
2028-07-02,38.9664,0.0233,20.3123,12.6233,1192.9211,222.4054,97.7584,23.7131,303.3985,68.2584
2028-07-03,32.1740,0.0361,29.1909,19.0505,1202.4164,227.9389,95.2195,23.2980,309.2965,67.5582
2028-07-04,30.6222,0.0000,22.0678,12.3664,1211.6324,233.7449,95.2705,16.7522,315.3828,55.2693
2028-07-05,35.5904,0.0000,14.2238,5.8744,1221.7427,241.1362,97.0911,15.4441,322.9301,52.5686
2028-07-06,37.8978,0.0000,15.6073,5.8308,1232.2683,248.8657,97.2492,15.7388,330.7419,53.2038
2028-07-07,40.4095,0.0000,13.2302,5.4628,1243.2460,257.3246,98.1052,17.3056,339.1551,56.4335
2028-07-08,42.5333,0.0000,12.3867,6.1017,1254.6060,266.3029,98.5990,19.0698,347.9604,59.9092
2028-07-09,40.4543,0.0000,17.7943,12.8683,1265.5918,274.3255,98.5314,26.5815,355.8298,73.2066
2028-07-10,34.6740,0.0000,24.9707,16.4124,1275.5371,280.6293,96.4525,24.1104,362.0972,69.0665
2028-07-11,32.4709,0.0015,22.3114,13.5819,1285.0859,286.7545,96.3175,20.5287,368.1412,62.6821
2028-07-12,35.3937,0.0000,16.5011,8.6471,1295.1607,293.9110,96.6499,16.7413,375.0479,55.3253
2028-07-13,37.3137,0.0000,16.3028,6.7778,1305.5812,301.4619,96.9975,15.9626,382.2612,53.7220
2028-07-14,37.8742,0.0000,17.7401,9.4801,1316.1026,308.9914,97.0492,18.4179,389.4169,58.6794
2028-07-15,39.7188,0.0000,13.5219,6.8248,1326.9560,317.2817,97.9425,18.1413,397.1576,58.1408
2028-07-16,38.6291,0.0000,16.7303,9.1732,1337.6132,325.0513,97.9945,20.5608,404.4131,62.7613
2028-07-17,39.8941,0.0000,18.3130,7.7076,1348.4981,332.9159,98.0465,19.2287,411.7195,60.2547
2028-07-18,41.4159,0.0000,16.4554,6.8753,1359.6570,341.2579,98.0985,18.5658,419.3721,58.9777
2028-07-19,41.7248,0.0000,15.2030,9.6000,1370.8715,349.7865,98.1505,21.4447,427.1182,64.3900
2028-07-20,41.1532,0.0000,15.1488,7.8067,1381.9830,358.2066,98.2026,19.7265,434.7184,61.2068
2028-07-21,41.4999,0.0000,15.5122,7.4530,1393.1570,366.6595,98.2546,19.5113,442.3006,60.8000
2028-07-22,41.7186,0.0000,12.6818,8.6871,1404.3704,375.4404,98.4326,21.2545,450.0758,64.0474
2028-07-23,40.3278,0.0000,12.5366,10.7435,1415.3334,383.9502,98.4848,23.7370,457.5745,68.4609
2028-07-24,38.3149,0.0000,16.3941,12.6828,1425.9341,391.6895,98.4454,26.0391,464.4380,72.3606
2028-07-25,38.1543,0.0000,17.9993,9.5568,1436.5058,399.2492,98.1742,21.4648,471.1386,64.4324
2028-07-26,41.1811,0.0000,14.1355,6.7951,1447.6224,407.7755,98.2263,18.8047,478.5491,59.4487
2028-07-27,40.6776,0.0000,14.4008,10.6291,1458.6484,416.1743,98.2783,22.9692,485.8196,67.1228
2028-07-28,36.9104,0.0000,17.9140,13.2016,1468.9963,423.5021,97.9832,25.1510,492.2343,70.8788
2028-07-29,36.4928,0.0000,19.1239,8.7971,1479.2690,430.6425,97.6917,19.3829,498.4877,60.5599
2028-07-30,38.4319,0.0000,21.6769,7.5654,1489.8907,437.9143,97.4803,17.7125,504.8558,57.3079
2028-07-31,36.5701,0.0010,29.8424,12.6006,1500.1773,444.1212,95.7220,18.0259,510.4505,57.9288
2028-08-01,35.4643,0.0000,23.9940,13.5890,1509.5649,449.8585,95.7732,19.0786,515.5932,59.9782
2028-08-02,35.5333,0.0000,22.2267,9.9649,1518.9649,455.7404,95.8245,16.0051,520.8212,53.8318
2028-08-03,38.3318,0.0000,19.2405,7.5397,1528.8686,462.3146,96.5137,15.5457,526.5617,52.8673
2028-08-04,38.9595,0.0000,20.3174,7.2095,1538.8853,468.9045,96.5652,15.3954,532.3137,52.5490
2028-08-05,41.4672,0.0000,15.7235,5.6510,1549.3534,476.3105,97.7529,16.6760,538.6412,55.2178
2028-08-06,43.0647,0.0000,14.2517,5.5540,1560.1091,484.1287,98.3185,17.8804,545.2536,57.6419
2028-08-07,43.7883,0.0000,11.7595,6.6246,1570.9950,492.3060,98.8948,20.3511,552.0889,62.3861
2028-08-08,42.8654,0.0000,10.0606,8.3858,1581.7147,500.4693,99.0765,22.7729,558.8641,66.7788
2028-08-09,42.4200,0.0000,9.2063,8.5677,1592.3544,508.6267,99.1684,23.2592,565.5980,67.6336
2028-08-10,41.0239,0.0000,10.8842,9.9540,1602.7426,516.3765,99.2208,25.1125,572.0173,70.8159
2028-08-11,37.3478,0.0000,15.8772,11.9379,1612.4693,523.0537,98.5670,25.4827,577.6562,71.4380
2028-08-12,35.5738,0.0000,18.4218,9.6761,1621.8765,529.2301,97.8207,20.6098,582.9269,62.8669
2028-08-13,39.1991,0.0000,14.9009,5.2514,1631.9364,536.3100,97.8726,16.6045,588.8387,55.0717
2028-08-14,42.7955,0.0000,15.6558,7.5702,1642.6436,543.9533,98.0108,19.0064,595.1796,59.8403
2028-08-15,43.8503,0.0000,14.4386,6.8805,1653.5406,551.8932,98.4091,19.3452,601.7115,60.4897
2028-08-16,44.2555,0.0000,12.0919,5.6560,1664.5106,560.1245,98.9034,19.4035,608.4094,60.6007
2028-08-17,44.0966,0.0003,10.1383,7.2304,1675.4520,568.5092,99.2231,21.8986,615.1724,65.2202
2028-08-18,42.5849,0.0011,10.6296,5.3666,1686.1213,576.5691,99.2755,20.0719,621.6798,61.8645
2028-08-19,42.4204,0.0000,12.1460,8.3493,1696.7610,584.4624,99.3279,23.4865,628.0678,68.0306
2028-08-20,39.2112,0.0000,13.1884,9.3721,1706.8230,591.6870,99.2107,24.3549,633.9561,69.5293
2028-08-21,38.0429,0.0000,12.8178,9.7178,1716.6747,598.7321,99.1042,24.4419,639.6929,69.6780
2028-08-22,37.4355,0.0000,16.3682,8.2448,1726.4171,605.3854,98.5048,20.9839,645.1767,63.5572
2028-08-23,37.9705,0.0000,17.9535,8.4850,1736.2558,612.0032,98.1763,20.3419,650.6481,62.3693
2028-08-24,36.9104,0.0000,26.3290,9.4750,1745.9037,617.7843,96.5350,17.1872,655.6063,56.2569
2028-08-25,36.2997,0.0000,25.0255,8.3384,1755.4416,623.5731,96.4227,15.9871,660.5447,53.7951
2028-08-26,36.6078,0.0000,19.1484,6.8495,1765.0350,629.8671,96.4742,14.9347,665.7703,51.5645
2028-08-27,36.8433,0.0000,17.2826,8.3111,1774.6708,636.3465,96.7145,16.6035,671.0998,55.0700
2028-08-28,35.2589,0.0639,28.9628,10.2297,1784.0214,641.6787,95.6242,15.7848,675.7348,53.3717
2028-08-29,35.6444,0.0000,24.9259,9.0627,1793.4414,647.3736,95.6754,14.9873,680.5797,51.6777
2028-08-30,35.8968,0.0000,21.7865,9.3258,1802.9068,653.3474,95.7266,15.2934,685.5821,52.3327
2028-08-31,35.4009,0.0000,20.0424,8.7494,1812.2830,659.3726,95.8765,15.1606,690.5913,52.0494
2028-09-01,34.7443,0.0000,20.7949,8.9063,1820.2409,664.4271,95.9278,15.3876,694.8062,52.5330
2028-09-02,35.5789,0.0000,20.3324,6.4310,1828.3491,669.6295,95.9791,13.6778,699.1255,48.8030
2028-09-03,36.4428,0.0952,25.1960,7.0468,1836.6128,674.6294,96.0304,14.2073,703.3594,49.9799
2028-09-04,37.1514,0.0000,28.5145,6.6165,1845.0041,679.4977,95.8873,13.6357,707.5423,48.7083
2028-09-05,38.0532,0.0010,23.4062,7.3275,1853.5577,684.8368,95.9386,14.2316,712.0074,50.0335
2028-09-06,34.7145,0.0002,33.3635,16.6507,1861.5103,689.0857,94.6294,19.0400,715.7700,59.9050
2028-09-07,27.0693,0.0129,42.3959,15.6400,1868.0868,691.9746,91.9365,12.4240,718.5438,45.9293
2028-09-08,31.0220,0.0000,32.7338,5.3148,1875.3747,695.8215,92.3984,7.8819,721.9651,34.2042
2028-09-09,35.1905,0.1149,21.4432,6.0566,1883.4130,700.8971,95.3335,12.2948,726.1846,45.6258
2028-09-10,32.9724,0.0000,31.0709,10.6095,1891.0520,705.0784,94.7354,14.2491,729.8478,50.0720
2028-09-11,30.4628,0.0000,31.4357,12.3765,1898.2394,708.9312,94.2198,14.5077,733.2497,50.6389
2028-09-12,29.5490,0.0008,23.2408,11.7065,1905.2622,713.1197,94.2706,14.1248,736.7990,49.7980
2028-09-13,29.5759,0.0000,18.8916,9.0222,1912.2898,717.5494,95.1095,13.8461,740.4759,49.1792
2028-09-14,30.1935,0.0000,17.6007,9.2108,1919.4287,722.1401,95.5529,14.8501,744.2570,51.3820
2028-09-15,30.6151,0.0010,18.8972,8.4752,1926.6434,726.7195,95.6041,14.4097,748.0438,50.4246
2028-09-16,33.8201,0.0000,15.3208,5.4283,1934.4350,731.9841,96.6100,14.1587,752.2991,49.8727
2028-09-17,33.4842,0.0040,25.3465,5.2018,1942.1662,736.5807,96.0359,12.9555,756.1874,47.1630
2028-09-18,34.6850,0.0085,25.7338,5.8298,1950.1135,741.3122,95.9916,13.2923,760.1857,47.9327
2028-09-19,35.7994,0.0000,24.8409,4.6243,1958.2614,746.2497,96.0430,12.5960,764.3283,46.3312
2028-09-20,36.1925,0.0000,23.3148,10.1068,1966.4800,751.3411,96.0943,16.7197,768.5626,55.3079
2028-09-21,33.1085,0.0334,34.3622,9.5973,1974.1435,755.3387,94.3210,12.7894,772.1169,46.7800
2028-09-22,32.9104,0.1599,37.2863,10.1566,1981.7714,759.1361,93.5477,11.8173,775.5592,44.4911
2028-09-23,31.5066,0.0219,22.8163,9.7796,1989.1466,763.6167,94.5414,13.3058,779.3084,47.9633
2028-09-24,31.5517,0.0000,27.4147,7.2921,1996.5299,767.8362,94.5923,11.8207,782.9218,44.4994
2028-09-25,32.5827,0.0000,27.3257,7.5451,2004.0988,772.1943,94.6432,12.0565,786.6415,45.0621
2028-09-26,33.1963,0.0000,21.9244,8.3440,2011.7781,776.9616,95.0720,13.3125,790.5930,47.9785
2028-09-27,34.4904,0.0000,19.0114,4.6783,2019.6904,782.0933,95.8969,12.3831,794.7757,45.8333
2028-09-28,34.4671,0.0000,20.6428,6.1311,2027.5985,787.1184,95.9482,13.4165,798.8999,48.2144
2028-09-29,32.5861,0.0001,27.4012,6.3554,2035.1680,791.4724,95.4310,12.6483,802.6108,46.4529
2028-09-30,33.3358,0.0000,22.1371,4.6402,2042.8724,796.2460,95.4822,11.6822,806.5621,44.1665
2028-10-01,32.7100,0.0000,26.2466,10.8567,2049.4642,800.0243,95.5212,16.0648,809.7845,53.9570
2028-10-02,31.3057,0.0000,29.1790,11.8794,2055.8032,803.5017,94.8470,15.4255,812.8026,52.6135
2028-10-03,30.4392,0.0000,29.2473,8.2509,2061.9863,806.8829,94.6073,12.4315,815.7404,45.9467
2028-10-04,30.5457,0.0000,28.0680,6.0743,2068.1885,810.3320,94.6582,11.2184,818.7160,43.0383
2028-10-05,30.1237,0.0000,28.4321,6.4016,2074.3148,813.7178,94.6517,11.3948,821.6439,43.4697
2028-10-06,29.5312,0.0763,30.6971,7.3284,2080.3344,816.9344,94.2254,11.2579,824.4640,43.1353
2028-10-07,29.0198,0.0931,39.3907,6.3150,2086.2620,819.7004,92.7346,8.6907,827.0364,36.4788
2028-10-08,29.1685,0.2281,41.9107,7.0395,2092.2163,822.3646,92.0736,8.2124,829.5620,35.1455
2028-10-09,27.4433,1.1060,44.1437,7.5230,2097.8601,824.7803,87.5588,4.4134,831.9002,23.0099
2028-10-10,25.6950,0.0000,40.8305,9.5902,2103.1892,827.1826,89.6093,6.5725,834.1696,30.2921
2028-10-11,25.2802,0.0002,41.6836,5.1930,2108.4436,829.5135,89.7351,5.3621,836.3880,26.3623
2028-10-12,30.5314,0.0000,33.6662,6.7354,2114.6433,832.6928,91.9100,7.9026,839.2234,34.2637
2028-10-13,30.3376,0.0558,39.7086,9.8244,2120.8081,835.5647,91.9600,9.2991,841.8956,38.1281
2028-10-14,30.8290,0.0072,37.4134,11.1546,2127.0613,838.5926,92.0100,10.0143,844.6643,40.0068
2028-10-15,28.6078,0.0000,37.5398,11.5189,2132.9147,841.4041,92.0601,10.2722,847.2442,40.6694
2028-10-16,27.4969,0.1605,45.5085,6.5730,2138.5681,843.7652,91.1999,7.0868,849.5562,31.8659
2028-10-17,27.2835,0.0522,48.7502,7.1831,2144.1832,845.9693,90.5331,6.6451,851.7811,30.5174
2028-10-18,25.1456,0.0058,43.2053,7.4266,2149.4134,848.2279,90.5826,6.7749,853.9577,30.9177
2028-10-19,26.0266,0.0000,32.5884,5.8283,2154.8022,850.9987,91.4672,7.0901,856.4249,31.8760
2028-10-20,27.2093,0.0288,28.1469,5.3610,2160.4038,854.0808,92.5647,8.0874,859.0916,34.7916
2028-10-21,28.3289,0.0757,27.9999,5.5922,2166.2070,857.2913,92.9183,8.5986,861.8625,36.2247
2028-10-22,27.8794,0.0000,26.5026,4.5145,2171.9293,860.5185,93.1726,8.4393,864.6254,35.7823
2028-10-23,27.8512,0.2153,35.1600,7.6056,2177.6465,863.3629,92.9980,9.6237,867.1937,38.9886
2028-10-24,27.9247,0.2419,40.8560,5.5117,2183.3770,865.9639,92.1418,7.6775,869.6417,33.6134
2028-10-25,23.5133,0.1136,43.4827,10.9255,2188.3134,868.0717,90.9840,8.5574,871.6834,36.1105
2028-10-26,21.5346,0.0000,34.0888,9.3540,2192.8936,870.3322,91.0336,7.9621,873.7315,34.4343
2028-10-27,19.2471,0.2394,37.2831,7.0163,2197.0621,872.2657,91.0651,7.1091,875.5330,31.9330
2028-10-28,22.7549,0.0000,28.7706,10.2073,2201.8620,874.8403,91.7391,9.1883,877.7826,37.8314
2028-10-29,23.8695,0.0000,27.9259,12.6471,2206.8625,877.5671,92.1659,11.0369,880.1484,42.5911
2028-10-30,25.2399,0.0000,33.5130,10.2910,2212.1097,880.2206,92.2160,9.8709,882.5262,39.6349
2028-10-31,23.8148,0.0000,37.6490,9.1141,2217.1003,882.5744,91.8921,8.8863,884.7021,37.0143
2028-11-01,23.9444,0.0000,33.3081,9.0147,2221.1143,884.7889,91.9420,8.9046,886.6135,37.0643
2028-11-02,22.5600,0.0000,37.9353,11.5913,2224.8791,886.7357,91.6197,9.6865,888.3408,39.1535
2028-11-03,22.4202,0.0000,39.7389,11.5645,2228.6187,888.6149,91.2700,9.2048,890.0289,37.8757
2028-11-04,22.5504,0.0000,42.2325,10.0484,2232.3818,890.4262,90.8605,8.0446,891.6877,34.6699
2028-11-05,22.6247,0.0097,44.6796,9.4798,2236.1583,892.1663,90.4380,7.3596,893.3133,32.6808
2028-11-06,21.7409,0.0085,45.7709,12.3162,2239.7756,893.8085,90.0709,8.0560,894.8581,34.7022
2028-11-07,22.4889,0.0051,40.5814,11.5017,2243.5276,895.6667,90.1203,7.7869,896.5380,33.9305
2028-11-08,22.4247,0.1125,38.5777,10.8624,2247.2681,897.5824,90.1697,7.5936,898.2443,33.3689
2028-11-09,19.1762,0.2717,57.5270,7.9998,2250.4238,898.7242,88.1696,4.9339,899.4463,24.8831
2028-11-10,19.2635,5.5330,72.8415,8.5796,1568.9176,103.1215,57.0277,0.5110,177.1360,3.2927
2028-11-11,19.3299,0.5737,60.5972,7.0053,1572.1009,104.1887,74.6029,1.0673,178.7598,7.0614
2028-11-12,21.1446,0.0000,42.5326,6.9492,1575.6110,105.8836,85.3630,3.1446,181.3068,17.1650
2028-11-13,21.3896,0.0004,49.4689,8.3787,1579.1651,107.3902,87.1661,4.3566,183.5713,21.8209
2028-11-14,20.9908,0.0000,49.9596,6.7626,1582.6474,108.8558,87.4734,4.1960,185.7684,21.2875
2028-11-15,19.9702,0.0000,47.3987,5.2290,1585.9461,110.3252,87.7531,4.0424,187.9619,20.7671
2028-11-16,20.2140,0.0000,40.8975,6.1591,1589.2886,111.9954,88.7431,4.8826,190.4404,23.8021
2028-11-17,19.1391,0.0002,45.1130,9.7490,1592.4376,113.4681,88.7920,5.8920,192.6232,27.1693
2028-11-18,18.4218,0.0000,44.4884,11.0239,1595.4576,114.9049,88.8410,6.3272,194.7458,28.5730
2028-11-19,18.4615,0.0048,46.8073,8.7866,1598.4846,116.2844,88.8900,5.6925,196.7809,26.6152
2028-11-20,18.7362,0.0174,47.8111,6.9546,1601.5612,117.6569,88.9390,5.2272,198.8019,25.1239
2028-11-21,19.3671,0.0012,45.9287,5.6701,1604.7512,119.1242,88.9880,4.9342,200.9550,24.1668
2028-11-22,19.5051,0.0007,45.2736,5.9957,1607.9661,120.6192,89.0370,5.0512,203.1423,24.6011
2028-11-23,18.8273,0.0165,45.7229,4.6448,1611.0591,122.0532,89.0860,4.7522,205.2350,23.6009
2028-11-24,18.4600,0.0137,40.0043,8.6827,1614.0859,123.6090,89.1351,5.8656,207.4928,27.3542
2028-11-25,16.6747,0.0000,40.0728,9.7159,1616.7913,125.0212,89.1842,6.2228,209.5357,28.5145
2028-11-26,16.5908,0.0000,40.5039,7.1529,1619.4817,126.4167,89.2332,5.5075,211.5495,26.2500
2028-11-27,16.9898,0.0005,42.3761,8.3954,1622.2438,127.7987,89.2824,5.9048,213.5411,27.5666
2028-11-28,16.7560,0.2873,48.8115,10.3783,1624.9639,129.0105,88.8016,6.0901,215.2899,28.1792
2028-11-29,13.8066,3.4063,60.5946,13.9378,1479.8079,85.3103,66.9014,1.1421,149.1278,7.0925
2028-11-30,13.5678,0.1546,58.1849,8.5718,1481.9541,86.1235,77.7685,1.4235,150.3963,8.6544
2028-12-01,16.5655,1.2259,73.5621,7.7574,1484.6399,86.6542,73.8980,1.0706,151.2398,6.7192
2028-12-02,17.5305,0.1566,65.8313,4.1521,1487.4994,87.3776,79.8592,1.3816,152.3781,8.4719
2028-12-03,17.7645,0.0002,54.3816,8.0706,1490.4010,88.3556,84.2989,2.8767,153.9017,15.4137
2028-12-04,16.9175,0.1002,55.9606,8.8123,1493.1502,89.2573,85.3947,3.4693,155.3051,17.7889
2028-12-05,15.4706,0.0038,47.0918,11.9690,1495.6389,90.2536,86.6790,4.8714,156.8453,22.8045
2028-12-06,13.6712,0.0000,43.2451,8.9370,1497.8037,91.2063,87.2885,4.5599,158.3122,21.8127
2028-12-07,15.3191,0.0000,43.8017,6.8871,1500.2651,92.2549,87.5974,4.2979,159.9244,20.9639
2028-12-08,14.1092,0.0000,48.7910,6.7466,1502.5088,93.1400,87.6460,4.2973,161.2849,21.0079
2028-12-09,12.0630,0.0001,43.6743,9.0496,1504.3841,93.9825,87.6946,4.8598,162.5740,22.9780
2028-12-10,12.2836,0.0002,35.4534,10.1128,1506.2992,94.9642,88.4544,5.7171,164.0692,25.8023
2028-12-11,13.1916,0.0000,36.7074,7.5059,1508.3776,95.9921,88.6194,5.1334,165.6324,23.9894
2028-12-12,14.0198,0.0058,41.1901,7.7821,1510.6052,97.0026,88.6683,5.2420,167.1686,24.3961
2028-12-13,14.5994,0.0071,40.9643,6.3932,1512.9371,98.0559,88.7172,4.9222,168.7666,23.3915
2028-12-14,13.4185,0.0001,50.3400,8.2226,1515.0564,98.8752,88.1145,4.9503,170.0122,23.5242
2028-12-15,14.2773,0.0806,63.7023,8.1897,1517.3304,99.5095,86.3860,3.8631,170.9851,19.7271
2028-12-16,14.0370,0.0008,51.1799,7.2173,1519.5610,100.3493,86.4342,3.7035,172.2592,19.1617
2028-12-17,16.1978,0.0008,55.0561,8.3383,1522.1806,101.2327,86.4824,3.9455,173.6019,20.0981
2028-12-18,14.2870,0.0000,44.2654,8.1417,1524.4563,102.2073,87.1698,4.3072,175.0706,21.4458
2028-12-19,15.2622,0.0000,44.2199,6.6684,1526.9075,103.2445,87.5010,4.1926,176.6309,21.0736
2028-12-20,14.6992,0.0000,44.7996,8.1991,1529.2573,104.2356,87.5495,4.5603,178.1192,22.4144
2028-12-21,13.8898,0.0000,44.4839,6.6867,1531.4615,105.1812,87.5981,4.2551,179.5360,21.3673
2028-12-22,14.9726,0.0000,38.4646,8.7586,1533.8606,106.3052,88.3525,5.2625,181.2127,24.8718
2028-12-23,15.6443,0.0000,42.4230,6.7384,1536.3806,107.4008,88.4013,4.7866,182.8468,23.3104
2028-12-24,15.4961,0.0000,44.8894,8.7358,1538.8739,108.4402,88.4502,5.3306,184.3957,25.1738
2028-12-25,15.1964,0.0000,43.2985,8.5636,1541.3132,109.4902,88.4990,5.3217,185.9561,25.1809
2028-12-26,14.4914,0.0000,47.9526,5.7922,1543.6257,110.4124,88.4297,4.5823,187.3270,22.6985
2028-12-27,11.6891,5.1958,74.0826,10.9100,1330.8306,66.7297,52.8105,0.3906,118.5934,1.7374
2028-12-28,10.0118,1.1617,55.0866,17.6036,1332.3367,67.2969,68.1296,1.4311,119.5033,7.8440
2028-12-29,8.5025,0.0000,34.4335,10.4687,1333.5712,68.0124,80.6482,2.0657,120.6427,10.7828
2028-12-30,9.6262,0.0000,30.3021,9.5866,1335.0079,68.8619,86.3847,4.1440,121.9924,18.5889
2028-12-31,11.7652,0.0305,46.3170,9.1380,1336.8296,69.6468,86.6021,4.1779,123.2418,18.7817
2029-01-01,11.7079,0.0115,58.6531,6.2925,1338.6411,70.2987,86.3010,3.4690,124.2809,16.4187
2029-01-02,12.3926,0.0000,52.9324,7.1190,1340.5757,71.0805,86.3492,3.6412,125.5224,17.0973
2029-01-03,13.1564,0.0000,52.2677,7.3219,1342.6479,71.9183,86.3973,3.7037,126.8500,17.3916
2029-01-04,13.3890,0.0000,54.7281,8.2798,1344.7619,72.7258,86.4455,3.9134,128.1284,18.1899
2029-01-05,14.8214,0.0001,52.5337,9.3051,1347.1337,73.6562,86.4937,4.1491,129.5976,19.0743
2029-01-06,14.7151,0.0168,53.1124,11.1183,1349.4865,74.5691,86.5419,4.5772,131.0364,20.5712
2029-01-07,14.9334,0.0016,51.7421,12.3391,1351.8785,75.5217,86.5901,4.9009,132.5336,21.6978
2029-01-08,14.4947,0.0087,53.7222,9.5418,1354.1915,76.4101,86.6383,4.2858,133.9281,19.7774
2029-01-09,13.2165,0.0000,54.5187,5.1551,1356.2745,77.2117,86.6866,3.4594,135.1837,16.9500
2029-01-10,13.0695,0.0000,48.0876,7.6530,1358.3310,78.1173,86.7348,3.9504,136.5956,18.7716
2029-01-11,14.4993,0.0000,43.5998,6.5697,1360.6449,79.2004,87.3464,4.0807,138.2786,19.3072
2029-01-12,16.4400,0.0000,45.6452,6.6155,1363.3081,80.3741,87.5174,4.1912,140.0993,19.7769
2029-01-13,17.2637,0.0000,43.9288,8.5905,1366.1196,81.6418,87.8910,4.8840,142.0593,22.1786
2029-01-14,15.7173,0.0001,52.4575,9.2966,1368.6527,82.6261,87.8419,5.0255,143.5819,22.7115
2029-01-15,15.0141,0.0000,54.0386,8.0783,1371.0592,83.5379,87.5644,4.5423,144.9903,21.1994
2029-01-16,15.1485,0.0000,52.9601,8.1969,1373.4899,84.4788,87.6130,4.6014,146.4401,21.4641
2029-01-17,14.5516,0.0100,53.0787,9.0541,1375.8132,85.3829,87.5532,4.7636,147.8301,22.0660
2029-01-18,15.1932,0.0000,49.2979,9.6677,1378.2520,86.4000,87.6018,4.9474,149.3878,22.7393
2029-01-19,14.4078,0.0000,49.3793,10.2420,1380.5494,87.3664,87.6504,5.1282,150.8646,23.3909
2029-01-20,14.1779,0.0000,49.5317,8.8722,1382.8054,88.3156,87.6989,4.8195,152.3120,22.4482
2029-01-21,15.1462,0.0018,45.7117,6.8042,1385.2357,89.4014,87.7475,4.3729,153.9616,21.0071
2029-01-22,14.6281,0.0019,43.5422,7.8340,1387.5728,90.4946,87.7962,4.6380,155.6167,21.9759
2029-01-23,14.4681,0.0000,41.1223,8.9641,1389.8810,91.6231,87.9954,5.0518,157.3193,23.4168
2029-01-24,14.3982,0.0000,44.7244,9.8529,1392.1767,92.6777,88.0441,5.3202,158.9089,24.3478
2029-01-25,15.5188,0.0104,46.5586,6.4667,1394.6741,93.7711,88.0928,4.5171,160.5548,21.7463
2029-01-26,14.9948,0.0004,48.5143,5.6177,1397.0772,94.7912,88.1415,4.3582,162.0884,21.2480
2029-01-27,15.4349,0.0244,53.2764,7.0261,1399.5594,95.7423,87.7970,4.4535,163.5193,21.6266
2029-01-28,14.7350,0.0696,66.5300,8.8435,1401.9157,96.3948,85.9498,3.7547,164.5106,19.1469
2029-01-29,17.0227,0.4908,56.7683,9.6864,1404.6838,97.3594,85.9978,3.9441,165.9615,19.8879
2029-01-30,15.6197,0.0000,39.6701,6.8019,1407.1994,98.6012,87.7797,4.3926,167.8071,21.5478
2029-01-31,16.2806,0.0000,31.7409,9.9903,1409.8339,100.0617,89.5873,6.6852,169.9656,28.9565
2029-02-01,15.5052,0.0000,42.1252,11.4594,1412.3288,101.4269,89.5750,7.1862,171.9772,30.4836
2029-02-02,15.6421,0.0002,48.5205,6.7514,1414.8484,102.6512,88.8421,5.1025,173.7815,24.1427
2029-02-03,11.2053,0.4725,49.3933,11.6840,1416.5693,103.5357,88.0284,5.8214,175.0803,26.5003
2029-02-04,11.1061,0.0419,40.0961,9.8856,1418.2724,104.5744,88.0772,5.3543,176.5961,25.0503
2029-02-05,12.9265,0.0000,36.0155,6.0401,1420.3032,105.8493,88.5522,4.7222,178.4506,22.9837
2029-02-06,14.3754,0.0000,40.1049,4.8654,1422.5948,107.1659,88.6011,4.4821,180.3642,22.1944
2029-02-07,15.2553,0.0000,39.6851,4.5519,1425.0447,108.5672,88.6500,4.4430,182.3950,22.1023
2029-02-08,16.0530,0.0000,37.3587,5.5992,1427.6383,110.0935,88.9260,4.8731,184.5984,23.6463
2029-02-09,12.9557,1.6076,61.8791,9.7867,1429.6743,103.4272,76.1597,1.3449,175.1729,8.6308
2029-02-10,12.1511,0.0007,36.6067,10.7949,1431.5655,104.6204,84.5776,3.4267,176.9175,18.2039
2029-02-11,14.4274,0.0000,27.9543,9.3870,1433.8664,106.2095,89.0094,5.9689,179.2293,27.0830
2029-02-12,18.1081,0.0094,33.8568,8.8035,1436.8299,108.0143,89.8118,6.5032,181.8516,28.7945
2029-02-13,16.9834,0.1104,52.0608,6.4214,1439.5909,109.2457,88.6164,4.8584,183.6499,23.5747
2029-02-14,19.3501,0.3246,46.2668,10.6673,1442.7779,110.8066,88.6653,6.0598,185.9168,27.5431
2029-02-15,16.9280,2.4472,68.2299,11.5660,1445.5290,87.4312,70.8043,1.1502,151.8945,7.1883
2029-02-16,13.6489,3.4511,85.1582,9.4858,1345.4718,63.6247,49.2679,0.2416,113.7964,0.7338
2029-02-17,12.7582,0.4999,56.3980,9.5174,1347.4723,64.4831,69.6998,1.0009,115.1857,5.5006
2029-02-18,13.6882,0.0000,35.6178,4.9255,1349.6402,65.8355,82.0448,1.8370,117.3591,9.6450
2029-02-19,16.1605,0.1350,30.9715,8.9560,1352.2531,67.5280,88.1563,5.1676,120.0665,21.6634
2029-02-20,18.8517,0.0754,35.0502,5.9463,1355.3504,69.3688,89.4973,5.3828,122.9993,22.5276
2029-02-21,15.7863,5.3140,73.7599,12.6832,1207.1325,44.8662,56.7131,0.6127,82.1034,2.3713
2029-02-22,15.5721,1.5517,81.4765,8.2897,1209.6394,43.9102,58.7355,0.5717,80.5137,2.0928
2029-02-23,17.5181,0.4606,73.6334,6.4710,1212.4967,44.6075,71.3805,0.9074,81.7006,3.8561
2029-02-24,20.9515,0.0444,54.7657,6.5197,1215.9720,46.0244,82.1526,2.0170,84.0917,8.5735
2029-02-25,20.6558,0.0137,50.0150,4.3874,1219.3940,47.5692,85.9337,2.9928,86.6843,12.1347
2029-02-26,18.1996,0.0311,53.8402,5.5569,1222.3739,48.8346,86.2938,3.3394,88.8002,13.4225
2029-02-27,17.2332,0.7445,58.9083,8.4753,1225.1799,49.9047,83.7867,2.7418,90.5851,11.6081
2029-02-28,15.6739,10.6918,74.8120,11.0357,992.4834,25.6441,46.2686,0.1736,48.1762,0.2845
2029-03-01,14.8265,6.2217,68.8023,12.7056,912.3388,15.8031,46.8051,0.2041,30.2944,0.2425
2029-03-02,10.3705,1.5055,68.5133,17.3819,913.9095,15.9010,59.9513,0.9798,30.4763,1.6115
2029-03-03,8.2052,0.2437,62.0473,10.7981,915.0904,16.5029,72.1656,1.1608,31.5820,2.2332
2029-03-04,9.2320,0.1309,56.4587,8.3442,916.4562,17.2698,79.0950,1.5822,32.9856,3.4754
2029-03-05,12.1769,0.0002,44.7446,6.3421,918.3520,18.5203,84.0956,2.5657,35.2628,6.0548
2029-03-06,14.4486,0.0000,37.3773,6.6780,920.6568,20.1801,87.3148,4.0846,38.2634,9.6567
2029-03-07,17.2215,0.0000,35.0807,7.0971,923.4606,22.2076,89.0519,5.3509,41.8963,12.6790
2029-03-08,18.9216,0.0016,33.7014,7.2728,926.5705,24.4703,89.9481,6.1391,45.9094,14.8393
2029-03-09,19.4781,0.0000,32.8007,7.4296,929.7806,26.8274,90.3727,6.5756,50.0450,16.3787
2029-03-10,19.7513,0.0000,36.7585,7.5974,933.0398,29.0752,90.4222,6.6786,53.9477,17.2503
2029-03-11,12.9662,4.8801,64.9867,15.2139,882.3150,19.5642,60.4482,0.9058,37.0732,1.7861
2029-03-12,8.9463,2.2246,65.3729,14.2890,883.6293,17.1425,60.4249,0.8633,32.6990,1.3536
2029-03-13,8.1325,1.3322,56.9515,14.2400,884.7972,17.8200,67.8512,1.1971,33.9315,2.5026
2029-03-14,11.0972,0.0157,41.1307,7.1310,886.4987,19.0439,79.8762,1.6081,36.1466,3.8045
2029-03-15,12.7754,0.0053,42.2542,5.3970,888.5023,20.4097,84.7725,2.6809,38.6026,6.6932
2029-03-16,10.1375,8.0735,73.2699,13.4000,801.9288,11.2747,46.4987,0.2022,21.7837,0.1935
2029-03-17,11.8139,0.1572,55.6167,10.2223,803.7593,12.2517,68.0990,0.9856,23.6039,0.9933
2029-03-18,14.2188,4.7235,68.9267,16.1271,768.8849,8.1698,56.0930,0.6924,15.9168,0.5451
2029-03-19,12.7442,4.6971,75.7317,14.3809,736.9883,5.1342,47.6581,0.2501,10.0926,0.1517
2029-03-20,13.0257,0.8404,62.3114,12.7243,739.0370,6.0417,66.5213,1.0602,11.8414,0.7022
2029-03-21,14.0603,0.8367,53.4880,14.7245,741.2718,7.2437,77.3742,1.8810,14.1418,2.1420
2029-03-22,17.3765,0.6872,48.1701,11.5889,744.1036,8.8760,83.4551,3.0708,17.2380,4.5434
2029-03-23,18.1051,0.0484,45.0198,8.2984,747.0665,10.6759,86.7536,4.0918,20.6154,6.7270
2029-03-24,18.3135,0.0000,37.7720,6.7476,750.0669,12.7352,88.6677,4.9754,24.4333,8.8318
2029-03-25,20.1877,0.0004,35.1260,4.5720,753.4047,15.0893,89.7865,5.2353,28.7396,10.0988
2029-03-26,22.5634,0.0106,31.4316,4.8569,757.1701,17.8551,90.9767,6.2963,33.7222,12.8065
2029-03-27,22.4815,0.2968,35.2245,10.0042,760.9208,20.4589,91.0264,8.2188,38.3406,16.8233
2029-03-28,16.9513,1.8308,60.3081,12.4638,763.6760,19.8271,77.4283,1.6856,37.2372,4.1002
2029-03-29,15.8377,0.0623,39.1433,8.0936,766.2308,21.5841,85.3518,3.3261,40.3282,8.3531
2029-03-30,13.5914,0.9911,56.4984,11.9572,768.3813,22.6735,81.3833,2.4200,42.2316,6.4493
2029-03-31,16.1839,0.0524,47.6269,8.6595,770.9984,24.2165,85.4449,3.4668,44.9069,9.2397
2029-04-01,19.0492,0.0233,43.8631,6.9550,775.3812,26.9587,87.5724,4.2972,49.6057,11.7044
2029-04-02,21.6930,0.0000,34.2120,4.4755,780.2399,30.5940,89.8923,5.2896,55.7254,14.7181
2029-04-03,24.8468,0.0147,24.6288,5.0220,785.6664,35.3351,92.5677,7.9537,63.5274,21.3637
2029-04-04,27.9929,0.0086,20.9945,6.2386,791.6591,40.9074,94.2218,10.6511,72.4549,28.0280
2029-04-05,26.7178,0.0975,24.6574,9.4628,797.4223,45.9885,94.2725,12.6182,80.3869,33.0736
2029-04-06,25.9118,0.0304,31.5101,4.6884,803.0404,50.4735,93.6089,9.0479,87.2390,27.5309
2029-04-07,26.5762,0.0945,28.6607,9.6747,808.7781,55.2601,93.6594,11.7145,94.3961,34.0622
2029-04-08,25.8835,0.1206,20.8266,17.6131,814.3912,60.4394,94.0984,18.5738,101.9613,47.5235
2029-04-09,25.1224,0.0603,31.4550,15.4980,819.8672,64.7969,93.3791,15.1078,108.2127,42.7543
2029-04-10,25.0052,0.0001,38.7736,7.7912,825.3221,68.6717,92.1612,8.6356,113.6935,30.2288
2029-04-11,24.0994,0.0034,37.1521,11.5626,830.6140,72.5112,91.9788,10.1773,119.0420,34.3818
2029-04-12,23.1438,0.0059,34.1665,9.3362,835.7339,76.3805,92.0288,9.1618,124.3493,32.6112
2029-04-13,26.5052,0.0797,26.5990,6.9464,841.4589,81.2928,92.8321,9.0953,130.9566,33.0754
2029-04-14,23.9290,0.2771,37.4568,13.0859,846.7201,85.0878,92.0524,11.1043,136.0070,38.2072
2029-04-15,26.0265,0.1517,38.7054,11.5175,852.3588,89.1188,91.9850,10.1631,141.3026,36.4974
2029-04-16,21.1575,0.6475,49.2221,15.5548,857.1212,91.8587,88.1094,7.1578,144.8958,29.1075
2029-04-17,21.3733,0.0236,37.3891,11.6417,861.9224,95.2699,89.5792,7.2569,149.2873,29.6401
2029-04-18,23.2011,0.1367,39.9861,7.7311,867.0526,98.8055,89.7015,6.0644,153.7962,26.4359
2029-04-19,25.1234,0.0156,35.3764,10.8011,872.5288,102.9139,90.7532,8.2286,158.9561,32.7943
2029-04-20,22.6461,0.2920,47.6290,13.2571,877.5591,105.9288,89.9824,8.3407,162.7457,33.2780
2029-04-21,23.6008,0.1013,47.3368,9.7182,882.7612,109.0824,90.0042,7.0003,166.6750,29.7483
2029-04-22,27.1834,0.0001,30.9091,7.7684,888.6082,113.8199,91.8817,8.2915,172.4257,33.5642
2029-04-23,30.7101,0.0000,23.3111,7.2330,895.0900,119.7339,94.1436,11.0779,179.4548,40.8742
2029-04-24,31.2342,0.0000,23.7386,12.3171,901.6662,125.7120,94.3597,14.7465,186.4395,49.3353
2029-04-25,30.7312,0.0034,19.9783,20.1154,908.1518,131.8872,95.0881,24.1446,193.5156,67.1433
2029-04-26,28.9649,0.0248,27.7777,15.0077,914.3195,137.1512,94.6720,17.6301,199.4914,55.6426
2029-04-27,22.9493,0.0423,45.5965,15.3855,919.4044,140.3231,91.0152,10.7616,203.1372,40.8457
2029-04-28,22.8629,0.5980,45.8672,13.8275,924.4737,143.4679,88.5704,7.0097,206.7303,30.8623
2029-04-29,23.3001,0.3664,44.6366,12.4240,929.6217,146.7428,88.8384,6.7872,210.4397,30.2587
2029-04-30,25.5435,0.6202,39.3885,13.3159,935.1735,150.6579,89.6169,7.9385,214.8030,33.6767
2029-05-01,26.1072,0.0360,30.3766,9.9096,942.2768,155.6448,91.7701,9.0914,220.3120,36.9130
2029-05-02,27.0546,0.0000,22.7470,7.6834,949.5507,161.3709,93.6336,10.5581,226.5075,40.7741
2029-05-03,29.8329,0.0000,20.7852,10.4445,957.3246,167.8218,94.7008,14.0641,233.3683,49.0421
2029-05-04,32.9697,0.0000,17.1291,9.7922,965.6631,175.2548,96.0513,16.3614,241.1128,54.0062
2029-05-05,32.8428,0.0000,18.2366,7.5745,973.9788,182.5612,96.1027,14.7335,248.6200,50.6789
2029-05-06,30.9354,0.1005,24.4193,10.0268,981.9512,188.9355,95.7101,15.8076,255.1423,53.0159
2029-05-07,29.1172,0.0000,26.3223,12.0226,989.5963,194.7967,95.0728,16.0254,261.1021,53.5201
2029-05-08,27.9614,0.0600,21.7598,16.3484,997.0333,200.7828,95.1239,20.0682,267.0960,61.5088
2029-05-09,29.2045,0.3477,25.7607,15.1177,1004.6941,206.7057,95.0421,18.6516,272.9960,58.8613
2029-05-10,25.8459,0.1318,38.1747,16.3957,1011.7504,211.0915,92.5431,14.0596,277.4600,49.4260
2029-05-11,24.5754,0.0843,37.8842,14.4561,1018.5780,215.2902,92.0028,11.8148,281.7181,44.2973
2029-05-12,24.4828,0.2481,38.1436,15.0629,1025.3889,219.4563,91.8441,11.9112,285.9261,44.5444
2029-05-13,23.7023,0.4424,33.8489,11.7306,1032.0593,223.7757,91.8940,10.1414,290.2294,40.1921
2029-05-14,24.0642,0.8198,28.8224,11.2066,1038.7948,228.4912,90.8162,8.4744,294.8473,35.7640
2029-05-15,25.4120,0.0765,22.6787,8.8396,1045.7730,233.8879,93.2615,10.6258,300.0242,41.4490
2029-05-16,27.7713,0.0000,15.6258,6.2248,1053.1758,240.3011,95.4009,12.5139,306.0341,46.0285
2029-05-17,27.9742,0.0001,20.1238,13.9256,1060.6152,246.4150,95.4520,18.5756,311.7539,58.8865
2029-05-18,21.2815,2.6766,46.4756,16.8283,1066.8499,121.7303,80.2027,2.7124,189.4256,15.4813
2029-05-19,21.6366,0.5963,34.1968,11.9476,1073.1484,125.6691,88.2500,6.0897,194.4201,27.8293
2029-05-20,25.2752,0.0000,20.1182,6.5577,1080.1020,131.2158,93.3207,9.5502,201.2958,37.7602
2029-05-21,26.5878,0.0000,19.6805,7.9846,1087.2918,137.0705,94.3790,11.8860,208.4461,43.6609
2029-05-22,28.0916,0.0000,16.3313,10.2952,1094.7522,143.5006,95.4521,15.4705,216.1640,51.7440
2029-05-23,29.6425,0.0000,18.7218,9.7712,1102.4919,150.0788,95.5033,15.1726,223.9452,51.2737
2029-05-24,29.8927,0.0027,25.1095,10.2941,1110.2766,156.1893,95.3282,15.2104,231.1023,51.4731
2029-05-25,28.8791,3.4510,35.0527,12.6083,1070.4352,98.1415,84.9792,3.9664,159.6823,19.7754
2029-05-26,22.7907,1.3050,45.2868,19.1797,1076.9415,101.5827,85.0952,5.6123,164.3982,25.4854
2029-05-27,23.9435,0.1058,38.9247,14.9571,1083.6554,105.6095,89.3227,8.2664,169.8391,33.3933
2029-05-28,25.0780,0.0218,36.6106,13.3475,1090.5734,109.9781,90.4991,9.0217,175.6684,35.6195
2029-05-29,25.7980,0.1685,40.3045,11.4071,1097.6210,114.2054,90.5486,8.2395,181.2611,33.7385
2029-05-30,25.8046,0.3473,40.8179,14.9578,1104.6699,118.3973,90.5981,9.9238,186.7543,38.3140
2029-05-31,21.0323,5.2594,63.1382,13.0304,1024.4673,71.4666,66.3233,1.0691,121.7075,6.0567
2029-06-01,24.1587,0.4213,41.2162,8.8030,1032.2199,75.3756,84.9197,3.2477,127.4790,15.7905
2029-06-02,29.2082,0.0667,23.5817,8.0923,1040.8814,81.4731,93.0764,9.9715,136.2788,35.6319
2029-06-03,32.5570,0.0174,20.3189,10.6197,1050.1456,88.5334,95.2037,15.2014,146.2438,47.7545
2029-06-04,35.2878,0.0000,16.3407,9.5736,1059.9014,96.5477,96.6128,17.4543,157.2787,53.0469
2029-06-05,37.6188,0.0000,13.1217,9.8381,1070.0768,105.4035,97.7067,20.4674,169.1528,59.4386
2029-06-06,36.9580,0.0000,14.3527,12.6284,1080.1333,113.9849,97.7586,23.7198,180.3813,65.7561
2029-06-07,37.5982,0.0000,15.8392,9.6582,1090.3049,122.5591,97.8105,20.5635,191.3461,60.8281
2029-06-08,37.5949,0.0000,14.2242,10.2400,1100.4760,131.2971,97.8624,21.3212,202.2642,62.6121
2029-06-09,38.1570,0.0000,13.5808,10.5049,1110.7483,140.2286,97.9144,21.7566,213.1753,63.7273
2029-06-10,39.0758,0.0008,12.8401,11.4989,1121.1859,149.4474,98.0171,23.1863,224.1876,66.5084
2029-06-11,36.0330,0.0243,21.1156,11.4101,1131.0759,157.1590,97.2936,20.9718,233.2833,62.7641
2029-06-12,35.7078,0.0000,17.3907,10.8784,1140.9073,165.1641,97.3453,20.5585,242.5470,62.1539
2029-06-13,34.7497,0.0000,19.1255,10.0538,1150.5662,172.7970,97.3244,19.6669,251.2569,60.6060
2029-06-14,34.8691,0.0000,24.6904,10.7143,1160.2466,179.9284,96.4078,17.9842,259.3200,57.4547
2029-06-15,34.3688,0.0000,26.4660,10.9147,1169.8370,186.7948,95.8794,16.9151,267.0043,55.3866
2029-06-16,33.4673,0.0011,28.5220,14.3901,1179.2651,193.2996,95.3029,18.6329,274.2250,58.8332
2029-06-17,30.4543,0.0000,21.3876,15.0665,1188.1509,199.8301,95.3540,19.4138,281.3588,60.3731
2029-06-18,31.0382,0.0000,21.8718,12.3988,1197.1418,206.4404,95.4051,17.0905,288.5037,55.8654
2029-06-19,35.0594,0.0000,19.1433,5.8291,1206.8565,214.1376,95.9867,13.2829,296.6746,47.7692
2029-06-20,36.2974,0.0000,20.7703,11.8675,1216.7940,221.9381,96.0380,18.1323,304.8623,58.0005
2029-06-21,36.3590,0.0000,20.0815,11.9115,1226.7426,229.8194,96.0894,18.2992,313.0302,58.3514
2029-06-22,36.8659,0.0000,14.8294,10.9921,1236.7825,238.3323,97.2209,20.3368,321.6884,62.2592
2029-06-23,36.7454,0.0000,17.6729,11.6742,1246.8006,246.5349,97.2726,21.1935,329.9594,63.8563
2029-06-24,33.7414,0.0000,30.8597,14.6390,1256.2781,252.8769,95.1087,18.3739,336.4455,58.5455
2029-06-25,34.4916,0.0000,23.8810,12.3304,1265.8906,260.0093,95.1597,16.4706,343.5888,54.7426
2029-06-26,34.8847,0.0000,20.4174,11.6753,1275.5738,267.5486,95.6894,17.1287,351.0286,56.0920
2029-06-27,32.7400,0.0000,21.7945,13.7064,1284.8710,274.5158,95.7407,19.1071,357.8779,59.9916
2029-06-28,34.8205,0.0000,23.1645,8.2472,1294.5427,281.7819,95.7919,14.6132,364.9616,50.8375
2029-06-29,36.1096,0.0000,21.7032,15.8577,1304.4465,289.4519,95.8432,21.5932,372.3474,64.6363
2029-06-30,34.1116,0.0063,21.1695,14.7011,1313.9905,296.7595,95.8945,20.5128,379.3387,62.6605
2029-07-01,37.0449,0.0030,17.8320,9.9038,1324.3626,304.1205,96.6078,17.7352,386.4084,57.3332
2029-07-02,38.0383,0.0000,18.4107,8.2488,1334.9135,311.6201,96.6713,16.4560,393.5601,54.7497
2029-07-03,39.9642,0.0042,14.3881,9.3443,1345.8111,319.8767,97.7996,20.2116,401.2986,62.1100
2029-07-04,40.3375,0.0137,14.6062,9.8535,1356.7758,328.1871,97.8515,20.8799,409.0275,63.3522
2029-07-05,40.8644,0.1873,15.8251,7.9096,1367.8354,336.4830,97.9035,19.0620,416.6993,59.9364
2029-07-06,38.8664,0.0725,18.9080,9.8255,1378.5354,344.0946,97.9554,21.1387,423.7560,63.8312
2029-07-07,36.9726,0.0000,16.0632,10.5710,1388.8944,351.5998,98.0074,22.0991,430.6507,65.5716
2029-07-08,36.1640,0.0254,19.0729,10.7498,1399.1079,358.6823,97.6547,21.2824,437.1742,64.0964
2029-07-09,35.9734,0.0248,17.8245,11.2128,1409.2872,365.8373,97.7065,21.9351,443.7146,65.2796
2029-07-10,38.5721,0.0000,12.2253,6.5779,1419.9341,374.0155,98.0608,18.1988,451.0263,58.2657
2029-07-11,39.8798,0.0000,14.2455,9.4935,1430.8165,382.2688,98.1128,21.2241,458.3776,63.9927
2029-07-12,38.5680,0.0000,19.5850,10.4247,1441.4628,389.7605,97.9073,21.6485,465.1133,64.7650
2029-07-13,36.3882,0.0000,21.4883,11.8097,1451.7166,396.6729,97.2537,21.2849,471.3570,64.1049
2029-07-14,37.1563,0.0000,19.0441,10.2420,1462.1088,403.9466,97.3054,19.8042,477.8477,61.3581
2029-07-15,38.1557,0.0000,14.8150,9.2688,1472.6808,411.8001,97.4607,19.2499,484.7372,60.3054
2029-07-16,38.5820,0.0000,14.6163,8.9241,1483.3296,419.7575,97.5701,19.1953,491.6753,60.2013
2029-07-17,39.8224,0.0000,13.1270,8.2136,1494.2016,428.1068,98.0552,19.7480,498.8775,61.2530
2029-07-18,39.7171,0.0000,13.5444,7.0737,1505.0547,436.3945,98.1073,18.7740,505.9994,59.3905
2029-07-19,39.3732,0.0000,12.6300,9.5003,1515.8458,444.6994,98.1593,21.3618,513.0896,64.2471
2029-07-20,37.5762,0.0000,13.4580,10.2889,1526.3136,452.5603,98.2113,22.3806,519.8067,66.0822
2029-07-21,36.7129,0.0000,17.8217,11.0800,1536.6259,459.8582,97.9666,22.5513,526.1047,66.3858
2029-07-22,38.2607,0.0000,12.1930,9.2553,1547.2168,467.9751,98.0350,20.7570,532.9538,63.1386
2029-07-23,36.9538,0.0000,12.0468,11.6619,1557.5725,475.8357,98.0871,23.5944,539.5740,68.2176
2029-07-24,34.6092,0.0000,16.6303,12.1229,1567.5061,482.8275,97.8682,23.4610,545.5503,67.9856
2029-07-25,36.4590,0.0000,12.6612,7.0548,1577.7728,490.5316,97.9201,18.2985,552.0109,58.4656
2029-07-26,37.0726,0.0000,16.6911,8.2889,1588.1498,498.0003,97.9721,19.6067,558.3177,60.9868
2029-07-27,37.6619,0.0000,16.6734,7.7728,1598.6330,505.5859,98.0241,19.2350,564.6943,60.2787
2029-07-28,37.4040,0.0000,19.3854,9.5286,1609.0697,512.8758,97.7713,20.3239,570.8605,62.3356
2029-07-29,37.6007,0.0000,19.0864,8.7366,1619.5418,520.2301,97.7941,19.5879,577.0552,60.9513
2029-07-30,38.1556,0.0000,14.8683,9.1796,1630.1138,528.0787,97.8461,20.1681,583.5511,62.0445
2029-07-31,36.8197,0.0000,21.4518,12.5395,1640.4454,535.0740,97.3034,22.2288,589.4703,65.8123
2029-08-01,36.8905,0.0000,23.9258,10.8274,1650.0897,541.0405,96.8097,19.0904,594.6435,60.0017
2029-08-02,36.5212,0.0000,25.9109,9.8138,1659.6675,546.7948,96.3455,17.0428,599.6704,55.9650
2029-08-03,38.2837,0.0000,21.2449,6.7112,1669.5626,553.1980,96.3970,14.6776,605.1311,51.0085
2029-08-04,40.9662,0.0000,15.5268,6.3641,1679.9405,560.5340,97.7104,17.1890,611.2169,56.2604
2029-08-05,41.4522,0.0000,11.3494,8.7588,1690.4059,568.3218,98.6325,21.8978,617.5696,65.2187
2029-08-06,41.8313,0.0000,11.3578,8.5896,1700.9395,576.1781,98.7040,21.9161,623.9567,65.2516
2029-08-07,42.6268,0.0000,12.0423,7.6216,1711.6163,584.1182,98.7562,21.0159,630.3998,63.6158
2029-08-08,41.2635,0.0000,14.6949,9.0334,1722.0477,591.5788,98.8085,22.7200,636.5065,66.6857
2029-08-09,40.1382,0.0102,15.4872,10.6700,1732.2766,598.7738,98.8607,24.8421,642.4119,70.3590
2029-08-10,39.9583,0.0025,16.1756,10.0516,1742.4731,605.8790,98.7661,23.7839,648.2484,68.5469
2029-08-11,36.9741,0.0000,27.0001,13.8907,1752.1324,611.6170,96.4312,21.1724,653.2014,63.9027
2029-08-12,35.5686,0.0000,27.7447,12.5922,1761.5388,617.0868,95.8243,18.2701,657.9529,58.4103
2029-08-13,35.0793,0.0000,23.7279,11.7863,1770.8571,622.7836,95.8756,17.6654,662.8135,57.2155
2029-08-14,34.6375,0.0000,22.7543,11.5655,1780.0958,628.4826,95.9269,17.5918,667.6564,57.0688
2029-08-15,34.7741,0.0000,27.6189,10.3947,1789.3591,633.8432,95.6658,16.0068,672.3084,53.8362
2029-08-16,36.5363,0.0000,25.2145,7.5328,1798.9397,639.6540,95.7170,13.9539,677.2652,49.4192
2029-08-17,38.9769,0.0000,22.7989,5.4337,1808.9595,646.0414,95.8825,12.8384,682.6175,46.8932
2029-08-18,41.1731,0.0000,19.1552,6.2740,1819.3747,653.0968,96.9944,15.5562,688.4053,52.8902
2029-08-19,41.5012,0.0000,20.3877,8.9429,1829.8489,660.0986,97.0461,17.9187,694.1653,57.7182
2029-08-20,40.2086,0.0000,17.5106,9.0990,1840.0904,667.1333,97.2137,18.4688,699.8930,58.7989
2029-08-21,38.8403,0.0000,18.2338,9.2541,1850.0857,673.8753,97.2655,18.7425,705.4070,59.3308
2029-08-22,35.8695,0.0000,27.2144,13.8121,1859.5462,679.4305,96.0621,20.0642,710.1680,61.8501
2029-08-23,29.3764,0.0000,31.1607,19.3696,1867.8380,683.7616,94.2799,20.8085,714.0450,63.2344
2029-08-24,25.3680,0.0152,26.2810,15.9227,1875.4082,687.7898,94.2644,17.4535,717.6238,56.7922
2029-08-25,29.4528,0.0000,16.8114,4.8039,1883.7137,693.0369,95.5054,11.8164,721.9982,44.4890
2029-08-26,33.4088,0.0000,14.8939,4.4583,1892.7313,699.1001,96.6256,13.5116,726.9415,48.4293
2029-08-27,35.6857,0.0000,14.5361,6.6573,1902.1587,705.5904,97.1221,16.1322,732.1853,54.0972
2029-08-28,34.7852,0.0000,18.1901,11.5718,1911.4240,711.6512,97.1738,20.8085,737.1619,63.2344
2029-08-29,34.4878,0.0000,19.7252,11.1299,1920.6358,717.5489,97.1570,20.3047,742.0364,62.3000
2029-08-30,34.1718,0.0000,23.2851,9.4848,1929.7908,723.1351,96.5367,17.1997,746.7299,56.2821
2029-08-31,35.2770,0.0000,24.4741,8.6986,1939.1446,728.8070,96.3698,16.1644,751.5029,54.1641
2029-09-01,35.5367,0.0241,25.7570,10.4552,1947.2452,733.6496,96.1595,17.1664,755.5970,56.2151
2029-09-02,33.9636,0.1084,30.0659,9.1024,1955.0627,738.0153,95.1843,14.0451,759.3831,49.6217
2029-09-03,33.0883,0.0547,39.7986,8.9168,1962.7226,741.6796,93.2819,10.6976,762.7672,41.7460
2029-09-04,34.5100,0.0001,30.3780,7.7864,1970.6384,746.0935,93.5168,10.4418,766.5952,41.1010
2029-09-05,37.0872,0.0000,22.6100,4.6040,1979.0181,751.3551,95.4805,11.6583,770.9561,44.1088
2029-09-06,37.2570,0.0000,24.9713,10.7296,1987.4283,756.4787,95.5317,15.9850,775.2475,53.7908
2029-09-07,36.8809,0.0000,23.9034,11.6118,1995.7709,761.6244,95.5829,16.8285,779.5350,55.5297
2029-09-08,36.5845,0.0000,22.4342,10.8473,2004.0601,766.8284,95.6341,16.3057,783.8403,54.4568
2029-09-09,36.8248,0.0000,20.4603,10.8346,2012.3926,772.1989,96.0133,17.1553,788.2378,56.1926
2029-09-10,35.8451,0.0000,23.4441,9.7913,2020.5487,777.2344,96.0647,16.3902,792.4242,54.6312
2029-09-11,36.1483,0.0000,23.2079,7.8062,2028.7594,782.3269,96.1160,14.9333,796.6483,51.5616
2029-09-12,36.6178,0.0000,16.9000,8.8546,2037.0546,787.9072,96.7441,17.1324,801.1385,56.1463
2029-09-13,35.7224,0.0000,16.6076,10.1890,2045.1886,793.3742,96.7957,18.4512,805.5355,58.7645
2029-09-14,35.9550,0.4077,21.6756,9.6631,2053.3645,798.5413,96.8473,18.0933,809.7830,58.0630
2029-09-15,32.4578,1.1841,37.7462,10.1583,2060.9109,802.2607,90.5586,7.7480,813.1623,33.8182
2029-09-16,31.1528,0.0000,37.8001,7.8772,2068.2224,805.8323,91.3882,7.7735,816.4197,33.8918
2029-09-17,31.9300,0.0000,29.5206,6.5528,2075.6738,809.9769,93.0870,9.2410,819.9977,37.9727
2029-09-18,32.9568,0.0000,30.4314,6.4612,2083.3101,814.1950,93.2417,9.3995,823.6485,38.3956
2029-09-19,33.3152,0.0007,31.0820,7.7134,2091.0108,818.4177,93.2921,10.0825,827.3133,40.1826
2029-09-20,33.5196,0.0000,26.8943,8.9022,2098.7483,822.9236,94.0319,11.8651,831.1288,44.6057
2029-09-21,33.7328,0.0001,24.0168,8.0842,2106.5242,827.6357,94.6895,12.4678,835.0556,46.0317
2029-09-22,32.8188,0.2726,27.3860,5.8457,2114.1356,832.0207,94.7404,11.2160,838.7821,43.0325
2029-09-23,34.5394,0.0005,20.7722,6.3288,2122.0567,837.0478,95.5246,12.7934,842.8941,46.7892
2029-09-24,35.9210,0.0152,14.6539,4.8391,2130.2265,842.6730,97.0591,14.5966,847.3556,50.8325
2029-09-25,28.8703,1.3444,43.0619,14.3627,2137.1272,845.7111,88.4345,7.0622,850.2564,31.7919
2029-09-26,27.0392,0.0001,43.1288,7.7692,2143.6982,848.5603,89.5785,5.9698,852.9965,28.3782
2029-09-27,32.1261,0.0000,26.9678,3.5564,2151.1849,852.8804,93.3527,8.2465,856.6604,35.2416
2029-09-28,32.5233,0.0000,30.5892,8.5947,2158.7431,857.0355,93.4031,10.7049,860.2542,41.7644
2029-09-29,32.0049,0.0000,27.6118,8.7527,2166.2080,861.3019,93.6551,11.1760,863.8848,42.9341
2029-09-30,31.5784,0.0000,22.3589,6.8088,2173.5961,865.8190,94.6420,11.6155,867.6250,44.0054
2029-10-01,32.7763,0.0000,19.5434,4.5867,2180.1998,869.9488,95.4830,11.6521,871.0131,44.0939
2029-10-02,32.4984,0.0001,23.9197,7.8386,2186.7535,873.8219,95.5342,13.8228,874.2615,49.1272
2029-10-03,30.9582,0.0000,27.6853,7.3790,2193.0300,877.3346,95.0780,12.6910,877.3310,46.5520
2029-10-04,31.5026,0.0000,22.6773,5.1877,2199.4045,881.1543,95.1290,11.4440,881.1136,43.5895
2029-10-05,32.8345,0.0000,21.2606,8.1863,2206.0187,885.2029,95.1863,13.4152,885.1209,48.2113
2029-10-06,32.0122,0.0001,26.5467,8.8268,2212.4849,888.8882,95.2373,13.9522,888.7736,49.4156
2029-10-07,30.5209,0.0020,34.9721,9.0599,2218.6827,892.0038,93.7633,11.5223,891.8702,43.7799
2029-10-08,29.8821,0.0574,33.4559,10.5095,2224.7654,895.1276,93.6486,12.1994,894.9732,45.4006
2029-10-09,27.4987,0.5777,41.3945,8.7753,2230.4192,897.6672,91.5537,8.3268,897.5042,35.4674
2029-10-10,26.9676,0.1857,47.4802,5.5036,2235.9774,899.9007,90.7595,6.3065,899.7372,29.4571
2029-10-11,27.4248,0.2053,42.3794,5.7629,2241.6178,902.3911,90.8091,6.4348,902.2203,29.8618
2029-10-12,27.2033,0.0121,37.6195,9.8246,2247.2184,905.0663,90.8587,7.9524,904.8821,34.4065
2029-10-13,28.0981,0.1217,36.0959,8.0000,2252.9801,907.8935,91.2384,7.6569,907.6933,33.5535
2029-10-14,29.3823,0.0205,34.6469,4.3342,2258.9729,910.9120,91.7190,6.8151,910.6926,31.0410
2029-10-15,30.6689,0.0000,26.7394,6.0874,2265.1973,914.4385,93.4321,9.4725,914.1873,38.5894
2029-10-16,28.6996,0.0000,26.5980,6.7043,2271.0673,917.7527,93.4825,9.8406,917.4717,39.5563
2029-10-17,28.7116,0.0000,26.7804,4.2010,2276.9393,921.0601,93.5331,8.7357,920.7492,36.6023
2029-10-18,28.8236,0.0490,30.2738,7.1692,2282.8316,924.2215,93.5836,10.2166,923.8854,40.5272
2029-10-19,27.3684,0.5731,39.9837,9.3892,2288.4619,926.8103,91.6152,8.6638,926.4633,36.4045
2029-10-20,29.2350,0.2825,42.7989,10.0364,2294.4282,929.4395,91.6651,9.0145,929.0844,37.3628
2029-10-21,27.9231,0.0001,40.9610,4.5029,2300.1583,932.0358,91.7150,6.8694,931.6707,31.2070
2029-10-22,31.6392,0.0000,27.4612,6.3182,2306.5574,935.6342,93.4595,9.6201,935.2361,38.9789
2029-10-23,26.0538,0.0009,42.6153,11.8168,2311.9511,937.9952,91.6529,9.8435,937.5902,39.5638
2029-10-24,24.5324,0.0936,44.6306,5.0841,2317.0709,940.1456,90.8968,6.2967,939.7369,29.4262
2029-10-25,26.6351,0.2529,41.4277,6.6654,2322.5692,942.6071,90.9465,6.8674,942.1895,31.2010
2029-10-26,26.0618,0.0246,52.5389,6.4816,2327.9644,944.5604,89.7909,5.7678,944.1486,27.7182
2029-10-27,26.6349,0.3138,47.5319,6.7208,2333.4626,946.7653,89.8402,5.8791,946.3527,28.0832
2029-10-28,27.0714,0.0000,42.0085,10.5464,2339.0395,949.2407,89.9810,7.2744,948.8197,32.4276
2029-10-29,25.2415,0.0000,42.4890,12.1266,2344.2870,951.5361,90.0303,7.9332,951.1083,34.3515
2029-10-30,24.0512,0.0346,43.4539,8.4448,2349.3202,953.6910,90.0797,6.6366,953.2582,30.4911
2029-10-31,24.2624,0.2076,47.4198,6.1732,2354.3914,955.7116,90.1026,5.9382,955.2784,28.2756
2029-11-01,23.3082,0.3803,55.2661,5.6942,2358.2909,957.1592,88.9276,4.8976,956.7291,24.7550
2029-11-02,23.3451,0.0842,49.9464,3.6263,2362.1970,958.7814,88.9766,4.4441,958.3490,23.1229
2029-11-03,25.1255,0.0001,39.3838,7.0792,2366.4236,960.8891,89.9572,6.0875,960.4428,28.7583
2029-11-04,25.4805,0.0000,36.3273,8.0697,2370.7141,963.1329,90.6733,7.0892,962.6694,31.8732
2029-11-05,22.8016,0.1400,53.9423,8.2054,2374.5224,964.5924,89.1381,5.7287,964.1305,27.5894
2029-11-06,20.8425,0.9765,62.1434,9.5085,2377.9780,965.6937,83.1841,2.6696,965.2403,15.9381
2029-11-07,22.0030,0.1187,50.4355,7.8081,2381.6426,967.2119,86.5838,3.8970,966.7563,21.0584
2029-11-08,19.1273,1.2325,63.2679,13.0862,2384.7895,968.1969,80.5400,2.3292,967.7497,14.3602
2029-11-09,19.7472,0.0129,55.1758,8.0036,2388.0480,969.4358,84.7764,3.0589,968.9902,17.6483
2029-11-10,20.5876,0.0402,59.5636,6.1031,2391.4577,970.5985,85.5350,3.0862,970.1589,17.7652
2029-11-11,21.0176,0.0254,56.8934,5.6254,2394.9449,971.8626,86.1422,3.2801,971.4267,18.5817
2029-11-12,22.0023,0.0103,52.4856,5.4570,2398.6093,973.3179,86.9974,3.6710,972.8819,20.1709
2029-11-13,22.6237,0.0009,45.1669,6.4172,2402.3856,975.0425,88.3080,4.6471,974.5993,23.8618
2029-11-14,22.1879,0.0000,41.8469,7.0085,2406.0834,976.8380,89.0219,5.3042,976.3842,26.1652
2029-11-15,20.0279,0.6423,57.7105,10.5044,2409.3924,978.0226,85.9102,4.0598,977.5728,21.6846
2029-11-16,19.3348,2.9996,76.9066,13.4642,1913.8787,121.8583,65.7985,1.0720,210.2497,7.3179
2029-11-17,18.7345,0.1720,68.6430,6.2541,1916.9549,122.6829,76.4938,1.1511,211.5228,7.8077
2029-11-18,21.4032,0.0812,57.4153,4.8113,1920.5115,123.9534,83.2373,2.1215,213.4635,13.0261
2029-11-19,22.8432,0.1590,57.4766,7.2225,1924.3273,125.3033,85.7180,3.3497,215.5221,18.4578
2029-11-20,24.7980,0.0519,47.3742,9.0828,1928.4949,127.1102,88.1100,5.1663,218.2564,25.1923
2029-11-21,21.1608,4.4905,56.7446,12.6641,1565.3521,77.4100,69.8611,1.1789,137.7855,7.0643
2029-11-22,16.7582,7.3719,67.3862,11.1955,1253.6544,45.0885,52.2730,0.3743,82.7377,0.9085
2029-11-23,17.0748,5.7761,64.1265,15.7926,1122.3125,28.9571,55.2154,0.6307,54.4049,1.4942
2029-11-24,18.3539,32.4274,82.7321,25.8750,674.3862,10.2797,39.6414,0.1194,19.8048,0.1076
2029-11-25,17.1156,44.5799,86.9678,20.3228,410.2160,4.3137,27.5790,0.0048,8.4064,0.0026
2029-11-26,15.8663,11.1545,73.6037,17.3498,371.1667,2.1892,39.7403,0.0792,4.3147,0.0320
2029-11-27,18.3986,1.6433,65.1835,12.3403,374.1824,2.5248,62.0411,0.8573,4.9658,0.3677
2029-11-28,18.1808,12.6795,69.4534,15.8597,333.2385,1.3940,49.9676,0.3634,2.7592,0.1244
2029-11-29,14.1089,0.2458,56.5483,9.1546,335.4821,2.2702,70.6934,1.0149,4.4649,0.4161
2029-11-30,14.8792,0.0000,45.6089,5.7719,337.8644,3.4225,81.3656,1.7683,6.6759,0.8679
2029-12-01,16.1590,0.0000,52.5174,10.7937,340.4770,4.3538,84.8583,3.5603,8.4378,3.4169
2029-12-02,16.1601,0.0000,62.9570,7.7723,343.0898,5.0803,84.9060,3.0775,9.7980,3.1530
2029-12-03,16.5788,0.0063,63.3323,6.9241,345.7780,5.8170,84.9537,2.9681,11.1645,3.2904
2029-12-04,14.7387,5.1925,76.6379,10.7550,334.1778,3.2991,52.9134,0.3917,6.4392,0.1890
2029-12-05,12.3438,0.0383,55.2816,7.3052,336.1037,3.9823,70.8525,0.9295,7.7354,0.4904
2029-12-06,11.4942,18.5849,81.5761,11.5862,278.0242,1.5871,32.4262,0.0117,3.1295,0.0042
2029-12-07,12.0071,2.9401,63.5757,14.0911,275.2998,0.9649,49.6134,0.3182,1.9130,0.0973
2029-12-08,13.8743,0.0054,52.4420,6.3611,277.5011,1.7742,70.2981,0.8703,3.4925,0.3239
2029-12-09,15.0626,0.6999,70.0025,9.6008,279.9164,2.3252,76.0427,1.3223,4.5557,0.5467
2029-12-10,15.0473,5.7684,66.5430,12.7629,268.6247,1.2580,55.6826,0.5642,2.4868,0.1866
2029-12-11,8.8677,1.0756,69.8256,12.4548,269.9248,1.5998,64.3035,0.9599,3.1528,0.3441
2029-12-12,10.5053,0.0004,50.1435,9.1505,271.5198,2.2573,76.9899,1.3798,4.4227,0.5635
2029-12-13,10.4485,0.0556,54.4889,5.4670,273.1045,2.8546,81.5331,1.7758,5.5637,0.8008
2029-12-14,11.1482,2.4786,73.1113,6.1345,274.8152,1.8893,62.0731,0.6282,3.7147,0.2393
2029-12-15,10.7859,0.0057,52.3060,5.2277,276.4607,2.5335,74.7368,0.9827,4.9534,0.4210
2029-12-16,11.0969,0.0105,49.4724,6.5633,278.1621,3.2338,81.4627,1.8612,6.2849,0.8877
2029-12-17,11.5235,0.1018,52.3834,8.6809,279.9403,3.9169,84.0612,2.8734,7.5690,2.4193
2029-12-18,11.5572,0.1566,61.6490,8.7787,281.7246,4.4685,84.1086,2.9060,8.5962,2.6843
2029-12-19,12.7742,0.0019,65.2723,7.5366,283.7280,5.0160,84.1561,2.7470,9.6075,2.6927
2029-12-20,12.9637,0.0000,59.2214,7.7584,285.7654,5.6678,84.5029,2.9109,10.8000,3.1429
2029-12-21,10.0846,0.0000,45.6768,9.9847,287.2847,6.3582,85.8151,3.9026,12.0497,4.6794
2029-12-22,11.6450,0.0000,45.8159,6.6800,289.0848,7.1430,86.4295,3.6022,13.4549,4.5984
2029-12-23,13.3898,0.0064,43.7706,7.8299,291.1989,8.0689,87.1007,4.1986,15.0923,5.7450
2029-12-24,14.0818,0.0794,52.6080,6.1956,293.4377,8.8865,87.1491,3.8934,16.5221,5.6290
2029-12-25,16.1512,0.0194,55.4479,7.4180,296.0489,9.7599,87.1976,4.1695,18.0336,6.3301
2029-12-26,15.3873,0.1947,63.4375,11.5146,298.5226,10.4450,86.2334,4.4704,19.2096,7.0055
2029-12-27,17.3638,0.0013,53.2115,8.7600,301.3521,11.4267,86.3739,3.9689,20.8746,6.5873
2029-12-28,17.3078,0.0010,61.3545,7.9022,304.1715,12.2351,86.4221,3.8270,22.2343,6.6112
2029-12-29,16.9366,0.0398,60.3856,5.7573,306.9241,13.0471,86.4703,3.4584,23.5874,6.2301
2029-12-30,15.7672,0.0876,60.6831,7.1008,309.4662,13.8007,86.4504,3.6903,24.8328,6.8309
2029-12-31,13.8972,0.0000,66.3012,8.4633,311.6717,14.3750,85.5384,3.4776,25.7777,6.6135
2030-01-01,14.3558,0.0005,64.0796,9.2294,313.9597,15.0585,85.5863,3.6387,26.8924,7.0757
2030-01-02,14.3726,0.2721,62.2733,9.0443,316.2508,15.7771,85.6342,3.6291,28.0552,7.2416
2030-01-03,16.1701,0.1264,58.1007,6.9146,318.8654,16.6680,85.6821,3.2816,29.4830,6.8076
2030-01-04,14.6015,0.0260,64.9888,3.8526,321.1976,17.3447,85.5721,2.7696,30.5634,5.9353
2030-01-05,13.6974,0.0069,64.8317,5.1712,323.3672,17.9854,85.4565,2.9127,31.5797,6.3592
2030-01-06,11.5583,0.0313,61.2192,5.7859,325.1517,18.5897,85.5043,3.0243,32.5299,6.7119
2030-01-07,11.1183,10.4559,80.4928,10.7385,295.2617,9.3238,39.3512,0.0526,17.2832,0.0436
2030-01-08,9.3443,0.6410,54.6069,15.1097,296.6477,9.9075,63.5266,1.0603,18.2880,0.9088
2030-01-09,9.0692,0.0001,50.2620,9.3830,297.9842,10.5302,76.0954,1.3123,19.3508,1.6003
2030-01-10,10.0888,0.0000,49.2827,6.7266,299.5041,11.2288,81.8536,1.9656,20.5331,3.1014
2030-01-11,12.2703,0.0000,51.8702,6.8785,301.4168,12.0210,84.3176,2.7158,21.8623,4.6694
2030-01-12,14.3603,0.0000,52.5911,7.0628,303.7056,12.9234,85.4459,3.1992,23.3615,5.7468
2030-01-13,13.7015,0.0000,54.3159,7.7540,305.8759,13.7558,85.5852,3.3774,24.7311,6.2724
2030-01-14,13.5369,0.0000,56.1323,5.8262,308.0165,14.5463,85.6331,3.0853,26.0205,5.9396
2030-01-15,13.5113,0.0000,51.3609,4.6237,310.1526,15.4212,85.9420,3.0321,27.4325,6.0404
2030-01-16,14.8596,0.0000,49.7368,4.6167,312.5313,16.4088,86.3801,3.2239,29.0098,6.6294
2030-01-17,12.2793,1.8667,68.2097,11.4559,314.4456,15.1750,72.0148,1.1932,27.0825,1.9873
2030-01-18,10.6554,0.0665,54.3974,11.5826,316.0676,15.8349,80.0445,2.0480,28.1448,4.1216
2030-01-19,11.0539,0.0000,44.9581,6.8443,317.7613,16.6585,84.2514,2.6870,29.4564,5.6265
2030-01-20,12.1995,0.0126,50.2424,5.6590,319.6612,17.4732,85.3917,2.9584,30.7450,6.3442
2030-01-21,13.1493,0.0014,51.9046,6.7928,321.7320,18.3169,85.7660,3.3000,32.0694,7.2075
2030-01-22,13.6816,0.0060,49.5994,4.9901,323.8987,19.2341,86.2033,3.2042,33.4955,7.2083
2030-01-23,14.8078,0.1288,56.7184,6.1828,326.2681,20.0817,86.2514,3.4258,34.8074,7.8379
2030-01-24,14.8918,0.2797,60.5173,5.9706,328.6527,20.8590,86.2995,3.4125,36.0051,7.9734
2030-01-25,13.9490,0.0415,63.9353,5.0371,330.8675,21.5272,85.8243,3.0453,37.0310,7.3269
2030-01-26,14.9811,0.0530,63.8208,5.2843,333.2681,22.2434,85.7939,3.0704,38.1253,7.5167
2030-01-27,15.0983,0.1020,62.7241,5.6106,335.6898,22.9868,85.8418,3.1423,39.2537,7.8141
2030-01-28,14.4029,1.2231,67.2646,8.2635,337.9863,23.6116,77.6691,1.3903,40.2019,3.5038
2030-01-29,11.8776,5.0099,72.2383,11.9667,326.8075,15.3509,52.3590,0.3927,27.4754,0.4373
2030-01-30,11.3433,0.0002,43.2166,7.4466,328.5533,16.2208,72.5859,0.9963,28.8773,1.5494
2030-01-31,12.4074,1.9478,66.2485,9.0164,330.4906,14.7997,66.7429,0.8864,26.6193,0.9665
2030-02-01,15.6321,0.0441,59.1056,6.1758,333.0084,15.7716,77.7632,1.2611,28.2039,2.2562
2030-02-02,15.7520,0.0001,53.7991,6.1127,335.5478,16.8776,83.0915,2.2231,29.9847,4.7048
2030-02-03,16.5871,0.0000,50.5584,5.3142,338.2374,18.1198,85.5258,2.9621,31.9594,6.5099
2030-02-04,18.1383,0.0000,51.6342,5.6048,341.2063,19.4416,86.4210,3.4081,34.0349,7.6958
2030-02-05,14.9273,0.4564,61.3760,9.8520,343.5973,20.3209,86.2520,4.1219,35.4068,9.2999
2030-02-06,13.8130,0.0146,53.3186,6.9230,345.7876,21.3098,86.3001,3.5805,36.9299,8.4460
2030-02-07,14.5374,5.3288,81.8302,15.2237,333.6407,13.4574,51.3959,0.4163,24.4494,0.4292
2030-02-08,15.9930,4.3390,68.0255,15.8461,325.7928,9.2275,54.8760,0.6132,17.2347,0.5067
2030-02-09,11.9630,1.2119,61.3562,14.0946,327.6501,9.9446,67.5242,1.1756,18.4865,1.1071
2030-02-10,10.7119,0.0639,50.8141,10.1026,329.2823,10.7699,78.5377,1.6421,19.9116,2.3847
2030-02-11,12.2030,0.0000,43.6746,5.6794,331.1828,11.8342,83.9691,2.4399,21.7275,4.1491
2030-02-12,15.5543,0.0067,50.3596,5.5668,333.6866,13.0086,85.7112,3.0787,23.7067,5.5869
2030-02-13,15.5679,0.0012,56.5168,6.7884,336.1928,14.0381,85.7592,3.2961,25.4224,6.2349
2030-02-14,17.3542,0.0000,49.1615,5.4043,339.0206,15.3708,86.6939,3.5067,27.6119,6.9508
2030-02-15,16.7484,0.0009,57.3527,6.9612,341.7393,16.4521,86.7421,3.8190,29.3694,7.7929
2030-02-16,17.6822,0.0000,53.8780,6.8557,344.6261,17.6826,86.7904,3.8249,31.3446,8.1122
2030-02-17,17.9223,0.0000,45.8224,6.3054,347.5561,19.1466,87.5107,4.1223,33.6577,9.0293
2030-02-18,19.4101,0.0000,38.5383,5.2380,350.7539,20.9372,88.8886,4.7595,36.4370,10.6648
2030-02-19,20.5276,0.0000,38.0216,7.5464,354.1529,22.8413,89.4840,5.8237,39.3396,13.0937
2030-02-20,22.3416,0.0000,35.4099,6.2331,357.8784,24.9921,90.2587,6.0907,42.5548,14.1539
2030-02-21,20.3481,0.0000,36.9175,6.1912,361.2450,26.9141,90.3081,6.1210,45.3764,14.7122
2030-02-22,15.7989,0.0232,54.6152,11.1078,363.7928,28.0035,88.2351,5.8249,46.9684,14.4294
2030-02-23,11.9383,0.0000,39.2844,13.3381,365.6457,29.1280,88.2839,6.5635,48.5809,16.0974
2030-02-24,12.4549,0.0000,33.6530,11.6558,367.5916,30.4055,88.9120,6.5988,50.3908,16.4829
2030-02-25,14.7427,0.0000,33.4050,10.6456,369.9493,31.9042,89.4116,6.7376,52.4914,17.1117
2030-02-26,16.0465,0.0000,38.9033,11.3571,372.5417,33.3923,89.4607,7.0330,54.5588,18.0327
2030-02-27,17.0333,0.0000,41.6583,8.6666,375.3117,34.8951,89.5099,6.1848,56.6276,16.7183
2030-02-28,19.2114,0.0000,34.5164,8.2566,378.4737,36.7845,89.9753,6.4763,59.1876,17.7188
2030-03-01,17.7726,0.0000,39.7921,11.2086,381.3768,38.7214,90.0246,7.5683,61.7651,20.3128
2030-03-02,16.6867,0.0000,39.0521,11.3369,384.0844,40.5693,90.0740,7.6715,64.1886,20.9300
2030-03-03,17.3091,0.0000,40.0921,7.3972,386.9040,42.4492,90.1233,6.3348,66.6242,18.5755
2030-03-04,16.2720,0.0028,42.6647,12.0103,389.5370,44.1470,89.7572,7.5840,68.8007,21.5271
2030-03-05,13.6670,0.0000,35.0556,11.5872,391.7011,45.7818,89.8065,7.4767,70.8587,21.6407
2030-03-06,16.4514,0.0000,34.4649,8.1945,394.3663,47.7425,89.8558,6.3465,73.3003,19.5777
2030-03-07,18.7944,0.0000,33.5585,5.9674,397.4533,49.9956,90.1390,5.9077,76.0694,18.9549
2030-03-08,20.1831,0.1279,34.3152,6.0105,400.7903,52.3786,90.2731,6.0352,78.9595,19.6433
2030-03-09,17.8710,0.4715,49.2393,12.5879,403.7110,54.0201,89.1108,7.1165,80.9580,22.3971
2030-03-10,17.5210,0.0000,44.3914,14.5114,406.5688,55.7852,89.1599,7.8962,83.0740,24.4302
2030-03-11,15.7721,0.0000,30.8510,19.4881,409.1118,57.7740,90.0466,11.5228,85.3984,32.0828
2030-03-12,18.2784,0.0412,35.0279,14.3760,412.1059,59.9201,90.0960,8.9693,87.8917,27.4701
2030-03-13,19.7486,0.0000,32.0222,6.6963,415.3647,62.3360,90.5621,6.5110,90.6581,22.3194
2030-03-14,20.2845,0.0025,31.5986,8.1435,418.7199,64.8293,90.8081,7.2538,93.4768,24.4662
2030-03-15,16.1245,0.1181,45.6036,11.8952,421.3263,66.4265,89.5662,7.3364,95.2931,24.8999
2030-03-16,15.5781,0.0000,36.4574,9.4985,423.8344,68.2330,89.6154,6.5479,97.3037,23.2325
2030-03-17,18.8626,0.0000,30.4493,5.7700,426.9336,70.5996,90.5681,6.2194,99.8997,22.6977
2030-03-18,21.2523,0.0000,42.8263,6.2544,430.4630,72.7781,90.4567,6.2724,102.3117,23.1031
2030-03-19,24.1975,0.0049,36.7403,7.9317,434.5226,75.5059,90.5062,6.8741,105.2774,24.9750
2030-03-20,15.9040,0.0654,40.1864,17.9379,437.0893,77.2396,90.1250,10.7772,107.1445,34.1659
2030-03-21,13.5392,0.1541,34.5538,11.3375,439.2304,78.8728,90.1744,7.7828,108.8707,27.6352
2030-03-22,15.6910,0.0313,36.9958,9.6043,441.7587,80.6761,90.2238,7.1825,110.7761,26.3550
2030-03-23,18.5580,0.0661,52.5727,11.2029,444.8032,82.2653,88.7387,6.2915,112.5097,24.2026
2030-03-24,21.5491,0.0000,34.2030,8.9179,448.3860,84.8056,90.2092,6.9239,115.1594,26.1367
2030-03-25,21.0329,0.0000,29.7615,12.3821,451.8759,87.4555,91.1738,9.4615,117.8768,32.6264
2030-03-26,22.7179,0.0000,26.7353,12.3684,455.6691,90.4301,92.1292,10.8267,120.8846,36.0299
2030-03-27,25.3563,0.0000,23.8982,11.3005,459.9373,93.8621,93.2067,11.9367,124.3050,38.8105
2030-03-28,27.0517,0.0002,21.5233,8.6902,464.5106,97.6280,94.0626,11.7891,128.0002,38.9101
2030-03-29,27.4907,0.0000,17.5266,8.1622,469.1629,101.6474,95.0588,13.1672,131.8689,42.2217
2030-03-30,27.5350,0.0000,15.2288,7.7977,473.8232,105.7852,95.6764,14.0637,135.7833,44.4623
2030-03-31,27.6170,0.0189,16.9598,5.9164,478.4983,109.8501,95.7277,12.8811,139.5869,42.4005
2030-04-01,28.8018,0.0019,17.6126,6.3064,484.6366,115.8224,95.7789,13.2284,145.0073,43.6182
2030-04-02,29.7564,0.0318,17.3447,9.7939,490.9468,122.0055,95.8302,15.8799,150.5055,49.4648
2030-04-03,27.9873,0.0347,25.1067,7.8119,496.9385,127.2868,95.2002,13.1894,155.1942,44.3318
2030-04-04,25.7229,0.1295,31.5988,7.7073,502.5226,131.7347,93.7785,10.7858,159.1607,39.1933
2030-04-05,22.0835,0.0029,32.7526,14.6224,507.4516,135.5143,92.7524,13.2417,162.5240,44.9290
2030-04-06,16.9865,0.1920,33.4211,16.5590,511.4632,138.4336,91.8176,12.7958,165.1307,44.1129
2030-04-07,17.7791,0.0343,28.0316,11.2190,515.6174,141.7275,91.8675,9.8464,168.0058,37.3874
2030-04-08,19.4022,0.0000,27.6850,8.0133,520.0638,145.3219,91.9175,8.4371,171.1101,33.9018
2030-04-09,20.8106,0.2736,28.4089,6.1121,524.7637,149.1247,91.9675,7.7207,174.3703,32.0771
2030-04-10,23.1802,0.3665,28.1279,7.9593,529.8902,153.3553,92.0586,8.5837,177.9555,34.5521
2030-04-11,19.9782,6.6605,47.2261,10.9751,504.0942,77.6729,67.6379,1.0084,112.1460,5.4497
2030-04-12,17.4364,8.1755,72.7856,8.6936,471.6235,44.3308,47.0076,0.1716,71.7914,0.3752
2030-04-13,19.4653,5.9569,65.5093,13.8777,453.2305,28.9946,54.8370,0.5533,49.9935,0.9309
2030-04-14,16.9149,3.1912,71.3347,13.0483,448.8894,23.2736,57.3146,0.6546,41.2061,0.9608
2030-04-15,16.9836,2.4287,68.4074,10.7016,452.9004,20.6758,61.6243,0.7720,37.1155,1.2652
2030-04-16,17.0637,0.2886,60.7882,8.5171,456.9259,22.4024,76.3360,1.2764,39.9127,3.1449
2030-04-17,20.8210,0.0041,44.9127,5.2068,461.6277,25.3300,85.1137,2.7827,44.5489,7.5872
2030-04-18,23.0257,0.0010,39.1890,6.0766,466.7263,28.8867,88.8480,4.9361,50.0320,13.1347
2030-04-19,23.4854,1.2975,45.6455,10.0850,471.9077,32.1264,84.9895,3.4978,54.9078,10.4984
2030-04-20,27.2463,0.3210,31.6215,12.8784,477.7660,36.8254,91.2367,9.7883,61.7516,24.3855
2030-04-21,27.0540,0.9407,31.3769,11.7742,483.5897,41.5092,90.5945,8.4485,68.3511,23.1638
2030-04-22,19.7479,6.8278,64.9343,11.6660,460.1043,25.8811,60.9523,0.7804,45.3805,1.7614
2030-04-23,19.4193,0.5692,57.0300,9.8878,464.5538,28.0187,77.8448,1.5306,48.6950,4.5238
2030-04-24,16.3514,0.5122,71.3968,12.3662,468.4511,29.2288,81.0190,2.3692,50.5695,7.1153
2030-04-25,14.6622,7.7991,79.2806,13.7507,440.2994,16.4038,46.5876,0.2085,30.0123,0.2462
2030-04-26,13.0980,8.9322,69.4184,19.5675,408.8104,9.3572,45.2776,0.2301,17.7015,0.1933
2030-04-27,13.4908,1.1911,65.2174,11.9731,412.1927,10.5876,62.5483,0.8638,19.8974,0.7805
2030-04-28,16.8205,0.7570,55.9001,8.0689,416.1744,12.5035,75.8396,1.2084,23.2599,1.7104
2030-04-29,18.9936,0.0093,45.3580,7.9502,420.5472,15.1653,84.7219,3.0280,27.8223,6.0869
2030-04-30,23.0327,0.0023,40.1759,5.3718,425.6471,18.6653,88.5741,4.5802,33.6424,9.8704
2030-05-01,24.7324,0.0006,40.0129,8.6081,432.5030,22.7449,89.7413,6.3747,40.2041,14.2181
2030-05-02,28.6782,0.0000,31.4060,8.6029,440.0690,28.1224,92.0246,8.8242,48.4969,20.0166
2030-05-03,28.0676,0.0000,29.2546,10.9105,447.5252,33.5548,92.5948,10.7421,56.5159,24.8822
2030-05-04,29.1200,0.0684,23.5142,9.1973,455.1708,39.6400,93.9251,11.8659,65.1052,28.6011
2030-05-05,29.7433,0.2582,23.3113,10.2292,462.9286,45.8671,94.1943,12.9740,73.5226,32.2597
2030-05-06,29.4257,0.4762,23.9761,12.0571,470.6292,51.9766,94.2451,14.3259,81.4616,36.2065
2030-05-07,28.4855,0.5875,30.0142,9.6233,478.1606,57.4277,92.4930,9.9243,88.3331,29.5065
2030-05-08,27.7907,1.2825,34.9099,6.8526,485.5669,62.3784,88.7135,5.0348,94.4296,18.9422
2030-05-09,23.1551,3.6375,68.0956,10.4261,480.7120,47.7064,68.9978,1.0247,76.4462,4.1795
2030-05-10,29.5793,0.1421,37.5696,5.1425,488.4403,52.7487,87.7190,4.0052,83.0698,14.8717
2030-05-11,29.5515,0.0116,24.9931,10.3909,496.1635,58.8014,93.2404,11.4558,90.7233,32.9246
2030-05-12,29.0882,2.0080,26.4608,8.8544,503.8034,58.5788,89.2145,5.9844,90.7718,21.0284
2030-05-13,22.3988,5.3674,65.9616,15.4456,488.7357,39.5506,67.0642,1.2391,65.7909,4.5508
2030-05-14,19.7459,0.6228,49.7587,11.9536,494.6939,42.3078,81.5283,2.4609,69.7109,9.0360
2030-05-15,21.9722,4.8377,53.4952,7.6846,482.8593,30.9007,67.3537,0.8463,53.2776,2.3977
2030-05-16,25.2241,2.1040,47.0238,9.1855,489.8036,30.9128,78.2760,1.5322,53.4001,4.8500
2030-05-17,26.2775,0.0000,31.5433,9.8699,496.9376,35.8469,89.9564,7.0059,60.7400,19.0353
2030-05-18,22.9932,0.0000,25.8443,12.8770,503.4804,40.5505,92.1646,11.1635,67.5082,27.9345
2030-05-19,21.9437,0.0000,24.5175,14.8197,509.8342,45.1298,92.5847,13.0625,73.9047,32.4892
2030-05-20,18.8571,0.0000,25.6350,17.8533,515.6325,49.0369,92.6349,15.3278,79.2355,37.3558
2030-05-21,22.1552,0.0000,26.1892,11.0199,522.0245,53.5559,92.6851,10.9396,85.2473,30.9568
2030-05-22,26.8179,0.0000,23.2510,5.3827,529.2557,59.1968,93.5975,9.3553,92.5222,29.0072
2030-05-23,29.4792,0.0000,23.4366,9.9894,536.9659,65.3605,94.0979,12.6484,100.2227,36.8434
2030-05-24,27.5405,0.1375,31.5966,12.0974,544.3272,70.5181,93.6830,13.2790,106.5327,39.0790
2030-05-25,25.5981,0.0691,28.5977,14.5878,551.3389,75.5368,93.7336,15.1607,112.5303,43.5514
2030-05-26,22.0979,0.0098,27.0190,15.5294,557.7205,79.9939,93.6038,15.6130,117.7615,45.1822
2030-05-27,23.8929,0.0000,21.2503,7.7869,564.4252,85.1755,93.7058,10.7205,123.6877,36.1123
2030-05-28,27.4620,0.0053,20.7757,8.3732,571.7724,91.1327,94.3343,12.0465,130.3324,39.7096
2030-05-29,28.8343,0.0000,25.5171,8.5677,579.3666,97.0024,94.3851,12.2507,136.7608,40.7918
2030-05-30,32.1190,0.0581,20.3669,6.3855,587.5520,103.9667,95.1967,12.2690,144.1607,41.4931
2030-05-31,32.1597,0.0995,23.0805,10.5776,595.7447,110.7019,95.2478,15.2608,151.1750,48.2997
2030-06-01,32.5472,0.0141,23.7514,7.5702,605.0072,117.4561,95.2989,13.2067,158.1527,44.5727
2030-06-02,31.9921,0.0000,22.9817,10.6253,614.1698,124.1659,95.3500,15.5125,164.9583,49.8107
2030-06-03,32.0131,0.0000,23.1936,9.6302,623.3361,130.8616,95.4011,14.8570,171.6393,48.8693
2030-06-04,32.8728,0.0000,25.7929,9.3201,632.6572,137.4986,95.4523,14.7290,178.1834,48.9375
2030-06-05,33.5100,0.1829,25.8064,10.5282,642.0930,144.2588,95.5034,15.7629,184.7489,51.3650
2030-06-06,32.1112,0.0000,26.3067,14.9556,651.2770,150.7021,95.4274,19.4996,190.9450,58.8678
2030-06-07,31.5105,0.0000,29.9460,12.8213,660.3529,156.7164,94.7246,15.9056,196.7186,52.1122
2030-06-08,33.6083,0.0000,24.8681,5.6698,669.8064,163.5816,94.7755,11.1707,203.1368,41.8384
2030-06-09,34.5944,0.0000,23.3537,6.0962,679.4374,170.7841,95.0101,11.7865,209.7566,43.4557
2030-06-10,35.6888,0.0000,20.2020,7.2795,689.2654,178.5127,95.8472,14.0226,216.7108,48.6677
2030-06-11,36.2582,0.0000,17.7649,9.4706,699.1959,186.6007,96.4950,17.0911,223.8495,55.2069
2030-06-12,35.9243,0.0482,21.2048,11.4652,709.0662,194.2810,96.5465,19.0295,230.6021,59.1068
2030-06-13,33.4130,0.1956,28.8281,11.5208,718.4846,200.7478,95.3609,16.2526,236.3809,53.7194
2030-06-14,33.1860,0.8200,30.4629,10.1560,727.8621,207.0244,92.8008,10.6452,241.9824,41.1750
2030-06-15,30.2142,2.7497,38.8130,11.0930,736.7046,118.1295,85.6733,4.0457,168.6514,20.3347
2030-06-16,31.1323,0.7120,39.3163,10.3246,745.7124,123.2789,90.0991,7.3163,174.4563,30.9428
2030-06-17,32.7495,0.0000,31.8234,10.4358,755.0113,129.3544,92.7221,10.6776,181.1281,39.9780
2030-06-18,34.5356,0.3614,28.1765,9.8183,764.6317,136.0926,93.9148,12.2256,188.3685,43.8844
2030-06-19,30.8711,0.4083,37.5646,15.4008,773.5925,141.3477,93.1301,14.5199,194.0537,49.1375
2030-06-20,26.3666,0.0184,44.4576,17.2709,781.7425,145.3640,91.2884,12.3035,198.4665,44.3797
2030-06-21,26.1756,0.0073,39.0618,15.4666,789.8581,149.7398,91.3382,11.3140,203.1823,42.1833
2030-06-22,25.8821,0.1749,37.3753,15.0224,797.9209,154.1884,91.3880,11.1422,207.9280,41.8795
2030-06-23,28.9196,0.0317,27.6158,10.1350,806.5304,159.9090,92.9722,10.8925,213.8293,41.3923
2030-06-24,28.3814,0.0000,21.2889,13.3341,815.0431,166.0181,94.3176,15.4321,220.0036,51.7436
2030-06-25,30.0163,0.0000,18.7494,12.8012,823.8500,172.6741,95.2237,17.0141,226.6086,55.1045
2030-06-26,32.7850,0.0004,17.9216,12.2634,833.1553,179.9961,95.8914,18.1341,233.7454,57.4369
2030-06-27,34.2756,0.0000,18.1122,7.8179,842.7289,187.6224,96.1149,14.9399,241.0682,51.0364
2030-06-28,35.1118,0.0021,19.6129,10.1494,852.4531,195.2860,96.1663,16.9194,248.3421,55.2260
2030-06-29,35.1877,0.0039,21.4538,10.2897,862.1908,202.7898,96.2177,17.1580,255.4016,55.7788
2030-06-30,35.3847,0.5335,21.8636,10.4451,871.9641,210.2949,95.4720,15.6299,262.3874,52.7058
2030-07-01,35.1142,0.0152,21.5209,12.9814,881.9886,216.9697,95.5231,17.8850,268.6929,57.3350
2030-07-02,35.1474,0.0000,18.4614,14.6537,892.0192,223.9110,96.1648,21.2261,275.1527,63.7019
2030-07-03,35.4195,0.0000,16.6772,14.6632,902.0987,231.0574,96.6142,22.5615,281.7201,66.1392
2030-07-04,35.4690,0.0000,17.2612,11.6095,912.1871,238.1634,96.6658,19.4780,288.2067,60.5309
2030-07-05,36.2652,0.0000,19.1982,7.4412,922.4188,245.2541,96.7173,15.8975,294.6520,53.4439
2030-07-06,33.4864,2.4642,33.3730,10.8632,932.1504,129.2191,89.4111,6.8114,191.9245,29.9754
2030-07-07,32.6741,0.1445,39.9892,10.4459,941.7357,133.9792,91.1653,8.5717,197.6575,35.0934
2030-07-08,34.6361,0.0000,30.3527,9.3030,951.6742,139.8246,93.4053,11.0973,204.5248,41.6943
2030-07-09,34.8871,0.0000,29.6871,11.7523,961.6579,145.7673,93.7223,13.1217,211.4181,46.5617
2030-07-10,36.3878,0.0000,24.7173,9.5546,971.9117,152.3954,94.9753,13.9637,218.9590,48.5837
2030-07-11,37.4883,0.0000,23.1635,8.4032,982.3636,159.3588,95.5327,14.2188,226.7566,49.2792
2030-07-12,39.3611,0.0000,19.7863,7.6535,993.1526,166.9812,96.5580,15.7285,235.1299,52.6190
2030-07-13,39.0598,0.0000,19.8554,9.2575,1003.8874,174.5402,96.6095,17.1709,243.3191,55.6720
2030-07-14,39.7449,0.0000,16.8796,6.5918,1014.7454,182.5137,97.2532,16.3625,251.8031,54.1306
2030-07-15,40.6723,0.0000,15.1053,7.5258,1025.7704,190.8422,97.7778,18.3886,260.5143,58.2552
2030-07-16,40.2160,0.0000,15.0238,10.4723,1036.7133,199.0877,97.8297,21.4790,269.0205,64.1154
2030-07-17,40.6820,0.0000,14.1923,12.0481,1047.7401,207.5079,97.9783,23.7154,277.5780,68.1285
2030-07-18,40.5933,0.0000,13.5573,14.6668,1058.7509,215.9723,98.0946,27.4792,286.0618,74.4540
2030-07-19,40.4411,0.0000,10.9532,12.2622,1069.7343,224.6598,98.5807,25.9491,294.6288,72.0031
2030-07-20,40.9306,0.0000,9.6983,9.1671,1080.8058,233.5736,98.8864,23.1076,303.2879,67.2044
2030-07-21,41.3257,0.0000,10.9231,7.2785,1091.9484,242.4492,98.9387,21.1538,311.8149,63.7399
2030-07-22,40.7095,0.0000,13.0092,9.0217,1102.9801,250.9910,98.9910,23.2541,319.9594,67.5128
2030-07-23,41.0979,0.0001,13.1927,8.9609,1114.0817,259.5940,99.0434,23.3416,328.0748,67.6847
2030-07-24,36.2299,0.0004,20.3038,15.4276,1124.3071,266.5810,97.5990,26.7415,334.7395,73.4355
2030-07-25,30.5744,0.1021,36.6135,15.4864,1133.5145,271.2963,93.7191,15.8309,339.4700,53.4100
2030-07-26,32.1782,0.0096,32.8415,12.4392,1143.0106,276.5451,93.7696,13.6734,344.6343,48.7450
2030-07-27,35.7143,0.0000,24.7397,8.1068,1153.1432,283.0522,94.8544,12.7678,350.8215,46.6898
2030-07-28,41.1163,0.0000,16.1673,5.1237,1164.2481,291.3640,97.5475,15.8024,358.4588,53.3709
2030-07-29,43.3314,0.0000,12.5875,7.6911,1175.7517,300.4855,98.6670,20.8449,366.6867,63.2653
2030-07-30,43.4220,0.0000,12.1009,7.5747,1187.2717,309.6764,98.7901,21.0592,374.8937,63.6653
2030-07-31,44.4260,0.0000,10.8094,9.3248,1198.9724,319.2128,99.1551,24.1220,383.3014,69.1033
2030-08-01,38.7581,0.0000,12.4531,14.1326,1208.9529,326.4166,99.2075,30.9447,389.7515,80.1302
2030-08-02,36.7191,0.0000,14.9148,10.6166,1218.5663,333.0597,98.6581,24.1276,395.7218,69.1196
2030-08-03,36.8442,0.0000,18.2784,10.0105,1228.2022,339.4613,98.0100,21.4908,401.4984,64.4664
2030-08-04,35.5506,0.0000,22.2178,12.1331,1237.6053,345.3466,97.0329,21.0065,406.8620,63.5843
2030-08-05,31.0646,0.0000,24.0472,15.1740,1246.2010,350.3900,95.9433,21.1469,411.5176,63.8429
2030-08-06,32.2086,0.0000,20.8399,8.8100,1255.0025,355.8334,95.9946,15.4523,416.4644,52.6604
2030-08-07,36.6140,0.0000,14.2292,5.9256,1264.5971,362.5115,97.2868,15.8935,422.3466,53.5908
2030-08-08,37.9865,0.0000,15.6764,6.4642,1274.4386,369.3158,97.3386,16.4437,428.3244,54.7338
2030-08-09,37.9573,0.0000,14.3882,9.5389,1284.2749,376.2188,97.5207,19.6699,434.3434,61.0996
2030-08-10,34.9458,0.0000,21.4069,12.1335,1293.5692,382.0673,97.0068,20.9340,439.5627,63.4588
2030-08-11,36.7845,0.0000,16.3201,6.1064,1303.1944,388.6120,97.0585,15.5580,445.2733,52.8889
2030-08-12,36.8773,0.0000,23.1086,9.0539,1312.8363,394.6405,96.9115,17.6978,450.6305,57.2752
2030-08-13,37.6241,0.0000,24.1820,7.8274,1322.6127,400.7017,96.8166,16.4270,456.0151,54.7030
2030-08-14,39.1047,0.0000,20.0252,8.1748,1332.6555,407.3397,96.8682,16.8331,461.7970,55.5354
2030-08-15,39.5444,0.0000,14.2844,7.7794,1342.7775,414.5320,97.7598,18.5808,467.9270,59.0138
2030-08-16,37.9804,0.0000,21.7445,9.9071,1352.6180,420.8457,97.4102,19.7461,473.4360,61.2482
2030-08-17,37.5038,0.0000,21.1210,11.2386,1362.3727,427.1320,97.3855,21.0472,478.9008,63.6706
2030-08-18,38.8221,0.0000,16.2784,10.1243,1372.3646,434.0322,97.4373,20.0355,484.7721,61.7939
2030-08-19,40.5709,0.0000,15.3063,11.0489,1382.6714,441.3182,97.7291,21.8199,490.9140,65.0763
2030-08-20,38.8851,0.0000,19.4419,8.9515,1392.6747,447.9681,97.7810,19.7669,496.5972,61.2887
2030-08-21,36.5454,0.0000,17.4964,10.8501,1402.2569,454.3800,97.8330,21.9013,502.0532,65.2235
2030-08-22,31.0928,0.0000,22.4794,13.1002,1410.8576,459.5321,96.4064,20.2781,506.5730,62.2489
2030-08-23,33.6534,0.0000,15.9134,7.3111,1419.9192,465.5651,96.5205,15.3816,511.6933,52.5192
2030-08-24,37.2382,0.0000,12.0352,5.2998,1429.6261,472.5273,97.8546,16.6054,517.4659,55.0729
2030-08-25,36.7588,0.0000,16.8421,12.4867,1439.2467,479.0267,97.9066,24.0165,522.9324,68.9475
2030-08-26,28.6664,0.0000,27.5153,17.7828,1447.4106,483.4810,95.1656,21.6960,526.9320,64.8539
2030-08-27,27.3886,0.0000,20.9292,12.0134,1455.3446,488.1315,95.2167,16.3363,531.0061,54.5194
2030-08-28,30.4332,0.0000,15.2317,12.1865,1463.8266,493.6498,96.1217,18.6359,535.6789,59.1235
2030-08-29,32.2973,0.0000,14.2832,15.0698,1472.6441,499.5597,96.6677,23.1944,540.6298,67.5200
2030-08-30,34.0580,0.0000,16.0038,15.6788,1481.7785,505.6564,96.7193,24.0834,545.7340,69.0629
2030-08-31,35.8009,0.0000,17.6152,13.8539,1491.2267,511.9325,96.7709,22.1199,550.9862,65.6171
2030-09-01,36.0877,0.0230,20.2520,11.1634,1499.4265,517.2124,96.8224,19.4494,555.4405,60.6880
2030-09-02,33.5458,0.1124,28.6223,11.2012,1507.1687,521.6151,95.4611,16.2128,559.3057,54.2642
2030-09-03,28.3893,1.0897,39.6749,16.5390,1513.9828,524.7823,89.5712,9.2773,562.2991,38.0696
2030-09-04,23.7952,1.8271,37.2853,10.9595,1519.9699,162.1936,84.8030,3.5631,256.0741,19.5687
2030-09-05,30.0401,0.0000,30.2202,8.5382,1527.0811,166.0623,91.9485,8.7013,261.1325,36.2538
2030-09-06,29.8056,0.0000,37.9670,10.7288,1534.1501,169.4755,91.9985,9.7858,265.5999,39.1683
2030-09-07,28.0872,0.0000,33.3154,11.0456,1540.9098,172.9407,92.0485,10.0139,270.0970,39.7817
2030-09-08,30.6233,0.0000,23.2121,6.2435,1548.1260,177.2776,94.1527,10.5524,275.6443,41.1776
2030-09-09,33.0514,0.0121,20.9987,5.2581,1555.7793,182.0810,95.1895,11.5800,281.7309,43.7337
2030-09-10,32.4722,0.0739,25.0988,9.3545,1563.3283,186.5579,95.2406,14.3345,287.3803,50.0765
2030-09-11,29.6284,0.2009,30.0728,11.8804,1570.3654,190.3834,94.4267,14.5595,292.2036,50.5862
2030-09-12,30.7224,0.0005,28.5013,7.3905,1577.5994,194.4342,94.4775,11.6932,297.2734,44.0620
2030-09-13,33.3105,0.0000,24.9145,8.4954,1585.2993,199.0342,94.5284,12.4496,302.9728,45.8704
2030-09-14,34.7465,0.0000,26.1588,10.5501,1593.2577,203.7467,94.5792,13.9046,308.7770,49.1993
2030-09-15,35.7634,0.0004,27.1032,8.3980,1601.3991,208.5309,94.6301,12.5633,314.6343,46.1636
2030-09-16,35.9867,0.0000,24.8385,9.1076,1609.5807,213.4937,94.9290,13.5664,320.6578,48.4695
2030-09-17,33.8731,0.0000,25.3415,7.8663,1617.3819,218.1423,94.9800,12.8332,326.2711,46.8103
2030-09-18,32.6669,0.0000,31.5260,7.2763,1624.9659,222.2587,94.5764,11.7856,331.2490,44.3548
2030-09-19,33.1517,0.0000,31.4714,8.1047,1632.6372,226.4376,94.5780,12.2905,336.2762,45.5606
2030-09-20,31.1252,0.0000,31.4776,9.9975,1639.9437,230.3689,94.2863,12.9874,340.9882,47.1855
2030-09-21,30.0089,0.0000,29.8843,8.8707,1647.0493,234.2523,94.3286,12.3425,345.6161,45.6935
2030-09-22,29.9045,0.0014,26.2682,6.9244,1654.1361,238.3222,94.3794,11.2682,350.4245,43.1226
2030-09-23,30.3092,0.0116,25.5032,7.8281,1661.2958,242.4881,94.4302,11.8761,355.3178,44.5972
2030-09-24,27.4885,0.0001,33.9629,10.4219,1667.9477,245.8492,93.3834,11.7051,359.2998,44.1900
2030-09-25,25.7463,0.4542,42.9632,11.3196,1674.2861,248.5753,91.5571,9.4704,362.5751,38.5579
2030-09-26,27.2882,0.0000,28.0151,6.3160,1680.9019,252.2135,92.6225,8.5553,366.8250,36.0824
2030-09-27,26.9210,0.0000,23.5563,8.3704,1687.4517,256.0271,93.5645,10.8254,371.2393,42.0428
2030-09-28,29.1303,0.0000,24.6940,7.7238,1694.3992,260.0802,93.7883,10.8096,375.9103,42.0057
2030-09-29,28.6512,0.0000,31.8498,7.8386,1701.2604,263.6899,93.7366,10.7944,380.0958,41.9698
2030-09-30,27.6957,0.0000,25.6774,10.5390,1707.9496,267.5002,93.7872,12.4551,384.4632,45.9839
2030-10-01,28.3407,0.0000,28.1145,10.6678,1713.7550,270.7069,93.8378,12.6247,388.1372,46.3809
2030-10-02,29.3568,0.0003,29.6705,11.6800,1719.7432,273.9525,93.8884,13.3790,391.8516,48.1133
2030-10-03,27.4836,0.0051,36.2713,11.9323,1725.3942,276.7126,92.8977,11.8012,395.0381,44.4387
2030-10-04,27.2060,0.0737,40.3708,6.3583,1730.9953,279.2700,92.0934,7.9575,398.0084,34.4106
2030-10-05,25.4462,0.1184,50.2607,8.8518,1736.2796,281.2707,90.2265,6.9179,400.3880,31.3457
2030-10-06,27.6113,0.0161,39.8858,6.5807,1741.9537,283.8859,90.4504,6.3707,403.4118,29.6519
2030-10-07,23.1979,0.1068,43.5599,16.1602,1746.8333,285.9638,90.4999,10.3968,405.8353,40.9765
2030-10-08,22.8962,0.0007,42.3745,11.9025,1751.6586,288.0590,90.5495,8.4488,408.2691,35.8002
2030-10-09,23.4088,0.0004,37.8220,13.7849,1756.5762,290.3680,90.5990,9.3555,410.9199,38.2700
2030-10-10,22.7944,0.0014,45.2017,12.5192,1761.3832,292.3520,90.3190,8.4331,413.2339,35.7572
2030-10-11,23.3785,0.0056,48.9570,10.8721,1766.2953,294.2451,89.8137,7.2196,415.4619,32.2575
2030-10-12,26.0107,0.0000,41.8573,12.6697,1771.6812,296.6335,89.8630,7.9601,418.2130,34.4219
2030-10-13,28.9805,0.0142,38.3309,12.0754,1777.6017,299.4443,90.8915,8.9492,421.4156,37.1790
2030-10-14,30.1812,0.2154,39.9679,8.9896,1783.7383,302.2896,90.9411,7.7149,424.6612,33.7164
2030-10-15,25.2767,0.3987,52.6698,8.8003,1788.9922,304.1812,89.6480,6.3512,426.8990,29.5938
2030-10-16,22.5132,0.0658,50.3389,7.3913,1793.7485,305.9580,89.3862,5.6978,428.9865,27.4831
2030-10-17,25.5130,0.0004,36.2188,4.0909,1799.0449,308.5300,90.5587,5.7072,431.8906,27.5142
2030-10-18,26.9242,0.0765,30.7930,5.1812,1804.5952,311.4686,91.9074,7.3045,435.1659,32.5130
2030-10-19,26.9791,0.1086,30.9763,5.4902,1810.1555,314.4053,92.0928,7.6162,438.4326,33.4310
2030-10-20,29.7123,0.2164,31.6265,10.7778,1816.2077,317.5974,92.4212,10.4130,441.9758,41.0236
2030-10-21,21.5339,2.4076,57.4564,13.6669,1820.7878,130.1954,77.7479,1.8371,220.9018,11.6585
2030-10-22,20.3831,0.4290,54.2485,8.3498,1825.1607,131.6847,84.2567,2.9009,223.1236,16.6464
2030-10-23,18.5061,1.1923,65.2151,8.0236,1829.1958,132.7180,78.9408,1.5344,224.6814,10.0746
2030-10-24,18.9373,8.5064,68.4053,11.0349,1303.6139,66.5085,54.2057,0.4519,117.9704,2.1961
2030-10-25,20.2268,1.8594,60.4020,7.7135,1307.9587,62.1018,67.3690,0.8480,111.0249,4.5377
2030-10-26,17.1444,0.3354,55.4569,13.7914,1311.7487,63.3331,80.4664,2.3942,113.0238,11.7691
2030-10-27,16.5798,3.3555,60.1455,14.1760,1243.1660,48.7242,67.6298,1.1846,88.7521,5.4409
2030-10-28,16.0903,0.6024,54.5929,10.7087,1246.7662,49.9069,79.2469,1.8086,90.7339,8.1865
2030-10-29,17.6538,1.1811,60.4567,9.8021,1250.6479,51.0306,78.4693,1.6076,92.6138,7.4707
2030-10-30,17.7677,0.0000,38.4414,11.8071,1254.5501,52.7904,86.5539,4.7469,95.5312,18.2519
2030-10-31,19.2940,0.0000,41.5913,11.9828,1258.7270,54.5953,88.2990,6.1435,98.5090,22.3446
2030-11-01,22.3100,0.0001,44.3453,6.9029,1262.4468,56.3227,88.6778,5.0217,101.3422,19.6075
2030-11-02,24.1262,0.0355,43.0516,4.3987,1266.4935,58.2273,89.1802,4.7575,104.4494,19.1365
2030-11-03,22.9858,0.0002,38.6886,7.0396,1270.3349,60.1852,89.7880,5.9298,107.6231,22.7468
2030-11-04,20.5879,0.0001,42.0114,12.1429,1273.7448,61.8525,89.8373,7.7231,110.3132,27.6520
2030-11-05,20.3571,0.0000,42.8874,9.3978,1277.1130,63.4773,89.8866,6.7730,112.9228,25.5217
2030-11-06,22.8604,0.0000,40.6529,7.8697,1280.9319,65.3625,89.9359,6.3156,115.9354,24.5894
2030-11-07,24.4474,0.0950,40.5552,8.1953,1285.0364,67.3760,89.9852,6.4656,119.1359,25.2859
2030-11-08,20.3033,0.3870,62.5800,8.7051,1288.3950,68.4378,87.5084,4.6507,120.8299,20.1369
2030-11-09,18.5782,0.5678,69.6775,6.5691,1291.4431,69.2289,85.4176,3.1084,122.0953,14.9897
2030-11-10,16.7307,0.0012,47.3307,5.2478,1294.1586,70.4740,86.7247,3.4944,124.0588,16.4963
2030-11-11,15.9009,1.0618,58.1359,10.2630,1296.7248,71.4176,81.4413,2.2371,125.5486,11.7230
2030-11-12,17.8863,1.8518,69.1268,9.8479,1299.6483,65.9836,72.5071,1.1210,117.1037,6.1987
2030-11-13,17.3233,3.4255,80.9381,12.0437,1229.7106,49.6583,56.0878,0.5633,90.2094,2.3236
2030-11-14,17.2907,5.5571,80.3279,15.1897,1110.7538,31.9636,46.9539,0.2362,59.6368,0.4511
2030-11-15,16.7286,9.4242,88.2433,11.1518,946.4761,16.0269,29.2223,0.0049,30.7519,0.0058
2030-11-16,17.4517,1.0367,66.8815,11.1372,949.3214,16.8415,57.3530,0.5962,32.2525,0.7393
2030-11-17,19.4025,3.2771,80.1615,11.9124,922.9989,12.6555,54.1127,0.4681,24.4722,0.4830
2030-11-18,19.6575,0.1649,71.5250,5.1027,926.2412,13.4392,70.0023,0.8091,25.9375,0.8672
2030-11-19,22.6184,0.0106,58.7834,4.9961,930.0165,14.7352,81.1864,1.6657,28.3476,3.2728
2030-11-20,17.8309,0.1086,61.2822,9.0252,932.9301,15.7070,83.8492,2.8423,30.1452,6.0309
2030-11-21,15.4340,0.0000,42.9431,8.4975,935.4122,16.9577,86.7031,4.1036,32.4450,8.8028
2030-11-22,17.1917,0.0000,40.8068,6.9904,938.2107,18.3932,88.0618,4.6173,35.0678,10.1758
2030-11-23,19.0461,0.0000,45.1877,5.0266,941.3430,19.8573,88.1105,4.2116,37.7250,9.8273
2030-11-24,15.9595,0.4886,57.5209,9.1319,943.9197,20.8180,87.3119,4.6203,39.4603,10.8907
2030-11-25,13.3966,0.0115,52.8795,9.7024,946.0351,21.7237,87.3525,4.7826,41.0886,11.4620
2030-11-26,12.4483,0.0000,46.2021,8.5064,947.9798,22.6900,87.4009,4.5342,42.8179,11.2362
2030-11-27,13.2784,0.0000,45.5472,8.1395,950.0739,23.7280,87.4494,4.4821,44.6672,11.4035
2030-11-28,15.0881,0.0000,40.9120,7.2115,952.4938,24.9962,87.9873,4.6194,46.9145,12.0162
2030-11-29,14.8447,0.0000,43.4838,7.7820,954.8698,26.1909,88.0359,4.7875,49.0204,12.6748
2030-11-30,15.8799,0.0000,45.7229,6.4790,957.4322,27.4128,88.0847,4.5146,51.1634,12.3941
2030-12-01,17.1183,0.0000,45.0356,5.4581,960.2175,28.5507,88.1334,4.3183,53.1506,12.2253
2030-12-02,15.8390,0.0007,57.0667,7.2707,962.7726,29.3772,87.3802,4.2478,54.5901,12.2520
2030-12-03,15.6146,0.0000,54.1780,4.4047,965.2872,30.2476,87.4287,3.7022,56.1003,11.1402
2030-12-04,15.9860,0.0132,57.9286,5.8011,967.8687,31.0644,87.0930,3.7864,57.5140,11.5124
2030-12-05,14.0765,0.0554,70.2699,4.2499,970.1064,31.5772,85.3001,2.7209,58.4019,8.8172
2030-12-06,15.2677,0.5712,63.6114,7.4726,972.5586,32.2540,84.0433,2.6972,59.5691,8.8598
2030-12-07,13.1363,1.1936,60.5299,10.6575,974.6272,32.8926,78.4554,1.6764,60.6666,5.8144
2030-12-08,12.8458,0.0000,50.5189,5.0092,976.6434,33.6767,83.0983,2.1047,62.0081,7.3023
2030-12-09,15.7268,0.0001,53.6340,6.0609,979.1782,34.5634,85.0485,2.8791,63.5212,9.7454
2030-12-10,18.0290,0.0000,55.9302,6.5247,982.1274,35.5214,85.7495,3.2482,65.1517,10.9385
2030-12-11,18.2241,0.0000,57.4832,7.4869,985.1118,36.4550,85.8172,3.4420,66.7360,11.6313
2030-12-12,18.2284,0.0000,58.7690,7.7268,988.0969,37.3607,85.8652,3.5074,68.2681,11.9678
2030-12-13,17.6466,0.0000,59.6822,6.7046,990.9773,38.2196,85.9131,3.3537,69.7171,11.6880
2030-12-14,16.7894,0.0360,62.8066,4.3294,993.7034,38.9757,85.9612,2.9956,70.9903,10.7767
2030-12-15,15.8353,0.0008,51.9804,8.4838,996.2577,39.8998,86.2601,3.8517,72.5370,13.3542
2030-12-16,15.2247,0.0000,48.0691,8.2730,998.7022,40.8632,86.7486,4.0837,74.1424,14.1537
2030-12-17,16.2590,0.0000,51.7461,7.5226,1001.3328,41.8151,86.7968,3.9592,75.7247,13.9858
2030-12-18,16.2099,0.0000,55.2838,7.5961,1003.9546,42.6947,86.8451,4.0012,77.1836,14.2556
2030-12-19,16.4019,0.0002,56.9861,5.8336,1006.6109,43.5502,86.8935,3.6864,78.5992,13.5158
2030-12-20,16.6999,0.0001,54.8698,8.2758,1009.3209,44.4631,86.9418,4.1979,80.1043,15.0981
2030-12-21,15.2721,0.0000,57.1987,8.4202,1011.7738,45.2595,86.9480,4.2323,81.4142,15.3343
2030-12-22,15.8854,0.0089,58.6841,6.6374,1014.3372,46.0569,86.8444,3.8121,82.7235,14.2820
2030-12-23,16.7160,0.0030,54.0405,5.6209,1017.0501,46.9874,86.8927,3.6467,84.2447,13.9456
2030-12-24,14.7859,1.0910,66.3628,6.8931,1019.4156,47.5947,79.3079,1.5011,85.2401,6.6349
2030-12-25,13.2072,1.5764,72.7361,6.7175,1021.4968,46.3583,70.1053,0.8805,83.2691,3.7885
2030-12-26,11.2370,6.8791,84.9492,7.4193,924.2087,27.3145,36.0159,0.0222,50.8704,0.0378
2030-12-27,10.2428,2.4006,69.8554,6.8403,925.7564,23.3181,44.9620,0.1154,43.8735,0.1770
2030-12-28,11.2143,8.9146,78.2800,10.0927,820.9328,12.2139,33.1125,0.0129,23.5518,0.0130
2030-12-29,12.1231,5.2589,74.9044,11.2245,777.9919,7.4426,37.7501,0.0391,14.5375,0.0291
2030-12-30,11.4734,0.0032,59.3572,5.1620,779.7612,8.0233,59.3916,0.5106,15.6442,0.3978
2030-12-31,12.7566,0.0000,51.7478,10.8716,781.7613,8.7831,75.8248,1.3904,17.0863,1.5386
2031-01-01,13.0990,0.0000,49.9041,8.3729,783.8232,9.6588,82.5233,2.3182,18.7403,3.5272
2031-01-02,13.4168,0.0703,53.0064,10.3351,785.9422,10.4987,84.7109,3.4096,20.3188,5.6049
2031-01-03,13.7829,0.0755,61.5193,12.3492,788.1271,11.2037,84.7585,3.7984,21.6385,6.4590
2031-01-04,14.8259,0.3164,59.8439,11.6777,790.4998,11.9910,84.8579,3.7223,23.1059,6.5929
2031-01-05,13.8382,1.1787,67.5809,11.4790,792.6946,12.5872,77.9262,1.6696,24.2133,2.8863
2031-01-06,14.3974,0.4723,66.2140,11.4720,794.9902,13.2318,81.5396,2.4051,25.4065,4.5533
2031-01-07,15.5555,0.3262,65.6636,7.1581,797.4942,13.9359,83.0399,2.3279,26.7051,4.5542
2031-01-08,18.1161,0.0072,49.2248,4.5068,800.4591,15.1371,85.8851,2.9904,28.9075,6.1628
2031-01-09,15.4304,1.7107,68.3201,6.0824,802.9405,14.5639,73.0311,0.9470,27.8643,1.3012
2031-01-10,14.6936,1.3304,79.9432,5.9039,805.2894,14.9539,67.8651,0.7868,28.5810,0.8994
2031-01-11,13.5260,1.6856,82.3412,6.7725,807.4281,14.1411,61.0144,0.6121,27.0958,0.6752
2031-01-12,14.7988,3.0695,69.2411,8.2773,791.2974,10.8171,56.5095,0.4826,20.9193,0.4501
2031-01-13,11.4605,4.2646,74.2496,14.3767,762.0000,7.0013,48.7205,0.2882,13.6881,0.2075
2031-01-14,10.1200,0.0829,70.1648,15.2134,763.5256,7.4134,65.9461,1.1772,14.4754,0.8757
2031-01-15,13.3702,0.2634,68.0411,9.1012,765.6362,7.9827,75.5288,1.2490,15.5598,0.9700
2031-01-16,14.5419,1.1156,67.8319,4.8796,767.9578,8.6022,73.8858,0.9256,16.7357,0.7512
2031-01-17,14.5293,0.0316,61.0973,5.3470,770.2770,9.3507,80.0960,1.5039,18.1505,1.9061
2031-01-18,15.3363,0.0017,56.6157,10.8738,772.7416,10.2286,83.7586,3.0826,19.8018,4.9867
2031-01-19,15.3916,0.0045,54.2150,14.8037,775.2160,11.1581,85.3203,4.6439,21.5411,7.7417
2031-01-20,15.4044,0.3001,58.1619,10.9766,777.6928,12.0082,85.3681,3.8549,23.1238,6.8138
2031-01-21,15.9873,0.0002,54.0612,6.3683,780.2746,12.9746,85.8308,3.2596,24.9135,6.0919
2031-01-22,15.4400,0.0000,52.0006,7.0196,782.7578,13.9520,86.1646,3.5299,26.7136,6.8534
2031-01-23,15.6221,0.0000,52.5865,7.6113,785.2737,14.9281,86.2295,3.6702,28.5016,7.3859
2031-01-24,17.0272,0.0000,48.3913,5.9145,788.0426,16.0798,86.9021,3.7060,30.5987,7.7757
2031-01-25,16.7205,0.2842,52.1077,6.1810,790.7563,17.1305,86.9505,3.7821,32.5008,8.2076
2031-01-26,17.0075,0.4394,58.2488,4.9703,793.5217,18.0612,86.9988,3.5828,34.1776,8.0654
2031-01-27,17.5252,0.0033,55.4889,2.9690,796.3802,19.0818,87.0472,3.2615,36.0068,7.6589
2031-01-28,16.7940,0.1175,56.9483,4.4353,799.1071,20.0302,87.0956,3.5359,37.6981,8.4583
2031-01-29,15.9548,0.1237,62.4148,6.6924,801.6830,20.8194,86.4381,3.6088,39.1002,8.8005
2031-01-30,15.8449,0.0196,61.5821,5.0659,804.2391,21.6208,86.3446,3.2812,40.5184,8.2782
2031-01-31,15.0769,0.0000,52.0411,5.8942,806.6569,22.5759,86.3928,3.4444,42.1992,8.8507
2031-02-01,16.1356,0.0000,51.3090,4.7557,809.2653,23.7680,86.5045,3.3041,44.2845,8.7921
2031-02-02,15.3908,0.0000,50.5655,5.9829,811.7396,24.9260,86.5527,3.5390,46.2979,9.5763
2031-02-03,17.4744,0.0000,43.3082,7.4659,814.5890,26.4218,87.7273,4.5080,48.8800,12.0618
2031-02-04,18.3250,0.0000,49.0457,10.2531,817.5915,27.8278,87.7759,5.2240,51.2912,13.9220
2031-02-05,17.3356,0.0000,56.9866,10.6377,820.4159,28.9543,87.4339,5.0721,53.2135,13.8877
2031-02-06,17.4246,0.0000,55.4263,10.9488,823.2564,30.1272,87.4825,5.1881,55.2039,14.4248
2031-02-07,17.9744,0.0005,49.5303,12.0682,826.1958,31.4947,87.5310,5.5273,57.5087,15.4880
2031-02-08,17.1226,0.0820,54.7619,12.0517,828.9818,32.6657,87.5795,5.5612,59.4726,15.8493
2031-02-09,16.2876,0.0764,55.9373,13.1907,831.6176,33.7540,87.3887,5.7313,61.2889,16.4826
2031-02-10,17.4875,0.0004,48.6717,12.9162,834.4693,35.1092,87.4372,5.6919,63.5355,16.7227
2031-02-11,16.6046,0.0087,50.9062,16.5383,837.1622,36.3439,87.4857,6.8791,65.5712,19.5620
2031-02-12,17.0585,0.5446,49.7410,14.9474,839.9367,37.6403,86.8210,5.7754,67.6963,17.4997
2031-02-13,16.8944,0.2447,51.8336,5.2115,842.6817,38.8715,86.8693,3.5604,69.7046,12.2615
2031-02-14,18.3102,0.0105,44.6975,5.2749,845.6815,40.3963,87.7180,4.0315,72.1736,13.7990
2031-02-15,16.3173,0.4119,55.4815,9.5076,848.3227,41.4977,87.4940,4.8326,73.9517,16.0756
2031-02-16,17.1887,0.0081,51.1816,10.6231,851.1206,42.7660,87.5425,5.1476,75.9868,17.1110
2031-02-17,16.0277,0.0002,45.7569,10.5006,853.7096,44.0857,87.5910,5.1515,78.0900,17.3799
2031-02-18,15.6787,0.0073,40.0346,18.9787,856.2358,45.5149,88.2762,8.7115,80.3517,25.7095
2031-02-19,13.9716,0.0000,35.9402,21.1377,858.4547,46.8864,88.8071,10.4818,82.5070,29.5848
2031-02-20,14.2104,0.0000,35.5634,12.6440,860.7165,48.2878,89.0070,7.0310,84.6965,22.7442
2031-02-21,15.5990,0.0000,29.9784,5.7982,863.2284,49.9488,90.0279,5.7651,87.2729,20.0473
2031-02-22,17.5135,0.0000,23.6359,6.9263,866.0848,51.9679,91.6317,7.6704,90.3783,25.0069
2031-02-23,16.7336,0.0000,30.1823,6.1138,868.8008,53.7365,91.6816,7.4150,93.0802,24.7914
2031-02-24,17.2635,0.0000,32.7234,5.3829,871.6123,55.4915,91.6403,7.1052,95.7440,24.4067
2031-02-25,16.0580,0.0002,41.8754,6.9872,874.2067,56.9081,90.3803,6.4377,97.8861,23.0243
2031-02-26,13.2878,0.0106,53.3206,5.2990,876.3025,57.8622,88.3907,4.4449,99.3278,17.7449
2031-02-27,16.6468,0.0000,39.1460,6.2782,879.0029,59.3962,88.6850,4.8712,101.6249,19.2044
2031-02-28,17.6909,0.0000,33.4261,9.9248,881.8913,61.1733,89.7519,6.8223,104.2654,24.7307
2031-03-01,16.7695,0.0000,31.0613,10.7622,884.6138,63.2732,90.2475,7.6399,107.3504,27.1127
2031-03-02,17.3781,0.0000,27.2294,10.6510,887.4458,65.5653,91.0738,8.5485,110.6865,29.6766
2031-03-03,18.2167,0.0000,34.2976,11.7516,890.4288,67.7287,91.1235,9.1002,113.8146,31.3287
2031-03-04,18.6827,0.0000,35.2747,9.9353,893.4957,69.9113,91.1732,8.3633,116.9465,29.9342
2031-03-05,21.7078,0.0000,31.8162,9.1970,897.1071,72.5622,91.2229,8.1151,120.7145,29.7116
2031-03-06,20.9769,0.0000,32.2329,11.5553,900.5870,75.1124,91.2727,9.2041,124.3058,32.7070
2031-03-07,22.8778,0.0000,20.3927,14.0244,904.4090,78.3662,93.4260,14.1187,128.8258,43.7987
2031-03-08,23.5555,0.4459,19.7622,14.1775,908.3530,81.7384,93.9455,15.2939,133.4544,46.6318
2031-03-09,20.9630,0.2180,37.5687,8.8965,911.8303,84.0863,92.0573,8.9972,136.6654,33.3199
2031-03-10,22.2537,0.0018,37.1165,6.8324,915.5400,86.5896,91.7483,7.7616,140.0623,30.4232
2031-03-11,23.0144,0.0544,33.8242,8.1899,919.3866,89.3098,91.7983,8.3701,143.7176,32.2634
2031-03-12,25.1556,0.2236,29.8770,7.4474,923.6186,92.4482,92.0050,8.3021,147.8895,32.3606
2031-03-13,20.5691,0.2561,50.6452,12.8731,927.0250,94.2712,89.5750,7.7168,150.3252,30.9561
2031-03-14,17.6266,0.3249,54.8941,8.7526,929.9018,95.7111,88.2114,5.1555,152.2468,23.5404
2031-03-15,19.2397,1.6352,51.8891,5.0386,933.0689,91.3060,79.0399,1.3325,146.7189,8.0937
2031-03-16,18.6415,1.3323,54.2697,12.5509,936.1284,92.8449,79.5793,2.0505,148.7960,11.6953
2031-03-17,18.4659,4.2132,64.5338,11.5845,896.0424,63.3756,63.5534,0.8888,107.7065,4.6686
2031-03-18,16.8176,4.6719,76.5284,6.5146,853.2423,43.0480,48.1562,0.1800,76.4530,0.4123
2031-03-19,14.4776,12.1795,82.4535,13.5138,730.4536,20.7873,33.1598,0.0155,38.8133,0.0218
2031-03-20,11.9651,2.1016,57.7222,19.0774,732.3113,18.9629,56.8438,0.8546,35.6199,1.5134
2031-03-21,12.1124,0.0848,45.1131,9.2798,734.1956,20.1990,75.2915,1.2429,37.7983,2.9020
2031-03-22,17.2312,2.6028,59.2923,12.6642,737.0012,17.4297,69.9101,1.1808,32.9135,2.3846
2031-03-23,16.0012,0.3518,65.1097,9.9770,739.5854,18.4468,78.7753,1.6673,34.7281,3.8416
2031-03-24,14.3680,3.6821,86.2430,12.0557,720.1394,13.1815,51.1847,0.3464,25.2095,0.3644
2031-03-25,13.0637,1.7220,61.1985,12.4658,722.1949,12.9377,63.3106,0.9188,24.7663,0.9554
2031-03-26,11.0172,2.6447,67.8822,12.7523,723.8820,10.4759,59.1526,0.7366,20.2202,0.6724
2031-03-27,13.7023,2.6619,49.5628,17.1819,726.0524,8.9601,66.8784,1.3439,17.3839,1.4627
2031-03-28,17.7666,0.0197,43.9576,12.8706,728.9544,10.7624,82.5260,2.9089,20.7586,4.8451
2031-03-29,16.2303,3.7483,55.7907,12.2898,709.7643,8.1962,66.9587,1.0532,15.9325,0.8297
2031-03-30,11.7914,8.1935,74.1412,13.1255,652.0521,4.4700,43.5798,0.1270,8.7893,0.0715
2031-03-31,12.4594,4.5155,68.5954,11.5248,629.8450,2.8426,46.2680,0.1779,5.6217,0.0806
2031-04-01,12.5663,4.7676,73.4044,12.9175,608.3005,1.9106,44.9975,0.1576,3.7915,0.0605
2031-04-02,13.2287,5.9273,69.4434,15.0449,580.0438,1.4514,46.1990,0.2103,2.8847,0.0731
2031-04-03,14.0663,4.4434,64.7399,16.1867,563.7337,1.4743,52.8434,0.5113,2.9295,0.1786
2031-04-04,14.0649,12.1111,76.0143,9.4776,502.0635,0.9338,36.2134,0.0257,1.8589,0.0078
2031-04-05,13.5600,14.9332,90.1093,12.8804,435.1807,0.3515,20.4090,0.0003,0.7016,0.0001
2031-04-06,15.5641,5.9439,62.2669,11.9975,418.0844,1.5244,44.0610,0.1298,3.0212,0.0458
2031-04-07,15.8283,1.5344,54.9593,7.8140,421.8875,3.0150,63.3382,0.7277,5.9242,0.3377
2031-04-08,16.5901,2.4829,54.7518,9.7260,425.8277,3.5809,67.0548,0.9286,7.0143,0.4668
2031-04-09,15.8638,5.6163,61.3169,11.7152,410.7329,3.0078,56.4778,0.5724,5.9075,0.2653
2031-04-10,16.7673,0.9084,53.3363,10.9370,414.7050,5.0291,74.0177,1.2638,9.7623,0.7526
2031-04-11,15.7495,0.0651,51.8480,7.8814,418.4939,6.9961,82.1974,2.1721,13.4309,2.5251
2031-04-12,12.5915,5.7643,76.9480,9.4102,402.4889,4.2930,48.3606,0.2140,8.3630,0.1175
2031-04-13,15.0436,2.6765,67.5687,10.2849,406.1508,3.8250,55.9025,0.5075,7.4740,0.2632
2031-04-14,14.5228,2.4695,62.4847,11.4457,409.7189,3.7205,61.5042,0.7962,7.2758,0.4075
2031-04-15,15.9589,2.2728,56.9001,10.4249,413.5455,4.1279,66.7018,0.9502,8.0548,0.5117
2031-04-16,19.0710,0.0009,42.2166,7.4930,417.9323,6.9536,82.4577,2.1996,13.3518,2.5569
2031-04-17,21.7369,0.0000,38.5147,5.0576,422.7989,10.3577,88.0153,4.1610,19.5198,6.6173
2031-04-18,23.5749,0.0001,34.8343,5.6658,427.9964,14.2559,90.2350,5.8991,26.3200,10.6228
2031-04-19,25.8352,0.0010,35.9210,4.7000,433.6007,18.4402,90.8197,6.1085,33.3361,12.4247
2031-04-20,26.6613,0.0070,42.1340,5.4648,439.3538,22.3347,90.8694,6.3936,39.6326,14.1412
2031-04-21,24.5591,0.1236,42.4287,7.3685,444.7284,25.9160,90.9190,7.0873,45.2411,16.4200
2031-04-22,26.9072,0.1558,29.8202,4.3196,450.5257,30.6811,92.1217,7.2093,52.4350,17.9832
2031-04-23,28.9701,0.0698,33.2248,8.7863,456.6943,35.5490,92.1717,9.0932,59.5161,22.7213
2031-04-24,27.8584,0.0909,38.3390,10.3722,462.6628,39.8778,92.2218,9.9195,65.6166,25.3835
2031-04-25,21.6046,0.5470,58.8275,10.6395,467.5057,42.1441,88.3230,5.7613,68.7861,17.6201
2031-04-26,21.7242,0.4502,54.4184,8.4688,472.3700,44.6663,88.3718,5.2006,72.2525,16.7706
2031-04-27,25.9686,0.0156,46.0681,8.5695,477.9984,48.2055,88.9617,5.6889,76.9981,18.5592
2031-04-28,27.8075,0.0457,44.5851,7.3476,483.9577,52.0890,89.5493,5.8199,82.0895,19.5279
2031-04-29,23.1010,0.9495,54.5297,13.8132,489.0699,54.7568,85.3986,4.4660,85.5640,16.4265
2031-04-30,16.1581,9.2311,72.4071,16.0358,452.3315,30.0998,52.2967,0.4789,51.6132,0.8243
2031-05-01,18.1809,2.2137,55.5725,14.0826,458.0080,28.3290,67.9223,1.1904,49.0702,3.4434
2031-05-02,16.4293,0.4454,46.0456,13.1413,463.3693,30.8189,81.9810,2.7577,52.8501,8.3810
2031-05-03,19.9372,0.0001,34.4841,9.3368,469.3620,34.4474,88.4404,5.4868,58.2137,15.5050
2031-05-04,22.1409,0.0321,44.5606,7.8156,475.7513,37.8395,88.6582,5.2433,63.1268,15.6634
2031-05-05,27.1097,0.0035,42.9242,4.9858,483.0351,42.0783,89.6309,5.2277,69.1065,16.4282
2031-05-06,27.8901,1.8987,41.5374,12.3173,490.4593,42.9762,85.8513,4.4116,70.5071,14.6008
2031-05-07,22.2855,1.9079,52.0624,8.9943,496.8747,42.2351,79.4595,1.6937,69.6660,6.4644
2031-05-08,25.4986,0.0249,44.0647,5.1007,503.8685,46.1520,87.2813,3.7545,75.1057,13.3550
2031-05-09,27.7571,0.0009,36.8163,5.8271,511.2687,50.9521,90.5122,6.1877,81.5792,20.3461
2031-05-10,31.2795,0.0000,27.6578,5.4996,519.3031,57.1189,93.2227,8.9312,89.5998,27.6575
2031-05-11,31.8687,0.0002,28.7281,8.0501,527.4434,63.3050,93.4037,10.4160,97.3881,31.9697
2031-05-12,32.0670,0.0512,32.7822,5.9310,535.6195,69.1743,93.4542,9.4272,104.5821,30.9085
2031-05-13,35.2682,0.0006,25.5078,5.2116,544.3718,76.3065,94.5914,10.6430,113.0104,34.6696
2031-05-14,36.5792,0.0002,20.4926,6.6635,553.3600,84.1934,95.9067,13.7039,121.9864,42.1331
2031-05-15,35.7662,0.0703,22.5546,7.9764,562.2019,91.7099,95.9580,14.7433,130.2868,45.1975
2031-05-16,32.1833,0.1081,26.8256,10.7761,570.3989,98.1217,95.4431,15.8303,137.2277,48.0824
2031-05-17,32.6746,0.0000,19.8119,13.4089,578.6843,105.2518,95.4942,18.2026,144.7055,53.2959
2031-05-18,34.0883,0.2592,16.9510,15.9513,587.2242,112.9453,96.3230,23.1491,152.5418,62.6335
2031-05-19,28.6741,0.4964,34.2006,10.7240,594.7896,118.1030,93.8429,12.6695,157.8488,43.3875
2031-05-20,33.4807,0.0000,28.0934,7.4856,603.2201,124.6494,93.8936,10.8378,164.3800,39.6082
2031-05-21,29.9706,1.5434,38.6868,11.4137,611.0188,122.1249,88.5838,6.2189,162.8682,27.2962
2031-05-22,25.7217,2.3841,55.3497,12.9740,618.0527,97.1313,80.0027,2.1872,139.4670,12.0316
2031-05-23,25.9989,0.0132,38.6109,9.3462,625.1365,101.5109,88.8080,5.7869,144.4014,25.1219
2031-05-24,29.0938,0.0000,23.3289,10.1328,632.7774,107.6055,93.5903,11.8733,151.0113,41.1550
2031-05-25,32.5987,0.0000,20.7280,7.7626,641.0492,114.6383,95.1425,13.0534,158.4416,44.2616
2031-05-26,34.4979,0.0000,20.3025,7.0870,649.6628,122.1073,95.6438,13.5090,166.1451,45.7207
2031-05-27,31.8199,0.0000,23.0460,12.6072,657.7943,128.7767,95.6950,17.9660,172.9212,55.0898
2031-05-28,30.1453,0.0000,18.1004,13.9018,665.6245,135.5136,95.7463,19.3110,179.6105,57.9790
2031-05-29,31.6838,0.0013,20.2734,13.3628,673.7316,142.3947,95.7975,18.9247,186.3341,57.5954
2031-05-30,30.4508,0.0004,30.4069,11.8164,681.6167,148.1752,94.5789,14.8202,192.0028,49.7010
2031-05-31,25.8362,0.0343,41.5724,14.9293,688.6712,152.3186,91.9354,11.9851,196.1675,43.5784
2031-06-01,24.3323,0.3845,46.6236,13.4384,696.4550,155.8924,90.5524,9.1326,199.9142,36.6406
2031-06-02,23.4794,1.2604,47.5811,13.8693,704.0853,159.2844,85.4602,4.5171,203.4839,22.7464
2031-06-03,23.2106,0.2168,41.0648,10.6112,711.6673,163.0563,88.7979,6.1588,207.3457,28.2802
2031-06-04,23.2592,0.0905,40.4750,12.2410,719.2579,166.8736,89.5063,7.4016,211.2297,32.0859
2031-06-05,23.9844,0.6851,38.7186,12.1690,726.9791,170.9205,89.2521,7.1106,215.2954,31.2961
2031-06-06,27.3254,0.1218,36.5794,6.4505,735.3017,175.6666,90.7964,6.6496,219.9599,29.9754
2031-06-07,32.6134,0.0332,23.6294,9.3734,744.5761,182.4449,94.3526,12.7011,226.2771,45.8849
2031-06-08,30.6728,0.8225,30.4101,13.3432,753.5012,188.2659,92.2844,11.6237,231.7637,43.4439
2031-06-09,26.3095,0.1626,38.1967,13.9999,761.6409,192.7256,92.1412,11.7745,236.0966,43.8577
2031-06-10,22.9050,4.1275,49.9069,14.6696,741.6472,97.1907,75.5183,1.6525,146.4136,9.7344
2031-06-11,28.2042,0.1558,38.4672,9.0447,750.1280,101.9378,88.7046,5.6156,152.1761,24.9896
2031-06-12,32.8486,0.0000,24.2446,4.9906,759.4447,108.7084,93.9924,9.6893,160.1179,36.5991
2031-06-13,34.8321,0.0000,21.4337,8.7510,769.1185,116.1406,95.3984,14.2079,168.6237,47.3481
2031-06-14,34.5415,0.0000,17.5355,15.6343,778.7400,123.8784,96.2633,22.5998,177.2618,63.6760
2031-06-15,36.1893,0.0003,15.1361,13.5208,788.6581,132.2095,97.0641,22.6221,186.3291,64.2182
2031-06-16,38.5860,0.0043,14.3714,10.8554,799.0075,141.1559,97.6090,21.2669,195.8241,62.2749
2031-06-17,39.0398,0.0161,15.7284,11.5443,809.4387,150.0613,97.6609,22.1700,205.0755,64.2097
2031-06-18,37.9540,0.0048,17.8930,10.3002,819.6744,158.5032,97.7128,20.9666,213.6978,62.3265
2031-06-19,37.0345,0.1183,21.1436,8.4990,829.7447,166.4200,97.3802,18.3204,221.6836,57.5763
2031-06-20,37.3357,0.0292,25.1394,7.6988,839.8691,173.9950,96.6967,16.0606,229.2541,53.2155
2031-06-21,36.1740,0.3966,24.4695,7.7175,849.7844,181.4068,96.5273,15.7143,236.5633,52.6097
2031-06-22,36.3688,0.0202,19.3760,10.9004,859.7348,189.3598,96.5788,18.5761,244.2352,58.4441
2031-06-23,36.2202,0.0000,19.0395,8.8138,869.6584,197.3143,96.6303,16.8383,251.8020,55.0992
2031-06-24,36.8364,0.0000,19.0772,11.9816,879.6930,205.3963,96.6819,19.8896,259.3853,61.1079
2031-06-25,34.0308,0.0000,21.9620,15.2405,889.2225,212.6138,96.6301,23.2769,266.1412,67.2796
2031-06-26,30.1430,0.0000,23.8778,15.2794,898.0523,218.8751,95.7799,20.7936,272.0119,62.8893
2031-06-27,34.5888,0.0000,13.1106,7.3569,907.6822,227.0389,97.2178,16.9258,279.3764,55.4870
2031-06-28,34.9037,0.0001,21.0262,11.4274,917.3689,234.5245,97.0097,20.2100,286.1585,61.8968
2031-06-29,35.1047,0.0000,19.4795,10.4025,927.0917,242.1992,97.0614,19.3257,293.0215,60.2635
2031-06-30,35.8706,0.0000,17.6292,11.1366,936.9525,250.2165,97.1131,20.1929,300.0856,61.9267
2031-07-01,36.2374,0.0000,15.6793,10.3038,947.1792,257.6105,97.1648,19.4970,306.6899,60.6402
2031-07-02,36.8180,0.0000,14.3927,7.3391,957.5104,265.2340,97.3454,17.2004,313.4210,56.1723
2031-07-03,38.4189,0.0000,16.6849,5.6855,968.1298,272.9667,97.3972,15.9347,320.2178,53.5943
2031-07-04,37.1755,1.8372,25.7103,8.6825,978.5254,161.0446,93.2871,10.5796,228.1978,40.8510
2031-07-05,33.3467,2.2938,45.1042,9.3234,988.2318,117.5252,86.4865,4.1487,181.1826,21.0195
2031-07-06,34.0890,0.0402,35.2070,13.0452,998.0718,122.8799,92.1135,11.1775,187.9195,41.4201
2031-07-07,33.7123,0.0085,28.9432,10.8217,1007.8441,128.6894,93.5902,12.2925,195.0993,44.2563
2031-07-08,36.6851,0.0000,24.6094,5.8665,1018.1514,135.3796,95.0229,11.6713,203.2093,43.0330
2031-07-09,38.7067,0.0000,20.7604,8.6867,1028.8226,142.7876,96.2323,15.8579,212.0133,52.4518
2031-07-10,39.0545,0.0061,18.9453,10.4533,1039.5564,150.4315,96.7100,18.4852,220.9355,57.8777
2031-07-11,37.4843,0.0014,16.6736,11.9337,1050.0076,157.9823,96.9519,20.5726,229.6012,61.9690
2031-07-12,31.8718,0.0010,37.3278,14.0655,1059.4485,162.8354,93.6888,14.6751,235.2695,50.3940
2031-07-13,31.0008,1.3288,43.7939,11.9224,1068.7326,167.0728,88.4995,6.3036,240.2508,29.1071
2031-07-14,33.5286,0.3099,33.2139,12.8718,1078.4718,172.5044,92.5138,11.7237,246.4557,43.8479
2031-07-15,33.6687,0.0000,25.9482,11.4690,1088.2362,178.5512,94.2043,13.8295,253.2309,48.7499
2031-07-16,35.0312,0.0036,21.6508,9.6574,1098.2458,185.1996,95.4022,14.8796,260.5545,51.1003
2031-07-17,35.7606,0.0000,25.3078,12.0504,1108.3867,191.6657,95.4533,16.9039,267.6320,55.3685
2031-07-18,34.2569,0.0000,25.9788,15.4447,1118.2569,197.8122,95.5045,20.1973,274.3137,61.8026
2031-07-19,34.1079,0.0000,25.9434,11.9039,1128.1004,203.9358,95.5557,17.0149,280.9139,55.6755
2031-07-20,38.1486,0.0000,19.0641,6.0938,1138.6711,211.3963,96.5049,14.4363,288.7672,50.3044
2031-07-21,41.7217,0.0000,16.0350,7.6911,1149.8850,219.8406,97.7351,18.4380,297.4915,58.5724
2031-07-22,42.5911,0.0000,15.5785,10.1502,1161.2554,228.5032,97.9921,21.5918,306.3186,64.5183
2031-07-23,41.4694,0.0000,16.3307,10.3711,1172.4239,236.8682,98.0441,21.9837,314.7578,65.2504
2031-07-24,40.5541,0.0000,13.5646,10.4268,1183.4277,245.3239,98.0961,22.1973,323.1670,65.6542
2031-07-25,38.3935,0.0024,23.0028,10.8641,1194.0425,252.4656,97.2983,20.4154,330.3239,62.4235
2031-07-26,34.5887,0.0315,38.6965,13.1216,1203.9725,257.6039,93.8342,14.2793,335.6612,50.0780
2031-07-27,33.0369,0.0829,39.4098,15.7692,1213.6231,262.4616,93.1303,14.7925,340.7138,51.2027
2031-07-28,27.1898,2.1953,54.8308,15.8886,1222.2213,136.9741,82.6421,3.4363,213.9928,18.7924
2031-07-29,33.3187,0.0247,37.3358,9.0646,1231.9226,142.0395,91.1367,7.9628,220.5158,33.8283
2031-07-30,35.8223,0.0000,26.3557,7.9967,1242.0747,148.4255,94.3919,11.9143,228.5676,44.0899
2031-07-31,37.9177,0.0237,21.3643,7.0925,1252.6038,155.6313,95.9426,14.0719,237.4935,49.1145
2031-08-01,37.4787,0.0511,20.7989,11.3451,1262.3540,161.9392,96.0607,17.7154,245.2308,56.7775
2031-08-02,33.9472,0.0000,24.7423,14.8138,1271.4685,167.3844,96.0466,21.0589,251.8732,63.1885
2031-08-03,32.6235,0.0000,18.4208,11.2851,1280.3447,173.0640,96.0980,17.7513,258.7051,56.9904
2031-08-04,36.9705,0.0000,16.1436,8.0365,1290.0034,179.6547,96.9547,16.9108,266.5169,55.3743
2031-08-05,36.2287,0.0000,21.2179,13.5280,1299.5285,185.7259,97.0063,22.4564,273.6707,65.8996
2031-08-06,36.1055,0.0000,17.1604,13.7230,1309.0315,192.0887,97.0580,22.8352,281.0672,66.6178
2031-08-07,37.1073,0.0000,15.5309,10.4130,1318.7149,198.7514,97.1464,19.5566,288.7171,60.6824
2031-08-08,38.7888,0.0000,14.2461,7.4084,1328.7008,205.8132,97.6639,18.0065,296.7222,57.7246
2031-08-09,39.5214,0.0000,14.1707,7.7698,1338.8187,213.0109,97.8057,18.6850,304.7892,59.0777
2031-08-10,38.0082,0.0000,18.4506,8.5607,1348.6642,219.5950,97.8576,19.5788,312.1331,60.8115
2031-08-11,36.2222,0.0000,25.8573,12.1589,1358.1882,225.3077,96.4485,19.4484,318.5189,60.5807
2031-08-12,32.9379,0.0000,28.7846,13.6621,1367.1210,230.3120,95.2705,17.8824,324.1178,57.5576
2031-08-13,32.4293,0.0115,30.1666,11.7457,1375.9623,235.1459,94.7950,15.2129,329.5116,52.0890
2031-08-14,32.4265,0.0836,31.1745,11.2222,1384.8031,239.9096,94.5531,14.3320,334.8094,50.1925
2031-08-15,32.3140,0.0014,32.1475,9.7926,1393.6236,244.5902,94.3418,12.9529,339.9998,47.1051
2031-08-16,34.7793,0.9413,30.8760,9.3970,1402.8878,249.7103,92.7543,10.1790,345.6214,40.3907
2031-08-17,32.0157,1.2359,49.5154,7.9062,1411.6547,253.1617,87.5341,4.4836,349.5883,23.2449
2031-08-18,31.7370,0.8436,46.4087,14.0947,1420.3713,256.7947,88.9715,7.5258,353.7154,33.1423
2031-08-19,32.4429,0.0000,33.2352,9.1758,1429.2151,261.4181,92.2927,9.4330,358.7764,38.4563
2031-08-20,32.6091,0.0000,26.6872,12.0447,1438.0887,266.5200,93.8640,13.5810,364.2667,48.5551
2031-08-21,32.9091,0.0000,21.3403,10.1084,1447.0163,272.0427,95.0983,14.6027,370.1245,50.8180
2031-08-22,37.4560,0.0455,22.4420,10.3972,1456.7624,278.2161,95.6835,16.0475,376.6150,53.8959
2031-08-23,37.3150,0.0000,29.3668,11.3103,1466.4831,283.8178,95.7148,16.8747,382.5448,55.6014
2031-08-24,40.7863,0.0000,19.4948,9.5226,1476.8286,290.7793,96.8639,18.0056,389.7229,57.8702
2031-08-25,40.6101,0.0000,18.1298,8.5121,1487.1424,297.8290,97.1455,17.7681,396.9272,57.4032
2031-08-26,36.9886,0.0000,26.2669,11.7916,1496.8044,303.6268,96.3877,18.9362,402.9218,59.6902
2031-08-27,31.5200,0.0000,36.6021,13.5651,1505.4820,307.8962,93.7120,14.3561,407.4610,50.2954
2031-08-28,30.7226,0.0192,37.9284,11.7700,1514.0161,311.9741,93.0388,11.9388,411.8080,44.7722
2031-08-29,32.0396,0.0010,32.8516,9.0681,1522.7872,316.5681,93.0891,10.4928,416.6142,41.2222
2031-08-30,33.4884,0.0000,28.7107,9.5306,1531.8191,321.6586,93.6593,11.6295,421.8579,44.0318
2031-08-31,32.7127,0.1170,29.4839,8.7846,1540.7114,326.5809,93.7099,11.2795,426.9258,43.1815
2031-09-01,34.2076,0.0389,23.7012,9.2523,1548.5727,331.3771,94.8139,13.4516,431.7696,48.2873
2031-09-02,28.0544,0.8943,39.8888,15.7772,1555.3265,334.4972,89.8980,9.3563,435.0719,38.2758
2031-09-03,26.3819,0.1918,48.9868,10.9713,1561.7793,336.9931,89.9473,7.3960,437.8132,32.7845
2031-09-04,31.0305,0.0880,38.8777,4.9775,1569.0688,340.4896,91.0916,6.4392,441.4768,29.8722
2031-09-05,34.2234,0.0000,27.4356,4.9780,1576.9330,345.0530,93.8397,9.4802,446.0839,38.6060
2031-09-06,34.8724,0.0000,25.9741,5.5478,1584.9140,349.7939,94.4643,10.6369,450.8364,41.5899
2031-09-07,35.4223,0.0000,24.7848,4.7164,1592.9940,354.6846,94.8323,10.7301,455.7077,41.8243
2031-09-08,35.8215,0.0000,20.1901,7.9743,1601.1459,359.9308,95.8635,14.5544,460.8620,50.7372
2031-09-09,34.9331,0.0000,21.9337,11.7947,1609.1378,364.9389,95.9148,17.7672,465.7866,57.4145
2031-09-10,33.5839,0.0000,25.1686,13.7023,1616.8870,369.5597,95.8992,19.5184,470.3554,60.8163
2031-09-11,31.3498,0.0000,28.8509,13.8752,1624.2339,373.6702,94.9592,17.3219,474.4571,56.5254
2031-09-12,31.8038,0.0500,29.2147,11.8389,1631.6626,377.8168,94.8125,15.3212,478.5874,52.3896
2031-09-13,31.3971,2.8457,36.9964,11.2456,1528.7084,122.8911,86.7875,4.7698,204.6527,23.6543
2031-09-14,27.8115,4.5301,50.6456,12.4710,1357.5906,76.9068,77.3679,1.6783,134.7323,9.5400
2031-09-15,25.6478,6.4312,62.2707,12.5020,1176.8481,47.7449,67.3026,1.0770,86.6966,4.8576
2031-09-16,25.4882,8.8714,65.7644,9.0109,1003.1121,27.1141,59.2750,0.6151,50.7956,1.2399
2031-09-17,26.3531,5.5724,64.7420,10.3461,935.7254,18.2558,63.9684,0.8507,34.8136,1.4474
2031-09-18,25.8039,3.1869,62.9341,10.5787,914.9341,15.1689,70.1235,1.0703,29.1305,1.7954
2031-09-19,25.9208,0.5593,53.3326,6.8893,921.3039,17.4140,83.5069,2.4398,33.2564,5.5469
2031-09-20,29.8662,0.0005,39.8400,6.1312,928.3838,20.7306,89.8578,5.7214,39.2691,12.8994
2031-09-21,25.4228,14.7264,65.1594,11.6397,759.6155,10.7875,61.3774,0.7984,20.8353,0.7428
2031-09-22,24.7992,0.2105,53.1786,6.6639,765.7833,12.9464,80.9188,1.7575,24.8429,3.1425
2031-09-23,25.5508,2.4425,57.8009,7.3661,772.0865,12.1532,76.0041,1.1785,23.3861,1.6423
2031-09-24,27.9622,1.4021,55.4831,9.3359,778.8236,14.4565,82.0241,2.2884,27.6308,4.5805
2031-09-25,29.3402,0.0118,44.3008,11.7163,785.8089,17.4751,89.0109,6.7137,33.1095,13.3387
2031-09-26,28.1633,1.9974,51.6333,13.1299,792.5823,17.7885,83.5369,3.3545,33.6869,7.5396
2031-09-27,26.0119,3.3187,63.4911,12.4736,778.3149,14.5757,73.9157,1.3590,27.8477,2.4807
2031-09-28,27.2826,0.0250,49.5849,9.0183,784.9298,17.1233,86.0732,3.8541,32.4754,8.3406
2031-09-29,27.3660,1.6498,55.6355,6.7266,791.5596,18.2941,81.7832,1.9491,34.5896,4.5376
2031-09-30,26.1836,0.9723,59.3307,12.8671,797.9767,20.2696,83.8280,3.4397,38.1185,8.3127
2031-10-01,22.1679,1.0227,58.6969,14.3389,802.6709,21.7257,83.0125,3.3311,40.6976,8.4107
2031-10-02,21.6947,0.0087,42.1935,7.5025,807.2800,23.7223,87.7099,4.5052,44.1976,11.3822
2031-10-03,23.9453,0.0065,39.7504,6.0929,812.2941,26.0087,89.4639,5.3968,48.1621,13.7892
2031-10-04,25.4871,0.0000,36.6831,4.5149,817.5858,28.5594,90.5016,5.7831,52.5313,15.2552
2031-10-05,26.8230,0.0000,39.2939,9.0626,823.1179,31.1278,90.5511,7.3241,56.8782,18.9921
2031-10-06,27.0815,0.0000,35.3007,7.7545,828.6966,33.8905,91.1753,7.4952,61.4938,20.1240
2031-10-07,28.0152,0.0000,32.8841,7.2144,834.4433,36.8513,91.8176,7.9904,66.3744,21.9291
2031-10-08,28.8493,0.0005,38.2061,8.1704,840.3402,39.6555,91.8675,8.4442,70.9417,23.6049
2031-10-09,28.2483,0.0843,43.3557,8.4641,846.1289,42.1744,91.5698,8.2160,75.0027,23.8311
2031-10-10,28.3530,0.0000,39.2533,6.6928,851.9365,44.8853,91.6197,7.5678,79.3226,23.1560
2031-10-11,28.8822,0.0000,38.8110,7.9211,857.8393,47.6651,91.6696,8.1082,83.7030,24.9844
2031-10-12,28.6402,0.0000,38.4503,7.7611,863.6985,50.4387,91.7195,8.1002,88.0259,25.6251
2031-10-13,29.4694,0.0000,33.4404,7.3289,869.7070,53.5216,92.0123,8.2612,92.7705,26.6756
2031-10-14,30.0929,0.0000,31.7620,8.2323,875.8277,56.7468,92.4440,9.1889,97.6725,29.4217
2031-10-15,28.4141,0.0000,32.8989,9.1425,881.6462,59.7475,92.4941,9.6884,102.1832,31.1479
2031-10-16,26.8928,0.0000,40.0693,8.6911,887.1909,62.2895,91.9947,8.8260,105.9773,29.7428
2031-10-17,25.8398,0.5293,49.6386,8.5587,892.5461,64.3452,90.2074,6.7979,109.0384,25.1880
2031-10-18,22.8646,2.3092,67.2332,9.8081,897.3657,56.1597,74.9162,1.2499,97.1236,6.1070
2031-10-19,23.0790,1.4747,67.1385,10.2454,902.2239,57.3636,76.2898,1.3882,98.9923,6.8249
2031-10-20,26.2793,0.0000,47.2140,9.5948,907.6582,59.5534,86.7158,4.3447,102.3228,17.7164
2031-10-21,26.3654,0.0000,36.2003,8.3408,913.1080,62.2085,90.3427,6.8551,106.3101,25.0410
2031-10-22,26.2648,0.0000,33.6850,6.3509,918.5396,64.9581,91.2834,7.0916,110.3981,26.0840
2031-10-23,26.9183,0.0014,29.9131,6.1940,924.0889,67.9335,92.1813,7.9905,114.7734,28.7946
2031-10-24,27.5702,0.0000,31.4871,5.4020,929.7556,70.9098,92.2314,7.7324,119.1093,28.5970
2031-10-25,26.3086,0.0000,40.5721,6.6250,935.1951,73.3778,91.8031,7.7406,122.6893,28.9603
2031-10-26,24.1994,0.0000,45.9590,8.9215,940.2550,75.4494,90.6566,7.3825,125.6852,28.3050
2031-10-27,23.0833,0.2347,47.9634,5.2417,945.1140,77.3562,90.0285,5.6061,128.4323,23.5850
2031-10-28,24.2265,0.0567,49.8599,7.7942,950.1788,79.2803,89.7503,6.1264,131.1943,25.2972
2031-10-29,19.2598,0.9870,50.5859,12.7374,954.3496,80.8046,84.9046,3.9516,133.3768,18.6104
2031-10-30,17.3137,0.0005,39.8915,8.9621,958.1700,82.4817,87.7656,4.8878,135.7493,21.8466
2031-10-31,16.8915,0.2250,42.8905,5.5409,961.9145,84.0386,88.0398,4.2786,137.9474,19.9666
2031-11-01,18.0031,0.8570,59.2866,6.9699,964.8591,85.0697,83.4349,2.4268,139.4105,13.0659
2031-11-02,19.3126,1.6785,63.1661,10.8724,968.0393,80.5016,76.6515,1.4687,133.2921,8.4677
2031-11-03,18.2727,4.7823,67.2512,14.0005,915.3345,53.6312,61.2676,0.8938,93.5581,4.2336
2031-11-04,17.6480,1.7742,58.8737,11.1988,918.2151,51.0319,70.1701,1.1059,89.6127,5.1162
2031-11-05,17.3333,0.0075,58.5127,5.9110,921.0391,52.0458,79.8039,1.5011,91.2069,6.9482
2031-11-06,18.9776,0.2286,64.7255,5.0033,924.1591,52.9848,82.8686,2.0432,92.6848,9.2211
2031-11-07,21.4327,0.0018,57.8606,3.5325,927.7209,54.2436,85.1727,2.5784,94.6516,11.3331
2031-11-08,22.9479,0.0000,49.8942,6.6700,931.5556,55.8411,87.2664,4.0548,97.1269,16.3745
2031-11-09,26.0949,0.0538,44.0235,8.2276,935.9567,57.8594,89.1015,5.7051,100.2288,21.3794
2031-11-10,23.1902,0.0335,57.2268,6.4441,939.8349,59.2368,88.4215,4.7298,102.3467,18.8623
2031-11-11,21.7544,0.3310,61.1347,5.8012,943.4547,60.4145,87.5770,4.0572,104.1549,16.9890
2031-11-12,19.0260,1.8575,61.2600,11.5133,946.5834,56.4734,76.9938,1.5547,98.2872,7.5318
2031-11-13,16.2196,4.1130,67.8043,11.7362,906.5771,40.5689,60.2205,0.7497,72.9739,2.7745
2031-11-14,16.5318,0.0441,56.2502,5.0504,909.2568,41.5916,75.4500,1.0136,74.6469,4.0516
2031-11-15,19.3878,0.0001,51.8213,6.3820,912.4506,42.9003,83.4870,2.3720,76.7762,9.3043
2031-11-16,21.8248,0.1062,51.0101,5.8851,916.0831,44.3892,86.4687,3.4800,79.1860,12.9736
2031-11-17,25.9870,0.2796,40.5512,6.7617,920.4648,46.5242,89.4640,5.5819,82.6097,19.0074
2031-11-18,28.2067,0.0237,29.4291,6.3552,925.2460,49.2662,92.2319,8.1134,86.9570,25.4938
2031-11-19,26.5201,0.0041,31.9868,7.8487,929.7236,51.7567,92.2820,8.8096,90.8673,27.5928
2031-11-20,26.7991,0.0000,27.0050,9.1572,934.2514,54.4567,92.8439,10.1840,95.0609,31.1282
2031-11-21,25.6188,0.0000,31.7645,4.5066,938.5668,56.8739,92.8942,8.1134,98.7830,27.1725
2031-11-22,23.5348,0.0429,35.8451,5.0258,942.5071,58.9692,92.3275,7.6907,101.9862,26.5935
2031-11-23,21.5880,0.1409,47.4477,7.0181,946.0969,60.5500,90.3262,6.3980,104.3966,23.6568
2031-11-24,22.7531,0.0684,43.9338,7.5186,949.8965,62.3231,90.3757,6.6080,107.0819,24.4900
2031-11-25,23.3941,0.2765,40.1685,8.3873,953.8114,64.2661,90.4252,6.9527,110.0027,25.6876
2031-11-26,17.2227,15.7206,79.5528,11.7459,761.3973,28.9986,43.0222,0.1080,52.9550,0.1893
2031-11-27,17.9411,6.1479,76.5599,9.8443,716.6664,17.6183,42.7670,0.0940,33.1964,0.1188
2031-11-28,18.4744,1.5575,71.1216,6.8797,719.6958,17.6202,58.2181,0.5133,33.2078,0.6492
2031-11-29,18.0042,5.8289,83.1030,12.1170,682.2886,10.7147,43.6639,0.1224,20.6199,0.1131
2031-11-30,18.8132,0.4579,70.8089,8.4230,685.3790,11.4854,65.7913,0.8313,22.0472,0.8017
2031-12-01,19.4162,3.1991,84.9022,13.3063,673.7278,8.2679,54.0653,0.4999,16.0435,0.3954
2031-12-02,18.3800,6.3041,80.0635,16.2115,636.7731,4.6615,46.8639,0.2455,9.1554,0.1413
2031-12-03,16.8495,2.9003,65.1722,12.8219,628.6595,3.4386,58.4380,0.7035,6.7844,0.3480
2031-12-04,15.2922,0.0637,61.8384,3.8742,631.1161,4.1495,72.3299,0.8240,8.1647,0.4468
2031-12-05,16.1410,0.0450,59.7741,6.0709,633.7255,4.9376,80.1532,1.5691,9.6865,0.9305
2031-12-06,16.6639,1.5838,62.7735,9.8327,636.4290,5.1291,75.0431,1.2602,10.0556,0.7625
2031-12-07,14.4082,0.0853,62.9806,3.8986,638.7265,5.7815,80.1028,1.3990,11.3072,0.9029
2031-12-08,15.1069,0.1155,66.4319,9.6228,641.1497,6.3998,82.3937,2.4294,12.4879,2.7729
2031-12-09,15.8881,24.8222,82.7135,21.7952,488.9054,2.7879,40.3335,0.1109,5.4974,0.0498
2031-12-10,14.6695,8.1233,73.6609,14.6554,456.2558,1.3020,41.4254,0.0946,2.5856,0.0317
2031-12-11,15.9009,0.4972,62.1526,8.6697,458.8220,2.0332,65.7130,0.8392,4.0219,0.3298
2031-12-12,16.0168,12.5812,80.1962,15.2592,408.2473,0.7356,40.7181,0.0857,1.4645,0.0245
2031-12-13,14.4446,8.8845,72.8567,13.3769,378.5252,0.4795,40.4131,0.0737,0.9559,0.0192
2031-12-14,14.2249,0.0979,59.4721,6.1275,380.7897,1.1853,63.4942,0.6733,2.3523,0.2189
2031-12-15,15.0378,0.0077,61.7709,4.4118,383.2005,1.8864,75.0357,0.9586,3.7269,0.3657
2031-12-16,16.4454,0.3350,64.8756,8.4897,385.8647,2.5867,80.8043,1.9023,5.0881,0.8245
2031-12-17,16.0016,8.1793,89.7515,11.3753,360.9134,0.9138,36.4640,0.0299,1.8162,0.0090
2031-12-18,17.0953,9.5816,78.5320,15.0267,332.5124,0.4439,38.7572,0.0581,0.8848,0.0149
2031-12-19,13.6581,0.1524,58.1414,6.9439,334.6749,1.1459,62.9476,0.6837,2.2724,0.2199
2031-12-20,14.2066,0.0347,55.1056,7.1013,336.9361,1.9268,76.5245,1.2038,3.7993,0.4626
2031-12-21,16.7207,0.0776,59.5252,9.5603,339.6498,2.7465,82.3261,2.4016,5.3842,1.3107
2031-12-22,16.7393,0.1497,65.0713,10.6068,342.3669,3.4546,83.6316,2.9909,6.7392,2.3622
2031-12-23,13.5395,8.8254,81.8575,9.8858,317.3951,1.4875,41.0935,0.0701,2.9405,0.0245
2031-12-24,15.3633,1.4852,69.4562,8.6709,319.8645,2.0589,57.2148,0.5209,4.0526,0.2053
2031-12-25,16.6823,2.0573,76.7476,10.4940,322.5713,1.5684,59.5743,0.6760,3.0991,0.2409
2031-12-26,15.0429,19.6973,86.5488,14.0477,263.4780,0.3218,29.4967,0.0061,0.6416,0.0015
2031-12-27,15.0742,6.5404,69.8261,8.0628,250.3824,0.5546,38.4724,0.0386,1.1031,0.0103
2031-12-28,14.0931,6.2062,80.7268,9.7725,238.5853,0.3328,34.8571,0.0192,0.6632,0.0047
2031-12-29,16.3486,2.6511,73.3312,10.3141,241.2321,0.5288,49.0967,0.2465,1.0518,0.0654
2031-12-30,14.6047,4.6852,78.4819,9.4602,234.2522,0.3840,42.8704,0.0938,0.7649,0.0235
2031-12-31,16.3271,26.0771,87.1714,15.1959,170.6591,0.2541,26.1428,0.0024,0.5062,0.0006
2032-01-01,13.4918,1.3531,58.1522,11.4800,172.7916,1.0058,54.2669,0.4648,1.9828,0.1436
2032-01-02,10.2145,0.0000,46.9699,7.1251,174.3342,1.7445,72.0740,0.9614,3.4038,0.3544
2032-01-03,12.0208,0.2982,49.6686,7.6288,176.2020,2.5575,80.6983,1.8002,4.9359,0.7701
2032-01-04,14.8077,0.0932,54.7113,5.1036,178.5714,3.4444,83.8314,2.3272,6.5719,1.5124
2032-01-05,16.7730,0.2362,59.2593,6.2833,181.2945,4.3409,84.7892,2.8098,8.1914,2.4794
2032-01-06,16.6688,1.9815,77.7613,7.3235,183.9989,3.6462,68.5042,0.8628,6.9482,0.4317
2032-01-07,17.3616,0.5839,80.3369,7.3300,186.8280,4.0931,73.9622,1.0510,7.7611,0.5554
2032-01-08,19.4874,0.3574,62.6103,7.5486,190.0397,5.0408,81.3945,1.9404,9.4546,1.5187
2032-01-09,20.8797,0.1396,50.9708,7.0878,193.5021,6.3675,85.7947,3.3629,11.7669,3.9309
2032-01-10,18.6780,0.5005,55.7496,5.6281,196.5681,7.4449,86.0773,3.2507,13.6019,4.1494
2032-01-11,18.1841,0.3523,56.9139,5.9894,199.5452,8.4678,86.1254,3.3329,15.3112,4.5918
2032-01-12,14.6962,0.1427,68.1805,6.0732,201.8946,9.0866,85.3031,2.9839,16.3352,4.2556
2032-01-13,16.3319,0.1730,71.6757,4.4478,204.5383,9.6944,84.7735,2.5561,17.3348,3.7333
2032-01-14,17.1314,0.0007,61.5168,6.7066,207.3260,10.5582,84.9138,2.9197,18.7315,4.5479
2032-01-15,18.0082,0.0000,60.2822,4.2497,210.2714,11.4925,85.1843,2.6776,20.2219,4.3660
2032-01-16,17.6009,0.0004,63.2715,4.9167,213.1436,12.3381,85.2320,2.7875,21.5566,4.7529
2032-01-17,16.0098,0.0004,63.4732,11.4233,215.7293,13.1075,85.2798,3.8947,22.7581,6.8137
2032-01-18,17.1194,0.0000,58.2850,13.2344,218.5148,14.0431,85.4603,4.3750,24.1984,7.8483
2032-01-19,15.8496,0.0065,61.6259,13.3196,221.0718,14.8439,85.5082,4.4232,25.4206,8.1536
2032-01-20,16.8775,0.1256,58.5749,9.0235,223.8137,15.7607,85.5561,3.5860,26.8028,6.9676
2032-01-21,18.0492,0.0799,55.4944,4.3533,226.7665,16.8099,85.9517,2.9952,28.3634,6.0981
2032-01-22,18.9525,0.0492,54.0604,5.9161,229.8820,17.9440,86.3639,3.4342,30.0282,7.1778
2032-01-23,17.9502,0.1835,57.7516,6.2971,232.8170,18.9348,86.4121,3.5246,31.4709,7.5617
2032-01-24,17.7189,0.1601,54.0091,8.8548,235.7104,20.0003,86.4602,4.0369,33.0004,8.7660
2032-01-25,17.3920,0.0837,55.2974,8.2269,238.5450,21.0180,86.5084,3.9379,34.4481,8.8000
2032-01-26,15.8240,0.0002,63.1908,7.8549,241.0973,21.7849,86.1552,3.6768,35.5413,8.4471
2032-01-27,16.7492,0.0001,60.1108,5.3001,243.8162,22.6615,86.2033,3.2547,36.7773,7.7449
2032-01-28,17.4115,0.0089,60.9311,6.7480,246.6543,23.5518,86.2514,3.5248,38.0263,8.4795
2032-01-29,17.8984,0.0592,59.4905,8.6256,249.5800,24.4993,86.2995,3.9010,39.3435,9.4413
2032-01-30,17.4296,0.3097,66.4052,5.8594,252.4213,25.2657,85.8700,3.1945,40.4175,8.0732
2032-01-31,16.7755,0.2605,64.2424,5.4941,255.1449,26.0526,85.9180,3.1574,41.5090,8.1227
2032-02-01,15.4848,0.0760,57.0955,6.1165,257.6362,27.0633,85.9660,3.2800,42.8688,8.5655
2032-02-02,13.7308,3.0043,60.5151,8.6223,255.2511,21.7800,66.2647,0.8544,35.9015,1.5300
2032-02-03,12.7339,8.3898,76.9699,10.0660,236.5753,11.8074,40.7225,0.0661,20.9952,0.0617
2032-02-04,13.1039,0.9984,61.7962,12.2940,238.6380,12.5782,62.2773,0.8659,22.2275,0.8395
2032-02-05,13.2076,0.0019,55.6059,6.6824,240.7194,13.4805,75.6117,1.1112,23.6499,1.4769
2032-02-06,15.1227,0.0010,54.0752,5.1269,243.1455,14.5388,81.9631,1.8375,25.2962,3.3633
2032-02-07,18.0353,0.0079,52.8126,9.4185,246.0959,15.8214,85.2770,3.5191,27.2613,6.9191
2032-02-08,19.6636,0.0047,53.6716,7.8141,249.3393,17.1879,86.3230,3.7571,29.3225,7.6728
2032-02-09,19.5205,0.0168,57.7773,7.4858,252.5570,18.4246,86.3712,3.7207,31.1653,7.8894
2032-02-10,19.0691,0.0305,53.8126,4.6620,255.6934,19.7479,86.5331,3.3019,33.1040,7.3538
2032-02-11,22.5128,0.0052,42.3698,6.6817,259.4497,21.6809,88.6000,4.9109,35.8685,10.8461
2032-02-12,21.9985,0.0244,40.9109,7.9852,263.1135,23.6197,89.2008,5.7168,38.5809,12.7665
2032-02-13,21.4870,1.2395,45.4894,10.3959,266.6851,25.3687,84.7155,3.4222,40.9895,8.6479
2032-02-14,16.6851,1.0070,66.1226,5.6593,269.3924,26.2246,79.6040,1.4525,42.1831,3.8279
2032-02-15,16.3561,0.0662,55.1960,3.6977,272.0405,27.3356,83.4900,2.0727,43.6946,5.6899
2032-02-16,20.7885,0.0225,51.4297,8.7737,275.4865,28.8457,86.3398,3.9526,45.7226,10.4267
2032-02-17,20.5106,0.1288,60.1423,9.8356,278.8824,30.0693,86.3880,4.1983,47.3699,11.1842
2032-02-18,19.5416,0.2931,62.9691,11.0158,282.1038,31.1551,86.4361,4.4860,48.8287,12.0073
2032-02-19,20.4609,0.4969,60.8744,7.5244,285.4908,32.3534,86.4843,3.7880,50.4216,10.6612
2032-02-20,20.3627,0.1971,62.0735,5.2216,288.8601,33.5097,86.5325,3.3961,51.9523,9.9106
2032-02-21,18.8652,1.0046,66.7031,6.1272,291.9598,34.4540,80.7208,1.6732,53.2098,5.2884
2032-02-22,15.1173,13.5637,80.6703,14.4279,255.5394,15.1683,41.2138,0.0901,26.4166,0.0977
2032-02-23,14.9556,4.4996,70.7440,14.0921,248.8489,10.2208,48.3537,0.2707,18.5381,0.2340
2032-02-24,13.0699,1.8558,67.8557,9.6490,250.9054,9.4734,57.9728,0.5797,17.3126,0.4803
2032-02-25,13.0773,0.0000,50.0533,8.5160,252.9633,10.4792,75.1283,1.1849,18.9916,1.2145
2032-02-26,13.4497,0.0000,44.1927,10.5489,255.0883,11.6326,83.4015,2.8937,20.8843,4.8381
2032-02-27,14.6394,0.0563,42.2778,12.7423,257.4274,12.9232,86.6537,5.0468,22.9643,8.6355
2032-02-28,16.3445,0.0705,48.6119,7.0360,260.0734,14.1966,86.9328,3.9386,24.9837,7.2767
2032-02-29,18.2113,0.0544,46.5361,8.3405,263.0554,15.6632,87.5108,4.5675,27.2674,8.7304
2032-03-01,20.0780,0.0384,44.4604,9.6450,266.3735,17.6682,88.1932,5.3785,30.3102,10.6375
2032-03-02,19.6510,1.0801,61.2368,10.9158,269.6146,19.0393,82.2318,2.5417,32.3649,5.6702
2032-03-03,18.2325,0.5897,61.6317,14.6212,272.6005,20.3037,83.7399,3.7141,34.2331,8.3327
2032-03-04,17.6302,4.9196,68.8875,10.6081,264.6776,13.7583,59.4028,0.6723,24.3520,0.6914
2032-03-05,17.7799,0.0972,59.8047,4.9384,267.5819,15.0519,74.8151,0.9726,26.3923,1.2675
2032-03-06,20.4438,0.0000,51.3582,10.0251,270.9658,16.8382,84.0610,3.0747,29.1482,6.3605
2032-03-07,20.1596,0.0098,51.8567,10.9231,274.2986,18.5829,86.3744,4.4263,31.7828,9.2811
2032-03-08,21.7547,0.0008,45.0600,10.9486,277.9184,20.7233,88.1207,5.6843,34.9342,12.0340
2032-03-09,22.3186,0.0206,43.6157,7.7322,281.6397,22.9741,88.7482,5.2892,38.1651,11.9275
2032-03-10,23.1337,0.0018,48.1147,5.2231,285.5078,25.1174,88.7971,4.6939,41.1782,11.3029
2032-03-11,20.4130,0.0013,53.9344,7.2905,288.8861,26.8067,88.4553,4.9598,43.5179,12.1913
2032-03-12,20.2739,0.0060,53.0731,6.7562,292.2394,28.5164,88.4649,4.8347,45.8482,12.3012
2032-03-13,19.1845,0.6047,58.5233,10.8015,295.3967,29.9505,85.8496,4.0862,47.7879,10.9956
2032-03-14,18.5699,0.9963,56.6595,8.6854,298.4432,31.4037,82.4436,2.3318,49.7263,6.9358
2032-03-15,20.5273,0.0000,44.8996,5.1951,301.8421,33.4350,86.7873,3.5163,52.3681,10.2513
2032-03-16,24.8142,0.0000,35.4977,11.0176,306.0127,36.2843,90.2474,7.7388,55.9758,19.6051
2032-03-17,25.7801,0.0000,33.4754,6.7327,310.3571,39.3325,91.2320,7.1767,59.7380,19.2033
2032-03-18,26.3679,0.0068,33.8831,6.5512,314.8074,42.4282,91.4052,7.2887,63.4707,20.0524
2032-03-19,27.2847,0.0000,27.5597,5.7976,319.4226,45.9332,92.6796,8.4019,67.5735,22.9373
2032-03-20,28.4016,0.0402,28.1310,5.9605,324.2389,49.5473,92.9208,8.7629,71.7024,24.3601
2032-03-21,28.3412,0.2145,30.4809,5.3642,329.0443,53.0362,92.9712,8.5637,75.6063,24.6349
2032-03-22,25.5453,0.3748,37.5170,5.4084,333.3464,55.8741,92.3375,7.8514,78.7492,23.6745
2032-03-23,23.3418,0.0454,41.8937,11.0628,337.2520,58.2950,91.2363,8.9320,81.4101,26.3365
2032-03-24,20.5457,0.0000,40.0775,13.4144,340.6542,60.5060,90.8931,9.5760,83.8009,28.0412
2032-03-25,19.8866,0.0000,42.8940,13.5886,343.9378,62.5489,90.3402,8.9269,85.9984,27.0794
2032-03-26,20.9801,0.0005,44.3888,12.1613,347.4182,64.6420,90.1438,8.0773,88.2388,25.6065
2032-03-27,22.8032,0.1272,42.8620,9.8958,351.2268,66.9701,90.1933,7.2570,90.7032,24.1014
2032-03-28,25.3381,0.0000,33.8925,10.7596,355.4916,69.9493,91.1097,8.6395,93.7709,27.6562
2032-03-29,24.7257,0.0000,30.0306,11.8259,359.6462,73.0296,91.8249,10.0911,96.8788,31.2195
2032-03-30,23.6812,0.0000,33.0025,12.8459,363.6129,75.8597,91.8749,10.6987,99.7124,32.9093
2032-03-31,23.9893,0.0000,31.3642,11.1371,367.6349,78.7950,91.9248,9.8856,102.6095,31.6329
2032-04-01,23.0000,0.0008,35.2394,8.4826,372.7289,82.5787,91.9748,8.7093,106.2872,29.5149
2032-04-02,21.9131,0.5003,45.6129,7.6801,377.6273,85.6131,90.5108,6.7920,109.2852,25.1987
2032-04-03,20.3331,1.7084,56.5842,11.4346,382.2413,81.7529,80.0636,2.0368,106.5397,9.9855
2032-04-04,24.7645,0.3709,34.5585,19.6566,387.6529,85.8564,89.7127,11.0781,110.5190,35.2644
2032-04-05,22.7549,0.3804,37.0283,15.7559,392.7028,89.4981,90.1375,9.6724,114.0280,32.6595
2032-04-06,21.9089,2.3193,50.3705,9.6673,397.6004,77.0372,78.6684,1.6255,103.7966,8.1048
2032-04-07,20.7851,2.1576,59.8767,8.3683,402.2957,68.7173,73.6206,1.0901,96.3080,5.3137
2032-04-08,20.6086,0.5806,59.4734,6.7703,406.9592,70.8502,81.4568,1.8794,98.7293,8.9228
2032-04-09,20.4081,0.8849,59.7630,8.1680,411.5867,72.9482,81.9031,2.1263,101.0999,10.0467
2032-04-10,17.8028,5.5532,71.1331,10.5861,397.7627,47.1182,56.5755,0.5451,72.7052,1.7022
2032-04-11,18.4694,3.0466,61.4989,13.5403,395.3993,38.9017,64.0631,1.0034,62.4443,3.4537
2032-04-12,17.2706,1.2254,56.6934,12.0759,399.4620,40.8304,74.6641,1.3824,65.0407,5.0509
2032-04-13,20.7825,0.0339,39.5153,11.1455,404.1568,44.0391,86.2524,4.3998,69.2214,14.4199
2032-04-14,22.3860,0.0000,27.8607,9.3494,409.1403,48.1465,91.0005,7.9228,74.4039,23.1324
2032-04-15,23.1690,0.0202,28.3445,7.9483,414.2647,52.3624,91.8542,8.3345,79.5784,24.8199
2032-04-16,25.3415,0.1553,24.7164,5.0480,419.7802,57.1883,92.9626,8.4183,85.3185,25.8994
2032-04-17,25.4078,0.0123,26.4276,11.4668,425.3076,61.9163,93.0130,11.7153,90.7897,33.4311
2032-04-18,23.8095,0.0000,29.1121,9.7038,430.5473,66.1972,93.0633,10.7953,95.6345,32.4614
2032-04-19,24.6379,0.0000,31.8496,9.4809,435.9361,70.4495,93.0376,10.6363,100.3545,32.8795
2032-04-20,25.8952,0.0002,28.9970,10.5099,441.5513,75.0963,93.0880,11.2816,105.3847,34.9577
2032-04-21,25.2069,0.0983,30.5205,11.5065,447.0425,79.5275,93.1383,11.9465,110.0923,36.9954
2032-04-22,25.9570,0.0000,32.1872,5.9281,452.6688,83.9757,93.1776,9.0687,114.7380,31.3626
2032-04-23,28.3044,0.0000,30.9578,5.9327,458.7176,88.8974,93.2280,9.1350,119.7683,32.0746
2032-04-24,28.1562,0.2569,30.7275,11.4643,464.7397,93.8106,93.2784,12.1569,124.6950,39.3191
2032-04-25,25.4673,0.0691,42.1109,9.6503,470.2778,97.5391,91.6612,8.8359,128.4661,32.2204
2032-04-26,29.0475,0.0023,30.8658,5.2157,476.4604,102.5919,92.3888,7.8320,133.3833,30.1125
2032-04-27,25.8560,3.5818,46.0825,7.5825,471.1864,74.5658,77.6522,1.3416,106.8562,6.9403
2032-04-28,26.2737,3.6238,57.9474,7.6572,465.9113,56.9044,72.0800,0.9877,87.1872,4.4580
2032-04-29,28.1430,0.4336,48.3826,5.5265,471.9310,60.5638,85.7226,3.0773,91.7057,12.8220
2032-04-30,29.7760,0.2809,36.8380,7.8168,478.2447,65.2917,90.7443,7.0708,97.3552,24.5268
2032-05-01,31.2145,0.0000,29.1937,6.4075,486.2673,71.3154,92.9589,9.0104,104.3655,29.9515
2032-05-02,30.3917,0.0394,33.2060,10.1138,494.1418,76.8531,93.0092,10.9375,110.6738,34.9895
2032-05-03,30.1817,0.0000,24.1293,9.5270,501.9785,83.1013,94.0154,12.2166,117.5517,38.5644
2032-05-04,30.5483,0.0015,18.5539,7.5537,509.8812,89.8874,95.3013,13.2000,124.7806,41.4769
2032-05-05,32.4968,0.0000,20.1984,7.3414,518.1346,96.9457,95.3666,13.1764,132.1000,42.2655
2032-05-06,33.5023,0.0000,18.4700,7.3475,526.5690,104.3728,95.8859,14.1448,139.5795,45.0107
2032-05-07,30.8296,0.0001,24.3987,10.9352,534.5223,110.7278,95.6475,16.4079,145.8978,50.0693
2032-05-08,27.2223,0.0000,35.7695,13.7845,541.8264,115.5170,93.2393,13.5903,150.7073,44.8470
2032-05-09,27.3642,0.0008,36.4268,10.6608,549.1559,120.2810,92.7436,10.8321,155.4448,39.0753
2032-05-10,26.8860,0.0031,34.2410,12.5453,556.3994,125.1260,92.7939,11.9955,160.1907,42.0403
2032-05-11,28.9204,0.0000,21.1108,9.9516,564.0091,131.3609,94.4066,13.1744,166.0417,44.9922
2032-05-12,30.4845,0.0000,22.6615,12.3917,571.9003,137.7917,94.4817,15.0532,171.9879,49.2928
2032-05-13,32.4747,0.0000,16.9413,8.2268,580.1497,145.1333,95.9906,14.9967,178.5802,49.5130
2032-05-14,33.4776,0.0000,16.8646,8.6563,588.5797,152.7012,96.2653,15.9043,185.2495,51.6734
2032-05-15,33.4825,0.0000,16.6151,7.1775,597.0105,160.2929,96.3366,14.9048,191.8261,49.8723
2032-05-16,31.3389,0.0001,26.4515,11.0257,605.0555,166.5739,95.4675,16.0842,197.3322,52.4963
2032-05-17,31.3387,0.0008,30.9054,10.9888,613.1005,172.4746,94.5601,14.1781,202.5196,48.6661
2032-05-18,28.5926,0.0159,36.1496,16.5312,620.6512,177.4659,93.1328,15.3770,206.9769,51.3287
2032-05-19,22.9075,0.3705,45.2528,16.5601,627.1785,180.9261,90.7709,11.0269,210.2336,41.6491
2032-05-20,23.8068,0.1385,38.0930,14.0288,633.8677,184.9854,90.8205,9.7754,213.9066,38.5955
2032-05-21,24.1050,0.1213,38.1627,11.0233,640.6106,189.0887,90.8701,8.4613,217.6030,35.1719
2032-05-22,26.9121,0.3586,30.4974,9.5767,647.8588,194.2142,92.0421,9.2909,222.0293,37.4660
2032-05-23,21.2253,4.7907,54.1429,15.6014,628.0396,92.4377,71.7290,1.4552,135.1467,8.4517
2032-05-24,20.1521,5.6285,62.1686,15.3590,603.1110,58.6127,63.2269,1.0588,94.3115,5.0835
2032-05-25,22.2911,1.3944,50.8481,13.1846,609.5274,61.6395,78.3501,1.8865,98.4015,8.9334
2032-05-26,22.2798,5.0191,55.0867,15.0035,590.5980,42.9809,69.9217,1.3290,72.7295,5.2714
2032-05-27,21.6154,0.9814,54.7229,12.2314,596.8928,45.6886,80.3518,2.1860,76.6998,8.6689
2032-05-28,22.6586,1.4466,50.3550,9.3803,603.3753,48.7938,81.2924,2.1030,81.1762,8.6884
2032-05-29,21.9596,2.8436,51.2657,10.5309,600.1481,42.2568,75.0901,1.3087,71.8637,5.1450
2032-05-30,23.7533,0.3576,42.0541,7.7389,606.8277,46.0482,86.4656,3.8190,77.4109,13.7722
2032-05-31,23.2314,2.8124,45.1508,12.0461,603.9747,40.7435,79.0043,1.8904,69.7277,7.1595
2032-06-01,22.1737,1.6546,51.8836,13.7195,611.3699,41.7351,80.3590,2.3581,71.3017,8.8354
2032-06-02,24.3936,5.1733,58.0773,13.8618,592.6193,29.7876,70.4965,1.2782,52.9247,3.9713
2032-06-03,22.9275,3.2698,61.1690,11.4990,587.8357,24.9014,69.7298,1.1071,45.0336,2.9268
2032-06-04,23.2882,3.4160,58.5686,11.3642,582.2552,20.9351,70.3180,1.1205,38.4169,2.5700
2032-06-05,27.2326,0.0717,40.7744,10.6452,590.5611,25.3527,87.2606,4.9500,45.7909,12.5254
2032-06-06,29.3031,0.0000,25.8829,6.9041,599.2397,31.2851,92.8578,9.1087,55.3464,21.9170
2032-06-07,32.8799,0.0000,18.1469,5.1034,608.5620,38.6075,95.6380,12.2143,66.6450,29.5095
2032-06-08,32.8944,0.0311,19.4595,11.1432,617.8870,45.8155,95.6892,16.6750,77.3015,38.9959
2032-06-09,25.9508,0.7748,40.4360,17.0892,625.9622,50.0574,89.8711,9.9572,83.4344,28.7336
2032-06-10,25.4862,0.1683,37.0108,13.5916,633.9537,54.4662,90.5701,9.2266,89.6719,28.2912
2032-06-11,28.7697,0.1454,25.7462,6.1650,642.5362,60.3052,93.1652,9.1618,97.6890,29.3652
2032-06-12,33.1439,0.0000,17.6750,5.6466,651.9061,67.7271,95.8165,12.8614,107.5266,38.4299
2032-06-13,34.4047,0.0000,17.3862,9.0032,661.5030,75.4491,96.2848,16.2273,117.4175,46.2497
2032-06-14,34.0648,0.0059,18.9500,10.3955,671.0386,82.9525,96.3362,17.5278,126.7374,49.9333
2032-06-15,34.2837,0.6388,25.8872,10.5286,680.6137,89.8563,94.3103,13.3840,135.1166,43.0101
2032-06-16,34.5424,0.0000,21.2090,11.1096,690.2353,97.2496,95.4237,16.0562,143.8355,49.1967
2032-06-17,34.7121,0.0000,19.0783,9.4113,699.8875,104.8790,95.9538,15.8399,152.5926,49.5616
2032-06-18,33.3762,0.0138,27.1766,12.4575,709.2992,111.4888,95.5392,17.4572,160.0753,53.2680
2032-06-19,28.8069,0.0116,33.9519,16.5126,717.8885,116.6891,93.6765,16.5727,165.9445,51.9764
2032-06-20,25.4848,0.0008,30.2346,17.8006,725.8798,121.5719,93.5239,17.3123,171.3842,53.7500
2032-06-21,23.6076,0.0795,34.4224,16.1098,733.5331,125.8375,92.6024,13.9746,176.1351,47.2469
2032-06-22,25.0853,0.0239,33.4461,11.4068,741.4525,130.4255,92.6526,11.1041,181.1763,41.0036
2032-06-23,28.3610,0.0000,29.3761,8.9062,749.9615,135.9032,92.7029,9.8588,187.0612,38.1603
2032-06-24,29.8859,0.0000,25.2962,11.4287,758.7449,141.9971,93.7153,12.8968,193.4739,45.5764
2032-06-25,28.3531,0.0000,27.9110,12.6029,767.2525,147.5869,93.7659,13.7795,199.3214,47.7092
2032-06-26,31.1129,0.0000,24.5102,9.3695,776.2568,153.9889,94.1532,12.3537,205.8766,44.6882
2032-06-27,32.7779,0.0146,25.8970,7.0133,785.5608,160.5981,94.2040,11.0479,212.5587,41.7466
2032-06-28,33.9940,0.2382,29.0573,7.7738,795.0838,167.1525,94.2547,11.5603,219.1328,43.1010
2032-06-29,35.4704,0.1723,26.7964,7.4369,804.8724,174.2003,94.4313,11.6461,226.0756,43.4175
2032-06-30,34.4913,0.0468,27.8504,12.2634,814.4849,180.9607,94.4821,14.9570,232.6803,50.9598
2032-07-01,28.8321,0.1781,38.5259,16.6710,823.3786,185.2822,92.7568,14.6907,237.1511,50.4529
2032-07-02,27.8315,0.1542,35.5729,14.1982,832.0923,189.6598,92.8071,13.0615,241.6314,46.9109
2032-07-03,30.1490,0.0000,31.6386,9.9632,841.2231,194.6769,92.8574,10.6262,246.6523,41.1719
2032-07-04,33.7401,0.0000,24.7966,7.7410,851.0003,200.8303,94.4491,11.8550,252.6195,44.2155
2032-07-05,36.6318,0.0000,20.8647,6.9366,861.2981,207.8429,95.8322,13.7544,259.2715,48.6336
2032-07-06,36.4048,0.0011,23.7300,8.2414,871.5549,214.5610,95.8835,14.7916,265.6354,50.9491
2032-07-07,37.4764,0.0000,19.5520,9.0678,882.0047,221.8495,96.3161,16.3490,272.4049,54.2692
2032-07-08,38.4410,0.0000,13.9290,9.7556,892.6281,229.8424,97.6520,20.2353,279.6606,61.9076
2032-07-09,38.4130,0.0130,10.9488,9.5356,903.2464,238.1062,98.2949,21.7853,287.0429,64.7851
2032-07-10,38.4868,0.0240,13.5911,8.0898,913.8780,246.1398,98.3470,20.3937,294.1901,62.2767
2032-07-11,38.3194,0.0000,21.2772,7.0187,924.4795,253.4279,97.6607,17.6489,300.7465,57.0317
2032-07-12,38.8178,0.0000,22.6901,10.0919,935.1707,260.6756,97.3516,19.7760,307.2436,61.1697
2032-07-13,39.2624,0.0000,23.5039,8.0561,945.9419,267.9270,97.2365,17.5766,313.7142,56.9266
2032-07-14,40.3552,0.0000,22.9907,6.9935,956.9099,275.4246,97.2883,16.7755,320.3417,55.3280
2032-07-15,40.6784,0.0000,19.6194,9.2487,967.9360,283.3115,97.3401,18.9244,327.1984,59.5971
2032-07-16,40.6234,0.0000,19.3915,8.4382,978.9522,291.2103,97.3918,18.2927,334.0183,58.3829
2032-07-17,40.0097,0.0001,24.3915,8.8544,989.8579,298.5102,97.2009,18.2112,340.3917,58.2330
2032-07-18,39.2800,0.0000,21.7685,12.7558,1000.6323,305.9293,97.2526,22.3209,346.7918,65.9176
2032-07-19,33.9416,0.0000,32.5551,14.1990,1010.4458,311.4798,94.8319,17.3021,351.8255,56.4422
2032-07-20,35.7873,0.0063,32.6173,9.2295,1020.5916,317.3173,94.8211,13.4493,357.0804,48.2528
2032-07-21,36.3607,0.0333,30.4440,8.9153,1030.8405,323.4368,94.8720,13.3310,362.5159,47.9891
2032-07-22,38.9635,0.0000,19.0251,9.6667,1041.5579,331.0558,96.6325,17.5829,368.9432,57.0195
2032-07-23,39.2975,0.0000,14.3306,10.2302,1052.3355,339.1838,97.7106,20.8866,375.6629,63.3488
2032-07-24,38.4026,0.0000,15.7433,8.4404,1062.9519,347.0006,97.7625,19.2170,382.1330,60.2203
2032-07-25,38.0877,0.0000,21.5472,8.8782,1073.5117,354.2210,97.4625,18.8792,388.2062,59.5744
2032-07-26,37.9476,0.0000,24.7843,10.2277,1084.0463,361.1187,96.8373,18.5907,394.0617,59.0181
2032-07-27,37.6249,0.0119,26.4145,12.2751,1094.5228,367.8111,96.4130,19.4695,399.7692,60.7103
2032-07-28,33.1641,0.0549,37.6493,14.4037,1104.1963,372.8286,93.7274,15.0078,404.3436,51.7091
2032-07-29,31.3121,0.0000,33.9571,14.9698,1113.5365,377.8559,93.7680,15.5295,408.8633,52.8222
2032-07-30,34.1345,0.0000,19.7921,9.0934,1123.3847,384.4931,95.6130,14.8838,414.4009,51.4446
2032-07-31,37.0863,0.0000,13.7296,6.2897,1133.7642,392.2301,97.4442,16.5304,420.6481,54.9105
2032-08-01,35.8195,0.0000,24.6258,12.0605,1143.2157,397.9750,96.5541,19.6292,425.5741,61.0208
2032-08-02,31.3386,0.0865,30.0754,16.3845,1151.8607,402.6578,94.8222,19.2908,429.7471,60.3777
2032-08-03,30.2616,0.0000,25.9406,11.8113,1160.3118,407.4527,94.8732,15.4279,433.9462,52.6120
2032-08-04,34.5986,0.0000,23.8098,8.6132,1169.5435,413.0678,94.9262,13.2274,438.7412,47.7797
2032-08-05,34.0856,0.0000,31.7109,12.9101,1178.6829,418.0283,94.7234,15.9743,443.1451,53.7629
2032-08-06,33.5397,0.0000,30.5408,10.3502,1187.7241,422.9955,94.7744,14.1397,447.5317,49.8262
2032-08-07,38.5195,0.0000,18.2865,5.1260,1197.6616,429.6790,96.6830,14.0819,453.0299,49.6991
2032-08-08,40.3610,0.0000,15.0439,6.1065,1207.9306,436.9508,97.7214,16.9921,458.9006,55.8584
2032-08-09,41.3002,0.0000,14.7443,7.8945,1218.3686,444.4135,97.9580,19.1852,464.8913,60.1801
2032-08-10,40.7369,0.0000,16.4168,8.0209,1228.7052,451.6327,98.0100,19.4408,470.7155,60.6687
2032-08-11,38.3388,0.0000,21.6891,9.9419,1238.6102,458.0087,97.5101,20.0453,475.9915,61.8118
2032-08-12,37.5090,0.0000,24.6209,10.9635,1248.3658,464.0170,96.8062,19.2125,481.0338,60.2336
2032-08-13,39.2104,0.0000,16.7154,10.1473,1258.4277,470.9478,97.2136,19.4702,486.6200,60.7257
2032-08-14,37.8606,0.0000,17.5841,9.3177,1268.2466,477.5768,97.2653,18.8023,491.9892,59.4447
2032-08-15,37.6317,0.0000,28.0800,8.0600,1278.0243,483.3275,96.2072,15.3130,496.8778,52.3730
2032-08-16,38.1240,0.0000,27.2637,9.3004,1287.8906,489.2174,96.2586,16.4142,501.8519,54.6793
2032-08-17,35.4938,0.0000,24.2616,12.5273,1297.2835,494.9392,96.3101,19.4468,506.6428,60.6820
2032-08-18,34.3047,0.0000,24.7446,11.2712,1306.4624,500.4397,96.1427,17.8464,511.2727,57.5739
2032-08-19,36.5761,0.0000,16.9526,6.1723,1316.0501,506.8992,96.7230,14.9242,516.4752,51.5410
2032-08-20,38.9895,0.0000,13.3545,5.6380,1326.0722,514.0703,97.8525,16.8860,522.1215,55.6460
2032-08-21,40.3962,0.0000,15.4557,5.9895,1336.3475,521.3130,97.9044,17.3062,527.8431,56.4958
2032-08-22,41.1139,0.0000,17.7481,5.9684,1346.7520,528.4811,97.9564,17.4069,533.5420,56.6982
2032-08-23,41.1161,0.0000,15.9264,6.2532,1357.1569,535.8084,98.0084,17.7802,539.3125,57.4431
2032-08-24,40.3903,0.0000,12.7413,8.2896,1367.4312,543.2826,98.2254,20.2733,545.1213,62.2409
2032-08-25,38.1159,0.0000,16.7588,10.5285,1377.2960,550.0218,98.2775,22.8506,550.4697,66.9158
2032-08-26,35.8031,0.0000,22.4192,12.0972,1386.7446,555.9323,97.0753,21.0876,555.9056,63.7469
2032-08-27,32.7259,0.0000,31.5184,13.7829,1395.6393,560.7145,94.8461,16.9761,560.6610,55.8296
2032-08-28,30.2015,0.0000,27.9054,11.1608,1404.0795,565.3733,94.7806,14.7418,565.2914,51.1476
2032-08-29,32.9794,0.0000,22.3824,6.5735,1413.0198,570.8341,94.9529,11.9793,570.7100,44.8781
2032-08-30,34.8694,0.0004,25.7539,5.1528,1422.3003,576.3475,95.0039,11.2298,576.1823,43.0662
2032-08-31,35.9278,0.0000,24.0621,9.8850,1431.7713,582.1523,95.0962,14.4352,581.9407,50.4802
2032-09-01,33.9673,0.0000,27.1569,10.3017,1439.5894,586.7001,95.1473,14.8448,586.4551,51.3704
2032-09-02,35.5829,0.0000,24.9099,6.0028,1447.6984,591.6041,95.1983,12.0373,591.3198,45.0162
2032-09-03,34.4351,0.0000,27.8414,11.2470,1455.6007,596.1693,95.2494,15.7879,595.8512,53.3780
2032-09-04,35.4262,0.0000,21.0259,8.7123,1463.6814,601.3050,95.6506,14.6754,600.9408,51.0038
2032-09-05,34.8886,0.0000,23.8247,8.0372,1471.6654,606.1857,95.7018,14.2837,605.7801,50.1479
2032-09-06,34.1975,0.1481,29.2573,8.7909,1479.5249,610.6313,95.2791,14.0066,610.1932,49.5362
2032-09-07,32.4926,0.3451,37.1630,11.5871,1487.0776,614.3894,93.6246,12.8372,613.9320,46.8904
2032-09-08,28.4832,1.8794,50.6700,13.6235,1493.9086,158.3238,84.8364,4.0937,250.3244,21.6023
2032-09-09,27.3424,0.0000,41.7390,9.8640,1500.5342,161.2740,89.3505,6.4209,254.2362,29.5672
2032-09-10,30.0502,0.0000,34.1271,7.5600,1507.6472,164.9273,91.7114,8.0093,259.0173,34.3145
2032-09-11,30.8186,0.0000,32.5135,9.1583,1514.8986,168.7623,92.3947,9.5613,263.9996,38.5732
2032-09-12,29.6338,0.0599,36.2623,10.1229,1521.9367,172.2498,92.4449,10.1086,268.5225,40.0166
2032-09-13,26.6286,0.0017,39.9744,12.9411,1528.4338,175.2131,91.9446,10.8568,272.3684,41.9217
2032-09-14,27.8952,0.0061,30.3228,9.3534,1535.1590,178.8100,92.3586,9.6067,276.9690,38.7567
2032-09-15,31.2835,0.0000,22.3826,5.8010,1542.4940,183.2850,94.4570,10.7627,282.6161,41.7341
2032-09-16,34.1475,0.0000,21.0419,4.7022,1550.3445,188.2398,95.3783,11.5540,288.8122,43.6989
2032-09-17,34.5191,0.0000,24.3168,8.2637,1558.2620,193.0393,95.4294,13.9220,294.7833,49.1960
2032-09-18,33.9414,0.0000,25.0167,8.9879,1566.0754,197.7172,95.4806,14.5403,300.5677,50.5734
2032-09-19,32.9238,0.0000,32.7786,7.2458,1573.7057,201.7891,94.4981,11.6412,305.6106,43.9596
2032-09-20,33.0881,0.0000,37.1421,7.4465,1581.3656,205.6151,93.6421,10.4451,310.3485,41.0181
2032-09-21,30.3566,0.0000,39.7240,11.4428,1588.5338,208.9908,92.6898,11.1825,314.5308,42.8642
2032-09-22,28.1381,0.1034,42.8534,10.8315,1595.3026,211.9655,91.7563,9.5051,318.2256,38.6033
2032-09-23,29.7887,0.0000,27.0744,5.1091,1602.3686,215.9759,93.2147,8.7474,323.0842,36.5728
2032-09-24,32.3957,0.0000,24.6756,6.0661,1609.9038,220.4678,94.2674,10.6257,328.4775,41.5047
2032-09-25,30.7132,0.0001,27.8519,9.7979,1617.1362,224.5542,94.3182,12.9142,333.3772,47.0077
2032-09-26,23.6868,3.3163,54.9147,18.0238,1484.0319,107.8675,77.8608,2.3094,182.5612,13.5814
2032-09-27,23.1567,1.2734,49.4971,13.6101,1489.9041,110.0485,82.7490,3.1052,185.7896,17.0828
2032-09-28,23.4400,0.0010,39.2052,7.1955,1495.8274,112.7046,88.4833,4.9560,189.6801,24.0376
2032-09-29,26.7236,0.0108,24.5006,4.0969,1502.3416,116.4446,92.6646,7.6956,195.0868,32.6132
2032-09-30,28.7688,0.0000,30.3769,8.5482,1509.2240,120.1469,92.7148,9.6989,200.4084,38.1214
2032-10-01,30.2223,0.0000,31.6047,7.2232,1515.3680,123.3929,92.7651,9.1367,205.0450,36.7640
2032-10-02,30.9748,0.0054,35.9816,10.8453,1521.6475,126.5042,92.8154,11.0439,209.4717,41.6744
2032-10-03,30.1110,0.2804,43.6729,10.2890,1527.7714,129.1680,91.9174,9.4621,213.2599,37.7739
2032-10-04,31.4570,0.0000,41.5446,5.7972,1534.1377,132.0516,91.9674,7.5991,217.3352,32.7488
2032-10-05,30.4401,0.0001,32.1481,7.3005,1540.3209,135.2942,92.4216,8.7398,221.8688,35.9925
2032-10-06,30.6973,0.0000,31.2516,4.9127,1546.5505,138.6065,92.6692,8.0237,226.4705,34.0766
2032-10-07,30.9433,0.0001,33.9146,5.2078,1552.8242,141.8150,92.7194,8.2016,230.9093,34.6264
2032-10-08,31.2251,0.0000,30.6217,5.3115,1559.1488,145.2131,92.8989,8.4549,235.5749,35.3784
2032-10-09,31.2320,0.0000,28.1799,4.3807,1565.4745,148.7315,93.3678,8.6143,240.3707,35.8625
2032-10-10,30.6641,0.0000,29.2876,8.2577,1571.6980,152.1349,93.4182,10.5469,244.9854,40.9584
2032-10-11,29.2215,0.0000,39.0617,6.2573,1577.6619,154.9346,92.6500,8.5631,248.7884,35.7926
2032-10-12,29.9852,0.0000,31.3957,5.6944,1583.7632,158.1658,92.7002,8.3826,253.1326,35.3250
2032-10-13,29.3992,0.0000,22.4344,6.4943,1589.7591,161.7503,94.1774,10.7232,257.9004,41.5031
2032-10-14,30.6478,0.0000,22.9572,6.7923,1595.9797,165.4564,94.4245,11.2634,262.8009,42.8665
2032-10-15,28.6929,0.0000,38.1507,10.0204,1601.8484,168.2484,92.8663,10.6703,266.5143,41.4258
2032-10-16,29.1758,0.0000,29.9685,10.0823,1607.8041,171.4610,92.9166,10.7793,270.7406,41.7210
2032-10-17,29.9432,0.0000,24.9913,9.5603,1613.8978,174.9892,93.7972,11.8723,275.3424,44.4048
2032-10-18,29.7818,0.0000,27.9459,5.7023,1619.9626,178.3608,93.8478,9.8437,279.7258,39.3862
2032-10-19,29.4104,0.0000,29.0018,5.2610,1625.9604,181.6430,93.8984,9.6951,283.9756,39.0158
2032-10-20,28.5003,0.0000,33.1974,6.3214,1631.7945,184.6391,93.5464,9.7389,287.8515,39.1437
2032-10-21,27.5592,0.0458,36.8443,8.0757,1637.4592,187.3816,92.7854,9.5650,291.3983,38.6999
2032-10-22,21.6028,5.9527,63.6511,14.0614,1348.5039,84.6673,66.1397,1.1187,146.3610,6.9079
2032-10-23,17.3582,7.2013,69.9298,14.6655,1146.1403,49.4553,53.0553,0.4840,89.2797,1.8056
2032-10-24,18.9181,0.0253,48.7870,10.0271,1150.2496,51.0087,76.9774,1.4408,91.8360,6.7211
2032-10-25,20.0302,0.0000,39.0508,6.6054,1154.5590,52.9600,86.2281,3.4881,95.0232,14.4272
2032-10-26,22.3908,0.0129,43.4390,6.1191,1159.2934,54.9732,88.3395,4.5985,98.2938,18.0976
2032-10-27,23.7227,0.0000,48.0683,5.5799,1164.2674,56.9265,88.3883,4.5067,101.4518,18.1232
2032-10-28,24.3151,0.0000,36.8889,7.2704,1169.3482,59.3568,90.1254,6.2963,105.3451,23.4925
2032-10-29,24.3345,0.0000,32.6727,7.3081,1174.4324,61.9515,91.1298,7.2812,109.4670,26.4628
2032-10-30,24.6301,0.0000,35.7336,8.4152,1179.5698,64.4570,91.1796,7.7536,113.4196,28.0665
2032-10-31,25.5299,0.0000,36.8374,8.5480,1184.8692,67.0056,91.2293,7.8611,117.4117,28.7498
2032-11-01,25.1101,0.0000,41.6321,7.8239,1189.0930,69.0338,91.2685,7.6218,120.5684,28.4581
2032-11-02,25.1893,0.0005,43.5261,5.6520,1193.3310,71.0022,91.0297,6.6034,123.6166,26.0475
2032-11-03,24.8062,0.0085,44.1098,4.3870,1197.5002,72.9218,90.8495,6.0385,126.5743,24.7062
2032-11-04,25.3895,0.0000,34.9913,5.1564,1201.7743,75.2049,91.0175,6.4293,130.0621,26.0747
2032-11-05,25.2664,0.0214,39.3280,12.4250,1206.0262,77.3258,91.0672,9.3392,133.2869,33.8693
2032-11-06,23.1532,0.1764,48.6142,11.5403,1209.8978,78.9781,89.9761,7.6426,135.7955,29.8012
2032-11-07,22.6792,0.1952,50.0883,10.2458,1213.6841,80.5516,89.5006,6.6882,138.1765,27.3714
2032-11-08,22.8142,0.0000,48.7210,6.7955,1217.4946,82.1775,89.5498,5.6606,140.6254,24.5281
2032-11-09,22.0343,0.0002,49.7940,4.1377,1221.1648,83.7173,89.3867,4.8366,142.9370,22.0697
2032-11-10,21.7219,0.0243,50.1142,5.1197,1224.7787,85.2268,89.2617,4.9915,145.1949,22.6834
2032-11-11,18.0109,0.2167,51.2923,12.3173,1227.7247,86.4609,88.6072,6.5305,147.0349,27.4618
2032-11-12,16.1487,0.0000,38.6287,12.4825,1230.3355,87.8643,88.7627,6.7337,149.1074,28.1595
2032-11-13,17.6114,0.0000,41.2728,9.0846,1233.2095,89.3212,88.8117,5.7141,151.2541,25.2501
2032-11-14,21.7592,0.0006,45.7025,7.1421,1236.8302,90.9668,88.8606,5.2178,153.6769,23.8030
2032-11-15,22.5274,0.0001,47.6621,7.6279,1240.5891,92.6063,88.9096,5.3849,156.0845,24.4386
2032-11-16,22.2930,0.0457,49.5988,6.5232,1244.3059,94.1695,88.9586,5.1293,158.3744,23.7106
2032-11-17,21.4607,0.0006,53.2908,7.6270,1247.8728,95.5666,88.7036,5.2277,160.4194,24.1086
2032-11-18,21.0225,0.0080,55.6491,7.6564,1251.3608,96.8674,88.2791,4.9260,162.3216,23.1899
2032-11-19,22.4262,0.1671,50.3728,6.6587,1255.1016,98.4153,88.3279,4.7174,164.5699,22.5665
2032-11-20,23.6049,0.0016,42.3178,4.7397,1259.0544,100.3046,89.1382,4.8109,167.2906,22.9709
2032-11-21,23.7202,0.0000,40.2597,8.3666,1263.0281,102.2705,89.6510,6.2165,170.1062,27.5595
2032-11-22,21.2462,0.0000,50.6143,11.9934,1266.5564,103.7336,89.1737,6.9691,172.2069,29.8664
2032-11-23,22.3222,0.0065,51.8132,10.4058,1270.2784,105.2300,89.0523,6.3221,174.3516,28.0218
2032-11-24,21.4587,0.2572,57.1430,7.7342,1273.8449,106.5117,88.2070,4.8945,176.1928,23.5130
2032-11-25,22.0032,0.0000,55.3896,5.3242,1277.5095,107.8782,88.2558,4.3652,178.1475,21.7282
2032-11-26,21.2814,0.1142,57.5651,6.4051,1281.0442,109.1373,87.9593,4.4178,179.9484,21.9574
2032-11-27,15.7506,1.7702,58.3445,10.8602,1283.5833,98.6477,76.6761,1.4703,165.4978,9.1780
2032-11-28,14.9408,2.0207,55.3520,10.7455,1285.9766,85.9076,72.2970,1.1635,147.2270,7.1774
2032-11-29,14.2269,22.9024,80.4537,18.6779,826.2593,38.4818,38.3058,0.0637,68.9370,0.1353
2032-11-30,14.7128,0.0000,56.9842,6.4126,828.6116,39.3836,63.5016,0.6833,70.4018,2.3580
2032-12-01,17.2222,0.1263,69.0946,5.9147,831.4156,40.0271,74.7048,1.0156,71.4541,3.9187
2032-12-02,19.2525,0.0025,65.5502,5.1040,834.5851,40.8239,80.7962,1.6025,72.7511,6.3226
2032-12-03,20.3605,0.0001,57.7601,8.7710,837.9540,41.8540,84.6368,3.1195,74.4157,11.4591
2032-12-04,18.7102,0.0505,66.2370,7.9375,841.0258,42.6141,84.6844,3.0106,75.6459,11.2430
2032-12-05,18.1554,0.0263,68.2048,6.0387,843.9978,43.3098,84.7320,2.7538,76.7709,10.5439
2032-12-06,16.6728,0.6117,74.9776,5.1466,846.7029,43.8152,82.2530,1.9055,77.5923,7.7411
2032-12-07,17.0484,0.0076,58.1832,3.6419,849.4756,44.6776,84.2714,2.2928,78.9716,9.2007
2032-12-08,18.4504,0.0000,54.5185,8.7640,852.5007,45.6881,85.7739,3.6487,80.5799,13.5941
2032-12-09,18.4745,0.0000,57.3777,6.3888,855.5301,46.6362,85.8643,3.2783,82.0858,12.6328
2032-12-10,16.9853,0.0012,61.8253,4.8961,858.2914,47.4208,85.9122,3.0613,83.3314,12.0693
2032-12-11,17.1782,0.0000,56.4841,7.6805,861.0875,48.3247,85.9603,3.5462,84.7577,13.6935
2032-12-12,16.3030,0.0001,54.4843,9.3953,863.7261,49.2248,86.0201,3.8988,86.1720,14.8762
2032-12-13,15.4340,0.0000,52.3586,9.8370,866.2082,50.1200,86.1910,4.0835,87.5723,15.5525
2032-12-14,15.6032,0.0000,55.6818,10.4490,868.7207,50.9612,86.2391,4.2401,88.8866,16.1356
2032-12-15,16.5972,0.0000,55.0937,6.2687,871.4122,51.8643,86.2872,3.4581,90.2935,13.9259
2032-12-16,15.5780,0.0993,64.2174,6.7764,873.9203,52.5425,85.9424,3.3797,91.3538,13.7709
2032-12-17,16.2035,1.0407,69.8265,7.9006,876.5409,53.1358,79.2940,1.5771,92.2857,7.3256
2032-12-18,15.1745,0.0461,64.4020,6.1611,878.9763,53.7942,82.1768,1.9868,93.3115,9.0404
2032-12-19,17.6468,0.2124,66.9751,6.1636,881.8568,54.4977,83.3665,2.3095,94.4095,10.3372
2032-12-20,17.3412,0.0001,55.5390,5.8084,884.6822,55.4295,85.1315,2.8754,95.8460,12.4609
2032-12-21,18.2319,0.0002,57.9285,5.9855,887.6679,56.3537,85.5614,3.0793,97.2695,13.2640
2032-12-22,16.1433,0.1716,75.2454,5.8249,890.2777,56.8388,84.2700,2.5589,98.0309,11.4941
2032-12-23,15.0603,9.0445,89.6916,7.5169,792.6322,30.4196,33.8116,0.0134,55.5130,0.0243
2032-12-24,13.1084,19.7206,94.1401,8.6072,622.2429,11.6888,11.8128,0.0000,22.3289,0.0000
2032-12-25,15.0518,2.2236,73.0366,7.5141,624.6562,9.9198,35.8730,0.0216,19.0821,0.0190
2032-12-26,16.4102,0.0031,58.6803,5.0593,627.3140,10.7420,61.9537,0.5913,20.6021,0.5462
2032-12-27,15.5405,0.1026,66.2552,4.5559,629.8153,11.3801,73.5379,0.8963,21.7766,0.8576
2032-12-28,16.3979,0.3719,68.3223,7.1030,632.4709,12.0100,79.4642,1.5405,22.9315,2.4741
2032-12-29,15.3360,9.3135,70.9010,10.1833,577.4575,6.4107,48.0829,0.2145,12.4751,0.1463
2032-12-30,15.2915,0.1650,61.4311,6.5651,579.9140,7.1291,68.1684,0.8215,13.8331,0.5950
2032-12-31,15.3860,5.6046,64.5899,11.9460,554.9750,4.3057,55.0873,0.5136,8.4475,0.2834
2033-01-01,14.1402,0.0074,57.9400,3.4484,557.2242,5.0948,70.6885,0.7611,9.9619,0.4582
2033-01-02,15.3582,0.0001,55.7838,3.7021,559.6927,5.9907,79.4068,1.2906,11.6692,0.8478
2033-01-03,16.8844,1.4749,60.1253,9.3806,562.4359,6.8736,76.1604,1.3177,13.3396,0.9344
2033-01-04,13.4494,5.5358,70.2288,13.8947,538.7121,4.0261,53.7161,0.4976,7.9046,0.2654
2033-01-05,12.9285,0.1478,57.6972,8.0670,540.7433,4.7567,71.2873,0.9802,9.3087,0.5690
2033-01-06,13.9535,3.0162,74.6708,9.6044,533.6841,3.2157,57.8103,0.5714,6.3360,0.2736
2033-01-07,17.3619,0.9947,82.2922,6.6234,536.5133,3.6182,63.5022,0.6906,7.1164,0.3496
2033-01-08,16.2169,0.1120,76.4995,4.8209,539.1363,4.1192,72.1870,0.8596,8.0840,0.4638
2033-01-09,15.5491,0.0018,66.8379,5.3788,541.6391,4.7989,78.6622,1.3089,9.3898,0.7634
2033-01-10,17.6276,0.0051,61.1871,4.2749,544.5161,5.6937,82.6067,1.9055,11.0974,1.7384
2033-01-11,14.9976,4.8119,72.0392,8.5459,526.5302,3.4243,54.8259,0.4225,6.7390,0.2083
2033-01-12,11.9867,0.2782,58.9329,12.0123,528.3918,4.0859,72.1515,1.2334,8.0169,0.6626
2033-01-13,12.4901,0.0000,47.4291,6.1613,530.3440,4.9655,80.9882,1.7270,9.7038,1.1558
2033-01-14,13.5480,0.0000,47.5983,6.2866,532.4867,5.9104,84.6974,2.7752,11.5017,3.0942
2033-01-15,15.2545,0.0000,48.6332,6.7788,534.9365,6.9447,86.1598,3.4850,13.4527,4.4405
2033-01-16,15.1386,0.0000,50.1499,6.7877,537.3654,7.9412,86.4527,3.6337,15.3166,5.0208
2033-01-17,16.1099,0.0003,52.2209,7.9301,539.9692,8.9535,86.5009,3.8753,17.1943,5.7381
2033-01-18,13.9536,0.0025,57.1263,8.3164,542.1848,9.7481,86.5491,3.9786,18.6576,6.1775
2033-01-19,13.4134,0.0001,55.9987,9.3303,544.3033,10.5343,86.5973,4.2158,20.0962,6.8129
2033-01-20,14.8408,0.0000,55.0617,9.7507,546.6786,11.4162,86.6456,4.3356,21.6995,7.3087
2033-01-21,14.7823,0.0060,53.0418,8.2500,549.0434,12.3343,86.6938,4.0474,23.3569,7.1679
2033-01-22,14.0778,0.0175,55.7375,7.2519,551.2814,13.1614,86.7421,3.8753,24.8402,7.1457
2033-01-23,12.8330,0.0000,57.7634,6.7535,553.2953,13.8859,86.5582,3.6819,26.1322,7.0298
2033-01-24,13.4144,0.0369,53.7280,7.2223,555.4139,14.7127,86.6064,3.7958,27.5978,7.4677
2033-01-25,14.1850,0.1538,54.8743,8.1928,557.6712,15.5618,86.6546,4.0134,29.0940,8.0979
2033-01-26,14.3168,0.0488,54.4906,9.1168,559.9523,16.4256,86.7029,4.2335,30.6067,8.7401
2033-01-27,14.7949,0.0190,54.7823,7.7868,562.3193,17.3104,86.7511,3.9863,32.1468,8.5380
2033-01-28,15.1024,0.0258,53.3567,7.4821,564.7418,18.2408,86.7994,3.9526,33.7559,8.7231
2033-01-29,15.7039,0.0210,54.7462,9.0166,567.2725,19.1770,86.8477,4.2997,35.3651,9.6323
2033-01-30,16.4295,0.0995,52.5316,10.3366,569.9338,20.2014,86.8960,4.6271,37.1140,10.5292
2033-01-31,14.7245,0.0000,53.6717,10.6688,572.2882,21.1039,86.9444,4.7376,38.6451,10.9855
2033-02-01,14.9349,0.0000,45.2498,7.3437,574.6805,22.3510,87.2677,4.1956,40.7407,10.2437
2033-02-02,14.7107,0.0001,46.5151,4.5724,577.0324,23.5522,87.3162,3.6741,42.7430,9.4250
2033-02-03,12.4610,0.5330,66.9141,8.1253,578.9794,24.1896,85.3406,3.3263,43.8039,8.7845
2033-02-04,13.1975,0.1441,72.4300,10.5950,581.0589,24.7495,84.3062,3.2701,44.7354,8.7677
2033-02-05,16.1202,0.2250,63.6401,11.6891,583.6646,25.6389,84.4107,3.5045,46.2038,9.4858
2033-02-06,15.2374,0.0016,50.9358,4.2952,586.1113,26.7776,85.7218,2.8918,48.0653,8.2340
2033-02-07,17.1413,0.1945,47.9209,8.9766,588.9007,28.1270,86.8596,4.2983,50.2535,11.7944
2033-02-08,18.3746,0.5061,57.1377,6.2899,591.9122,29.3127,86.7541,3.6983,52.1670,10.6642
2033-02-09,18.2715,0.0892,60.2501,5.4425,594.9050,30.4066,86.8024,3.5680,53.9229,10.5582
2033-02-10,15.4871,0.0169,61.9862,6.8503,597.3967,31.3022,86.3575,3.5964,55.3535,10.7934
2033-02-11,12.9387,9.4647,78.0223,12.7674,545.5096,15.8643,44.4704,0.1440,29.5781,0.1685
2033-02-12,11.9606,0.6175,53.9862,9.8872,547.3665,16.7179,66.7068,0.9250,31.0639,1.4677
2033-02-13,14.1355,0.0066,47.6352,8.1270,549.6149,17.8512,79.6415,1.6510,33.0211,3.6539
2033-02-14,14.8594,0.0000,46.0974,5.7668,551.9936,19.0732,84.6237,2.6765,35.1132,6.2858
2033-02-15,16.5348,0.0000,43.7864,5.2978,554.6738,20.4814,86.8966,3.5898,37.5009,8.5435
2033-02-16,18.3593,0.0000,43.4100,9.2978,557.6825,22.0456,87.9499,5.1041,40.1257,11.9196
2033-02-17,17.4327,0.0001,44.5553,5.8482,560.5244,23.5052,87.9985,4.3197,42.5497,10.7607
2033-02-18,18.0193,0.0005,45.2571,8.2663,563.4719,24.9920,88.0472,4.9137,44.9948,12.3299
2033-02-19,17.3054,0.0403,51.2589,10.3711,566.2908,26.2663,88.0959,5.5017,47.0740,13.8221
2033-02-20,17.8378,0.0206,53.0922,11.5620,569.2056,27.5282,88.0691,5.8195,49.1177,14.7762
2033-02-21,18.1734,0.0016,54.0494,9.4661,572.1808,28.7862,87.9837,5.1726,51.1403,13.7927
2033-02-22,17.9453,0.0178,47.5634,9.7480,575.1150,30.2048,88.0324,5.2834,53.3985,14.3616
2033-02-23,17.1616,0.0000,40.0867,9.0853,577.9081,31.7590,88.5357,5.4923,55.8455,15.1665
2033-02-24,18.0191,0.0000,34.0368,6.4629,580.8555,33.5505,89.6333,5.6336,58.6342,15.8813
2033-02-25,19.7552,0.0000,36.8419,5.7083,584.1155,35.4215,89.7228,5.4935,61.5169,15.9970
2033-02-26,20.6342,0.0000,39.5398,7.1651,587.5336,37.2882,89.7721,5.9539,64.3641,17.4162
2033-02-27,20.3306,0.0000,40.2117,10.8011,590.8971,39.1082,89.8214,7.2017,67.1120,20.4727
2033-02-28,19.8328,0.0000,45.1419,12.9950,594.1710,40.7395,89.7737,7.9888,69.5561,22.4671
2033-03-01,20.5857,0.0000,44.7269,11.1584,597.5805,42.7827,89.8230,7.3343,72.5755,21.6154
2033-03-02,20.7599,0.0000,45.3986,11.7618,601.0212,44.8172,89.8590,7.5998,75.5503,22.6412
2033-03-03,20.8926,0.0050,44.9651,12.4259,604.4859,46.8804,89.9083,7.9142,78.5342,23.7735
2033-03-04,21.8546,0.1996,41.5559,12.7673,608.1237,49.1672,89.9577,8.1086,81.8004,24.6872
2033-03-05,22.3376,0.3709,38.7682,12.9984,611.8485,51.6136,90.0070,8.2618,85.2488,25.5539
2033-03-06,22.3764,0.0001,36.6429,14.2447,615.5803,54.1490,90.1887,9.0292,88.7753,27.7355
2033-03-07,21.3336,0.4006,43.4816,14.6689,619.1243,56.3102,90.2381,9.2897,91.7569,28.7505
2033-03-08,19.5169,0.5876,55.0016,11.2681,622.3413,57.8917,87.9921,5.6711,93.9376,20.5960
2033-03-09,20.0932,0.1484,53.0193,9.3163,625.6621,59.5889,88.0408,5.1759,96.2583,19.5230
2033-03-10,17.0391,0.2935,46.1823,10.9260,628.4332,61.2529,88.0895,5.6525,98.5032,21.0536
2033-03-11,19.0489,0.0000,39.8191,7.2988,631.5660,63.3199,88.8291,5.2354,101.2594,20.2009
2033-03-12,21.1467,0.0010,39.0200,4.9119,635.0764,65.6323,89.3919,5.0328,104.3138,19.9234
2033-03-13,22.5732,0.0000,35.9534,5.5416,638.8435,68.2168,90.1824,5.8183,107.6863,22.4489
2033-03-14,20.3071,0.0405,32.1016,9.9962,642.2028,70.6945,90.6574,7.7943,110.8756,27.8892
2033-03-15,23.1628,0.0000,26.7047,7.6709,646.0761,73.7259,92.0860,8.4927,114.7231,30.0047
2033-03-16,25.7734,0.0000,26.1086,11.2541,650.4193,77.1107,92.8380,11.3095,118.9623,36.8442
2033-03-17,26.6312,0.0002,25.8016,11.2238,654.9169,80.6181,93.1175,11.7433,123.2936,38.2835
2033-03-18,25.9633,0.0059,31.0946,11.2133,659.2943,83.7968,93.1678,11.8200,127.1815,38.8869
2033-03-19,26.5385,0.0001,26.6614,10.4680,663.7753,87.2520,93.2182,11.4649,131.3423,38.5572
2033-03-20,26.5023,0.0000,24.2390,12.0205,668.2497,90.8166,93.4458,12.7979,135.5719,41.8380
2033-03-21,26.2093,0.0150,26.5246,13.2619,672.6713,94.2370,93.4963,13.7203,139.5862,44.1466
2033-03-22,24.0008,0.0267,30.3645,12.1576,676.6955,97.2165,93.2820,12.5954,143.0539,42.1042
2033-03-23,23.6817,0.0000,29.9092,10.3260,680.6622,100.1773,93.2554,11.4424,146.4644,39.8481
2033-03-24,23.4238,0.1776,29.8663,9.4038,684.5825,103.1092,93.2236,10.8743,149.8091,38.7968
2033-03-25,23.8081,0.4593,32.6720,12.5442,688.5719,105.9678,92.8456,12.0822,153.0511,41.7657
2033-03-26,25.5730,0.0093,25.0737,13.5351,692.8791,109.3744,93.1017,13.1648,156.8500,44.3943
2033-03-27,25.8323,0.0000,20.8386,11.3695,697.2329,113.0087,94.0146,13.4037,160.8430,45.1715
2033-03-28,26.0023,0.0000,18.2016,9.8185,701.6173,116.7876,94.6952,13.6170,164.9383,45.8811
2033-03-29,25.8236,0.0000,17.2034,9.4343,705.9695,120.5875,94.9649,13.8596,169.0051,46.6325
2033-03-30,27.2472,0.0077,17.7991,10.5753,710.5780,124.5595,95.0685,14.8896,173.2118,49.0213
2033-03-31,28.0251,0.1359,21.2723,11.3213,715.3265,128.4680,95.1196,15.5683,177.3216,50.6245
2033-04-01,24.1660,0.0306,33.4740,12.5732,720.6304,132.5430,93.2078,12.7293,181.5886,44.7685
2033-04-02,25.8188,0.1264,26.0541,5.5615,726.2318,137.3686,93.2582,9.0037,186.5305,35.9447
2033-04-03,23.9371,1.4824,37.2328,14.9575,731.4945,141.1785,87.1549,6.0594,190.4600,27.6492
2033-04-04,26.2844,1.5067,33.3137,15.8982,737.1797,137.0983,88.1743,7.3508,187.1723,31.4324
2033-04-05,21.3666,2.9498,57.5224,9.3675,727.5936,94.9217,73.3063,1.1306,143.1539,6.9122
2033-04-06,21.5733,0.4940,54.5520,7.4063,732.4308,97.4199,83.1153,2.3801,146.2187,13.0919
2033-04-07,23.3567,0.6537,48.0624,4.7186,737.5890,100.4993,86.0842,3.1081,149.9280,16.2130
2033-04-08,22.7817,8.6904,56.5313,7.7445,674.7840,56.1632,62.3282,0.6903,92.9794,3.1319
2033-04-09,17.8371,22.7518,87.6405,9.8533,525.2926,23.3047,27.9561,0.0032,41.9560,0.0047
2033-04-10,18.5496,5.0283,75.7277,8.5549,508.8795,15.8372,40.2738,0.0563,29.3879,0.0655
2033-04-11,21.9149,0.1974,49.9053,8.6936,513.7782,18.6323,73.3796,1.0964,34.1669,2.2214
2033-04-12,18.4052,0.0055,45.5731,13.1649,518.0451,21.2059,84.3275,3.7329,38.4745,8.9735
2033-04-13,16.5680,0.0000,36.0325,13.8555,521.9813,23.9459,88.2044,6.6605,42.9643,15.2399
2033-04-14,15.3386,0.0000,30.5889,16.4882,525.6963,26.7121,89.8025,9.5658,47.4025,20.9699
2033-04-15,16.7136,0.0000,26.0501,13.3539,529.6587,29.9056,91.1046,9.8389,52.4129,22.5177
2033-04-16,19.9412,0.0000,23.3720,11.4438,534.2021,33.8145,92.3209,10.6172,58.3890,25.0883
2033-04-17,21.6162,0.0000,20.8822,11.3891,539.0471,38.1716,93.2641,12.0867,64.8607,28.9082
2033-04-18,22.9735,0.0000,24.3498,8.1652,544.1363,42.5867,93.3145,10.3470,71.2353,27.2434
2033-04-19,24.6087,0.0000,25.8616,5.0358,549.5199,47.2075,93.3650,8.9000,77.7227,25.6660
2033-04-20,26.0690,0.0000,26.7390,7.0984,555.1663,52.0329,93.4154,9.9445,84.3107,28.8615
2033-04-21,26.8497,0.0154,23.1274,6.1069,560.9532,57.2417,93.7316,9.8856,91.2139,29.9014
2033-04-22,27.3832,0.0000,24.0442,6.2935,566.8362,62.4866,93.7822,10.0494,97.9726,31.2996
2033-04-23,30.8026,0.0000,18.2098,6.9910,573.3347,68.8125,95.3888,12.9850,105.8609,38.4086
2033-04-24,27.5360,0.4092,25.3459,14.4581,579.2451,73.9952,94.9502,17.8163,112.1682,48.1826
2033-04-25,27.2693,0.3670,26.4209,14.1185,585.1076,79.0556,94.6454,16.7960,118.1891,47.3870
2033-04-26,29.7122,0.2645,23.5291,14.8725,591.4098,84.7679,94.6963,17.5689,124.8120,49.7381
2033-04-27,31.3797,0.1294,19.6181,12.1609,598.0122,91.0973,95.2767,16.5936,131.9453,48.9097
2033-04-28,33.2673,0.0000,14.8881,11.5654,604.9543,98.1886,96.6246,19.3275,139.6938,54.7566
2033-04-29,34.1913,0.0000,12.7958,12.3736,612.0627,105.6496,97.2891,22.0020,147.6036,60.2176
2033-04-30,36.2663,0.0000,12.4578,8.2938,619.5447,113.5798,97.6775,18.8620,155.7681,55.5304
2033-05-01,37.3157,0.0005,11.5677,8.1431,628.6655,122.5235,98.0220,19.5920,164.7667,57.5618
2033-05-02,36.3997,0.0005,12.6714,8.1416,637.6214,131.1449,98.0741,19.7254,173.2205,58.3700
2033-05-03,35.4923,0.0001,14.9691,8.4015,646.4141,139.3364,98.1261,20.1230,181.0878,59.5405
2033-05-04,32.4107,0.0249,17.3105,12.0409,654.6520,146.6314,97.5219,22.3166,187.9939,63.7733
2033-05-05,31.9219,0.0000,15.5588,14.0164,662.8019,153.9724,97.5733,24.8211,194.8076,68.3265
2033-05-06,32.3485,0.0000,19.9386,10.4140,671.0287,161.0224,96.9563,19.0673,201.2895,58.4525
2033-05-07,34.9045,0.0003,16.7063,8.6488,679.7155,168.9177,97.0080,17.5654,208.3756,55.7862
2033-05-08,35.4596,0.0000,12.4382,11.1381,688.5022,177.3454,97.5600,21.4321,215.7548,63.2182
2033-05-09,33.4096,0.1287,18.2159,13.2204,696.9199,184.7757,97.3448,23.1320,222.2424,66.3697
2033-05-10,28.9944,0.1861,36.8038,10.0725,704.5429,189.7826,93.6287,11.9007,226.8194,44.0323
2033-05-11,34.4576,0.0000,25.5098,6.1076,713.1493,196.7557,94.4743,10.9563,232.8825,41.8428
2033-05-12,32.3651,0.0039,25.6896,7.9810,721.3790,203.3026,94.5252,12.1256,238.5394,44.7159
2033-05-13,33.1514,0.2609,25.8645,6.8013,729.7503,209.9876,94.5760,11.5062,244.2594,43.3053
2033-05-14,27.7676,0.6118,38.6585,9.9646,737.1524,214.6494,91.5158,8.7937,248.4414,36.4200
2033-05-15,29.0306,0.0798,30.0064,9.8776,744.7820,220.2016,92.5509,10.1345,253.2293,39.9854
2033-05-16,29.7215,0.0000,30.7278,10.9871,752.5358,225.8225,92.6323,10.8407,258.0526,41.7961
2033-05-17,30.7506,0.0000,25.5611,9.5990,760.4749,232.0644,93.7904,11.8843,263.2768,44.3642
2033-05-18,27.7899,0.0000,27.8498,13.5938,767.8811,237.5519,93.8410,14.6368,267.9055,50.6305
2033-05-19,25.6064,0.0000,23.2241,11.3753,774.8943,242.9499,93.8916,13.1810,272.3934,47.4325
2033-05-20,28.4122,0.0000,16.1577,9.7084,782.4125,249.4641,95.4880,15.0932,277.6298,51.6693
2033-05-21,31.7647,0.0000,16.7051,7.4183,790.5341,256.6709,96.0063,14.4286,283.3480,50.2641
2033-05-22,31.9604,0.0000,21.7864,8.5999,798.6910,263.4784,96.0576,15.4204,288.7878,52.4181
2033-05-23,33.4882,0.0108,16.9564,10.1925,807.1229,271.0402,96.2523,17.1543,294.6849,56.0198
2033-05-24,34.6164,0.0133,15.4515,10.7697,815.7578,278.9903,96.7555,18.8971,300.7976,59.4736
2033-05-25,34.4973,0.0024,16.3526,8.7529,824.3713,286.8293,96.8071,17.1895,306.7952,56.1321
2033-05-26,33.3536,0.0092,21.4997,9.8184,832.7790,293.9497,96.6482,17.7552,312.3078,57.2780
2033-05-27,32.6974,0.0055,26.9369,10.7352,841.0685,300.4506,95.6193,16.1813,317.4229,54.1008
2033-05-28,32.8568,0.0011,27.3631,9.5750,849.3867,306.9441,95.3873,14.7878,322.5171,51.1641
2033-05-29,36.0154,0.0000,20.1262,5.8858,858.2735,314.7488,95.9337,13.2257,328.4093,47.7128
2033-05-30,38.6781,0.0000,14.6665,9.1127,867.6396,323.6851,97.5220,19.2551,334.9633,60.2456
2033-05-31,38.7727,0.0019,14.9343,12.1790,877.0227,332.6145,97.5738,22.6277,341.4696,66.4547
2033-06-01,36.5367,0.0105,21.6680,10.1461,887.0033,340.3760,97.1931,19.4160,347.4390,60.5704
2033-06-02,36.0720,0.0374,26.2320,9.7299,896.9002,347.5951,96.2880,16.8399,353.0893,55.5088
2033-06-03,36.4982,0.1528,24.9604,7.7246,906.8739,355.0227,96.3394,15.3273,358.8446,52.3681
2033-06-04,35.9023,0.9133,25.0102,7.7532,916.7403,362.3278,94.3039,11.6270,364.4989,44.0053
2033-06-05,37.5813,0.0174,18.7540,7.7150,926.9089,370.6015,96.4260,15.4995,370.6825,52.7422
2033-06-06,38.7620,0.0000,13.7589,7.9808,937.2901,379.6519,97.7336,18.7054,379.5704,59.2337
2033-06-07,38.1424,0.0000,15.1284,10.0161,947.5597,388.4201,97.7855,20.8686,388.2552,63.3232
2033-06-08,37.2148,0.0000,18.5128,9.8477,957.6624,396.6397,97.8350,20.8280,396.3974,63.2521
2033-06-09,37.8469,0.7943,20.9102,10.1278,967.8789,404.7491,95.8446,16.1810,404.4296,54.1852
2033-06-10,30.0127,0.9936,45.8742,12.7718,976.6851,409.1825,89.0101,7.0796,408.8440,31.8367
2033-06-11,31.5445,0.0002,34.3542,12.1340,985.7671,414.8243,91.9614,10.4489,414.4451,41.1106
2033-06-12,30.0045,0.0000,32.7884,13.8836,994.5720,420.3281,92.2452,11.8787,419.9081,44.6303
2033-06-13,31.4327,0.0000,29.2984,11.2270,1003.6338,426.3835,93.1498,11.7983,425.9130,44.4388
2033-06-14,31.5725,0.0220,30.2348,13.5880,1012.7209,432.3844,93.2002,13.3829,431.8636,48.1319
2033-06-15,30.2454,0.0047,31.5434,14.2628,1021.5690,438.0335,93.2506,13.9437,437.4670,49.3908
2033-06-16,30.8529,0.0000,30.8476,11.8651,1030.5266,443.8507,93.3010,12.4441,443.2349,45.9717
2033-06-17,34.0864,0.0000,21.4127,9.8957,1040.0661,451.1305,95.2428,14.7353,450.4382,51.1294
2033-06-18,37.3220,0.0000,15.5484,8.3679,1050.1881,459.6730,97.0974,17.5267,458.8796,56.9348
2033-06-19,35.0569,0.2990,26.5190,13.3282,1059.9023,466.6675,96.0547,19.5615,465.8015,60.8980
2033-06-20,32.8050,0.0000,31.4852,13.0315,1069.2112,472.7832,94.7306,16.0881,471.8594,54.0027
2033-06-21,32.8180,0.1266,29.4224,13.4215,1078.5225,479.0854,94.7815,16.5225,478.0987,54.9013
2033-06-22,33.4881,0.0000,27.3249,12.9025,1087.9543,485.7031,94.8324,16.2090,484.6461,54.2545
2033-06-23,31.5229,0.0000,30.9428,15.6151,1097.0324,491.6341,94.4560,17.6453,490.5186,57.1736
2033-06-24,27.5916,0.0059,39.3605,16.2693,1105.4029,496.2145,92.4622,13.8122,495.0655,49.1020
2033-06-25,29.5257,0.7689,36.8505,14.2599,1114.1215,501.3060,90.8226,9.8929,500.1141,39.6911
2033-06-26,30.3465,0.9646,40.2389,13.5768,1122.9879,506.2535,89.7416,8.1887,505.0230,35.0776
2033-06-27,31.8371,0.0235,33.3108,9.5570,1132.1226,512.0363,92.2415,9.5468,510.7488,38.7851
2033-06-28,36.3902,0.0109,21.9692,4.8383,1142.0768,519.7379,95.4095,11.6831,518.3525,44.1678
2033-06-29,38.1962,0.0000,18.9371,7.0661,1152.3562,528.1241,96.5355,15.2237,526.6248,52.1833
2033-06-30,39.3062,0.0000,16.8645,8.3300,1162.8353,536.9677,97.1874,17.7044,535.3420,57.2925
2033-07-01,40.8585,0.0000,13.7902,7.0905,1173.8938,545.4630,98.0636,18.6821,543.7230,59.2132
2033-07-02,41.0986,0.0000,9.8730,9.5933,1184.9955,554.3951,98.8645,23.5419,552.5272,68.1266
2033-07-03,39.5381,0.0000,11.4732,11.1583,1195.8164,562.8442,98.9168,25.6480,560.8561,71.7142
2033-07-04,38.8611,0.0000,15.8724,11.1845,1206.5154,570.7397,98.6844,24.9136,568.6431,70.4799
2033-07-05,38.1542,0.0000,18.0045,11.7995,1217.0872,578.2989,98.2096,24.1453,576.1003,69.1698
2033-07-06,35.9109,0.0000,19.7692,14.0707,1227.2551,585.2728,97.5261,24.7337,582.9830,70.1750
2033-07-07,31.0621,0.0000,22.8384,13.7668,1236.5503,591.1011,96.2667,20.5795,588.7428,62.8109
2033-07-08,36.3435,0.0000,12.9892,6.2897,1246.7961,598.7527,97.5212,16.7004,596.2820,55.2682
2033-07-09,39.4459,0.0000,10.4784,6.2462,1257.6004,607.2773,98.5135,18.9952,604.6729,59.8188
2033-07-10,39.6949,0.0000,13.1937,8.9369,1268.4495,615.5942,98.5657,21.9027,612.8604,65.2275
2033-07-11,38.3729,0.0000,17.9345,10.3035,1279.0606,623.2020,98.2333,22.4619,620.3557,66.2279
2033-07-12,38.7069,0.0000,18.5339,8.1913,1289.7318,630.8182,98.1217,19.8994,627.8583,61.5403
2033-07-13,40.2330,0.0000,15.0416,6.5969,1300.6778,639.0654,98.1737,18.4895,635.9736,58.8392
2033-07-14,41.8893,0.0000,13.8522,6.7594,1311.9218,647.7631,98.2314,18.7836,644.5268,59.4104
2033-07-15,41.2312,0.0000,15.2372,9.3448,1323.0474,656.1900,98.2835,21.5444,652.8141,64.5802
2033-07-16,38.9630,0.0000,20.1727,11.4047,1333.7648,663.7010,97.8891,22.6898,660.2085,66.6321
2033-07-17,37.6567,0.0000,22.4201,9.9079,1344.2470,670.7625,97.2730,19.3897,667.1639,60.5746
2033-07-18,40.3480,0.0000,16.5081,6.8357,1355.2136,678.8898,97.4459,16.9953,675.1544,55.8687
2033-07-19,42.3801,0.0000,15.7285,6.5717,1366.5460,687.4953,97.9215,17.8619,683.6095,57.6057
2033-07-20,41.7855,0.0000,17.5735,9.7258,1377.7714,695.7972,97.9735,21.0829,691.7680,63.7389
2033-07-21,39.2155,0.0000,16.6004,13.3733,1388.5342,703.6938,98.0255,25.5114,699.5274,71.4863
2033-07-22,36.0919,0.0000,23.2298,15.0470,1398.7348,710.3994,96.9021,23.9071,706.1288,68.7597
2033-07-23,34.6765,0.0000,23.3612,14.1832,1408.6805,716.8389,96.5208,21.7474,712.4691,64.9477
2033-07-24,33.6249,0.0000,24.6672,12.3236,1418.4370,722.9825,96.0953,18.6982,718.5207,59.2450
2033-07-25,37.2981,0.0000,20.4755,7.1426,1428.8547,730.1541,96.1467,14.5021,725.5713,50.6266
2033-07-26,39.2393,0.0000,18.7118,6.8502,1439.6217,737.8552,96.7806,15.5627,733.1358,52.9039
2033-07-27,40.6604,0.0000,16.8010,8.8723,1450.6446,746.0151,97.4222,18.7728,741.1441,59.3896
2033-07-28,40.8874,0.0000,15.8782,9.1574,1461.7083,754.3104,97.6616,19.6594,749.2815,61.0872
2033-07-29,40.8491,0.0000,15.7547,8.3980,1472.7652,762.6102,97.7135,19.0519,757.4213,59.9280
2033-07-30,39.8887,0.0000,14.8123,10.7997,1483.6491,770.8108,97.7654,21.6512,765.4614,64.7737
2033-07-31,37.8602,0.0000,14.2484,12.8086,1494.1680,778.6571,97.8173,24.1229,773.1539,69.1315
2033-08-01,35.7010,0.0000,19.2222,11.8792,1503.5982,784.7941,97.5280,22.1532,779.1861,65.6772
2033-08-02,36.7421,0.0000,20.3473,9.3019,1513.2157,791.0168,97.4309,19.2058,785.3026,60.2233
2033-08-03,39.7773,0.0000,16.3311,5.7685,1523.3797,798.0776,97.4827,16.1844,792.2313,54.2056
2033-08-04,40.9824,0.0000,15.5542,7.8742,1533.7605,805.4141,97.7423,18.6266,799.4268,59.1061
2033-08-05,40.5221,0.0000,18.4862,10.5460,1544.0585,812.4183,97.7942,21.4579,806.3007,64.4233
2033-08-06,38.4725,0.0000,23.0862,11.1290,1553.9875,818.7018,97.2496,20.5560,812.4763,62.7675
2033-08-07,36.9541,0.0000,28.3722,11.7574,1563.6433,824.3290,96.0221,17.9932,818.0173,57.8655
2033-08-08,36.6868,0.0004,25.6117,9.7929,1573.2509,830.1320,96.0734,16.4109,823.7257,54.6740
2033-08-09,35.8781,0.1476,31.4066,8.9622,1582.7129,835.3684,95.2082,13.9919,828.8879,49.5036
2033-08-10,37.9369,0.0000,26.7638,6.6431,1592.5456,841.2705,95.2593,12.5358,834.6937,46.1908
2033-08-11,39.4295,0.0000,23.2189,6.8461,1602.6469,847.6949,95.8536,13.7315,841.0038,48.9233
2033-08-12,40.8118,0.0000,21.2465,6.2865,1612.9970,854.5091,96.5074,14.5818,847.6905,50.8004
2033-08-13,41.1458,0.0000,17.5084,9.8848,1623.4073,861.7036,97.3500,19.5667,854.7415,60.9114
2033-08-14,40.4761,0.1157,21.2018,10.9945,1633.6970,868.4670,97.4018,20.8351,861.3766,63.2835
2033-08-15,39.7570,0.7321,26.0433,7.2286,1643.8572,874.7051,95.1588,12.7353,867.5057,46.6546
2033-08-16,38.9098,0.1709,28.9069,10.4624,1653.8650,880.5773,95.2099,15.0941,873.2814,51.9070
2033-08-17,38.1010,0.0000,23.7341,8.9806,1663.7272,886.7494,95.5283,14.6298,879.3414,50.9048
2033-08-18,37.0693,0.1602,29.1235,9.9698,1673.4036,892.3344,95.5795,15.4850,884.8360,52.7397
2033-08-19,37.6019,0.0000,21.7519,11.9099,1683.1760,898.5863,95.8698,17.7618,890.9698,57.4073
2033-08-20,37.3222,0.0000,15.4413,13.1291,1692.8980,905.2935,97.1592,22.4635,897.5377,66.2308
2033-08-21,36.7459,0.0235,19.2233,13.2647,1702.5162,911.6047,97.2110,22.7740,903.7241,66.7811
2033-08-22,35.7285,0.3984,32.1608,13.1338,1711.9514,916.7626,95.1503,17.1289,908.8042,56.1393
2033-08-23,36.1651,0.2291,38.4944,8.8288,1721.4651,921.4944,93.9234,11.6449,913.4779,44.0765
2033-08-24,37.3332,0.0000,32.6071,9.4208,1731.1890,926.8416,93.9741,12.0821,918.7430,45.1229
2033-08-25,37.1568,0.0000,20.6637,7.9779,1740.8813,933.1076,95.9438,14.7162,924.8852,51.0925
2033-08-26,37.9140,0.0000,19.6138,7.9783,1750.7098,939.5821,96.3749,15.5988,931.2281,52.9803
2033-08-27,37.0345,0.0177,29.5362,8.7789,1760.3800,945.1295,95.7388,14.9023,936.6821,51.4948
2033-08-28,36.5701,0.3265,28.6439,8.2602,1769.9666,950.6788,95.7320,14.5044,942.1361,50.6317
2033-08-29,33.5070,1.8563,36.8877,10.1680,1779.0019,162.8096,89.5659,6.7246,264.9910,30.5617
2033-08-30,33.6338,0.0067,26.8335,9.0624,1788.0600,168.0561,93.8000,11.5826,272.1623,43.6945
2033-08-31,33.4334,0.9185,26.8012,7.1864,1797.0820,173.2747,93.1650,9.6454,279.2388,38.8675
2033-09-01,32.2036,4.5950,46.2938,7.6321,1504.2563,90.8438,80.8648,1.8342,157.8550,10.8890
2033-09-02,35.1438,0.4220,33.0871,6.7698,1512.2862,95.1615,92.1205,8.1554,164.4523,32.8626
2033-09-03,35.6847,0.0611,28.3417,6.3368,1520.4134,99.8544,94.0191,10.4078,171.5432,38.9283
2033-09-04,34.9800,1.0725,35.1643,8.8870,1528.4138,104.0191,91.6717,8.5151,177.7888,34.3632
2033-09-05,30.0210,5.1184,60.5125,10.8363,1330.6088,66.0257,74.8919,1.3146,117.4780,7.2005
2033-09-06,30.2520,1.2416,56.5830,8.0578,1337.7581,68.4491,82.9551,2.4096,121.3726,12.2505
2033-09-07,29.4868,0.0010,47.5657,11.2351,1344.7698,71.3045,88.5854,6.1645,125.9175,25.0141
2033-09-08,27.7634,0.0027,40.5945,10.2887,1351.4712,74.3572,90.1475,7.3538,130.7323,28.6474
2033-09-09,27.9848,0.0131,40.8696,9.6427,1358.2124,77.4190,90.3396,7.3167,135.5254,28.9135
2033-09-10,30.4556,0.0000,32.5986,5.5031,1365.3984,81.2056,92.1424,7.6748,141.3889,30.2840
2033-09-11,33.7095,0.0000,23.9371,6.2267,1373.1701,85.9195,94.5480,11.1347,148.5950,39.3093
2033-09-12,35.7273,0.0000,22.9724,5.0327,1381.3050,90.9699,95.2506,11.5451,156.2191,40.7712
2033-09-13,35.4509,0.0044,27.7318,7.8101,1389.3902,95.6727,95.3017,13.3724,163.2432,45.2545
2033-09-14,35.9304,0.0000,26.5067,7.1335,1397.5617,100.5179,95.3528,13.0145,170.3968,44.8816
2033-09-15,36.5102,0.0000,26.9645,7.6134,1405.8375,105.4083,95.4039,13.4264,177.5376,46.1313
2033-09-16,34.9883,0.2713,30.8436,9.8640,1413.8394,109.8516,95.0765,14.3810,183.9686,48.4632
2033-09-17,34.1704,0.8751,38.3303,9.3932,1421.6941,113.7241,91.3594,8.3564,189.5434,34.3038
2033-09-18,33.2905,0.0213,42.3850,9.7672,1429.3904,117.2517,91.4092,8.5758,194.5969,35.0304
2033-09-19,29.1739,0.0068,44.5348,10.4135,1436.3457,120.2412,91.4464,8.9067,198.8636,36.0191
2033-09-20,30.1856,0.0082,36.8515,4.5947,1443.4831,123.7586,91.4980,6.6920,203.8285,29.8613
2033-09-21,33.3451,1.3848,35.1472,11.4554,1451.1892,127.7356,90.6265,8.3520,209.3935,34.7366
2033-09-22,31.2258,0.5204,46.5739,13.5118,1458.5138,130.8104,90.1326,8.6322,213.7043,35.5761
2033-09-23,28.6304,2.3774,58.8440,12.8942,1465.3713,100.7632,80.9454,2.4129,171.9644,13.8714
2033-09-24,28.3703,0.5013,54.3420,9.0463,1472.1819,103.1587,86.8178,4.2879,175.5624,21.3895
2033-09-25,27.4777,0.2424,48.4473,8.1782,1478.8319,105.7816,88.5674,5.2709,179.4694,24.8547
2033-09-26,30.2226,0.4640,41.9538,6.2479,1485.9760,109.0186,90.2811,6.1148,184.2445,27.6720
2033-09-27,31.3126,0.9342,36.7880,5.2202,1493.3162,112.6663,90.1382,5.6887,189.5754,26.4553
2033-09-28,30.2885,1.6929,43.0265,11.5163,1500.4722,105.6093,87.0880,5.0464,179.6137,24.1135
2033-09-29,30.6333,1.9463,45.7140,12.6350,1507.6902,94.4265,85.8972,4.5117,163.2865,21.8206
2033-09-30,28.6656,7.0401,60.5622,11.0570,1242.2127,55.9473,70.8005,1.1209,100.5707,5.6290
2033-10-01,24.5808,19.9214,81.8519,10.3721,853.4932,24.1168,42.9773,0.1000,45.0511,0.1563
2033-10-02,21.7635,23.3724,87.9007,9.5891,633.4546,9.7275,26.7557,0.0022,18.7357,0.0019
2033-10-03,26.3886,0.6025,63.9432,6.8997,638.9085,11.2293,64.8633,0.7426,21.5132,0.7050
2033-10-04,26.5864,0.6509,62.2537,6.5094,644.3981,12.8127,79.8472,1.5539,24.4120,2.6461
2033-10-05,25.0142,1.8890,60.1039,11.9010,649.6046,12.7711,78.6577,1.8174,24.3456,3.2213
2033-10-06,20.7040,0.2964,49.6707,9.2120,654.0353,14.4339,85.3601,3.5230,27.3583,6.9412
2033-10-07,21.4450,0.0008,37.5133,6.1298,658.5994,16.5684,88.8756,4.9690,31.1761,10.1195
2033-10-08,19.9607,2.6722,57.6000,6.2966,662.8964,14.2351,72.4753,0.9362,27.0196,1.1800
2033-10-09,22.0924,10.1849,63.8790,9.4411,599.5407,8.1674,56.4263,0.5083,15.7968,0.3984
2033-10-10,22.4768,7.6514,77.2719,7.4207,561.8524,4.7619,46.1027,0.1412,9.3262,0.0821
2033-10-11,26.1819,0.9227,65.7075,8.6739,567.2692,6.1795,72.0553,1.0387,12.0313,0.6942
2033-10-12,23.9227,4.1935,74.7887,8.9650,554.7008,4.3072,60.4431,0.6609,8.4504,0.3648
2033-10-13,24.7947,3.7029,65.4729,7.0881,545.9075,3.5322,63.6291,0.7110,6.9520,0.3559
2033-10-14,24.5463,6.1943,65.0419,8.0826,522.2568,2.7037,60.0003,0.6152,5.3384,0.2723
2033-10-15,21.9841,11.9983,74.9317,7.7739,468.3155,1.5929,44.9939,0.1216,3.1589,0.0436
2033-10-16,21.3178,4.9998,77.2532,8.1694,454.9824,1.0094,46.8030,0.1623,2.0076,0.0503
2033-10-17,26.6104,0.0022,45.8890,7.2210,460.4763,3.2813,79.6478,1.5783,6.4477,0.7619
2033-10-18,21.3885,0.1339,49.2004,10.4448,465.0302,5.0123,85.9173,4.0517,9.7615,4.3056
2033-10-19,18.1727,1.9116,62.8904,8.2141,469.0053,4.9435,74.6394,1.1365,9.6332,0.6719
2033-10-20,21.5656,0.5583,62.6584,6.2759,473.5911,6.2259,81.5771,1.8593,12.0557,1.8080
2033-10-21,20.7794,0.3637,62.8420,5.1930,478.0354,7.4578,84.0687,2.4127,14.3557,3.0471
2033-10-22,19.7597,0.2283,64.4327,6.5263,482.2962,8.5820,84.6192,2.7792,16.4329,3.9532
2033-10-23,20.4517,0.0084,56.8049,5.8783,486.6815,9.9925,85.8089,3.1704,19.0093,4.9992
2033-10-24,21.9516,0.0001,51.7803,5.3303,491.3368,11.6767,86.9910,3.6443,22.0437,6.2818
2033-10-25,22.1163,0.0006,48.7678,6.9106,496.0217,13.4789,87.7379,4.3903,25.2430,8.0674
2033-10-26,21.9445,0.0001,41.8643,7.9403,500.6757,15.5088,88.8697,5.4391,28.7883,10.4343
2033-10-27,20.9818,0.2736,51.1026,8.8272,505.1564,17.1449,88.9088,5.7196,31.6078,11.4476
2033-10-28,21.4027,0.4012,55.3577,7.3679,509.7129,18.6670,88.4118,4.9483,34.2025,10.6251
2033-10-29,21.6620,0.2694,56.7418,5.2360,514.3161,20.1589,88.1553,4.2837,36.7197,9.8135
2033-10-30,20.9781,1.9368,66.5382,4.3506,518.7962,19.0812,74.0380,0.9077,34.9489,1.6643
2033-10-31,20.2172,2.3325,75.2508,6.7635,523.1392,16.6299,64.9256,0.7393,30.8112,0.8888
2033-11-01,19.4966,2.6664,68.6468,9.2091,526.3526,13.8019,63.9569,0.8029,25.9056,0.8599
2033-11-02,15.3050,16.4186,79.1620,12.5421,447.0748,6.4798,37.4506,0.0392,12.5064,0.0268
2033-11-03,16.1984,0.0375,55.5236,8.2986,449.6945,7.4998,65.6121,0.8205,14.3992,0.6085
2033-11-04,17.7414,0.0000,49.7436,4.9538,452.5920,8.7552,79.5110,1.3888,16.7026,1.4901
2033-11-05,19.8803,0.0326,45.8949,5.5931,455.8744,10.2602,85.6944,3.0755,19.4272,4.9144
2033-11-06,21.2386,0.0703,48.5568,7.7020,459.4013,11.7837,87.3376,4.3149,22.1473,7.3639
2033-11-07,21.0839,0.0002,51.5088,6.2877,462.9004,13.2099,87.3861,4.0460,24.6605,7.3988
2033-11-08,21.0958,0.0001,55.7562,7.4801,466.4017,14.5119,87.4346,4.3264,26.9291,8.2680
2033-11-09,21.1125,0.0135,59.6426,6.5017,469.9059,15.7004,87.4749,4.1420,28.9801,8.3064
2033-11-10,20.3229,0.0414,63.1614,4.5709,473.2680,16.7467,86.9321,3.4782,30.7713,7.3704
2033-11-11,21.2121,0.0000,57.8870,8.1858,476.7902,17.9925,86.9804,4.2020,32.8827,9.0546
2033-11-12,20.4922,0.0000,57.9423,9.2236,480.1828,19.1964,87.0288,4.4581,34.9044,9.8552
2033-11-13,21.8522,0.0000,53.3891,8.1999,483.8202,20.6148,87.1036,4.2793,37.2606,9.8885
2033-11-14,21.9306,0.0000,52.8263,6.0706,487.4717,22.0552,87.2034,3.8990,39.6281,9.4775
2033-11-15,21.2613,0.0043,52.9216,4.8218,491.0027,23.4509,87.2519,3.6866,41.8990,9.3407
2033-11-16,21.5162,0.0638,53.6207,4.4975,494.5797,24.8416,87.3003,3.6520,44.1405,9.5582
2033-11-17,22.6569,0.0032,48.7577,3.1195,498.3619,26.4556,87.8535,3.6874,46.7119,9.9657
2033-11-18,22.0234,0.0016,50.8551,3.9401,502.0301,27.9622,87.9021,3.8699,49.0890,10.6816
2033-11-19,20.6783,0.0000,60.4928,7.1705,505.4562,29.1029,87.4122,4.2459,50.8817,11.7621
2033-11-20,20.4203,0.0000,57.4581,5.4721,508.8359,30.3167,87.4607,3.9247,52.7728,11.2720
2033-11-21,20.5263,0.0001,55.9314,8.1752,512.2346,31.5802,87.5093,4.5287,54.7256,12.9093
2033-11-22,19.0935,0.0287,56.5927,5.3201,515.3754,32.7424,87.5578,3.9492,56.5095,11.7889
2033-11-23,18.6406,0.0000,60.1893,3.0480,518.4347,33.7843,87.1629,3.3289,58.1028,10.4228
2033-11-24,19.8037,0.0000,54.4057,5.7757,521.7034,35.0479,87.2113,3.8458,60.0161,11.9512
2033-11-25,19.8072,0.0013,47.6453,6.3317,524.9727,36.4991,87.6342,4.2013,62.1889,13.0876
2033-11-26,19.8580,0.0104,46.5803,7.2111,528.2511,37.9834,87.8946,4.5584,64.3918,14.2267
2033-11-27,19.8114,0.0000,51.1471,7.5062,531.5212,39.3379,87.9432,4.6591,66.3916,14.7196
2033-11-28,19.5347,0.0509,55.3564,9.2884,534.7414,40.5592,87.9533,5.1042,68.1885,16.0161
2033-11-29,18.1785,0.4568,64.9289,9.1841,537.7176,41.4556,86.5213,4.1400,69.5133,13.7882
2033-11-30,19.7005,0.1336,61.0101,6.7913,540.9677,42.5308,86.5695,3.6949,71.0891,12.7740
2033-12-01,20.2077,0.0000,58.5256,5.6385,544.3090,43.5351,86.6177,3.5103,72.5612,12.4121
2033-12-02,19.4261,0.0724,62.9877,5.4771,547.5097,44.3984,86.6324,3.4891,73.8295,12.4786
2033-12-03,18.6895,0.1974,60.3205,10.5652,550.5778,45.2908,86.6807,4.5398,75.1308,15.4677
2033-12-04,17.6107,1.2655,65.0799,5.6789,553.4518,46.0333,78.4371,1.3023,76.2180,5.3467
2033-12-05,18.5323,0.0167,56.9274,7.5202,556.4916,46.9942,83.5907,2.5464,77.6047,9.9449
2033-12-06,16.9451,0.0000,55.8986,9.9752,559.2457,47.8986,85.2039,3.5828,78.9025,13.2467
2033-12-07,17.2343,1.7353,62.1507,11.6263,562.0519,45.7828,76.1957,1.4790,76.0739,6.0449
2033-12-08,16.8467,5.3720,67.6093,8.5686,539.9873,29.9919,55.4218,0.4464,52.6703,0.7795
2033-12-09,16.3405,1.4077,65.1126,4.6070,542.6326,30.6834,64.2784,0.6457,53.7662,1.5427
2033-12-10,16.3446,0.0557,58.8575,3.9605,545.2786,31.4990,76.3266,1.0139,55.0481,3.1350
2033-12-11,14.8460,0.1776,66.2645,4.1936,547.6549,32.1103,80.3713,1.4611,56.0105,4.7842
2033-12-12,15.3631,0.1590,71.6842,5.6093,550.1242,32.6401,81.7368,1.8322,56.8478,6.0536
2033-12-13,17.6650,0.0398,62.3595,6.4201,553.0079,33.4427,83.7798,2.4699,58.1014,8.0772
2033-12-14,18.0851,2.7734,59.6243,10.9452,555.9672,27.7553,70.9451,1.1200,49.3513,3.2178
2033-12-15,15.6305,9.0401,71.8001,8.7614,512.0308,14.5723,45.6221,0.1406,27.2087,0.1556
2033-12-16,15.4162,3.1317,78.7583,11.7476,505.2064,10.8830,48.3275,0.2397,20.6536,0.2218
2033-12-17,17.5286,0.2602,73.7580,8.8452,508.0656,11.4385,66.6147,0.8748,21.6580,0.8342
2033-12-18,17.2489,0.0001,62.0851,5.8674,510.8744,12.2291,77.6250,1.2278,23.0771,1.7448
2033-12-19,18.3078,0.0000,59.4573,10.6544,513.8738,13.1233,83.1262,2.8073,24.6714,5.2316
2033-12-20,17.9561,0.1807,67.1593,5.6215,516.8099,13.8344,83.7417,2.3605,25.9333,4.5283
2033-12-21,15.4143,6.0851,83.6955,8.5469,493.0756,8.0629,45.0575,0.1277,15.4925,0.0989
2033-12-22,11.9307,0.0269,57.3393,7.3355,494.9272,8.6946,65.8628,0.7890,16.6577,0.6386
2033-12-23,13.8770,0.0515,53.0553,4.4349,497.1290,9.4936,77.3886,1.1212,18.1221,0.9557
2033-12-24,15.1536,0.0092,55.7191,5.1047,499.5607,10.3115,82.4508,1.9486,19.6111,2.9590
2033-12-25,15.0776,0.0076,62.8810,5.4686,501.9786,10.9939,83.6267,2.3072,20.8464,3.7876
2033-12-26,11.4919,8.4192,77.7149,11.0767,466.0988,5.7699,43.4266,0.1117,11.1934,0.0717
2033-12-27,11.0134,0.3601,61.7286,8.2403,467.7853,6.2967,63.5687,0.7515,12.1835,0.5058
2033-12-28,13.2131,0.0627,65.6907,6.1762,469.8676,6.8548,74.1485,1.0005,13.2272,0.7060
2033-12-29,14.7480,0.0191,66.5360,5.1155,472.2263,7.4575,79.4077,1.3860,14.3484,1.1584
2033-12-30,13.7943,0.0000,53.2472,6.6723,474.4132,8.2488,83.4447,2.3937,15.8103,3.2383
2033-12-31,13.8682,0.0000,50.6928,6.6272,476.6135,9.0875,85.2796,3.0585,17.3481,4.5429
2034-01-01,13.7748,0.0002,51.7837,6.0988,478.7970,9.9705,85.8022,3.2028,18.9542,5.0418
2034-01-02,13.1656,0.0320,57.6338,6.6228,480.8708,10.7145,85.8502,3.3106,20.2983,5.4414
2034-01-03,12.8090,0.0000,48.8280,7.1491,482.8804,11.5907,86.2372,3.5896,21.8692,6.1624
2034-01-04,14.0857,0.0000,50.2070,9.5758,485.1198,12.5216,86.3598,4.1273,23.5252,7.3271
2034-01-05,15.1031,0.0000,52.5882,9.8377,487.5424,13.4674,86.4080,4.2106,25.1949,7.7654
2034-01-06,14.4063,0.0000,56.7218,9.9860,489.8395,14.2936,86.4561,4.2712,26.6435,8.1247
2034-01-07,15.2204,0.0000,58.1535,9.8729,492.2832,15.1343,86.5043,4.2760,28.1083,8.3899
2034-01-08,15.6541,0.7214,59.3943,7.6659,494.8049,15.9719,83.6863,2.5976,29.5584,5.4548
2034-01-09,13.7717,4.8980,71.9654,7.5544,478.4650,10.3296,53.3473,0.3485,19.6013,0.3119
2034-01-10,14.7696,0.0475,59.0631,11.1589,480.8275,11.1294,72.6704,1.2053,21.0412,1.4971
2034-01-11,14.6288,0.2444,58.8279,11.5623,483.1647,11.9266,80.7033,2.1961,22.4668,3.7812
2034-01-12,13.7466,0.0081,55.4360,8.1441,485.3431,12.7412,83.7339,2.6777,23.9129,4.8852
2034-01-13,13.6073,0.0295,53.7390,5.4177,487.4964,13.5788,84.9708,2.7577,25.3895,5.2365
2034-01-14,14.0862,0.0000,49.3621,6.0844,489.7359,14.5255,86.0011,3.2909,27.0455,6.4698
2034-01-15,15.1136,0.0000,53.5502,4.2192,492.1604,15.4526,86.0491,3.0160,28.6560,6.1785
2034-01-16,15.1506,0.2703,59.1253,6.8322,494.5915,16.2704,86.0972,3.4638,30.0679,7.2398
2034-01-17,13.8282,2.9489,64.8590,10.7961,488.8809,12.7938,66.2382,0.9524,24.0164,0.9707
2034-01-18,14.0726,0.6513,69.8553,9.8385,491.1180,13.3569,74.3865,1.2175,25.0131,1.8844
2034-01-19,15.4454,0.0354,68.8145,5.7096,493.6022,13.9921,79.3872,1.4252,26.1323,2.4997
2034-01-20,17.3098,0.0155,56.1665,6.2075,496.4219,14.9856,83.6778,2.4109,27.8680,4.8635
2034-01-21,17.6622,0.2989,54.7858,6.7360,499.3051,16.0299,85.4008,3.1273,29.6779,6.5363
2034-01-22,15.3039,0.2455,66.1195,4.2278,501.7638,16.7141,85.4212,2.7639,30.8585,5.9605
2034-01-23,16.1736,0.4955,61.4235,5.7966,504.3791,17.5345,85.4691,3.0112,32.2648,6.6504
2034-01-24,12.2781,3.8402,62.7021,13.4421,493.1912,12.5392,62.4956,0.9277,23.5796,0.9344
2034-01-25,11.0198,5.5077,60.3995,14.5631,473.1782,7.7609,52.6132,0.4599,14.9104,0.3482
2034-01-26,11.8972,0.5573,60.4143,9.3585,475.0237,8.3943,69.5674,0.9888,16.0782,0.7832
2034-01-27,12.5185,8.1467,76.3109,11.7165,443.0161,4.4169,42.8732,0.1051,8.6191,0.0586
2034-01-28,9.6951,0.2910,62.4815,6.6297,444.4652,4.9156,61.5139,0.6250,9.5666,0.3682
2034-01-29,11.3343,0.1963,58.7237,6.8859,446.2094,5.5474,73.9557,1.0274,10.7604,0.6451
2034-01-30,12.5623,10.8925,81.4776,13.2635,404.0297,2.5768,38.4192,0.0497,5.0727,0.0215
2034-01-31,11.9974,7.8860,70.8169,10.4883,378.3495,1.1870,37.6015,0.0365,2.3556,0.0119
2034-02-01,11.4545,0.0206,46.7891,7.8410,380.1153,2.1360,64.0844,0.7536,4.2127,0.3017
2034-02-02,12.6738,0.2677,47.8814,4.9985,382.1006,3.1557,77.1801,1.1353,6.1837,0.5374
2034-02-03,11.9184,1.5260,66.8276,10.6605,383.9499,3.3830,71.7031,1.1334,6.6201,0.5541
2034-02-04,11.4393,0.0168,50.7761,8.8183,385.7129,4.2598,80.3663,1.8435,8.2906,1.0688
2034-02-05,12.4715,10.7629,77.3712,14.6415,349.9321,2.0122,43.1082,0.1268,3.9674,0.0495
2034-02-06,10.3112,6.3356,70.3681,15.8718,333.0904,0.9160,42.1247,0.1139,1.8195,0.0344
2034-02-07,12.4012,6.0800,72.7836,11.5157,318.2872,0.5220,40.7437,0.0713,1.0397,0.0189
2034-02-08,16.0930,1.3302,72.8654,12.3122,320.8880,1.1847,58.7080,0.6988,2.3477,0.2270
2034-02-09,13.6534,4.4035,84.9780,10.4033,312.7130,0.3289,41.8753,0.0828,0.6561,0.0202
2034-02-10,11.2183,2.1661,69.8518,8.7863,314.4363,0.5275,50.7725,0.2801,1.0507,0.0743
2034-02-11,12.3331,0.0000,50.5813,7.2690,316.3603,1.4705,70.7613,0.9250,2.9073,0.3223
2034-02-12,13.1786,0.0000,45.6723,5.8140,318.4364,2.5724,80.8365,1.6684,5.0430,0.7203
2034-02-13,14.9394,0.0000,47.2132,7.9221,320.8295,3.7751,85.0497,3.1627,7.3345,2.6996
2034-02-14,16.1201,0.0000,48.8832,5.0330,323.4351,5.0255,86.3256,3.2670,9.6752,3.3607
2034-02-15,15.9720,0.0005,50.8461,2.8344,326.0141,6.2175,86.5089,3.0011,11.8692,3.4720
2034-02-16,18.8176,0.0000,45.1140,7.4549,329.1053,7.7704,87.6598,4.4623,14.6746,5.9956
2034-02-17,20.5729,0.0000,39.5353,6.9274,332.5124,9.6319,88.9798,5.2508,17.9630,7.8015
2034-02-18,19.4854,0.0000,39.3603,6.7874,335.7237,11.4051,89.1691,5.3574,21.0246,8.6594
2034-02-19,19.1730,0.0013,41.1552,6.3862,338.8789,13.0997,89.2181,5.2873,23.8906,9.1888
2034-02-20,20.2995,0.0000,39.5950,8.6005,342.2368,14.9359,89.2977,5.9793,26.9332,10.8769
2034-02-21,21.2355,0.0000,39.4914,6.6095,345.7632,16.8557,89.4517,5.5294,30.0492,10.8305
2034-02-22,22.4826,0.0000,37.0859,6.0457,349.5141,18.9633,90.0114,5.8237,33.3966,11.9710
2034-02-23,22.3915,0.0000,36.3640,4.9268,353.2485,21.0868,90.2241,5.6746,36.6971,12.3474
2034-02-24,20.4894,0.0000,41.9818,8.2306,356.6406,22.8661,90.2736,6.7501,39.4144,14.7023
2034-02-25,19.2527,0.0000,49.5846,6.2957,359.8101,24.3236,89.2856,5.3144,41.6143,12.5631
2034-02-26,20.1187,0.0007,49.8260,5.8136,363.1355,25.8359,89.0784,5.0349,43.8690,12.3942
2034-02-27,20.3084,0.0009,50.5610,5.8562,366.4950,27.3394,88.9515,4.9547,46.0844,12.5798
2034-02-28,20.1850,0.0016,49.5432,4.5188,369.8323,28.8650,89.0005,4.6645,48.3046,12.3122
2034-03-01,16.5903,4.0882,59.8046,13.8706,362.1230,21.1440,66.7276,1.1314,36.9014,2.5068
2034-03-02,12.5140,1.8636,58.2232,12.5276,364.0796,20.1075,68.5892,1.1245,35.3361,2.3836
2034-03-03,15.5624,0.3754,63.9904,8.9460,366.5848,21.1303,78.1551,1.4982,36.9377,3.5695
2034-03-04,17.3649,0.1558,65.4117,6.3902,369.4145,22.2189,81.9570,1.9568,38.6293,4.9303
2034-03-05,15.2998,0.0217,51.6845,10.2031,371.8724,23.5696,84.9848,3.5164,40.6915,8.8145
2034-03-06,18.6369,0.0362,43.4098,8.9192,374.9311,25.4735,87.5000,4.6955,43.5498,11.6713
2034-03-07,12.7150,1.9435,64.3794,11.3815,376.9238,23.7421,72.8006,1.2253,41.0241,3.0619
2034-03-08,7.3353,16.0609,86.8584,12.2902,321.2462,10.2787,27.1254,0.0028,19.0348,0.0025
2034-03-09,9.6379,7.8829,78.1775,11.8705,300.1593,5.5339,29.2584,0.0051,10.5802,0.0032
2034-03-10,11.0622,11.7392,76.7845,8.6363,268.0024,2.7114,27.5924,0.0027,5.2890,0.0012
2034-03-11,15.3809,0.0015,46.4832,3.5911,270.4749,4.2149,58.4753,0.4430,8.1136,0.2395
2034-03-12,18.4265,0.0002,41.2547,10.9061,273.4957,6.1702,80.4201,2.0599,11.6815,2.0793
2034-03-13,20.1937,0.0029,44.1604,10.5791,276.8345,8.1970,86.6299,4.5104,15.2641,6.1945
2034-03-14,19.9640,0.1892,49.4210,11.4179,280.1321,10.0131,87.3005,5.1759,18.3834,7.8013
2034-03-15,19.6280,0.2424,45.1187,13.0960,283.3691,11.9522,88.0091,6.2334,21.6242,10.0021
2034-03-16,18.8829,0.1014,49.6896,11.5289,286.4720,13.6659,88.0578,5.8005,24.4196,10.0566
2034-03-17,16.4487,0.0287,61.5726,8.8765,289.1368,14.8154,86.8319,4.2599,26.2661,8.0387
2034-03-18,18.9724,0.0092,54.5835,5.0952,292.2558,16.3694,86.8802,3.5451,28.7175,7.1901
2034-03-19,21.2383,0.0000,46.0877,7.4421,295.7827,18.4222,87.9627,4.6571,31.8804,9.7064
2034-03-20,21.7978,0.0000,43.7342,12.8300,299.4103,20.6184,88.6503,6.7430,35.1802,13.8248
2034-03-21,21.5367,0.0021,41.5293,14.1248,302.9909,22.8746,89.0738,7.6487,38.4854,15.9691
2034-03-22,20.6818,0.0000,41.3421,14.7369,306.4177,25.0525,89.1228,7.9441,41.6017,17.1130
2034-03-23,21.4484,0.0964,37.4580,16.3585,309.9824,27.4563,89.7839,9.4781,44.9575,20.2765
2034-03-24,20.6602,0.6891,42.9503,13.3768,313.4052,29.5725,88.0062,6.3196,47.8559,15.5161
2034-03-25,19.4831,0.0569,51.5187,7.0653,316.6162,31.2735,88.0549,4.6302,50.1605,12.5046
2034-03-26,20.7037,0.1253,49.6791,7.1570,320.0468,33.1437,88.1036,4.6842,52.6552,12.9716
2034-03-27,22.2190,0.0023,41.4707,6.5668,323.7503,35.4702,89.0328,5.1956,55.6876,14.5109
2034-03-28,24.5046,0.0000,35.1626,5.1529,327.8651,38.3001,90.5212,5.9887,59.2862,16.7300
2034-03-29,24.8867,0.0000,33.0145,6.5451,332.0487,41.2674,91.2177,7.0948,62.9698,19.5816
2034-03-30,25.3211,0.0000,29.0122,6.8839,336.3105,44.4645,92.0905,8.1677,66.8372,22.3549
2034-03-31,25.6799,0.0000,24.3250,8.4405,340.6369,47.9190,93.1527,10.2570,70.9025,27.0164
2034-04-01,23.7985,0.0878,32.6626,10.1917,345.8746,51.9836,92.8379,10.7200,75.5718,28.7537
2034-04-02,15.6196,1.5861,46.7128,17.0375,349.6401,52.2042,81.9473,3.3423,76.0290,12.2681
2034-04-03,13.7749,0.1110,38.7011,10.7937,353.0736,54.4147,86.5099,4.4826,78.5606,15.7080
2034-04-04,17.0123,0.0000,32.8083,8.4570,357.0898,57.3651,89.1862,5.8420,81.8557,19.5515
2034-04-05,19.4164,0.0000,33.7840,7.3648,361.5388,60.6586,90.0375,6.2472,85.4679,21.0065
2034-04-06,22.0722,0.0070,27.3019,8.4241,366.4658,64.7426,91.7054,8.3586,89.8162,26.4580
2034-04-07,24.9370,0.0281,34.8649,14.1305,371.9085,68.8540,91.7553,11.2225,94.1373,33.0617
2034-04-08,21.1073,0.0797,43.2753,4.8122,376.6618,71.9080,90.7449,6.0779,97.3524,22.0433
2034-04-09,26.0788,0.1470,29.7865,6.5301,382.3099,76.5343,91.9947,7.9155,102.0136,27.1298
2034-04-10,21.1933,0.5723,45.5591,13.6405,387.0787,79.4766,89.9422,8.4546,105.0368,28.7697
2034-04-11,17.9210,5.8792,61.1886,17.1718,372.9809,50.5707,64.5584,1.2305,75.5371,5.0171
2034-04-12,18.3710,2.1549,55.0241,14.1424,377.2417,46.6533,71.8379,1.3574,71.2714,5.3042
2034-04-13,16.7095,0.5381,56.4717,10.5503,381.2034,48.5327,81.0094,2.1596,73.6300,8.3559
2034-04-14,17.9666,4.6360,70.0610,9.8565,372.4425,34.2652,58.9999,0.6301,55.7157,1.5463
2034-04-15,18.5023,2.4125,78.9198,10.6337,376.7269,29.9503,58.2984,0.6238,49.9690,1.2489
2034-04-16,21.6236,0.7121,62.7407,8.5266,381.5731,32.0029,75.4415,1.2071,52.9114,3.7236
2034-04-17,25.2615,0.1232,48.6129,4.0288,387.0742,35.2869,85.3084,2.6938,57.4749,8.6545
2034-04-18,25.4789,0.3240,50.2564,7.2837,392.6144,38.4922,87.6715,4.4313,61.8298,13.6013
2034-04-19,29.7547,0.1588,36.6882,6.1473,398.9243,43.2280,90.9678,6.7109,68.0272,19.5923
2034-04-20,26.2168,0.6207,46.2207,16.6679,404.5973,46.7896,88.9275,8.5138,72.5919,24.0250
2034-04-21,17.5476,3.1533,54.8225,17.2830,401.4832,38.4238,73.1254,1.6719,62.0108,5.8892
2034-04-22,17.6399,2.6319,63.9262,14.5947,405.6124,33.2968,68.7740,1.2553,55.2540,4.0280
2034-04-23,20.6777,0.0332,45.5323,9.7132,410.2884,36.1724,83.4675,2.7984,59.2792,9.1168
2034-04-24,24.5679,0.0000,36.3858,6.2606,415.6646,40.1310,89.2941,5.3115,64.6561,16.0277
2034-04-25,27.0228,0.0714,34.2731,6.3765,421.4827,44.6122,91.1422,6.9595,70.5546,20.5089
2034-04-26,25.3243,7.9949,36.6259,9.4302,397.7917,28.6605,74.4255,1.1951,48.5721,3.4302
2034-04-27,21.5644,8.4143,56.9240,13.7168,373.3215,17.2398,63.2224,0.9745,30.9110,1.6246
2034-04-28,19.8584,4.7027,59.1842,9.0608,364.8812,12.9210,60.8827,0.6817,23.7403,0.6896
2034-04-29,22.6186,0.6049,57.0344,6.5852,369.9066,15.3916,78.2641,1.3427,27.8828,2.4422
2034-04-30,20.8454,0.1088,61.0878,9.9078,374.6128,17.4618,83.5638,2.8618,31.2787,6.2160
2034-05-01,18.1099,1.3074,56.8046,13.6851,380.2765,19.6464,80.2815,2.3345,34.7982,5.4756
2034-05-02,17.8748,0.2211,44.1773,8.6985,385.8980,22.4349,85.9645,3.7350,39.1760,9.0750
2034-05-03,18.0567,1.0193,45.2523,10.8004,391.5522,25.1960,84.2531,3.2806,43.4088,8.6322
2034-05-04,17.9375,0.1441,42.6305,10.4261,397.1849,28.0713,87.3467,4.9562,47.7124,12.8305
2034-05-05,18.8082,0.1858,46.2011,10.4424,402.9744,30.8910,87.7483,5.2533,51.8461,14.0663
2034-05-06,24.7138,0.0273,32.2704,5.6402,409.8269,35.4938,90.8097,6.3957,58.3532,17.4216
2034-05-07,24.9504,0.8872,33.9916,11.9784,416.7220,40.0208,89.7017,7.5119,64.5449,20.6757
2034-05-08,16.1348,4.9532,67.4604,17.1665,406.4843,27.6878,62.5225,1.1208,47.3179,3.1049
2034-05-09,15.3511,5.1453,66.3929,13.7781,395.6571,18.8888,54.9168,0.5546,33.7496,0.7092
2034-05-10,13.1526,9.0476,86.8082,9.5289,368.6947,10.0765,29.9233,0.0055,18.8641,0.0048
2034-05-11,17.6855,5.9890,66.0211,9.7873,356.3764,7.1010,45.4809,0.1450,13.5280,0.1036
2034-05-12,17.6219,0.7761,66.1718,9.8202,361.9524,8.7683,66.6743,0.9208,16.5352,0.7419
2034-05-13,18.5687,0.3373,63.4095,6.4832,367.6988,10.6630,77.9862,1.3046,19.8844,1.6358
2034-05-14,22.4482,0.6024,50.2346,4.7103,374.1435,13.7482,84.4429,2.4762,25.1829,4.6659
2034-05-15,24.9444,1.3201,43.9493,8.3494,381.0374,17.5914,84.7593,3.1054,31.5422,6.7465
2034-05-16,24.7696,1.4227,45.7873,6.2917,387.9000,21.2836,83.4815,2.3595,37.4325,5.8113
2034-05-17,26.1050,0.1295,43.3037,5.0311,395.0029,25.3442,88.3973,4.3894,43.6817,11.0687
2034-05-18,27.6907,0.2883,39.0586,8.6589,402.3912,29.9634,90.3470,6.9701,50.5217,17.1960
2034-05-19,29.5261,0.0032,26.9044,11.7793,410.1099,35.8569,93.1289,12.0959,58.8503,27.5613
2034-05-20,29.4998,0.0000,25.7409,9.5810,417.8239,41.8392,93.5997,11.5628,66.9245,28.4892
2034-05-21,30.3163,0.1170,29.9175,11.3057,425.6848,47.6356,93.6502,12.7016,74.4446,32.0010
2034-05-22,25.7616,0.1381,46.7329,8.9929,432.7259,51.4025,91.0719,7.8612,79.2656,23.7759
2034-05-23,23.5286,0.1128,49.9447,11.0540,439.3650,54.6480,89.8345,7.3078,83.3717,23.1800
2034-05-24,22.6203,1.7413,46.1158,14.7400,445.8407,54.5853,83.3986,3.5728,83.5864,13.6626
2034-05-25,19.3264,4.5063,64.6592,12.5262,437.1685,39.2067,64.5774,0.9745,64.0523,3.4104
2034-05-26,23.8499,0.0144,39.8588,11.9844,443.8655,43.1571,85.1718,3.9470,69.4360,13.2744
2034-05-27,22.1041,0.0000,24.5706,12.6452,450.2482,47.7649,91.4929,10.0328,75.5049,27.4689
2034-05-28,24.5945,0.0000,20.9756,8.7031,457.0792,53.1105,93.5603,11.0020,82.3107,30.5326
2034-05-29,27.8204,0.0005,19.0574,6.6459,464.4909,59.2733,94.7173,11.6405,89.8745,33.1249
2034-05-30,27.1431,0.0016,25.9538,11.8135,471.7807,64.7790,94.6529,14.9696,96.4498,40.3933
2034-05-31,26.4718,0.0000,31.5376,10.4625,478.9496,69.7484,93.6921,12.2443,102.2652,36.3996
2034-06-01,24.5346,0.0002,37.0303,10.9995,486.7698,73.9981,92.3955,10.4920,107.2400,33.5766
2034-06-02,24.6864,0.0022,32.0145,12.2955,494.6174,78.6134,92.4457,11.2794,112.5183,35.9566
2034-06-03,21.9589,1.2018,38.7123,16.2595,501.9740,82.3340,87.2784,6.5853,116.7815,25.3956
2034-06-04,20.5222,1.3383,43.0800,16.7021,509.0720,85.5741,84.6564,4.6646,120.5060,20.1573
2034-06-05,19.4233,1.1531,52.9709,13.7153,515.9722,88.1151,82.5925,3.0608,123.5024,14.8890
2034-06-06,21.8002,0.9625,46.3782,13.2232,523.3002,91.3479,85.0396,4.1254,127.1898,18.8526
2034-06-07,23.2103,0.0006,32.7817,9.6113,530.8821,95.6499,90.0781,7.0367,131.8919,27.8871
2034-06-08,28.4384,0.0000,23.8697,6.2660,539.4050,101.5701,93.4130,9.5327,138.1201,34.7412
2034-06-09,32.1821,0.0000,23.3498,6.9557,548.6017,108.2863,94.5193,11.5059,145.0135,39.8773
2034-06-10,31.9790,0.0001,30.6776,12.1074,557.7620,114.3232,94.5245,14.9269,151.1793,47.6314
2034-06-11,28.4869,0.0088,35.2473,12.7939,566.2936,119.3670,93.2950,13.0294,156.3453,44.0682
2034-06-12,31.6162,0.0008,16.6197,7.7670,575.3885,126.5486,95.8259,14.3298,163.3054,47.2843
2034-06-13,33.8777,0.0000,18.5154,6.9485,584.8905,134.0520,95.9650,14.0125,170.4435,47.0362
2034-06-14,36.6483,0.0000,22.5600,6.0857,594.8912,141.7479,96.0163,13.5099,177.6636,46.3184
2034-06-15,35.3521,0.0005,23.4143,12.4464,604.6586,149.0975,96.0677,18.7441,184.4749,57.1703
2034-06-16,32.9515,0.0054,26.2457,10.7719,613.9938,155.7093,95.6635,16.3089,190.5864,52.7074
2034-06-17,33.4429,0.1977,33.2727,9.9062,623.4176,161.7775,94.4842,13.2858,196.2423,46.5308
2034-06-18,35.5169,0.0234,28.6419,8.5864,633.2146,168.6564,94.5351,12.5184,202.4840,44.9809
2034-06-19,36.3597,0.0000,21.1330,9.4954,643.1634,176.4341,95.7462,15.4657,209.3172,51.5737
2034-06-20,37.1136,0.0000,18.0478,12.6102,653.2478,184.6788,96.5719,20.2286,216.4072,61.0511
2034-06-21,32.5332,0.0725,34.3125,14.0461,662.5078,190.4951,94.2564,15.8611,221.6553,52.6675
2034-06-22,29.4596,0.0427,32.9304,13.4029,671.2145,195.8910,93.7518,14.3181,226.5142,49.4908
2034-06-23,30.9294,0.0000,26.3712,11.2511,680.1858,202.0996,93.8024,12.9374,231.9238,46.5074
2034-06-24,29.7659,0.0000,30.1214,13.9144,688.9477,207.7779,93.8530,14.8999,236.9232,50.8979
2034-06-25,30.6789,0.0000,29.6413,11.7230,697.8739,213.6643,93.9036,13.4363,242.0561,47.7611
2034-06-26,30.2102,0.0000,24.0814,11.7651,706.7157,219.9222,94.1111,13.8575,247.3854,48.7561
2034-06-27,33.5591,0.0000,18.7548,8.6164,716.1604,227.3355,95.7554,14.8142,253.4975,50.8998
2034-06-28,38.4982,0.0000,12.3857,6.7878,726.4940,236.4692,97.9404,18.1024,260.7540,57.6991
2034-06-29,36.7450,0.0000,21.4557,16.5619,736.5121,244.2948,97.2881,27.1680,267.1014,73.8079
2034-06-30,35.8244,0.0000,19.1857,18.2434,746.3645,252.1507,97.3398,29.7749,273.3939,77.9847
2034-07-01,36.1952,0.0000,17.7409,17.6161,756.5837,259.3558,97.3916,29.0478,279.3283,76.8997
2034-07-02,37.3642,0.0000,15.4141,14.6747,767.0132,266.9969,97.4434,25.2195,285.5202,70.7383
2034-07-03,38.7311,0.0000,11.9570,10.6385,777.6888,275.2329,98.1318,22.5412,292.0587,66.1593
2034-07-04,38.9322,0.0011,11.4638,10.5523,788.4006,283.5569,98.2781,22.8797,298.6142,66.7859
2034-07-05,39.9816,0.0238,13.4305,11.2815,799.3013,291.9094,98.3302,23.8993,305.1827,68.5863
2034-07-06,40.0623,0.0000,13.0462,11.3620,810.2165,300.3154,98.3823,24.1612,311.7485,69.0591
2034-07-07,38.7507,0.0000,12.2632,8.0361,820.8956,308.5268,98.4344,20.5735,318.1338,62.6901
2034-07-08,38.5473,0.0000,12.1445,8.0785,831.5382,316.7074,98.4865,20.7590,324.4665,63.0477
2034-07-09,38.8811,0.0000,10.6671,7.4680,842.2408,325.0956,98.5387,20.2683,330.8908,62.1508
2034-07-10,38.6183,0.0000,10.5213,9.1932,852.8961,333.4423,98.5909,22.2608,337.2562,65.7958
2034-07-11,36.7309,0.0000,19.0175,11.4262,863.2116,340.6374,97.8470,22.5884,342.9453,66.3874
2034-07-12,33.1340,0.0000,32.3228,14.3602,872.8797,346.0787,94.8419,17.4671,347.6085,56.7684
2034-07-13,33.8943,0.0000,24.7923,10.9310,882.6847,352.2597,94.8928,14.7983,352.6663,51.2285
2034-07-14,38.5935,0.0000,16.2512,7.1655,893.3355,360.0670,97.1342,16.5774,360.0215,54.9790
2034-07-15,38.7886,0.0000,18.3097,9.5310,904.0215,367.7198,97.1859,18.8052,367.6163,59.4187
2034-07-16,39.4742,0.0000,15.6640,8.8216,914.8309,375.7563,97.4810,18.8718,375.5870,59.5530
2034-07-17,40.4467,0.0000,12.7630,7.2498,925.8153,384.2684,98.2129,19.2066,384.0238,60.2016
2034-07-18,40.4503,0.0000,13.2919,9.4823,936.8003,392.7297,98.2649,21.6413,392.4081,64.7354
2034-07-19,37.6060,0.0000,17.8255,13.1033,947.2734,400.1996,98.0855,25.3667,399.8137,71.2251
2034-07-20,35.9784,0.0000,19.7629,11.8789,957.4535,407.1867,97.5263,22.1479,406.7421,65.6528
2034-07-21,37.2229,0.0000,15.1971,8.6704,967.8576,414.8193,97.5781,18.9717,414.3033,59.7620
2034-07-22,38.1595,0.0000,15.6331,9.2562,978.4303,422.5982,97.6300,19.6749,422.0074,61.1066
2034-07-23,37.7165,0.0000,16.2391,8.0574,988.9233,430.2341,97.6818,18.6494,429.5688,59.1423
2034-07-24,39.9576,0.0000,12.5556,6.2776,999.8197,438.6660,98.1885,18.2298,437.9107,58.3247
2034-07-25,41.2874,0.0000,14.9894,8.2258,1010.9554,447.1288,98.2405,20.2484,446.2824,62.1893
2034-07-26,41.3780,0.0000,14.5642,8.6482,1022.1074,455.6520,98.2926,20.8262,454.7110,63.2623
2034-07-27,40.5219,0.0000,12.6151,8.9083,1033.1054,464.1940,98.3447,21.2460,463.1542,64.0333
2034-07-28,39.9317,0.0000,14.6612,9.2460,1043.9971,472.4177,98.3968,21.7591,471.2831,64.9653
2034-07-29,40.2672,0.0000,14.7024,7.8449,1054.9492,480.7047,98.4489,20.4151,479.4720,62.5031
2034-07-30,41.1425,0.0000,10.9843,8.9362,1066.0588,489.5358,98.6757,22.2197,488.1913,65.7940
2034-07-31,38.6495,0.0000,13.5063,12.2596,1076.7197,497.6104,98.7279,26.4506,496.1658,73.0422
2034-08-01,33.3558,0.0000,29.8488,14.3274,1085.7278,502.6004,95.4384,18.9203,501.1156,59.6730
2034-08-02,34.9356,0.0000,26.4650,9.5691,1095.0202,508.0710,95.4895,14.9907,506.5360,51.6839
2034-08-03,39.9515,0.0000,17.2594,6.8759,1105.2154,515.0832,97.1694,16.4142,513.4669,54.6796
2034-08-04,36.9382,0.0010,25.2747,10.8415,1114.8683,520.9512,96.5630,18.4817,519.2766,58.8231
2034-08-05,37.4650,0.0000,17.7161,9.3525,1124.6160,527.5023,96.7245,17.5217,525.7518,56.9278
2034-08-06,37.4905,0.0002,16.0372,8.8505,1134.3683,534.1915,97.0848,17.9278,532.3604,57.7355
2034-08-07,37.3017,0.0000,15.8892,9.5550,1144.0866,540.8597,97.1365,18.7043,538.9470,59.2562
2034-08-08,36.6245,0.0000,20.4298,10.9947,1153.6830,547.0567,97.1882,20.2508,545.0728,62.1989
2034-08-09,36.6754,0.0000,16.6516,10.5719,1163.2886,553.5567,97.2399,19.9611,551.4925,61.6561
2034-08-10,35.1741,0.0000,20.4918,9.0708,1172.6240,559.5108,97.1416,18.2661,557.3776,58.4021
2034-08-11,37.0331,0.0000,23.1113,7.2827,1182.2939,565.5638,96.9529,16.2765,563.3615,54.3962
2034-08-12,38.7853,0.0000,16.0989,8.5386,1192.2793,572.4724,97.2784,18.1100,570.1792,58.0955
2034-08-13,39.1744,0.0000,12.8472,7.4041,1202.3347,579.7187,98.0068,18.8378,577.3245,59.5151
2034-08-14,38.4719,0.0000,15.4619,8.2456,1212.2636,586.6250,98.0588,19.7890,584.1369,61.3320
2034-08-15,36.8130,0.0000,23.6689,9.8399,1221.8940,592.5994,96.9728,18.5646,590.0403,58.9853
2034-08-16,38.1312,0.0000,16.4562,7.0086,1231.7616,599.3657,97.1048,16.3825,596.7139,54.6153
2034-08-17,40.5325,0.0019,14.3956,5.1109,1242.0614,606.7233,97.8886,16.5221,603.9647,54.9028
2034-08-18,39.7004,0.0059,21.8922,9.2870,1252.2115,613.3024,97.6495,19.7566,610.4575,61.2708
2034-08-19,38.3246,0.0032,25.9682,10.8057,1262.1139,619.3279,96.7040,18.8010,616.4099,59.4440
2034-08-20,38.9774,0.1570,21.6230,10.0724,1272.1339,625.8126,96.7555,18.2447,622.8080,58.3604
2034-08-21,38.2240,0.0032,22.3266,8.0835,1282.0182,632.1184,96.8071,16.6193,629.0303,55.1023
2034-08-22,38.3272,0.0000,19.7625,6.0025,1291.9211,638.6494,96.8587,15.0687,635.4700,51.8525
2034-08-23,39.7988,0.0000,13.6662,8.2276,1302.0889,645.9389,97.9225,19.4188,642.6462,60.6299
2034-08-24,40.0087,0.0000,9.5377,8.9577,1312.2944,653.6162,98.7820,22.5555,650.1966,66.3942
2034-08-25,40.6855,0.0000,8.9461,7.6761,1322.6218,661.4709,98.9954,21.7422,657.9185,64.9381
2034-08-26,39.9664,0.0000,11.8356,8.5142,1332.8198,668.9455,99.0478,22.8352,665.2694,66.8891
2034-08-27,39.5327,0.0118,16.6154,7.2267,1342.9397,675.9402,98.7006,20.4525,672.1540,62.5753
2034-08-28,37.0456,0.0102,21.9061,7.3253,1352.6119,682.0901,97.4633,17.4602,678.2156,56.8057
2034-08-29,33.7626,0.0000,26.3815,11.7739,1361.6931,687.3885,95.9799,17.9056,683.4466,57.6924
2034-08-30,31.8406,0.0000,31.1111,10.9105,1370.4284,692.0733,94.6782,14.3536,688.0801,50.3017
2034-08-31,34.3072,0.0091,22.4650,6.4212,1379.6077,697.7409,95.1375,12.1919,693.6679,45.3829
2034-09-01,32.2323,0.9995,34.3341,10.4110,1387.1135,701.6377,91.4560,8.9176,697.5245,37.0997
2034-09-02,31.8832,0.0000,26.6936,8.5859,1394.5565,705.9424,93.6504,11.0751,701.7740,42.6856
2034-09-03,35.6307,0.0116,17.5642,5.3800,1402.6740,711.3332,96.2896,13.5282,707.0799,48.4665
2034-09-04,35.5299,0.0000,25.5554,12.6994,1410.7734,716.1881,96.1764,19.2656,711.8678,60.3376
2034-09-05,36.4233,0.0000,20.1456,13.3584,1419.0336,721.5227,96.2278,20.0547,717.1202,61.8324
2034-09-06,36.7340,0.0000,20.5654,14.3821,1427.3498,726.8733,96.2792,21.2633,722.3881,64.0688
2034-09-07,37.7904,0.0000,22.7728,11.0076,1435.8560,732.2204,96.3306,18.0632,727.6546,58.0037
2034-09-08,37.7285,0.0000,25.1635,9.0226,1444.3512,737.3938,96.3821,16.4576,732.7528,54.7701
2034-09-09,37.2237,0.2122,24.4844,8.2565,1452.7554,742.5462,96.4335,15.9444,737.8291,53.7060
2034-09-10,35.5374,0.1256,22.5004,8.4998,1460.8562,747.6013,96.4850,16.2534,742.8073,54.3485
2034-09-11,34.2998,0.0000,19.3609,7.7738,1468.7341,752.6836,96.5365,15.7784,747.8080,53.3584
2034-09-12,34.8313,0.0000,18.3049,5.8715,1476.7077,757.9096,96.5880,14.4358,752.9481,50.4816
2034-09-13,34.4904,0.0000,22.6854,7.5660,1484.6200,762.8086,96.5635,15.6709,757.7718,53.1322
2034-09-14,34.7867,0.0000,20.6287,7.0733,1492.5856,767.8797,96.6150,15.3928,762.7615,52.5441
2034-09-15,34.6759,0.0000,17.3617,8.0071,1500.5313,773.1433,96.6666,16.2464,767.9357,54.3340
2034-09-16,34.9911,0.0000,18.2640,6.4263,1508.5337,778.3952,96.7181,15.1067,773.0988,51.9338
2034-09-17,33.7882,0.0000,26.4740,7.3739,1516.3196,782.9622,95.8872,14.1659,777.5994,49.8888
2034-09-18,33.8339,0.3258,29.2279,7.6565,1524.1137,787.3639,95.2737,13.2187,781.9408,47.7654
2034-09-19,31.9555,0.1127,35.6993,9.0019,1531.5696,791.1480,93.8311,11.5973,785.6833,43.9615
2034-09-20,31.2920,0.0004,26.5433,7.4729,1538.9062,795.3842,93.8817,10.8131,789.8588,42.0350
2034-09-21,32.7334,0.0000,18.9292,5.1206,1546.5022,800.2676,95.5399,12.0628,794.6598,45.0772
2034-09-22,32.7816,0.0000,20.3056,8.9871,1554.1069,805.0748,95.5911,14.7601,799.3873,51.1875
2034-09-23,30.1913,0.0000,23.5087,9.3413,1561.2453,809.3362,95.6385,15.1232,803.5831,51.9692
2034-09-24,32.0561,0.0000,20.7842,5.2865,1568.7194,814.0123,95.6897,12.4145,808.1819,45.9069
2034-09-25,31.1861,0.0032,33.2442,9.3336,1576.0369,817.8494,94.2071,12.4235,811.9722,45.9281
2034-09-26,30.1442,0.0000,30.2077,11.0915,1583.1669,821.7317,94.2579,13.6697,815.8029,48.7848
2034-09-27,29.2518,0.0000,33.2734,7.4864,1590.1362,825.3374,93.7032,10.5555,819.3656,41.3886
2034-09-28,30.1931,0.0035,31.2037,7.0424,1597.2750,829.1703,93.7538,10.3948,823.1486,40.9816
2034-09-29,29.5685,0.0057,29.3921,10.5926,1604.3013,833.0255,93.8044,12.5187,826.9514,46.1509
2034-09-30,29.0008,0.0032,32.9347,12.3068,1611.2255,836.6196,93.6118,13.2877,830.5017,47.9222
2034-10-01,28.9723,0.0320,40.0576,13.3610,1617.1445,839.3509,92.4303,11.8758,833.2092,44.6314
2034-10-02,27.9591,1.0147,51.8113,11.1768,1622.8811,841.4726,87.0165,4.9107,835.3289,24.8012
2034-10-03,29.2427,0.4671,51.8888,7.0316,1628.8488,843.6846,88.3421,4.8167,837.5384,24.4689
2034-10-04,31.7043,0.0052,41.7774,6.0457,1635.2596,846.5785,90.5288,6.2711,840.4091,29.3448
2034-10-05,31.3356,0.0412,39.0646,7.3759,1641.6040,849.5733,91.1952,7.3744,843.3755,32.7244
2034-10-06,28.4908,0.6874,47.2869,8.2546,1647.4363,851.9367,88.8361,5.4993,845.7286,26.8257
2034-10-07,26.4930,0.1457,45.3137,8.8825,1652.9091,854.2231,89.2302,6.0064,848.0024,28.4968
2034-10-08,25.8992,0.0000,34.6534,6.9868,1658.2749,856.8964,90.8915,6.9250,850.6460,31.3765
2034-10-09,26.9985,0.0000,29.8264,6.3031,1663.8386,859.8840,92.1535,8.0030,853.5941,34.5513
2034-10-10,28.2785,0.0000,28.0159,6.2416,1669.6328,863.0883,92.8565,8.8080,856.7533,36.8007
2034-10-11,28.6018,0.0000,31.0004,4.4063,1675.4851,866.1936,92.9068,8.0869,859.8182,34.7901
2034-10-12,30.4043,0.0000,26.7779,6.7739,1681.6619,869.6889,93.5120,9.9158,863.2619,39.7516
2034-10-13,27.1412,0.0000,37.0140,14.1950,1687.2513,872.3841,92.6525,12.7788,865.9294,46.7555
2034-10-14,28.1435,0.0000,33.5586,9.6125,1693.0211,875.3281,92.7027,10.2158,868.8381,40.5250
2034-10-15,29.2910,0.0000,27.7429,7.8257,1698.9975,878.6554,93.1355,9.9202,872.1174,39.7630
2034-10-16,29.1924,0.0000,21.8528,7.9788,1704.9561,882.2423,94.3194,11.7851,875.6452,44.4140
2034-10-17,28.6925,0.0666,25.1417,6.7697,1710.8248,885.6215,94.3702,11.1665,878.9723,42.9109
2034-10-18,28.8130,0.0115,27.7485,4.7635,1716.7151,888.8963,94.4210,10.1639,882.1994,40.3919
2034-10-19,28.9523,0.1123,29.2431,7.2924,1722.6305,892.1182,94.3186,11.3831,885.3762,43.4414
2034-10-20,27.8793,0.3160,33.0325,7.7441,1728.3528,895.0587,93.5805,10.5124,888.2802,41.2797
2034-10-21,24.2755,1.2397,54.4399,6.6076,1733.4264,896.8105,84.3754,2.6999,890.0352,16.0746
2034-10-22,27.1802,0.0007,42.7538,3.8869,1739.0229,899.2635,88.8104,4.3966,892.4700,22.9481
2034-10-23,27.9696,0.0414,29.6923,7.4821,1744.7614,902.3603,92.0783,8.4032,895.5239,35.6813
2034-10-24,26.3023,0.0007,33.3826,9.9246,1750.1998,905.1262,92.1283,9.5711,898.2562,38.8501
2034-10-25,25.2456,0.0000,36.5931,10.5720,1755.4480,907.6574,92.1784,9.9587,900.7606,39.8628
2034-10-26,26.4773,0.0000,36.4129,8.7476,1760.9179,910.3144,92.2285,9.1484,903.3888,37.7242
2034-10-27,28.0016,0.0000,34.5512,7.2882,1766.6622,913.2003,92.2786,8.5601,906.2405,36.1180
2034-10-28,27.6362,0.0073,33.9584,6.0107,1772.3407,916.0758,92.3287,8.0833,909.0811,34.7801
2034-10-29,27.3361,0.0725,33.5639,5.6575,1777.9652,918.9383,92.3788,7.9970,911.9083,34.5342
2034-10-30,25.3023,0.3150,41.5935,4.3148,1783.2236,921.2749,91.5994,6.6940,914.2262,30.6685
2034-10-31,23.7127,0.0030,42.6426,6.2867,1788.1959,923.4313,91.0481,6.8359,916.3673,31.1047
2034-11-01,23.1907,0.0107,34.7857,4.9442,1792.0742,925.5315,91.0978,6.4341,918.4377,29.8597
2034-11-02,24.8384,0.0008,28.6421,4.8600,1796.2492,927.9854,92.0459,7.3294,920.8513,32.5912
2034-11-03,24.6229,0.0000,38.0667,8.0593,1800.3853,930.0976,91.8963,8.4314,922.9370,35.7600
2034-11-04,22.8394,0.0000,39.2667,7.6845,1804.2004,932.0252,91.4746,7.7934,924.8411,33.9495
2034-11-05,22.4164,0.0000,34.0961,7.4648,1807.9393,934.0799,91.5244,7.7624,926.8656,33.8598
2034-11-06,22.1954,0.0000,38.8297,6.8730,1811.6385,935.9692,91.3598,7.3601,928.7311,32.6823
2034-11-07,22.2418,0.0000,43.1041,4.8179,1815.3460,937.7299,90.7698,6.1013,930.4737,28.8025
2034-11-08,23.0840,0.0000,37.6852,4.9367,1819.2051,939.7279,90.8194,6.1815,932.4457,29.0595
2034-11-09,20.4344,0.0000,42.5025,6.6800,1822.5873,941.3695,90.4741,6.4244,934.0691,29.8290
2034-11-10,20.7282,0.0016,44.7788,3.9834,1826.0224,942.9676,90.1352,5.3427,935.6518,26.2963
2034-11-11,21.6678,0.0000,41.6339,4.8614,1829.6266,944.7294,90.1846,5.6240,937.3937,27.2424
2034-11-12,19.4705,0.0144,49.2317,6.6332,1832.8353,946.1140,89.3238,5.4354,938.7685,26.6104
2034-11-13,19.1152,0.0228,46.7063,5.3779,1835.9801,947.5423,89.3570,5.1265,940.1841,25.5549
2034-11-14,22.3322,1.8005,46.4679,12.3062,1839.7039,164.4175,82.5032,2.8193,268.7813,16.4958
2034-11-15,16.2816,3.0150,59.4979,12.6809,1653.5974,101.3749,68.9341,1.1457,175.8052,7.4987
2034-11-16,13.3011,0.5120,59.2198,7.1433,1655.6956,102.1535,78.0510,1.3560,177.0048,8.7151
2034-11-17,13.6451,0.0100,49.6678,5.5857,1657.8557,103.1375,83.2692,2.2150,178.5113,13.0830
2034-11-18,14.4873,0.0000,44.1680,6.0541,1660.1674,104.2913,86.1023,3.3330,180.2711,17.9026
2034-11-19,16.0358,0.0000,39.3441,7.2318,1662.7579,105.6693,87.9272,4.5845,182.3650,22.5996
2034-11-20,17.7503,0.0000,39.5057,7.3514,1665.6569,107.1811,88.6563,5.1207,184.6567,24.4842
2034-11-21,18.3717,1.3707,47.2823,6.0020,1668.6678,108.5421,81.7282,1.8669,186.7201,11.5195
2034-11-22,17.9424,2.8768,67.3887,8.0726,1549.6133,80.9855,66.2578,0.8308,143.2542,5.1419
2034-11-23,17.0947,0.0503,62.5924,5.6410,1552.3944,81.8878,77.2597,1.1797,144.6943,7.2182
2034-11-24,19.6737,0.1462,64.8435,4.8674,1555.6396,82.8561,81.9795,1.8172,146.2398,10.5324
2034-11-25,22.2964,0.0000,52.2663,11.7016,1559.3570,84.3368,86.2290,4.5099,148.5834,21.2532
2034-11-26,21.8103,0.0000,54.4480,8.4100,1562.9869,85.7204,86.7641,4.1210,150.7689,20.0043
2034-11-27,21.5426,0.0007,57.5255,8.8724,1566.5685,86.9954,86.8124,4.2472,152.7802,20.5253
2034-11-28,21.1585,0.0235,55.9615,6.8936,1570.0811,88.2950,86.8607,3.8706,154.8235,19.2620
2034-11-29,19.2693,0.0285,59.0575,3.5805,1573.2535,89.4007,86.9090,3.2981,156.5600,17.1718
2034-11-30,22.4059,0.0000,41.1822,6.8805,1576.9906,91.2337,88.8474,5.1397,159.4114,23.7849
2034-12-01,21.9190,0.0000,42.3891,6.4561,1580.6400,92.7408,89.0240,5.1602,161.7549,23.9395
2034-12-02,20.7901,0.0000,45.0090,5.0296,1584.0862,94.1087,89.0731,4.8362,163.8779,22.9440
2034-12-03,20.0977,0.0003,44.3215,6.0256,1587.4078,95.4499,89.1221,5.1210,165.9532,23.9596
2034-12-04,20.4283,0.0661,49.5330,8.3022,1590.7889,96.6846,89.1045,5.7290,167.8633,25.9762
2034-12-05,17.6172,0.0683,64.9306,6.0153,1593.6640,97.4305,86.8129,3.6780,169.0269,18.9835
2034-12-06,17.4115,0.1883,69.8339,8.5843,1596.5021,98.0651,85.4882,3.4745,170.0213,18.2313
2034-12-07,19.0780,0.1915,66.2019,9.3629,1599.6401,98.8401,85.5360,3.6377,171.2299,18.8869
2034-12-08,19.8213,3.6494,61.2913,13.4389,1448.2086,69.5221,69.4832,1.2112,124.1450,6.8829
2034-12-09,17.6514,2.6675,71.1408,7.9869,1451.0898,56.9805,62.3097,0.6981,103.7736,3.4823
2034-12-10,17.8015,31.6543,79.8801,18.3717,762.7633,21.9033,39.6933,0.0826,40.8724,0.1206
2034-12-11,14.5582,1.0885,57.7980,11.0886,765.0878,22.6542,63.2205,0.8536,42.1857,1.8829
2034-12-12,15.2709,0.2797,67.4898,7.6788,767.5406,23.2590,74.6900,1.1092,43.2421,2.8286
2034-12-13,16.9707,0.1659,75.9677,6.5706,770.2993,23.7526,78.7096,1.3959,44.1051,3.7918
2034-12-14,18.6960,0.5297,72.9631,5.8863,773.3686,24.3608,80.9835,1.7023,45.1649,4.7810
2034-12-15,19.5277,0.4909,67.7293,8.9935,776.5876,25.1173,83.1651,2.5949,46.4765,7.3189
2034-12-16,15.1088,3.8800,61.2655,12.4682,753.1112,18.2811,64.1160,0.9528,34.4704,1.7879
2034-12-17,12.7196,0.0091,55.0917,7.8542,755.1048,18.9864,76.6384,1.2603,35.7269,2.8106
2034-12-18,13.3324,0.0000,47.9670,4.0000,757.2086,19.8398,82.6686,1.8940,37.2402,4.6438
2034-12-19,13.4949,0.0158,53.0720,4.8592,759.3417,20.6181,84.5931,2.5462,38.6149,6.3795
2034-12-20,14.9639,0.0225,62.1321,4.8892,761.7392,21.3094,84.6407,2.5666,39.8330,6.5589
2034-12-21,16.9176,0.0000,58.4785,6.2991,764.4884,22.1595,85.1827,2.9682,41.3245,7.6680
2034-12-22,17.5066,0.0000,54.7414,9.6841,767.3436,23.1165,85.8987,3.8892,42.9949,9.9225
2034-12-23,16.9882,0.0005,53.5593,6.9744,770.1054,24.0711,86.1823,3.5307,44.6529,9.3526
2034-12-24,16.2485,0.0002,56.0922,6.0503,772.7342,24.9368,86.2304,3.3930,46.1502,9.2221
2034-12-25,17.1613,0.0008,49.8977,7.8076,775.5272,25.9765,86.7490,3.9893,47.9387,10.8010
2034-12-26,16.5380,0.0132,54.3533,7.1035,778.2080,26.8914,86.7973,3.8767,49.5061,10.7501
2034-12-27,15.5849,0.0015,60.2091,8.9421,780.7173,27.6459,86.5766,4.1220,50.7950,11.4727
2034-12-28,16.6430,0.0012,58.6692,8.9422,783.4170,28.4792,86.6248,4.1503,52.2133,11.7213
2034-12-29,16.6874,0.0001,59.2536,5.5320,786.1248,29.3029,86.6731,3.5190,53.6099,10.4019
2034-12-30,15.3848,0.0097,65.4495,5.8542,788.5980,29.9501,85.8849,3.2004,54.7060,9.7266
2034-12-31,12.9623,2.4836,72.9285,10.8911,790.6352,25.3746,66.0772,0.9514,46.9798,2.4915
2035-01-01,10.8632,0.2349,55.9781,8.9483,792.2946,26.0230,76.9171,1.3585,48.0966,3.9392
2035-01-02,11.1000,0.0247,53.3010,7.3995,793.9966,26.7244,81.9608,2.0598,49.3004,6.1409
2035-01-03,11.5346,0.0000,46.4160,5.2170,795.7769,27.5578,84.8147,2.6721,50.7242,7.9439
2035-01-04,12.6960,0.0207,44.7198,5.3624,797.7661,28.4967,86.2939,3.3068,52.3211,9.7327
2035-01-05,11.7109,0.8667,58.5196,8.7338,799.5781,29.1509,81.8186,2.1657,53.4319,6.7934
2035-01-06,12.2179,0.0000,48.2173,5.9371,801.4813,30.0000,84.6890,2.7237,54.8658,8.4874
2035-01-07,12.9266,0.0000,50.3321,5.4896,803.5121,30.8576,85.6355,3.0345,56.3091,9.4636
2035-01-08,13.8296,0.0000,54.3243,5.3395,805.7054,31.6971,85.6834,3.0318,57.7176,9.6003
2035-01-09,12.8423,0.0000,56.6409,5.5440,807.7211,32.4414,85.7314,3.0838,58.9623,9.8659
2035-01-10,11.3155,0.1485,70.1515,6.9594,809.4618,32.8976,84.6091,2.8366,59.7268,9.2660
2035-01-11,14.9520,0.3320,74.5961,4.9650,811.8572,33.3996,84.0077,2.3658,60.5697,7.9854
2035-01-12,15.2810,0.0853,73.9979,3.9333,814.3118,33.9240,83.9602,2.2318,61.4482,7.6525
2035-01-13,14.8925,2.6208,85.4208,9.4820,816.6964,28.1263,59.4592,0.6376,51.7933,1.4143
2035-01-14,15.1435,2.5502,83.0914,6.0749,819.1263,23.4847,50.6679,0.2414,43.8280,0.3700
2035-01-15,16.1236,2.4816,80.3103,9.2454,821.7325,19.7437,51.4988,0.3116,37.2499,0.4264
2035-01-16,14.6918,15.3237,89.4512,8.3745,678.3467,8.8566,22.8868,0.0006,17.1534,0.0005
2035-01-17,11.3194,2.3640,59.2450,13.5725,680.0882,7.3033,47.8921,0.2479,14.2247,0.1826
2035-01-18,11.5199,0.0042,49.5063,7.8737,681.8658,8.0878,69.2321,0.9078,15.7097,0.7091
2035-01-19,12.3226,0.0000,46.2324,5.0627,683.7878,8.9763,79.6657,1.4182,17.3821,1.6354
2035-01-20,13.9182,0.0005,55.3526,5.6518,685.9971,9.8017,83.2286,2.2108,18.9274,3.3604
2035-01-21,15.8051,0.0257,56.2989,5.9906,688.5460,10.7112,84.7862,2.7675,20.6205,4.5806
2035-01-22,16.2877,0.1887,53.9957,8.5737,691.1818,11.6960,85.7032,3.5783,22.4426,6.2417
2035-01-23,16.6494,0.0000,50.4700,6.4683,693.8827,12.7783,86.4420,3.5703,24.4318,6.5593
2035-01-24,17.1426,0.1005,48.3312,5.5452,696.6724,13.9387,86.9872,3.6820,26.5494,7.0973
2035-01-25,17.9360,0.0000,42.4792,6.3024,699.6048,15.2867,88.0079,4.4257,28.9898,8.8004
2035-01-26,17.0273,0.0000,45.0563,4.1130,702.3738,16.5129,88.0566,3.9912,31.1924,8.3965
2035-01-27,14.6812,0.0045,52.1519,8.6453,704.7204,17.4425,87.8148,4.8444,32.8521,10.2050
2035-01-28,13.5863,0.0000,42.7165,11.3154,706.8699,18.4782,87.8634,5.5808,34.6893,11.8119
2035-01-29,12.4060,0.0000,39.2977,8.5284,708.8070,19.4875,88.0095,4.9522,36.4684,11.0233
2035-01-30,14.3829,0.0000,38.4368,7.3208,711.0999,20.6609,88.3948,4.9245,38.5236,11.3173
2035-01-31,18.0379,0.0000,45.5399,5.3825,714.0507,21.9441,88.4436,4.4976,40.7568,10.8515
2035-02-01,18.7461,0.0000,50.3541,7.9177,717.1290,23.3436,88.4924,5.1465,43.1739,12.5001
2035-02-02,17.8329,0.0287,57.2668,8.6985,720.0429,24.4929,87.6462,4.7416,45.1466,12.0061
2035-02-03,17.5784,0.0293,58.0460,6.2207,722.9111,25.6061,87.3129,3.9904,47.0461,10.6858
2035-02-04,16.9734,0.0503,59.9994,4.8022,725.6703,26.6330,86.9211,3.5135,48.7894,9.8211
2035-02-05,14.6075,0.0062,54.3446,10.6574,728.0036,27.6517,86.9694,4.7518,50.5074,12.8142
2035-02-06,13.0606,0.1452,46.9703,7.2357,730.0585,28.7184,87.0178,4.0269,52.2941,11.4489
2035-02-07,14.7497,0.0601,51.5667,8.2149,732.4175,29.8089,87.0662,4.2598,54.1119,12.2176
2035-02-08,16.3474,0.0031,48.6776,8.2337,735.0640,31.0808,87.1145,4.2933,56.2189,12.5663
2035-02-09,15.8989,0.0000,46.3951,8.6643,737.6298,32.3752,87.2951,4.5019,58.3481,13.3251
2035-02-10,16.5625,0.0000,47.3419,8.1434,740.3151,33.6964,87.3436,4.4157,60.5076,13.3982
2035-02-11,19.0109,0.0000,43.6438,8.3319,743.4410,35.3064,88.1115,4.9756,63.1188,15.0490
2035-02-12,19.5819,0.0189,46.7009,5.9177,746.6698,36.8722,88.1603,4.4366,65.6407,14.0832
2035-02-13,19.8274,0.1853,47.9989,7.2434,749.9427,38.4181,88.2090,4.7763,68.1129,15.2191
2035-02-14,21.3861,0.0773,37.7498,8.8357,753.4962,40.4064,89.5156,6.2428,71.2596,19.0533
2035-02-15,17.6710,0.0000,46.9162,9.7563,756.3810,41.8219,89.2107,6.2593,73.4858,19.4078
2035-02-16,16.2725,0.0000,41.1376,11.5134,759.0140,43.2744,89.2598,6.8871,75.7516,21.1356
2035-02-17,16.4763,0.0000,35.8392,12.3839,761.6837,44.8764,89.3652,7.3057,78.2300,22.4218
2035-02-18,15.1277,0.0000,43.8098,13.6827,764.1107,46.1716,89.2545,7.6769,80.2243,23.5162
2035-02-19,16.3256,0.0000,44.2807,13.2603,766.7533,47.5508,89.3037,7.5683,82.3363,23.6033
2035-02-20,17.8023,0.1036,40.6523,12.5050,769.6618,49.1444,89.3528,7.3372,84.7587,23.4485
2035-02-21,18.7593,0.0781,39.1190,10.2998,772.7424,50.8618,89.4019,6.6121,87.3502,22.1306
2035-02-22,18.1527,0.2755,42.5502,9.0712,775.7139,52.4330,89.4511,6.2591,89.7070,21.5814
2035-02-23,20.0796,0.0686,36.4153,9.4134,779.0323,54.3460,89.7939,6.6889,92.5509,22.9938
2035-02-24,18.4944,4.1822,49.2430,10.4253,752.7811,39.5747,69.9245,1.0553,69.9553,4.0186
2035-02-25,16.0136,1.8681,69.2373,5.5266,755.3676,37.1277,65.9579,0.7228,66.1295,2.3936
2035-02-26,17.6769,0.0967,58.5378,6.3480,758.2534,38.2336,78.3092,1.3319,67.9070,5.0218
2035-02-27,14.2716,3.6634,72.5400,7.1688,737.9726,28.5854,56.5608,0.4583,52.1234,0.7945
2035-02-28,11.3635,8.5228,84.5857,10.3680,673.2676,15.0356,32.1281,0.0102,28.4810,0.0116
2035-03-01,17.9477,2.9096,57.4382,14.5230,664.2507,12.5632,58.6634,0.7788,23.9920,0.7932
2035-03-02,19.6603,0.0332,48.2789,23.7799,667.4935,14.3935,81.6366,4.5233,27.3146,8.6658
2035-03-03,18.6614,0.0000,53.9572,16.1742,670.5566,15.9445,85.3501,4.9965,30.0997,9.9671
2035-03-04,17.5913,0.1312,61.1291,8.8088,673.4270,17.1830,85.3979,3.4703,32.3052,7.5765
2035-03-05,13.0751,6.4759,84.7390,8.5967,634.1804,10.0227,42.3456,0.0821,19.2835,0.0727
2035-03-06,13.1331,2.0140,82.7073,10.2359,636.2484,8.7246,47.2079,0.1907,16.8709,0.1556
2035-03-07,11.0842,1.2663,60.9057,16.9751,637.9475,9.5366,64.2249,1.2014,18.3860,1.1890
2035-03-08,9.6238,1.1369,50.8333,13.5654,639.3838,10.4353,72.6683,1.3606,20.0525,1.7859
2035-03-09,10.4462,0.0412,53.3205,10.9435,640.9681,11.3541,80.3529,2.0489,21.7452,3.4071
2035-03-10,8.3814,0.0069,53.8516,11.2680,642.1808,12.0999,83.0552,2.8692,23.1112,5.1241
2035-03-11,13.6943,0.0000,38.8187,7.1772,644.3498,13.6428,86.6643,3.8184,25.9139,7.2305
2035-03-12,13.8621,0.2267,68.8341,9.2592,646.5489,14.4377,85.2480,3.4770,27.3486,6.8562
2035-03-13,17.6699,0.0031,49.9031,6.5843,649.4335,16.0405,86.5036,3.6226,30.2153,7.5614
2035-03-14,19.7400,0.0000,41.8826,9.1304,652.6907,18.1051,88.2733,5.3014,33.8619,11.1800
2035-03-15,21.9723,0.0072,41.0806,10.6316,656.3497,20.4223,89.1213,6.4581,37.8968,13.9121
2035-03-16,22.5241,0.0020,41.7590,5.0934,660.1081,22.7677,89.2529,4.9786,41.9206,11.9740
2035-03-17,24.1647,0.0000,36.3979,6.8384,664.1617,25.5068,90.3329,6.3464,46.5447,15.3345
2035-03-18,24.5276,0.0162,34.1413,8.9140,668.2807,28.3838,90.9561,7.7020,51.3185,18.6673
2035-03-19,24.2194,0.1588,39.1812,6.4918,672.3442,31.0087,91.0058,6.8654,55.6060,17.8940
2035-03-20,26.9306,0.0960,30.8291,6.3116,676.8957,34.3138,91.9811,7.8137,60.9084,20.6344
2035-03-21,23.1275,0.0367,42.2213,12.0030,680.7626,36.6999,91.0783,9.1571,64.6823,23.8292
2035-03-22,18.6964,1.3779,59.2201,9.9130,683.8320,38.0760,80.9078,2.0676,66.8469,7.5499
2035-03-23,18.3270,2.0937,62.2951,6.4334,686.8348,35.0421,71.6935,0.9157,62.1562,3.0811
2035-03-24,19.3711,0.0090,58.7556,6.1343,690.0256,36.4813,81.0012,1.7272,64.4447,6.2403
2035-03-25,16.1252,2.3986,66.0661,9.3048,692.6322,31.9519,68.5893,0.9560,57.2960,3.0209
2035-03-26,17.2740,0.4026,44.2635,9.6612,695.4455,33.6976,82.3535,2.4221,60.1133,8.1135
2035-03-27,16.6314,5.4531,78.5175,14.6724,663.2441,21.4241,53.7924,0.5214,39.6465,0.7451
2035-03-28,15.4078,0.8227,56.7399,14.8027,665.7215,22.6414,72.8413,1.4582,41.7343,3.8127
2035-03-29,14.3952,0.1636,39.7498,11.5154,668.0167,24.2328,83.7172,3.1666,44.4357,8.4915
2035-03-30,14.3625,0.0519,38.5070,10.6589,670.3059,25.8536,87.1708,4.8904,47.1598,12.6126
2035-03-31,13.2446,0.0004,31.6958,11.5576,672.3939,27.5237,88.9937,6.6438,49.9371,16.4871
2035-04-01,14.8256,0.0001,26.1999,9.2075,676.0165,30.3731,90.5632,7.3904,54.6119,18.7124
2035-04-02,18.2874,0.0000,25.7837,6.7173,680.2623,33.8613,91.4925,7.4417,60.2278,19.8020
2035-04-03,21.9727,0.0000,27.7320,7.0132,685.1714,37.9037,91.8720,7.9710,66.5970,21.9294
2035-04-04,24.9299,0.0107,28.4017,7.3326,690.6127,42.4219,92.2447,8.5383,73.5491,24.2367
2035-04-05,21.3497,0.0000,38.4067,11.2796,695.4097,45.7741,91.4854,9.3556,78.6119,26.7221
2035-04-06,17.6729,0.1095,58.7290,8.8086,699.5448,47.6524,88.1798,5.1467,81.4364,17.7644
2035-04-07,15.5829,7.9635,72.1362,16.3375,647.0348,27.5739,53.8782,0.5719,49.8381,0.9600
2035-04-08,13.5894,3.5930,54.5304,17.6603,633.7956,21.5919,60.8947,1.0521,39.7945,2.4367
2035-04-09,15.3317,0.0008,38.6393,8.7197,637.5094,24.0363,79.7056,1.7121,43.9316,4.7133
2035-04-10,19.7659,0.0000,29.5486,5.2896,642.0212,27.6001,88.3715,4.4306,49.8433,12.0286
2035-04-11,22.9591,0.0001,28.5578,10.7091,647.1079,31.7671,91.3789,8.9540,56.5891,21.8993
2035-04-12,16.8189,0.8623,49.5856,13.9456,651.0893,33.9571,85.7120,4.6964,60.0806,14.0020
2035-04-13,17.1717,0.0020,36.1355,8.4728,655.1342,36.7861,88.4965,5.2956,64.5158,15.9720
2035-04-14,20.3264,0.0000,27.5299,6.8867,659.7469,40.5505,91.0457,7.0434,70.2990,20.6469
2035-04-15,23.2279,0.0000,21.7279,8.8301,664.8819,45.1669,93.1201,10.4126,77.2196,28.4971
2035-04-16,24.8294,0.0000,17.9967,12.7631,670.3052,50.3217,94.4706,15.3142,84.7394,38.5555
2035-04-17,26.6221,0.0005,19.2249,16.1370,676.0512,55.7504,94.6243,18.5403,92.4427,45.4269
2035-04-18,28.8055,0.0000,19.5232,16.9782,682.1902,61.5850,94.9001,20.0902,100.4905,49.6130
2035-04-19,24.7317,0.2633,33.3770,11.4151,687.5959,65.7572,93.2516,12.0815,106.1385,36.6838
2035-04-20,22.8012,0.0988,46.9607,9.9667,692.6541,68.8305,90.6455,7.7695,110.2673,27.7606
2035-04-21,23.3382,0.0219,42.1127,7.2593,697.8090,72.2601,90.6951,6.8268,114.8005,25.8475
2035-04-22,21.1411,1.6161,48.1443,13.2126,702.5684,71.6209,82.8492,3.0824,114.1502,14.4337
2035-04-23,20.8823,1.0298,44.5997,12.3672,707.2812,74.5733,84.7001,3.7717,118.0339,17.0873
2035-04-24,25.4309,0.0000,32.0845,7.8562,712.8127,78.9416,90.5426,6.8837,123.6489,26.8085
2035-04-25,27.4726,0.0000,28.7789,10.1880,718.7118,83.8750,92.4162,10.1009,129.8621,35.3493
2035-04-26,30.7201,0.0000,22.0549,11.4940,725.1954,89.8879,94.4885,14.4010,137.2465,45.2907
2035-04-27,33.4429,0.0124,16.8497,9.7050,732.1691,96.8511,96.1725,16.5587,145.5643,50.3250
2035-04-28,33.9362,0.0835,17.0023,6.3982,739.2317,103.9009,96.3151,14.2894,153.7699,46.5376
2035-04-29,34.4895,0.0978,16.1053,6.0776,746.3938,111.1393,96.5956,14.6013,161.9807,47.7617
2035-04-30,35.0828,0.1107,15.0285,5.4666,753.6627,118.5929,96.9270,14.8018,170.2223,48.6767
2035-05-01,35.7715,0.0021,13.2157,5.8280,762.5056,127.0171,97.4272,16.1138,179.3461,51.8256
2035-05-02,35.2419,0.0000,13.2406,8.6186,771.2531,135.3179,97.4790,18.6748,188.1205,57.2067
2035-05-03,31.7453,0.0004,18.7660,8.2688,779.3713,142.3422,97.0691,17.3736,195.4454,55.0010
2035-05-04,34.4074,0.1496,15.2656,6.9090,787.9686,150.2631,97.1208,16.3354,203.5062,53.1991
2035-05-05,34.4439,0.0236,15.9273,5.0962,796.5725,158.1302,97.1725,15.0125,211.3640,50.6744
2035-05-06,34.6379,0.3148,20.4514,12.6512,805.2113,165.6146,97.0574,21.6328,218.7492,63.6525
2035-05-07,32.7882,0.1472,28.3945,12.6296,813.5172,172.0029,95.4235,17.3337,225.0496,55.7126
2035-05-08,31.0463,0.0803,34.4779,10.7518,821.5095,177.5481,93.9191,12.8222,230.5355,46.2252
2035-05-09,23.7259,0.1189,46.7245,13.4588,828.1842,181.0301,90.8195,9.4973,234.1209,38.1618
2035-05-10,27.6502,0.0000,30.8254,8.3387,835.5652,186.2659,92.0867,8.7842,239.2157,36.3148
2035-05-11,26.8626,0.0133,29.7027,11.1130,842.8045,191.4409,92.3330,10.4597,244.2053,40.7324
2035-05-12,25.5117,2.8763,35.5012,11.1711,832.1100,112.8649,83.2059,2.9111,168.5692,15.9431
2035-05-13,24.5524,1.2003,44.1884,11.6811,838.9335,116.6341,85.3401,3.9787,173.1033,20.2079
2035-05-14,27.1459,0.0004,30.0716,6.0647,846.2237,121.8341,91.2982,7.0048,179.1764,30.2015
2035-05-15,30.5295,0.0000,26.2235,7.0152,854.1231,127.9775,93.4750,9.9855,186.2049,38.4511
2035-05-16,31.9801,0.0169,24.3860,6.8620,862.2835,134.5626,94.2846,11.0867,193.5965,41.3813
2035-05-17,30.1298,0.0003,27.0607,11.3083,870.1108,140.5595,94.3353,13.9686,200.2478,48.1479
2035-05-18,30.9964,0.0000,18.4324,9.9863,878.0942,147.4518,95.4368,15.1997,207.7069,50.9773
2035-05-19,32.6795,0.0000,15.7150,8.9562,886.3805,154.9473,96.3568,16.3468,215.6505,53.5364
2035-05-20,34.2717,0.0005,13.4993,6.6502,894.9534,163.0024,97.1216,16.1254,224.0063,53.2564
2035-05-21,34.2458,0.0000,15.5928,8.8813,903.5216,170.8568,97.1733,18.1691,232.0238,57.4769
2035-05-22,31.1424,0.0596,26.4500,11.5292,911.5313,177.0999,95.6017,16.8017,238.4027,54.8649
2035-05-23,32.5643,0.0113,24.1120,8.3185,919.7968,183.8256,95.6530,14.3917,245.1602,49.9035
2035-05-24,34.7848,0.0013,19.2272,6.2494,928.4621,191.4564,95.9437,13.4884,252.6610,47.9848
2035-05-25,36.9992,0.0000,16.5175,6.9116,937.5260,199.8299,96.8708,15.8006,260.7273,53.0495
2035-05-26,37.9126,0.0000,17.0435,8.1624,946.7542,208.3501,96.9459,16.9983,268.8095,55.5677
2035-05-27,36.6217,0.0000,16.9205,10.3791,955.7501,216.6006,96.9975,19.1388,276.5281,59.8206
2035-05-28,36.1404,0.0186,15.8767,9.7673,964.6594,224.8482,97.0492,18.6864,284.1299,58.9947
2035-05-29,36.3845,0.0646,15.8494,11.5848,973.6126,233.1525,97.1009,20.6205,291.6815,62.6853
2035-05-30,35.3139,0.0000,21.3079,11.3896,982.3731,240.6963,96.9959,20.1344,298.5311,61.8115
2035-05-31,35.3886,0.0000,23.2839,10.0090,991.1471,248.0658,96.6630,17.9621,305.1796,57.6665
2035-06-01,36.9905,0.0000,18.3483,9.8296,1001.2094,256.2538,96.7146,17.9241,312.5312,57.6128
2035-06-02,38.5537,0.0000,13.6334,9.5496,1011.5530,265.2701,97.7422,20.2672,320.4517,62.1268
2035-06-03,38.5326,0.0195,13.9798,7.7625,1021.8929,274.2453,97.7941,18.6496,328.2557,59.0682
2035-06-04,36.6044,0.0014,15.0065,14.4296,1031.8857,282.6820,97.8461,26.2758,335.5540,72.6728
2035-06-05,35.0547,0.0001,19.4114,14.6955,1041.5995,290.3527,97.4081,25.1275,342.2172,70.7713
2035-06-06,36.3592,0.2165,22.0814,12.3513,1051.5482,298.0368,97.0618,21.3210,348.8735,64.1188
2035-06-07,29.9937,0.0400,40.1433,17.9602,1060.3510,302.9366,92.9202,16.0402,353.4362,53.8630
2035-06-08,28.5099,0.0007,34.0654,13.8114,1068.8868,308.0764,92.9705,13.1063,358.1130,47.4742
2035-06-09,32.2343,0.0000,27.6980,8.8930,1078.0930,314.4215,93.6404,11.2323,363.6791,43.0445
2035-06-10,32.4098,0.0000,25.7502,13.3516,1087.3308,320.9718,94.1091,15.0066,369.3617,51.6907
2035-06-11,30.3566,0.0000,30.6756,16.9134,1096.1990,326.7129,94.1598,18.0834,374.4337,58.0152
2035-06-12,30.6593,0.0000,28.4051,14.2676,1105.1217,332.6990,94.2105,15.9376,379.6569,53.6685
2035-06-13,29.8905,0.0178,31.5749,14.9645,1113.9059,338.2817,94.0219,16.0821,384.5805,53.9721
2035-06-14,27.7525,0.3987,40.1080,15.3050,1122.3054,342.8310,92.3067,12.8718,388.7687,46.9534
2035-06-15,28.5287,0.0228,33.0081,9.5348,1130.8446,348.0565,92.3568,9.6925,393.4039,39.1561
2035-06-16,34.4511,0.4469,22.0185,7.0268,1140.4497,355.3551,95.0946,12.4961,399.5043,46.0850
2035-06-17,35.4513,0.1484,24.8045,8.1777,1150.2350,362.5909,95.1456,13.3350,405.5645,48.0180
2035-06-18,35.6721,0.1808,21.3206,8.4363,1160.0599,370.2078,95.6232,14.4189,411.8407,50.4343
2035-06-19,36.3520,0.0490,18.6642,7.3088,1170.0073,378.2273,96.3065,14.9430,418.3530,51.5731
2035-06-20,36.7232,0.0138,17.7558,8.6052,1180.0215,386.4168,96.5895,16.5711,424.9456,54.9951
2035-06-21,37.5669,0.0000,17.7763,10.3364,1190.1875,394.7869,96.7291,18.4235,431.6372,58.7029
2035-06-22,35.4633,0.0000,19.9318,11.1863,1199.9749,402.4942,96.7807,19.3631,437.8394,60.5172
2035-06-23,33.3455,0.0006,27.3235,12.4720,1209.3811,409.0847,95.6420,17.7159,443.2964,57.3102
2035-06-24,34.5953,0.0000,22.7405,10.5023,1219.0123,416.3451,95.6932,16.1540,449.1662,54.1378
2035-06-25,35.1553,0.0000,19.2793,10.5312,1228.7442,424.0497,95.9966,16.8570,455.2893,55.5836
2035-06-26,35.3123,0.0000,19.0183,10.6879,1238.5044,431.8127,96.0910,17.2089,461.4268,56.2969
2035-06-27,33.2097,0.0000,24.9236,15.4577,1247.8862,438.5941,95.9135,21.3648,466.9188,64.2502
2035-06-28,33.2860,0.0000,25.8408,11.9168,1257.2817,445.3075,95.7460,17.4723,472.3603,56.8271
2035-06-29,33.7481,0.0027,27.3784,9.8365,1266.7603,451.9700,95.5312,15.2807,477.7746,52.3032
2035-06-30,35.0292,0.0008,18.7616,10.9863,1276.4696,459.6971,96.0784,17.4397,483.8078,56.7625
2035-07-01,35.3155,0.0439,15.9046,9.4216,1286.5304,466.8892,96.7534,17.6510,489.5905,57.1848
2035-07-02,34.3049,0.0000,15.7714,11.3371,1296.4093,473.8929,96.8049,19.5744,495.2230,60.9242
2035-07-03,35.1616,0.0000,14.3845,8.4244,1306.4423,481.1841,97.0899,17.5590,501.0271,57.0017
2035-07-04,35.7436,0.0002,17.0892,8.4258,1316.5802,488.3583,97.1416,17.6818,506.7736,57.2469
2035-07-05,36.6484,0.0014,18.7733,10.9854,1326.8809,495.5594,97.1933,20.2553,512.5525,62.2066
2035-07-06,37.3859,0.0000,16.5622,8.5594,1337.3143,503.1011,97.2450,18.0485,518.5256,57.9736
2035-07-07,38.5851,0.0017,13.3546,6.9667,1347.9637,511.1767,97.8179,17.9730,524.8076,57.8248
2035-07-08,39.4160,0.0131,10.9466,9.2799,1358.7625,519.6505,98.4347,21.9049,531.3101,65.2307
2035-07-09,37.4169,0.0000,13.2114,11.5393,1369.2016,527.5013,98.4868,24.7149,537.4016,70.1425
2035-07-10,34.3977,0.0021,19.3980,13.1719,1379.0972,534.2210,97.4643,23.4452,542.7902,67.9581
2035-07-11,33.9882,0.0000,23.9287,12.1281,1388.9190,540.4897,96.4376,19.3900,547.9250,60.5746
2035-07-12,36.2627,0.0000,19.3438,9.0382,1399.1503,547.5672,96.4891,16.7096,553.5476,55.2868
2035-07-13,38.3448,0.0000,15.6168,7.8242,1409.7564,555.3843,97.2919,17.5011,559.6110,56.8870
2035-07-14,38.0720,0.0000,15.1439,10.9584,1420.3133,563.1909,97.3799,20.7367,565.6474,63.1015
2035-07-15,38.2401,0.0000,18.9766,8.6740,1430.9006,570.6769,97.4317,18.6097,571.5173,59.0730
2035-07-16,37.9969,0.0000,16.4480,14.9898,1441.4440,578.3487,97.4835,25.7600,578.3095,71.9011
2035-07-17,37.3938,0.0001,16.9972,14.7062,1451.8789,585.8526,97.5354,25.5699,585.7382,71.5838
2035-07-18,39.2692,0.0004,19.2638,10.0204,1462.6513,593.5071,97.5872,20.3316,593.3157,62.3501
2035-07-19,37.1971,0.2705,27.8851,10.0261,1473.0508,599.9934,96.2036,16.8997,599.7470,55.6745
2035-07-20,38.0198,0.0000,20.5788,11.5016,1483.5984,607.2902,96.2550,18.3307,606.9702,58.5290
2035-07-21,36.4268,0.0003,26.3462,12.3873,1493.8592,613.7816,96.1699,18.9483,613.4032,59.7284
2035-07-22,38.2442,0.0000,24.7019,8.4064,1504.4471,620.7393,96.2213,15.6122,620.2933,53.0084
2035-07-23,39.3225,0.8073,20.8566,11.9088,1515.2292,628.2528,96.1045,18.3341,627.7261,58.5356
2035-07-24,39.2645,2.3242,23.8469,14.3975,1526.0008,141.6527,94.3953,16.4569,229.9435,54.0378
2035-07-25,35.1013,0.3998,40.7599,10.0273,1536.0230,146.6894,93.2952,11.3342,236.8348,42.8109
2035-07-26,36.3562,0.0000,33.6673,10.4167,1546.2711,152.5245,93.3456,11.6405,244.7047,43.6321
2035-07-27,38.9392,0.8373,27.7443,9.0286,1556.9842,159.3191,94.4107,12.5828,253.7304,45.9318
2035-07-28,39.5118,0.2393,25.2550,10.0844,1567.8003,166.4482,95.4281,15.2569,263.0725,51.9244
2035-07-29,40.5061,0.0128,23.6171,8.6461,1578.7954,173.9119,95.9615,15.2566,272.7202,51.9892
2035-07-30,38.9000,0.0000,28.8617,10.2568,1589.5014,180.5948,96.0128,16.6619,281.2909,54.9611
2035-07-31,37.5849,0.0000,27.3141,13.4511,1599.9707,187.1986,96.0642,19.7081,289.6683,60.9732
2035-08-01,35.5433,0.0000,22.9960,12.4762,1609.3725,193.0238,96.1155,18.8941,296.9955,59.4535
2035-08-02,37.3079,0.0000,17.4661,7.2522,1619.0919,199.5681,96.7307,15.7752,305.1154,53.2229
2035-08-03,40.0067,0.0000,14.6430,6.3917,1629.2971,206.8117,97.7498,17.3030,313.9856,56.3800
2035-08-04,40.8631,0.0000,18.0831,7.5720,1639.6565,213.9083,97.8017,18.4900,322.6009,58.7465
2035-08-05,40.4086,0.0000,15.7096,9.6118,1649.9340,221.1314,97.8536,20.6328,331.2678,62.8284
2035-08-06,37.5297,0.0000,15.8156,11.3607,1659.6934,227.8450,97.9056,22.6889,339.2562,66.5596
2035-08-07,37.6998,0.0000,17.8148,8.4484,1669.4833,234.4281,97.9576,19.7271,347.0313,61.1599
2035-08-08,39.2585,0.0000,17.7093,8.1608,1679.5539,241.2845,98.0095,19.5772,355.0521,60.8854
2035-08-09,38.6592,0.0000,19.1429,9.6057,1689.5165,247.9213,97.9733,20.9552,362.7624,63.4647
2035-08-10,38.5780,0.0000,18.0576,10.0404,1699.4646,254.6335,98.0253,21.5669,370.4894,64.5872
2035-08-11,37.6668,0.0000,16.0057,9.3265,1709.2486,261.3558,98.0773,20.9480,378.1553,63.4634
2035-08-12,37.6587,0.0000,18.8309,7.4635,1719.0311,267.8506,97.9102,18.6549,385.5249,59.1388
2035-08-13,34.6221,0.0000,27.5319,15.7870,1728.2671,273.1949,95.8971,21.6741,391.6250,64.7944
2035-08-14,36.1978,0.0000,19.8400,10.3391,1737.7867,279.3672,96.0534,16.8232,398.5548,55.5034
2035-08-15,37.4558,0.0000,16.6219,11.5635,1747.5328,286.0038,96.9352,20.1475,405.9228,61.9918
2035-08-16,37.8628,0.0006,17.8029,10.0396,1757.3521,292.6155,96.9869,18.7876,413.2190,59.4064
2035-08-17,36.2963,0.0871,25.6075,8.2399,1766.8894,298.3589,96.4042,15.8683,419.5877,53.5375
2035-08-18,35.3501,0.1103,35.1772,12.8671,1776.2564,303.2368,94.4762,15.4064,425.0609,52.5650
2035-08-19,35.1632,0.0000,31.9485,8.7918,1785.5898,308.3314,94.5270,12.6346,430.7224,46.4146
2035-08-20,35.4798,0.0000,26.1977,14.7099,1794.9802,313.9047,94.5779,17.1440,436.8288,56.1633
2035-08-21,36.1906,0.0000,22.2149,14.6013,1804.4985,319.8930,95.5063,19.3618,443.3143,60.5154
2035-08-22,36.8093,0.0000,24.5696,11.4081,1814.1281,325.7964,95.5575,16.5993,449.6934,55.0566
2035-08-23,36.3029,0.0000,29.4229,10.3597,1823.6667,331.2461,95.5337,15.6941,455.6049,53.1771
2035-08-24,33.2529,0.0000,31.7524,14.0545,1832.6562,336.0862,94.6687,16.7958,460.8755,55.4594
2035-08-25,32.0256,0.0000,33.3215,10.8591,1841.4248,340.6461,94.1232,13.2614,465.8484,47.8595
2035-08-26,35.6235,0.0000,24.8082,5.7761,1850.8410,346.3467,94.8391,11.3293,471.9188,43.3076
2035-08-27,38.8355,0.0000,18.2424,6.3460,1860.8354,353.0873,96.7560,15.1221,478.9681,51.9646
2035-08-28,40.0053,0.0000,15.6543,7.7521,1871.0403,360.2449,97.5498,18.0458,486.3760,57.9673
2035-08-29,40.0369,0.0000,15.5204,9.4712,1881.2510,367.4193,97.6070,19.8286,493.7554,61.4051
2035-08-30,40.7532,0.0000,15.2063,11.9172,1891.5906,374.7459,97.7812,22.9535,501.2388,67.0959
2035-08-31,39.8150,0.0007,14.2244,10.6987,1901.7613,381.9911,97.8419,21.7606,508.5910,64.9701
2035-09-01,38.3515,0.0003,15.9736,8.7050,1910.3685,387.8929,97.8939,19.8164,514.5781,61.3827
2035-09-02,36.1009,0.0468,24.6326,8.4797,1918.5707,392.8846,96.7019,16.7170,519.7059,55.3012
2035-09-03,36.2091,0.0003,21.9370,9.7063,1926.7923,398.0698,96.7535,17.9063,524.9874,57.6928
2035-09-04,35.1034,0.0000,17.9409,10.9585,1934.8149,403.3589,96.8051,19.2049,530.3219,60.2207
2035-09-05,34.2031,0.0000,31.5974,11.0823,1942.6755,407.6582,95.0230,15.1799,534.7707,52.0899
2035-09-06,33.0454,0.0000,33.7820,10.7165,1950.3277,411.6837,94.2440,13.3882,538.9549,48.1497
2035-09-07,34.5016,0.0000,29.0301,5.8192,1958.2420,416.1820,94.2947,10.5340,543.5595,41.3339
2035-09-08,37.3453,0.0000,24.5695,7.4560,1966.6681,421.3450,95.1885,12.9343,548.7664,47.1139
2035-09-09,37.5615,0.0012,25.5201,5.7301,1975.1332,426.4715,95.2396,11.9400,553.9307,44.7844
2035-09-10,37.9734,0.0000,22.8347,7.0268,1983.6724,431.8395,95.6900,13.5529,559.2898,48.5219
2035-09-11,36.7221,0.0000,23.4946,7.7330,1991.9864,436.9911,95.7413,14.1419,564.4289,49.8355
2035-09-12,35.5546,0.0000,21.0015,10.5409,2000.0902,442.1465,95.7925,16.4051,569.5348,54.6618
2035-09-13,30.6707,0.0000,24.7485,11.1336,2007.3150,446.4029,95.5493,16.3529,573.7937,54.5540
2035-09-14,31.9888,0.0000,27.5171,8.7891,2014.7770,450.6729,95.2337,13.9187,578.0787,49.3409
2035-09-15,31.8541,0.0001,31.8802,6.9988,2022.2147,454.6695,94.4623,11.4406,582.1284,43.5812
2035-09-16,33.1712,0.0000,27.4102,6.8102,2029.8895,459.0986,94.5131,11.4120,586.5489,43.5116
2035-09-17,34.4961,0.0000,22.3984,4.8084,2037.8028,464.0165,95.1643,11.2815,591.3823,43.1929
2035-09-18,35.4784,0.0000,20.1437,7.7211,2045.8929,469.2169,95.8354,14.3152,596.4504,50.2172
2035-09-19,34.2262,0.0000,18.6458,8.3391,2053.7576,474.3336,95.9920,15.0846,601.4130,51.8864
2035-09-20,32.7078,0.0027,18.1198,10.8773,2061.3490,479.2620,96.0433,17.2622,606.1819,56.4080
2035-09-21,32.8990,0.1298,18.7963,12.8519,2068.9749,484.1773,96.0947,19.2010,610.9319,60.2140
2035-09-22,31.7846,0.0014,27.9432,12.1904,2076.4001,488.3959,95.2174,16.4843,615.0958,54.8250
2035-09-23,25.8753,0.2020,42.6093,16.4336,2082.7616,491.1522,91.8449,12.7644,617.9785,46.7220
2035-09-24,21.3738,0.0012,33.2503,15.1854,2088.3129,493.8229,91.8949,12.0714,620.7024,45.0973
2035-09-25,17.9908,0.5894,40.7862,5.4266,2093.2553,495.8355,89.5440,5.2789,622.8376,26.0790
2035-09-26,23.9666,0.0003,27.6255,5.1242,2099.2733,499.0654,91.8090,7.1828,626.0499,32.1543
2035-09-27,26.8329,0.0000,19.8652,4.4613,2105.8072,503.0506,94.1285,9.6138,629.9084,38.9624
2035-09-28,28.9925,0.0000,15.2283,5.0182,2112.7298,507.5922,95.7622,12.3689,634.2384,45.8000
2035-09-29,30.7939,0.0009,15.9023,6.2504,2119.9768,512.3675,96.0587,13.7008,638.7772,48.8544
2035-09-30,24.2021,0.0328,27.8309,15.6147,2126.0371,515.6185,94.3063,17.2843,641.9897,56.4525
2035-10-01,19.5599,0.1972,28.4518,13.8010,2130.2619,517.8583,93.2935,13.7048,644.2064,48.8634
2035-10-02,20.4903,0.0580,28.8031,10.1124,2134.6542,520.1874,93.0459,10.9931,646.5098,42.4826
2035-10-03,22.9227,0.0000,25.8726,9.4760,2139.4842,522.8855,93.0963,10.7214,649.1461,41.8058
2035-10-04,26.5310,0.0001,29.5744,5.0100,2144.9638,525.8340,93.1467,8.6214,652.0474,36.2876
2035-10-05,28.0821,0.0774,30.6942,4.7879,2150.7226,528.8985,93.1971,8.5857,655.0672,36.1890
2035-10-06,28.2190,0.0000,31.8665,10.0762,2156.5060,531.9253,93.2475,11.2867,658.0579,43.2058
2035-10-07,20.9269,0.0798,41.6048,14.3390,2160.9768,533.8742,91.1748,10.4435,660.0693,41.1052
2035-10-08,19.8721,0.0020,33.8260,5.8517,2165.2578,535.9770,91.2245,6.8578,662.1752,31.1714
2035-10-09,23.1883,0.0349,32.0301,7.1644,2170.1357,538.4784,91.2743,7.3788,664.6536,32.7374
2035-10-10,22.1700,1.1354,44.3332,10.5911,2174.8303,540.4412,86.0501,4.1584,666.6989,22.0590
2035-10-11,19.9713,9.3764,60.9138,13.9286,1329.5567,91.3607,60.6754,0.8606,155.9338,5.5183
2035-10-12,20.3374,3.2051,57.2217,12.7028,1264.3476,68.7713,67.4351,1.0927,121.0781,6.1664
2035-10-13,19.9714,0.1411,53.2796,4.9049,1268.6465,70.2629,80.3798,1.5158,123.4350,8.3910
2035-10-14,21.4817,0.1867,49.7439,7.3075,1273.2172,71.9825,85.8429,3.4234,126.1368,16.3585
2035-10-15,19.4545,3.5907,61.2485,11.3263,1203.4931,53.7523,68.6533,1.0606,96.7065,5.1852
2035-10-16,19.0841,0.4271,55.1928,9.2723,1207.6322,55.1226,81.0069,2.0244,98.9534,9.5195
2035-10-17,18.2910,0.0221,45.9236,9.5861,1211.6286,56.7115,86.0445,3.9500,101.5411,16.4356
2035-10-18,19.0413,0.0002,38.3041,10.3531,1215.7600,58.5943,88.6110,5.9183,104.5870,22.4087
2035-10-19,21.0268,0.0000,28.6870,13.0532,1220.2489,60.9852,91.0946,9.6773,108.4235,31.9694
2035-10-20,22.5585,0.0000,32.3130,13.5231,1225.0134,63.4116,91.1444,9.9796,112.2916,33.1315
2035-10-21,25.6685,0.0000,33.6897,12.3448,1230.3377,66.1011,91.3276,9.6526,116.5481,32.9120
2035-10-22,23.9640,3.4272,55.2349,10.8762,1173.2725,50.9687,75.2340,1.3426,91.9512,6.2965
2035-10-23,21.9479,0.1570,63.6892,10.2055,1177.9271,52.2368,82.5182,2.5409,94.0470,11.1566
2035-10-24,20.0907,1.2399,61.1757,9.3834,1182.2474,53.4834,79.6716,1.7643,96.0983,8.3073
2035-10-25,19.6134,0.0062,43.2785,7.1538,1186.4818,55.2636,86.2189,3.5812,98.9992,15.0550
2035-10-26,20.6615,0.0588,55.2025,8.4095,1190.9049,56.7407,86.5179,3.9796,101.4030,16.5164
2035-10-27,19.4337,0.9596,75.4979,10.5246,1195.1069,57.5030,80.0685,1.9465,102.6575,9.4096
2035-10-28,20.9860,0.2053,73.1488,6.3830,1199.5884,58.4016,82.1537,2.0034,104.1294,9.7213
2035-10-29,22.5253,0.0084,56.5387,5.2606,1204.3470,59.9574,85.4086,2.9064,106.6420,13.3229
2035-10-30,23.1284,0.0125,51.7983,6.2603,1209.2141,61.7269,87.0755,3.8654,109.4819,16.7974
2035-10-31,24.1902,0.0000,42.1999,5.6152,1214.2723,63.9418,88.9882,4.9207,113.0066,20.3623
2035-11-01,23.9676,0.0000,42.8100,6.8708,1218.2905,65.8424,89.2693,5.4580,116.0104,22.1920
2035-11-02,22.2464,0.0071,48.0311,4.7223,1221.9988,67.4510,89.3185,4.9326,118.5438,20.8381
2035-11-03,19.9051,1.4153,54.0459,8.0418,1225.2857,68.7308,81.3043,1.9686,120.5555,10.3586
2035-11-04,19.9966,0.0000,43.7949,10.6249,1228.5891,70.3028,86.8564,4.6684,123.0085,20.3454
2035-11-05,20.3498,0.0000,44.9453,13.4544,1231.9561,71.8685,88.0472,6.3818,125.4422,25.5860
2035-11-06,20.4061,0.0001,47.5599,13.2387,1235.3332,73.3637,88.0959,6.3570,127.7591,25.6980
2035-11-07,19.8822,0.0018,49.8584,12.3009,1238.6160,74.7585,88.1446,6.1061,129.9142,25.1473
2035-11-08,20.1138,0.0012,50.9595,7.4467,1241.9405,76.1378,88.1934,4.8147,132.0389,21.3943
2035-11-09,20.2417,0.0000,46.5924,7.1163,1245.2880,77.6490,88.2421,4.7685,134.3541,21.3841
2035-11-10,19.3444,0.0000,41.2693,8.7000,1248.4740,79.2409,88.7086,5.5221,136.7784,23.8803
2035-11-11,19.2365,0.0000,37.8455,9.2317,1251.6406,80.9167,89.3002,6.1748,139.3168,25.9766
2035-11-12,19.4207,0.0000,37.4594,7.3761,1254.8403,82.6182,89.5120,5.7971,141.8827,25.0121
2035-11-13,21.3213,0.0000,31.4632,7.9944,1258.3821,84.6555,90.7658,7.1563,144.9354,29.1056
2035-11-14,21.9289,0.0635,35.6825,9.2959,1262.0333,86.6193,90.8154,7.6956,147.8666,30.7540
2035-11-15,19.9275,0.4151,52.9518,8.0984,1265.3243,87.9309,89.0151,5.5982,149.8313,24.8244
2035-11-16,20.8599,1.7502,48.0810,10.4515,1268.7830,82.3282,81.3321,2.2299,141.6742,12.2921
2035-11-17,14.7838,1.5329,65.0725,9.1376,1271.1481,80.1854,74.2978,1.1701,138.5250,7.0326
2035-11-18,14.3027,0.0192,45.5672,5.7594,1273.4266,81.2970,82.5850,2.0479,140.2152,11.4336
2035-11-19,13.3888,12.6543,77.8249,9.6521,979.4239,40.6633,39.9837,0.0563,73.6791,0.1255
2035-11-20,15.1571,1.4473,76.2009,7.8515,981.8562,41.1762,53.1000,0.3449,74.5377,0.7754
2035-11-21,14.7757,0.1393,64.8630,4.9098,984.2198,41.9158,68.9419,0.7747,75.7649,2.9973
2035-11-22,16.7218,0.1188,57.9429,5.7925,986.9337,42.9095,79.1876,1.4037,77.4055,5.8197
2035-11-23,18.2975,0.0000,55.1316,6.1342,989.9313,44.0634,83.9414,2.4873,79.3021,9.8828
2035-11-24,18.1197,0.0000,57.2284,5.9578,992.8968,45.1533,85.2315,2.9374,81.0877,11.4835
2035-11-25,18.4700,0.0004,55.7942,5.3398,995.9254,46.3002,85.8657,3.1101,82.9587,12.1905
2035-11-26,19.6444,0.0001,52.5338,4.6235,999.1654,47.6057,86.5944,3.3243,85.0775,13.0457
2035-11-27,18.8836,0.0009,60.6024,5.9035,1002.2685,48.6495,86.6427,3.5701,86.7697,13.9533
2035-11-28,17.0139,0.0208,67.6172,5.2531,1005.0350,49.4272,85.7614,3.0517,88.0311,12.4377
2035-11-29,18.0090,0.0817,67.6302,4.5314,1007.9806,50.2473,85.6351,2.8913,89.3584,12.0178
2035-11-30,18.9097,0.0906,61.7633,6.9769,1011.0883,51.2617,85.6830,3.2924,90.9904,13.4615
2035-12-01,17.9213,0.0005,58.2353,9.1259,1014.0182,52.1644,85.7309,3.6936,92.4403,14.8478
2035-12-02,17.6642,0.0011,55.4421,9.8168,1016.9017,53.1146,85.9938,3.9678,93.9599,15.8227
2035-12-03,18.0661,0.0227,55.7637,5.8905,1019.8576,54.0781,86.0760,3.2934,95.4968,13.8373
2035-12-04,18.2073,0.1006,54.1403,4.7617,1022.8389,55.0843,86.3026,3.2122,97.0959,13.6964
2035-12-05,17.2420,0.2173,55.0206,6.5615,1025.6465,56.0218,86.3507,3.5411,98.5820,14.8919
2035-12-06,18.5575,0.3631,56.9970,8.7492,1028.6909,56.9824,86.3989,3.9808,100.1024,16.4090
2035-12-07,18.1095,3.4039,70.9174,14.0784,993.4661,43.5968,66.0516,1.1161,78.5734,4.6758
2035-12-08,17.0642,31.2254,85.4273,22.7396,637.1987,16.0733,35.6181,0.0440,30.2397,0.0522
2035-12-09,17.1080,25.3549,86.7698,17.4819,483.5320,6.7735,27.1887,0.0037,13.0886,0.0026
2035-12-10,16.4905,34.7213,92.0209,15.1245,336.4458,2.7240,16.1663,0.0001,5.3400,0.0000
2035-12-11,17.9440,20.3264,79.6304,12.2055,273.8389,1.1135,31.0526,0.0085,2.2046,0.0027
2035-12-12,17.1775,2.3873,70.4105,10.0899,276.6348,0.8147,50.6126,0.2936,1.6175,0.0858
2035-12-13,14.3346,0.1441,65.4596,4.4424,278.9191,1.4206,66.9048,0.7079,2.8054,0.2437
2035-12-14,14.7659,1.8185,69.5559,10.1102,281.2809,1.2741,66.3276,0.9230,2.5196,0.3066
2035-12-15,14.2393,3.2326,75.0456,10.2797,277.9677,0.5974,55.5071,0.4902,1.1885,0.1333
2035-12-16,15.9088,6.8957,68.8622,14.5462,263.3456,0.6019,50.2032,0.3500,1.1969,0.0953
2035-12-17,12.8284,0.2436,61.0101,7.2593,265.3587,1.2190,68.3162,0.8548,2.4103,0.2800
2035-12-18,16.6211,6.6578,78.3048,15.8899,252.1119,0.4369,49.0987,0.3266,0.8700,0.0836
2035-12-19,14.6151,0.1469,66.0244,5.6821,254.4467,1.0437,66.6437,0.7467,2.0661,0.2334
2035-12-20,15.4898,0.0000,55.0001,8.8739,256.9388,1.8920,78.9598,1.6044,3.7157,0.6113
2035-12-21,14.5988,0.0072,61.8770,12.3140,259.2706,2.5721,82.5915,2.8518,5.0198,1.7690
2035-12-22,15.1006,0.1371,62.8906,10.8668,261.6927,3.2553,83.7867,3.0930,6.3143,2.3709
2035-12-23,14.4095,14.3461,81.0182,11.1403,225.6115,1.3191,38.7234,0.0474,2.6003,0.0159
2035-12-24,14.2254,0.1973,65.4072,7.2597,227.8761,1.9216,61.2338,0.6352,3.7638,0.2432
2035-12-25,14.5174,5.0564,81.3791,11.2672,220.1361,0.7654,44.4861,0.1339,1.5177,0.0385
2035-12-26,16.6197,2.6685,90.2796,7.0345,222.8316,0.1957,38.6406,0.0379,0.3906,0.0087
2035-12-27,18.6006,0.2472,74.8338,5.4926,225.8838,0.7591,59.2912,0.5157,1.5056,0.1481
2035-12-28,19.7845,0.0131,62.7867,8.7011,229.1490,1.6423,76.1811,1.2751,3.2269,0.4609
2035-12-29,18.6978,0.0243,65.3979,11.0207,232.2186,2.4208,81.8423,2.4372,4.7187,1.1456
2035-12-30,15.6793,10.4726,81.2773,8.7616,209.4522,0.9383,40.3408,0.0576,1.8558,0.0175
2035-12-31,14.4394,0.9916,68.5656,5.1883,211.7553,1.4934,57.1071,0.4334,2.9350,0.1515
2036-01-01,14.3130,1.8845,67.7775,5.6293,214.0356,1.3481,60.2967,0.5537,2.6544,0.1871
2036-01-02,14.3825,3.5583,73.1264,7.1280,210.7095,0.6893,51.4310,0.2779,1.3673,0.0780
2036-01-03,14.7635,15.2855,71.0626,11.6756,176.7150,0.5651,39.7549,0.0597,1.1213,0.0160
2036-01-04,12.3448,0.0734,65.2802,9.4078,178.6411,1.1398,61.6524,0.7244,2.2438,0.2321
2036-01-05,15.7159,0.0082,53.2288,6.3728,181.1739,2.1081,76.7637,1.1801,4.0970,0.4672
2036-01-06,15.1641,0.1826,59.5370,5.7433,183.6075,2.9183,81.7401,1.8454,5.6135,0.8355
2036-01-07,15.3908,0.3866,59.8107,6.5627,186.0818,3.7342,83.7759,2.4864,7.1116,1.8441
2036-01-08,15.9795,0.0415,57.3621,7.9707,188.6621,4.6307,84.9207,3.1148,8.7259,2.9658
2036-01-09,15.8455,0.0000,58.3431,9.7570,191.2183,5.4997,85.1911,3.5374,10.2616,3.8214
2036-01-10,14.4661,0.0453,58.8369,10.0827,193.5262,6.2886,85.2389,3.6197,11.6322,4.2306
2036-01-11,14.6964,0.0279,55.6881,8.7433,195.8756,7.1503,85.4695,3.4934,13.1046,4.3805
2036-01-12,14.1309,0.0001,54.2336,6.9847,198.1231,8.0084,85.6463,3.2768,14.5469,4.3671
2036-01-13,14.8072,0.0000,42.5814,6.6514,200.4924,9.1329,87.1644,3.9926,16.3983,5.7431
2036-01-14,13.3485,0.0000,51.5036,9.1474,202.5992,9.9955,87.2128,4.5590,17.7961,6.8281
2036-01-15,13.3904,0.0000,50.9629,7.9395,204.7134,10.8703,87.2613,4.3195,19.1928,6.7840
2036-01-16,14.4345,0.0000,43.3772,7.2596,207.0157,11.9532,87.5390,4.3429,20.8908,7.1607
2036-01-17,13.6146,0.0057,53.1010,9.0810,209.1703,12.8028,87.4245,4.6831,22.2074,7.9362
2036-01-18,13.8389,0.0009,55.7837,9.4207,211.3653,13.6160,87.0999,4.5484,23.4546,7.9789
2036-01-19,13.1244,0.0000,55.3759,6.4997,213.4317,14.3974,86.9763,3.8574,24.6396,7.0813
2036-01-20,14.2243,0.0000,48.0675,8.3343,215.6960,15.3772,87.0247,4.2603,26.1022,8.0101
2036-01-21,12.3508,0.0004,53.7515,8.8952,217.6232,16.1430,87.0456,4.3955,27.2353,8.4384
2036-01-22,10.8852,0.0016,61.8979,8.7335,219.2865,16.7052,85.9870,3.7535,28.0653,7.4674
2036-01-23,10.5729,0.0105,70.9291,8.6366,220.8936,17.1229,84.5018,3.0422,28.6867,6.2337
2036-01-24,11.1184,0.0115,61.6374,11.6544,222.5989,17.7000,84.5493,3.5647,29.5298,7.3496
2036-01-25,11.9781,0.0006,49.0497,11.2565,224.4590,18.5203,85.6962,4.0922,30.7066,8.5027
2036-01-26,12.5060,0.0000,50.9517,9.2374,226.4141,19.3419,85.9195,3.8137,31.8761,8.1728
2036-01-27,13.0303,0.0000,50.2552,9.1118,228.4635,20.2073,86.1318,3.9043,33.0962,8.5306
2036-01-28,12.6431,0.1994,58.2448,7.7394,230.4433,20.9137,86.1799,3.6682,34.0924,8.2221
2036-01-29,15.3743,0.0139,53.3792,5.2741,232.9147,21.8593,86.2280,3.2617,35.4103,7.5811
2036-01-30,16.1327,0.0000,52.1476,9.9901,235.5226,22.8745,86.3594,4.2141,36.8110,9.6930
2036-01-31,15.1222,0.1599,57.4292,10.6900,237.9486,23.7246,86.4076,4.3952,37.9818,10.2242
2036-02-01,16.6880,0.0674,57.1254,6.9628,240.6564,24.8080,86.4557,3.6674,39.4494,8.9711
2036-02-02,18.8854,0.1899,57.6584,5.7153,243.7598,26.0100,86.5039,3.4675,41.0655,8.7568
2036-02-03,16.2380,0.2504,70.7993,7.8506,246.3866,26.7292,85.1670,3.2027,42.0531,8.2909
2036-02-04,17.3535,1.2200,66.4218,6.6480,249.2142,27.6094,78.1860,1.3379,43.2422,3.5554
2036-02-05,17.5725,0.0005,54.1798,7.1292,252.0813,28.8247,83.6702,2.5229,44.8332,6.9701
2036-02-06,18.7369,0.2399,58.0659,7.3673,255.1579,30.0064,85.1543,3.1201,46.3778,8.6062
2036-02-07,14.6595,0.4240,60.8203,9.0107,257.5006,30.8835,85.2020,3.4119,47.5189,9.4306
2036-02-08,14.4427,0.1073,54.7568,3.8509,259.8043,31.8824,85.5089,2.7451,48.7949,7.9392
2036-02-09,15.6972,0.0009,51.1489,5.4978,262.3338,33.0480,86.1712,3.2724,50.2653,9.4162
2036-02-10,15.7513,0.0387,61.0029,7.0419,264.8730,33.9815,86.2193,3.5612,51.4585,10.2528
2036-02-11,17.6312,0.0001,58.7579,3.5433,267.7506,35.0788,86.2674,3.0060,52.8481,9.0299
2036-02-12,21.0336,0.0000,47.6439,7.3906,271.2407,36.7249,87.5689,4.3904,54.8752,12.6158
2036-02-13,22.1882,0.0000,46.8653,4.8950,274.9386,38.4827,88.1299,4.1954,57.0147,12.4378
2036-02-14,23.3032,0.0000,44.3155,6.4738,278.8371,40.4130,88.7793,4.9865,59.3290,14.5630
2036-02-15,23.2868,0.1059,44.1095,9.9009,282.7328,42.3491,88.9492,6.0727,61.6228,17.2627
2036-02-16,14.6052,1.6154,57.9087,12.3372,285.0657,41.5255,77.8839,1.7373,60.8801,6.0326
2036-02-17,15.4510,0.0695,43.7988,6.5243,287.5509,42.8469,84.5405,2.7494,62.4355,9.2734
2036-02-18,18.1941,0.0000,44.7725,8.1899,290.5298,44.3605,87.0975,4.2735,64.2105,13.5083
2036-02-19,20.1683,0.0006,49.2912,7.4629,293.8641,45.8925,87.4410,4.3266,66.0123,13.8557
2036-02-20,21.9056,0.1166,48.7118,6.2143,297.5111,47.5686,87.8220,4.2903,67.9686,13.9955
2036-02-21,21.9763,0.0001,46.7852,5.3250,301.1709,49.3129,88.1791,4.3176,69.9800,14.2994
2036-02-22,20.5899,0.0104,46.8834,7.3178,304.5810,50.9495,88.2278,4.8072,71.8513,15.7569
2036-02-23,18.3340,0.2163,57.7894,10.4172,307.5852,52.1148,87.5552,5.1037,73.2165,16.6572
2036-02-24,15.9391,1.7168,60.2291,9.6552,310.1582,50.0354,76.3852,1.3562,71.3108,5.3019
2036-02-25,18.4813,0.0020,44.2899,5.1471,313.1888,51.5850,84.5803,2.5790,73.0784,9.6842
2036-02-26,20.9465,0.0335,49.2603,5.7764,316.6632,53.1740,86.8584,3.6575,74.9036,13.0628
2036-02-27,20.8708,0.1400,52.7010,5.5103,320.1240,54.6502,87.0241,3.6949,76.6058,13.3402
2036-02-28,20.3326,0.1383,48.3579,7.8034,323.4878,56.2224,87.5679,4.4820,78.3860,15.6870
2036-02-29,20.7609,0.0692,43.9671,7.3835,326.9288,57.9625,88.3543,4.9114,80.3230,17.0256
2036-03-01,21.1893,0.0000,39.5762,6.9636,330.4469,60.2582,89.2230,5.4472,82.7789,18.6914
2036-03-02,19.3472,0.0000,51.2222,7.2981,333.6334,61.9583,88.7886,5.2049,84.6270,18.2970
2036-03-03,18.4777,1.6268,54.6526,6.7965,336.6634,60.6133,78.8580,1.4313,83.5986,6.2590
2036-03-04,13.7374,2.7879,63.2165,13.0167,338.8401,49.7240,66.4334,1.0726,72.7560,4.2212
2036-03-05,16.0787,0.0000,37.5227,5.3471,341.4383,51.5535,81.5026,1.7588,74.8523,7.0299
2036-03-06,18.6845,0.0000,37.4736,5.2289,344.5055,53.6622,87.2662,3.7707,77.2443,13.6192
2036-03-07,20.6874,0.0000,41.0404,6.4797,347.9332,55.8519,88.6770,4.9152,79.7137,16.9736
2036-03-08,21.4461,0.0287,37.9357,9.0145,351.4975,58.2371,89.5926,6.3693,82.3601,20.8818
2036-03-09,21.1726,0.3854,44.4878,7.7994,355.0126,60.3447,89.6419,6.0335,84.6974,20.3873
2036-03-10,16.2676,1.7134,60.2321,12.3798,357.6447,57.9034,77.5911,1.7001,82.4392,7.2705
2036-03-11,18.2756,0.0003,46.3009,7.6411,360.6383,59.6770,84.8693,3.0419,84.4273,12.1025
2036-03-12,20.3133,0.0000,47.0728,5.8882,363.9987,61.6089,87.1409,3.8291,86.5817,14.7111
2036-03-13,23.7878,0.0000,37.6038,5.4730,367.9845,64.2560,89.6433,5.3672,89.4594,19.2858
2036-03-14,25.8964,0.0000,34.0208,5.9556,372.3499,67.2922,91.0513,6.7258,92.7013,23.1026
2036-03-15,26.4069,0.0007,31.2439,9.2872,376.8071,70.5161,91.8501,8.9110,96.0806,28.5860
2036-03-16,24.2038,0.2226,38.2858,11.7989,380.8678,73.1780,91.7587,9.9833,98.8666,31.2954
2036-03-17,18.1276,5.6045,63.1557,12.1604,366.9460,47.0021,62.7364,0.8802,71.2031,3.3133
2036-03-18,17.7714,1.0165,57.0270,5.2837,369.8488,48.3844,73.4663,0.9268,72.9200,3.5931
2036-03-19,19.0552,0.2112,51.5336,6.2185,372.9828,50.0495,82.7672,2.1445,74.9543,8.4004
2036-03-20,18.7273,3.2583,61.0176,7.9589,368.9473,39.7834,67.3252,0.8573,62.6720,2.8572
2036-03-21,20.1570,0.0349,49.7914,5.2200,372.2796,41.6027,81.1569,1.6789,65.0358,6.1130
2036-03-22,21.4248,0.0884,47.3646,6.7148,375.8400,43.6237,86.3564,3.5714,67.6244,12.0755
2036-03-23,21.8861,0.0070,43.4570,8.8095,379.4835,45.8391,88.3419,5.2680,70.4143,16.6947
2036-03-24,23.6797,0.0000,35.5785,9.0229,383.4499,48.5603,90.2536,7.0049,73.7661,21.0959
2036-03-25,25.7077,0.0173,30.3099,7.0716,387.7813,51.7449,91.7730,7.8832,77.6020,23.5612
2036-03-26,24.9116,0.0099,37.8038,9.1547,391.9694,54.5026,91.8230,8.8178,80.8872,26.0161
2036-03-27,22.1205,0.0046,41.6815,6.2188,395.6551,56.8109,91.0583,6.8225,83.6090,22.1114
2036-03-28,26.2241,0.0844,27.8425,4.1061,400.0794,60.1718,92.3849,7.4021,87.4591,23.9834
2036-03-29,28.6572,0.0181,23.8073,5.9892,404.9417,64.0366,93.7439,9.8439,91.7861,29.9083
2036-03-30,29.3492,0.0168,23.9892,5.2452,409.9285,67.9818,93.9757,9.7918,96.1149,30.4773
2036-03-31,30.0537,0.1454,26.3814,5.3170,415.0422,71.8913,94.0264,9.8965,100.3343,31.3286
2036-04-01,27.8654,0.3838,30.6371,7.1288,421.0120,76.7621,93.8742,10.6162,105.4555,33.5886
2036-04-02,20.9479,0.7273,45.6664,14.9421,425.7366,79.6663,88.2113,7.0423,108.5509,25.7610
2036-04-03,19.0363,0.7315,45.8053,13.2387,430.1171,82.3119,86.7300,5.2309,111.3506,21.1342
2036-04-04,16.2446,7.6259,67.1483,11.7839,405.8208,47.9462,54.8980,0.5007,74.0273,1.4728
2036-04-05,14.3738,6.1958,69.9187,12.8507,388.8706,30.3105,48.0605,0.2446,50.7348,0.4158
2036-04-06,14.7370,5.0429,64.2875,9.2397,377.5848,20.6557,49.1535,0.2352,36.3413,0.3165
2036-04-07,14.6399,6.5228,70.0756,9.1109,360.7396,12.8715,43.9948,0.1110,23.6348,0.1120
2036-04-08,16.0978,3.4629,60.6788,11.1069,356.8845,10.3876,55.8540,0.5268,19.3660,0.4679
2036-04-09,17.7185,0.0000,43.2374,9.7523,361.0278,12.9772,78.4469,1.6004,23.8144,2.6936
2036-04-10,19.3677,0.0000,38.3298,7.3246,365.4680,16.0373,86.6383,3.8327,28.9038,7.7436
2036-04-11,20.1085,0.0000,38.4039,6.5715,370.0415,19.2043,88.8255,5.0444,33.9977,10.7583
2036-04-12,22.2530,0.0714,35.6025,4.7206,375.0011,22.8502,90.0562,5.4825,39.6590,12.5388
2036-04-13,20.9136,1.6052,48.4590,7.9651,379.7195,24.5369,81.7681,2.0709,42.2487,5.5550
2036-04-14,19.7929,1.6556,49.0531,14.1342,384.2362,25.7828,80.3611,2.4084,44.1579,6.6114
2036-04-15,20.5135,0.6632,41.9697,16.6573,388.8827,28.8235,86.5913,6.0932,48.6350,15.2233
2036-04-16,21.3892,0.4379,40.5965,14.7772,393.6867,32.0622,88.8322,7.6348,53.2771,18.9160
2036-04-17,23.5049,0.2178,38.3206,12.5493,398.8716,35.7414,89.8931,7.9461,58.4002,20.4322
2036-04-18,25.3350,0.1554,34.5430,7.2187,404.3859,39.9363,90.9304,7.0454,64.0572,19.6599
2036-04-19,22.7224,2.5421,58.5545,9.6794,409.4299,35.7214,76.2505,1.3457,58.6502,4.5460
2036-04-20,24.8766,0.6582,52.9985,4.6346,414.8617,38.6813,83.8465,2.2774,62.7385,7.8972
2036-04-21,27.7935,0.0002,41.9606,5.3025,420.8186,42.7468,89.0548,4.8904,68.1795,15.5036
2036-04-22,29.3113,0.0010,35.4777,8.1919,427.0486,47.5039,91.3169,7.8182,74.3355,22.9052
2036-04-23,31.1981,0.0036,26.0578,10.1022,433.6183,53.2936,93.6593,11.9694,81.5347,32.1565
2036-04-24,32.4556,0.0000,25.3283,9.3670,440.4143,59.3681,94.1961,12.4256,88.8078,34.3905
2036-04-25,32.7782,0.0172,27.0151,8.2072,447.2683,65.3625,94.2469,11.8027,95.7452,34.4633
2036-04-26,28.7886,0.0435,23.8260,9.6084,453.4043,70.8820,94.2977,12.7553,101.9275,37.3315
2036-04-27,29.4419,0.1129,18.3464,8.7132,459.6578,76.9279,95.2059,13.8131,108.4716,40.4012
2036-04-28,30.4863,0.0000,15.4478,6.4285,466.0994,83.4025,96.0610,13.8286,115.2492,41.4556
2036-04-29,33.0661,0.0258,13.3310,7.2091,473.0053,90.5813,96.9681,16.2494,122.5103,47.0359
2036-04-30,31.2544,0.0673,23.3756,16.1286,479.5851,96.5915,96.0650,22.5575,128.4875,58.6553
2036-05-01,18.6636,4.3782,60.2956,17.3575,470.2051,65.4519,69.7088,1.4863,97.1099,7.1758
2036-05-02,20.5366,0.2081,40.2495,9.2879,476.3057,68.8554,84.5851,3.1794,101.1536,13.8948
2036-05-03,23.4992,0.0028,38.6475,8.9465,482.9396,72.8287,89.0323,5.8571,105.7782,22.3648
2036-05-04,26.1539,0.0145,38.7952,6.2167,490.0513,77.2202,90.2095,6.0430,110.7941,23.3646
2036-05-05,26.4324,0.1029,37.9259,8.9170,497.2131,81.7195,90.5954,7.3167,115.8412,27.2184
2036-05-06,24.6874,0.2794,43.4731,10.5612,504.0608,85.5571,90.6450,8.0052,120.1358,29.3814
2036-05-07,24.1749,0.0357,34.3101,10.8304,510.8163,89.9281,90.9294,8.4506,124.8898,30.9436
2036-05-08,28.8081,0.0000,25.5908,5.3313,518.4058,95.7869,93.2316,8.8668,131.0417,32.5265
2036-05-09,32.8849,0.0005,22.4149,7.8495,526.7290,102.7285,94.8159,12.5369,138.1152,41.5325
2036-05-10,34.0090,0.1067,24.4145,6.6207,535.2547,109.7149,94.8668,11.8668,145.0830,40.6868
2036-05-11,33.2715,0.0303,24.9432,11.1737,543.6475,116.5066,94.9178,15.0318,151.7247,47.8867
2036-05-12,31.9930,0.0000,23.6943,12.1861,551.8103,123.1546,94.9688,15.9294,158.0975,50.1680
2036-05-13,30.1053,0.0000,19.3015,15.3976,559.6332,129.7842,95.1693,19.2487,164.3074,56.9062
2036-05-14,31.2624,0.0000,25.1511,10.2213,567.6644,136.1613,95.2204,14.9332,170.2382,48.9488
2036-05-15,32.9562,0.0000,24.3666,5.6558,576.0006,142.9424,95.2715,11.9473,176.4276,42.7780
2036-05-16,33.3610,0.0446,29.4221,9.4732,584.4095,149.3455,95.0583,14.0655,182.2539,47.7191
2036-05-17,24.6298,2.3104,59.0491,15.2676,591.2469,111.0569,80.1210,2.4857,151.1403,13.6953
2036-05-18,25.3253,0.0132,44.9945,11.0596,598.2095,114.8836,87.6517,5.3448,155.2361,24.2755
2036-05-19,20.9828,1.6224,55.6319,14.9709,604.3904,108.8101,80.9709,2.6868,150.0744,14.5137
2036-05-20,20.2911,6.1678,61.6268,19.0585,577.5068,64.5964,65.7058,1.4161,100.9607,7.0393
2036-05-21,23.4559,0.0575,41.8752,7.7296,584.1329,68.3540,84.1387,2.7674,105.7666,12.7625
2036-05-22,25.9702,0.0000,34.2636,8.4206,591.2115,73.0389,90.2024,6.7460,111.6075,25.3188
2036-05-23,22.8049,0.0031,33.8438,14.5443,597.7204,77.2023,90.7462,9.9268,116.7165,33.5507
2036-05-24,23.8523,0.0082,28.1609,10.4959,604.4178,81.9215,91.9687,9.6309,122.3764,33.5075
2036-05-25,26.6835,0.0000,29.1256,11.3884,611.6249,87.1055,92.3984,10.7039,128.4703,36.5818
2036-05-26,26.6341,0.0000,29.7737,13.2420,618.8230,92.2331,92.4485,11.8352,134.3903,39.6662
2036-05-27,31.0021,0.0000,18.3920,9.5750,626.8074,99.1301,95.2936,14.5999,142.0836,46.1695
2036-05-28,32.5043,0.0000,18.2418,11.2845,635.0622,106.3631,95.7821,17.0074,149.9433,51.5828
2036-05-29,33.1899,0.0000,17.7358,14.9778,643.4403,113.7894,96.0265,21.1761,157.8093,59.8037
2036-05-30,34.4793,0.0010,17.6015,11.3959,652.0506,121.5076,96.2638,18.2549,165.7825,55.1787
2036-05-31,30.1015,0.0001,33.4188,14.1762,659.8729,126.9767,94.0660,15.5504,171.4668,50.2779
2036-06-01,23.8241,0.0007,30.3509,16.0346,667.5652,131.5469,93.3836,15.5316,176.2611,50.4964
2036-06-02,24.3460,0.0029,29.0487,11.4540,675.3515,136.3000,93.4341,12.4174,181.1835,44.0502
2036-06-03,28.3402,0.0000,26.3061,9.3306,683.8567,142.0117,93.4846,11.2362,186.9611,41.5275
2036-06-04,30.3931,0.0679,31.8457,10.3705,692.7315,147.6624,93.5351,11.9243,192.6577,43.3310
2036-06-05,30.5179,0.0000,33.6886,10.6242,701.6287,153.1821,93.5856,12.1630,198.1902,44.0483
2036-06-06,30.6346,0.0092,28.2530,11.7397,710.5470,159.1763,93.6361,12.9570,204.0658,46.0166
2036-06-07,30.6109,0.0030,29.2686,10.9876,719.4609,165.0812,93.6867,12.5632,209.8097,45.2602
2036-06-08,32.5407,0.0002,25.4190,10.0764,728.7223,171.6865,94.1951,12.8759,216.0940,46.1044
2036-06-09,29.8335,0.0000,30.1371,13.4423,737.4963,177.3759,94.2458,15.3632,221.5430,51.6297
2036-06-10,28.0281,0.0000,30.2480,13.3024,745.9453,182.7248,93.9871,14.7188,226.6504,50.3563
2036-06-11,24.8669,0.0783,37.6382,15.9359,753.8254,186.9880,92.3400,13.3501,230.8308,47.4237
2036-06-12,24.8065,0.6183,44.8928,12.9788,761.6945,190.7465,89.2074,7.3593,234.6119,32.2569
2036-06-13,28.8454,0.0233,31.1935,8.5244,770.2907,196.1709,92.0290,8.7948,239.7184,36.3483
2036-06-14,32.0680,0.0000,25.2918,11.2168,779.4670,202.6944,94.0275,13.3248,245.6744,47.5499
2036-06-15,30.7537,0.0353,32.4543,14.8269,788.4066,208.3588,93.9749,15.8671,250.9295,53.0991
2036-06-16,28.6108,0.0030,32.5264,13.9546,796.9606,213.6365,93.6495,14.5138,255.8275,50.2727
2036-06-17,32.3540,0.0000,21.3038,7.8571,806.1883,220.5675,94.9885,12.8422,261.9593,46.5930
2036-06-18,35.8564,0.1082,15.9727,7.7054,816.0464,228.7428,96.7604,16.2040,268.9881,53.9480
2036-06-19,33.3376,0.1735,25.1426,12.6689,825.4512,235.5296,96.0150,18.8209,274.9368,59.2006
2036-06-20,30.2540,0.1435,35.0406,14.9874,834.3009,240.8916,93.7564,15.5183,279.8077,52.5825
2036-06-21,30.1520,0.0894,33.2212,11.3291,843.1323,246.3859,93.7220,12.8441,284.7458,46.7228
2036-06-22,33.9867,0.0744,24.2473,9.5078,852.6539,253.3833,94.6681,13.3555,290.7563,47.9129
2036-06-23,33.2518,0.0009,24.1493,12.1844,862.0432,260.2429,94.7190,15.3913,296.6193,52.3868
2036-06-24,30.0896,0.0000,30.2555,14.0529,870.8633,265.9698,94.3534,16.0805,301.6345,53.8490
2036-06-25,31.4275,0.0657,29.1898,12.1615,879.9243,272.0335,94.4042,14.7215,306.8816,50.9849
2036-06-26,34.1700,0.0000,24.3053,9.4863,889.4789,279.0621,94.7288,13.4529,312.7900,48.1976
2036-06-27,36.7409,0.0000,20.1454,7.6489,899.4962,287.0173,96.0169,14.6182,319.3132,50.7905
2036-06-28,36.8459,0.2976,23.4991,9.1089,909.5325,294.6597,96.0682,15.8439,325.6051,53.4151
2036-06-29,34.8158,0.0853,29.5112,12.2611,919.2033,301.3247,95.3611,16.8709,331.2122,55.5428
2036-06-30,30.9973,0.0000,33.1569,15.2241,928.1869,306.9730,94.0826,16.4313,336.0758,54.6516
2036-07-01,29.4350,0.0000,32.8198,15.3436,937.1891,311.7907,93.7317,15.7451,340.4353,53.2313
2036-07-02,26.6522,0.0264,35.8256,16.0996,945.6905,315.9735,92.8039,14.3684,344.3293,50.2844
2036-07-03,26.2773,0.1316,38.2038,14.7282,954.1245,319.9468,92.2257,12.3611,348.0850,45.7396
2036-07-04,27.7959,0.0076,34.6508,11.3340,962.8317,324.3816,92.2758,10.4917,352.1563,41.1923
2036-07-05,31.8406,0.0000,25.0235,8.2226,972.2670,330.1820,94.0397,11.4780,357.1465,43.6396
2036-07-06,33.5643,0.0000,22.4297,11.3102,982.0126,336.4971,94.9949,15.2962,362.4774,52.3049
2036-07-07,31.8551,0.0000,24.9012,12.6000,991.4505,342.3095,95.0459,16.4379,367.4518,54.6982
2036-07-08,33.6692,0.0000,24.0277,9.8831,1001.2150,348.5132,95.0969,14.4352,372.6964,50.4543
2036-07-09,32.8379,0.0000,29.4786,12.3718,1010.8298,354.1342,94.9393,16.0144,377.5719,53.8274
2036-07-10,33.7317,0.0000,29.6928,11.2209,1020.6055,359.8856,94.9903,15.2181,382.5418,52.1508
2036-07-11,34.8284,0.0000,27.2479,12.1388,1030.5786,366.0244,95.0413,16.0502,387.7562,53.9071
2036-07-12,33.4791,0.0000,26.4860,15.5452,1040.3088,371.9946,95.0923,19.1893,392.8236,60.1726
2036-07-13,30.2333,0.0003,29.1677,16.4713,1049.4548,377.2070,94.6090,18.8158,397.3573,59.4558
2036-07-14,29.2141,0.9707,36.2466,17.2591,1058.4174,381.7459,90.6386,11.2085,401.4806,43.0024
2036-07-15,26.2421,1.5009,49.1822,15.4952,1066.8449,213.3815,85.3497,4.8282,284.5031,24.4031
2036-07-16,29.1391,0.0000,31.7609,7.2960,1075.7940,218.2277,91.4726,7.6402,289.5934,33.3816
2036-07-17,35.2442,0.0000,21.4240,5.5735,1085.8419,224.9347,95.2747,11.9032,296.3799,44.5620
2036-07-18,36.8994,0.0000,21.5813,7.4531,1096.1878,231.9331,95.7733,14.0047,303.3879,49.4065
2036-07-19,36.7948,0.0000,23.2656,11.8468,1106.5149,238.7623,95.8246,17.5973,310.1924,56.9583
2036-07-20,34.3394,0.0000,21.7152,11.7348,1116.4000,245.2780,95.8758,17.6203,316.6387,57.0210
2036-07-21,37.2547,0.0000,19.5920,9.4487,1126.8098,252.5211,96.2722,16.5677,323.6917,54.9102
2036-07-22,37.7114,0.0000,19.5858,11.4269,1137.3019,259.8509,96.3627,18.5288,330.7673,58.8382
2036-07-23,37.9759,0.0000,16.8139,9.1082,1147.8415,267.4850,96.9842,17.9196,338.0361,57.6554
2036-07-24,37.8421,0.0000,17.9766,7.7734,1158.3571,274.9867,97.0358,16.8701,345.1389,55.5613
2036-07-25,38.8136,0.0000,15.7755,8.3461,1169.0476,282.8819,97.3520,18.1118,352.5137,58.0527
2036-07-26,38.3695,0.0000,16.4341,11.7816,1179.6581,290.6281,97.4038,21.6839,359.7070,64.7894
2036-07-27,39.4134,0.0000,17.6947,11.9007,1190.4565,298.4593,97.4556,21.9651,366.9338,65.3027
2036-07-28,39.3650,0.0000,18.4659,11.2693,1201.2462,306.2079,97.5075,21.4243,374.0466,64.3310
2036-07-29,38.6970,0.0000,22.9776,8.2564,1211.9156,313.4068,97.2680,17.8296,380.6920,57.5175
2036-07-30,37.8809,0.0000,27.4324,10.1324,1222.4382,320.0503,96.3371,17.2990,386.8770,56.4615
2036-07-31,36.3312,0.0000,29.4866,11.7600,1232.6818,326.2491,95.6230,17.0474,392.6773,55.9565
2036-08-01,34.2568,0.0000,29.5112,13.1864,1241.8521,331.3943,95.2159,17.3290,397.5609,56.5264
2036-08-02,35.5333,0.0000,29.1346,11.8351,1251.2521,336.7537,95.2669,16.3017,402.6147,54.4346
2036-08-03,35.6030,0.0000,29.8005,12.0604,1260.6646,342.0728,95.3180,16.6032,407.6279,55.0567
2036-08-04,32.0266,0.0000,35.2129,14.7468,1269.4334,346.5035,93.8687,15.5723,411.9162,52.9133
2036-08-05,31.7223,0.0000,28.2072,13.4233,1278.1474,351.3683,93.9194,14.6703,416.4955,50.9833
2036-08-06,31.6242,0.0000,21.7782,11.9709,1286.8437,356.6527,94.8083,15.4146,421.3555,52.5817
2036-08-07,31.3860,0.0000,25.6760,11.7793,1295.4972,361.6374,94.8593,15.3736,425.9885,52.4955
2036-08-08,33.2325,0.0000,21.2111,9.1872,1304.4831,367.2218,95.2406,14.2142,431.0700,49.9885
2036-08-09,34.2932,0.0000,20.4606,10.4517,1313.6599,373.0335,95.5889,15.8861,436.3188,53.5776
2036-08-10,33.0703,0.0000,21.6060,9.9839,1322.6165,378.5637,95.6401,15.6243,441.3300,53.0285
2036-08-11,37.3477,0.0000,16.7825,5.2542,1332.3431,385.1690,96.8483,14.4908,447.1615,50.5972
2036-08-12,39.7445,0.0000,20.4819,10.1224,1342.5011,391.8741,96.8999,18.6479,453.1001,59.1427
2036-08-13,40.9081,0.0081,21.6127,7.8927,1352.8686,398.6722,96.9515,16.7816,459.1103,55.4302
2036-08-14,41.7503,0.0000,20.3152,5.7440,1363.3876,405.7213,97.0032,15.1639,465.2879,52.0532
2036-08-15,43.8141,0.0000,17.6411,4.7798,1374.2782,413.3579,97.7588,15.9723,471.8820,53.7614
2036-08-16,44.9838,0.0000,15.2342,5.8370,1385.3793,421.4224,98.4279,18.3996,478.7580,58.6612
2036-08-17,44.4240,0.0000,14.1953,7.5809,1396.3796,429.4865,98.5493,20.4124,485.5894,62.4984
2036-08-18,43.5450,0.0000,15.5175,9.2592,1407.2217,437.2731,98.6015,22.3662,492.1925,66.0555
2036-08-19,42.1617,0.0000,16.2553,12.5778,1417.8148,444.7525,98.6537,26.6186,498.5395,73.3183
2036-08-20,37.7326,0.0109,27.2239,13.5241,1427.6107,450.5868,96.4827,20.9296,503.7142,63.4558
2036-08-21,34.2765,0.0000,27.5447,13.2762,1436.7844,455.8785,95.6788,18.5409,508.4448,58.9381
2036-08-22,36.4485,0.0000,16.8934,6.8851,1446.3492,462.3207,96.6929,15.4076,513.9419,52.5746
2036-08-23,39.0211,0.0000,14.3244,5.5903,1456.3770,469.4171,97.6608,16.4234,519.9005,54.6989
2036-08-24,40.1425,0.0000,13.4133,6.5406,1466.6066,476.7894,98.0464,18.1303,526.0420,58.1349
2036-08-25,40.5939,0.0000,11.3237,6.6310,1476.9175,484.4222,98.5257,19.3983,532.3354,60.5902
2036-08-26,38.3410,0.0009,14.7849,10.0978,1486.8229,491.3608,98.5779,23.2595,538.1259,67.6338
2036-08-27,38.2303,0.0000,17.0940,7.0296,1496.7084,498.0924,98.3635,19.3749,543.7750,60.5458
2036-08-28,37.4320,0.0000,25.1867,8.2105,1506.4501,504.0436,96.8565,16.8371,548.9249,55.5468
2036-08-29,35.8475,0.0000,29.3205,9.4157,1515.9067,509.4348,95.6712,15.2475,553.6888,52.2346
2036-08-30,35.1890,0.0000,34.3518,9.6921,1525.2447,514.3530,94.5453,13.2542,558.1492,47.8457
2036-08-31,32.7144,0.0274,41.8341,12.6441,1534.1373,518.4135,92.7695,12.0141,562.0278,44.9609
2036-09-01,30.0280,0.0214,40.1384,13.4355,1541.2463,521.7310,92.4458,11.9467,565.1696,44.8003
2036-09-02,30.4014,0.0000,32.5248,11.1032,1548.4226,525.5152,92.4960,10.6973,568.5952,41.7450
2036-09-03,31.2293,0.0000,29.8286,10.8669,1555.7478,529.5541,93.0349,11.4014,572.1928,43.4856
2036-09-04,30.6269,0.0000,30.3464,10.7548,1562.9647,533.4885,93.0852,11.4174,575.7087,43.5246
2036-09-05,31.0637,0.0000,26.4227,9.7885,1570.2601,537.7018,93.7113,11.8672,579.3978,44.6105
2036-09-06,33.3815,0.0000,19.0661,6.0334,1577.9728,542.6703,95.6125,12.7560,583.5922,46.7025
2036-09-07,34.8707,0.0000,18.5760,6.0803,1585.9535,547.8847,96.0893,13.6401,587.9690,48.7182
2036-09-08,34.0286,0.0844,22.6672,7.9774,1593.7827,552.7213,96.1407,15.1130,592.0969,51.9472
2036-09-09,33.3299,0.0068,26.5167,7.5700,1601.4861,557.2256,95.7011,13.9499,596.0088,49.4102
2036-09-10,32.3541,0.1885,33.9988,8.4633,1609.0138,561.1567,94.2426,11.9488,599.5599,44.8057
2036-09-11,34.4763,0.0147,25.7044,5.7153,1616.9236,565.8624,94.4841,10.7564,603.6169,41.8933
2036-09-12,31.5147,0.0007,30.0097,13.5944,1624.3002,569.9265,94.5350,16.1115,607.2131,54.0541
2036-09-13,31.4804,0.0000,21.9383,12.8719,1631.6707,574.4545,94.7956,16.1024,611.0688,54.0352
2036-09-14,32.9427,0.0000,21.3191,10.9202,1639.3044,579.2232,95.1702,15.3628,615.1031,52.4802
2036-09-15,34.1334,0.0000,18.8396,7.7845,1647.1524,584.3142,95.8945,14.4765,619.3525,50.5707
2036-09-16,33.9110,0.0000,22.2463,6.5420,1654.9603,589.1608,95.9458,13.6928,623.4531,48.8364
2036-09-17,33.5614,0.0000,22.2794,8.2193,1662.7054,593.9569,95.9971,15.0043,627.5105,51.7141
2036-09-18,33.0738,0.0000,20.0995,10.0615,1670.3627,598.8182,96.0485,16.5786,631.5849,55.0187
2036-09-19,31.7680,0.0002,22.6516,9.3112,1677.7849,603.3444,96.0863,16.0454,635.4273,53.9166
2036-09-20,31.7229,0.0402,22.1080,7.3160,1685.1990,607.8961,96.1377,14.6117,639.2795,50.8655
2036-09-21,32.0176,0.0000,22.6861,6.7041,1692.6662,612.4546,96.1367,14.1661,643.1419,49.8892
2036-09-22,32.5509,0.0000,21.2004,6.6924,1700.2294,617.1756,96.1881,14.2564,647.1080,50.0881
2036-09-23,32.6976,0.1985,20.3609,6.4409,1707.8189,621.9676,96.2395,14.1749,651.1145,49.9085
2036-09-24,31.4978,2.0573,27.3056,6.1849,1715.1925,149.3675,89.7653,5.6614,245.3247,27.0809
2036-09-25,30.3871,0.1423,33.6546,7.0520,1722.3662,153.0867,91.8951,8.0128,250.5092,34.2698
2036-09-26,30.2932,0.1098,35.3282,6.6594,1729.5230,156.7013,91.9451,7.9116,255.5239,34.0156
2036-09-27,30.6604,0.0679,30.2844,6.1233,1736.7459,160.6433,92.7891,8.6733,260.9452,36.1758
2036-09-28,29.0613,0.2635,37.9685,13.1728,1743.6809,163.9743,92.6527,12.1377,265.5243,44.9785
2036-09-29,24.8839,0.0124,45.0407,11.7739,1749.8640,166.5167,91.0018,8.9539,269.0311,36.9828
2036-09-30,25.9966,0.0105,37.1333,6.2032,1756.2474,169.5495,91.0515,6.8105,273.1691,30.8586
2036-10-01,26.2649,3.8838,41.7394,5.5708,1531.9911,94.4971,77.2357,1.1734,163.7439,7.5088
2036-10-02,22.1431,9.3342,67.4088,9.8200,1175.2696,51.1870,56.3068,0.5130,92.3217,2.0701
2036-10-03,24.6741,0.1314,49.0858,11.2956,1180.4149,53.1754,81.5241,2.3795,95.5859,10.6738
2036-10-04,23.8152,0.0746,55.8793,13.7233,1185.4056,54.8410,85.9425,4.7964,98.3114,18.6693
2036-10-05,25.0668,1.4305,58.3346,7.8094,1190.6217,56.4929,81.5189,1.9949,101.0047,9.5169
2036-10-06,22.4812,7.3807,74.2583,10.4014,1041.5738,33.1831,55.8096,0.5064,61.4703,0.9887
2036-10-07,20.8009,16.1561,78.1567,11.3413,809.2396,13.7933,41.6747,0.0837,26.4591,0.0909
2036-10-08,22.1384,5.4791,72.7583,5.7648,767.8931,8.9637,46.6969,0.1416,17.4192,0.1178
2036-10-09,24.2486,1.0165,61.2891,9.1312,772.9618,10.4506,72.2151,1.0693,20.2178,0.9759
2036-10-10,20.3508,0.2869,57.6760,11.4262,777.3290,11.8262,82.3617,2.6500,22.7857,4.6796
2036-10-11,18.9535,0.3720,51.6795,11.6192,781.4446,13.2944,85.7825,4.2183,25.5041,7.8335
2036-10-12,18.5700,0.0003,44.2931,9.6077,785.4912,14.9547,87.5815,4.9182,28.5505,9.5469
2036-10-13,20.0897,0.0000,40.8306,5.8738,789.8114,16.8544,88.6883,4.7752,32.0016,9.9343
2036-10-14,22.3865,0.0000,40.7705,7.5238,794.5450,18.9622,89.2922,5.6591,35.7891,12.1518
2036-10-15,23.9028,0.0000,40.1618,8.1013,799.5515,21.2291,89.7194,6.1945,39.8154,13.8323
2036-10-16,24.7567,0.0315,41.5413,6.6291,804.7117,23.5194,89.7687,5.7923,43.8359,13.8345
2036-10-17,25.7840,0.0007,41.2596,7.1174,810.0568,25.9122,89.8999,6.0493,47.9869,15.0295
2036-10-18,26.2497,0.0000,43.1588,6.2159,815.4857,28.2677,89.9492,5.8217,52.0269,15.2522
2036-10-19,25.6922,0.0697,49.0673,4.7747,820.8143,30.3354,89.9985,5.4523,55.5392,15.0362
2036-10-20,24.6217,0.0551,48.7016,6.8795,825.9502,32.3346,89.9572,6.0265,58.9043,16.7502
2036-10-21,24.6153,0.1294,47.7468,6.5399,831.0850,34.3706,90.0065,5.9663,62.3000,17.1378
2036-10-22,23.9772,0.0001,48.5300,7.1134,836.1049,36.3263,89.8978,6.0463,65.5345,17.7890
2036-10-23,25.9458,0.0000,38.5996,7.7226,841.4791,38.8425,90.3632,6.6644,69.6477,19.7395
2036-10-24,26.1732,0.0001,37.5398,5.2028,846.8943,41.4236,90.6354,6.1026,73.8204,19.0986
2036-10-25,25.7523,0.0006,38.3752,8.0717,852.2337,43.9309,90.6850,7.1018,77.8317,21.9160
2036-10-26,23.0060,0.0000,35.6509,10.1426,857.0788,46.2813,90.7346,7.9390,81.5532,24.2864
2036-10-27,24.4064,0.0000,39.5334,7.9874,862.1759,48.6182,90.7842,7.1725,85.2222,23.1422
2036-10-28,24.9660,0.0061,44.9809,9.4127,867.3738,50.7912,90.6813,7.5943,88.6104,24.5833
2036-10-29,25.5259,0.0017,47.7496,7.5365,872.6725,52.8991,90.3477,6.5876,91.8752,22.6611
2036-10-30,25.2552,0.0989,49.6294,3.8734,877.9224,54.9106,90.0014,5.2123,94.9711,19.4859
2036-10-31,25.1198,0.1238,49.2448,5.3833,883.1480,56.9270,89.9509,5.5839,98.0530,20.8211
2036-11-01,25.4132,0.0001,46.4306,9.5440,887.4263,58.8100,90.0003,6.9352,100.9029,24.6254
2036-11-02,23.4949,0.0001,50.2929,10.1327,891.3594,60.4309,89.5813,6.7275,103.3457,24.3869
2036-11-03,23.1061,0.0000,51.4970,7.6719,895.2225,61.9875,89.2885,5.6985,105.6809,21.9227
2036-11-04,23.4200,0.0415,53.1435,5.8783,899.1421,63.5107,89.0482,5.0295,107.9575,20.2486
2036-11-05,20.6067,0.1818,61.9612,7.5392,902.5553,64.6054,87.4507,4.3493,109.5981,18.3440
2036-11-06,20.2996,0.0763,55.8899,5.0820,905.9132,65.8569,87.4992,3.8695,111.4573,16.9571
2036-11-07,19.3757,7.9438,69.2344,12.8456,819.1253,37.2914,57.2709,0.6457,66.9616,2.0499
2036-11-08,20.4929,2.0913,68.2111,9.1295,822.5180,34.0055,65.3129,0.8458,61.6400,2.7645
2036-11-09,19.9169,0.2463,67.7820,5.3333,825.8070,34.9032,76.6359,1.1098,63.1353,3.9105
2036-11-10,20.3738,0.1196,63.2814,4.4263,829.1783,35.9486,82.0711,1.7971,64.8665,6.5071
2036-11-11,20.3604,0.1202,63.4160,5.3119,832.5472,36.9895,84.1068,2.4396,66.5833,8.7126
2036-11-12,18.7072,0.2452,72.3513,7.4553,835.6185,37.7155,84.1542,2.7351,67.7827,9.7135
2036-11-13,18.2924,4.1111,75.2147,10.1727,805.9262,27.0394,59.3432,0.6551,49.8939,1.4159
2036-11-14,16.2684,0.4342,59.4527,6.8434,808.5585,27.9731,74.8324,1.0716,51.4926,3.1637
2036-11-15,16.2520,0.0009,51.0279,4.6483,811.1879,29.0997,82.3172,1.8730,53.4096,5.9221
2036-11-16,18.2704,0.0867,53.8048,6.1144,814.1806,30.2861,85.1547,2.9294,55.4185,9.0945
2036-11-17,16.9630,16.8888,76.0656,13.9008,660.0460,12.7132,45.3601,0.1751,24.2583,0.1797
2036-11-18,14.5008,4.3868,68.1279,13.1287,638.7640,8.5446,50.1790,0.3249,16.5361,0.2618
2036-11-19,14.5400,0.0131,49.8001,5.1518,641.0852,9.5855,71.0535,0.8395,18.4802,0.7243
2036-11-20,19.0418,0.1228,48.5954,9.8082,644.2168,10.9582,83.0011,2.6473,21.0224,4.4278
2036-11-21,19.6342,0.2777,60.8914,7.4318,647.4549,12.0333,84.7103,2.9453,22.9979,5.2440
2036-11-22,20.6368,0.4444,62.0480,4.7460,650.8735,13.1270,85.2045,2.7531,24.9938,5.1740
2036-11-23,22.0632,0.0709,52.4715,6.1720,654.5489,14.5866,86.7712,3.6853,27.6336,7.2765
2036-11-24,23.1572,0.1285,52.0202,6.6784,658.4212,16.1296,87.3855,4.1261,30.3976,8.5132
2036-11-25,22.1142,0.0341,52.9845,5.5541,662.1058,17.5766,87.4340,3.9259,32.9654,8.5515
2036-11-26,21.2218,0.0033,55.0794,6.4111,665.6297,18.9060,87.4825,4.1277,35.3051,9.2954
2036-11-27,20.5715,0.0431,55.4060,5.4100,669.0366,20.1873,87.5310,3.9519,37.5426,9.2860
2036-11-28,20.6316,0.7528,55.0835,6.2054,672.4542,21.4814,85.0928,2.9179,39.7855,7.3733
2036-11-29,18.8289,0.2368,61.6618,5.6472,675.5474,22.4944,85.1859,2.8736,41.5315,7.4717
2036-11-30,17.0408,2.2836,73.6492,9.7587,678.3188,19.6546,68.7191,0.9821,36.6541,2.0195
2036-12-01,18.5624,5.1127,70.5747,9.1978,650.6656,12.8050,54.9360,0.4410,24.4091,0.4543
2036-12-02,14.7968,0.0042,56.1050,6.4545,653.0330,13.5980,72.6670,0.9508,25.8503,1.1189
2036-12-03,16.4902,0.0000,46.2996,7.6211,655.7053,14.6714,82.7890,2.3079,27.7884,4.6396
2036-12-04,16.2143,0.0000,48.9762,7.3596,658.3278,15.6754,85.6548,3.3433,29.5894,6.9407
2036-12-05,17.2814,0.0000,56.2940,5.9621,661.1425,16.5883,85.8177,3.1877,31.2185,6.8671
2036-12-06,19.2795,0.0001,58.3914,8.3869,664.3168,17.5520,85.8657,3.6262,32.9289,7.9710
2036-12-07,19.3560,0.0339,65.0489,8.7797,667.5049,18.3644,85.9136,3.7237,34.3652,8.3708
2036-12-08,18.1798,0.0474,65.8642,9.5238,670.4812,19.1123,85.9259,3.8726,35.6819,8.8564
2036-12-09,16.8073,0.0033,57.6207,9.6186,673.2106,19.9747,85.9739,3.9175,37.1908,9.1660
2036-12-10,14.1007,0.0001,46.9252,10.1428,675.4527,20.8916,86.6734,4.4396,38.7842,10.4347
2036-12-11,14.2560,0.0000,42.7702,7.1782,677.7228,21.8903,87.4049,4.2431,40.5094,10.3057
2036-12-12,16.9443,0.0000,39.8094,6.2695,680.4767,23.1245,88.3519,4.6418,42.6275,11.4234
2036-12-13,17.8566,0.0989,37.5574,5.3630,683.3949,24.4697,89.0401,4.8949,44.9184,12.2806
2036-12-14,15.6031,0.0119,50.2321,5.7817,685.9075,25.4143,88.4706,4.6069,46.5195,11.9325
2036-12-15,15.0923,0.0020,52.3341,5.4146,688.3281,26.2914,87.9903,4.2214,47.9994,11.3202
2036-12-16,15.0721,0.0056,57.6544,4.7920,690.7451,27.0696,87.2216,3.6652,49.3084,10.2386
2036-12-17,13.0439,0.1846,64.9208,5.9920,692.7970,27.6335,85.9052,3.2319,50.2556,9.3159
2036-12-18,13.8503,1.4417,71.9061,6.3896,694.9940,28.1108,74.2325,1.0155,51.0586,2.9372
2036-12-19,14.8681,0.0864,60.6211,6.0805,697.3743,28.8254,80.4990,1.6291,52.2513,5.0815
2036-12-20,15.6782,0.0036,54.1545,7.8371,699.9004,29.6995,84.1400,2.7829,53.7020,8.5327
2036-12-21,15.3727,0.0009,53.7717,7.0428,702.3714,30.5649,85.3749,3.1647,55.1318,9.6805
2036-12-22,15.8408,0.0000,54.0883,8.2782,704.9268,31.4487,85.8249,3.5859,56.5863,10.9086
2036-12-23,16.2152,0.0000,52.3268,8.6332,707.5495,32.3868,86.2213,3.8597,58.1225,11.7641
2036-12-24,16.7211,0.0000,51.0429,6.6426,710.2633,33.3783,86.5490,3.6567,59.7382,11.4435
2036-12-25,16.3207,0.0331,55.2679,3.9245,712.9051,34.2638,86.5972,3.2105,61.1769,10.4325
2036-12-26,16.7842,0.0678,53.9119,8.7608,715.6302,35.2005,86.6454,4.1245,62.6918,12.9583
2036-12-27,17.0115,0.0329,53.7827,4.6661,718.3963,36.1517,86.6937,3.3786,64.2237,11.1997
2036-12-28,18.0805,0.0149,52.8690,4.6246,721.3548,37.1790,86.7419,3.3947,65.8706,11.4132
2036-12-29,19.9015,0.0000,43.4619,6.0460,724.6410,38.5284,88.0800,4.4143,68.0159,14.3135
2036-12-30,18.1847,0.0011,48.9614,3.9236,727.6183,39.6469,88.1288,3.9943,69.7873,13.4380
2036-12-31,14.3613,0.0577,69.8365,7.3711,729.9073,40.1769,85.5876,3.3140,70.6339,11.6660
2037-01-01,15.0451,11.3023,83.6645,14.8014,643.8522,19.5379,41.0818,0.0896,36.3204,0.1205
2037-01-02,15.6704,15.2123,75.0107,21.7325,547.7931,9.0987,41.8329,0.1454,17.4718,0.1212
2037-01-03,13.6323,0.0735,57.2828,7.6162,549.9509,9.8734,65.2907,0.7831,18.8986,0.6851
2037-01-04,15.0764,0.0018,59.1684,6.5917,552.3686,10.6866,77.0105,1.2147,20.3871,1.4572
2037-01-05,15.3374,0.3039,77.6565,7.2163,554.8334,11.1387,79.3582,1.5332,21.2128,2.2886
2037-01-06,19.2759,0.3166,60.4833,7.5114,558.0070,12.1300,83.5284,2.5246,23.0095,4.4770
2037-01-07,15.1934,0.3832,68.2686,7.5422,560.4458,12.7665,83.5757,2.5442,24.1573,4.6655
2037-01-08,15.0354,3.0045,74.5820,14.6411,553.1945,9.6768,63.9425,1.0550,18.5427,0.9121
2037-01-09,15.2344,0.6713,67.9190,8.5937,555.6407,10.3219,73.7824,1.1107,19.7277,0.9982
2037-01-10,15.4085,0.1986,74.4744,6.4956,558.1182,10.8407,78.2401,1.3339,20.6773,1.7845
2037-01-11,16.5451,0.3097,65.7807,9.1030,560.8003,11.5841,81.9732,2.2478,22.0304,3.8270
2037-01-12,14.8700,0.0029,64.5282,5.8192,563.1809,12.2815,83.2284,2.2295,23.2930,3.9471
2037-01-13,15.4493,0.0482,64.4566,5.6560,565.6658,13.0056,83.8181,2.3886,24.5974,4.4203
2037-01-14,16.7560,0.0008,54.6373,7.6325,568.3859,14.0028,85.3596,3.2532,26.3808,6.3016
2037-01-15,14.7243,0.0210,62.3264,6.4367,570.7402,14.7367,85.4074,3.0834,27.6863,6.1737
2037-01-16,14.3901,0.1441,68.6699,7.6522,573.0345,15.3342,84.9890,3.0940,28.7453,6.3423
2037-01-17,15.0786,0.0169,67.8516,7.5238,575.4526,15.9745,85.0367,3.0943,29.8756,6.4988
2037-01-18,17.4256,0.0058,62.7860,5.5071,578.2932,16.8232,85.0845,2.8138,31.3653,6.1275
2037-01-19,18.6089,0.0017,56.6165,8.1491,581.3468,17.8759,85.7649,3.5329,33.1996,7.8273
2037-01-20,18.1737,0.0089,58.1062,8.1690,584.3221,18.8699,85.8129,3.5603,34.9206,8.1254
2037-01-21,16.4953,0.0461,57.8859,11.3292,586.9952,19.7822,85.8609,4.2030,36.4900,9.6223
2037-01-22,15.8544,0.0198,57.4993,12.2174,589.5530,20.6693,85.9089,4.4250,38.0073,10.2858
2037-01-23,15.3185,8.8308,70.2176,10.9603,543.0559,11.1880,50.5017,0.3028,21.2800,0.2855
2037-01-24,11.1238,2.8111,68.7943,7.9524,536.7088,8.5718,51.1795,0.2816,16.4854,0.2264
2037-01-25,11.4220,0.0004,50.5385,10.0005,538.4688,9.3343,71.3377,1.0824,17.8931,0.9153
2037-01-26,12.0017,0.0055,47.8256,5.8088,540.3331,10.1758,80.3796,1.5864,19.4365,2.2180
2037-01-27,13.6040,0.0022,47.0342,5.0160,542.4858,11.1346,84.4620,2.5212,21.1823,4.2242
2037-01-28,16.2468,0.0000,48.5693,6.6755,545.1142,12.2329,86.2276,3.5002,23.1662,6.2322
2037-01-29,17.3219,0.0000,50.9369,7.0626,547.9362,13.3457,86.6365,3.7815,25.1593,7.0410
2037-01-30,17.3402,0.0097,52.0007,5.2096,550.7614,14.4353,86.6847,3.4680,27.0952,6.8010
2037-01-31,17.6276,0.0449,48.6129,8.4848,553.6384,15.6201,87.1021,4.3402,29.1818,8.6864
2037-02-01,14.4885,0.0004,45.6731,10.6534,555.9503,16.8231,87.2182,4.9223,31.2798,10.0588
2037-02-02,13.8885,0.0000,43.3997,10.2673,558.1542,18.0281,87.4664,5.0015,33.3623,10.5701
2037-02-03,14.8041,0.0000,46.9663,8.4003,560.5229,19.2263,87.5150,4.5841,35.4156,10.1720
2037-02-04,15.0473,0.0001,50.1386,6.6795,562.9354,20.3699,87.5635,4.2326,37.3602,9.8129
2037-02-05,13.5764,0.0383,54.2052,9.2008,565.0832,21.3247,87.3006,4.6289,38.9725,10.8302
2037-02-06,15.9721,0.2186,51.2372,10.4892,567.6622,22.5072,87.3491,4.9736,40.9549,11.8087
2037-02-07,16.5364,0.0531,51.6041,10.5730,570.3427,23.7197,87.3975,5.0294,42.9715,12.2406
2037-02-08,16.5984,0.0010,51.4686,11.5422,573.0344,24.9398,87.4460,5.3178,44.9849,13.1251
2037-02-09,17.0625,0.0000,50.2703,10.4602,575.8097,26.2228,87.4946,5.0707,47.0848,12.9675
2037-02-10,18.5909,0.9702,47.0655,9.6120,578.8600,27.7034,84.6595,3.2646,49.4860,9.3087
2037-02-11,13.9990,1.8705,58.5087,8.7070,581.0839,26.1754,73.7456,1.1152,47.0521,3.0708
2037-02-12,15.1557,0.0004,42.7371,5.7113,583.5159,27.4977,83.0554,2.1685,49.1992,6.4380
2037-02-13,16.3343,0.0000,40.4084,7.0224,586.1601,28.9735,86.9185,3.9279,51.5739,11.1295
2037-02-14,17.0723,0.0000,43.2194,8.7625,588.9371,30.4392,87.7992,4.8623,53.9123,13.5360
2037-02-15,17.6210,0.0010,46.8987,9.1911,591.8128,31.8514,87.8479,5.0031,56.1480,14.1586
2037-02-16,18.0774,0.0000,43.0718,5.8309,594.7708,33.4022,88.1858,4.4334,58.5798,13.1953
2037-02-17,19.0074,0.0115,44.8782,7.1925,597.8961,34.9766,88.2346,4.7816,61.0279,14.3236
2037-02-18,18.4671,0.0011,49.0487,4.9249,600.9242,36.3928,88.2834,4.2952,63.2147,13.4417
2037-02-19,20.4092,0.0000,43.3493,4.1820,604.3019,38.1237,88.5531,4.3007,65.8601,13.7728
2037-02-20,21.4425,0.0000,39.7329,7.0640,607.8655,40.0535,89.2808,5.5205,68.7774,17.0679
2037-02-21,20.2586,0.0016,41.0949,9.3494,611.2161,41.8407,89.3299,6.2381,71.4531,19.0705
2037-02-22,20.6463,0.0385,38.5880,9.2725,614.6364,43.7378,89.5167,6.3828,74.2639,19.7969
2037-02-23,20.6185,0.0542,35.6025,10.1599,618.0517,45.7245,90.0101,7.1639,77.1751,21.9541
2037-02-24,20.7789,0.1068,31.2013,9.6475,621.4959,47.8627,90.8389,7.8595,80.2708,23.9154
2037-02-25,21.1558,0.0015,34.6211,7.1258,625.0080,49.9296,90.8886,6.9708,83.2357,22.3987
2037-02-26,21.7891,0.0024,33.6001,7.6016,628.6340,52.0885,90.9382,7.1907,86.3000,23.3368
2037-02-27,22.6179,0.0000,27.3958,7.5322,632.4092,54.5347,91.9259,8.2448,89.7259,26.1953
2037-02-28,23.8544,0.1085,24.2022,7.7597,636.4070,57.2215,92.8672,9.5226,93.4394,29.5011
2037-03-01,25.2261,0.2752,26.7102,8.1615,640.6517,60.5104,92.9175,9.7862,97.9031,30.7355
2037-03-02,24.5249,0.0115,34.1515,10.1353,644.7702,63.3867,92.6515,10.4133,101.7629,32.6276
2037-03-03,19.2742,0.0005,53.8808,4.8456,647.9435,64.9884,89.4236,5.0388,103.9192,19.9035
2037-03-04,21.2824,0.0000,43.4743,5.8489,651.4784,67.1450,89.4728,5.3376,106.7774,21.0241
2037-03-05,17.2912,0.0745,55.2738,10.1354,654.2948,68.5472,88.0828,5.4266,108.6402,21.4499
2037-03-06,13.2314,5.7457,80.0935,11.2721,622.5008,43.0256,49.2709,0.2645,73.3729,0.5877
2037-03-07,15.1862,8.1743,62.7218,13.3071,576.5237,24.4762,48.8541,0.2779,44.2553,0.4288
2037-03-08,13.3867,5.1299,68.0155,13.5481,554.5224,16.1352,48.7221,0.2765,30.0822,0.3271
2037-03-09,15.0417,0.0977,49.2385,3.6689,556.9339,17.5319,69.9297,0.7509,32.5057,0.9360
2037-03-10,18.0682,0.2315,44.4322,10.1361,559.8902,19.3476,83.1005,2.7259,35.6181,6.4544
2037-03-11,15.5013,7.8437,68.3657,8.7517,522.6093,11.1748,50.9088,0.2841,21.2155,0.2674
2037-03-12,16.9182,0.0089,49.4731,4.3126,525.3585,12.7267,72.5018,0.8480,23.9999,0.8639
2037-03-13,18.6772,0.5298,44.4450,7.2146,528.4244,14.5996,83.4984,2.4773,27.3126,4.9329
2037-03-14,14.1554,8.1257,77.2799,11.8670,492.2045,8.1250,46.5561,0.1887,15.6060,0.1468
2037-03-15,18.5981,0.0868,51.4809,11.4646,495.2562,9.7542,74.0548,1.3002,18.5929,1.4904
2037-03-16,16.1792,0.1027,61.2552,9.7295,497.8724,10.8954,81.0569,2.0833,20.6604,3.3434
2037-03-17,14.7227,4.4767,77.0956,12.1957,483.8522,7.1610,54.6716,0.5006,13.8110,0.3623
2037-03-18,14.5966,0.1076,42.8135,6.6882,486.1836,8.6911,75.3668,1.0955,16.6387,0.8860
2037-03-19,13.5312,8.0982,64.2675,13.9591,453.6833,5.0860,52.0171,0.4185,9.8948,0.2510
2037-03-20,15.9828,5.2496,58.6559,13.2490,437.8051,3.6045,55.7620,0.5822,7.0635,0.2936
2037-03-21,18.4248,16.3311,63.9173,10.1791,374.4069,2.3491,47.1912,0.1897,4.6256,0.0790
2037-03-22,16.2551,15.2229,78.6592,15.0794,323.7105,1.1327,37.4865,0.0449,2.2457,0.0144
2037-03-23,15.8166,17.1376,85.7464,12.6902,272.7280,0.4110,26.6236,0.0024,0.8190,0.0006
2037-03-24,16.2947,1.8351,52.6613,14.7222,275.3651,1.4036,59.4947,0.8322,2.7720,0.2853
2037-03-25,15.8677,0.0211,50.0042,8.0332,277.9253,2.8497,77.0261,1.3077,5.5569,0.5894
2037-03-26,18.0095,0.1268,41.7469,5.0908,280.8710,4.7472,85.0558,2.7445,9.1095,2.5894
2037-03-27,20.1268,0.1599,39.8099,5.6136,284.1978,6.9251,88.1897,4.3876,13.0549,5.5183
2037-03-28,22.4659,0.2344,39.6025,8.4646,287.9457,9.3513,89.3863,6.0145,17.2981,8.6127
2037-03-29,18.3005,0.7069,53.4365,12.3462,290.9438,10.8911,85.9177,4.4594,19.9182,7.1366
2037-03-30,17.9616,0.1262,49.9235,5.6305,293.8809,12.5182,86.7311,3.5657,22.6269,6.2520
2037-03-31,18.7465,6.6436,66.2957,12.3540,279.9096,7.8830,59.4367,0.7358,14.7289,0.5530
2037-04-01,21.0638,0.0972,55.3765,4.0946,284.6551,10.2807,77.0375,1.0732,18.8586,0.9377
2037-04-02,23.6205,0.0508,44.7825,11.4411,289.8608,13.5899,86.6958,4.7548,24.3283,8.4707
2037-04-03,23.5936,0.0000,43.3827,10.2113,295.0616,16.9793,88.7207,5.9694,29.6877,11.4524
2037-04-04,25.5162,0.0082,37.6812,7.3263,300.6085,21.0005,90.2490,6.4267,35.7562,13.4323
2037-04-05,26.2974,0.0027,31.9887,13.8812,306.2961,25.5178,91.6228,10.8762,42.2383,21.6890
2037-04-06,26.6335,0.0111,33.6660,17.5431,312.0441,29.9778,91.6727,13.1731,48.3445,26.5254
2037-04-07,27.0119,0.0056,36.0904,18.2178,317.8602,34.3334,91.7226,13.7253,54.0668,28.8177
2037-04-08,26.0495,0.0000,43.9033,9.0063,323.5031,38.0256,91.1661,7.9728,58.7786,20.5507
2037-04-09,28.6874,0.0546,38.5357,5.4143,329.6209,42.4642,91.2158,6.7000,64.2390,18.9808
2037-04-10,27.6936,0.2158,40.3309,6.6458,335.5597,46.6294,91.2656,7.1796,69.2139,20.7625
2037-04-11,23.4644,0.1677,46.5316,11.1582,340.7373,49.8135,90.3553,7.9151,72.9610,22.8822
2037-04-12,25.7599,0.0000,29.4610,6.5949,346.3281,54.4068,91.9423,7.8828,78.1291,23.6435
2037-04-13,26.9721,0.0005,34.6233,7.5149,352.1371,58.8561,91.9923,8.3154,83.0216,25.3192
2037-04-14,26.9834,0.0082,36.6863,6.9917,357.9481,63.1667,92.0424,8.1565,87.6601,25.6938
2037-04-15,25.9483,0.0076,33.2084,8.2722,363.5728,67.5464,92.0924,8.7619,92.2474,27.6980
2037-04-16,28.9350,0.0002,22.4486,5.3390,369.7351,73.1933,94.0135,9.8898,97.9238,30.9573
2037-04-17,28.0400,0.0000,30.7048,9.6113,375.7363,78.0886,93.8771,12.0356,102.7772,36.0723
2037-04-18,28.2263,0.0108,27.9097,12.9585,381.7710,83.2140,93.9277,14.3473,107.7259,41.2805
2037-04-19,27.1697,0.1145,32.3294,13.4956,387.6156,87.8518,93.4786,13.8486,112.1548,41.0380
2037-04-20,30.3936,0.1253,33.5194,12.0514,394.0404,92.9276,93.5291,12.9675,116.9208,40.0002
2037-04-21,21.7615,0.0812,41.4483,14.2364,398.9115,96.1728,91.3442,10.6431,120.0119,35.5262
2037-04-22,21.8038,0.0204,30.6402,9.3126,403.7902,100.0240,91.3940,8.3635,123.5412,30.6007
2037-04-23,20.5955,2.6406,54.0820,13.5241,408.4513,80.1298,76.8327,1.7004,107.5244,8.6069
2037-04-24,23.3623,0.0415,43.7705,7.2651,413.6106,83.4645,86.3962,3.6925,110.9540,16.3363
2037-04-25,21.1488,2.1711,54.7463,10.4724,418.3714,73.9155,77.4243,1.5242,102.5404,7.5974
2037-04-26,21.3908,0.2859,44.9975,8.5886,423.1757,76.9145,85.9215,3.6921,105.7689,15.9506
2037-04-27,25.6730,0.0005,30.6340,5.5142,428.7508,81.4168,90.9508,6.4844,110.4157,24.5116
2037-04-28,25.1710,0.0639,32.3144,11.2963,434.2356,85.7277,91.4648,9.3361,114.7968,31.9862
2037-04-29,24.0387,0.0000,30.3985,11.2632,439.5166,89.9695,91.7047,9.6433,119.0267,33.1721
2037-04-30,27.8849,0.0000,22.8181,6.6257,445.4899,95.3929,93.7356,10.1530,124.2641,34.9031
2037-05-01,29.8031,0.0000,23.3185,6.4733,453.2584,101.6315,94.1776,10.7121,130.2500,36.7788
2037-05-02,27.3089,0.0568,30.7308,12.0422,460.5780,106.8122,93.8056,13.4697,135.2248,43.1971
2037-05-03,26.2519,0.0160,25.0498,12.5593,467.7074,112.2093,93.8562,13.9228,140.2806,44.6278
2037-05-04,23.8502,0.0003,26.6278,12.6828,474.4044,117.0287,93.9069,14.1085,144.7736,45.4235
2037-05-05,23.8824,0.0000,18.2843,11.3318,481.1072,122.4032,94.3620,14.0367,149.6326,45.6907
2037-05-06,25.4961,0.0000,15.9004,8.6753,488.1005,128.2917,95.1600,13.7005,154.8391,45.3911
2037-05-07,27.5172,0.0000,15.0973,6.5576,495.4576,134.6883,95.7106,13.2733,160.3799,44.8621
2037-05-08,29.9097,0.0000,13.4108,9.1839,503.2454,141.7572,96.4851,16.8236,166.3607,52.4921
2037-05-09,30.6935,0.0000,15.1984,8.9091,511.1742,148.8552,96.5366,16.7076,172.2855,52.6282
2037-05-10,31.8982,0.0000,15.0012,6.8632,519.3199,156.2393,96.5881,15.1756,178.3417,49.8711
2037-05-11,32.7510,0.0440,15.0335,8.4849,527.6190,163.8114,96.6396,16.5822,184.4534,52.9984
2037-05-12,30.3068,0.0973,21.6307,9.9473,535.4783,170.2912,96.2127,16.8532,189.7350,53.7591
2037-05-13,23.5406,0.0701,45.0183,14.0493,542.1196,173.8579,91.4646,10.7251,192.9878,40.4885
2037-05-14,24.5430,0.0203,39.1209,10.8613,548.9413,177.9678,91.5145,9.1983,196.5947,36.7333
2037-05-15,26.1519,0.0577,32.2066,9.0285,556.0526,182.8316,91.7040,8.6154,200.6926,35.2807
2037-05-16,29.3046,0.1057,26.5326,6.7781,563.7315,188.7123,93.2496,9.5615,205.4695,37.8811
2037-05-17,31.4961,0.0000,25.6798,6.2278,571.8048,195.0901,93.9294,10.2229,210.5716,39.6700
2037-05-18,31.6698,0.3597,27.5825,7.8371,579.9093,201.3377,93.9801,11.1646,215.5684,42.0867
2037-05-19,32.1400,0.0000,22.4703,12.1328,588.0985,208.1223,94.7528,15.4228,220.8516,51.7410
2037-05-20,32.6314,0.0012,18.1276,15.4991,596.3762,215.3928,95.8031,21.0916,226.3809,62.8510
2037-05-21,33.5997,0.0000,17.2711,15.0669,604.8281,222.9503,96.1910,21.7495,232.0533,64.1434
2037-05-22,34.7120,0.0000,15.3908,14.2302,613.4803,230.9273,96.7840,22.5830,237.9401,65.7218
2037-05-23,34.9238,0.0042,14.6257,9.8895,622.1706,239.0241,97.0038,18.6881,243.8468,58.6548
2037-05-24,34.2547,2.2566,25.7358,11.0752,630.7404,136.7380,91.8461,9.7456,177.3545,37.5345
2037-05-25,25.5505,3.1891,57.4900,11.0015,624.8355,92.6369,76.5586,1.4687,135.1727,8.5208
2037-05-26,26.2116,0.0904,50.5724,7.0820,631.9576,96.1909,85.9227,3.4227,139.3538,17.0046
2037-05-27,32.3271,0.0000,32.2653,8.2114,640.1805,102.1517,92.1541,8.8115,146.0439,33.5478
2037-05-28,31.2062,7.6084,36.4344,10.6514,601.7906,61.6282,81.5864,2.3205,98.1325,10.6173
2037-05-29,23.3847,2.7143,60.0607,12.4115,608.4038,52.5872,74.7784,1.4145,86.4859,6.3394
2037-05-30,24.5585,1.6622,48.6032,7.7564,615.2283,53.4392,80.1178,1.7019,87.8102,7.5922
2037-05-31,25.4462,8.6319,62.2568,9.7939,571.5419,31.5544,63.6044,0.8140,55.4547,2.3633
2037-06-01,24.1761,11.8443,74.7220,8.6679,514.5024,15.9204,49.1398,0.2281,29.5546,0.2667
2037-06-02,28.0530,3.0037,52.4885,11.9845,514.3356,15.4182,74.4700,1.3623,28.6866,2.5579
2037-06-03,30.8494,0.0000,32.4017,12.1061,523.2925,21.1040,90.8133,8.8637,38.3423,17.7969
2037-06-04,32.3372,0.0000,22.0926,13.4188,532.5172,27.9621,94.6696,16.2683,49.4348,30.9588
2037-06-05,34.3068,0.0000,17.9680,14.9193,542.0964,35.6087,96.1001,21.3249,61.1719,40.9220
2037-06-06,34.0757,0.8489,24.4743,10.3810,551.6340,42.6028,94.1922,13.0698,71.4168,31.9587
2037-06-07,30.6646,0.9250,42.2125,11.4566,560.5577,47.4353,89.7827,7.4024,78.3049,22.6433
2037-06-08,31.9155,0.3921,32.4704,13.1416,569.7065,53.3049,92.4511,11.7798,86.3997,32.7477
2037-06-09,30.7663,0.0141,28.5713,13.5495,578.6484,59.2973,93.2027,13.3617,94.4082,37.1461
2037-06-10,29.5827,0.0014,20.6493,15.1735,587.3773,65.7070,94.6735,17.7818,102.6942,46.3768
2037-06-11,30.7683,0.0000,18.4594,12.2107,596.3196,72.5481,95.4275,16.9810,111.2573,46.5901
2037-06-12,31.9904,0.0049,17.4865,11.4897,605.4818,79.7363,95.8745,17.4009,119.9740,48.7305
2037-06-13,32.7706,0.0000,16.2873,13.9424,614.7846,87.2010,96.2814,20.8036,128.7480,55.8454
2037-06-14,32.1732,0.1247,19.4863,13.5631,623.9797,94.2537,96.3329,20.5519,136.8345,56.5201
2037-06-15,33.6202,0.0000,23.8871,9.0900,633.4354,101.2109,96.1986,16.1101,144.6436,49.3786
2037-06-16,30.8962,0.3881,39.7456,13.7018,642.4007,106.2865,93.0670,13.2115,150.3738,44.0210
2037-06-17,28.6235,0.0084,40.3238,13.3927,650.9569,110.9563,92.2601,11.6128,155.6050,40.8852
2037-06-18,27.4917,0.2692,40.5060,14.3878,659.3094,115.4345,91.9471,11.6819,160.5811,41.3538
2037-06-19,24.8964,2.9298,49.9945,16.1883,655.4811,86.6405,80.2910,2.6511,130.2428,13.6298
2037-06-20,26.1456,0.1116,46.5281,11.1773,663.5913,90.4760,87.6211,5.3532,134.9524,23.2535
2037-06-21,25.2255,0.3810,41.8725,14.6505,671.5359,94.5046,89.4279,8.2635,139.8180,31.7146
2037-06-22,23.5588,1.6257,44.3606,13.6647,679.1805,92.3902,84.4185,3.8754,137.8876,18.5728
2037-06-23,23.7639,1.2070,42.0110,13.1443,686.8620,96.1860,85.7982,4.5653,142.4881,21.1558
2037-06-24,23.4106,0.3021,38.1793,12.4038,694.4799,100.1752,89.4042,7.3540,147.2502,29.7892
2037-06-25,24.6324,0.0170,34.2044,11.2125,702.3177,104.6325,90.8336,8.4979,152.4750,33.1481
2037-06-26,24.8803,0.0045,34.3505,11.7966,710.2002,109.1227,91.0550,9.0323,157.6774,34.8166
2037-06-27,25.4994,0.0020,36.8584,10.8764,718.1941,113.5444,91.1047,8.6843,162.7593,34.1825
2037-06-28,26.1777,0.0235,35.5913,11.6059,726.3101,118.1697,91.1544,9.0735,168.0043,35.4353
2037-06-29,28.6784,0.0189,28.0391,8.6256,734.8762,123.8112,92.8139,9.8731,174.2351,37.7290
2037-06-30,32.3803,0.0026,20.9364,7.1086,744.1086,130.7801,94.9955,12.3787,181.7166,43.9841
2037-07-01,33.6154,0.0821,20.9792,9.3380,753.8634,137.2227,95.3581,14.5541,188.6139,49.0148
2037-07-02,34.0737,0.0010,24.8289,10.9374,763.7007,143.4324,95.4092,15.8860,195.2084,52.0208
2037-07-03,34.0602,0.0002,28.7222,10.3196,773.5355,149.3182,95.2956,15.1624,201.4298,50.7256
2037-07-04,35.6712,0.0000,25.6189,9.1264,783.6603,155.7418,95.3467,14.3775,208.0940,49.2423
2037-07-05,38.1156,0.0000,21.6902,6.3843,794.2252,162.9541,95.9511,13.5941,215.4147,47.6998
2037-07-06,37.1467,0.0258,22.3129,12.8751,804.6156,169.9323,96.0024,18.9851,222.4256,58.8648
2037-07-07,32.7021,0.0000,24.2092,13.2530,814.2059,175.9491,95.9496,19.2121,228.4686,59.4148
2037-07-08,35.8841,0.0000,17.2925,7.1751,824.3691,183.1330,96.5368,15.3101,235.4843,51.7479
2037-07-09,36.0832,0.0000,23.6240,8.1342,834.5681,189.8027,96.5883,16.1798,242.0080,53.6450
2037-07-10,38.0466,0.0000,19.0430,8.2970,845.1204,197.2457,96.6398,16.4264,249.1288,54.2335
2037-07-11,38.6524,0.0000,20.1461,7.8477,855.7819,204.7010,96.6914,16.1702,256.1974,53.7772
2037-07-12,38.6343,0.0000,20.6850,9.9361,866.4400,212.1025,96.7430,18.0893,263.1554,57.6938
2037-07-13,37.9270,0.0000,18.7920,10.2554,876.9709,219.5458,96.7945,18.5102,270.0666,58.5673
2037-07-14,35.9230,0.0000,26.3739,12.9051,887.1411,225.9477,96.1628,19.4307,276.0965,60.3734
2037-07-15,33.5992,0.0000,27.8106,10.9543,896.8929,231.8306,95.5040,16.1062,281.6546,53.8206
2037-07-16,36.1229,0.0000,21.4027,8.7848,907.0990,238.7016,95.6976,14.8236,287.9616,51.1406
2037-07-17,35.9376,0.0000,23.8768,9.2611,917.2718,245.3232,95.7489,15.2897,294.0429,52.1619
2037-07-18,35.3221,0.0000,22.4051,10.3346,927.3338,251.9606,95.8001,16.2522,300.0851,54.1995
2037-07-19,38.0078,0.0000,17.0820,7.5475,937.8792,259.5764,96.9076,16.3957,306.8417,54.5165
2037-07-20,41.1505,0.0000,15.3459,6.5713,948.9903,267.9764,97.7915,17.5569,314.1665,56.8884
2037-07-21,40.9249,0.0000,18.3975,7.1567,960.0608,276.0304,97.8434,18.2072,321.1927,58.1909
2037-07-22,41.5799,0.0000,16.3307,8.2889,971.2492,284.4171,97.8954,19.4090,328.4090,60.5272
2037-07-23,40.5844,0.0000,14.4662,8.6813,982.2583,292.7908,97.9473,19.9330,335.5387,61.5312
2037-07-24,36.1768,0.0000,17.0194,11.5981,992.4742,300.0554,97.9662,23.1467,341.7825,67.3691
2037-07-25,37.2235,0.0000,16.1989,9.8714,1002.8784,307.5980,98.0182,21.3639,348.2002,64.1960
2037-07-26,35.0814,0.0000,20.9383,11.2214,1012.8971,314.3162,97.2056,20.5310,354.0025,62.6730
2037-07-27,35.7742,0.0000,22.5172,11.1004,1023.0404,321.0263,96.8775,19.5313,359.7960,60.8031
2037-07-28,35.1075,0.0000,24.8443,11.7799,1033.0638,327.4172,96.3313,18.7818,365.3506,59.3716
2037-07-29,34.4118,0.0000,30.6380,12.2215,1042.9619,333.2021,95.1433,16.3436,370.4938,54.5060
2037-07-30,34.1999,0.0000,26.9835,10.5916,1052.8219,339.2555,95.1943,15.1604,375.7843,52.0240
2037-07-31,35.2657,0.0000,22.0787,10.9270,1062.8737,345.9105,95.4058,15.8703,381.4584,53.5286
2037-08-01,37.9879,0.0000,18.2388,7.2355,1072.7155,352.5082,96.6466,15.5851,387.0458,52.9318
2037-08-02,38.2046,0.0000,22.5518,7.7173,1082.5964,358.7926,96.6982,16.0789,392.4347,53.9689
2037-08-03,38.0898,0.7835,26.5888,8.9644,1092.4565,364.7320,94.6665,12.9919,397.6017,47.2326
2037-08-04,38.7022,0.0000,21.5956,6.7800,1102.4269,371.1745,96.0383,14.0326,403.0734,49.5811
2037-08-05,38.6213,0.0000,18.6689,7.3755,1112.3828,377.8439,96.6868,15.7803,408.6617,53.3503
2037-08-06,36.2860,0.0000,18.8800,10.0005,1121.9182,384.1049,96.7384,18.1370,413.9259,58.1375
2037-08-07,35.1021,0.0000,19.1445,14.9554,1131.2406,390.1478,96.7900,23.4423,419.0154,67.9422
2037-08-08,35.3155,0.0000,17.9334,14.9312,1140.6014,396.3175,96.8416,23.5762,424.1731,68.1763
2037-08-09,35.2860,0.0423,18.9680,11.6861,1149.9569,402.4044,96.8932,20.1585,429.2714,62.0185
2037-08-10,36.9941,0.0307,19.3567,8.2750,1159.6198,408.7465,96.9448,17.0927,434.5575,56.0592
2037-08-11,38.9547,0.0000,17.0947,7.9700,1169.6357,415.6020,97.0991,17.1827,440.1829,56.2418
2037-08-12,39.4794,0.0000,16.3503,10.3244,1179.7459,422.6097,97.3393,19.9765,445.8961,61.6798
2037-08-13,36.7802,0.0982,27.9875,11.6094,1189.3704,428.2412,96.0789,17.9973,450.7464,57.8688
2037-08-14,35.5800,0.0323,33.8758,10.5489,1198.7788,433.2485,94.7248,14.1851,455.2076,49.9272
2037-08-15,35.7452,0.0000,24.3948,8.9141,1208.2169,438.9994,94.9842,13.5367,460.0798,48.4824
2037-08-16,38.2454,0.0000,18.2828,7.3335,1218.1051,445.6371,96.6618,15.6942,465.5118,53.1780
2037-08-17,40.7293,0.0000,13.9016,5.4117,1228.4404,453.0721,98.0007,17.0247,471.4474,55.9255
2037-08-18,39.9615,0.0000,20.3668,9.3972,1238.6375,459.8226,97.9559,20.6885,476.9742,63.0100
2037-08-19,37.5384,0.0000,31.7022,9.7018,1248.3984,465.2705,95.6096,15.3401,481.7126,52.4300
2037-08-20,36.9259,0.0000,33.3496,9.5314,1258.0490,470.5028,94.9646,13.9270,486.3115,49.3575
2037-08-21,37.6280,0.0000,22.6931,9.0444,1267.8261,476.6836,95.6528,14.9276,491.4359,51.5475
2037-08-22,34.6622,0.0000,21.5304,13.5035,1277.0693,482.4770,95.7041,18.8190,496.2478,59.4772
2037-08-23,29.3893,0.0000,28.4064,13.8636,1285.3633,486.9834,94.7455,16.8115,500.1959,55.4937
2037-08-24,33.4028,0.0000,17.6152,5.6425,1294.3798,492.8516,95.9972,13.1773,504.9950,47.6698
2037-08-25,35.7214,0.0000,19.7146,5.6952,1303.8137,498.9546,96.0485,13.3045,509.9905,47.9594
2037-08-26,37.2692,0.0000,18.3665,7.2775,1313.5262,505.4210,96.5345,15.3846,515.2219,52.5256
2037-08-27,36.4314,0.0000,22.9106,10.9068,1323.0878,511.3940,96.5860,18.6002,520.1616,59.0537
2037-08-28,32.3663,0.0000,30.5344,14.0519,1331.9177,516.1934,94.9035,17.3439,524.3493,56.5716
2037-08-29,27.4052,2.7438,46.0098,19.1030,1339.8547,126.0005,84.0117,4.8261,204.0326,23.8411
2037-08-30,24.3069,1.9219,43.9107,16.3712,1347.2339,108.7926,83.4475,3.9037,181.0372,20.1139
2037-08-31,25.7452,0.0052,32.3767,9.2473,1354.8721,112.5404,90.4234,7.2588,186.3778,31.1461
2037-09-01,30.5909,0.0000,23.7588,7.1854,1362.0824,116.8420,93.8874,10.6660,192.4189,40.3273
2037-09-02,33.0263,0.0000,21.1074,9.8607,1369.7312,121.6353,95.1664,14.5566,199.0748,49.3769
2037-09-03,34.6075,0.0002,18.4954,7.8534,1377.6645,126.8167,96.0414,14.8186,206.1842,50.1349
2037-09-04,36.1648,0.0013,17.7129,6.0633,1385.8782,132.2760,96.4955,14.3958,213.5871,49.4106
2037-09-05,34.1274,0.0000,25.2771,10.3258,1393.7251,136.9625,96.0653,16.8391,219.9004,54.6230
2037-09-06,30.6007,0.0000,29.7646,12.4216,1400.9372,140.9264,94.7474,15.6374,225.2146,52.2703
2037-09-07,30.0806,0.0000,21.5638,7.2011,1408.0557,145.2807,94.7984,12.1048,230.9808,44.5717
2037-09-08,31.2722,0.0000,22.2276,6.5402,1415.3887,149.7630,94.8493,11.7904,236.8681,43.9048
2037-09-09,32.7451,0.0000,22.1739,6.2477,1422.9869,154.4525,94.9642,11.8024,242.9735,44.0009
2037-09-10,33.6613,0.0001,21.7585,6.7706,1430.7499,159.2947,95.2002,12.5153,249.2209,45.7356
2037-09-11,33.6241,0.0745,19.6371,6.6682,1438.5062,164.2628,95.6480,13.2344,255.5676,47.4377
2037-09-12,32.1714,0.1597,27.5439,11.4246,1446.0011,168.5548,95.2620,15.9571,261.0388,53.3778
2037-09-13,26.0845,0.1251,43.9266,15.5474,1452.4003,171.2686,91.6742,11.9153,264.5478,44.4461
2037-09-14,25.3594,0.5930,44.6244,13.9188,1458.6690,173.8772,89.2364,7.7485,267.9142,33.6155
2037-09-15,27.0273,0.0000,37.2016,6.4547,1465.2379,177.0220,90.6425,6.5065,271.9156,29.9177
2037-09-16,31.4462,0.0000,22.7441,4.0420,1472.6022,181.4985,94.1942,9.4988,277.4940,38.4753
2037-09-17,32.6139,0.0000,19.2295,5.3577,1480.1767,186.3466,95.4877,12.1215,283.4735,45.0333
2037-09-18,33.6448,0.0000,18.6633,5.6221,1487.9368,191.3779,95.8729,12.9440,289.6266,46.9716
2037-09-19,34.1877,0.0000,20.1375,5.9968,1495.7946,196.3953,95.9242,13.2827,295.7213,47.7656
2037-09-20,32.9703,0.0000,22.4985,10.8780,1503.4332,201.0963,95.9755,17.1050,301.4044,55.9449
2037-09-21,28.8048,0.0000,27.0093,10.5698,1510.3221,204.9824,94.9946,14.7355,306.1032,51.0131
2037-09-22,26.9283,0.0018,24.3164,10.5350,1516.8732,208.7591,94.9500,14.6200,310.6391,50.7748
2037-09-23,26.7477,0.0000,26.1877,6.7792,1523.3917,212.4186,94.6512,11.6129,315.0221,43.9125
2037-09-24,30.0216,0.0000,29.7954,7.6476,1530.4996,216.3084,94.4261,11.7620,319.6685,44.2800
2037-09-25,31.4264,0.0231,30.6025,9.3063,1537.8604,220.3272,94.4417,12.8149,324.4467,46.7651
2037-09-26,26.9118,8.8872,62.4023,11.9340,1193.4464,81.5997,67.9551,1.0694,139.3755,6.4877
2037-09-27,24.7516,0.3118,61.2121,11.6035,1199.6056,83.3849,81.9736,2.5498,142.0798,13.6781
2037-09-28,24.4963,0.0359,59.6948,9.3110,1205.7190,85.2216,85.4366,3.5784,144.8482,17.8127
2037-09-29,27.1958,0.0018,47.7642,4.4106,1212.3182,87.8531,88.2715,4.1782,148.7564,20.1226
2037-09-30,27.4879,0.0644,47.1113,12.9269,1218.9701,90.5450,89.0323,7.1579,152.7283,29.5532
2037-10-01,27.0197,0.0501,38.1780,12.2910,1224.5376,93.1790,90.5031,8.5590,156.5727,33.5379
2037-10-02,28.3627,0.1803,33.4099,9.5085,1230.3469,96.1517,91.7088,8.8324,160.8729,34.4728
2037-10-03,28.5017,0.4765,29.4716,9.7058,1236.1812,99.3151,92.5849,10.0955,165.4079,37.8750
2037-10-04,27.2281,0.0603,40.4653,9.4284,1241.7862,101.8705,91.9925,9.1573,169.0672,35.6979
2037-10-05,24.9082,0.1106,57.5452,7.6361,1246.9737,103.5435,89.0912,5.5294,171.4879,25.4637
2037-10-06,25.5221,0.2002,47.6207,10.1069,1252.2717,105.6564,89.1403,6.3068,174.5046,27.9802
2037-10-07,24.3727,0.0011,29.9867,9.9660,1257.3628,108.3586,91.4765,8.7453,178.3023,34.9927
2037-10-08,22.0525,0.0643,40.5171,9.3700,1262.0362,110.4453,91.0910,8.0339,181.2386,33.1760
2037-10-09,24.3363,0.0001,29.0754,8.0867,1267.1208,113.1789,91.9167,8.4674,185.0387,34.4737
2037-10-10,24.9455,0.0000,24.1578,6.5595,1272.3150,116.1719,93.0315,9.1725,189.1637,36.4648
2037-10-11,26.2088,0.0000,22.2757,7.2177,1277.7366,119.3880,93.7548,10.4885,193.5615,39.9253
2037-10-12,26.5885,0.0000,26.3181,6.5945,1283.2265,122.4792,93.8054,10.2359,197.7679,39.4136
2037-10-13,27.5076,0.0000,28.0380,6.8447,1288.8819,125.5985,93.8560,10.4389,201.9887,40.0233
2037-10-14,27.9322,0.1591,30.2181,5.6546,1294.6136,128.6682,93.9013,9.8933,206.1217,38.7458
2037-10-15,25.1585,0.0473,39.1985,10.6562,1299.8462,131.0873,92.1823,10.0065,209.3844,39.1003
2037-10-16,23.6412,0.0000,31.3957,6.1362,1304.8056,133.6591,92.2324,8.0249,212.8177,33.8877
2037-10-17,24.9764,0.0000,32.8173,4.6577,1310.0054,136.3136,92.2825,7.5015,216.3468,32.4536
2037-10-18,26.5877,0.0003,32.7575,4.3807,1315.4951,139.1346,92.3326,7.4500,220.0774,32.3563
2037-10-19,27.2318,0.0001,30.7727,4.7379,1321.1009,142.1064,92.3827,7.6391,223.9806,32.9525
2037-10-20,24.8071,0.0081,31.4063,10.0517,1326.2701,144.7990,92.4328,10.0554,227.5025,39.5216
2037-10-21,23.8665,0.0000,35.0743,8.4969,1331.2701,147.2551,92.3190,9.1497,230.7113,37.2058
2037-10-22,25.4153,0.0000,37.1817,6.5156,1336.5489,149.7789,92.1927,8.1341,234.0003,34.4705
2037-10-23,25.5158,0.0000,34.2284,5.4260,1341.8457,152.4313,92.2428,7.7542,237.4328,33.4273
2037-10-24,25.2579,0.0816,33.2209,5.5350,1347.0961,155.0983,92.2929,7.8522,240.8661,33.7382
2037-10-25,19.4189,0.0660,46.2531,12.6917,1351.2955,156.7693,90.1628,8.3186,243.0465,35.0703
2037-10-26,19.3849,0.0051,38.8300,6.7621,1355.4888,158.6679,90.2122,6.2138,245.4944,28.8624
2037-10-27,20.2785,0.0068,48.4409,5.3484,1359.8429,160.3381,89.5345,5.2510,247.6698,25.7240
2037-10-28,22.4718,0.0090,45.0474,4.9186,1364.5919,162.3008,89.5837,5.1749,250.2048,25.4791
2037-10-29,23.0192,0.0354,42.9834,4.6128,1369.4393,164.3844,89.6330,5.1319,252.8808,25.3460
2037-10-30,26.8885,0.0368,29.8618,7.2823,1374.9832,167.3589,91.9623,8.1836,256.6278,34.7922
2037-10-31,27.4804,0.0171,34.1712,6.4903,1380.6337,170.2096,92.0123,7.9193,260.2177,34.0654
2037-11-01,22.6863,0.1420,53.0175,7.1825,1384.4212,171.6912,89.5604,5.7809,262.1157,27.5640
2037-11-02,21.6534,1.0473,57.5904,10.4186,1388.0228,172.9706,83.8220,3.0381,263.7669,17.4291
2037-11-03,20.9873,0.5971,58.1926,4.5134,1391.5045,174.1948,84.6719,2.5292,265.3465,15.1849
2037-11-04,20.7321,0.0536,51.7372,6.0740,1394.9403,175.5918,86.5248,3.5412,267.1219,19.5192
2037-11-05,19.4534,0.3703,53.1597,8.7077,1398.1459,176.8682,86.7100,4.1514,268.7446,21.8922
2037-11-06,15.7340,20.3246,89.9868,13.2699,896.1092,66.1704,30.0738,0.0069,111.7173,0.0206
2037-11-07,17.6006,10.8494,69.4565,16.2726,776.6756,33.8752,44.4688,0.1718,61.0892,0.3339
2037-11-08,16.0578,0.7630,62.0215,6.5916,779.2699,34.7391,64.9858,0.7347,62.5115,2.3102
2037-11-09,17.4832,0.0046,55.8521,4.8475,782.1209,35.8268,77.9542,1.1981,64.2911,4.3135
2037-11-10,16.7830,1.7784,76.6829,7.8394,784.8459,33.9281,68.4117,0.8829,61.2381,2.9038
2037-11-11,15.6276,2.3102,68.5438,11.8295,787.3628,29.7709,65.2499,0.9667,54.3996,2.9230
2037-11-12,15.1734,4.3430,67.4908,14.4198,758.1783,20.7988,57.2005,0.6952,38.9278,0.9808
2037-11-13,14.8819,2.8721,63.8158,11.1263,746.2281,16.8392,59.7945,0.7078,31.8799,0.8708
2037-11-14,14.8581,0.0322,57.1217,4.6310,748.6065,17.7464,74.1710,0.9266,33.5070,1.6381
2037-11-15,16.3536,0.6496,63.5663,9.8323,751.2542,18.5894,79.6357,1.7981,35.0129,4.2007
2037-11-16,19.2963,0.8822,74.4979,5.0587,754.4315,19.2791,77.7528,1.1910,36.2427,2.6430
2037-11-17,22.3764,0.0073,59.2078,6.6552,758.1633,20.5487,83.7890,2.5023,38.4894,6.2622
2037-11-18,24.2908,0.0119,48.0585,7.3711,762.2396,22.2972,87.4778,4.3294,41.5555,10.6344
2037-11-19,24.6513,0.1487,42.1497,8.6250,766.3809,24.2723,89.2020,5.9051,44.9829,14.2426
2037-11-20,19.9575,0.0355,60.7398,4.9841,769.6772,25.3684,87.6400,3.9288,46.8743,10.5269
2037-11-21,20.5800,0.0317,56.9376,4.6716,773.0856,26.6061,87.6886,3.8943,48.9966,10.7252
2037-11-22,19.2790,0.0450,65.6315,8.7912,776.2598,27.5347,86.4829,4.0369,50.5838,11.2527
2037-11-23,17.7880,8.7482,72.0329,14.8047,704.4744,14.8023,54.1773,0.5449,28.1271,0.6163
2037-11-24,17.6013,7.5931,78.2043,16.3079,653.4934,8.3425,45.9488,0.2160,16.1690,0.1717
2037-11-25,18.1813,20.7636,87.6407,19.4223,521.1763,3.7253,30.3025,0.0100,7.3197,0.0051
2037-11-26,17.8210,11.7561,90.1554,9.8279,466.8931,1.5144,21.4219,0.0004,3.0045,0.0001
2037-11-27,16.6353,5.6669,68.9365,15.6028,448.4433,0.8939,44.7130,0.1726,1.7789,0.0518
2037-11-28,15.7559,0.0094,52.1464,8.4869,450.9834,1.9633,70.0218,0.9601,3.8843,0.3722
2037-11-29,15.5552,0.0000,49.9857,8.7469,453.4873,3.0677,81.1081,1.9943,6.0333,0.9332
2037-11-30,16.4031,0.0000,58.0699,8.9226,456.1439,4.0407,84.0109,2.8891,7.9063,2.5134
2037-12-01,14.9902,0.5895,72.2935,6.1013,458.5461,4.5473,82.3348,2.0197,8.8746,1.5399
2037-12-02,13.7566,1.9338,69.5175,11.4675,460.7263,3.9201,70.5571,1.1352,7.6768,0.5967
2037-12-03,15.8520,1.5809,68.6339,9.2045,463.2837,3.9998,69.8736,0.9907,7.8306,0.5259
2037-12-04,14.1395,0.0191,66.8132,4.8296,465.5328,4.5746,77.0945,1.1184,8.9298,0.6352
2037-12-05,14.9740,0.1681,71.1914,4.5163,467.9321,5.1008,80.1107,1.4444,9.9309,0.8681
2037-12-06,14.5622,0.3263,63.7087,5.7952,470.2573,5.7467,82.4957,2.0289,11.1527,1.9467
2037-12-07,12.8004,0.5729,63.4242,10.9545,472.2653,6.3245,82.7540,2.7179,12.2392,3.1488
2037-12-08,11.4990,1.6006,63.0277,7.5314,474.0392,6.2168,72.9651,1.0160,12.0389,0.6793
2037-12-09,14.2059,16.3299,67.8938,18.4900,404.1261,3.0297,47.8719,0.3168,5.9480,0.1473
2037-12-10,11.3435,0.7303,61.3341,7.0479,405.8720,3.5765,64.4394,0.7352,6.9988,0.3691
2037-12-11,11.5656,0.0082,58.7493,6.7787,407.6578,4.1702,75.4735,1.1074,8.1325,0.5993
2037-12-12,13.5696,1.7383,72.1527,11.6291,409.8043,3.8063,68.9827,1.0883,7.4399,0.5631
2037-12-13,14.4566,0.1400,69.6921,10.0194,412.1105,4.3421,77.0857,1.4518,8.4614,0.8018
2037-12-14,16.4845,1.0035,58.7849,11.3923,414.7817,5.1657,79.1827,1.8604,10.0195,1.4833
2037-12-15,14.3263,4.8146,71.1539,6.9424,402.2073,3.0281,52.9299,0.3238,5.9443,0.1505
2037-12-16,15.7559,0.0020,59.3275,8.6377,404.7474,3.8072,72.2118,1.0429,7.4394,0.5396
2037-12-17,15.7033,0.0004,55.4527,6.1205,407.2780,4.6578,80.6881,1.6666,9.0567,0.9536
2037-12-18,16.4777,0.0385,56.5889,3.3867,409.9479,5.5250,83.7376,2.1080,10.6898,1.9942
2037-12-19,15.6411,0.3607,72.8775,4.4133,412.4673,6.0410,83.7849,2.2338,11.6552,2.3432
2037-12-20,14.3171,0.3711,73.3110,8.3928,414.7484,6.5086,83.8322,2.7470,12.5257,3.2413
2037-12-21,14.6457,0.9412,74.5209,9.7405,417.0886,6.9645,78.4783,1.6039,13.3708,1.5274
2037-12-22,14.4861,9.7090,84.1916,21.3098,383.1807,3.3678,42.7967,0.1683,6.5908,0.0821
2037-12-23,14.8680,4.4152,56.7262,13.3289,373.4599,2.1917,54.5399,0.5236,4.3200,0.2118
2037-12-24,13.5831,0.0030,49.8734,4.5709,375.6088,3.0281,72.4387,0.8570,5.9365,0.3980
2037-12-25,15.2142,0.1545,70.2317,7.1331,378.0514,3.5800,78.3793,1.3942,6.9943,0.6999
2037-12-26,14.3662,0.0000,56.6529,6.7978,380.3413,4.3418,82.7175,2.1942,8.4427,1.7211
2037-12-27,14.8704,0.0014,51.7714,5.1413,382.7220,5.2171,84.9738,2.7206,10.0904,2.7527
2037-12-28,13.9951,0.0942,55.3674,8.7141,384.9451,5.9827,85.3365,3.4245,11.5180,3.9576
2037-12-29,12.1255,0.0000,52.4527,6.7323,386.8317,6.6974,85.5779,3.2047,12.8390,3.9375
2037-12-30,14.3003,0.0006,61.7928,7.8551,389.1097,7.3660,85.6258,3.4140,14.0663,4.4665
2037-12-31,16.6893,0.0000,59.3351,5.8627,391.8178,8.1881,85.6737,3.1086,15.5631,4.3094
2038-01-01,16.7951,0.0000,56.3025,8.3084,394.5449,9.1508,85.7728,3.5653,17.2985,5.3052
2038-01-02,15.5268,0.0000,59.4608,10.2353,397.0438,9.9806,85.8207,3.9553,18.7809,6.1672
2038-01-03,14.8554,0.0045,57.5229,6.7008,399.4217,10.8149,85.8687,3.3323,20.2586,5.4699
2038-01-04,15.1218,0.0002,55.0441,8.1251,401.8477,11.7127,85.9167,3.6044,21.8345,6.1807
2038-01-05,14.5008,0.0000,54.5813,10.5876,404.1618,12.5851,85.9647,4.1082,23.3522,7.2648
2038-01-06,12.9476,0.0098,56.4626,12.2796,406.1964,13.3380,86.0128,4.5041,24.6523,8.1395
2038-01-07,13.3273,0.3103,58.1964,9.6478,408.2993,14.0805,86.0608,3.9714,25.9258,7.4940
2038-01-08,13.8123,0.0596,58.0200,9.5731,410.4895,14.8512,86.1089,3.9833,27.2387,7.7370
2038-01-09,14.4941,0.0218,56.4039,10.6782,412.8024,15.6881,86.1569,4.2400,28.6539,8.4219
2038-01-10,14.7797,0.0002,56.7885,11.2963,415.1668,16.5329,86.2050,4.4038,30.0720,8.9504
2038-01-11,14.9123,0.1655,57.6370,9.0186,417.5550,17.3680,86.2531,3.9530,31.4641,8.3691
2038-01-12,15.1367,0.0521,57.1716,6.8282,419.9836,18.2241,86.3012,3.5640,32.8812,7.8427
2038-01-13,14.7085,0.1453,60.4782,5.7129,422.3351,18.9933,86.3062,3.3716,34.1473,7.6374
2038-01-14,14.9224,0.0000,58.4289,6.2531,424.7251,19.8132,86.3543,3.4883,35.4878,8.0586
2038-01-15,14.9526,0.0001,58.6223,9.0435,427.1206,20.6310,86.4025,4.0423,36.8162,9.3584
2038-01-16,15.4065,0.0000,56.5379,13.2267,429.5978,21.5142,86.4507,5.0250,38.2406,11.4568
2038-01-17,14.9096,0.0020,51.6078,11.8282,431.9855,22.4680,86.4988,4.7151,39.7653,11.1217
2038-01-18,15.8187,0.0613,52.2353,6.3474,434.5369,23.4628,86.5470,3.6017,41.3446,9.0843
2038-01-19,16.0435,0.0046,53.3344,5.1932,437.1287,24.4477,86.5953,3.4215,42.8975,8.8876
2038-01-20,16.1921,0.0035,52.8321,9.0883,439.7473,25.4518,86.6435,4.1920,44.4692,10.7695
2038-01-21,15.5046,0.0665,56.3653,7.2504,442.2421,26.3438,86.6917,3.8474,45.8583,10.2136
2038-01-22,15.4006,0.2838,57.6348,6.8327,444.7182,27.2044,86.7400,3.7932,47.1918,10.2655
2038-01-23,15.2895,0.0008,52.0493,8.5496,447.1743,28.1719,86.7883,4.1644,48.6772,11.2869
2038-01-24,15.8184,0.0000,54.7181,8.7513,449.7256,29.1151,86.8366,4.2359,50.1185,11.6381
2038-01-25,16.4521,0.0101,54.9111,9.5093,452.3910,30.0894,86.8849,4.4311,51.5989,12.2701
2038-01-26,15.3114,0.0088,54.3585,10.1379,454.8511,31.0115,86.9332,4.6053,52.9908,12.8447
2038-01-27,15.7607,0.0261,53.1452,8.6383,457.3920,31.9841,86.9816,4.2996,54.4495,12.3526
2038-01-28,16.8619,0.0027,50.3269,5.8023,460.1311,33.0825,87.0299,3.7528,56.0842,11.2622
2038-01-29,14.1581,0.2946,63.3122,5.6156,462.3836,33.7717,86.1449,3.2797,57.1145,10.1894
2038-01-30,14.2588,0.0011,47.6611,9.2872,464.6542,34.7613,86.6512,4.2389,58.5686,12.7349
2038-01-31,14.5879,0.0000,44.0604,7.1671,466.9840,35.8417,87.2782,4.1647,60.1432,12.7505
2038-02-01,15.7416,0.0021,43.5723,9.3895,469.5215,37.1916,87.6840,4.9363,62.0880,14.8211
2038-02-02,16.5970,0.0100,47.8621,10.9328,472.2129,38.5023,87.7326,5.3727,63.9658,16.0715
2038-02-03,17.8826,0.0029,48.3732,9.4195,475.1358,39.8944,87.7812,5.0130,65.9460,15.5084
2038-02-04,18.1161,0.0002,47.5019,5.9509,478.1007,41.3274,87.8298,4.2385,67.9670,13.8638
2038-02-05,15.9049,0.5650,59.4261,8.1447,480.6676,42.3075,86.2291,3.7699,69.3540,12.7940
2038-02-06,14.5614,0.1340,54.9985,6.5338,482.9927,43.3086,86.2772,3.4997,70.7560,12.2006
2038-02-07,17.2741,0.0369,42.6003,10.3292,485.8060,44.8068,87.7604,5.2325,72.8223,16.9204
2038-02-08,18.8483,0.0371,44.8918,10.0292,488.9027,46.3684,88.0300,5.3569,74.9628,17.4954
2038-02-09,16.7413,0.0845,55.3033,6.2793,491.6201,47.5012,87.6655,4.2090,76.5189,14.7502
2038-02-10,16.4330,0.0156,53.1131,5.9290,494.2820,48.6689,87.7141,4.1642,78.1102,14.8013
2038-02-11,16.9158,0.3237,72.7193,6.2744,497.0309,49.3671,85.2683,2.9999,79.0942,11.5142
2038-02-12,18.0294,0.0501,62.2115,5.1752,499.9802,50.3939,85.3161,2.8571,80.5027,11.1782
2038-02-13,19.2271,0.0224,53.5142,4.7701,503.1451,51.7361,86.2515,3.1905,82.3127,12.3833
2038-02-14,20.1493,0.0160,53.7470,6.4506,506.4759,53.1323,86.6386,3.6677,84.1856,14.0023
2038-02-15,23.8773,0.0005,38.7257,7.1533,510.4778,55.3063,89.4264,5.6624,87.0379,19.7592
2038-02-16,24.7330,0.0000,33.6195,4.8552,514.6338,57.7422,90.8791,6.2088,90.1869,21.5174
2038-02-17,18.5767,0.0146,47.8677,10.6589,517.6816,59.1993,89.5428,6.8703,92.0755,23.3703
2038-02-18,19.0474,0.0000,30.8161,14.2593,520.8141,61.1793,90.5847,9.5622,94.5825,29.7603
2038-02-19,17.6839,0.0351,35.6440,15.9533,523.7012,62.8965,90.6342,10.4882,96.7453,32.0170
2038-02-20,17.9402,0.0585,43.5907,14.8783,526.6345,64.4222,89.9486,9.0070,98.6693,29.1665
2038-02-21,18.4481,0.0000,43.3374,10.6592,529.6591,65.9956,89.8748,7.2054,100.6414,25.2585
2038-02-22,20.0742,0.0002,36.0603,7.3467,532.9765,67.9188,89.9362,6.1516,103.0179,22.8637
2038-02-23,20.9625,0.0176,29.7149,10.7093,536.4537,70.1215,91.1120,8.6205,105.7016,29.2369
2038-02-24,19.3004,0.0000,41.8012,6.8705,539.6318,71.8080,90.5261,6.5347,107.7655,24.3717
2038-02-25,20.5624,0.0000,38.7587,4.3809,543.0370,73.6925,90.5757,5.8052,110.0495,22.6408
2038-02-26,22.1181,0.0000,32.7198,6.3309,546.7223,75.9115,90.8773,6.6864,112.7018,25.2724
2038-02-27,20.1264,0.0000,42.1356,9.1118,550.0490,77.6562,90.4894,7.2778,114.7953,27.0139
2038-02-28,21.0100,0.0222,40.6032,5.2928,553.5348,79.5217,90.5389,6.0464,117.0165,23.9463
2038-03-01,17.7526,0.0479,53.9727,10.3020,556.4343,81.0009,88.5646,5.8638,118.7758,23.5857
2038-03-02,16.9505,0.1586,69.1308,8.5694,559.1894,81.9507,85.9592,3.7080,119.9528,16.9941
2038-03-03,18.0868,0.0275,62.0868,5.9059,562.1490,83.1907,86.0072,3.2643,121.4491,15.5230
2038-03-04,21.5743,0.0002,46.7607,5.7202,565.7364,85.2484,87.6746,4.0975,123.8433,18.5536
2038-03-05,23.5802,0.0030,42.4622,9.6513,569.6848,87.6690,89.0329,6.0694,126.6229,24.7982
2038-03-06,25.0593,0.0318,41.9503,7.3518,573.8995,90.2575,89.5622,5.8318,129.5708,24.3293
2038-03-07,25.2468,0.1232,40.1501,11.2197,578.1479,92.9454,89.9697,7.5132,132.5982,29.2162
2038-03-08,18.8391,0.0020,43.2231,17.1022,581.2430,94.8751,89.9381,10.0600,134.7591,35.7067
2038-03-09,19.1691,0.0000,36.9174,15.4370,584.3974,97.0547,89.9875,9.3159,137.1612,34.1392
2038-03-10,21.8992,0.0667,38.8160,13.9249,588.0433,99.4534,90.0368,8.6937,139.7981,32.8073
2038-03-11,24.6530,0.0291,34.4420,9.2473,592.1848,102.3313,90.8794,7.7472,142.9200,30.5793
2038-03-12,25.6862,0.1129,28.5354,5.8219,596.5123,105.5943,92.1694,7.8288,146.3997,31.0207
2038-03-13,22.9170,0.3382,32.8169,10.7715,600.3414,108.3448,92.2194,10.1178,149.3196,36.9815
2038-03-14,21.5767,0.0093,42.7238,12.6666,603.9292,110.5588,90.8722,9.1945,151.6930,34.8770
2038-03-15,21.0533,0.0052,45.8902,9.8221,607.4228,112.6021,90.0849,7.1188,153.8866,29.5042
2038-03-16,20.0819,0.2885,46.3660,9.5761,610.7415,114.5386,89.7149,6.6680,155.9568,28.3206
2038-03-17,20.7069,0.3479,41.6372,11.3850,614.1728,116.7081,89.7642,7.3562,158.2416,30.3857
2038-03-18,20.0987,0.2639,44.0305,16.0685,617.4945,118.7306,89.8134,9.3802,160.3714,35.8419
2038-03-19,22.5688,0.0263,31.3349,18.6146,621.2609,121.5009,91.1062,12.8285,163.2058,44.0719
2038-03-20,21.9969,0.3453,34.8247,19.2437,624.9244,124.0669,91.1559,13.3357,165.8286,45.3292
2038-03-21,20.6752,0.3776,44.2595,13.5913,628.3499,126.1359,90.3041,8.8822,167.9736,34.9396
2038-03-22,19.8600,1.2037,54.3113,14.3094,631.6287,127.7683,83.4548,3.5219,169.7117,18.4061
2038-03-23,20.2707,0.6936,53.0414,13.1484,634.9814,129.4789,85.0469,4.1140,171.5209,20.6599
2038-03-24,18.8992,2.4435,62.1294,11.0186,638.0873,98.0533,72.7050,1.1985,141.6783,7.2584
2038-03-25,19.1887,0.5675,56.5813,7.8899,641.2452,99.5549,81.4944,1.9973,143.4373,11.3001
2038-03-26,20.3111,0.4042,52.1378,5.6243,644.6052,101.3018,85.4565,2.9799,145.4562,15.5496
2038-03-27,23.4143,0.0000,34.2557,10.5606,648.5238,104.0490,89.9661,7.2641,148.5248,29.6163
2038-03-28,22.3938,0.0008,34.8647,20.7568,652.2587,106.6575,90.4897,13.0875,151.4161,43.8367
2038-03-29,21.6980,0.0046,35.1339,21.0381,655.8683,109.1783,90.5392,13.3686,154.1893,44.6418
2038-03-30,23.2666,0.0005,33.7926,14.3160,659.7603,111.9283,90.8725,9.9917,157.1888,37.1761
2038-03-31,21.8553,0.0192,40.4740,6.6955,663.3983,114.2575,90.9187,6.8507,159.7363,29.0237
2038-04-01,22.1529,0.0520,43.3523,5.6006,668.3398,117.4509,90.5958,6.1910,163.2012,27.2252
2038-04-02,24.7718,0.0118,32.5149,4.4322,673.7527,121.6836,91.2826,6.4374,167.6644,28.1370
2038-04-03,25.1491,0.2187,27.6038,9.2885,679.2336,126.2907,92.3445,9.5563,172.4307,36.8585
2038-04-04,22.9957,3.2153,43.6566,7.8883,669.5603,88.5466,77.3347,1.3288,133.0913,7.7473
2038-04-05,23.4824,4.1414,57.4531,6.1495,652.6120,62.6856,67.2947,0.7818,101.0949,3.8819
2038-04-06,26.3514,0.0141,37.8398,8.7113,658.3092,66.8224,86.7005,4.1465,106.5947,17.4689
2038-04-07,27.7455,0.0000,30.1588,5.6649,664.2574,71.7064,91.5957,7.1614,112.9347,26.5270
2038-04-08,30.4771,0.0000,24.3156,4.9704,670.6973,77.5003,93.8405,9.4776,120.2599,32.9264
2038-04-09,30.2221,0.0000,24.1315,10.3268,677.0913,83.2614,94.0966,12.8630,127.3671,41.0945
2038-04-10,30.1101,0.0000,22.8948,10.8862,683.4651,89.0954,94.3508,13.7038,134.3927,43.5882
2038-04-11,28.0527,0.0000,28.9525,8.7079,689.4686,94.1167,94.2264,12.0701,140.3402,40.7308
2038-04-12,28.1870,0.0024,20.5599,7.6406,695.4962,99.7570,94.5441,11.9506,146.8546,41.0131
2038-04-13,27.4423,0.0458,23.1825,10.2277,701.3899,105.0725,94.5950,13.7102,152.8866,45.2666
2038-04-14,22.2937,0.1436,34.9746,14.3344,706.3567,108.7603,92.6303,12.8288,157.0621,43.6826
2038-04-15,20.4299,0.0115,28.1210,11.5826,710.9881,112.5121,92.6805,11.2468,161.2361,40.3923
2038-04-16,25.1620,0.0000,21.8386,8.5939,716.4713,117.4884,93.6424,11.0673,166.6555,40.2685
2038-04-17,29.4399,0.0000,26.8690,9.7035,722.7245,122.9029,93.6929,11.7863,172.4787,42.2277
2038-04-18,29.5065,0.0000,27.4792,12.9814,728.9896,128.2839,93.7435,14.0012,178.1799,47.4003
2038-04-19,30.7222,0.0000,24.0709,9.8713,735.4736,134.1417,94.1783,12.7140,184.2643,44.8409
2038-04-20,32.0962,0.0006,21.5236,10.8351,742.2049,140.4573,94.9521,14.8471,190.6952,49.7100
2038-04-21,31.9513,0.0348,18.6817,14.6925,748.9102,146.9731,95.5860,19.6630,197.1968,59.4183
2038-04-22,25.3449,0.4163,38.1819,16.7543,754.4263,150.9363,92.5740,14.3782,201.2257,49.0597
2038-04-23,20.1873,0.7915,44.7718,15.5774,759.0140,153.7865,87.6852,6.7436,204.1594,30.0226
2038-04-24,19.2559,1.3594,54.7773,11.5199,763.4340,156.0182,81.4370,2.3821,206.5223,14.2006
2038-04-25,22.2018,0.7097,51.3964,9.5929,768.3844,158.7639,84.9947,3.4146,209.3749,18.6579
2038-04-26,25.7340,0.0000,29.0051,10.1561,773.9705,163.3824,91.3176,8.6324,213.8875,35.5796
2038-04-27,28.3861,0.0000,19.8408,7.9583,780.0340,169.1125,94.4038,11.9108,219.3412,43.9353
2038-04-28,30.7600,0.0000,18.2344,9.8863,786.5248,175.4279,95.4471,15.1446,225.2535,51.2378
2038-04-29,28.2186,0.0084,24.4629,15.4087,792.5581,180.7969,95.1904,19.3152,230.2712,59.6424
2038-04-30,23.8205,2.4082,39.8004,10.5432,797.7998,119.5921,82.7919,2.6750,173.9830,15.0604
2038-05-01,25.3915,2.8661,47.6089,6.4685,789.0478,89.6454,77.1239,1.2174,139.6313,7.3165
2038-05-02,28.3699,0.0007,29.3821,7.4125,796.5584,95.1242,90.6169,6.8034,146.5087,28.2118
2038-05-03,30.3411,0.0000,18.0043,6.9613,804.4238,101.9113,95.0495,12.3783,154.7956,42.5424
2038-05-04,33.0262,0.0000,18.7277,7.1748,812.7725,109.2130,95.7351,13.7382,163.5015,46.0521
2038-05-05,34.8172,0.0000,18.7295,6.8653,821.4436,116.8978,96.0582,14.1309,172.4450,47.3937
2038-05-06,34.3115,0.0024,18.4479,10.3433,830.0236,124.5006,96.1095,16.9550,181.0930,53.5781
2038-05-07,30.1794,0.0178,27.4408,13.2435,837.8599,130.4757,95.0902,17.0830,187.8278,54.1334
2038-05-08,27.7131,0.3067,35.1134,14.6866,845.2523,135.3977,93.2965,14.3363,193.3610,48.7228
2038-05-09,23.5312,1.9556,44.1718,13.7360,851.8919,114.2463,83.7138,3.5399,171.1206,18.5102
2038-05-10,24.4388,0.1600,44.4614,13.1039,858.6949,117.9805,88.2426,6.4482,175.6331,28.4434
2038-05-11,26.9105,0.0096,37.9679,11.0956,865.9428,122.5548,90.4074,7.9492,181.0505,32.9366
2038-05-12,29.8191,0.0137,29.4013,8.3139,873.7142,128.3015,92.6664,9.5200,187.6967,37.3191
2038-05-13,32.4824,0.0003,19.9951,5.7708,881.9651,135.3748,95.1785,11.8651,195.6665,43.2844
2038-05-14,33.7133,0.0133,20.3898,5.7944,890.4374,142.6712,95.5033,12.4176,203.7338,44.7822
2038-05-15,35.0863,0.0236,19.0786,5.6766,899.1570,150.3803,96.0104,13.2237,212.0848,46.8050
2038-05-16,34.9616,0.0266,16.5713,10.3499,907.8541,158.3009,96.5556,18.0115,220.4870,56.9521
2038-05-17,34.6013,0.0117,17.8764,8.6684,916.4863,166.0196,96.6071,16.6633,228.5403,54.4328
2038-05-18,35.4365,0.0000,17.4960,10.6625,925.2689,173.9555,96.6586,18.5525,236.6720,58.2930
2038-05-19,35.2390,0.0442,17.7976,12.5285,934.0159,181.8197,96.7102,20.5231,244.6014,62.1170
2038-05-20,34.5789,0.3226,25.0904,14.8029,942.6441,188.8560,96.1756,21.4175,251.6624,63.8364
2038-05-21,27.4965,0.0006,23.6369,16.3725,949.9975,194.6050,95.3958,20.8529,257.3936,62.8719
2038-05-22,25.7232,0.0000,16.8198,13.3986,957.0317,200.4789,95.4470,18.0764,263.1475,57.6684
2038-05-23,28.5761,0.0000,13.2974,7.7602,964.5793,207.2527,96.2962,15.2655,269.6569,51.9888
2038-05-24,31.4371,0.0000,14.0888,5.9045,972.6420,214.6118,96.5895,14.4626,276.6292,50.3046
2038-05-25,32.1117,0.0000,17.5433,7.5863,980.8261,221.8214,96.6410,15.8510,283.4064,53.2986
2038-05-26,29.7302,0.7601,28.7653,11.6294,988.5816,227.6032,92.7127,11.3246,288.9135,43.1427
2038-05-27,29.7437,1.4897,32.0082,7.1901,996.3394,233.1242,89.3936,5.6463,294.1719,27.2230
2038-05-28,33.0733,0.0000,22.3015,5.9740,1004.6966,240.1144,94.5290,10.9652,300.6165,42.2964
2038-05-29,34.6253,0.0104,20.2037,7.6013,1013.3332,247.6195,95.6470,13.8697,307.4293,49.1182
2038-05-30,34.1878,0.0000,24.8968,9.9372,1021.8910,254.5966,95.6983,15.7112,313.7636,53.1120
2038-05-31,28.0798,4.6300,47.7422,12.7556,968.9713,100.0335,79.2380,2.0034,159.0242,11.7251
2038-06-01,28.6527,0.1582,44.5794,12.9660,977.5328,104.3746,88.4939,6.6386,164.7672,28.6209
2038-06-02,29.9622,0.0006,34.0333,13.6051,986.3299,109.7691,91.7039,10.8499,171.7522,40.0018
2038-06-03,27.8560,0.0000,31.5376,13.2605,994.7480,114.9881,92.1111,11.2956,178.4160,41.3476
2038-06-04,29.8974,0.0065,28.3027,12.4116,1003.5336,120.8390,93.0817,12.4053,185.7584,44.2007
2038-06-05,26.4169,0.1909,37.2048,15.6062,1011.6926,125.3880,92.4449,13.3257,191.4544,46.4635
2038-06-06,29.0375,0.0005,23.7609,8.9884,1020.3233,131.4370,93.8458,11.6131,198.8385,42.7827
2038-06-07,33.2554,0.0000,18.1399,7.8074,1029.7133,138.8409,95.8122,14.3324,207.6768,49.1350
2038-06-08,33.4605,0.0000,20.1555,9.9765,1039.1402,146.1056,95.8635,16.0993,216.2116,53.0442
2038-06-09,31.7171,0.0000,19.7785,13.0588,1048.2533,153.0365,95.9148,18.9357,224.2326,58.8081
2038-06-10,30.9469,0.0000,19.4474,13.1575,1057.2278,159.8326,95.9661,19.1628,231.9857,59.3840
2038-06-11,29.7663,1.2551,25.2044,12.9679,1065.9897,165.9105,92.2713,11.3849,238.8749,42.9564
2038-06-12,25.7133,13.8306,61.1846,9.4105,856.6571,70.0043,62.7012,0.7650,116.2578,4.1933
2038-06-13,28.3757,3.4497,49.7815,9.2923,839.3218,55.8092,75.7215,1.2759,95.7084,6.1662
2038-06-14,27.7263,0.5380,47.8537,9.1478,847.7165,59.7665,86.7252,4.2536,101.6215,17.3784
2038-06-15,30.0672,0.2023,39.6507,8.2909,856.5326,64.7184,90.4447,6.9383,108.8713,25.5307
2038-06-16,29.8134,0.8287,41.9061,10.5861,865.3031,69.4463,89.5109,6.8139,115.6820,25.8989
2038-06-17,29.3458,0.3630,42.5086,11.6368,873.9893,74.0544,90.2066,7.9376,122.2193,29.4141
2038-06-18,30.0450,0.4923,41.2173,12.5822,882.8014,78.8743,90.6074,8.8159,128.9466,32.2153
2038-06-19,27.7646,0.5920,49.0342,14.5826,891.2030,82.7472,88.7688,7.4919,134.3165,29.2916
2038-06-20,25.6305,0.6583,55.5543,13.8733,899.2205,85.8749,86.9248,5.5524,138.6479,24.0844
2038-06-21,27.3633,0.0840,41.8405,11.9058,907.5499,90.2331,89.6727,7.4533,144.5392,29.8944
2038-06-22,30.1160,1.2325,34.4028,6.2514,916.3748,95.6239,89.3519,5.3533,151.6786,24.1455
2038-06-23,31.4028,0.5664,36.8714,8.3058,925.4313,101.0258,91.2891,7.8321,158.7313,31.7184
2038-06-24,33.5541,0.0000,28.9822,8.8197,934.8750,107.5049,93.4846,10.9507,166.9999,40.0114
2038-06-25,35.4995,0.0000,21.9111,6.7090,944.6690,115.0291,95.3689,12.7672,176.3687,44.6270
2038-06-26,36.6885,0.0000,17.8167,7.9578,954.6769,123.2051,96.5261,15.9032,186.3024,51.7158
2038-06-27,37.0314,0.0000,15.8958,7.2788,964.7466,131.6480,97.0340,16.4507,196.3216,53.2024
2038-06-28,36.3578,0.0000,17.3944,9.6121,974.6950,139.7941,97.0857,18.6314,205.7977,57.7711
2038-06-29,34.1589,0.0000,25.7987,13.8727,984.2476,146.6818,96.0542,20.1041,213.7325,60.7534
2038-06-30,28.7417,0.0001,36.0867,15.6731,992.8251,151.7030,93.3911,15.2673,219.5415,51.3891
2038-07-01,29.3614,0.0000,33.6554,13.0310,1001.8141,156.4493,93.4416,13.4586,225.0397,47.5766
2038-07-02,32.0031,0.0000,28.2604,10.3937,1011.2787,162.0267,93.5334,11.9355,231.3760,44.1789
2038-07-03,34.9049,0.0797,25.7695,5.9471,1021.2656,168.3036,94.4891,10.8902,238.3908,41.7445
2038-07-04,36.4122,0.0003,25.3687,7.5703,1031.5238,174.8786,94.8830,12.4761,245.6444,45.6103
2038-07-05,38.1422,0.0644,21.7172,6.7974,1042.0933,182.0933,95.9293,13.8392,253.4627,48.7734
2038-07-06,38.4087,0.0000,22.7489,8.7416,1052.7109,189.2614,95.9806,15.3700,261.1471,52.1490
2038-07-07,38.1967,0.0000,23.4625,6.9764,1063.2903,196.3251,96.0320,14.1600,268.6444,49.5960
2038-07-08,38.1107,0.0884,25.9155,7.8800,1073.8543,203.1474,96.0833,14.9229,275.8394,51.2951
2038-07-09,38.5698,0.0088,25.2345,7.5412,1084.5008,210.1131,96.1347,14.7725,283.1037,51.0089
2038-07-10,40.2524,0.0000,19.2859,10.2070,1095.4502,217.9519,96.8313,18.5563,291.1066,58.7762
2038-07-11,39.0067,0.0026,23.6112,11.7522,1106.1755,225.1472,96.8829,20.1981,298.4372,61.9301
2038-07-12,37.3282,0.3814,31.3430,9.0075,1116.5985,231.3436,95.5291,14.6511,304.8075,50.8267
2038-07-13,39.2407,0.0006,25.4611,8.7756,1127.3659,238.4056,95.5802,14.5822,311.9107,50.6957
2038-07-14,41.4031,0.0000,16.8201,6.0736,1138.5224,246.7087,97.4944,16.4607,320.0414,54.6832
2038-07-15,41.9325,0.0000,18.6411,9.3618,1149.7743,254.9312,97.5462,19.5613,328.0319,60.8158
2038-07-16,39.8987,0.0000,25.4091,11.1860,1160.6600,262.1134,97.0190,19.9904,335.0594,61.6382
2038-07-17,38.6517,0.0000,26.6789,9.5752,1171.3213,268.9586,96.5526,17.3151,341.7409,56.4563
2038-07-18,38.8516,0.0000,20.6999,8.7124,1182.0186,276.3992,96.6041,16.6936,348.8586,55.2058
2038-07-19,37.1495,0.0000,19.6179,12.0485,1192.4095,283.6200,96.6557,19.8867,355.7175,61.4710
2038-07-20,35.5105,0.0000,24.7851,12.3574,1202.5054,290.0871,96.3609,19.4138,361.9102,60.5815
2038-07-21,38.4629,0.0000,20.9159,8.7312,1213.1327,297.4353,96.4124,16.2841,368.8093,54.3818
2038-07-22,38.3132,0.0469,24.5845,7.7729,1223.7331,304.4161,96.4639,15.6243,375.3819,53.0085
2038-07-23,39.6909,0.0000,20.2389,8.0528,1234.5815,312.0572,96.5523,16.0359,382.4444,53.8748
2038-07-24,40.9609,0.0000,17.2002,11.2802,1245.6584,320.2363,97.3858,21.0923,389.8891,63.7346
2038-07-25,41.5094,0.0000,16.4962,10.4814,1256.8341,328.5926,97.6336,20.9379,397.4242,63.4547
2038-07-26,39.9148,0.0000,19.5019,8.5404,1267.7228,336.3467,97.6854,19.1179,404.4356,60.0403
2038-07-27,39.8566,0.0196,22.8935,8.9462,1278.6010,343.7635,97.4740,18.9731,411.1640,59.7639
2038-07-28,39.1433,0.3168,27.3480,8.3547,1289.3508,350.6301,96.5744,16.3301,417.4521,54.4973
2038-07-29,39.9727,0.0462,21.6538,7.5608,1300.2499,358.1875,96.6259,15.7986,424.2194,53.3923
2038-07-30,40.4286,0.0000,17.9295,8.2619,1311.2310,366.1920,97.1502,17.5565,431.2750,56.9909
2038-07-31,41.0766,0.0000,16.4549,6.9411,1322.3288,374.4675,97.5661,17.3609,438.4943,56.6002
2038-08-01,42.0013,0.0000,15.1218,7.4671,1332.8930,382.0201,97.9861,18.8461,445.1089,59.5258
2038-08-02,41.1851,0.0000,16.5900,10.6341,1343.3104,389.3014,98.0381,22.2591,451.4899,65.8613
2038-08-03,41.2456,0.0000,14.1673,10.9318,1353.7386,396.8050,98.0901,22.7512,457.9942,66.7361
2038-08-04,39.1357,0.2689,16.9414,9.4866,1363.7870,403.7043,98.1421,21.2988,464.0165,64.1297
2038-08-05,38.3501,0.1531,24.9171,9.4003,1373.6940,409.8193,96.9745,18.1619,469.4824,58.1947
2038-08-06,37.6930,0.0459,30.2182,10.4932,1383.4828,415.4079,95.7766,16.3304,474.5739,54.5052
2038-08-07,36.9732,0.0330,34.5436,11.3706,1393.1419,420.5528,94.7718,14.8804,479.3487,51.4452
2038-08-08,36.1397,0.1639,34.4744,10.8910,1402.6511,425.5904,94.5527,14.0940,484.0252,49.7278
2038-08-09,39.6979,0.0000,26.0182,6.2527,1412.8007,431.8215,95.3024,12.3642,489.5594,45.7873
2038-08-10,41.8340,0.0000,18.9530,7.6118,1423.3348,439.0052,97.1330,16.9517,495.7470,55.7787
2038-08-11,38.9146,0.0000,25.5834,13.6236,1433.3434,445.1526,96.7852,21.9066,501.1785,65.2329
2038-08-12,36.7598,0.0000,28.1197,13.9809,1442.9642,450.7708,95.9695,19.9839,506.2052,61.6980
2038-08-13,34.1480,0.0000,31.1393,13.7734,1452.1148,455.7816,94.9603,17.2359,510.7696,56.3539
2038-08-14,34.1581,0.0000,25.6215,10.8058,1461.2673,461.1956,95.0113,14.9460,515.5807,51.5878
2038-08-15,36.9285,0.0001,17.3861,6.2886,1470.9184,467.6814,96.6287,14.8232,521.1284,51.3230
2038-08-16,39.5625,0.0000,13.8956,6.4038,1481.0437,474.9096,97.8285,17.4948,527.1950,56.8740
2038-08-17,39.4229,0.0007,15.7333,7.3885,1491.1438,481.9591,97.8804,18.5114,533.1300,58.8813
2038-08-18,36.3070,0.2050,19.0475,10.9645,1500.6831,488.2107,97.6501,21.5011,538.4734,64.5009
2038-08-19,34.9330,0.0000,22.3342,10.6489,1509.9750,493.9882,96.8818,19.1028,543.4788,60.0252
2038-08-20,36.8328,0.0000,19.2242,5.6887,1519.6089,500.3138,96.9334,14.9813,548.8616,51.6643
2038-08-21,38.4680,0.0000,19.3093,7.9719,1529.5372,506.9052,96.9851,16.9245,554.4410,55.7246
2038-08-22,38.6184,0.0000,26.1001,8.0882,1539.4925,512.9647,96.6491,16.2746,559.6968,54.3921
2038-08-23,39.2136,0.0000,25.2244,7.7520,1549.5549,519.1880,96.7006,16.1124,565.0594,54.0557
2038-08-24,38.8666,0.0000,25.4646,8.8555,1559.5549,525.3379,96.7512,17.1496,570.3598,56.1809
2038-08-25,38.3886,0.0000,24.4904,8.0728,1569.4689,531.4936,96.8028,16.6008,575.6413,55.0642
2038-08-26,38.3151,0.0000,23.6078,7.3380,1579.3696,537.7097,96.8544,16.1083,580.9479,54.0473
2038-08-27,39.0561,0.0000,20.4488,7.0710,1589.4037,544.3046,96.9060,16.0033,586.4890,53.8286
2038-08-28,38.7027,0.0000,16.5905,8.9072,1599.3742,551.1584,97.1630,18.1677,592.1589,58.2091
2038-08-29,37.1877,0.0000,16.2554,9.0926,1609.0720,557.7779,97.2147,18.4651,597.6359,58.7916
2038-08-30,37.5765,0.0000,16.1438,7.3134,1618.8397,564.4735,97.2664,16.9985,603.1584,55.8752
2038-08-31,36.8476,0.0000,18.8462,8.4027,1628.4763,570.8311,97.3182,18.0818,608.4559,58.0402
2038-09-01,35.0794,0.0000,20.2910,11.0259,1636.4946,575.9654,97.1741,20.2447,612.7693,62.1879
2038-09-02,34.4650,0.0000,19.3686,9.1595,1644.4023,581.0709,97.2109,18.5181,617.0421,58.8949
2038-09-03,36.7259,0.0000,15.9031,4.8735,1652.7170,586.7343,97.2626,15.0244,621.6953,51.7573
2038-09-04,36.6902,0.0000,23.9215,9.3556,1661.0252,591.8528,96.7837,17.6641,626.0361,57.2128
2038-09-05,36.9534,0.0000,20.7503,9.7723,1669.3808,597.2219,96.8353,18.1641,630.5209,58.2021
2038-09-06,38.2593,0.0000,17.9690,8.4754,1677.9715,602.9701,96.8869,17.1330,635.2531,56.1475
2038-09-07,38.1849,0.2881,21.2869,10.2936,1686.5488,608.4754,96.9386,18.9070,639.8426,59.6488
2038-09-08,38.2447,0.0021,24.2694,7.7518,1695.1368,613.7802,96.8959,16.5393,644.3185,54.9381
2038-09-09,35.0666,0.2974,35.5568,11.8877,1703.1528,617.9296,94.4344,14.5803,648.0518,50.7970
2038-09-10,32.2355,0.0017,36.4579,10.6138,1710.6592,621.7008,93.6018,12.1841,651.4837,45.3644
2038-09-11,32.1987,1.3495,37.2168,8.5576,1718.1590,625.4228,89.8129,6.4241,654.8865,29.8281
2038-09-12,32.0158,0.0014,24.9174,11.5516,1725.6258,629.8495,93.9361,13.3810,658.6681,48.1339
2038-09-13,30.9611,0.0000,19.9289,14.3706,1732.9028,634.4200,95.0984,18.1014,662.4910,58.0788
2038-09-14,26.5370,1.0018,45.9864,12.8523,1739.3835,637.0777,88.1399,6.2739,665.1240,29.3537
2038-09-15,28.0150,3.5206,51.8832,10.8744,1550.9559,114.9747,78.6221,1.7203,193.9962,10.8526
2038-09-16,29.8883,0.0045,34.8883,6.0746,1558.0398,118.5669,90.0638,5.8761,199.2302,27.2489
2038-09-17,29.9419,0.0000,29.9274,8.6009,1565.1334,122.4395,92.5562,9.5102,204.8214,37.7350
2038-09-18,27.7019,0.0377,35.2361,11.0858,1571.8237,125.7605,92.6064,10.8552,209.5967,41.2175
2038-09-19,24.2510,0.0001,34.9866,12.6354,1577.8929,128.6948,92.4138,11.4229,213.7959,42.6748
2038-09-20,25.9710,0.0000,29.7805,8.2073,1584.2717,132.0791,92.4640,9.2032,218.5975,37.1833
2038-09-21,30.7451,0.0000,22.6202,6.6574,1591.5098,136.4662,94.3391,11.0560,224.7530,41.9755
2038-09-22,31.9378,0.0000,26.6986,9.7582,1598.9626,140.7777,94.3899,13.0166,230.7627,46.6709
2038-09-23,33.2056,0.0000,23.4087,11.7250,1606.6436,145.4556,94.7569,15.1177,237.2201,51.3651
2038-09-24,34.2023,0.0000,22.9696,12.9397,1614.5040,150.2970,95.0291,16.6834,243.8443,54.6963
2038-09-25,34.0219,0.0022,24.3013,11.8297,1622.3320,155.0304,95.0802,15.8864,250.2710,53.1325
2038-09-26,34.2508,0.0000,28.2659,9.8952,1630.2011,159.5452,95.1312,14.5119,256.3652,50.2730
2038-09-27,34.8886,0.0614,28.1903,8.6243,1638.1850,164.1462,95.1823,13.7070,262.5289,48.5524
2038-09-28,34.9882,0.1922,29.3029,6.3847,1646.1869,168.6885,95.2333,12.3300,268.5737,45.4487
2038-09-29,35.1756,0.0348,27.1919,6.2118,1654.2225,173.3907,95.2844,12.3086,274.7779,45.4329
2038-09-30,30.6147,0.0195,30.9896,9.1192,1661.4372,177.2873,94.4354,12.6837,279.9049,46.3313
2038-10-01,26.5511,0.0000,32.1888,12.8453,1666.9204,180.1284,93.5285,13.4956,283.6329,48.1998
2038-10-02,25.5852,0.0000,32.2335,9.4952,1672.2297,182.8684,93.2185,10.9167,287.2151,42.1344
2038-10-03,28.9703,0.0000,27.2184,9.8604,1678.1484,186.1845,93.2689,11.1981,291.5132,42.8426
2038-10-04,28.0345,0.0944,31.3970,12.5114,1683.8986,189.2130,93.3193,12.8890,295.4341,46.8659
2038-10-05,28.2525,0.0014,32.6546,7.3772,1689.6880,192.2082,93.3698,10.0212,299.3001,39.9097
2038-10-06,28.9314,0.0002,37.0894,5.9461,1695.5997,195.0708,92.9029,8.7345,302.9960,36.5014
2038-10-07,29.0127,0.0105,36.8231,5.9275,1701.5260,197.9534,92.8517,8.6639,306.7031,36.3154
2038-10-08,27.3878,2.1427,44.9029,9.4193,1707.1598,130.3723,83.9374,2.9335,218.9439,16.7549
2038-10-09,24.1424,3.2441,67.9845,11.8432,1550.1092,87.8592,70.9060,1.1704,153.9096,7.3377
2038-10-10,28.0758,0.1011,49.3868,10.2324,1555.8668,90.0966,85.9380,4.0202,157.4058,19.8925
2038-10-11,28.1407,0.2370,46.3608,6.4524,1561.6361,92.4731,88.8193,5.0098,161.0976,23.4229
2038-10-12,26.4249,0.0001,37.4778,9.6431,1567.0966,95.0807,90.4720,7.4567,165.1161,30.9781
2038-10-13,26.8075,0.0000,31.5124,5.2037,1572.6260,97.9767,91.7498,7.1515,169.5460,30.2937
2038-10-14,27.4182,0.0000,30.3798,5.4459,1578.2652,100.9850,92.2389,7.7576,174.1178,32.1704
2038-10-15,26.2845,0.0026,36.5158,5.2601,1583.7005,103.6192,92.2890,7.7398,178.1055,32.2599
2038-10-16,26.3339,0.2731,38.8070,6.5507,1589.1446,106.1629,92.0724,8.0112,181.9395,33.1357
2038-10-17,23.4844,0.0163,45.2983,8.9956,1594.0758,108.2005,90.7264,7.4844,185.0069,31.7541
2038-10-18,22.7884,0.0002,40.2877,8.8963,1598.8817,110.3618,90.7760,7.5000,188.2407,31.8873
2038-10-19,22.2732,0.0634,50.9970,9.9739,1603.5948,112.0973,89.4921,6.5891,190.8430,29.2841
2038-10-20,23.5884,0.0597,52.9447,8.5058,1608.5448,113.8575,89.1296,5.8090,193.4777,26.9233
2038-10-21,26.2665,0.0001,38.3986,7.0832,1613.9767,116.4119,90.3162,6.4098,197.2550,28.8782
2038-10-22,26.9877,0.1532,41.8508,6.6831,1619.5385,118.8866,90.3656,6.3265,200.9036,28.6921
2038-10-23,25.7302,0.3203,49.8997,6.3695,1624.8739,120.9233,90.0136,5.9213,203.9093,27.4747
2038-10-24,21.8504,0.4621,61.8579,8.2640,1629.5110,122.2497,87.7753,4.7254,205.8846,23.5165
2038-10-25,18.7154,0.2367,46.7250,11.7878,1633.5838,123.8493,87.8239,5.6830,208.2312,26.7766
2038-10-26,19.2720,7.0701,44.7116,11.9509,1297.0662,67.4062,67.0838,1.0398,119.3114,5.8301
2038-10-27,19.1057,29.6021,79.7685,12.2956,753.1834,27.1142,38.5989,0.0490,49.7510,0.0822
2038-10-28,20.4846,9.0528,69.6853,7.3326,683.9901,14.7110,43.8619,0.0993,27.9207,0.1118
2038-10-29,20.0871,6.2744,75.0898,6.8154,647.5977,9.0251,43.4625,0.0906,17.4425,0.0755
2038-10-30,22.0195,2.0707,60.5956,4.9051,652.2652,8.6631,62.0794,0.5906,16.7693,0.4800
2038-10-31,22.0687,2.5240,61.5968,10.5034,656.9416,7.6587,69.1792,1.0347,14.8837,0.7825
2038-11-01,21.8148,2.1880,64.3283,14.0251,660.5722,6.9471,72.5018,1.3834,13.5382,0.9895
2038-11-02,21.5001,3.4102,64.8391,13.2743,648.4415,5.2727,67.8617,1.1406,10.3353,0.7005
2038-11-03,20.4948,1.3231,71.6928,8.8827,651.8345,6.0832,72.0072,1.0478,11.8889,0.6956
2038-11-04,20.0816,0.0782,68.3521,6.9667,655.1532,6.9719,79.7063,1.5675,13.5825,1.4826
2038-11-05,20.3614,0.0894,65.5088,6.8853,658.5223,7.9533,83.0785,2.3075,15.4404,3.0425
2038-11-06,19.5476,5.5740,74.2932,9.7116,628.8581,4.8789,56.0999,0.5014,9.5721,0.2954
2038-11-07,18.0204,2.9360,67.8263,10.2479,620.8917,3.6947,59.8389,0.6791,7.2810,0.3477
2038-11-08,18.4805,5.9979,69.0517,11.6632,590.8583,2.2602,53.4470,0.4330,4.4776,0.1777
2038-11-09,14.4871,16.0701,75.0586,17.2626,500.6758,0.9655,40.3239,0.0881,1.9217,0.0270
2038-11-10,14.5792,0.3775,58.6415,9.6935,503.0041,1.8252,65.6643,0.8820,3.6176,0.3327
2038-11-11,14.6120,1.0851,69.3498,10.4930,505.3383,2.4637,71.2184,1.1050,4.8681,0.4699
2038-11-12,15.7075,0.3334,65.7395,7.2610,507.8696,3.2271,78.7510,1.4508,6.3533,0.6955
2038-11-13,15.8166,2.3763,69.9855,4.8870,510.4206,2.5418,64.6555,0.6653,5.0212,0.2867
2038-11-14,15.8504,16.7630,82.0581,10.4795,432.4862,0.9973,34.3421,0.0177,1.9831,0.0055
2038-11-15,15.8338,2.0276,65.1392,5.7381,435.0403,1.0194,51.5241,0.2619,2.0270,0.0814
2038-11-16,15.9862,0.0458,60.0627,7.1495,437.6218,1.9241,70.9491,0.9252,3.8064,0.3558
2038-11-17,16.8680,0.0058,56.0649,4.7583,440.3620,2.9707,80.1636,1.4703,5.8429,0.6779
2038-11-18,17.4048,0.0012,51.5483,7.5266,443.1989,4.1594,84.6888,2.9507,8.1282,2.6364
2038-11-19,13.8123,0.1506,50.9821,10.0583,445.3891,5.1286,85.7344,3.8731,9.9701,4.1518
2038-11-20,14.4320,0.0271,50.7980,9.5817,447.6909,6.1417,86.1683,4.0185,11.8761,4.7827
2038-11-21,11.4289,0.0004,55.9137,8.8241,449.4521,6.8740,86.2164,3.8943,13.2418,4.9370
2038-11-22,11.8713,0.0000,47.2520,8.1464,451.2929,7.7812,86.4460,3.8875,14.9192,5.2896
2038-11-23,13.2291,0.0000,47.5768,7.0629,453.3781,8.7771,86.6346,3.7805,16.7438,5.5125
2038-11-24,13.6542,0.0001,46.2361,8.2829,455.5399,9.8288,86.9045,4.1772,18.6514,6.4671
2038-11-25,14.7420,0.0180,52.1598,9.6523,457.8975,10.8336,86.9528,4.5065,20.4571,7.3163
2038-11-26,15.2557,0.0175,57.0574,10.6485,460.3475,11.7647,86.9654,4.7469,22.1165,8.0131
2038-11-27,17.0808,0.0460,58.7234,10.0614,463.1260,12.7597,86.9800,4.6182,23.8749,8.1693
2038-11-28,16.0975,0.0000,56.4918,9.3610,465.7276,13.7517,87.0283,4.4888,25.6127,8.2956
2038-11-29,16.5816,0.0011,56.1500,7.5267,468.4163,14.7796,87.0767,4.1208,27.3981,8.0012
2038-11-30,15.7160,0.0000,58.1705,6.2262,470.9491,15.7122,86.9263,3.7776,29.0052,7.6602
2038-12-01,15.5330,0.0000,53.6518,7.7339,473.4491,16.5883,86.9746,4.1040,30.5046,8.4910
2038-12-02,15.8254,0.0000,55.6720,9.6488,476.0016,17.4409,87.0230,4.5509,31.9547,9.5319
2038-12-03,15.2632,0.0099,56.7978,8.0552,478.4530,18.2442,87.0187,4.1972,33.3128,9.1146
2038-12-04,16.1663,0.0000,54.6121,5.8207,481.0670,19.1348,87.0671,3.7762,34.8083,8.5386
2038-12-05,16.7177,0.0120,59.4844,5.9906,483.7801,19.9552,86.8775,3.7073,36.1795,8.5990
2038-12-06,14.0964,1.8671,84.3402,7.3412,486.0215,18.2735,67.0147,0.8223,33.4069,1.2311
2038-12-07,14.8560,1.7765,74.2815,12.6158,488.3996,17.1791,65.8699,1.0298,31.5811,1.8456
2038-12-08,14.5517,0.6764,75.9996,8.4811,490.7229,17.6060,72.3720,1.0410,32.3136,1.9294
2038-12-09,16.3760,0.2911,73.3129,5.5939,493.3745,18.1360,77.8290,1.2312,33.2192,2.5501
2038-12-10,14.4595,0.0459,69.6558,3.8617,495.6813,18.6725,80.5439,1.4640,34.1307,3.2581
2038-12-11,13.3326,0.2901,68.7160,7.8930,497.7851,19.1856,82.0052,2.1231,34.9989,4.9985
2038-12-12,14.4981,0.3948,64.1449,7.3842,500.0988,19.8212,83.2796,2.4284,36.0685,5.8293
2038-12-13,14.0542,0.0000,48.4142,9.5001,502.3325,20.7095,85.6113,3.7016,37.5490,8.7802
2038-12-14,14.7177,0.0000,51.1560,11.2370,504.6857,21.5875,86.1289,4.3439,39.0041,10.2812
2038-12-15,14.7097,0.0008,56.7125,8.9249,507.0375,22.3652,86.1770,3.8924,40.2878,9.5564
2038-12-16,14.6383,0.0002,59.2370,7.4231,509.3764,23.0943,86.2251,3.6333,41.4863,9.1711
2038-12-17,15.8045,0.0000,56.6959,7.6376,511.9252,23.9262,86.2732,3.6977,42.8460,9.4899
2038-12-18,14.8638,0.0000,63.1473,6.8534,514.3047,24.5947,85.9938,3.4175,43.9367,9.0079
2038-12-19,15.1596,0.0000,60.8219,6.3394,516.7374,25.3186,86.0419,3.3526,45.1114,9.0035
2038-12-20,14.5032,0.0316,62.2097,4.6431,519.0520,25.9887,86.0016,3.0606,46.1950,8.4426
2038-12-21,15.6572,0.1526,58.2524,6.1361,521.5743,26.7837,86.0496,3.3221,47.4729,9.2134
2038-12-22,16.1054,0.0057,57.3793,7.0533,524.1772,27.6170,86.0977,3.5028,48.8056,9.7979
2038-12-23,16.0242,0.0001,58.5339,7.7579,526.7656,28.4240,86.1457,3.6540,50.0907,10.3082
2038-12-24,16.2120,0.0000,56.1453,5.9335,529.3877,29.2867,86.1938,3.3557,51.4567,9.7553
2038-12-25,14.7238,0.0328,59.5069,10.5219,531.7420,30.0149,86.2419,4.2574,52.6062,12.0158
2038-12-26,14.0167,0.0073,58.5175,6.2158,533.9690,30.7275,86.2900,3.4503,53.7258,10.2462
2038-12-27,15.8484,0.0000,49.8418,6.9899,536.5257,31.6935,86.6133,3.7553,55.2307,11.1674
2038-12-28,18.4296,0.0001,48.8231,8.9868,539.5471,32.8293,87.1594,4.4880,56.9897,13.1162
2038-12-29,17.2578,0.3196,62.3806,7.2779,542.3575,33.6141,86.5932,3.7993,58.2091,11.6256
2038-12-30,16.1623,0.2657,73.0256,5.8138,544.9707,34.1433,84.8869,2.7811,59.0393,9.0456
2038-12-31,18.1333,0.0311,62.6141,6.4763,547.9387,34.9604,84.9349,2.8945,60.3021,9.4819
2039-01-01,17.5975,0.1389,64.0396,3.4903,550.8102,35.7882,84.9826,2.5065,61.5746,8.4893
2039-01-02,18.4251,0.0087,56.8772,6.8620,553.8307,36.8247,85.6672,3.2662,63.1519,10.7851
2039-01-03,19.3635,0.0006,50.5553,9.7650,557.0202,38.0704,86.8165,4.4452,65.0294,14.0300
2039-01-04,18.9533,0.0057,50.7973,5.8020,560.1358,39.2851,87.0194,3.7471,66.8490,12.4632
2039-01-05,18.1938,0.0054,50.8912,6.2752,563.1147,40.4515,87.0678,3.8640,68.5859,12.9618
2039-01-06,18.3662,0.0000,47.3396,10.4705,566.1246,41.7135,87.4699,5.0554,70.4498,16.1901
2039-01-07,16.7184,0.0000,53.8560,6.4871,568.8379,42.7258,87.5184,4.1648,71.9424,14.1264
2039-01-08,16.8624,0.0001,47.9282,6.7810,571.5771,43.8773,87.5669,4.2564,73.6249,14.5558
2039-01-09,15.8428,0.0037,53.2611,4.9708,574.1328,44.8522,87.6155,3.9124,75.0473,13.7857
2039-01-10,14.9152,0.0062,59.2710,7.3883,576.5216,45.6552,86.8653,3.9709,76.2205,14.0703
2039-01-11,13.6931,0.0000,51.5091,9.6607,578.6903,46.5383,86.9136,4.4833,77.4960,15.5902
2039-01-12,13.6009,0.0000,49.1576,10.2823,580.8425,47.4584,86.9619,4.6579,78.8172,16.2001
2039-01-13,13.8504,0.0000,52.7786,9.1963,583.0395,48.3276,87.0103,4.4403,80.0641,15.7528
2039-01-14,14.0890,0.0000,51.2685,8.6181,585.2796,49.2388,87.0587,4.3426,81.3648,15.6319
2039-01-15,14.8703,0.0300,51.5292,10.4626,587.6602,50.1918,87.1070,4.7985,82.7207,17.0103
2039-01-16,14.7473,0.2286,61.1494,7.4824,590.0187,50.9498,86.4680,3.7713,83.8071,14.2705
2039-01-17,15.5544,0.0136,56.5639,6.1557,592.5225,51.8403,86.5162,3.5516,85.0729,13.7393
2039-01-18,15.7558,0.0000,49.4327,7.5106,595.0626,52.8897,86.7248,3.9166,86.5482,14.9650
2039-01-19,16.0146,0.0000,49.9819,9.5206,597.6492,53.9435,86.7731,4.3638,88.0245,16.4001
2039-01-20,15.9436,0.0000,56.8843,11.8704,600.2230,54.8482,86.8214,4.9461,89.2967,18.1463
2039-01-21,17.0164,0.0000,55.7464,11.7125,602.9900,55.8352,86.8697,4.9407,90.6789,18.2828
2039-01-22,16.7952,0.0000,55.0272,9.4563,605.7171,56.8260,86.9180,4.4402,92.0602,17.0289
2039-01-23,16.2574,0.0000,53.7385,8.6855,608.3474,57.8145,86.9663,4.3005,93.4309,16.7603
2039-01-24,16.2073,0.0209,53.9893,9.3428,610.9688,58.7949,87.0147,4.4760,94.7861,17.4025
2039-01-25,16.3995,0.0521,53.2389,12.0273,613.6247,59.8023,87.0631,5.1597,96.1727,19.4696
2039-01-26,14.1412,0.0117,55.1767,15.4288,615.8741,60.6433,87.0923,6.1500,97.3277,22.2262
2039-01-27,12.1104,0.0015,52.8485,14.5533,617.7579,61.4102,87.1407,5.9253,98.3727,21.7613
2039-01-28,13.6222,0.0029,50.8766,12.5307,619.9139,62.3005,87.1891,5.3882,99.5815,20.4524
2039-01-29,13.7565,0.0000,40.9824,7.6783,622.0941,63.3799,87.7368,4.5628,101.0277,18.2502
2039-01-30,15.3930,0.0000,38.7278,6.1655,624.5688,64.6240,88.3912,4.6436,102.6858,18.6408
2039-01-31,15.9254,0.0000,36.9332,6.8956,627.1394,65.9459,88.8992,5.1821,104.4370,20.3611
2039-02-01,15.7604,0.0004,37.4401,7.6412,629.6803,67.4442,88.9546,5.4234,106.3981,21.2296
2039-02-02,15.7462,0.1704,49.1403,7.8141,632.2186,68.6613,88.5696,5.1767,107.9997,20.6783
2039-02-03,13.6038,0.0862,53.8695,9.3023,634.3713,69.6248,87.6593,4.8973,109.2681,19.9762
2039-02-04,15.7435,0.0024,45.5772,6.3218,636.9091,70.9269,87.7079,4.2437,110.9618,18.1217
2039-02-05,16.3295,0.0000,46.1305,7.1773,639.5524,72.2607,87.7565,4.4616,112.6902,18.9382
2039-02-06,16.5024,0.0340,49.1176,5.2970,642.2269,73.5330,87.8051,4.0866,114.3376,17.8737
2039-02-07,15.2643,0.0446,53.6180,9.1136,644.6784,74.6111,87.6271,4.8286,115.7359,20.3047
2039-02-08,14.8736,0.0003,46.5092,10.6604,647.0597,75.8249,87.6757,5.2565,117.2889,21.7088
2039-02-09,15.4865,0.0000,46.2563,8.7480,649.5513,77.0911,87.7243,4.8068,118.9027,20.4808
2039-02-10,17.2115,0.0000,45.9738,5.0196,652.3533,78.4964,87.7729,4.0113,120.6876,18.0645
2039-02-11,18.0125,0.0000,42.2347,4.5734,655.2996,80.0647,88.2579,4.2044,122.6622,18.8312
2039-02-12,15.0126,1.0887,59.5730,11.7217,657.7058,80.9900,81.3643,2.3862,123.8521,12.2696
2039-02-13,14.1751,3.1307,63.6481,11.5361,646.6463,62.0878,65.0092,0.9435,100.1386,4.7182
2039-02-14,14.1988,0.0000,41.9324,4.1485,648.9060,63.3497,79.0081,1.2702,101.8432,6.3993
2039-02-15,16.0870,0.0003,39.9690,4.6575,651.5057,64.8153,85.4457,2.8340,103.8114,12.8755
2039-02-16,16.9699,0.0608,54.0459,4.2136,654.2643,65.9949,85.9529,2.9747,105.4087,13.4848
2039-02-17,21.8779,0.0246,41.1335,11.4911,657.9063,67.9163,88.6619,6.3136,107.9684,23.8111
2039-02-18,21.6324,0.0578,44.3333,8.9009,661.5041,69.7139,88.7109,5.5801,110.3533,22.0415
2039-02-19,22.8189,0.0648,42.5871,9.2169,665.3155,71.6646,89.0949,5.9910,112.9209,23.4229
2039-02-20,18.6410,1.4222,61.0564,9.1840,668.3749,72.7566,79.6441,1.7418,114.3846,9.0948
2039-02-21,18.7065,0.0025,47.4021,3.2972,671.4461,74.2365,84.9962,2.4868,116.3212,12.3089
2039-02-22,20.2330,0.0019,38.0337,5.5384,674.7921,76.1143,88.4582,4.5426,118.7438,19.6478
2039-02-23,21.9135,0.0000,41.8122,5.1873,678.4405,78.0165,89.0099,4.8308,121.1921,20.7232
2039-02-24,22.4766,0.0278,43.5265,7.0594,682.1903,79.9078,89.0590,5.3462,123.6164,22.4647
2039-02-25,20.8739,0.0021,49.5102,5.5817,685.6516,81.4838,89.1080,4.9977,125.6396,21.5525
2039-02-26,18.7295,0.1352,61.6398,9.0568,688.7269,82.5643,87.2966,4.5928,127.0514,20.3743
2039-02-27,19.4620,0.2893,58.2187,9.1068,691.9340,83.7847,87.3451,4.6363,128.6305,20.6141
2039-02-28,17.1491,5.4689,82.5471,19.6458,659.9843,52.8315,54.1579,0.6942,88.0434,3.0014
2039-03-01,15.3123,0.7015,58.1522,14.4169,662.4445,54.0023,73.1634,1.4494,89.7197,6.6522
2039-03-02,18.6957,1.8139,64.8386,13.4940,665.5138,51.2142,73.0654,1.3778,85.9021,6.1539
2039-03-03,19.0846,0.1392,66.7613,7.9430,668.6530,52.3579,80.2891,1.7494,87.5726,7.7677
2039-03-04,23.3238,0.0022,48.6704,8.1931,672.5553,54.4949,86.4512,3.8995,90.6309,15.3075
2039-03-05,16.5741,0.6661,49.1721,12.9481,675.2426,56.0262,85.7594,4.4959,92.8024,17.2630
2039-03-06,18.3992,0.0057,30.4190,6.7829,678.2585,58.3389,89.5718,5.6749,96.0286,20.8416
2039-03-07,17.2208,2.9340,51.7435,8.4894,668.7526,47.7577,72.0167,1.0276,81.0461,4.3881
2039-03-08,15.8030,5.1868,62.2971,13.1052,640.7049,32.1257,58.6620,0.7250,57.0944,2.0500
2039-03-09,17.6247,0.0012,41.0784,6.6640,643.5813,34.0063,79.0150,1.4428,60.0766,4.9747
2039-03-10,18.7850,0.0087,38.6487,6.0445,646.6666,36.0859,86.4679,3.5076,63.3359,11.4514
2039-03-11,21.0048,0.0421,37.9355,6.1947,650.1515,38.4245,88.9933,5.0702,66.9560,15.7752
2039-03-12,19.9218,0.7166,47.1489,12.4003,653.4414,40.3183,86.9205,5.1521,69.8604,16.3467
2039-03-13,13.8359,0.0057,36.9892,13.8376,655.6359,41.9225,88.2603,6.7081,72.2893,20.2300
2039-03-14,16.0828,0.0000,27.0225,5.5153,658.2348,44.0600,90.3468,5.9489,75.4878,18.9727
2039-03-15,17.2743,0.0166,40.1535,8.9146,661.0482,45.9345,90.2613,6.9745,78.2717,21.6995
2039-03-16,18.1746,0.0001,38.5421,9.2469,664.0236,47.9537,90.3108,7.1426,81.2401,22.4971
2039-03-17,19.2096,0.0078,48.4323,8.6863,667.1853,49.7390,89.4100,6.1028,83.8503,20.4452
2039-03-18,20.6570,0.0000,34.8633,10.9999,670.6076,52.1547,90.1151,7.5869,87.3298,24.3827
2039-03-19,22.9913,0.0280,34.2819,9.7393,674.4500,54.8535,90.6725,7.7106,91.1697,25.2097
2039-03-20,24.1018,0.0351,34.5244,7.7803,678.4923,57.6662,90.8836,7.1994,95.1212,24.5522
2039-03-21,18.8727,0.0712,43.9564,11.7447,681.5934,59.5743,90.0889,7.8475,97.7821,26.4250
2039-03-22,18.1491,0.0009,31.8718,9.1328,684.5643,61.8097,90.3768,7.1691,100.8540,25.1958
2039-03-23,23.3868,0.0144,24.0039,7.4403,688.4779,64.9818,92.5733,8.9916,105.1518,30.0120
2039-03-24,25.4556,0.0777,26.1016,11.7617,692.7639,68.3269,92.8521,11.6256,109.6236,36.2749
2039-03-25,26.2818,0.0630,28.8722,9.0577,697.1986,71.6468,92.9024,10.2165,114.0047,33.8674
2039-03-26,30.4933,0.0000,25.9534,12.2352,702.3914,75.6345,93.7028,13.4084,119.1842,41.1807
2039-03-27,21.1892,0.1373,36.7808,13.5618,705.9095,78.0365,92.0418,11.3567,122.2789,37.3401
2039-03-28,20.8317,0.0033,30.0511,7.4017,709.3632,80.6515,92.0919,8.3852,125.6020,30.8490
2039-03-29,26.7210,0.0000,19.7103,6.2202,713.8769,84.4591,94.2152,10.6315,130.3607,36.6083
2039-03-30,29.5943,0.0482,16.4098,5.5977,718.9079,88.8327,95.6145,12.4825,135.7348,41.1877
2039-03-31,28.3832,0.0531,23.5272,11.4830,723.7209,92.6760,95.4114,16.3338,140.4036,49.3804
2039-04-01,23.0413,0.0854,34.2590,6.1810,728.8223,96.5236,93.2319,9.2550,145.0289,34.5865
2039-04-02,28.7221,0.2984,23.0217,8.7971,734.9463,102.0890,94.0233,11.7884,151.5497,41.0038
2039-04-03,21.7170,0.8072,47.2150,17.9103,739.8094,105.0088,87.7687,7.6759,155.0116,31.1036
2039-04-04,18.3031,0.0572,33.7210,13.6614,744.0579,108.1265,89.6351,8.0990,158.6247,32.4322
2039-04-05,22.1922,0.0000,18.5468,10.7796,749.0065,112.7260,93.4071,11.9575,163.8160,42.1682
2039-04-06,23.7656,0.0004,19.9576,12.3523,754.2383,117.5511,93.9290,13.9182,169.1827,46.7669
2039-04-07,26.2930,0.0065,20.4933,12.8362,759.9251,122.8311,94.2513,14.9124,174.9620,49.1597
2039-04-08,24.0104,2.7748,36.6528,13.5450,765.2009,92.5233,83.0122,3.2003,142.0938,16.2808
2039-04-09,19.0713,3.6945,54.8165,9.8667,746.3247,67.0306,68.8528,0.9917,109.4793,5.2778
2039-04-10,16.6964,6.7114,66.8464,7.2600,699.0175,40.8120,50.5333,0.2522,71.2275,0.5483
2039-04-11,18.9588,4.0161,63.9854,11.4595,680.7224,30.7343,58.0359,0.6380,55.2341,1.5665
2039-04-12,24.6533,0.4530,46.7491,6.6999,686.1139,34.0590,81.3301,1.8454,60.5977,6.3680
2039-04-13,26.3541,0.0000,39.1910,6.2730,691.8117,38.1063,88.8143,4.9612,66.9880,15.5211
2039-04-14,26.6381,0.0000,29.0313,10.2147,697.5605,42.8786,92.0113,9.5528,74.3341,26.3478
2039-04-15,27.4351,0.0609,27.9428,14.5981,703.4529,47.8634,92.7502,13.2213,81.8107,34.4140
2039-04-16,20.3871,3.2673,56.4527,16.2098,691.9320,39.0299,74.6436,1.7008,68.4124,6.4089
2039-04-17,14.1358,6.2723,72.9251,16.4797,653.9603,24.2531,52.3232,0.4911,44.3904,0.7596
2039-04-18,14.3629,2.7138,56.3917,14.3062,657.4996,20.9949,62.3237,0.9606,38.8856,2.0800
2039-04-19,16.9312,2.1935,55.2799,12.9024,661.5012,19.8897,69.4859,1.1790,36.9982,2.6575
2039-04-20,18.8775,0.0514,42.2913,5.7008,665.8532,22.6846,82.8980,2.1242,41.8083,5.6544
2039-04-21,24.9477,0.0000,26.0128,7.3572,671.2978,27.3567,91.2446,7.4194,49.6547,17.8481
2039-04-22,27.3268,0.0035,23.0077,7.3196,677.1706,32.6627,93.5559,10.2547,58.2958,24.4678
2039-04-23,28.7611,0.0007,20.1902,4.8539,683.3016,38.4404,94.6145,10.4861,67.4013,26.7384
2039-04-24,29.7837,0.0012,21.0958,6.4475,689.6167,44.3481,94.7124,11.5170,76.4114,30.3531
2039-04-25,29.4840,0.0024,24.6522,7.7773,695.8778,49.9348,94.7633,12.4016,84.6786,33.5524
2039-04-26,29.9152,0.0001,24.1785,5.3068,702.2165,55.6358,94.8143,11.0268,92.8756,32.4646
2039-04-27,32.2258,0.0056,18.2705,9.5421,708.9711,62.2390,95.6973,15.3995,102.0755,42.2022
2039-04-28,32.9340,0.0073,17.9718,8.4090,715.8533,69.0070,95.9286,15.0084,111.2124,43.0629
2039-04-29,34.0876,0.1373,21.2559,9.1712,722.9430,75.7244,95.9799,15.7048,120.0201,45.6810
2039-04-30,37.6620,0.2517,16.5472,11.0715,730.6762,83.5666,96.9799,19.7717,129.9715,54.2877
2039-05-01,37.0528,0.0326,14.7462,12.6417,739.7497,92.1297,97.3009,22.3362,140.5108,59.9526
2039-05-02,32.2352,0.0942,17.6054,15.2291,747.9560,99.3607,97.2353,25.2252,149.1782,65.6106
2039-05-03,29.5101,0.0503,27.4746,12.9254,755.6719,105.2053,95.2259,17.1261,156.0849,52.3297
2039-05-04,31.1803,0.1729,25.3173,10.9403,763.6883,111.5520,95.2770,15.6043,163.4252,49.8954
2039-05-05,30.5896,0.3371,22.9960,10.9471,771.5985,117.9763,95.3281,15.7190,170.7023,50.5746
2039-05-06,27.9641,3.4296,37.1857,11.2788,758.2265,84.4806,83.5227,3.0500,132.1510,15.2774
2039-05-07,20.5195,10.0037,74.0146,9.6904,681.3932,45.8109,51.0593,0.3031,78.4380,0.7075
2039-05-08,21.5408,2.0635,62.4228,9.7152,687.6746,43.1467,66.8554,0.9217,74.5930,3.6398
2039-05-09,21.6840,3.1450,63.9093,10.0576,679.5238,35.7087,66.5865,0.9290,63.1245,3.1800
2039-05-10,23.1661,5.2109,69.1948,7.1802,654.4989,24.6004,57.8940,0.5089,44.9748,0.7943
2039-05-11,26.8447,1.9075,57.1225,8.7769,661.7350,25.3814,75.1136,1.1996,46.3211,3.3107
2039-05-12,28.5329,0.5881,47.5590,6.3910,669.2749,29.4725,86.3987,3.5347,53.0993,10.3811
2039-05-13,30.4471,0.0104,38.3178,9.5334,677.1594,34.5954,90.7426,7.7078,61.3545,20.5105
2039-05-14,30.7905,0.3250,30.5958,8.4524,685.1057,40.4224,92.6459,9.5592,70.4527,25.6502
2039-05-15,30.6304,0.4495,29.0984,10.1506,693.0232,46.3452,93.0889,11.0806,79.4136,30.1462
2039-05-16,32.3146,0.0749,23.4737,9.9589,701.2438,53.0771,94.5065,13.3622,89.2634,36.1676
2039-05-17,33.8611,0.0177,21.0557,8.9993,709.7428,60.3432,95.3499,14.2919,99.5308,39.7680
2039-05-18,33.8990,0.1319,22.6921,5.8286,718.2486,67.4664,95.4010,12.2667,109.2724,37.5208
2039-05-19,34.0479,1.3299,29.4615,6.6926,726.7812,73.9935,91.9814,7.9656,117.9626,29.0654
2039-05-20,34.6875,0.0238,22.3830,10.4341,735.4290,81.3063,95.0730,14.7930,127.4003,44.9453
2039-05-21,34.6853,0.0401,23.6520,7.9051,744.0763,88.4991,95.1240,13.1143,136.4310,42.5852
2039-05-22,33.1214,2.3539,32.4910,7.9911,752.4422,79.2445,89.0159,5.5687,125.4572,23.2601
2039-05-23,31.0922,2.5996,40.6165,8.3835,760.4428,69.1468,85.0772,3.2494,112.6790,14.9365
2039-05-24,30.2546,4.7352,40.3528,7.3783,734.6936,50.8324,79.9475,1.6403,86.6729,7.2806
2039-05-25,23.5113,7.9190,69.9101,12.0886,680.6599,30.2906,59.6698,0.7371,54.5160,1.9959
2039-05-26,28.3715,0.4973,45.1620,4.5910,688.1708,34.5454,83.3651,2.1331,61.3869,7.3427
2039-05-27,28.1576,4.4555,49.3366,5.2090,669.7936,27.1223,74.0546,0.9486,49.2581,2.5986
2039-05-28,30.0507,2.5005,41.1796,6.4467,677.6067,27.2617,82.1384,2.0061,49.5406,6.0076
2039-05-29,31.4848,0.4674,34.6205,5.0981,685.6780,32.8703,90.9313,6.3322,58.7050,17.3488
2039-05-30,33.1596,0.0044,27.0036,7.4044,694.0507,39.4541,93.7578,10.5920,69.0895,27.2613
2039-05-31,36.3483,0.0056,17.0210,8.2991,702.9974,47.6349,96.5608,16.2547,81.4690,39.3185
2039-06-01,33.3543,0.0058,27.7915,14.0881,712.4052,54.1847,95.5142,18.8876,91.0554,45.6450
2039-06-02,32.2100,0.4834,31.7452,9.4500,721.6070,60.1702,94.5571,13.1149,99.5817,37.6159
2039-06-03,26.6918,5.1204,58.0511,11.2523,695.6842,42.1205,73.3143,1.2437,73.1663,4.9519
2039-06-04,28.7794,1.5315,54.2355,11.2728,704.2685,44.5537,82.2652,2.5985,76.9390,10.0611
2039-06-05,27.1646,1.2335,50.9736,12.3569,712.5621,48.2018,84.8106,3.8270,82.4586,14.2985
2039-06-06,30.5830,0.0000,31.7068,8.5985,721.4710,53.8981,91.7862,8.5295,90.8321,26.9823
2039-06-07,33.4687,0.0000,23.2488,9.3413,730.8994,60.8831,94.6549,13.2200,100.7792,38.0183
2039-06-08,34.7120,0.0115,16.6006,9.9692,740.5515,68.7460,96.4394,17.3954,111.5937,47.3636
2039-06-09,35.7280,0.0484,18.2398,13.2559,750.3866,76.6732,96.4909,20.6713,122.1449,54.6152
2039-06-10,36.6693,0.0064,17.4930,16.3356,760.3910,84.8771,96.6461,24.6506,132.7182,62.5745
2039-06-11,37.1282,0.0038,17.7168,14.8671,770.4781,93.1583,96.6977,23.0513,143.0701,61.4306
2039-06-12,37.3000,0.0007,18.1705,12.1994,780.5961,101.4307,96.7493,20.2916,153.1203,57.8447
2039-06-13,37.8359,0.0000,16.6496,9.2651,790.8106,109.9746,97.0114,18.1279,163.2077,54.7602
2039-06-14,38.9399,0.0000,16.1602,6.4477,801.2238,118.8122,97.2903,16.3248,173.3573,51.9344
2039-06-15,39.6110,0.0129,15.6533,10.1200,811.7577,127.8524,97.5078,20.2196,183.4651,59.8382
2039-06-16,36.0916,0.7295,25.7715,11.7896,821.6582,135.1203,94.5906,14.8240,191.5078,49.6911
2039-06-17,37.4256,0.0000,24.8151,6.8542,831.7988,142.7459,95.1659,12.5094,199.7805,44.8879
2039-06-18,39.3200,0.0000,19.4975,6.1263,842.2804,151.3123,96.5908,14.6278,208.8341,49.7967
2039-06-19,39.2303,0.0126,19.4049,8.1756,852.7459,159.8696,96.6542,16.3577,217.7036,53.6040
2039-06-20,38.8753,0.1657,23.4333,8.3816,863.1475,167.9276,96.7058,16.6432,225.9549,54.3465
2039-06-21,39.9025,0.0000,17.5611,8.7525,873.7339,176.8265,97.1446,17.9826,234.8371,57.1587
2039-06-22,36.9582,0.0000,14.2736,13.2923,883.7904,185.4158,97.3922,23.3628,243.2496,67.1644
2039-06-23,35.5013,0.0391,17.9830,12.1005,893.5846,193.3189,97.4440,22.1531,250.9246,65.1456
2039-06-24,35.4594,0.0820,19.8841,11.0490,903.3713,201.0299,97.3155,20.6539,258.3380,62.5162
2039-06-25,30.1466,4.5838,46.6617,7.9786,867.1040,96.2444,79.5963,1.6313,150.6775,9.7288
2039-06-26,32.2054,2.9727,45.9919,6.1678,856.2209,76.9237,81.7908,1.8967,125.6304,10.2441
2039-06-27,35.6096,0.0105,29.8577,5.8994,866.0346,83.7025,92.9065,8.7184,134.8273,32.4809
2039-06-28,37.8654,0.0000,20.1334,7.9737,876.2544,91.8954,96.1272,15.0828,145.6135,47.4621
2039-06-29,37.8215,0.0775,18.1008,10.3526,886.4663,100.2874,96.6845,18.3285,156.3535,54.6030
2039-06-30,34.9420,0.0936,26.4673,10.5079,896.1598,107.2646,96.0058,16.8582,165.1198,52.4776
2039-07-01,35.4014,0.0263,26.9566,9.6475,906.2361,113.5263,95.8817,15.8737,172.9028,51.0095
2039-07-02,34.0097,1.6228,32.8363,11.3788,916.0618,110.6393,91.1623,8.9804,169.9603,35.2809
2039-07-03,28.3722,1.3538,51.6782,14.5837,924.8728,113.9840,86.0617,5.0935,174.2732,24.1269
2039-07-04,28.4613,1.3089,50.6005,13.5887,933.6998,117.4137,85.7551,4.6406,178.6605,22.7071
2039-07-05,31.1028,2.3884,46.3718,8.7505,943.0023,95.3620,83.9513,2.8415,152.2364,15.2192
2039-07-06,34.5100,1.0419,37.1572,8.6444,952.9181,100.6177,90.4561,7.0746,159.2087,29.6396
2039-07-07,37.9013,0.0000,26.4069,8.1276,963.4444,107.3586,94.7320,12.5681,167.9341,43.7655
2039-07-08,39.6221,0.0002,17.9142,9.1370,974.2804,115.2092,96.9655,17.9009,177.8432,55.2420
2039-07-09,40.7496,0.0000,12.5112,10.3048,985.3193,123.8081,98.2974,22.6536,188.4257,64.3758
2039-07-10,40.9211,0.0000,10.9614,10.5904,996.3891,132.5953,98.6473,24.0618,198.9890,67.2359
2039-07-11,41.2704,0.0000,11.0234,7.7254,1007.5218,141.4493,98.6995,20.9700,209.4020,62.2115
2039-07-12,41.2509,0.0000,11.7753,9.3147,1018.6509,150.2244,98.7518,22.8742,219.5165,65.8569
2039-07-13,39.4613,0.0000,16.3629,10.3258,1029.4580,158.1917,98.6526,23.7597,228.5739,67.5894
2039-07-14,37.3616,0.0000,20.6118,11.6894,1039.8870,165.3628,97.6602,22.3306,236.6467,65.2560
2039-07-15,38.3365,0.0000,18.1635,8.4965,1050.4916,172.9425,97.7121,19.1431,245.0347,59.5405
2039-07-16,41.2370,0.0000,14.8638,6.5176,1061.6183,181.4076,97.9241,17.8193,254.2154,57.0820
2039-07-17,39.6039,0.0000,18.3681,10.9872,1072.4510,189.2113,97.9761,22.4742,262.5979,65.8395
2039-07-18,37.4316,0.0000,20.4841,12.6135,1082.8927,196.4070,97.5727,23.1253,270.2666,67.0498
2039-07-19,35.9880,0.0000,21.1220,12.4279,1093.0745,203.2775,97.2015,21.8061,277.5268,64.7664
2039-07-20,38.1697,0.0000,18.8557,8.2196,1103.6490,210.7612,97.2532,17.7614,285.3100,57.1908
2039-07-21,40.0476,0.0000,18.7787,7.7567,1114.5616,218.6102,97.3050,17.4719,293.3676,56.6514
2039-07-22,40.5860,0.0000,20.3145,9.1007,1125.5711,226.4116,97.3567,18.8255,301.3033,59.3374
2039-07-23,39.9470,0.0000,21.5102,9.4769,1136.4655,233.9781,97.4085,19.3184,308.9420,60.3074
2039-07-24,39.9030,0.0000,20.9326,9.3103,1147.3521,241.5922,97.4603,19.2893,316.5490,60.2729
2039-07-25,37.5635,0.0000,25.5927,12.3250,1157.8175,248.3486,96.6273,20.0890,323.3194,61.8004
2039-07-26,37.3924,0.0000,22.8952,10.0303,1168.2521,255.3190,96.6788,18.0196,330.2173,57.8400
2039-07-27,36.9589,0.0000,22.4045,11.9869,1178.6087,262.2548,96.7304,20.0248,337.0277,61.7061
2039-07-28,34.0931,0.0000,27.1668,13.0440,1188.4495,268.2747,95.7573,18.5218,342.9882,58.8434
2039-07-29,33.0151,0.0000,28.5636,13.0795,1198.0962,273.9983,95.2189,17.2432,348.6567,56.3203
2039-07-30,35.4513,0.0000,24.8981,10.5485,1208.1815,280.4452,95.2700,15.2848,354.9256,52.2741
2039-07-31,39.2203,0.0000,18.9386,6.9667,1218.9451,288.1213,96.6971,15.4798,362.2064,52.6943
2039-08-01,40.1686,0.0000,17.7916,8.6819,1229.1795,295.1253,97.1394,17.9062,368.8493,57.6617
2039-08-02,39.4673,0.0000,21.9994,8.9357,1239.2876,301.6578,97.1911,18.2623,375.0725,58.3671
2039-08-03,39.4900,0.0000,17.8659,10.1398,1249.3998,308.5403,97.2428,19.5389,381.5317,60.8336
2039-08-04,38.1443,0.0000,17.5175,10.9059,1259.2698,315.2229,97.2946,20.4483,387.7746,62.5455
2039-08-05,35.4366,0.0000,21.5261,12.0370,1268.6524,321.1421,97.0108,20.8435,393.3538,63.2793
2039-08-06,35.8057,0.0000,19.8493,9.2933,1278.1014,327.2488,97.0625,18.2779,399.0578,58.4095
2039-08-07,35.7327,0.0000,19.9738,11.5863,1287.5373,333.3340,97.1142,20.6587,404.7202,62.9426
2039-08-08,35.3908,0.0000,26.7404,13.4088,1296.9116,338.8529,96.0633,19.6639,409.9377,61.0826
2039-08-09,36.5117,0.0000,27.5164,12.2124,1306.4877,344.4811,95.9562,18.2471,415.2441,58.3542
2039-08-10,33.9561,0.0340,28.3495,14.9080,1315.6038,349.6666,95.4119,19.4120,420.1561,60.6069
2039-08-11,31.6204,0.0000,26.4183,13.0567,1324.2995,354.6370,95.3252,17.4751,424.8472,56.8268
2039-08-12,33.0297,0.0000,22.7766,8.3485,1333.2488,360.0781,95.3763,13.8807,429.8954,49.2495
2039-08-13,35.1792,0.0002,27.0963,8.0909,1342.5851,365.5384,95.4274,13.7975,434.9935,49.0649
2039-08-14,36.9017,0.0000,21.8771,10.4296,1352.2314,371.6674,95.7228,16.1596,440.5894,54.1484
2039-08-15,37.2017,0.0000,22.7940,8.5663,1361.9317,377.7722,95.7740,14.8141,446.1571,51.2996
2039-08-16,37.5006,0.0000,30.2962,9.2343,1371.6858,383.3269,95.5971,14.9574,451.3333,51.6090
2039-08-17,38.4320,0.0000,22.5193,9.4493,1381.6075,389.6502,95.8471,15.6426,457.0498,53.0687
2039-08-18,36.9165,0.0000,17.2048,10.7794,1391.2565,396.1483,96.7188,18.8134,462.8297,59.4644
2039-08-19,37.5604,0.0000,16.3782,7.8001,1401.0214,402.8224,97.0235,16.8649,468.7248,55.6009
2039-08-20,40.0145,0.0018,12.9788,5.3738,1411.2280,410.2087,98.0881,17.1893,475.1395,56.2586
2039-08-21,39.4476,0.0060,13.2633,10.0846,1421.3326,417.4693,98.1401,21.9446,481.4291,65.3004
2039-08-22,36.1253,0.0000,16.9959,12.5309,1430.8391,423.8482,98.0048,24.3846,487.0254,69.5778
2039-08-23,32.7766,0.0044,20.9468,11.3860,1439.7429,429.3769,96.9253,19.9415,491.9593,61.6177
2039-08-24,34.0421,0.0095,19.7840,8.6365,1448.8745,435.1966,96.9770,17.4819,497.1057,56.8475
2039-08-25,33.6400,2.2087,33.3899,9.6824,1457.9337,142.1188,89.7416,6.7295,228.5421,30.3169
2039-08-26,29.0732,0.5054,51.6466,13.7350,1466.1709,145.1308,89.6496,8.1460,232.6810,34.4900
2039-08-27,30.8815,0.0000,36.8158,12.6086,1474.7335,149.3025,91.4560,9.9619,238.2928,39.4105
2039-08-28,29.9360,0.4749,37.5553,14.2503,1483.1260,153.3035,91.5058,10.8979,243.6458,41.8177
2039-08-29,27.4189,1.5075,48.0955,13.8899,1491.0654,145.4156,85.9121,4.8163,233.8226,24.1294
2039-08-30,31.6219,0.0000,34.6492,5.8827,1499.7614,149.8303,91.4713,7.1137,239.7750,31.5778
2039-08-31,32.8983,0.0201,24.8447,10.3950,1508.6871,155.1053,94.2170,13.1240,246.7824,47.1074
2039-09-01,32.7735,0.0000,24.3528,8.0504,1516.2903,159.6673,94.4816,12.0954,252.7875,44.7858
2039-09-02,32.5741,0.0000,26.7050,9.0163,1523.8576,164.0615,94.5325,12.7879,258.5366,46.4432
2039-09-03,33.1260,0.0012,25.9246,7.4665,1531.5243,168.5753,94.5833,11.9104,264.3954,44.4335
2039-09-04,31.0362,0.0020,35.9295,12.7359,1538.8148,172.2410,93.5294,13.4232,269.1629,47.9610
2039-09-05,30.0670,0.0000,35.1919,12.8682,1545.9309,175.8371,93.3556,13.1894,273.8139,47.4594
2039-09-06,30.1146,0.0000,28.6304,11.2642,1553.0555,179.8033,93.4060,12.2512,278.8870,45.3184
2039-09-07,32.3934,0.0000,22.5775,5.7164,1560.5903,184.4201,94.7006,11.0823,284.7234,42.5338
2039-09-08,33.7402,0.0000,26.0276,8.4670,1568.3675,189.0084,94.7515,12.8192,290.4957,46.6881
2039-09-09,33.1177,0.3031,32.3740,7.5492,1576.0327,193.1282,94.4599,11.7584,295.6756,44.2137
2039-09-10,30.5821,0.0742,27.7255,11.8082,1583.2415,197.2049,94.5107,14.6756,300.7561,50.8676
2039-09-11,29.0290,0.0003,23.6281,7.8229,1590.1707,201.3015,94.5616,12.0899,305.8183,45.0318
2039-09-12,31.6147,0.0004,23.1950,6.4686,1597.5654,205.7749,94.6124,11.3717,311.3054,43.3200
2039-09-13,28.9892,0.2336,42.2334,6.6658,1604.4874,208.8694,92.3500,8.3797,315.1686,35.5435
2039-09-14,27.9937,0.0021,41.1249,11.3328,1611.2303,211.9190,91.9448,10.0118,318.9593,39.9273
2039-09-15,24.7489,0.0586,42.8920,13.7941,1617.3891,214.5471,91.1619,10.1420,322.2334,40.2675
2039-09-16,24.2922,0.5827,45.8384,10.4836,1623.4657,216.9957,89.0115,6.3099,325.2930,29.4190
2039-09-17,25.8789,0.0468,39.4287,8.4248,1629.8279,219.9050,90.0826,6.6326,328.8759,30.4326
2039-09-18,28.8174,0.0000,30.0543,5.8592,1636.7190,223.6306,92.2967,7.9857,333.3830,34.4556
2039-09-19,30.7759,0.0101,26.5494,6.9135,1643.9627,227.7990,93.5541,10.0445,338.3779,40.0379
2039-09-20,30.2251,0.0000,26.7460,7.8314,1651.1072,231.8843,93.6046,10.5943,343.2516,41.4432
2039-09-21,30.6180,0.0001,24.2561,6.2551,1658.3225,236.1615,94.1046,10.4885,348.3145,41.1811
2039-09-22,28.5068,5.8826,45.4699,11.8016,1364.0178,91.5184,78.2437,1.7433,156.7450,10.4192
2039-09-23,22.9167,6.4133,67.9249,12.4363,1180.9234,55.2456,61.8933,0.8548,98.9218,4.2115
2039-09-24,22.6708,3.1357,60.3470,10.0781,1139.3855,44.5948,67.7193,0.9664,81.2403,4.1151
2039-09-25,22.7837,1.9406,65.6990,9.6395,1145.1905,42.0208,71.9779,1.0874,76.9800,4.4780
2039-09-26,24.4411,0.3384,62.2854,6.0391,1151.2939,43.7358,81.9421,1.9190,79.8849,7.9406
2039-09-27,28.2118,0.0003,47.1174,6.2661,1158.0761,46.4955,88.0028,4.4144,84.5087,16.1703
2039-09-28,29.2040,0.0000,37.2562,6.5107,1165.0368,49.8807,90.8230,6.6952,90.1156,22.6946
2039-09-29,29.6481,0.0000,32.7223,5.6348,1172.0774,53.5636,92.0483,7.6239,96.1430,25.6874
2039-09-30,29.9305,0.0281,33.7288,5.3510,1179.1689,57.2248,92.0983,7.5690,102.0664,26.3122
2039-10-01,30.9029,0.0085,33.6556,7.1303,1185.4354,60.4419,92.2371,8.4428,107.2171,29.0128
2039-10-02,30.9995,0.0000,33.3461,7.6735,1191.7193,63.6838,92.3220,8.7815,112.3570,30.4182
2039-10-03,31.0312,0.0000,31.4400,5.1642,1198.0090,67.0216,92.6757,8.1335,117.5962,29.4420
2039-10-04,32.3247,0.0000,29.8717,5.1272,1204.5314,70.5733,93.2040,8.7422,123.1135,31.4833
2039-10-05,31.8562,0.0000,34.2820,7.7905,1210.9695,73.8549,93.2544,10.0686,128.1680,35.1094
2039-10-06,30.4528,0.0000,37.2300,5.7508,1217.1550,76.8559,93.0600,8.8415,132.7551,32.6127
2039-10-07,31.0280,0.0000,34.8943,5.1632,1223.4441,80.0252,93.1104,8.6443,137.5566,32.5127
2039-10-08,31.3013,0.0000,31.8859,4.8803,1229.7823,83.3693,93.1608,8.5822,142.5750,32.7271
2039-10-09,31.2962,0.0147,33.8421,5.9832,1236.1196,86.6167,93.2112,9.1368,147.4103,34.4565
2039-10-10,29.6354,0.0000,38.4607,8.4439,1242.1580,89.4826,92.7405,9.6829,151.6533,36.0837
2039-10-11,29.8465,0.0500,36.0184,7.8754,1248.2344,92.4828,92.7908,9.4761,156.0591,35.8418
2039-10-12,29.6539,0.1125,36.2832,4.3755,1254.2761,95.4518,92.8410,8.0002,160.3892,32.2544
2039-10-13,30.6306,0.0000,28.3875,5.5076,1260.4936,98.8948,93.2325,8.9470,165.3562,34.9879
2039-10-14,29.5778,0.0000,35.2262,9.5521,1266.5216,101.9057,93.2333,10.9707,169.6799,40.1914
2039-10-15,27.5551,0.0000,39.1421,10.2778,1272.1855,104.5481,92.3515,10.0548,173.4590,38.1473
2039-10-16,28.0638,0.0000,29.4419,8.3289,1277.9410,107.6660,92.5918,9.4278,177.8686,36.7489
2039-10-17,28.9714,0.0021,26.5856,7.4972,1283.8599,111.0110,93.2916,9.9726,182.5589,38.2954
2039-10-18,27.4491,0.0025,36.2410,7.3155,1289.5047,113.7691,92.8133,9.2416,186.4200,36.5621
2039-10-19,26.8478,0.0008,37.5948,6.0691,1295.0413,116.4117,92.4374,8.2323,190.1025,33.9807
2039-10-20,26.0599,0.0886,46.1239,10.2108,1300.4361,118.6289,90.9583,8.2246,193.1978,34.0402
2039-10-21,20.4135,3.5594,61.4028,15.7173,1227.2442,80.1666,71.8535,1.4703,137.8255,8.6007
2039-10-22,18.0306,0.3790,47.7359,10.0612,1231.1937,81.6816,83.0890,2.7116,140.1226,14.2753
2039-10-23,18.8548,0.0135,43.8719,9.1663,1235.2915,83.3786,86.9921,4.4221,142.6809,20.6862
2039-10-24,19.7535,0.0001,39.5315,8.3822,1239.5512,85.2893,88.7227,5.4454,145.5428,24.1361
2039-10-25,21.2899,0.1375,43.2955,7.2312,1244.0873,87.2130,88.7869,5.1861,148.4154,23.4628
2039-10-26,20.7661,0.1783,51.7368,10.7717,1248.5292,88.8120,88.7777,6.1909,150.8057,26.6681
2039-10-27,17.7019,5.0581,61.4218,13.8029,1139.3195,57.5856,64.4334,1.0330,102.2507,5.2512
2039-10-28,17.1946,0.0714,47.7760,10.3650,1143.1185,59.0332,80.4198,2.0044,104.5663,9.7487
2039-10-29,19.6014,0.0002,45.2586,7.8984,1147.3508,60.7503,86.1676,3.6913,107.2975,16.0642
2039-10-30,22.1881,0.0003,42.3225,6.6094,1152.0486,62.7855,88.4704,4.8029,110.5137,19.8020
2039-10-31,18.6947,1.3707,55.9015,9.3759,1156.1177,64.1081,80.8437,1.9980,112.6059,10.1274
2039-11-01,20.1677,6.8991,64.7744,11.9703,1026.3763,38.1389,60.0091,0.7487,69.7941,2.6525
2039-11-02,18.2466,0.0000,42.2043,8.1954,1029.3647,39.6213,80.0191,1.7220,72.2867,6.7332
2039-11-03,18.7463,0.0515,41.1849,6.9795,1032.4430,41.1689,86.4251,3.6547,74.8738,13.0517
2039-11-04,19.9739,0.0045,42.8431,7.2204,1035.7423,42.7658,88.1184,4.7092,77.5288,16.1851
2039-11-05,21.0550,0.0000,44.5974,8.6610,1039.2362,44.3932,88.4396,5.3026,80.2195,18.0097
2039-11-06,23.0769,0.0038,55.5170,11.2930,1043.0940,45.8190,88.4885,6.0972,82.5706,20.2625
2039-11-07,23.7717,0.1422,55.1479,10.1911,1047.0770,47.2980,88.5373,5.8084,84.9974,19.8719
2039-11-08,24.1904,0.0198,52.2700,6.3131,1051.1352,48.8984,88.5862,4.8110,87.6081,17.5940
2039-11-09,22.4276,0.0002,51.3588,4.3511,1054.8762,50.4157,88.6351,4.3888,90.0696,16.6810
2039-11-10,21.0964,0.0031,47.3354,5.8347,1058.3775,51.9655,88.6840,4.7628,92.5684,17.9931
2039-11-11,21.6742,0.0708,38.3746,5.4775,1061.9829,53.8262,89.5302,5.2820,95.5457,19.7370
2039-11-12,21.6185,0.0558,44.0840,5.7457,1065.5782,55.5104,89.5794,5.3918,98.2280,20.3208
2039-11-13,20.1329,0.4098,53.7565,5.8452,1068.9061,56.8122,88.6575,4.7472,100.2974,18.7203
2039-11-14,20.7351,0.5477,65.1191,4.2910,1072.3425,57.8220,86.7059,3.3211,101.9066,14.4292
2039-11-15,21.9729,0.0311,62.9576,3.4157,1076.0016,58.9551,86.7541,3.1996,103.7049,14.1501
2039-11-16,23.7394,0.0633,57.7954,5.4196,1079.9787,60.3450,86.8024,3.5639,105.8971,15.5386
2039-11-17,20.0559,1.1508,69.7232,9.5049,1083.2927,61.1942,79.7861,1.7958,107.2432,9.0086
2039-11-18,16.7227,1.1518,45.8531,18.2095,1086.0068,62.4736,82.2730,3.6893,109.2373,16.2013
2039-11-19,15.8246,0.0845,42.6151,16.3660,1088.5592,63.7613,86.6241,6.0325,111.2340,23.3779
2039-11-20,20.0257,0.8696,58.9068,16.6383,1091.8679,64.9122,83.9734,4.2408,113.0258,18.2706
2039-11-21,19.7215,4.3789,74.8800,8.3950,1029.4738,44.9760,58.6391,0.5709,81.0947,2.1058
2039-11-22,18.6499,0.0166,68.0405,5.0053,1032.5347,45.8128,72.8389,0.8900,82.4770,3.8034
2039-11-23,19.8376,0.2246,66.9329,9.3831,1035.8095,46.7307,80.5392,1.9326,83.9885,8.2527
2039-11-24,19.9582,0.0747,67.2718,5.7325,1039.1060,47.6444,82.9978,2.1549,85.4894,9.1724
2039-11-25,20.2372,0.3365,67.0592,6.8587,1042.4527,48.5763,83.9885,2.5960,87.0157,10.8382
2039-11-26,17.8677,3.7405,74.1512,8.3727,999.2191,36.2202,60.0736,0.6271,66.4213,1.9366
2039-11-27,17.1856,2.5413,78.0120,10.8712,1002.0165,30.6670,57.7053,0.6043,56.9747,1.4636
2039-11-28,17.6703,3.3801,67.4566,11.5120,969.5061,23.6564,59.1519,0.6920,44.5925,1.3315
2039-11-29,15.8120,0.0000,54.9943,3.4833,972.0563,24.6655,74.2456,0.8777,46.3882,2.1896
2039-11-30,14.9228,0.3171,63.2172,7.5502,974.4464,25.4468,80.3013,1.7174,47.7747,5.0247
2039-12-01,16.7503,2.1808,77.0069,7.4640,977.1654,22.4763,65.7560,0.7910,42.5083,1.6584
2039-12-02,16.1444,9.2467,83.8715,15.3792,855.9939,11.6584,40.0513,0.0761,22.5491,0.0745
2039-12-03,16.7017,12.6516,72.7850,16.8301,728.1065,5.8581,42.7569,0.1334,11.4852,0.0868
2039-12-04,14.5928,0.1220,58.2848,5.5049,730.4372,6.6020,65.1018,0.6988,12.9123,0.4863
2039-12-05,16.4224,4.6424,68.3055,12.2373,702.7061,4.1463,56.1157,0.5702,8.1720,0.3093
2039-12-06,17.8408,3.7619,67.0337,11.2703,685.0348,2.7595,57.6781,0.6153,5.4639,0.2752
2039-12-07,14.8711,0.0660,47.7094,8.8507,687.4156,3.7085,76.4569,1.3087,7.3183,0.6717
2039-12-08,16.7027,0.1455,54.0181,13.3093,690.1261,4.6388,83.3895,3.3204,9.1242,3.3013
2039-12-09,17.0915,0.1741,57.7588,13.8994,692.9065,5.5120,84.9904,4.2396,10.8091,4.7875
2039-12-10,16.6888,0.4248,60.0183,11.8356,695.6145,6.3203,85.1158,3.8873,12.3598,4.7309
2039-12-11,16.1439,0.1264,62.2532,9.2046,698.2244,7.0599,85.1635,3.4272,13.7718,4.4262
2039-12-12,16.6911,0.0022,61.0031,7.8714,700.9328,7.8484,85.2113,3.2257,15.2693,4.4285
2039-12-13,16.3894,0.0046,63.0778,5.4395,703.5869,8.5822,85.2590,2.8726,16.6565,4.1366
2039-12-14,15.9553,0.0002,61.1827,4.3596,706.1629,9.3345,85.3068,2.7385,18.0719,4.1468
2039-12-15,16.5399,0.0000,56.8465,5.1560,708.8440,10.1996,85.5523,2.9495,19.6909,4.7486
2039-12-16,17.7013,0.0000,57.1390,6.8222,711.7343,11.1154,85.7353,3.2907,21.3954,5.5902
2039-12-17,19.3228,0.0000,53.8270,6.4754,714.9164,12.1870,86.3763,3.5385,23.3777,6.3319
2039-12-18,18.3470,0.2316,59.3904,5.2065,717.9229,13.0844,86.4245,3.3420,25.0285,6.2562
2039-12-19,18.5562,0.2221,56.1620,6.1517,720.9670,14.0636,86.4727,3.5290,26.8194,6.8683
2039-12-20,17.7694,0.0000,55.2969,7.4719,723.8695,15.0222,86.5209,3.7976,28.5626,7.6259
2039-12-21,16.2260,0.0861,62.7442,9.4359,726.4941,15.7558,86.2547,4.0379,29.8909,8.2721
2039-12-22,17.0983,0.0504,58.0390,8.5954,729.2758,16.6235,86.3028,3.8968,31.4546,8.2634
2039-12-23,16.5839,0.0715,54.0353,9.6487,731.9649,17.5473,86.3509,4.1373,33.1101,8.9709
2039-12-24,16.2138,0.5413,60.9450,8.2665,734.5874,18.3157,85.3716,3.3644,34.4820,7.6684
2039-12-25,17.5569,0.0732,58.6436,7.3784,737.4517,19.1925,85.4885,3.2698,36.0401,7.6808
2039-12-26,18.0737,0.0000,57.0122,8.6095,740.4089,20.1292,85.7772,3.6221,37.6962,8.6370
2039-12-27,17.5581,0.0009,60.6462,6.9189,743.2734,20.9636,85.8252,3.3487,39.1656,8.2543
2039-12-28,15.8527,0.2904,64.5201,7.9095,745.8309,21.6471,85.8035,3.5094,40.3653,8.7567
2039-12-29,15.8183,0.2005,61.6047,5.5827,748.3822,22.3853,85.8515,3.1421,41.6556,8.1056
2039-12-30,16.0375,0.0000,53.9723,6.8296,750.9729,23.2817,86.0125,3.4223,43.2141,8.9290
2039-12-31,12.3648,0.0019,46.2382,8.7778,752.9026,24.1043,86.5498,4.0725,44.6361,10.5388
2040-01-01,15.1013,0.1139,48.1881,5.2710,755.3248,25.1377,86.8010,3.5366,46.4138,9.5852
2040-01-02,17.0397,2.3651,69.1760,5.9483,758.0960,21.8147,68.6365,0.8084,40.7013,1.6311
2040-01-03,17.5002,0.2417,70.7138,6.7798,760.9500,22.4853,77.0574,1.2305,41.8770,3.1332
2040-01-04,15.2317,1.3384,84.8241,5.5540,763.3957,22.7904,68.0318,0.7773,42.4152,1.5979
2040-01-05,15.2542,2.1343,69.9116,5.5908,765.8455,20.3576,62.7379,0.6322,38.1782,0.8800
2040-01-06,15.6842,0.0311,59.8362,6.2625,768.3726,21.1875,75.8765,1.1058,39.6423,2.6001
2040-01-07,15.8368,4.7658,71.1345,9.1178,736.3705,14.1300,54.8200,0.4346,26.9663,0.4780
2040-01-08,13.8741,6.0803,75.2324,12.5952,694.2648,8.4015,44.7510,0.1493,16.3096,0.1193
2040-01-09,15.7595,10.3355,89.5594,17.6122,622.5368,4.0372,28.4177,0.0054,7.9455,0.0029
2040-01-10,17.1001,2.3117,78.3138,13.1388,625.3188,3.0682,46.5931,0.2023,6.0620,0.0949
2040-01-11,16.1585,3.9237,82.8373,11.5834,609.6821,1.6429,43.4074,0.1142,3.2639,0.0415
2040-01-12,15.6967,0.4663,64.4007,8.6391,612.2115,2.3791,65.9414,0.8451,4.7124,0.3544
2040-01-13,15.4313,0.0911,57.7351,3.6333,614.6931,3.2392,76.8834,1.0368,6.3942,0.4985
2040-01-14,17.1201,0.0616,55.6019,7.5550,617.4788,4.2351,82.9530,2.3487,8.3274,1.9147
2040-01-15,18.4152,0.0926,58.1988,7.5951,620.4975,5.2394,84.8690,3.0348,10.2622,3.1957
2040-01-16,16.4396,0.2120,67.0651,4.8537,623.1606,5.9506,84.9166,2.6605,11.6236,2.9572
2040-01-17,17.7488,0.0105,54.5094,10.6726,626.0594,7.0062,85.8908,4.0833,13.6310,5.2680
2040-01-18,16.4339,0.2834,63.9029,11.9784,628.7215,7.7854,85.9388,4.3904,15.1032,6.0007
2040-01-19,15.4003,5.1861,74.3015,10.4454,603.4212,4.6829,54.7028,0.4597,9.1875,0.2650
2040-01-20,13.0423,2.3860,76.1677,6.6138,605.4728,3.4815,52.5250,0.3052,6.8642,0.1518
2040-01-21,16.0753,0.0366,58.6121,5.5131,608.0703,4.3566,71.1822,0.8587,8.5599,0.4771
2040-01-22,16.2077,0.0000,53.9146,6.5349,610.6917,5.3386,80.7499,1.7135,10.4488,1.2818
2040-01-23,16.6723,0.0383,54.3841,5.2569,613.3967,6.3366,84.2198,2.4700,12.3542,2.8106
2040-01-24,17.4017,0.0653,53.8936,7.1435,616.2330,7.3868,85.6594,3.3092,14.3437,4.3741
2040-01-25,17.6095,0.0002,56.3126,7.3044,619.1067,8.3931,85.8562,3.4292,16.2358,4.9053
2040-01-26,16.8239,0.0888,61.3315,5.7776,621.8390,9.2463,85.9042,3.1967,17.8298,4.8407
2040-01-27,18.6353,0.0234,56.6657,5.6366,624.8974,10.2992,86.0055,3.2195,19.7832,5.2074
2040-01-28,20.0228,0.0853,54.5874,6.0870,628.2055,11.4801,86.4462,3.5044,21.9571,6.0375
2040-01-29,18.0848,3.1061,60.6894,11.0284,618.9696,8.9359,69.7173,1.0807,17.2492,0.8935
2040-01-30,14.4598,0.0321,56.1719,3.9896,621.2764,9.7754,78.7083,1.2255,18.8109,1.3167
2040-01-31,12.8628,7.3840,75.3117,8.7520,580.4666,5.3530,45.0450,0.1287,10.4648,0.0796
2040-02-01,13.7618,0.0933,57.1275,5.8400,582.6477,6.2581,66.3628,0.7452,12.1890,0.5017
2040-02-02,15.7254,0.1409,71.1100,5.0171,585.1823,6.9486,74.9530,0.9838,13.4966,0.7024
2040-02-03,19.1870,0.0586,61.1391,9.2771,588.3399,8.0685,82.0921,2.3006,15.6021,3.0548
2040-02-04,18.9978,0.3424,60.5660,7.6107,591.4635,9.1943,84.3723,2.8387,17.7007,4.2519
2040-02-05,17.3030,0.7426,66.3085,9.0288,594.2821,10.0750,82.2032,2.3031,19.3308,3.5800
2040-02-06,17.0643,1.0210,65.8513,8.5377,597.0576,10.9562,79.1693,1.6091,20.9512,2.4252
2040-02-07,19.1239,0.0000,55.1446,6.8834,600.2039,12.2448,84.1614,2.6600,23.3011,4.7688
2040-02-08,19.5047,0.1317,49.4480,9.1385,603.4188,13.7244,86.5869,4.1691,25.9720,7.8350
2040-02-09,17.3911,0.3607,57.8922,10.1943,606.2532,14.8304,86.6352,4.4271,27.9514,8.6193
2040-02-10,17.8374,0.7023,59.3624,8.3624,609.1679,15.9236,84.2540,2.9017,29.8936,6.1181
2040-02-11,17.5621,0.8887,63.0736,5.4667,612.0331,16.9025,81.1484,1.6983,31.6217,3.6490
2040-02-12,14.6264,8.1181,82.1678,8.1279,567.5117,9.2179,41.0566,0.0637,17.7164,0.0535
2040-02-13,15.9590,3.0879,72.2979,8.3170,559.7071,6.8766,48.9316,0.2182,13.3433,0.1548
2040-02-14,16.1251,0.0002,53.2166,13.8114,562.3136,8.0213,73.6251,1.4344,15.4901,1.4469
2040-02-15,17.3753,0.1189,55.6334,10.6699,565.1451,9.1856,82.2104,2.5038,17.6539,3.6934
2040-02-16,19.4391,0.2637,55.3951,5.5597,568.3482,10.4870,85.0752,2.8176,20.0492,4.5815
2040-02-17,22.1351,0.2678,51.6455,7.9930,572.0365,12.0830,86.9010,4.1146,22.9539,7.2019
2040-02-18,21.6621,0.1355,53.8343,5.5017,575.6397,13.5757,86.9895,3.6751,25.6397,6.9376
2040-02-19,18.9910,0.2609,57.0990,7.4963,578.7620,14.8001,87.0378,4.0918,27.8215,8.0233
2040-02-20,18.1659,0.2114,46.2292,6.7141,581.7359,16.2716,87.5636,4.2400,30.4163,8.7200
2040-02-21,19.5808,0.2662,46.4239,9.3285,584.9645,17.8455,87.8679,5.0523,33.1619,10.6227
2040-02-22,17.7727,0.0558,58.7987,9.5034,587.8675,18.9501,87.2786,4.6853,35.0736,10.3012
2040-02-23,19.1863,0.0000,54.3921,6.7491,591.0251,20.2643,87.3271,4.1064,37.3289,9.5611
2040-02-24,19.0593,0.0636,52.4096,11.2222,594.1597,21.6271,87.3755,5.1803,39.6465,11.9816
2040-02-25,17.6518,0.4340,55.1430,9.8341,597.0410,22.8220,87.4240,4.8639,41.6626,11.7107
2040-02-26,18.4155,0.0270,55.0381,4.1729,600.0598,24.0684,87.4725,3.6822,43.7498,9.5742
2040-02-27,18.5568,0.0018,59.5495,4.5024,603.1041,25.1979,87.1967,3.5993,45.6297,9.6301
2040-02-28,17.0621,7.2749,74.0390,8.6562,565.5850,14.5152,50.9501,0.2841,27.2801,0.3149
2040-02-29,16.7933,4.1941,68.8553,8.3349,550.8022,10.1202,51.2892,0.2906,19.3514,0.2581
2040-03-01,16.5244,1.1132,63.6717,8.0136,553.4805,11.2116,66.7180,0.8420,21.3423,0.7953
2040-03-02,14.6595,2.7761,78.0984,8.1814,555.8233,8.7534,55.7769,0.4516,16.8436,0.3679
2040-03-03,14.3544,20.8962,90.1753,10.0922,447.8322,3.8546,22.0258,0.0005,7.5468,0.0002
2040-03-04,15.2342,0.7434,57.5918,15.0327,450.2784,5.0354,57.6745,0.7436,9.7969,0.4436
2040-03-05,12.6761,0.1416,55.6171,10.5046,452.2641,6.0776,74.1764,1.2461,11.7601,0.8221
2040-03-06,14.2381,0.4573,57.0304,7.8552,454.5309,7.2011,81.0753,1.8995,13.8534,2.1345
2040-03-07,15.1961,0.3753,53.9149,11.6447,456.9702,8.4812,84.4420,3.5115,16.2103,5.0205
2040-03-08,13.9844,1.5286,66.7231,7.5730,459.1914,8.8478,74.3386,1.0836,16.8824,0.8842
2040-03-09,16.7816,0.1248,55.9205,6.0848,461.9161,10.1914,81.7295,1.8750,19.3173,2.7827
2040-03-10,15.6428,7.2408,71.0960,12.2102,435.8717,6.0251,52.3843,0.3987,11.6476,0.2616
2040-03-11,12.7099,3.9476,72.6906,13.0550,426.2884,3.9629,49.6534,0.3036,7.7458,0.1603
2040-03-12,14.0891,1.9189,56.3643,12.4530,428.5284,4.0243,63.9546,0.9454,7.8639,0.5030
2040-03-13,14.9536,3.9094,66.0121,12.1878,419.7341,2.8620,57.5747,0.6394,5.6281,0.2898
2040-03-14,13.3540,13.0657,83.0440,11.6043,371.3441,1.2072,32.2664,0.0113,2.3949,0.0037
2040-03-15,12.1540,3.4973,69.3617,15.9770,365.1847,0.7822,46.5513,0.2320,1.5560,0.0672
2040-03-16,10.5503,2.0040,71.0463,12.1197,366.7877,0.6484,54.3852,0.4855,1.2911,0.1345
2040-03-17,12.5563,1.7908,64.8998,9.5232,368.7519,0.8927,61.5243,0.7235,1.7746,0.2167
2040-03-18,14.1545,0.7271,55.0682,10.4673,371.0037,2.0610,75.1251,1.3071,4.0656,0.5159
2040-03-19,14.7092,0.0064,47.9272,6.5325,373.3554,3.4643,82.7566,2.1758,6.7715,1.3367
2040-03-20,15.0464,0.0180,48.9677,6.6917,375.7677,4.8689,85.4280,3.1322,9.4322,3.1424
2040-03-21,13.4883,0.0196,59.0827,9.1250,377.8996,5.8864,85.4759,3.5644,11.3315,4.0946
2040-03-22,16.4524,0.0001,40.3111,6.6135,380.5650,7.6722,87.6578,4.2758,14.6082,5.7385
2040-03-23,19.1938,0.0000,36.2673,4.5361,383.7239,9.8769,89.2098,4.8109,18.5596,7.3448
2040-03-24,19.0107,0.1454,47.4190,9.7818,386.8498,11.6794,89.2221,6.2776,21.7195,10.0849
2040-03-25,18.0640,0.0103,49.4280,8.9425,389.8054,13.3315,88.8609,5.7135,24.5628,9.9621
2040-03-26,19.3092,0.0002,41.1888,6.6300,392.9850,15.3775,88.9098,5.1209,28.0145,9.7731
2040-03-27,19.2392,0.0000,34.8931,11.7281,396.1521,17.6348,89.8090,7.5327,31.7375,14.2668
2040-03-28,20.2014,0.0007,34.7450,14.0591,399.4923,20.0042,90.1524,8.8988,35.5572,17.1723
2040-03-29,24.8199,0.0083,24.4400,11.1247,403.6639,23.3427,92.7541,11.1045,40.7886,21.6325
2040-03-30,21.0594,0.7322,43.2093,8.0542,407.1586,25.4878,88.2882,5.0324,44.0776,12.4222
2040-03-31,18.9146,1.1914,66.2731,6.8004,410.2672,26.6385,79.9016,1.5857,45.8366,4.4881
2040-04-01,20.2781,0.0642,58.4185,4.8679,414.8713,28.7935,83.9980,2.3512,49.0725,6.9286
2040-04-02,23.0893,0.0021,44.6724,4.7842,419.9814,32.0381,87.6929,3.9189,53.8133,11.3874
2040-04-03,24.6089,0.0128,43.6245,4.8355,425.3650,35.5518,88.9564,4.7096,58.8144,13.8652
2040-04-04,24.8864,0.0339,43.7476,7.8826,430.7985,39.0956,89.2546,5.7314,63.7319,16.8378
2040-04-05,21.7153,1.8249,54.4359,11.7514,435.6613,38.7032,80.3177,2.1260,63.3392,7.4725
2040-04-06,14.9358,5.9448,62.6379,18.6212,418.4234,24.9773,60.0433,1.0490,43.4677,2.6413
2040-04-07,16.0085,2.9376,49.2921,11.2677,415.7664,21.5053,66.0112,0.9672,38.0857,2.0557
2040-04-08,17.4643,0.0047,46.9147,6.5757,419.8640,23.8944,80.4919,1.6690,41.8366,4.4266
2040-04-09,22.8903,0.0000,37.4947,7.9976,424.9382,27.5298,88.2239,4.9719,47.3849,12.8131
2040-04-10,27.8400,0.0455,26.7725,6.7604,430.9034,32.6674,92.5081,8.6094,54.9249,20.9677
2040-04-11,31.4057,0.1335,22.4036,11.4822,437.5105,38.7823,94.5396,14.4941,63.4939,32.3333
2040-04-12,26.0250,0.8129,43.3606,6.5007,443.1490,42.5069,88.9573,5.1225,68.5706,16.1091
2040-04-13,29.2649,0.6948,41.8388,11.5980,449.3707,46.7884,89.6683,7.3340,74.2496,21.8754
2040-04-14,23.3741,0.1192,48.4498,10.9265,454.5320,49.8470,89.7175,7.1403,78.2425,22.0615
2040-04-15,20.8478,0.2888,45.6506,12.9359,459.2386,52.7389,89.7668,7.9571,81.9499,24.3873
2040-04-16,17.4618,2.1543,54.9231,14.6934,463.3357,48.4391,77.0795,1.8365,76.8046,7.4388
2040-04-17,19.4975,0.0000,35.1669,11.5699,467.7993,51.6766,87.2306,5.1640,80.9871,17.7540
2040-04-18,21.5628,0.0000,23.8011,8.9847,472.6346,55.8631,91.7651,8.6712,86.2426,26.5815
2040-04-19,24.2615,0.0000,22.9053,10.8971,477.9557,60.6032,93.1799,11.6528,92.0328,33.5326
2040-04-20,24.2606,0.1788,25.2295,12.1845,483.2766,65.2003,93.2303,12.5218,97.5116,36.1416
2040-04-21,23.4832,0.0278,30.3546,10.5562,488.4575,69.3510,93.1526,11.4107,102.3669,34.7644
2040-04-22,20.4642,0.0272,42.8784,11.0157,493.0951,72.3372,90.9832,8.5954,105.8528,29.1981
2040-04-23,21.0709,0.1101,44.6844,9.4203,497.8419,75.3104,90.2817,7.1755,109.2893,26.1777
2040-04-24,23.2388,0.2237,41.4071,6.4921,502.9788,78.7676,90.3312,6.2351,113.2121,24.1172
2040-04-25,20.7689,1.1603,53.3641,12.3068,507.6712,81.2401,83.9573,3.4019,116.0521,15.6881
2040-04-26,20.2575,10.4036,65.5742,15.7324,463.7539,43.9859,58.8316,0.8374,71.1102,3.1157
2040-04-27,20.1211,6.3161,62.5342,15.6483,444.1470,28.3852,59.8849,0.8941,48.9495,2.3789
2040-04-28,19.7174,2.1319,50.9962,12.1966,448.6501,27.3227,72.2676,1.2503,47.4250,3.5450
2040-04-29,21.2946,0.0000,35.6620,5.9022,453.4372,30.8157,85.8614,3.1976,52.6810,9.4997
2040-04-30,23.1641,0.0005,38.5641,5.6030,458.5607,34.4296,89.1154,5.0083,57.9768,14.4255
2040-05-01,30.0695,0.0003,25.6011,7.2795,466.3772,40.5347,93.2883,9.8591,66.5986,25.4673
2040-05-02,29.1312,0.0000,28.6194,8.1432,474.0248,46.2158,93.3387,10.3705,74.3174,27.8748
2040-05-03,28.5029,0.0002,35.4036,9.2399,481.5594,51.2501,93.0781,10.5676,80.9597,29.4641
2040-05-04,26.3915,0.0001,31.8590,11.6502,488.7138,56.1818,93.1284,12.0167,87.2798,33.3511
2040-05-05,25.8829,0.0000,31.3730,12.8550,495.7767,61.0569,93.1788,12.8591,93.3673,36.0350
2040-05-06,25.8650,0.0000,30.8860,9.9260,502.8365,65.9633,93.2292,11.1731,99.3456,33.8145
2040-05-07,28.4923,0.0000,20.7308,9.3491,510.3691,72.1388,94.4558,12.8675,106.6065,38.2990
2040-05-08,29.2503,0.0007,22.6065,8.4785,518.0381,78.3227,94.5066,12.4018,113.6778,38.4207
2040-05-09,30.5002,0.0038,19.5396,12.1608,525.9321,85.0164,95.1429,16.2928,121.0955,46.9135
2040-05-10,23.7159,1.0381,40.1054,15.9308,532.6050,88.9295,88.4870,7.7007,125.4801,29.1118
2040-05-11,16.7384,6.1167,60.1122,14.7881,510.6063,55.1834,62.2286,0.9794,86.8902,4.4064
2040-05-12,18.2056,2.4828,52.0777,13.9631,516.2873,48.8003,70.5196,1.2857,78.9454,5.4171
2040-05-13,20.4125,0.6513,48.9233,11.5391,522.3655,51.6930,82.6932,2.7778,82.8813,11.1208
2040-05-14,23.0247,0.8487,47.0838,4.4278,528.9140,55.0538,84.8427,2.5778,87.3717,10.8026
2040-05-15,26.1766,0.0484,38.5818,7.6421,536.0298,59.4643,89.5761,5.9297,93.1067,21.1689
2040-05-16,23.4898,0.8021,47.2854,10.7968,542.6619,62.8768,87.2122,4.9537,97.5085,19.0348
2040-05-17,20.2073,6.4960,60.9812,13.1017,518.3760,39.4891,63.7573,0.9683,66.3434,3.4883
2040-05-18,22.5037,0.1189,47.8431,7.2826,524.8307,42.7302,81.8774,2.0272,71.0073,7.7176
2040-05-19,24.7969,0.1212,41.1882,7.1938,531.6981,46.7398,88.2776,4.8115,76.6373,16.3437
2040-05-20,27.7817,0.0110,36.6211,8.3675,539.1028,51.5589,90.7543,7.2801,83.2202,23.0957
2040-05-21,28.5728,0.0052,31.4621,9.8449,546.6499,56.9130,92.1251,9.5285,90.3179,29.0223
2040-05-22,26.3976,0.1591,35.9876,14.4672,553.8055,61.5470,92.1752,12.1129,96.3299,35.1597
2040-05-23,24.3350,0.1694,35.2837,12.1717,560.5898,65.8805,92.2253,10.8663,101.8403,33.5776
2040-05-24,26.9766,0.0000,21.4262,9.2305,567.8496,71.6883,93.9585,11.9409,108.9809,36.8239
2040-05-25,29.5000,0.0000,25.1077,10.6049,575.5636,77.7216,94.0091,12.8873,116.2115,39.7437
2040-05-26,32.2375,0.0000,26.6625,11.1277,583.7703,84.1582,94.0598,13.3246,123.7249,41.5983
2040-05-27,32.6313,0.0000,21.5042,12.1765,592.0480,91.1288,95.0382,16.0738,131.6127,47.8999
2040-05-28,33.7127,0.0000,17.6588,12.6825,600.5202,98.6754,96.0837,19.0096,139.8866,54.2194
2040-05-29,34.6789,0.0000,14.4993,11.7919,609.1665,106.7290,96.9633,20.4573,148.4396,57.6774
2040-05-30,35.6368,0.0000,17.1537,8.3649,617.9851,114.7416,97.0150,17.3321,156.7319,52.7725
2040-05-31,35.5933,0.3544,24.9579,10.3431,626.7959,121.9907,96.4092,17.6544,164.1243,53.9346
2040-06-01,31.4005,0.8970,31.0587,13.6860,635.8520,127.8895,92.3100,11.8690,170.1985,42.3067
2040-06-02,29.4139,0.1698,42.1585,10.7996,644.5505,132.5361,91.9802,9.7954,175.0733,37.5692
2040-06-03,29.4974,0.0409,38.3575,10.5292,653.2640,137.5015,92.0302,9.7314,180.1870,37.6050
2040-06-04,29.2343,0.0013,31.7146,11.2944,661.9302,142.9548,92.3246,10.5431,185.6657,39.8129
2040-06-05,29.2041,0.0547,30.1828,12.0495,670.5909,148.5248,92.6322,11.4367,191.1875,42.1420
2040-06-06,23.3527,5.3869,52.2500,17.6963,645.8507,81.3428,73.9797,1.7734,123.7278,9.6132
2040-06-07,23.2696,6.0168,58.7108,14.2870,618.1993,52.1273,67.1792,1.1734,86.1037,5.2713
2040-06-08,24.2508,1.6352,52.3117,11.7045,625.9685,52.9440,78.7412,1.8133,87.4062,8.0088
2040-06-09,22.7612,2.0305,50.3050,14.0116,633.4695,50.5638,79.5093,2.1917,84.3045,9.2239
2040-06-10,23.1285,0.2122,42.8558,9.4412,641.0366,54.2088,87.2656,4.6619,89.4969,17.3892
2040-06-11,27.4092,0.0008,31.6765,5.3684,649.3743,59.3368,91.3266,6.7907,96.6052,23.7501
2040-06-12,28.3292,0.4687,32.1935,10.0331,657.8775,64.5902,92.0185,9.4754,103.7220,30.8977
2040-06-13,29.2826,0.0380,31.6362,9.4023,666.5524,70.0585,92.3429,9.6091,110.9605,32.1413
2040-06-14,30.6406,0.0000,24.1056,9.5972,675.4717,76.4004,94.0370,12.2966,119.1181,38.9305
2040-06-15,34.4817,0.0000,18.2377,4.6528,685.0824,84.0594,95.9765,12.5012,128.6542,40.4891
2040-06-16,34.5130,0.0000,22.8592,10.3614,694.6987,91.2919,96.0278,16.7840,137.4329,49.9053
2040-06-17,33.4508,0.0809,23.3913,10.1673,704.1239,98.2603,96.0792,16.7365,145.6923,50.6747
2040-06-18,31.7912,0.0198,30.8558,13.4044,713.2503,104.2476,94.7047,16.3350,152.6994,50.5352
2040-06-19,25.4144,0.1772,44.1447,18.1912,721.2289,108.1464,91.4407,13.1695,157.3189,44.4365
2040-06-20,25.1782,0.5221,38.8356,17.9465,729.1650,112.3779,90.8952,12.0363,162.2438,42.2553
2040-06-21,25.6614,0.0867,35.3025,13.0356,737.1880,116.9361,91.0177,9.5633,167.4629,36.6554
2040-06-22,28.5110,0.0004,31.2194,8.5692,745.7240,122.2979,92.1808,9.0057,173.4725,35.4920
2040-06-23,31.1749,0.0000,28.4339,7.9449,754.7395,128.3788,93.2533,10.1457,180.1501,38.6390
2040-06-24,33.8320,0.0000,23.6017,8.4041,764.2332,135.4047,94.7378,12.7546,187.6785,45.0597
2040-06-25,32.3851,0.0002,29.8573,10.2856,773.4665,141.5881,94.7544,14.0552,194.2701,48.1498
2040-06-26,34.3204,0.0047,25.0993,7.2311,783.0482,148.5726,94.8053,12.1347,201.5444,44.0738
2040-06-27,36.1363,0.0000,20.4197,6.5915,792.9567,156.3739,95.8606,13.5694,209.4748,47.5148
2040-06-28,36.1496,0.0000,20.9137,10.7333,802.8677,164.1295,95.9119,16.8353,217.2357,54.5581
2040-06-29,33.5691,0.0000,29.5622,12.5888,812.3141,170.5585,95.1514,16.6674,223.6957,54.3532
2040-06-30,31.6472,0.0014,31.8390,13.7016,821.4146,176.4348,94.3761,15.8479,229.5856,52.7819
2040-07-01,29.2695,0.0000,33.6176,14.6116,830.3871,181.1695,93.6273,14.9561,234.4573,50.9836
2040-07-02,30.6359,1.0135,37.2577,13.2137,839.6055,185.8459,90.4771,8.9331,239.2805,36.7177
2040-07-03,32.9806,0.7920,37.5089,9.5743,849.2461,190.8477,91.0866,8.1119,244.3922,34.5032
2040-07-04,34.2775,0.1345,33.3485,10.8617,859.1200,196.3855,92.7766,10.9931,249.9382,42.1094
2040-07-05,35.8791,0.2550,28.6011,9.6504,869.2822,202.5863,94.0625,12.3734,256.0130,45.4638
2040-07-06,38.2032,0.0000,22.8518,14.0863,879.8628,209.7076,95.6956,19.3575,262.8156,60.1358
2040-07-07,38.7756,0.0000,17.7503,16.5608,890.5464,217.4103,96.9063,25.8166,270.0198,71.6231
2040-07-08,39.2819,0.0000,17.3663,14.5949,901.3212,225.2472,97.0945,23.9775,277.2667,68.5776
2040-07-09,37.5191,0.0000,20.2867,11.5803,911.7786,232.4771,97.1462,20.7409,283.9541,62.8682
2040-07-10,35.4896,0.0000,26.6052,10.4726,921.8707,238.7842,96.1299,17.1129,289.8652,55.9164
2040-07-11,33.1814,0.0000,32.3857,12.9965,931.5474,244.2279,94.6354,15.8509,295.0617,53.3480
2040-07-12,33.3530,0.0000,32.9178,12.7538,941.2549,249.6559,94.3720,15.1003,300.2308,51.7797
2040-07-13,28.6892,0.2299,36.7997,16.7193,950.1230,254.0775,93.0089,15.2565,304.5509,52.1262
2040-07-14,31.2440,0.0053,28.0799,11.1420,959.4509,259.5406,93.4141,12.1897,309.6638,45.2770
2040-07-15,34.2274,0.0000,24.1470,9.6285,969.3158,265.8341,94.7098,13.5143,315.4134,48.3419
2040-07-16,38.6268,0.0000,18.2221,5.9758,979.9727,273.4640,96.7173,14.7660,322.1712,51.1164
2040-07-17,39.7981,0.0005,16.3001,7.7098,990.8403,281.5035,97.3851,17.6176,329.1929,57.0417
2040-07-18,40.5101,0.0000,16.5869,7.3987,1001.8361,289.6550,97.4587,17.5142,336.2587,56.8472
2040-07-19,40.9611,0.0000,16.9976,7.5729,1012.9131,297.8542,97.5105,17.7906,343.3196,57.4075
2040-07-20,40.0228,0.0000,21.5840,9.4965,1023.8212,305.4275,97.5624,19.7368,349.8992,61.1819
2040-07-21,38.7197,0.0000,25.8601,12.1500,1034.4948,312.3610,96.7609,20.2729,355.9946,62.1950
2040-07-22,36.4325,0.0000,29.1600,12.9579,1044.7566,318.6054,95.7393,18.3964,361.5603,58.6194
2040-07-23,37.5576,0.0180,30.1013,12.8843,1055.2210,324.9515,95.6308,18.0603,367.2046,57.9648
2040-07-24,38.6451,0.0271,27.0500,11.6145,1065.8811,331.7609,95.6820,17.0593,373.1555,55.9703
2040-07-25,40.9060,0.0000,20.4495,8.7510,1076.9482,339.6088,96.6854,16.9095,379.7994,55.6707
2040-07-26,40.4167,0.0000,19.2463,10.1860,1087.9272,347.4827,96.8811,18.6608,386.4145,59.1508
2040-07-27,36.7076,0.0000,21.4496,14.3281,1098.2386,354.4574,96.9328,23.1513,392.3426,67.4240
2040-07-28,34.3787,0.0000,20.2362,12.8554,1108.1307,361.1037,96.9844,21.6445,397.9831,64.7436
2040-07-29,35.3467,0.0000,20.4843,8.6639,1118.1972,367.9100,97.0361,17.6449,403.7307,57.1605
2040-07-30,34.2497,0.1233,27.1033,9.0940,1128.0661,373.9620,95.8775,15.4283,408.9770,52.6077
2040-07-31,36.2260,0.0000,20.1849,7.4455,1138.2908,380.9587,95.9845,14.4058,414.8318,50.4061
2040-08-01,36.6975,0.0000,21.7166,15.5502,1147.9003,387.0673,96.0358,21.8231,420.0428,65.0733
2040-08-02,36.7794,0.0000,15.1247,15.0518,1157.5246,393.7046,97.1511,24.7219,425.5539,70.1449
2040-08-03,39.3354,0.0000,10.9366,8.7736,1167.6090,401.1394,98.4046,21.2689,431.5901,64.0708
2040-08-04,40.0231,0.0000,11.8138,7.2378,1177.8171,408.6261,98.4567,19.8201,437.6563,61.3841
2040-08-05,39.9529,0.0000,13.8931,7.7271,1188.0127,415.9239,98.5088,20.4544,443.5927,62.5726
2040-08-06,39.1788,0.0000,17.0174,9.6710,1198.0689,422.8242,98.4692,22.4422,449.2625,66.1874
2040-08-07,38.0985,0.0000,18.7011,11.4656,1207.9306,429.4032,98.0499,23.2479,454.7037,67.6093
2040-08-08,35.7970,0.0000,19.7685,11.3645,1217.3781,435.5146,97.4986,21.5020,459.7989,64.4990
2040-08-09,38.3597,0.0000,16.4534,5.9085,1227.2868,442.3206,97.5504,16.4463,465.3525,54.7436
2040-08-10,39.0028,0.0000,20.7743,7.2682,1237.3113,448.8797,97.6023,17.7342,470.7789,57.3494
2040-08-11,41.0892,0.0000,18.8390,7.0495,1247.7114,455.9487,97.6541,17.6609,476.5424,57.2040
2040-08-12,41.4939,0.0000,18.8905,11.6771,1258.1842,463.0809,97.7060,22.4528,482.3414,66.2092
2040-08-13,39.5744,0.0152,20.6158,12.7051,1268.3116,469.7468,97.7579,23.8096,487.8131,68.5889
2040-08-14,39.7988,0.2745,17.9076,9.2769,1278.4794,476.6782,97.8099,20.1704,493.4252,62.0472
2040-08-15,40.5818,0.0000,16.1844,6.7022,1288.7881,483.8906,97.8618,17.8382,499.2026,57.5573
2040-08-16,41.5605,0.0000,17.1231,6.5621,1299.2730,491.1896,97.9137,17.8348,505.0471,57.5508
2040-08-17,41.8435,0.0000,15.4044,8.1587,1309.8089,498.6895,97.9657,19.4621,510.9952,60.7113
2040-08-18,41.0045,0.0000,15.8541,10.9733,1320.1937,506.0037,98.0177,22.5822,516.8050,66.4405
2040-08-19,40.6504,0.0000,12.9963,10.2278,1330.5148,513.5027,98.2137,22.3186,522.6870,65.9718
2040-08-20,37.6784,0.0277,19.8397,9.8227,1340.3009,519.9201,97.7684,20.6195,527.8959,62.8843
2040-08-21,34.7170,0.0364,33.8359,12.1277,1349.5539,524.8124,94.7920,15.5021,532.2112,52.7751
2040-08-22,34.5357,0.0000,31.0522,10.0323,1358.7744,529.8848,94.8429,14.0466,536.6108,49.6244
2040-08-23,35.5175,0.0000,30.4750,10.4124,1368.1715,535.1406,94.8939,14.4187,541.1366,50.4437
2040-08-24,36.5867,0.0000,27.8936,10.3732,1377.7611,540.7506,94.9449,14.4911,545.8785,50.6022
2040-08-25,39.2076,0.0000,17.3690,5.9690,1387.8225,547.6267,96.9990,15.3283,551.3523,52.4066
2040-08-26,37.4307,0.0000,25.8712,11.8078,1397.5640,553.5232,96.5018,19.2449,556.2608,60.2976
2040-08-27,36.8435,0.0000,20.5919,14.4898,1407.1998,559.7435,96.5533,22.1828,561.3073,65.7297
2040-08-28,35.3956,0.0058,23.7516,13.4369,1416.5751,565.4883,96.5027,20.8941,566.0586,63.3917
2040-08-29,34.1042,0.3474,32.6046,9.1639,1425.7178,570.3865,94.8189,13.4010,570.3843,48.1789
2040-08-30,36.5753,0.1892,34.5627,8.0302,1435.3054,575.4761,94.6158,12.3084,575.4462,45.6575
2040-08-31,38.7321,0.0000,23.4297,8.1309,1445.2811,581.7726,95.6704,14.2901,581.6911,50.1621
2040-09-01,38.7152,0.0000,20.0147,8.1026,1453.9539,587.4424,96.4111,15.7735,587.3107,53.3478
2040-09-02,35.1729,0.0000,29.1425,17.2945,1461.9890,592.0183,95.4953,22.1427,591.8550,65.6582
2040-09-03,33.6932,0.0000,25.1385,17.9229,1469.7578,596.6556,95.5465,23.0148,596.4565,67.2054
2040-09-04,34.1162,0.0000,24.3706,16.3466,1477.6027,601.3974,95.5977,21.4061,601.1602,64.3288
2040-09-05,35.0213,0.0000,21.5337,13.0487,1485.6105,606.4434,95.6489,18.2552,606.1622,58.3810
2040-09-06,35.9220,0.0000,17.0834,8.8655,1493.7805,611.9087,96.5750,16.7571,611.5743,55.3841
2040-09-07,37.1381,0.0000,15.9446,7.5480,1502.1693,617.6310,97.0427,16.6948,617.2385,55.2568
2040-09-08,36.8277,0.0000,12.6572,10.9240,1510.5023,623.5288,97.7072,21.6200,623.0726,64.7172
2040-09-09,35.2461,0.0000,17.6439,8.9467,1518.5506,628.8580,97.7012,19.5543,628.3485,60.8877
2040-09-10,35.8292,0.0000,22.3673,7.0088,1526.7039,633.9621,97.0346,16.2298,633.4051,54.2996
2040-09-11,36.1672,0.0000,20.1235,6.7102,1534.9180,639.2618,97.0863,16.0982,638.6525,54.0265
2040-09-12,36.8417,0.0290,17.3010,5.7817,1543.2535,644.8482,97.1380,15.4688,644.1798,52.7052
2040-09-13,37.7504,0.1375,16.5110,5.3294,1551.7526,650.6229,97.1897,15.2249,649.8914,52.1866
2040-09-14,38.7291,0.0067,14.3661,6.0378,1560.4278,656.6952,97.6307,16.7310,655.8939,55.3308
2040-09-15,35.2521,0.3134,24.5556,10.4761,1568.4772,661.5779,96.5359,18.0787,660.7306,58.0342
2040-09-16,32.4655,0.1029,33.3851,10.4031,1576.0250,665.5588,94.4610,13.5790,664.6837,48.5809
2040-09-17,31.1884,0.0257,35.9585,9.2546,1583.3429,669.2402,93.5543,11.3025,668.3428,43.2444
2040-09-18,30.0402,0.1701,40.3167,11.8928,1590.4541,672.5491,92.5353,11.1933,671.6369,42.9766
2040-09-19,26.8171,0.3436,39.2890,12.6414,1596.9852,675.5666,92.0921,10.9193,674.6414,42.2996
2040-09-20,26.1545,0.0327,39.2589,11.7812,1603.3970,678.5139,91.9274,10.2154,677.5763,40.5241
2040-09-21,28.8309,0.0090,29.2121,5.0367,1610.2906,682.2860,92.6870,8.0942,681.3187,34.8110
2040-09-22,31.7235,0.0000,22.6625,4.5654,1617.7048,686.8054,94.4913,10.1609,685.7934,40.3844
2040-09-23,32.4585,0.0007,25.9835,9.2417,1625.2513,691.2276,94.5422,12.9513,690.1745,47.1532
2040-09-24,31.6803,0.0000,28.7673,9.8912,1632.6578,695.3848,94.5930,13.4762,694.2961,48.3492
2040-09-25,36.1157,0.0000,24.4235,10.3163,1640.8626,700.3923,95.0336,14.6264,699.2527,50.8975
2040-09-26,33.5525,0.0000,30.5203,14.0392,1648.6060,704.6788,94.8578,17.2245,703.5029,56.3321
2040-09-27,33.3215,0.0000,29.0383,8.6885,1656.3079,709.0275,94.9088,13.2460,707.8129,47.8275
2040-09-28,34.7969,0.0000,24.5023,8.2463,1664.2754,713.8526,94.9598,13.0450,712.5883,47.3684
2040-09-29,34.0363,0.1614,23.4058,9.5361,1672.1059,718.6439,95.0108,14.0186,717.3291,49.5630
2040-09-30,34.1600,0.0094,25.3971,9.7361,1679.9587,723.3272,95.0618,14.2599,721.9646,50.0957
2040-10-01,32.8480,0.0116,31.9389,9.8990,1686.5753,726.8281,94.5341,13.3725,725.4379,48.1146
2040-10-02,30.3130,0.1795,43.9160,8.5958,1692.7357,729.4975,92.1738,9.0089,728.0984,37.3476
2040-10-03,29.5633,0.0898,42.7996,8.3080,1698.7611,732.1551,91.8888,8.5286,730.7460,36.0305
2040-10-04,28.3941,0.0355,41.1966,10.9508,1704.5760,734.7830,91.9149,9.7796,733.3623,39.3971
2040-10-05,22.9192,5.6851,57.4915,12.6930,1393.3879,101.9335,69.4215,1.1643,172.3468,7.5678
2040-10-06,21.6395,2.2103,57.1099,12.8521,1397.9870,85.8566,74.1619,1.4016,148.8580,8.5064
2040-10-07,20.3479,0.8865,45.6241,12.0144,1402.3536,87.6237,83.0842,2.9902,151.5707,15.7998
2040-10-08,22.6647,0.0000,33.8931,5.3791,1407.1373,90.0041,89.1586,4.9829,155.1919,23.1057
2040-10-09,24.7612,0.0000,30.7402,4.2141,1412.2983,92.7180,91.3022,6.3847,159.2920,27.6423
2040-10-10,26.4672,0.0000,28.0838,5.0923,1417.7664,95.7219,92.4320,7.8310,163.7966,31.9545
2040-10-11,27.6263,0.0000,27.8210,6.5779,1423.4431,98.8636,92.8300,8.9254,168.4742,35.0737
2040-10-12,28.0715,0.0036,27.8602,10.7779,1429.2000,102.0522,92.9427,11.2047,173.1881,40.9079
2040-10-13,27.6948,0.0316,36.5183,9.9277,1434.8891,104.8219,92.7185,10.4025,177.2691,39.1590
2040-10-14,29.2270,0.0182,35.9001,7.8620,1440.8539,107.7674,92.7688,9.4405,181.5817,36.9155
2040-10-15,28.6893,0.1041,42.5306,6.5879,1446.7220,110.3614,91.9284,7.8644,185.3708,32.8333
2040-10-16,29.1555,0.0060,36.4082,5.1664,1452.6740,113.2766,91.9784,7.3728,189.5931,31.5589
2040-10-17,28.4748,0.0000,29.5876,6.7093,1458.5035,116.4319,92.5785,8.6728,194.1221,35.2792
2040-10-18,24.3464,0.0116,45.9795,9.2656,1463.5898,118.5148,90.8239,7.6932,197.1241,32.6527
2040-10-19,24.8174,0.0000,37.9519,4.5552,1468.7610,120.9514,90.8735,6.1108,200.6039,28.0155
2040-10-20,27.8463,0.0000,35.0615,7.4699,1474.4773,123.7996,91.3763,7.6027,204.6436,32.5498
2040-10-21,27.3690,0.0000,44.3385,7.0953,1480.1077,126.2006,91.2185,7.2951,208.0525,31.7236
2040-10-22,26.1919,0.0069,51.7827,6.3246,1485.5263,128.1945,89.9689,5.8702,210.8915,27.4190
2040-10-23,22.1436,1.7152,53.0380,16.1932,1490.2161,115.1584,82.1160,3.2694,193.0259,17.8660
2040-10-24,17.1886,0.0526,37.8481,12.8472,1494.0141,116.8807,87.4768,5.7042,195.5210,26.6287
2040-10-25,17.9163,0.0000,30.6055,6.4569,1497.9430,118.8802,89.8788,5.8337,198.3972,27.0983
2040-10-26,20.2982,0.0000,27.5519,5.6234,1502.3007,121.2291,91.3141,6.8663,201.7561,30.3461
2040-10-27,22.7873,0.0025,29.3568,5.7839,1507.1064,123.7860,91.6696,7.2804,205.3964,31.6340
2040-10-28,21.7666,0.1281,37.7097,5.6715,1511.7284,125.9442,91.5039,7.0711,208.4688,31.0734
2040-10-29,22.3688,0.0000,37.7268,4.9017,1516.4588,128.1586,91.5219,6.8194,211.6087,30.3736
2040-10-30,23.6657,0.0000,33.6203,4.8538,1521.4226,130.6495,91.5717,6.8513,215.1170,30.5210
2040-10-31,24.2100,0.0001,33.7494,4.6481,1526.4844,133.1902,91.6216,6.8288,218.6794,30.5018
2040-11-01,25.4726,0.0004,36.1940,8.4665,1530.7735,135.4381,91.6715,8.3364,221.8129,34.8887
2040-11-02,24.0315,0.0494,47.7130,7.8837,1534.8031,137.1803,90.3714,6.7266,224.2516,30.2610
2040-11-03,24.3009,0.0010,47.8650,5.2286,1538.8813,138.9360,90.1181,5.6747,226.7030,26.9745
2040-11-04,23.5247,0.0000,43.4557,8.9135,1542.8198,140.7820,90.1675,6.8811,229.2634,30.7830
2040-11-05,21.5888,0.0066,47.5627,4.6279,1546.4097,142.3594,89.7857,5.2495,231.4514,25.6037
2040-11-06,19.6056,0.0698,48.0496,9.4011,1549.6427,143.7855,89.3625,6.2837,233.4245,28.9874
2040-11-07,17.7995,0.0055,41.7741,8.0771,1552.5506,145.2444,89.4116,5.9197,235.4271,27.8484
2040-11-08,18.7061,0.0000,38.4184,5.1893,1555.6217,146.8615,89.4608,5.1543,237.6366,25.3285
2040-11-09,18.5335,0.0000,40.5664,3.7369,1558.6618,148.4086,89.5100,4.8244,239.7479,24.2005
2040-11-10,21.1095,0.0032,39.6165,7.4479,1562.1655,150.1866,89.5592,5.8577,242.1681,27.7000
2040-11-11,17.8775,13.8135,71.2721,12.3669,1064.8820,64.8317,50.2358,0.3148,112.5350,0.9493
2040-11-12,15.8981,11.6054,85.3778,11.0078,882.0428,31.7876,30.9401,0.0077,58.3208,0.0145
2040-11-13,16.9270,0.0034,57.7778,4.2157,884.7937,32.7968,58.9371,0.4721,60.0306,0.9060
2040-11-14,19.5310,0.0082,52.0364,5.2218,888.0132,34.1087,77.2938,1.1581,62.2407,4.0523
2040-11-15,21.7281,0.0141,48.8337,7.9687,891.6283,35.6573,85.2907,3.2774,64.8327,10.9865
2040-11-16,20.4901,0.0229,53.4746,7.8162,895.0205,36.9890,86.4655,3.8339,67.0504,12.7141
2040-11-17,16.1740,0.0103,54.6171,5.9544,897.6358,38.0284,86.5137,3.5144,68.7728,12.0392
2040-11-18,17.7872,0.0073,48.9444,6.3198,900.5415,39.3068,87.0187,3.8458,70.8793,13.1613
2040-11-19,16.6791,1.8517,70.0419,7.9515,903.2478,36.9317,72.8376,1.0323,67.0133,3.7862
2040-11-20,17.8122,5.8274,80.0632,5.7435,844.0767,22.9837,45.4385,0.1175,43.0377,0.1778
2040-11-21,21.0303,0.3316,62.6188,8.0493,847.5661,24.0805,70.8322,0.9643,44.9670,2.4316
2040-11-22,22.4780,0.1495,59.0765,7.0194,851.3162,25.3597,81.7583,1.9722,47.2041,5.7167
2040-11-23,20.9551,0.4696,64.7571,7.2755,854.7921,26.3903,83.9870,2.6506,48.9986,7.7158
2040-11-24,20.1306,1.2412,68.9455,9.4808,858.1196,27.2644,78.4760,1.5828,50.5162,4.8138
2040-11-25,18.3858,2.7915,66.9691,12.7365,861.1330,22.5422,68.2076,1.1226,42.3152,2.8171
2040-11-26,16.4727,0.4447,60.2992,7.8340,863.8021,23.4672,78.7781,1.4970,43.9494,4.0866
2040-11-27,16.1349,0.0000,53.3122,5.1682,866.4104,24.5340,83.5270,2.2430,45.8240,6.3379
2040-11-28,18.7646,0.0002,50.1425,8.5804,869.4920,25.8471,86.1839,3.8292,48.1182,10.4652
2040-11-29,18.2039,0.0000,54.4419,5.7251,872.4727,27.0130,86.3049,3.3731,50.1447,9.6468
2040-11-30,19.2399,0.0000,58.3229,5.2946,875.6399,28.1369,86.3531,3.3232,52.0894,9.7471
2040-12-01,21.6574,0.0000,54.7799,8.2334,879.2422,29.3064,86.7312,4.0655,54.1043,11.7675
2040-12-02,22.8475,0.0001,56.4557,7.4846,883.0588,30.4914,86.7795,3.9419,56.1369,11.7262
2040-12-03,22.6566,0.0000,55.6192,5.0161,886.8410,31.6895,86.8518,3.5168,58.1816,10.9140
2040-12-04,20.8854,0.0000,63.0316,7.1199,890.3043,32.6132,86.8618,3.9156,59.7541,12.0940
2040-12-05,22.2939,0.0000,58.7123,5.0204,894.0212,33.7108,86.9101,3.5468,61.6135,11.3686
2040-12-06,22.6820,0.0019,57.0059,7.5788,897.8080,34.8727,86.9584,4.0626,63.5723,12.9076
2040-12-07,22.4689,0.0357,55.3316,8.3803,901.5564,36.0691,87.0068,4.2593,65.5791,13.6361
2040-12-08,21.4363,0.0821,61.6998,4.7227,905.1189,37.0500,87.0552,3.5668,67.2210,12.0208
2040-12-09,21.6794,0.0003,59.2282,6.6605,908.7252,38.1055,87.1035,3.9599,68.9796,13.2580
2040-12-10,20.1588,0.0129,61.4802,4.4552,912.0578,39.0360,87.0397,3.5114,70.5258,12.2098
2040-12-11,19.3416,0.0620,59.2081,5.1592,915.2433,39.9836,87.0881,3.6633,72.0935,12.7915
2040-12-12,18.7577,0.0460,65.9047,6.7042,918.3237,40.7530,86.2738,3.5282,73.3665,12.5432
2040-12-13,18.6003,0.6178,66.8871,8.7874,921.3757,41.4943,83.9738,2.8553,74.5907,10.6749
2040-12-14,17.6297,0.0024,59.0553,4.0832,924.2531,42.3658,84.9246,2.5620,76.0201,9.8692
2040-12-15,20.9043,0.0027,51.5085,7.3993,927.7198,43.5784,86.6821,3.8712,77.9972,13.9787
2040-12-16,21.5210,0.1958,53.0512,6.1062,931.2976,44.7853,87.0129,3.8014,79.9578,13.9809
2040-12-17,18.5310,0.1920,62.4605,4.8818,934.3372,45.6227,86.7003,3.4187,81.3187,12.9866
2040-12-18,19.3574,0.3114,56.6710,8.2596,937.5255,46.6300,86.7486,4.0809,82.9463,15.0736
2040-12-19,19.7698,0.0001,54.9715,6.0256,940.7881,47.6980,86.7968,3.6715,84.6647,14.0596
2040-12-20,19.3630,0.1355,59.1500,8.1771,943.9774,48.6479,86.8451,4.1201,86.1911,15.5186
2040-12-21,18.3250,0.3883,69.7558,6.5680,946.9799,49.3155,85.6259,3.1996,87.2693,12.8481
2040-12-22,16.1519,6.7546,72.5093,16.9896,867.5335,29.6409,55.8100,0.7058,54.6167,1.8616
2040-12-23,13.7537,0.6438,59.1649,11.9105,869.7131,30.3302,72.5011,1.2435,55.7959,4.0173
2040-12-24,17.1771,2.4837,82.7994,12.9692,872.5090,25.6273,60.3298,0.8031,47.7485,1.9674
2040-12-25,16.0538,0.0181,74.8902,6.6956,875.1027,26.1168,71.3809,0.9177,48.6070,2.4506
2040-12-26,17.3643,0.0164,67.9209,4.7769,877.9323,26.7899,78.4359,1.2443,49.7821,3.6681
2040-12-27,18.2375,0.0018,58.6575,7.2305,880.9190,27.6984,83.2568,2.4026,51.3596,7.2796
2040-12-28,17.0636,0.0008,59.4853,9.1700,883.6945,28.5347,84.6533,3.1900,52.8066,9.4945
2040-12-29,17.2831,0.0001,56.0561,5.9970,886.5094,29.4527,85.5060,3.0574,54.3880,9.3244
2040-12-30,16.9676,0.0390,56.1877,7.0253,889.2676,30.3523,85.7483,3.3306,55.9319,10.1921
2040-12-31,15.7069,0.1802,66.3311,6.2624,891.7988,30.9953,85.5378,3.1123,57.0349,9.7439
2041-01-01,13.7028,5.4278,88.2384,7.3196,838.7666,19.3613,42.1435,0.0743,36.6100,0.1004
2041-01-02,12.1334,20.7882,92.8103,11.6648,642.6808,8.0631,15.6002,0.0000,15.6358,0.0000
2041-01-03,14.1645,2.6554,80.6192,10.7342,644.9344,6.0240,33.6545,0.0152,11.7732,0.0100
2041-01-04,14.3207,0.2762,71.1569,17.1332,647.2161,6.5716,60.1831,0.9817,12.8178,0.6803
2041-01-05,16.8423,0.1798,65.5156,15.3552,649.9517,7.3333,75.9450,1.7561,14.2643,1.9360
2041-01-06,18.1808,0.8815,61.7408,8.1022,652.9282,8.2415,79.1739,1.5749,15.9787,1.8049
2041-01-07,15.5655,0.9959,70.8944,5.1449,655.4340,8.8386,76.3000,1.0743,17.1007,0.8835
2041-01-08,16.4449,0.7355,60.8573,9.4168,658.0981,9.6841,80.1898,1.8645,18.6809,2.6873
2041-01-09,16.8061,0.0013,55.1224,7.3807,660.8272,10.6734,84.0833,2.6991,20.5183,4.4466
2041-01-10,16.4637,0.0549,56.9063,4.3675,663.4947,11.6052,85.0752,2.6533,22.2379,4.6097
2041-01-11,15.0680,0.0269,54.8642,9.2712,665.9109,12.5036,85.5522,3.6291,23.8859,6.5693
2041-01-12,13.1129,0.0351,46.3390,5.6932,667.9752,13.4425,86.4345,3.4299,25.5972,6.5005
2041-01-13,13.5877,0.0001,51.6564,8.0072,670.1250,14.3167,86.4827,3.8804,27.1816,7.5484
2041-01-14,12.4063,0.0000,48.5085,7.6151,672.0622,15.1728,86.5309,3.8305,28.7244,7.7110
2041-01-15,11.6486,0.0000,45.9653,8.4348,673.8629,16.0209,86.6794,4.0769,30.2442,8.3998
2041-01-16,14.2351,0.1398,52.1834,8.5587,676.1292,16.9236,86.7276,4.1306,31.8540,8.7581
2041-01-17,14.2044,0.4417,69.8609,5.7409,678.3900,17.4915,85.2162,2.8993,32.8646,6.4948
2041-01-18,17.0622,0.8777,70.9656,9.1747,681.1652,18.1407,80.5967,1.9244,34.0166,4.4232
2041-01-19,16.1706,5.7502,86.9577,11.2058,647.6123,10.9468,44.1874,0.1273,21.0058,0.1190
2041-01-20,16.0966,0.2084,65.7947,4.4965,650.2137,11.6709,64.0156,0.6348,22.3394,0.6174
2041-01-21,15.2066,0.0591,67.9319,4.3883,652.6549,12.3147,74.0692,0.9108,23.5199,0.9158
2041-01-22,16.6188,0.0445,61.6557,4.1841,655.3503,13.1511,80.3945,1.4640,25.0457,2.4962
2041-01-23,15.5261,0.3185,78.6522,6.2557,657.8490,13.5881,80.9056,1.7192,25.8417,3.1572
2041-01-24,17.0735,0.3436,71.8687,4.4041,660.6262,14.2175,82.1109,1.8038,26.9831,3.4601
2041-01-25,20.2751,0.0002,52.6287,7.1730,663.9797,15.4640,85.6476,3.3087,29.2263,6.8223
2041-01-26,19.6735,0.0404,51.9442,4.7429,667.2249,16.6930,86.6053,3.3494,31.4208,7.2143
2041-01-27,18.7198,0.0880,52.6399,4.5975,670.2985,17.8486,86.7056,3.3726,33.4692,7.5462
2041-01-28,16.2200,0.2494,59.7181,9.1067,672.9221,18.7075,86.6852,4.2208,34.9837,9.4229
2041-01-29,14.2841,0.0018,54.4790,6.4776,675.1972,19.5697,86.7335,3.7225,36.4949,8.6744
2041-01-30,17.4039,0.0063,56.9471,5.1923,678.0340,20.5504,86.7817,3.5130,38.2059,8.4788
2041-01-31,18.0947,0.0069,58.5084,5.9283,680.9950,21.5309,86.8300,3.6708,39.9074,9.0403
2041-02-01,14.8018,0.0759,61.6033,9.4307,683.3633,22.3982,86.3248,4.0770,41.4038,10.0961
2041-02-02,12.2196,0.2879,51.8711,9.3374,685.2669,23.3088,86.3730,4.0855,42.9642,10.3343
2041-02-03,13.6475,0.0607,54.2767,5.7569,687.4274,24.2667,86.4211,3.4344,44.5976,9.1279
2041-02-04,16.0969,0.0201,60.5709,5.2758,690.0288,25.2299,86.4693,3.3750,46.2336,9.1905
2041-02-05,17.2047,0.0392,53.3457,7.9058,692.8297,26.4430,86.5175,3.8797,48.2793,10.5999
2041-02-06,16.9988,0.2807,56.1035,8.4102,695.5935,27.5715,86.5657,4.0068,50.1714,11.1312
2041-02-07,15.4057,0.0149,59.8218,10.8468,698.0705,28.5135,86.5379,4.5124,51.7433,12.4690
2041-02-08,13.5873,0.0171,58.8367,12.8874,700.2202,29.3724,86.4388,4.9315,53.1690,13.5802
2041-02-09,13.8888,0.0944,62.7482,13.5889,702.4242,30.1655,85.9566,4.7735,54.4817,13.4212
2041-02-10,16.6050,0.0762,51.8957,18.4071,705.1171,31.3753,86.3914,6.4694,56.4690,17.2636
2041-02-11,17.3578,0.0188,49.3170,17.9504,707.9455,32.7042,86.9342,6.8279,58.6365,18.3326
2041-02-12,18.9447,0.0162,48.2857,14.0680,711.0596,34.1767,87.3979,5.9982,61.0210,17.0138
2041-02-13,19.3707,0.0350,47.9572,10.6399,714.2503,35.6900,87.5978,5.1929,63.4534,15.5931
2041-02-14,18.7903,0.0488,49.8989,10.1828,717.3365,37.1056,87.6464,5.1100,65.7133,15.7051
2041-02-15,17.9983,0.0270,52.0860,10.2177,720.2802,38.4054,87.6950,5.1547,67.7763,16.0816
2041-02-16,18.0658,0.0013,49.0105,11.3288,723.2361,39.7936,87.7436,5.4896,69.9635,17.1563
2041-02-17,18.2789,0.0581,48.3198,13.5660,726.2303,41.2163,87.7922,6.1875,72.1899,19.0622
2041-02-18,17.6058,0.3476,54.4729,11.6978,729.1033,42.4260,87.7892,5.6293,74.0760,18.0325
2041-02-19,18.8543,0.0497,53.1219,6.9122,732.2011,43.7548,87.8379,4.4540,76.1353,15.3588
2041-02-20,19.9363,0.0000,46.5393,6.4220,735.4936,45.3523,87.9611,4.4226,78.5895,15.5515
2041-02-21,21.7988,0.0006,38.0277,9.5495,739.1214,47.3681,89.4945,6.4519,81.6538,20.9784
2041-02-22,20.0932,0.0174,44.2815,13.5052,742.4422,49.0455,89.5437,7.9308,84.1875,24.6759
2041-02-23,20.5879,0.1706,43.6075,13.9830,745.8520,50.7828,89.5929,8.1816,86.7921,25.6173
2041-02-24,17.9928,0.6154,57.0313,12.2841,748.7947,51.9482,86.6624,4.9377,88.5401,18.0398
2041-02-25,19.7857,0.2065,53.9789,10.0134,752.0602,53.3136,86.7107,4.4341,90.5750,16.8612
2041-02-26,15.1447,0.1687,45.7101,11.6826,754.4902,54.5663,87.1825,5.1579,92.4222,19.0623
2041-02-27,17.3166,0.0005,40.2028,7.6188,757.3112,56.1307,88.3038,4.9342,94.7117,18.6935
2041-02-28,20.2346,0.0003,43.7544,6.8646,760.6574,57.8352,88.4889,4.8780,97.1953,18.7901
2041-03-01,22.0578,0.0980,38.7112,7.8098,764.3318,60.2546,89.5156,5.9283,100.6691,22.0213
2041-03-02,22.6046,0.0712,38.9932,9.2675,768.1047,62.7197,89.7600,6.6077,104.1736,24.1739
2041-03-03,22.2093,0.1241,41.5549,7.3232,771.8063,65.0419,89.8092,6.0335,107.4468,23.0098
2041-03-04,22.9341,0.0001,39.7329,5.2991,775.6385,67.5109,89.8585,5.4871,110.8920,21.8281
2041-03-05,22.9273,0.0009,39.2752,9.7880,779.4694,69.9981,89.9079,6.9286,114.3287,26.0673
2041-03-06,14.8156,0.0000,36.6899,13.3315,781.8402,71.7156,89.9572,8.3418,116.6756,29.8535
2041-03-07,17.0154,0.0000,27.8274,4.7434,784.6069,73.9443,90.8056,6.1096,119.6888,24.3534
2041-03-08,19.2424,0.0086,36.2744,5.9836,787.7746,76.1540,90.8552,6.5497,122.6634,25.8208
2041-03-09,19.2842,0.0000,36.8748,7.1074,790.9497,78.3474,90.9049,6.9806,125.5933,27.2330
2041-03-10,18.2018,0.0003,33.2714,9.9004,793.9301,80.5429,90.9545,8.0926,128.4964,30.3764
2041-03-11,15.0518,0.2692,40.0493,12.4560,796.3434,82.1935,90.2154,8.2826,130.6697,31.0433
2041-03-12,16.0964,0.0194,32.1883,10.5312,798.9447,84.1813,90.2649,7.5703,133.2600,29.4182
2041-03-13,18.3178,0.0000,20.7051,6.4451,801.9459,86.8059,92.3424,8.2783,136.6365,31.5149
2041-03-14,21.8067,0.0000,22.6023,8.0310,805.5751,89.8280,92.9420,9.7554,140.4913,35.4654
2041-03-15,23.5135,0.0000,26.1444,8.3786,809.5116,92.9267,92.9923,9.9981,144.4101,36.3452
2041-03-16,24.8568,0.0000,25.4253,6.6734,813.6898,96.2263,93.0427,9.2398,148.5378,34.7880
2041-03-17,26.3367,0.0000,21.9675,8.6231,818.1344,99.8758,93.8434,11.3975,153.0437,40.2241
2041-03-18,27.1595,0.0000,20.9006,8.3551,822.7271,103.6861,94.2795,11.9446,157.6893,41.7696
2041-03-19,27.3286,0.1460,22.2353,8.2888,827.3502,107.4545,94.3302,11.9886,162.2329,42.1470
2041-03-20,27.9459,0.2570,19.2926,8.0097,832.0845,111.4505,94.7825,12.5807,166.9854,43.7419
2041-03-21,28.9544,0.0608,18.4165,11.1253,837.0003,115.6301,95.1678,15.5173,171.8933,50.2347
2041-03-22,27.7553,0.4616,21.2936,14.5085,841.7003,119.5014,95.2189,18.5305,176.3936,56.3529
2041-03-23,25.1035,0.5834,32.6150,12.7531,845.9229,122.5112,92.9147,12.3289,179.8906,43.7965
2041-03-24,22.4440,0.0016,49.0889,8.1948,849.6668,124.5545,90.2738,6.7382,182.2997,29.5100
2041-03-25,26.4423,0.0187,38.5266,5.0904,854.1304,127.4406,90.5022,5.9537,185.6364,27.2045
2041-03-26,29.0414,0.0066,29.6451,8.6147,859.0619,131.0553,92.5002,9.4421,189.7440,37.1805
2041-03-27,28.3257,0.0000,28.4703,9.8454,863.8645,134.6432,92.8308,10.5240,193.7795,40.0190
2041-03-28,30.0899,0.0000,20.0519,8.7379,868.9847,138.8937,94.8130,13.1058,198.4783,46.1972
2041-03-29,32.4196,0.0000,18.7397,8.3700,874.5242,143.5367,95.6244,14.3732,203.5508,49.1144
2041-03-30,32.4275,0.0000,19.0963,5.1283,880.0652,148.1605,95.6756,12.2924,208.5476,44.6091
2041-03-31,31.3168,0.0281,16.2463,8.0073,885.4062,152.7885,96.0551,14.9618,213.4800,50.6162
2041-04-01,27.2794,0.0002,27.0759,11.7436,891.2705,157.8057,94.8134,15.2498,218.7731,51.3369
2041-04-02,26.7923,0.0000,27.4645,8.6733,897.0471,162.7106,94.4152,12.3672,223.8939,45.0776
2041-04-03,28.5452,0.0004,19.6337,10.8055,903.1392,168.4865,94.8140,14.5469,229.7974,50.0379
2041-04-04,28.3744,0.0001,16.7398,14.4831,909.2006,174.4358,95.4551,19.1129,235.7814,59.3515
2041-04-05,27.6634,0.0000,17.1155,17.8909,915.1340,180.2155,95.5062,22.8522,241.5240,66.2502
2041-04-06,26.2628,0.3170,20.9984,15.6805,920.8153,185.4562,95.5143,20.4661,246.6975,62.0395
2041-04-07,26.1265,0.0269,25.2188,10.5110,926.4721,190.3922,94.8611,14.4254,251.5494,50.0418
2041-04-08,25.0048,0.0044,32.3626,7.7155,931.9270,194.6727,93.4976,10.3767,255.7728,40.6191
2041-04-09,24.0995,0.1314,37.5409,8.8841,937.2189,198.4884,92.2551,9.2463,259.5534,37.7144
2041-04-10,23.3077,0.0059,38.0188,12.9062,942.3683,202.1560,91.7677,10.5696,263.1729,41.1539
2041-04-11,22.4483,0.2990,39.8447,13.3573,947.3630,205.5902,91.2849,10.0964,266.5618,39.9747
2041-04-12,22.7823,0.0112,34.7498,12.7265,952.4178,209.3680,91.3347,9.8500,270.2273,39.3594
2041-04-13,17.1457,3.9573,62.3139,18.9944,915.7126,99.1642,68.8127,1.5688,156.0744,9.5258
2041-04-14,19.4276,0.0901,46.3064,11.5675,920.1636,101.8363,83.1242,2.9387,159.5330,15.8294
2041-04-15,17.6679,3.5547,68.7293,16.3286,892.5821,72.2549,66.0609,1.2505,120.1869,6.9658
2041-04-16,19.7307,1.0929,44.4081,13.2241,897.0877,75.0623,80.2971,2.2847,124.1538,11.8632
2041-04-17,19.7151,0.0098,41.1954,10.7758,901.5904,78.0298,86.9735,4.7830,128.2997,21.0598
2041-04-18,22.1288,0.0006,37.9476,9.4762,906.5276,81.5242,89.3666,6.3112,133.1197,25.9613
2041-04-19,23.6020,0.0360,39.1108,11.2388,911.7299,85.1706,89.8623,7.4056,138.0912,29.3362
2041-04-20,24.2614,0.0015,24.2411,9.5713,917.0510,89.8285,92.6315,10.0932,144.3163,36.5645
2041-04-21,27.6441,0.0000,18.7954,4.9770,922.9809,95.4873,94.6065,10.5397,151.7311,38.1465
2041-04-22,30.6192,0.0000,18.5994,6.7329,929.4464,101.7468,95.3533,12.7553,159.7687,43.6998
2041-04-23,32.0822,0.0000,16.6016,7.3302,936.1752,108.4557,96.0649,14.4789,168.1973,47.8910
2041-04-24,34.6763,0.0007,13.3479,8.5948,943.3709,115.9713,97.2015,17.9759,177.4167,55.3620
2041-04-25,32.4668,0.0000,15.6279,10.5282,950.1689,122.8372,97.2532,19.9525,185.6671,59.4616
2041-04-26,30.5402,0.0010,18.8811,10.6135,956.6202,129.0595,96.8383,18.9581,193.0180,57.9444
2041-04-27,28.7179,0.0000,20.5959,10.8459,962.7434,134.7995,96.2467,17.7150,199.6970,55.8146
2041-04-28,29.1783,0.0000,17.9695,7.3479,968.9495,140.8209,96.2981,14.9555,206.5831,50.4348
2041-04-29,29.5184,0.0000,19.7914,9.6472,975.2168,146.7747,96.3117,16.8234,213.2947,54.4429
2041-04-30,30.5929,0.0000,14.9096,11.1876,981.6775,153.3125,96.3631,18.3078,220.5245,57.5271
2041-05-01,28.9008,0.0000,18.1979,15.2562,989.2837,159.7734,96.4146,22.6299,227.6363,65.6146
2041-05-02,21.8062,0.0000,17.6385,18.7675,995.6128,164.7402,95.8455,25.0109,233.0681,69.7953
2041-05-03,23.7324,0.0000,13.9123,13.9780,1002.2886,170.3682,95.8968,19.7850,239.1220,60.6699
2041-05-04,23.4935,0.0000,14.7276,13.7784,1008.9215,175.8893,95.9481,19.7236,244.9993,60.6365
2041-05-05,25.6433,0.0000,19.4121,8.4944,1015.9413,181.5631,95.8331,14.8794,250.9883,51.0159
2041-05-06,26.4876,0.0099,28.5980,9.8414,1023.1130,186.7490,94.4543,13.1879,256.4660,47.3399
2041-05-07,29.5614,0.0000,19.0317,8.5419,1030.8381,193.2848,95.0933,13.4851,263.1952,48.0610
2041-05-08,30.1040,0.0000,15.5820,8.9800,1038.6608,200.2197,95.9759,15.5458,270.2170,52.5847
2041-05-09,31.7180,0.0000,21.6036,6.3464,1046.7740,206.9930,96.0272,13.7087,277.0325,48.6454
2041-05-10,34.2315,0.0000,15.3869,5.2300,1055.3397,214.8634,96.6873,14.1642,284.7776,49.6917
2041-05-11,36.2463,0.0000,13.2497,5.5128,1064.2680,223.3927,97.4730,15.9567,293.0208,53.5610
2041-05-12,36.4283,0.0000,12.4254,8.6095,1073.2291,232.0450,97.7153,19.2606,301.2535,60.1718
2041-05-13,36.1180,0.1272,13.7415,9.4654,1082.1344,240.4968,97.7672,20.2481,309.1999,62.0608
2041-05-14,36.3557,0.0673,14.1953,10.6667,1091.0824,248.9579,97.8191,21.6600,317.0554,64.6740
2041-05-15,36.9895,0.0000,14.4794,8.2699,1100.1445,257.5336,97.8710,19.3281,324.9170,60.3662
2041-05-16,37.4854,0.0501,17.1786,8.7182,1109.2959,265.9468,97.9230,19.9059,332.5666,61.4752
2041-05-17,35.2810,0.0004,18.0658,12.4119,1118.0505,273.7943,97.6830,23.2286,339.6502,67.5091
2041-05-18,32.4517,0.0086,18.4942,12.2693,1126.2958,280.9938,97.2189,21.6829,346.1128,64.7717
2041-05-19,34.2478,0.0000,15.8464,8.5039,1134.8644,288.8250,97.2706,18.0596,353.0319,57.9506
2041-05-20,33.6367,0.0003,18.2087,11.5788,1143.3230,296.3048,97.3085,21.1927,359.6144,63.8968
2041-05-21,31.0021,0.0657,22.5153,14.2876,1151.3074,302.8533,96.2659,21.1245,365.4054,63.7774
2041-05-22,29.2951,0.1110,25.7561,14.7997,1158.9845,308.7943,95.2842,18.9729,370.6819,59.7444
2041-05-23,26.5773,0.4429,30.8042,17.9225,1166.1724,313.8363,93.8797,18.3024,375.2247,58.4457
2041-05-24,27.1147,0.4185,33.2347,13.6447,1173.4571,318.7956,93.3181,13.6440,379.7038,48.7057
2041-05-25,29.9001,0.0061,25.4544,9.1534,1181.2431,324.8795,93.7357,11.5325,385.0242,43.7872
2041-05-26,30.3960,0.0000,23.3141,10.9898,1189.1184,331.2381,94.2807,13.6428,390.5202,48.7077
2041-05-27,29.5308,2.2585,28.6573,11.3590,1196.8379,139.8471,88.8617,6.4542,216.4619,29.3309
2041-05-28,28.8324,0.7242,30.6606,10.1239,1204.4317,145.3112,91.4744,8.8125,223.2778,36.2085
2041-05-29,29.7495,0.0715,23.2009,8.1311,1212.1907,151.5485,93.9710,11.3170,230.9221,42.6960
2041-05-30,30.8088,0.0089,19.0232,8.2330,1220.1402,158.3510,95.2435,13.5523,239.1192,47.9861
2041-05-31,32.7392,0.0000,16.9797,10.7347,1228.4373,165.7470,96.0851,17.2357,247.8807,55.8561
2041-06-01,34.9021,0.0000,11.5089,11.0531,1238.1237,174.1343,97.6398,21.5678,257.6696,64.1733
2041-06-02,36.8598,0.0000,8.3221,11.2820,1248.1624,183.2962,98.6281,24.8527,268.1470,69.9959
2041-06-03,38.3102,0.0000,8.0656,12.2310,1258.4623,192.8347,98.8782,26.9365,278.8490,73.5288
2041-06-04,38.1080,0.0001,10.7956,10.3208,1268.7257,202.0425,98.9305,24.6320,289.0201,69.7670
2041-06-05,38.1456,0.0121,13.6970,9.2777,1278.9959,210.9594,98.9207,23.3410,298.7345,67.5939
2041-06-06,38.2894,1.0196,16.3330,7.5559,1289.2920,219.6356,96.6211,15.7844,308.0693,53.2508
2041-06-07,38.3358,0.8104,21.0851,7.5679,1299.5965,227.8286,95.7897,14.1174,316.8097,49.6889
2041-06-08,33.9875,0.1160,28.1852,15.4046,1309.1182,234.4624,95.4213,19.9294,323.8993,61.5023
2041-06-09,32.8726,0.5660,25.5432,13.6796,1318.4393,241.1217,94.2212,15.4951,330.9360,52.6907
2041-06-10,29.9726,5.4365,47.6326,9.7064,1183.9102,95.1415,78.5253,1.6079,158.4496,9.7725
2041-06-11,30.0590,2.6266,51.8175,5.3671,1192.7248,78.7259,78.8768,1.3342,135.1503,7.8297
2041-06-12,35.8917,0.1785,32.1450,6.8353,1202.5893,85.3341,92.3399,8.4396,144.9538,32.5260
2041-06-13,36.5921,0.0956,30.4482,10.6214,1212.5799,92.2357,93.8043,12.5368,154.9966,42.9043
2041-06-14,36.8050,0.3760,30.7310,8.8158,1222.6088,99.1481,93.8567,11.5301,164.8706,41.2511
2041-06-15,38.9074,0.3214,26.7597,6.4913,1233.0161,106.8622,94.9888,11.9885,175.6637,42.8384
2041-06-16,39.3933,0.0831,21.5482,7.9265,1243.5109,115.2256,96.1815,15.1577,187.1071,50.2201
2041-06-17,38.9551,0.0330,19.1891,12.4120,1253.9268,123.7472,96.6432,20.2206,198.5166,60.4916
2041-06-18,34.4948,3.6649,37.5409,16.2964,1190.4729,86.0967,88.3403,7.6805,145.8274,30.5881
2041-06-19,31.4080,0.0286,39.8553,14.3391,1199.5304,91.2441,90.9089,10.0554,153.3300,37.0956
2041-06-20,32.3400,0.0000,29.1800,13.7220,1208.7556,97.4788,93.2429,13.5542,162.2470,45.5822
2041-06-21,30.9535,0.0000,28.0527,14.2506,1217.7312,103.5501,93.3929,14.2147,170.7919,47.4827
2041-06-22,28.5981,0.0028,33.7925,16.1745,1226.2829,108.7266,93.3427,15.5524,177.9983,50.6257
2041-06-23,28.6271,0.0000,30.7118,15.5017,1234.8398,114.1492,93.3931,15.1402,185.4424,50.1159
2041-06-24,27.5240,0.0272,35.9150,15.8368,1243.1981,118.9784,92.8511,14.2736,192.0155,48.5422
2041-06-25,28.0251,0.0598,34.3199,14.2783,1251.6466,124.0146,92.9014,13.2889,198.7886,46.6138
2041-06-26,29.2952,0.0000,30.1021,13.7726,1260.3237,129.6078,92.9517,13.0462,206.2025,46.2709
2041-06-27,30.2694,0.0000,25.7249,12.7164,1269.1762,135.7418,93.7170,13.7646,214.2083,48.0505
2041-06-28,30.3592,0.0000,23.7278,13.9573,1278.0449,142.0588,94.1939,15.6543,222.3346,52.2522
2041-06-29,33.1632,0.0000,18.1032,6.7255,1287.4182,149.4461,95.8219,13.5898,231.6626,47.9709
2041-06-30,34.3212,0.0000,18.6230,6.9051,1297.0001,157.0347,96.0098,14.0668,241.0933,49.1479
2041-07-01,36.5181,0.1374,17.5847,10.3374,1307.2773,164.3160,96.5821,18.0645,250.0560,57.5195
2041-07-02,35.3352,0.0504,20.4198,14.2886,1317.3417,171.1257,96.6336,22.1973,258.3505,65.3069
2041-07-03,37.0163,0.0000,15.2547,6.7383,1327.7086,178.7119,97.1693,16.3006,267.4319,54.1363
2041-07-04,39.5171,0.0000,16.2777,7.0046,1338.5257,186.6983,97.3611,16.9483,276.8564,55.5182
2041-07-05,40.8991,0.0000,13.3497,8.8074,1349.5915,195.2453,98.1634,20.6401,286.7723,62.6975
2041-07-06,39.6736,0.0000,17.7604,10.4105,1360.4367,203.1205,98.2155,22.5305,295.8216,66.1576
2041-07-07,38.4158,0.0000,24.6383,12.8078,1371.0556,210.1145,97.0102,21.6673,303.8256,64.6460
2041-07-08,35.1519,0.0000,18.8367,13.8526,1381.0869,217.0247,97.0619,22.9968,311.6265,67.0387
2041-07-09,37.8751,0.0000,13.5993,6.0677,1391.6085,224.9334,97.6561,16.8128,320.3977,55.4041
2041-07-10,38.0184,0.0000,17.5234,10.6270,1402.1558,232.5107,97.7080,21.3011,328.7394,64.0500
2041-07-11,37.5686,0.0000,18.9771,14.9901,1412.6221,239.8688,97.7599,26.7221,336.7738,73.4076
2041-07-12,37.1825,0.0000,18.4571,11.3065,1423.0190,247.2003,97.8118,22.3483,344.7009,65.9633
2041-07-13,37.9989,0.0000,22.3018,9.4883,1433.5628,254.3350,97.3295,19.1274,352.3776,60.0248
2041-07-14,36.3173,0.0000,28.4504,12.7847,1443.8039,260.6225,95.9190,18.6866,359.1629,59.1818
2041-07-15,37.2998,0.0000,26.8056,11.0389,1454.2219,267.2235,95.9703,17.2323,366.2120,56.3147
2041-07-16,38.3729,0.0000,22.4216,9.1576,1464.8330,274.4154,96.0216,15.7829,373.7766,53.3412
2041-07-17,40.2772,0.0000,18.1801,6.9879,1475.7869,282.3664,97.0531,16.2529,382.0068,54.3252
2041-07-18,40.8869,0.0000,17.0766,10.5211,1486.8505,290.5434,97.4103,20.3668,390.3785,62.3951
2041-07-19,40.8111,0.0000,19.5852,8.5001,1497.9005,298.4587,97.4621,18.5220,398.4420,58.8862
2041-07-20,40.5167,0.0000,16.4518,10.2770,1508.8975,306.6246,97.5139,20.3968,406.6565,62.4574
2041-07-21,40.9097,0.0000,13.9202,8.7012,1519.9653,315.1174,98.0570,20.2439,415.0932,62.1749
2041-07-22,41.2086,0.0000,13.9909,8.4744,1531.0868,323.6636,98.1090,20.1517,423.5086,62.0044
2041-07-23,43.5789,0.0264,11.1949,4.5060,1542.6350,332.9820,98.9560,18.4371,432.5476,58.7295
2041-07-24,46.0660,0.1101,12.0683,7.2486,1554.6309,342.7224,99.1747,21.7813,441.8999,65.0023
2041-07-25,45.3303,0.0029,13.1274,7.6077,1566.4943,352.1954,99.2271,22.3306,450.9325,65.9887
2041-07-26,42.9340,0.0000,12.1283,10.5136,1577.9265,361.2828,99.2795,26.0286,459.5300,72.3427
2041-07-27,40.5424,0.0000,15.8350,10.0175,1588.9281,369.5141,98.9746,24.3984,467.3285,69.5999
2041-07-28,41.9848,0.0000,13.4990,7.2828,1600.1894,378.2669,99.0269,21.4031,475.5167,64.3205
2041-07-29,42.5689,0.0000,15.9696,8.1019,1611.5558,386.8850,99.0793,22.4576,483.5539,66.2177
2041-07-30,40.1063,0.0000,20.0000,11.4577,1622.4789,394.6270,98.1949,23.6871,490.8107,68.3769
2041-07-31,38.2681,0.0000,20.3662,12.2432,1633.0711,401.9898,97.7436,23.2179,497.7002,67.5600
2041-08-01,38.6650,0.0000,19.2274,9.7398,1643.0348,408.6207,97.7956,20.6074,503.9266,62.8612
2041-08-02,41.3829,0.0000,15.8804,8.5278,1653.4878,415.9983,97.8475,19.5201,510.7498,60.8216
2041-08-03,40.6502,0.0044,21.0319,8.1553,1663.8088,422.8047,97.8994,19.2892,517.0986,60.3817
2041-08-04,40.2179,0.0000,21.6920,9.5713,1674.0520,429.4843,97.7583,20.3326,523.3196,62.3511
2041-08-05,39.8385,0.0000,21.7445,8.5298,1684.2270,436.0982,97.6749,19.0811,529.4616,59.9833
2041-08-06,41.6013,0.0000,12.9034,8.0200,1694.7192,443.7762,98.3593,20.3550,536.4003,62.3931
2041-08-07,41.7438,0.0245,15.1484,9.6361,1705.2371,451.2812,98.4114,22.2336,543.1853,65.8203
2041-08-08,40.8751,0.0000,23.2927,9.6158,1715.5986,457.9284,97.6490,20.0854,549.3049,61.8895
2041-08-09,40.6410,0.0000,20.7659,11.3630,1725.9180,464.7562,97.7009,22.0852,555.5293,65.5550
2041-08-10,39.2405,0.0000,21.1917,10.7439,1735.9852,471.3194,97.6688,21.3160,561.5126,64.1644
2041-08-11,39.2590,0.0000,23.0375,11.0881,1746.0559,477.7319,97.3540,20.8007,567.3722,63.2197
2041-08-12,39.2676,0.0000,15.7832,13.9699,1756.1280,484.7503,97.4308,24.2985,573.6405,69.4325
2041-08-13,38.1070,0.0000,13.8705,11.1794,1765.9913,491.7218,97.6531,21.7437,579.8268,64.9406
2041-08-14,38.0754,0.0000,13.6168,6.8002,1775.8489,498.7081,97.7079,17.5651,586.0019,57.0152
2041-08-15,37.2893,0.0048,22.6883,9.6900,1785.5649,504.8353,97.1485,18.8623,591.5478,59.5625
2041-08-16,37.8170,0.0032,20.8544,8.6192,1795.3760,511.1941,97.2003,17.9952,597.2520,57.8694
2041-08-17,38.2295,0.0000,19.9919,8.0148,1805.2613,517.6902,97.2520,17.5763,603.0457,57.0376
2041-08-18,37.3240,0.0000,24.7199,9.8392,1814.9836,523.6618,96.7312,17.9729,608.4479,57.8253
2041-08-19,37.4044,0.0000,23.5968,8.5179,1824.7204,529.7352,96.7828,16.9319,613.9096,55.7401
2041-08-20,38.1028,0.0000,21.0780,8.1687,1834.5829,536.1225,96.8344,16.7520,619.5877,55.3737
2041-08-21,39.1755,0.0000,22.0581,6.8585,1844.6385,542.6032,96.8860,15.7905,625.3426,53.3836
2041-08-22,38.9629,0.0000,27.9457,8.9177,1854.6558,548.5626,96.3643,16.3316,630.7348,54.5104
2041-08-23,38.5898,0.0000,29.2421,9.3136,1864.6060,554.3604,96.0171,15.8977,636.0016,53.6083
2041-08-24,39.1914,0.0000,21.3062,6.7742,1874.6645,560.9062,96.2353,14.4069,641.7659,50.4184
2041-08-25,39.2998,0.0000,16.5045,8.8924,1884.7424,567.8700,97.2513,18.3692,647.7927,58.6044
2041-08-26,34.0961,0.0000,24.9940,13.8725,1893.8837,573.3200,96.2136,20.5417,652.6850,62.7408
2041-08-27,31.7913,0.0000,31.0014,13.7146,1902.6102,578.0052,94.6964,16.5735,657.0146,55.0083
2041-08-28,31.5834,0.0000,22.0507,10.0996,1911.2992,583.2647,94.7987,14.0090,661.7043,49.5415
2041-08-29,33.9173,0.0000,17.3504,6.2993,1920.4083,589.2396,96.1421,13.8903,666.9092,49.2778
2041-08-30,34.6902,0.0000,23.3773,6.5254,1929.6565,594.9011,96.1935,14.1473,671.9258,49.8477
2041-08-31,34.7690,0.0000,27.8464,8.8044,1938.9189,600.2441,95.6774,14.7975,676.7348,51.2684
2041-09-01,34.5571,0.0000,27.9453,11.9477,1946.8432,604.8183,95.5376,17.0106,680.8466,55.8998
2041-09-02,35.0385,0.0000,21.1838,11.3699,1954.8541,609.8893,95.5888,16.6379,685.2813,55.1404
2041-09-03,35.0618,0.0000,14.6127,11.9653,1962.8693,615.3866,96.9741,20.6667,689.9786,62.9725
2041-09-04,33.4141,0.2050,23.2376,13.7806,1970.5878,620.1034,96.3841,20.9223,694.1333,63.4440
2041-09-05,34.4529,0.6483,36.6813,10.9947,1978.4933,624.1113,92.2629,10.2951,697.8693,40.7278
2041-09-06,36.4312,0.0000,36.7144,8.9324,1986.7549,628.3400,92.5840,9.7082,701.7966,39.2104
2041-09-07,35.7931,0.0000,24.8219,8.3645,1994.9017,633.2779,94.7847,12.8115,706.1448,46.8311
2041-09-08,37.0291,0.0000,20.0819,4.3332,2003.2709,638.7030,96.0629,12.4461,710.8251,45.9810
2041-09-09,36.5817,0.0150,27.3414,7.6100,2011.5597,643.5775,96.0017,14.5595,715.1461,50.7518
2041-09-10,36.6394,0.0000,19.5837,11.0510,2019.8587,648.9806,96.1818,17.7429,719.7900,57.3697
2041-09-11,34.8952,0.0000,25.7342,11.1369,2027.8439,653.7399,96.0394,17.4802,723.9827,56.8457
2041-09-12,35.4335,0.0000,33.7945,11.7471,2035.9259,658.0461,94.7027,15.0223,727.9099,51.7529
2041-09-13,35.4714,0.0000,35.0193,10.8699,2044.0148,662.2770,94.3496,13.6904,731.7898,48.8311
2041-09-14,34.6975,0.1796,36.3310,8.7856,2051.9643,666.3348,93.9763,11.7052,735.5397,44.2218
2041-09-15,31.3304,0.0537,33.2352,12.1635,2059.3078,670.1896,93.9263,13.7811,739.0669,49.0342
2041-09-16,25.9232,2.8240,39.7470,12.3023,1806.8916,125.3365,83.0491,3.0203,213.6270,17.0786
2041-09-17,26.1465,1.9537,49.3411,8.1401,1813.3020,107.0716,81.2405,1.9638,186.5978,11.9974
2041-09-18,28.2732,0.0135,41.9432,5.5617,1820.0951,110.1077,88.7224,4.7237,191.2856,23.2706
2041-09-19,32.2366,0.0006,30.4027,6.0783,1827.6017,114.2384,92.7019,8.5483,197.5984,35.0290
2041-09-20,31.9982,0.0018,35.4743,9.9535,1835.0654,118.0407,92.7522,10.4653,203.3759,40.1214
2041-09-21,31.5503,0.0000,35.2573,14.2683,1842.4484,121.8041,92.8024,13.0991,209.0565,46.4577
2041-09-22,30.4137,0.0000,40.0040,10.6166,1849.6269,125.1702,92.5343,10.4945,214.1157,40.4163
2041-09-23,31.5588,0.0006,40.5921,7.5224,1857.0115,128.6245,92.5726,9.0280,219.2785,36.7288
2041-09-24,28.1748,0.0204,43.1768,12.8657,1863.7869,131.5861,91.6795,10.4170,223.6900,40.3810
2041-09-25,29.2419,0.0115,31.4100,6.3190,1870.7545,135.2913,92.3299,8.2113,229.1523,34.6337
2041-09-26,26.9774,0.0076,46.1576,12.9213,1877.3144,137.9827,91.0221,9.5144,233.1281,38.1953
2041-09-27,29.1334,0.0000,43.5369,9.2576,1884.2624,141.0219,91.0718,7.9667,237.5897,34.0341
2041-09-28,29.7672,0.0212,45.2809,10.8820,1891.3245,144.0290,91.1215,8.7077,241.9880,36.1321
2041-09-29,25.5265,0.1234,48.0476,16.3720,1897.6233,146.4918,90.3421,10.2739,245.5869,40.2765
2041-09-30,23.6435,0.1618,40.8461,10.8329,1903.5831,149.0977,90.3916,7.8269,249.3664,33.7327
2041-10-01,26.5631,0.0001,27.8539,7.2648,1909.0685,152.1217,92.3819,8.6755,253.7033,36.1362
2041-10-02,29.4087,0.0000,27.2324,8.4766,1915.0660,155.4855,93.2188,10.3711,258.5013,40.6239
2041-10-03,28.8807,0.0125,38.0453,12.0006,1920.9686,158.2999,92.6864,11.4959,262.5171,43.4285
2041-10-04,29.3105,0.0181,45.8441,13.7559,1926.9484,160.7953,91.4233,10.5059,266.0821,41.0113
2041-10-05,25.3210,0.2666,46.3571,11.7129,1932.2102,162.9428,90.6396,8.4769,269.1435,35.6782
2041-10-06,24.9124,0.0000,33.4265,7.1812,1937.3985,165.5667,91.1756,7.2820,272.8419,32.2743
2041-10-07,26.0420,0.0000,37.0185,6.7512,1942.7900,168.1569,91.2253,7.1766,276.4861,31.9749
2041-10-08,29.3626,0.0000,33.1471,7.0915,1948.7793,171.2426,91.9878,8.1346,280.7994,34.7694
2041-10-09,30.5741,0.0000,32.1622,9.6581,1954.9866,174.4983,92.4475,9.8782,285.3272,39.4972
2041-10-10,29.5968,0.0000,36.1338,10.1134,1961.0180,177.4688,92.4976,10.1792,289.4507,40.2860
2041-10-11,28.3342,0.0000,38.2736,10.4265,1966.8222,180.2217,92.4557,10.2801,293.2635,40.5558
2041-10-12,27.2131,0.0005,38.7319,9.2979,1972.4246,182.8501,92.2259,9.4023,296.8929,38.2859
2041-10-13,27.0972,0.0021,38.2030,5.8055,1978.0061,185.4904,92.2440,7.9052,300.5253,34.1735
2041-10-14,27.8656,0.0053,34.4129,4.2493,1983.7259,188.3689,92.2941,7.3609,304.4610,32.5985
2041-10-15,27.7422,0.0478,33.2461,6.1002,1989.4235,191.2862,92.3442,8.1377,308.4318,34.8514
2041-10-16,26.6763,0.0193,34.9676,6.9408,1994.9292,194.0232,92.3944,8.5500,312.1488,36.0116
2041-10-17,27.1254,0.0572,39.2720,6.8274,2000.5158,196.6203,92.1305,8.1906,315.6754,35.0136
2041-10-18,28.1504,0.0217,40.0433,6.8877,2006.2868,199.2776,92.0991,8.1792,319.2742,34.9868
2041-10-19,28.4604,0.2435,41.1234,8.3677,2012.1137,201.9147,91.9741,8.6582,322.8378,36.3274
2041-10-20,27.8165,0.6614,45.2409,5.3049,2017.8247,204.3139,89.2167,5.0059,326.0841,25.0935
2041-10-21,28.0028,0.0000,31.9156,8.6521,2023.5692,207.3162,91.7505,8.5095,330.0880,35.9257
2041-10-22,27.0654,0.0000,28.4236,7.6993,2029.1450,210.3708,92.5476,9.0769,334.1377,37.4825
2041-10-23,24.9980,0.0048,39.2042,9.4353,2034.3486,212.7749,91.8889,9.0272,337.3423,37.3518
2041-10-24,24.9378,0.0000,40.0816,9.6090,2039.5414,215.1388,91.6086,8.7520,340.4877,36.6057
2041-10-25,25.3780,0.0004,41.5007,9.7520,2044.8134,217.4858,91.4017,8.5601,343.6068,36.0798
2041-10-26,25.6537,0.0006,42.3031,11.5631,2050.1351,219.8247,91.2779,9.2145,346.7099,37.8647
2041-10-27,25.1325,0.0143,41.1113,10.6402,2055.3630,222.1654,91.3277,8.8583,349.8043,36.9043
2041-10-28,25.2494,0.0000,40.7291,12.0903,2060.6119,224.5317,91.3775,9.5975,352.9238,38.8867
2041-10-29,25.7220,0.0000,41.8470,10.4880,2065.9458,226.8951,91.3504,8.8190,356.0352,36.8016
2041-10-30,25.9457,0.0000,40.2178,6.5911,2071.3200,229.3450,91.4002,7.2982,359.2468,32.4740
2041-10-31,26.3294,0.1111,34.2293,5.2673,2076.7633,232.0784,91.4500,6.8757,362.7997,31.2045
2041-11-01,26.5217,0.3684,35.4594,4.3628,2081.2412,234.4420,91.4999,6.6160,365.8545,30.4076
2041-11-02,26.6961,0.0000,32.1570,5.2910,2085.7505,236.9421,91.7849,7.2188,369.0684,32.2426
2041-11-03,25.6987,0.0000,36.3273,10.9739,2090.0803,239.2044,91.8348,9.6806,371.9788,39.1166
2041-11-04,23.9879,0.0003,44.8216,16.6196,2094.1021,241.0397,90.7384,11.0089,374.3550,42.5002
2041-11-05,26.0904,0.0508,41.4368,14.8489,2098.5024,243.1509,90.7880,10.1407,377.0740,40.3129
2041-11-06,24.6300,0.0000,40.6765,4.7717,2102.6398,245.1746,90.8376,6.1462,379.6718,28.9330
2041-11-07,26.8906,0.1950,32.7698,5.7910,2107.1841,247.6695,91.6084,7.2201,382.8442,32.2516
2041-11-08,26.8459,0.0938,36.5071,7.0772,2111.7204,250.0219,91.6583,7.7582,385.8384,33.8341
2041-11-09,25.1091,0.0220,45.8479,8.6937,2115.9440,251.9036,90.7544,7.4008,388.2532,32.7901
2041-11-10,23.4946,0.0110,49.5809,13.0677,2119.8770,253.5477,89.8082,8.0578,390.3699,34.6950
2041-11-11,24.3096,0.0070,47.6021,10.4877,2123.9568,255.3129,89.8575,7.1257,392.6333,31.9719
2041-11-12,18.6862,0.0370,50.4163,10.1217,2127.0243,256.6136,88.9617,6.1518,394.3015,28.9546
2041-11-13,20.1384,0.0000,38.1549,4.6356,2130.3532,258.3550,89.4125,4.9778,396.4983,25.0290
2041-11-14,21.8421,0.0002,38.8809,7.9541,2133.9888,260.2140,89.6497,6.0875,398.8429,28.7495
2041-11-15,21.5670,0.0000,42.0866,9.2269,2137.5748,261.9544,89.6989,6.5367,401.0421,30.1720
2041-11-16,21.8140,0.0000,44.5296,10.3086,2141.2054,263.6396,89.7482,6.9518,403.1751,31.4494
2041-11-17,20.8171,0.0000,42.0385,7.7221,2144.6564,265.3238,89.7975,6.1456,405.2958,28.9371
2041-11-18,20.6847,0.0000,40.9506,7.7572,2148.0837,267.0293,89.8468,6.2002,407.4369,29.1118
2041-11-19,21.0281,0.0003,44.1139,8.9007,2151.5727,268.6688,89.8961,6.6145,409.5008,30.4153
2041-11-20,20.5408,0.0016,43.8743,7.0866,2154.9741,270.2792,89.9454,6.0795,411.5239,28.7258
2041-11-21,19.6934,0.0270,41.7581,7.0413,2158.2229,271.8848,89.9947,6.1086,413.5316,28.8199
2041-11-22,19.9535,0.1620,41.6765,7.1869,2161.5185,273.5127,90.0441,6.1972,415.5644,29.1038
2041-11-23,19.3486,0.0481,45.3941,8.2626,2164.7052,274.9931,89.7503,6.2727,417.4192,29.3442
2041-11-24,18.2756,0.0019,42.6817,6.8034,2167.6989,276.4655,89.7996,5.8694,419.2535,28.0458
2041-11-25,18.7708,0.7910,45.2562,12.2243,2170.7816,277.9077,86.7307,4.9707,421.0548,25.0076
2041-11-26,14.6106,11.9947,84.5567,9.0379,1224.1841,80.1503,36.7566,0.0283,137.7531,0.0958
2041-11-27,17.6970,4.6276,70.3108,10.9260,1131.4786,53.9009,47.9567,0.2189,96.3295,0.5940
2041-11-28,20.2474,0.1825,55.6261,15.4346,1134.8271,55.1567,75.7349,1.7401,98.3616,8.3272
2041-11-29,20.1917,0.1921,58.4194,13.1333,1138.1657,56.3305,83.3359,3.2682,100.2562,14.1271
2041-11-30,19.8703,0.0777,58.9723,10.9418,1141.4463,57.4712,85.1728,3.7455,102.0917,15.8339
2041-12-01,19.8230,0.0000,56.0420,11.8464,1144.7184,58.5164,86.0498,4.4298,103.7711,18.1008
2041-12-02,19.6419,0.0000,57.7906,11.1553,1147.9580,59.5113,86.0979,4.3072,105.3668,17.8651
2041-12-03,18.8677,0.0000,58.9293,9.0327,1151.0582,60.4432,86.1459,3.8966,106.8584,16.6974
2041-12-04,18.2935,0.0000,55.6191,8.8148,1154.0550,61.4213,86.1940,3.8802,108.4172,16.7649
2041-12-05,17.4032,0.0000,56.9626,9.0479,1156.8916,62.3263,86.2421,3.9527,109.8566,17.1087
2041-12-06,17.9019,0.1316,55.3534,6.7318,1159.8179,63.2904,86.2902,3.5413,111.3852,15.8584
2041-12-07,15.5364,0.4956,60.3971,8.0202,1162.3185,64.0391,86.3384,3.8046,112.5724,16.8238
2041-12-08,14.3421,0.0000,45.8154,5.5740,1164.6041,64.9899,86.9192,3.6518,114.0664,16.4170
2041-12-09,17.2213,0.0204,46.2667,7.9236,1167.4079,66.1087,87.4133,4.4107,115.8205,19.0178
2041-12-10,14.4636,14.9509,80.5791,12.3888,889.4851,30.4485,40.0793,0.0658,56.0964,0.1203
2041-12-11,11.4892,7.5387,82.3799,10.0787,809.4881,16.7139,30.5577,0.0067,31.7870,0.0082
2041-12-12,12.5244,0.0048,54.9448,8.8239,811.4465,17.4115,58.9663,0.5967,33.0500,0.7523
2041-12-13,13.3777,0.0000,52.7383,7.4334,813.5585,18.1890,74.9029,1.1081,34.4524,2.2757
2041-12-14,13.6581,0.0000,52.2203,6.4351,815.7209,18.9904,81.7600,1.9154,35.8918,4.5754
2041-12-15,14.3663,0.0000,52.5467,5.6775,818.0109,19.8244,84.4686,2.6090,37.3838,6.3910
2041-12-16,15.8828,0.0000,55.4936,8.1235,820.5738,20.6833,85.3653,3.3374,38.9145,8.1976
2041-12-17,15.9837,0.0000,55.2706,6.8345,823.1548,21.5517,85.6950,3.2743,40.4554,8.2550
2041-12-18,15.8029,0.0048,57.5418,5.3467,825.7034,22.3673,85.7429,3.0582,41.8972,7.9423
2041-12-19,14.0523,0.3111,62.9291,8.4171,827.9368,23.0056,85.7713,3.5841,43.0226,9.2644
2041-12-20,12.3272,0.0803,56.3003,9.2436,829.8597,23.6724,85.8193,3.7617,44.1932,9.8066
2041-12-21,10.7599,0.1182,48.1424,10.6398,831.5005,24.3713,86.0910,4.1927,45.4148,10.9030
2041-12-22,10.6953,0.0014,45.6649,7.4074,833.1296,25.0996,86.4482,3.7466,46.6832,10.0955
2041-12-23,11.3001,0.0000,48.9464,6.8076,834.8676,25.8190,86.4964,3.6599,47.9322,10.0560
2041-12-24,13.9895,0.0000,51.0922,6.7642,837.0897,26.6577,86.5446,3.6769,49.3838,10.2749
2041-12-25,15.3732,0.0000,52.3823,5.2776,839.5609,27.5491,86.5928,3.4349,50.9210,9.8860
2041-12-26,14.8723,0.0000,50.7430,6.7139,841.9419,28.4432,86.6411,3.7180,52.4561,10.7460
2041-12-27,14.6149,0.0000,51.4051,7.5363,844.2766,29.3110,86.6893,3.9019,53.9403,11.3629
2041-12-28,15.4726,0.0001,54.6781,8.4609,846.7657,30.1646,86.7376,4.1161,55.3957,12.0481
2041-12-29,15.5756,0.0074,61.6099,5.4404,849.2733,30.8921,86.4020,3.3709,56.6340,10.3717
2041-12-30,16.2246,0.0016,57.0139,4.4397,851.8977,31.7383,86.4502,3.2271,58.0682,10.1536
2041-12-31,13.6053,3.5508,76.4406,6.7312,827.1981,23.6249,57.0198,0.4652,44.1009,0.7162
2042-01-01,14.7806,3.2754,67.7889,7.8679,807.6225,18.1808,54.6643,0.4023,34.4243,0.5214
2042-01-02,12.9452,0.0000,44.3339,5.1792,809.6566,19.1433,73.5640,0.9259,36.1499,1.8007
2042-01-03,13.8817,0.0000,41.4178,6.1550,811.8593,20.2238,82.8825,2.1691,38.0764,5.4138
2042-01-04,16.1028,0.0000,48.9731,8.4284,814.4618,21.3045,85.7061,3.5537,39.9936,8.8029
2042-01-05,14.4061,0.0029,60.1698,11.6668,816.7589,22.0648,85.7541,4.2117,41.3378,10.3632
2042-01-06,14.1135,0.0016,53.4758,11.4292,819.0034,22.9362,85.8307,4.2064,42.8709,10.5733
2042-01-07,14.0191,0.0157,58.5624,7.0393,821.2308,23.7075,85.8787,3.3943,44.2234,8.9908
2042-01-08,13.2732,0.0000,52.6746,11.1914,823.3240,24.5449,85.9267,4.2125,45.6849,10.9828
2042-01-09,13.7977,0.0000,49.7777,11.8674,825.5116,25.4660,86.2842,4.5833,47.2853,11.9943
2042-01-10,13.7983,0.0048,54.5353,11.2456,827.6993,26.2999,86.3324,4.4722,48.7289,11.9637
2042-01-11,13.5010,0.0001,55.5228,10.4567,829.8334,27.0994,86.3805,4.3272,50.1079,11.8385
2042-01-12,14.5954,0.0000,54.7254,10.0975,832.1646,27.9742,86.4287,4.2786,51.6110,11.9322
2042-01-13,15.2580,0.0001,53.0881,8.7456,834.6151,28.9189,86.4768,4.0242,53.2272,11.5607
2042-01-14,15.3920,0.0000,51.1395,5.7981,837.0896,29.9110,86.5250,3.4925,54.9163,10.4861
2042-01-15,16.0831,0.0000,45.5862,7.8371,839.6886,31.0620,87.2406,4.2847,56.8652,12.6286
2042-01-16,15.1727,0.0000,50.1573,10.3485,842.1237,32.0606,87.2890,4.8964,58.5486,14.2537
2042-01-17,15.9084,0.1003,55.3627,11.6295,844.6912,32.9952,87.3375,5.2591,60.1195,15.2815
2042-01-18,14.3942,0.3957,59.6270,11.3388,846.9861,33.7653,86.6571,4.7044,61.4103,14.1942
2042-01-19,14.2810,0.0000,56.7829,9.0499,849.2607,34.5837,86.7053,4.2207,62.7764,13.2059
2042-01-20,12.8893,0.0002,57.3797,8.2892,851.2848,35.3177,86.5910,3.9967,63.9976,12.7907
2042-01-21,13.9895,0.0003,47.8274,8.4774,853.5069,36.2869,86.7405,4.1213,65.6012,13.2915
2042-01-22,14.3870,0.0840,47.0067,9.1104,855.8005,37.2973,86.9317,4.3720,67.2656,14.1182
2042-01-23,11.6383,0.0000,34.4304,9.3583,857.5994,38.3255,88.2637,5.3553,68.9480,16.7071
2042-01-24,12.3843,0.0000,30.6711,9.1079,859.5326,39.4764,89.3102,6.1452,70.8212,18.7725
2042-01-25,13.8930,0.0000,38.1214,9.5106,861.7373,40.6186,89.3594,6.3156,72.6734,19.4188
2042-01-26,14.4761,0.0019,43.1365,9.3683,864.0470,41.7090,89.2685,6.1892,74.4352,19.3824
2042-01-27,14.9402,0.0166,50.0822,7.1984,866.4403,42.6947,88.4836,4.9570,76.0240,16.6393
2042-01-28,14.8299,0.0195,49.3237,8.4024,868.8137,43.6885,88.2976,5.1283,77.6193,17.2640
2042-01-29,13.3745,0.0002,51.6131,7.4338,870.9251,44.5508,87.8284,4.5664,78.9989,15.9798
2042-01-30,14.9224,0.0000,48.8857,9.1017,873.3151,45.5590,87.8771,5.0015,80.6054,17.2919
2042-01-31,15.9917,0.0000,49.9342,11.5620,875.8976,46.6125,87.9257,5.7013,82.2784,19.2612
2042-02-01,16.2928,0.0002,48.3792,9.4370,878.5343,47.8878,87.9744,5.1581,84.2894,18.1358
2042-02-02,14.4845,0.0000,48.8737,6.8630,880.8455,49.0196,88.0231,4.5624,86.0653,16.7464
2042-02-03,14.8813,0.0000,43.2734,7.9380,883.2281,50.3074,88.0718,4.8501,88.0735,17.7513
2042-02-04,15.8516,0.0000,43.8437,7.9115,885.7854,51.6596,88.1205,4.8776,90.1720,18.0554
2042-02-05,15.9599,0.0121,47.2326,6.3904,888.3622,52.9384,88.1693,4.5494,92.1487,17.3491
2042-02-06,16.0636,0.1839,48.3282,9.7489,890.9576,54.1982,88.2180,5.4261,94.0877,19.9655
2042-02-07,17.0300,0.0000,43.9210,8.9094,893.7270,55.6424,88.2668,5.2378,96.2966,19.6967
2042-02-08,17.2425,0.0000,40.3965,8.3048,896.5347,57.1954,88.5617,5.3003,98.6562,20.1152
2042-02-09,18.7012,0.0000,29.4180,6.7970,899.6049,59.1807,90.4732,6.4615,101.6447,23.5171
2042-02-10,21.0780,0.0000,25.7867,7.7598,903.1030,61.5187,91.8953,8.3039,105.1334,28.4315
2042-02-11,20.2446,0.0000,37.7793,6.5498,906.4510,63.4053,91.3919,7.2744,107.9356,26.2772
2042-02-12,18.5784,0.0000,40.2105,10.2040,909.4991,65.0766,90.7096,7.9352,110.4041,28.1797
2042-02-13,18.9616,0.0000,45.0239,11.7861,912.6162,66.6433,89.9101,7.6651,112.7101,27.7712
2042-02-14,18.9176,0.0000,44.5255,11.3663,915.7254,68.2207,89.7661,7.3513,115.0193,27.2239
2042-02-15,19.4656,0.0000,37.1467,11.8615,918.9332,70.0568,89.8154,7.5905,117.6840,28.0981
2042-02-16,18.1496,0.0000,42.5155,12.8295,921.9041,71.6287,89.8647,8.0264,119.9568,29.4166
2042-02-17,18.5645,0.0002,38.7371,12.0580,924.9497,73.3400,89.9140,7.7752,122.4142,29.0223
2042-02-18,19.0367,0.0028,37.9570,10.0334,928.0803,75.1147,89.9634,7.0709,124.9476,27.4195
2042-02-19,18.0122,0.2160,43.4523,8.2286,931.0265,76.6499,89.8185,6.3235,127.1331,25.5559
2042-02-20,20.7229,0.0358,36.9024,6.5841,934.4606,78.6059,89.8821,5.8739,129.8951,24.4750
2042-02-21,21.0318,0.1841,33.6246,5.0655,937.9504,80.6926,90.4300,5.8852,132.8189,24.7098
2042-02-22,22.5174,0.0000,28.3657,8.7200,941.7075,83.0958,91.6586,8.4281,136.1558,31.8587
2042-02-23,23.3696,0.0004,25.8683,6.4072,945.6180,85.6726,92.4321,8.3675,139.7026,31.9729
2042-02-24,23.9909,0.0000,24.0916,6.5109,949.6404,88.3781,92.9833,9.0886,143.3939,34.0578
2042-02-25,24.5448,0.0000,23.2564,12.1882,953.7624,91.1737,93.3200,12.6820,147.1749,42.6348
2042-02-26,21.4956,0.0268,38.7341,9.5638,957.3357,93.1402,91.7540,8.9139,149.8361,34.0540
2042-02-27,20.3099,0.3102,44.5644,4.7437,960.6954,94.8261,90.5008,5.8494,152.1156,25.7054
2042-02-28,23.2725,0.0000,33.2785,4.6560,964.5885,97.1361,90.9269,6.1889,155.1998,26.8747
2042-03-01,23.0465,0.0000,33.4317,8.5596,968.4409,99.8761,90.9766,7.5877,158.8073,31.0542
2042-03-02,20.9781,0.0000,39.6019,6.4670,971.9209,102.1491,90.9561,6.8084,161.7883,28.9921
2042-03-03,23.0902,0.0000,28.9829,4.5223,975.7812,105.0775,91.6985,6.8600,165.5788,29.2995
2042-03-04,23.8642,0.0000,26.4915,5.2994,979.7807,108.2056,92.3921,7.8688,169.5884,32.3040
2042-03-05,23.7086,0.0000,27.5372,5.5975,983.7523,111.2699,92.4423,8.0445,173.4839,32.9359
2042-03-06,23.2402,0.0012,28.5740,6.5919,987.6395,114.2334,92.4925,8.5179,177.2218,34.3502
2042-03-07,23.3871,0.0000,27.6735,6.5784,991.5532,117.2523,92.5426,8.5724,180.9969,34.6265
2042-03-08,24.5519,0.0000,24.5676,5.2555,995.6765,120.5507,92.9890,8.5382,185.0803,34.6653
2042-03-09,25.1386,0.0000,26.8649,4.0728,999.9055,123.8218,93.0393,8.1011,189.1010,33.5934
2042-03-10,27.7664,0.0000,19.0833,9.3472,1004.6074,127.8033,94.6650,13.2422,193.9289,46.3611
2042-03-11,27.3996,0.0007,20.5545,7.0390,1009.2434,131.6628,94.7159,11.8710,198.5652,43.3805
2042-03-12,25.4771,0.0213,18.9679,5.8258,1013.5332,135.3339,94.7668,11.2454,202.9272,42.0128
2042-03-13,20.2465,0.2394,36.3001,12.6029,1016.8816,137.6517,92.3163,11.2486,205.6934,42.0859
2042-03-14,19.7124,0.0000,31.4956,7.9726,1020.1338,140.0821,92.2797,8.8618,208.5651,36.1036
2042-03-15,19.0243,0.4820,57.4036,10.6425,1023.2622,141.5433,88.5852,5.9830,210.3460,27.7711
2042-03-16,19.8489,0.3592,44.8810,16.6366,1026.5390,143.5116,88.6341,8.1497,212.6879,34.2341
2042-03-17,16.3106,0.0025,28.4711,14.0972,1029.1789,145.6344,90.3780,9.2083,215.1548,37.1415
2042-03-18,19.1781,0.0000,20.2704,10.6595,1032.3350,148.3903,92.6628,10.7091,218.3245,41.0221
2042-03-19,20.6479,0.0000,16.5314,10.7782,1035.7556,151.4846,94.0870,13.1413,221.8518,46.8114
2042-03-20,24.4823,0.0002,17.2212,7.6902,1039.8664,155.0944,94.6886,12.2210,225.9417,44.7703
2042-03-21,23.6063,0.0123,20.5865,16.9068,1043.8196,158.4389,94.7395,19.5814,229.7099,60.1332
2042-03-22,17.4962,0.0000,20.9390,15.5622,1046.6729,160.9450,94.3469,17.3355,232.5089,55.8465
2042-03-23,18.5942,0.0000,22.5572,10.2973,1049.7239,163.5449,94.0922,12.8360,235.4019,46.3226
2042-03-24,19.8142,0.0000,24.4624,6.9812,1052.9944,166.2378,93.8682,10.5287,238.3887,40.8471
2042-03-25,22.7955,0.0000,17.8811,4.7709,1056.8016,169.5827,94.2725,9.9613,242.0588,39.4468
2042-03-26,24.3586,0.0000,14.2591,6.6173,1060.8901,173.3036,95.3424,12.6625,246.1013,46.0459
2042-03-27,24.3398,0.0009,18.8183,7.7977,1064.9753,176.8240,95.3936,13.5326,249.9121,48.0583
2042-03-28,23.2265,0.0150,22.8324,9.0492,1068.8601,180.0239,94.8961,13.4656,253.3647,47.9398
2042-03-29,20.5861,0.0072,32.8515,10.8467,1072.2696,182.5061,92.9501,11.2553,256.0566,42.7999
2042-03-30,19.4598,0.0000,37.1387,12.0623,1075.4763,184.7092,91.6427,9.9517,258.4491,39.5536
2042-03-31,21.3685,0.0000,36.4298,7.7377,1079.0267,187.1439,91.6112,7.9674,261.0835,34.2072
2042-04-01,21.7908,0.0000,35.8637,11.6684,1083.9030,190.7031,91.6611,9.7816,264.8925,39.1533
2042-04-02,20.5658,0.0005,30.3701,10.1611,1088.5589,194.3604,91.7110,9.1305,268.7560,37.4566
2042-04-03,24.1933,0.0000,24.3065,9.8171,1093.8677,199.0019,92.8805,10.5826,273.5773,41.2436
2042-04-04,25.7709,0.0000,22.8053,10.1497,1099.4604,204.0306,93.5756,11.8592,278.7430,44.3899
2042-04-05,27.1079,0.0000,24.8094,7.0387,1105.2938,209.1725,93.6262,10.2100,283.9866,40.3455
2042-04-06,24.8980,0.2376,34.9339,10.6532,1110.7295,213.2735,92.7452,10.8303,288.2015,41.9235
2042-04-07,17.3605,7.4448,63.0229,10.5551,983.6073,83.6212,58.2379,0.6186,137.9276,3.6803
2042-04-08,22.0783,0.0452,43.8599,10.2067,988.5354,86.7758,81.5809,2.2676,142.3189,12.4783
2042-04-09,25.1230,0.0000,35.4355,7.0425,994.0116,90.8803,89.2804,5.5142,147.9450,24.4714
2042-04-10,25.5572,0.1253,33.8454,9.3722,999.5659,95.1556,91.0102,7.9429,153.7257,31.7555
2042-04-11,23.5523,3.2861,43.4827,6.6363,971.2860,72.4210,76.8163,1.2003,122.0848,6.7651
2042-04-12,24.2202,0.3284,39.9023,7.3008,976.5996,76.1101,87.3193,4.2175,127.3985,19.1724
2042-04-13,20.2371,0.0449,37.4154,15.9921,981.1963,79.3475,89.2913,8.6699,132.0070,32.1251
2042-04-14,19.9950,0.0880,22.8861,7.4577,985.7494,83.2911,92.0118,8.3144,137.5306,31.6753
2042-04-15,17.1135,4.4733,47.3201,14.8848,936.9060,57.9568,70.5085,1.3464,100.3885,6.6946
2042-04-16,20.0454,0.1059,40.2627,10.2250,941.4682,61.0191,84.7400,3.4042,105.0214,14.9405
2042-04-17,23.2066,0.0000,26.6529,9.2535,946.5994,65.3412,91.1302,8.0315,111.4497,28.5309
2042-04-18,26.1293,0.0000,24.8664,9.4728,952.2567,70.3010,93.0019,10.5790,118.6951,35.2313
2042-04-19,27.6686,0.0000,22.5480,9.5725,958.1910,75.7028,93.9320,12.1041,126.4332,39.4068
2042-04-20,28.9750,0.0000,21.2147,8.3541,964.3605,81.4472,94.4990,12.3113,134.4964,40.7011
2042-04-21,28.8522,0.0000,19.5225,11.9724,970.5079,87.2909,94.8930,15.5959,142.5322,48.1787
2042-04-22,29.6241,0.0000,14.9236,11.7759,976.7942,93.6278,96.0450,18.0658,151.0577,53.6593
2042-04-23,30.8809,0.0000,13.3655,10.7498,983.3068,100.3448,96.6609,18.6401,159.8966,55.4612
2042-04-24,31.1000,0.0000,20.4020,10.4868,989.8588,106.5585,96.5044,18.0119,167.9242,54.8662
2042-04-25,33.0027,0.0171,20.2986,8.3441,996.7533,113.1478,96.5559,16.2808,176.2714,52.0040
2042-04-26,29.4828,4.0068,33.9555,13.3625,956.8820,78.2612,85.0985,4.1883,129.9514,19.2262
2042-04-27,22.5251,0.2309,46.6349,16.9976,961.8905,81.3177,87.8547,7.4217,134.2598,29.1008
2042-04-28,21.7515,1.4261,41.8305,15.4399,966.7598,84.5403,84.9560,4.5602,138.7478,20.9490
2042-04-29,25.7031,0.0182,26.1147,6.8409,972.3403,89.3413,91.7105,7.7234,145.3050,30.6702
2042-04-30,25.5642,0.2983,34.6282,11.6545,977.8959,93.5671,91.7605,9.9134,151.0114,36.6030
2042-05-01,28.9863,0.0000,19.0088,5.7847,985.5174,99.9821,94.6916,11.1069,159.5084,39.9658
2042-05-02,30.9362,0.0051,20.2800,9.2089,993.4899,106.7057,95.0640,13.8903,168.2376,46.6547
2042-05-03,24.0353,0.0200,30.7965,18.2586,1000.2203,111.2851,93.5378,17.7509,174.1345,54.7512
2042-05-04,24.4963,0.0073,18.3678,10.7376,1007.0336,116.7860,94.3828,13.6617,181.0740,46.7994
2042-05-05,28.0608,0.0009,13.4896,5.7612,1014.4886,123.4275,96.0472,13.3463,189.2825,46.4331
2042-05-06,30.5933,0.0347,14.9541,6.3839,1022.3994,130.5235,96.2622,14.1776,197.8889,48.5292
2042-05-07,29.6494,0.2182,21.2563,9.0462,1030.1403,136.8980,96.0965,15.8542,205.5169,52.2761
2042-05-08,27.9473,0.8505,28.5767,9.9940,1037.5748,142.3599,92.0678,9.5229,212.0010,37.9093
2042-05-09,28.0653,0.3886,33.1260,10.6214,1045.0305,147.4946,92.1178,9.8985,218.0506,38.9815
2042-05-10,25.7019,0.1863,29.5450,16.1218,1052.0609,152.4660,92.1920,13.1974,223.8356,46.9716
2042-05-11,21.6563,0.5887,35.6655,15.8875,1058.3630,156.3202,90.2132,9.8429,228.3297,38.9888
2042-05-12,25.5727,0.0528,32.7015,12.5668,1065.3701,161.0459,91.3665,9.8153,233.7538,38.9838
2042-05-13,26.1506,2.9551,36.3003,10.1437,1040.4025,104.9755,82.8505,2.6412,167.6594,14.7842
2042-05-14,23.7991,5.8019,50.7080,10.2352,962.6103,65.1251,70.0977,1.0511,111.4072,5.6526
2042-05-15,20.3804,1.2812,42.8634,14.6826,968.6828,68.3562,81.3604,2.7689,116.2110,13.3940
2042-05-16,19.5305,5.0262,52.7900,14.6736,914.9352,47.0137,68.2646,1.2400,83.3235,5.4348
2042-05-17,22.9675,0.0295,41.9816,10.4427,921.4734,50.6898,84.9938,3.5635,89.1231,14.1487
2042-05-18,25.0689,0.0004,32.7943,9.9201,928.3898,55.3199,90.4664,7.5554,96.2950,25.5471
2042-05-19,25.6343,0.0000,29.7088,11.6460,935.4079,60.2672,91.9413,10.1661,103.8130,32.4031
2042-05-20,23.3657,0.3895,39.4442,11.4137,942.0178,64.1676,91.5046,9.4448,109.6607,31.6100
2042-05-21,27.9728,0.0004,27.2826,5.2371,949.4569,69.7332,92.8490,8.3645,117.8311,30.0303
2042-05-22,30.7377,0.0013,23.8476,7.8368,957.3937,76.1162,94.1385,11.4121,126.9917,37.9878
2042-05-23,32.4291,0.0031,22.1932,8.4209,965.6349,82.9842,94.8582,12.9783,136.6172,42.3199
2042-05-24,31.3819,0.0282,23.2717,13.3232,973.6876,89.5456,94.9092,16.7315,145.6128,50.6576
2042-05-25,26.7867,0.0002,28.0814,13.7773,980.9133,94.8256,94.3104,15.7648,152.7379,49.4260
2042-05-26,29.4656,0.0000,23.4483,10.2759,988.6211,100.9856,94.3612,13.3079,160.8858,44.9687
2042-05-27,29.3426,0.0000,27.3032,12.0820,996.3067,106.8119,94.4120,14.6784,168.4704,48.3214
2042-05-28,28.0914,0.0000,32.1053,13.8684,1003.7672,112.0297,93.7265,14.6066,175.1801,48.5347
2042-05-29,27.5506,0.0000,30.8755,14.4732,1011.1303,117.2435,93.7185,15.0419,181.7895,49.7548
2042-05-30,27.7135,0.0000,30.8516,12.3819,1018.5227,122.4889,93.7439,13.5853,188.3498,46.9232
2042-05-31,30.7659,0.0000,19.2825,8.7649,1026.4646,129.2604,95.1657,13.7732,196.6208,47.6138
2042-06-01,32.1119,0.0010,18.5089,11.3142,1035.6487,136.3856,95.6564,16.7446,205.2104,54.0719
2042-06-02,28.2064,0.0019,31.0253,17.0214,1044.1299,141.7073,94.1155,18.0710,211.6147,56.8578
2042-06-03,27.3431,0.0054,32.0922,15.6379,1052.4556,146.7923,93.5665,15.6173,217.6813,52.0820
2042-06-04,28.3600,0.0000,20.3441,12.4100,1060.9644,152.9703,94.5618,15.2342,224.8817,51.4203
2042-06-05,30.8125,0.0000,13.2758,9.7858,1069.9147,160.2564,96.5559,17.5076,233.1917,56.1985
2042-06-06,31.1830,0.0039,16.1638,8.0432,1078.9316,167.3816,96.6074,16.1472,241.2115,53.5678
2042-06-07,31.2843,0.0010,24.0939,9.0251,1087.9668,173.8531,95.9297,15.4839,248.4520,52.2724
2042-06-08,33.3271,0.0000,22.2413,9.0268,1097.3697,180.9008,95.9810,15.5932,256.2110,52.5774
2042-06-09,32.6498,0.0000,18.0004,13.5675,1106.6506,188.1866,96.0323,19.7388,264.0981,60.8670
2042-06-10,28.4924,0.0000,22.5432,14.7049,1115.1833,194.2210,95.6738,19.9115,270.6156,61.2427
2042-06-11,29.4864,0.0000,21.8307,13.2759,1123.8948,200.5155,95.7251,18.6576,277.3327,58.9006
2042-06-12,29.9612,0.0000,21.8307,10.8790,1132.6918,206.9077,95.7763,16.6503,284.0826,54.9516
2042-06-13,32.0334,0.0000,21.2878,8.4684,1141.8619,213.7737,95.8276,14.8487,291.2373,51.2080
2042-06-14,33.6761,0.0000,21.6723,6.2722,1151.3276,220.9448,95.8788,13.3859,298.6223,48.0084
2042-06-15,35.2170,0.1153,17.8200,9.7744,1161.0706,228.8021,96.3226,16.9565,306.5710,55.6609
2042-06-16,36.4687,0.0032,13.5218,8.4678,1171.0390,237.3553,97.4392,18.4358,315.0624,58.6233
2042-06-17,37.7305,0.0000,13.2209,7.3395,1181.2345,246.2265,97.7308,18.1039,323.7434,57.9936
2042-06-18,37.8381,0.0000,16.7566,7.2413,1191.4493,254.7598,97.7827,18.1388,332.0301,58.0779
2042-06-19,38.7255,0.0000,15.9147,6.8385,1201.8239,263.5759,97.8347,17.8969,340.4751,57.6141
2042-06-20,38.8776,0.0000,15.0690,8.5256,1212.2259,272.5147,97.8866,19.6192,348.9276,60.9581
2042-06-21,37.1975,0.0000,19.2092,10.1185,1222.3254,280.6604,97.7434,20.8600,356.6139,63.2835
2042-06-22,36.6322,0.0000,22.7445,10.1813,1232.3232,288.3346,97.0533,19.0910,363.8427,59.9661
2042-06-23,38.0571,0.0000,18.3042,9.1068,1242.5775,296.7565,97.1050,18.2101,371.6288,58.2624
2042-06-24,32.0549,0.0000,30.2025,18.5764,1251.7514,302.8488,94.9427,21.9025,377.4169,65.1982
2042-06-25,26.4906,0.0048,33.0613,17.1528,1259.9237,307.7110,93.4374,16.5556,382.1133,54.9491
2042-06-26,30.3805,0.0000,29.8836,11.7020,1268.7962,313.5220,93.4879,12.6681,387.6014,46.4817
2042-06-27,35.4368,0.0000,25.5737,7.2308,1278.5788,320.6810,94.6197,11.8287,394.1928,44.5043
2042-06-28,38.0174,0.0000,19.8351,6.3875,1288.8260,328.9366,96.2815,14.2171,401.6186,49.9884
2042-06-29,38.3374,0.1871,21.4698,9.5820,1299.1307,337.0901,96.3329,16.8163,408.9202,55.4927
2042-06-30,36.7193,0.3347,23.3448,7.0622,1309.1442,344.7223,96.3844,14.9142,415.7546,51.5105
2042-07-01,36.8282,1.4678,27.1001,6.8964,1319.4772,351.2159,93.1710,9.5134,421.7682,38.6910
2042-07-02,35.8841,0.6609,29.0355,6.2423,1329.6404,357.3799,93.6874,9.8923,427.5011,39.6846
2042-07-03,38.2672,0.3931,23.1569,5.8334,1340.2325,364.4845,95.5933,12.5953,433.9384,46.3236
2042-07-04,39.4232,0.0000,19.6775,9.2991,1351.0327,372.1289,96.5966,17.1771,440.7541,56.2305
2042-07-05,38.7830,0.0000,19.2846,9.4644,1361.7176,379.6893,96.6481,17.4411,447.4624,56.7622
2042-07-06,38.1871,0.1007,22.4758,10.2970,1372.2953,386.8423,96.6997,18.3146,453.8443,58.4930
2042-07-07,36.1958,0.0000,28.9961,12.2450,1382.5145,393.0616,95.7315,17.7287,459.5135,57.3374
2042-07-08,32.9472,0.0000,33.6569,15.1067,1392.1490,398.3666,94.3129,16.8627,464.4643,55.5960
2042-07-09,32.6528,0.0000,33.3940,13.2070,1401.7305,403.6464,94.1438,14.9695,469.3816,51.6365
2042-07-10,36.0058,0.0000,27.1074,10.8380,1411.9156,409.9987,94.4534,13.8654,475.0959,49.2199
2042-07-11,37.3687,0.0000,26.4481,11.3558,1422.3459,416.6438,94.8267,14.9820,481.0246,51.6640
2042-07-12,37.9121,0.0000,24.5416,11.4524,1432.8741,423.5575,95.3191,16.1047,487.1277,54.0381
2042-07-13,37.3889,0.0000,22.7727,13.1030,1443.3081,430.5383,95.6146,18.2201,493.2419,58.3105
2042-07-14,36.5350,0.0000,23.5180,13.8137,1453.5884,437.2984,95.6658,19.0164,499.1702,59.8581
2042-07-15,36.0525,0.0000,23.6941,12.7394,1463.7819,443.9565,95.7170,18.1401,505.0023,58.1537
2042-07-16,33.9074,0.0000,25.8008,14.9724,1473.5892,450.0569,95.7683,20.4423,510.4021,62.5550
2042-07-17,33.1883,0.0000,26.9871,12.2876,1483.2671,455.9365,95.5149,17.2511,515.6292,56.3847
2042-07-18,38.4395,0.0000,19.1100,7.5596,1493.8902,463.4480,96.5455,15.6278,522.0266,53.0406
2042-07-19,37.6650,0.0000,22.5640,11.4337,1504.3739,470.4980,96.5970,19.1287,528.0906,60.0746
2042-07-20,37.9266,0.0000,16.3110,10.0256,1514.9047,478.1686,97.0908,19.0368,534.5333,59.8983
2042-07-21,36.7833,0.0000,15.1882,9.8910,1525.2297,485.7144,97.1713,19.1122,540.8445,60.0432
2042-07-22,36.3811,0.0000,18.1123,8.1129,1535.4823,492.9227,97.2230,17.5952,546.9160,57.0750
2042-07-23,36.7636,0.1116,20.0480,7.7525,1545.8037,500.0324,97.2747,17.3981,552.9212,56.6807
2042-07-24,37.7204,0.0000,20.3003,7.3531,1556.2974,507.2988,97.3265,17.1694,559.0337,56.2206
2042-07-25,38.5142,0.0000,19.0808,9.7191,1566.9339,514.8272,97.3783,19.4771,565.3116,60.7408
2042-07-26,39.6156,0.0000,15.3643,9.8006,1577.7687,522.9203,97.5698,20.0614,571.9428,61.8446
2042-07-27,39.9536,0.0000,15.4035,8.0562,1588.6644,531.0769,97.6217,18.5001,578.6006,58.8597
2042-07-28,38.7589,0.0000,23.0021,12.3378,1599.3450,538.2847,97.2770,21.9269,584.6427,65.2709
2042-07-29,36.7144,0.0000,24.6272,14.3345,1609.6576,544.9785,96.6424,22.2748,590.3083,65.8944
2042-07-30,33.7829,0.0039,32.5459,14.9237,1619.4425,550.5047,94.7326,17.7025,595.1927,57.2892
2042-07-31,36.0323,0.0000,26.6312,6.3554,1629.6323,556.9030,94.7835,11.5761,600.6487,43.9101
2042-08-01,39.2994,0.0000,21.9686,8.1241,1639.7102,563.4110,96.0723,15.0851,606.1409,51.8875
2042-08-02,38.8711,0.0000,23.7657,8.2805,1649.7110,569.7018,96.1237,15.3104,611.4859,52.3687
2042-08-03,40.5128,0.0000,23.6483,7.2084,1660.0073,576.2610,96.1750,14.6062,617.0283,50.8533
2042-08-04,40.6888,0.0000,20.9794,8.6354,1670.3353,583.0782,96.5546,16.5187,622.7152,54.8958
2042-08-05,40.6415,0.0000,20.0324,12.4335,1680.6548,589.9693,96.7531,20.5431,628.4330,62.7434
2042-08-06,39.4241,0.0000,21.6055,12.3113,1690.7551,596.5278,96.8047,20.5586,633.9150,62.7722
2042-08-07,38.8241,0.1327,20.0715,9.6453,1700.7475,603.1157,96.8563,18.0989,639.3865,58.0739
2042-08-08,39.6732,0.0000,21.4150,8.1933,1710.8926,609.7305,96.9079,16.9386,644.8920,55.7537
2042-08-09,38.3654,0.0123,23.1054,11.6300,1720.8024,615.9955,96.9595,20.2809,650.1530,62.2555
2042-08-10,35.5666,0.0177,27.7216,10.7891,1730.2084,621.4668,95.9139,16.8872,654.8769,55.6493
2042-08-11,37.9676,0.0000,24.1607,6.2475,1740.0466,627.5834,95.9652,13.5265,660.0319,48.4628
2042-08-12,39.7373,0.0000,21.4318,6.6678,1750.2033,634.2073,96.2967,14.4490,665.5182,50.5106
2042-08-13,40.3018,0.0000,18.0410,8.8136,1760.4616,641.2125,97.0979,17.9260,671.2249,57.7327
2042-08-14,39.0553,0.0000,17.6530,8.7896,1770.4956,648.0390,97.1496,18.0283,676.7844,57.9347
2042-08-15,37.7016,0.0000,17.9846,7.8310,1780.2858,654.6088,97.2014,17.2971,682.1518,56.4782
2042-08-16,37.2517,0.0196,24.8840,11.0411,1789.9952,660.5561,96.6790,18.9617,687.1606,59.7545
2042-08-17,36.5642,0.0549,30.0692,9.4053,1799.5807,665.9937,95.6152,15.1240,691.8672,51.9710
2042-08-18,37.6124,0.0000,28.7088,7.7368,1809.3549,671.6913,95.6664,14.0016,696.7459,49.5251
2042-08-19,38.5306,0.0008,25.5432,7.6166,1819.2944,677.7830,95.7176,14.0142,701.8634,49.5531
2042-08-20,39.0475,0.0000,22.3256,8.5078,1829.3270,684.2209,95.9923,15.2139,707.1788,52.1632
2042-08-21,36.9276,0.0000,25.7916,10.9808,1838.9779,690.0468,96.0436,17.3532,712.0915,56.5910
2042-08-22,35.1700,0.0000,27.1125,10.0956,1848.3125,695.5044,95.8273,16.1169,716.7456,54.0654
2042-08-23,36.2402,0.0000,24.8918,7.7934,1857.8398,701.2943,95.8785,14.4517,721.6091,50.5164
2042-08-24,36.3910,0.0000,29.0123,8.6353,1867.3942,706.7887,95.6641,14.6453,726.3182,50.9386
2042-08-25,37.3166,0.0227,26.4834,8.6204,1877.1151,712.6192,95.7153,14.7366,731.2334,51.1366
2042-08-26,37.4900,0.0000,23.2718,9.3756,1886.8673,718.7320,95.7665,15.4151,736.2993,52.5915
2042-08-27,38.0676,0.0000,21.2379,7.8896,1896.7235,725.1007,96.0569,14.8769,741.5149,51.4399
2042-08-28,39.3281,0.0000,19.3704,8.9918,1906.8066,731.8302,96.6593,17.0561,746.9571,55.9920
2042-08-29,35.5454,1.4183,31.5436,12.7900,1916.2087,737.0091,92.3555,11.4181,751.4574,43.5266
2042-08-30,30.7159,0.2376,44.6120,14.7418,1924.7416,740.6472,91.7761,11.6077,754.9887,43.9866
2042-08-31,29.9821,0.0026,34.8944,11.2351,1933.1424,744.8248,91.8430,9.8202,758.7746,39.5030
2042-09-01,28.2069,0.0000,38.4493,13.3727,1939.9236,748.0364,91.8930,11.0147,761.7469,42.5362
2042-09-02,30.2819,0.0000,29.5350,7.7356,1947.0784,751.9733,92.8702,9.5150,765.1667,38.7018
2042-09-03,34.3746,0.0000,19.9488,6.8548,1954.9698,757.0292,95.5433,13.1705,769.3062,47.6553
2042-09-04,35.1162,0.0000,19.3938,5.5531,1962.9947,762.2265,95.9524,13.0387,773.5417,47.3540
2042-09-05,35.8366,0.0000,23.4712,7.3955,1971.1493,767.2590,96.0037,14.4069,777.7149,50.4185
2042-09-06,35.2003,0.0000,29.1411,10.1456,1979.1894,771.8385,95.4818,15.4164,781.6313,52.5942
2042-09-07,35.4621,0.0000,28.0016,8.9797,1987.2765,776.5251,95.5329,14.6384,785.6103,50.9234
2042-09-08,35.6024,0.0000,26.2955,10.0623,1995.3890,781.3412,95.5841,15.5672,789.6589,52.9135
2042-09-09,35.8005,0.0000,25.3576,9.5865,2003.5371,786.2450,95.6353,15.3045,793.7574,52.3565
2042-09-10,36.4977,0.0146,27.7956,10.9154,2011.8106,791.0781,95.6865,16.4788,797.8428,54.8138
2042-09-11,31.4133,3.8594,47.2146,13.2527,1660.0213,113.6307,83.1593,3.2137,194.0534,17.6550
2042-09-12,29.7188,1.0467,48.0541,6.4979,1667.0746,116.4809,86.3137,3.5114,198.3196,18.9079
2042-09-13,31.8596,0.0481,38.3899,10.7405,1674.5134,120.0962,91.0244,8.5270,203.6737,35.1047
2042-09-14,32.0495,0.0001,39.1175,18.3702,1681.9863,123.6894,91.3637,13.1442,208.9622,46.5567
2042-09-15,32.9646,0.0001,40.3901,20.0914,1689.6239,127.3045,91.4135,14.4369,214.2521,49.5137
2042-09-16,32.2380,0.0003,39.5553,17.4247,1697.1307,130.8922,91.4633,12.7112,219.4679,45.7933
2042-09-17,32.6363,0.0376,34.4367,9.1094,1704.7093,134.8301,92.3175,9.4344,225.1423,37.8865
2042-09-18,31.4958,0.0092,36.1331,9.8808,1712.0825,138.5364,92.3676,9.8779,230.4538,39.1057
2042-09-19,30.8279,0.0002,31.4698,6.5607,1719.3355,142.4319,92.6465,8.6908,235.9896,36.0289
2042-09-20,32.6133,0.0232,30.2558,14.2246,1726.9099,146.6181,93.1952,13.8096,241.8931,48.5905
2042-09-21,28.9763,0.1807,38.1185,20.2633,1733.8297,149.9316,92.6585,17.3644,246.5604,56.0977
2042-09-22,26.2295,2.1639,57.2458,15.8541,1740.2550,114.2274,81.6582,3.0417,196.2508,16.9766
2042-09-23,28.0140,0.3882,51.4650,6.7473,1747.0015,116.7431,87.2219,4.0449,200.0632,20.9763
2042-09-24,32.1323,0.0000,33.2110,6.7133,1754.4893,120.6947,92.0169,8.0140,205.9672,33.7369
2042-09-25,32.1938,0.0000,30.5667,11.5982,1761.9882,124.8104,93.0173,11.8003,212.0665,43.5367
2042-09-26,31.1430,0.0000,33.5892,12.2645,1769.2980,128.6226,93.0676,12.2895,217.6830,44.7898
2042-09-27,32.4862,0.0000,35.9090,10.6150,1776.8495,132.4550,93.1180,11.3893,223.2961,42.7603
2042-09-28,31.9609,0.0000,37.7734,9.8995,1784.3064,136.1177,93.1621,11.0539,228.6318,42.0262
2042-09-29,30.0323,0.0000,36.5419,12.3110,1791.4162,139.6350,93.0783,12.3368,233.7247,45.1502
2042-09-30,29.3365,0.0000,33.4122,11.1496,1798.4008,143.2432,93.1287,11.7178,238.9127,43.7557
2042-10-01,28.5475,0.0000,28.4525,8.2653,1804.2434,146.4573,93.1791,10.2044,243.5000,40.0812
2042-10-02,30.2662,0.0001,25.6028,5.0102,1810.3953,149.9931,93.7383,9.3629,248.5124,37.9453
2042-10-03,31.1116,0.0000,26.1550,6.0620,1816.6994,153.5972,93.8253,9.9925,253.5929,39.6244
2042-10-04,28.6805,0.0590,38.1058,10.3272,1822.5659,156.3901,92.7636,10.6814,257.5342,41.3965
2042-10-05,26.7390,0.9997,47.5861,11.4730,1828.0829,158.6010,87.5638,5.3892,260.6650,26.2585
2042-10-06,22.6176,0.3247,48.4370,14.1793,1832.8581,160.4540,88.0088,6.5829,263.2859,30.1175
2042-10-07,22.0027,0.1940,42.6960,9.3566,1837.5225,162.4600,88.8242,5.8034,266.1029,27.6546
2042-10-08,23.6046,0.0004,31.5624,7.4505,1842.4754,165.0217,90.9770,7.1757,269.6625,31.9452
2042-10-09,25.0678,0.0000,23.2680,5.9280,1847.6916,168.0641,93.0647,8.9267,273.8544,36.9315
2042-10-10,28.1241,0.0000,24.8538,10.7366,1853.4579,171.3916,93.5547,12.1795,278.4189,45.1477
2042-10-11,28.7944,0.0005,27.8461,9.6425,1859.3449,174.6599,93.6052,11.6076,282.8865,43.8051
2042-10-12,23.8464,0.0201,39.8235,9.2461,1864.3413,176.9345,91.9071,8.9646,286.0099,37.0811
2042-10-13,25.3102,0.0000,29.4131,5.6227,1869.6011,179.7592,92.1233,7.7004,289.8474,33.5567
2042-10-14,26.5613,0.0026,23.9730,7.3926,1875.0861,182.9456,93.3560,10.0097,294.1446,39.8658
2042-10-15,25.2087,0.0040,36.9137,8.7269,1880.3277,185.4604,92.4422,9.4184,297.5508,38.3304
2042-10-16,24.5333,0.0000,18.1969,8.8554,1885.4477,188.6376,94.2634,12.2224,301.7905,45.3342
2042-10-17,24.7732,0.0000,14.8354,6.2732,1890.6109,191.9764,95.2669,12.3172,306.2178,45.5687
2042-10-18,25.8429,0.0000,15.9480,7.6913,1895.9666,195.4077,95.3180,13.3221,310.7475,47.8973
2042-10-19,24.1486,0.0000,23.1590,9.4442,1901.0173,198.3474,94.9117,13.7657,314.6264,48.9038
2042-10-20,24.4785,0.0000,23.6201,6.6810,1906.1275,201.3076,94.7571,11.7250,318.5179,44.1891
2042-10-21,25.5797,0.0000,23.4890,6.8965,1911.4358,204.4006,94.8081,11.9363,322.5665,44.7017
2042-10-22,25.4195,0.0156,31.1809,6.1183,1916.7153,207.1659,93.7369,9.8985,326.1917,39.6453
2042-10-23,21.5763,0.0077,42.6723,8.0939,1921.3031,209.1356,91.3316,7.7959,328.7967,33.9058
2042-10-24,21.7640,0.0475,34.5536,7.8885,1925.9246,211.4029,91.3814,7.7704,331.7640,33.8357
2042-10-25,20.3791,0.7448,50.4492,11.2186,1930.2968,213.0155,86.8439,4.8017,333.9104,24.3812
2042-10-26,19.5251,0.0007,32.1420,6.7431,1934.5153,215.1362,89.7566,5.8157,336.6702,27.8396
2042-10-27,20.9511,0.0572,35.6671,6.3843,1938.9905,217.2857,90.0839,5.9857,339.4682,28.3954
2042-10-28,22.7738,0.0031,43.8012,5.2552,1943.7938,219.3186,90.1333,5.6947,342.1305,27.4459
2042-10-29,24.1596,0.0000,32.7936,5.2723,1948.8466,221.8908,91.0663,6.5122,345.4511,30.0727
2042-10-30,24.2021,0.0019,36.3918,8.1676,1953.9069,224.3294,91.1161,7.5886,348.6010,33.3226
2042-10-31,19.3419,0.1218,42.3884,10.2672,1958.0925,226.1138,90.4245,7.6428,350.9200,33.4824
2042-11-01,20.9275,0.0000,29.6192,5.9377,1961.5634,228.1692,91.1827,6.8467,353.5314,31.1109
2042-11-02,20.7168,1.0832,41.2335,10.8846,1964.9964,229.8690,86.4402,4.4590,355.7092,23.1578
2042-11-03,15.1100,5.1985,72.7288,13.5804,1523.0041,91.7559,56.7678,0.6439,159.4900,4.1242
2042-11-04,14.6781,1.3250,60.7011,10.2994,1525.3502,92.5780,68.3209,0.9965,160.7630,6.4234
2042-11-05,16.1406,0.0000,46.5477,5.3363,1527.9595,93.7998,80.6327,1.5923,162.6390,9.7697
2042-11-06,17.9221,0.0003,43.4079,2.9842,1530.8894,95.2270,85.7049,2.7006,164.8226,14.9732
2042-11-07,19.7094,0.0037,44.3520,4.3543,1534.1411,96.7623,87.6031,3.7860,167.1656,19.3384
2042-11-08,17.6241,0.0167,55.8791,11.0959,1537.0175,97.8576,87.5660,5.2894,168.8410,24.6054
2042-11-09,17.7059,8.1545,78.1897,17.5113,1213.3909,53.8782,52.3746,0.5202,96.9898,2.2322
2042-11-10,17.0825,7.2591,80.9535,10.7139,1057.7302,31.4522,40.1158,0.0609,58.5517,0.1148
2042-11-11,16.1511,8.8472,84.0839,5.2715,919.8986,16.2805,27.8326,0.0024,31.1814,0.0029
2042-11-12,21.2764,0.4037,61.2451,7.0241,923.4323,17.4302,61.9796,0.6537,33.2896,0.8282
2042-11-13,17.3067,11.9543,79.7324,10.0504,783.6435,8.6567,38.8743,0.0463,16.8482,0.0377
2042-11-14,15.9040,1.7384,73.1817,10.2645,786.2102,8.2152,54.4424,0.4446,16.0122,0.3513
2042-11-15,18.5579,0.0880,60.2053,5.5123,789.2546,9.2524,73.0411,0.9206,17.9779,0.7808
2042-11-16,17.5902,0.0000,49.5353,10.1248,792.1248,10.5029,83.0236,2.6976,20.3318,4.4168
2042-11-17,17.1527,0.0001,54.5923,12.2538,794.9163,11.6017,85.2804,4.0615,22.3866,7.0130
2042-11-18,18.9319,0.0002,52.3555,8.8337,798.0280,12.8671,86.4067,4.0022,24.7370,7.3398
2042-11-19,18.6919,0.3138,58.1086,5.1169,801.0966,13.9663,86.4549,3.3413,26.7660,6.5204
2042-11-20,19.4670,0.1350,56.1564,4.8621,804.3046,15.1618,86.5031,3.3212,28.9589,6.8075
2042-11-21,17.9276,0.4431,61.0744,5.5953,807.2356,16.1438,86.5513,3.4698,30.7502,7.3513
2042-11-22,14.7860,0.0010,52.5696,12.4559,809.6011,17.1428,86.5995,4.9364,32.5618,10.3140
2042-11-23,13.5806,0.0002,45.3914,6.8557,811.7496,18.2056,86.9789,3.9287,34.4781,8.7868
2042-11-24,13.8049,0.0930,48.9849,5.6230,813.9385,19.2137,87.0273,3.7176,36.2861,8.6349
2042-11-25,15.2160,0.0821,59.3694,6.0513,816.3813,20.0926,86.7164,3.6345,37.8560,8.6848
2042-11-26,15.8822,0.0087,63.3752,3.1606,818.9441,20.9173,86.2347,2.9350,39.3235,7.3581
2042-11-27,16.1791,0.0008,51.4656,5.5633,821.5604,22.0291,86.4390,3.4096,41.2903,8.6587
2042-11-28,16.6725,0.0000,50.2886,6.0762,824.2654,23.2004,86.6998,3.6306,43.3505,9.4089
2042-11-29,16.0298,0.0008,51.0665,9.5766,826.8548,24.3118,86.7481,4.3606,45.2941,11.2412
2042-11-30,13.8249,0.0005,47.2457,11.4772,829.0473,25.3556,86.8432,4.8642,47.1093,12.5512
2042-12-01,12.0219,0.0010,43.4633,8.3410,830.9152,26.1987,87.1189,4.3193,48.5689,11.6111
2042-12-02,13.7758,0.0001,44.0957,6.6213,833.0989,27.1437,87.3286,4.0809,50.1986,11.3022
2042-12-03,15.1757,0.0000,48.4387,5.5464,835.5345,28.0974,87.3770,3.8926,51.8369,11.0805
2042-12-04,15.5944,0.0004,49.8525,4.9786,838.0455,29.0488,87.4255,3.8091,53.4645,11.0846
2042-12-05,15.2734,1.6610,74.2870,7.8444,840.4987,28.0071,72.9206,1.0303,51.7067,3.0251
2042-12-06,15.5103,0.0030,61.5261,2.7779,842.9946,28.7333,79.3323,1.2229,52.9543,3.7814
2042-12-07,16.3147,0.0000,57.2152,4.0422,845.6352,29.5800,83.1451,2.0167,54.4026,6.4339
2042-12-08,17.5358,0.0000,54.3264,5.7530,848.4956,30.5473,85.2323,2.9075,56.0498,9.0996
2042-12-09,17.6875,0.0001,57.5327,5.3346,851.3834,31.4540,85.5753,2.9857,57.5889,9.4637
2042-12-10,17.5473,0.0000,57.6437,5.0151,854.2459,32.3515,85.6667,2.9757,59.1069,9.5882
2042-12-11,16.6865,0.0000,56.5628,5.7777,856.9535,33.2295,85.7281,3.1189,60.5858,10.1251
2042-12-12,15.8202,0.4641,75.2401,5.1210,859.5051,33.7056,84.2987,2.4793,61.3924,8.3931
2042-12-13,13.8700,0.1939,55.9084,11.4893,861.7057,34.4557,85.0469,3.7841,62.6487,12.0956
2042-12-14,12.2721,0.0000,42.5791,8.0135,863.6187,35.3282,86.6402,3.9692,64.1010,12.7327
2042-12-15,12.6845,0.0113,45.5690,10.4561,865.6059,36.1809,86.8806,4.6448,65.5157,14.5758
2042-12-16,13.4904,0.3247,52.6218,9.6614,867.7382,36.9664,86.9290,4.4933,66.8167,14.3659
2042-12-17,15.1554,0.3320,61.4075,7.2200,870.1701,37.6793,86.4281,3.7008,67.9977,12.4636
2042-12-18,14.2780,1.8623,75.4180,5.5317,872.4442,35.0795,69.4005,0.8111,63.7507,2.7016
2042-12-19,15.1415,0.3038,69.1552,6.5045,874.8736,35.6488,77.0249,1.2107,64.7060,4.3836
2042-12-20,16.7673,0.1669,64.1753,6.5234,877.5958,36.3762,81.5836,1.8841,65.9213,6.8738
2042-12-21,16.7384,0.3827,64.7496,8.1471,880.3127,37.0907,83.3519,2.5474,67.1123,9.0881
2042-12-22,15.3426,3.2929,71.0621,8.1698,857.5751,28.7271,61.5254,0.6759,53.0146,1.6562
2042-12-23,13.8899,5.6608,84.5883,7.0654,805.9768,17.6935,37.8644,0.0324,33.5459,0.0413
2042-12-24,12.5709,0.6584,70.4193,10.8617,807.9435,18.1530,58.5847,0.6440,34.3752,0.8340
2042-12-25,10.9007,0.0080,41.9720,10.1564,809.6097,18.9444,76.2486,1.3782,35.7949,3.1504
2042-12-26,11.6747,0.5559,60.2048,11.1967,811.4151,19.5221,80.6883,2.1525,36.8290,5.2507
2042-12-27,9.7661,4.2823,88.1097,10.6736,780.0720,13.0308,44.8301,0.1372,25.0169,0.1436
2042-12-28,10.6389,0.8664,70.3183,11.2178,781.6910,13.4268,60.3819,0.7376,25.7479,0.7868
2042-12-29,12.1348,0.0515,57.2400,10.8952,783.5793,14.0699,74.9319,1.3214,26.9308,2.3098
2042-12-30,11.8753,0.0386,58.3547,10.0919,785.4208,14.6839,80.8471,2.0721,28.0565,4.1650
2042-12-31,12.0632,0.0000,45.4626,7.2736,787.2962,15.4997,84.7090,2.9214,29.5453,6.1117
2043-01-01,13.2228,0.0000,40.4810,6.4609,789.3803,16.5492,86.8894,3.8026,31.4501,8.0868
2043-01-02,13.7826,0.0000,35.6918,7.0112,791.5652,17.7275,88.3371,4.8083,33.5751,10.2676
2043-01-03,12.6820,0.0000,39.6573,6.2104,793.5519,18.7513,88.3859,4.6506,35.4108,10.2938
2043-01-04,14.9560,0.0000,43.4835,5.2934,795.9480,19.8684,88.4348,4.4718,37.4028,10.2810
2043-01-05,14.7087,0.0001,45.1447,7.4347,798.2996,20.9360,88.4836,5.0164,39.2957,11.6172
2043-01-06,15.0194,0.1014,51.4702,6.4816,800.7070,21.8991,88.0779,4.5109,40.9952,10.9141
2043-01-07,14.7521,0.0136,57.7110,6.6547,803.0664,22.7244,87.1869,4.0060,42.4460,10.0948
2043-01-08,14.9071,0.0000,50.7252,7.2924,805.4537,23.6954,87.2353,4.1655,44.1442,10.6680
2043-01-09,14.8700,0.0000,48.8842,6.7184,807.8343,24.7004,87.2838,4.0748,45.8927,10.7154
2043-01-10,15.1339,0.0011,56.1802,6.3033,810.2624,25.5761,87.1594,3.9203,47.4109,10.5784
2043-01-11,13.9335,0.0052,61.7454,6.4503,812.4744,26.2842,86.3428,3.5174,48.6349,9.8116
2043-01-12,13.0947,0.0544,56.0623,4.8199,814.5355,27.0520,86.3910,3.2621,49.9561,9.3560
2043-01-13,13.5115,0.0012,52.0659,4.7498,816.6716,27.9142,86.4392,3.2728,51.4334,9.5489
2043-01-14,13.4644,0.0356,55.0439,3.8418,818.7992,28.7203,86.4873,3.1478,52.8097,9.3881
2043-01-15,14.1013,0.7592,69.1556,3.1037,821.0414,29.2975,81.7188,1.6114,53.7960,5.1329
2043-01-16,15.3842,0.0019,59.8622,4.7061,823.5145,30.1121,83.6830,2.2367,55.1800,7.1478
2043-01-17,13.9983,0.1182,66.8302,8.3958,825.7382,30.7286,83.7303,2.7106,56.2263,8.5825
2043-01-18,12.2532,13.1231,81.8883,11.1875,700.8047,13.6998,37.1033,0.0340,26.1230,0.0366
2043-01-19,10.9208,4.5829,81.1067,6.1182,674.7012,8.7349,32.4498,0.0089,16.9221,0.0073
2043-01-20,11.0793,1.3370,83.6346,4.6298,676.3995,8.9803,40.3681,0.0470,17.3835,0.0391
2043-01-21,14.2755,0.0382,62.3489,7.2214,678.6731,9.6929,63.2243,0.7026,18.7176,0.6110
2043-01-22,14.6563,0.0000,53.6446,3.9194,681.0152,10.5921,76.1709,1.0014,20.3914,0.9189
2043-01-23,15.1587,0.0002,54.1487,5.6850,683.4478,11.5099,82.2545,1.9582,22.0898,3.2673
2043-01-24,15.3032,0.0027,57.9018,9.2136,685.9064,12.3600,84.2661,3.0338,23.6544,5.4990
2043-01-25,13.4450,0.1932,58.4807,9.4792,688.0305,13.1035,84.6835,3.2535,25.0159,6.0966
2043-01-26,13.3264,0.1542,55.0270,6.5090,690.1332,13.9022,85.1808,2.9990,26.4713,5.8427
2043-01-27,13.5064,0.0177,54.2092,8.8623,692.2684,14.7256,85.4847,3.5218,27.9642,7.0323
2043-01-28,10.2036,0.0012,41.5778,10.5597,693.8090,15.5386,86.6780,4.5368,29.4295,9.0682
2043-01-29,10.7584,0.0000,41.4953,8.7382,695.4495,16.3927,87.1547,4.4291,30.9610,9.1469
2043-01-30,12.0413,0.0000,41.6566,8.1423,697.3210,17.3366,87.4425,4.4783,32.6443,9.5190
2043-01-31,15.3454,0.0000,40.4101,7.0229,699.7871,18.5431,88.0815,4.6380,34.7820,10.1661
2043-02-01,16.6750,0.0000,41.0204,6.5363,702.4926,20.0323,88.3516,4.7044,37.3984,10.7205
2043-02-02,16.8340,0.0000,49.9143,6.8356,705.2268,21.3082,88.4004,4.8094,39.6234,11.2798
2043-02-03,16.9135,0.0000,52.4266,6.4166,707.9752,22.5255,88.1392,4.5358,41.7317,11.0756
2043-02-04,16.1677,0.0000,53.3005,9.2849,710.5894,23.6710,87.8629,5.0377,43.7025,12.3732
2043-02-05,16.6803,0.0000,50.5240,12.7119,713.2958,24.9206,87.9116,6.0291,45.8377,14.6221
2043-02-06,16.8718,0.0000,52.1951,8.9752,716.0367,26.1410,87.9602,5.0293,47.9094,13.0097
2043-02-07,15.8435,0.0015,52.6410,10.1835,718.5926,27.2809,87.8531,5.2636,49.8322,13.7814
2043-02-08,16.3284,0.0932,53.4995,12.8865,721.2357,28.4321,87.7714,5.9616,51.7628,15.4877
2043-02-09,17.5604,0.0424,54.3304,11.4767,724.1006,29.6427,87.7967,5.5728,53.7812,15.0219
2043-02-10,17.1992,0.1441,57.2528,9.2769,726.9004,30.7538,87.3951,4.7098,55.6243,13.4368
2043-02-11,18.4704,0.0089,50.4696,5.3068,729.9291,32.1308,87.4436,3.8826,57.8908,11.7931
2043-02-12,17.9383,0.3292,53.4088,5.9414,732.8620,33.3908,87.4921,4.0367,59.9526,12.4156
2043-02-13,17.4585,0.0023,49.6522,11.2181,735.7085,34.7181,87.5407,5.3029,62.1089,15.6570
2043-02-14,16.3698,0.0050,52.1353,14.0580,738.3591,35.9059,87.5892,6.1613,64.0277,17.8139
2043-02-15,17.5043,0.1225,49.9179,11.2336,741.2139,37.2294,87.6378,5.3812,66.1522,16.3909
2043-02-16,17.8948,0.0514,47.6064,8.3062,744.1389,38.6431,87.6863,4.6756,68.4055,15.0090
2043-02-17,17.7833,0.0000,44.7116,6.9528,747.0439,40.1261,87.8949,4.4997,70.7516,14.8533
2043-02-18,16.9905,0.0000,43.3099,10.0980,749.8062,41.5829,88.0424,5.3851,73.0393,17.3155
2043-02-19,17.2452,0.0000,42.4588,8.9594,752.6143,43.0824,88.2251,5.2197,75.3776,17.2130
2043-02-20,18.5736,0.0000,36.6878,5.4024,755.6616,44.8518,89.2267,5.0378,78.1127,17.0960
2043-02-21,18.9160,0.0000,37.0837,6.6573,758.7705,46.6407,89.4819,5.5668,80.8560,18.7477
2043-02-22,18.0655,0.0000,32.2185,9.6765,761.7263,48.4860,90.1753,7.1588,83.6591,22.8866
2043-02-23,18.6783,0.0038,31.9880,10.8337,764.7924,50.3968,90.4513,7.8943,86.5374,24.9506
2043-02-24,20.2441,0.0007,36.0821,5.6266,768.1403,52.3347,90.5008,6.1156,89.4359,21.1921
2043-02-25,22.4961,0.0001,30.9257,5.8288,771.8936,54.6500,91.2063,6.8321,92.8632,23.3805
2043-02-26,20.9426,0.0001,31.1921,6.0415,775.3673,56.8045,91.2561,6.9548,96.0221,24.0786
2043-02-27,21.9458,0.0000,29.1963,4.4312,779.0215,59.1223,91.5639,6.6995,99.3876,23.8593
2043-02-28,23.8598,0.2173,24.6528,5.4961,783.0203,61.7938,92.7037,8.3033,103.2225,28.1892
2043-03-01,24.7714,0.0152,21.8294,8.8254,787.1831,65.2411,93.5894,11.1150,108.0869,35.0041
2043-03-02,24.0642,0.0000,26.1540,9.1327,791.2186,68.4087,93.6400,11.3680,112.5005,36.1396
2043-03-03,23.0395,0.0019,37.4091,7.3165,795.0698,70.9842,92.2287,8.5122,116.0631,30.1979
2043-03-04,22.6342,0.0096,40.8464,6.7963,798.8479,73.3774,91.3306,7.3014,119.3483,27.5205
2043-03-05,19.7240,0.0001,33.6031,8.2067,802.1022,75.7343,91.3804,7.8949,122.5425,29.3372
2043-03-06,20.3488,0.0001,35.6947,8.4352,805.4690,78.0854,91.4302,8.0431,125.7049,30.0033
2043-03-07,21.5519,0.0158,29.6668,8.2573,809.0524,80.8011,91.4800,8.0279,129.3151,30.2827
2043-03-08,21.0549,0.0000,25.7090,13.0130,812.5462,83.6068,92.1203,11.1701,133.0008,38.0713
2043-03-09,20.8413,0.0000,33.0817,17.7008,816.0017,86.1096,92.1324,14.1705,136.2692,44.7278
2043-03-10,20.0367,0.0000,35.7159,15.0483,819.3123,88.4257,91.6635,11.6018,139.2732,39.6087
2043-03-11,18.8565,0.5619,38.2639,13.8934,822.4105,90.5258,90.0484,8.6943,141.9808,32.9688
2043-03-12,16.5816,1.6425,50.1791,13.2602,825.0991,86.4473,80.3304,2.2971,137.0081,12.4261
2043-03-13,18.8002,0.7963,48.3285,8.1579,828.1872,88.2001,83.6246,2.6413,139.3098,13.9571
2043-03-14,19.4199,0.0224,49.0965,9.9040,831.3868,89.9807,86.5036,4.2822,141.6378,20.1622
2043-03-15,20.1039,0.0180,48.6458,10.1309,834.7095,91.8368,87.3870,4.9112,144.0514,22.3674
2043-03-16,18.7187,1.9784,59.7522,6.9516,837.7828,81.8071,75.2011,1.0996,131.5102,6.4793
2043-03-17,20.7046,1.8650,55.0901,6.0944,841.2137,75.6069,74.6758,1.0233,123.4705,5.8538
2043-03-18,24.0788,0.0000,36.8777,4.5736,845.2518,78.3161,86.9656,3.4953,127.1742,16.6731
2043-03-19,26.2368,0.0027,32.8398,6.6427,849.6785,81.4457,90.8921,6.8066,131.4025,27.2221
2043-03-20,26.9064,0.0002,29.2428,5.0748,854.2256,84.8236,92.2294,7.6038,135.9083,29.7072
2043-03-21,24.6702,0.2126,32.8102,12.1261,858.3702,87.7751,92.2795,10.9247,139.8088,38.1370
2043-03-22,21.7645,0.0000,29.3787,7.0299,861.9919,90.5276,92.3296,8.5105,143.4039,32.6021
2043-03-23,25.8293,0.0241,22.9276,12.8458,866.3451,94.0655,93.5059,13.4536,147.9664,44.3401
2043-03-24,27.9728,0.0634,24.0901,8.5938,871.0842,97.8274,93.7256,11.1960,152.7642,39.7437
2043-03-25,29.3420,0.1075,22.1002,9.5728,876.0698,101.8697,94.3579,12.8388,157.8517,43.7572
2043-03-26,22.5037,0.0001,35.5342,12.1732,879.8244,104.4635,92.5451,11.3681,161.1058,40.6654
2043-03-27,20.4193,0.2503,53.1894,11.4101,883.2039,106.1806,89.3368,6.9275,163.2850,29.3999
2043-03-28,23.8182,0.0185,44.2209,4.7421,887.1952,108.5498,89.3860,4.9856,166.2478,23.5222
2043-03-29,27.9566,0.0007,31.5521,7.0133,891.9314,111.9400,91.8032,7.8937,170.4120,32.4051
2043-03-30,25.0086,0.0004,39.9159,11.7242,896.1369,114.6140,91.6185,9.7500,173.6912,37.3988
2043-03-31,22.7009,0.3793,43.8016,6.5973,899.9271,116.8941,90.7750,6.6785,176.4796,29.1582
2043-04-01,30.0299,0.3836,26.9515,10.7916,906.2865,122.4070,93.2377,11.6851,183.0164,42.4415
2043-04-02,21.8427,1.8800,54.3395,12.8934,911.1722,107.1332,81.0248,2.4345,165.5918,13.8378
2043-04-03,19.9085,0.2676,48.4872,15.3374,915.7097,109.7569,86.2383,5.4238,168.9022,25.0416
2043-04-04,18.5340,0.0441,27.2104,14.3707,919.9998,113.2216,90.4960,9.4949,173.1657,36.7340
2043-04-05,16.6098,3.7420,56.2857,15.6411,889.4310,77.0119,69.7632,1.3655,126.6160,7.7503
2043-04-06,21.6231,0.5599,56.2075,14.0957,894.2772,79.4244,82.3428,3.0245,129.9870,15.0786
2043-04-07,18.7186,2.0166,58.5762,15.7353,898.6005,72.0555,76.3151,1.8337,120.0460,9.7418
2043-04-08,15.3302,3.2466,55.0693,18.1299,876.6410,56.2572,68.8790,1.5051,96.9589,7.2513
2043-04-09,15.0803,0.1715,40.7022,9.7329,880.3094,58.5832,82.2609,2.4032,100.4538,11.0751
2043-04-10,18.6575,0.1395,31.0773,5.5574,884.6218,61.8845,88.5337,4.5965,105.3452,18.7394
2043-04-11,20.2628,0.0215,37.7564,8.2207,889.2231,65.1081,89.4121,5.9631,110.0685,23.0765
2043-04-12,25.2162,0.0000,27.5901,5.6479,894.7160,69.7278,92.0184,7.5967,116.7156,28.0169
2043-04-13,28.4917,0.0000,23.6125,7.3123,900.7985,75.2078,93.7250,10.4950,124.4415,35.6925
2043-04-14,31.1493,0.0797,23.5576,8.2479,907.3594,81.1843,94.3437,11.9862,132.6884,39.8237
2043-04-15,23.1326,3.5068,43.8651,17.6425,882.4249,62.3702,79.7291,2.6905,106.0085,12.4953
2043-04-16,18.6342,3.1434,52.8381,16.6008,863.4886,50.3370,72.7178,1.5886,87.8683,7.1369
2043-04-17,15.7903,0.1522,38.7669,12.9551,867.2849,52.8443,84.4406,3.7505,91.7176,14.9574
2043-04-18,16.9255,0.0100,25.5707,10.1424,871.2855,56.0969,89.9342,7.0801,96.6388,24.4597
2043-04-19,17.6942,0.0719,28.6779,13.8000,875.4244,59.3465,90.8224,9.6659,101.4922,31.0016
2043-04-20,15.8808,1.2489,40.7066,13.4626,879.2370,61.7875,84.2978,3.7742,105.1089,16.1663
2043-04-21,18.5961,0.2238,48.3435,13.3182,883.5383,64.2540,86.7171,5.2424,108.7385,20.9342
2043-04-22,19.4755,0.0073,35.2473,12.3669,887.9979,67.4840,89.3484,7.2818,113.4195,26.8835
2043-04-23,21.5096,0.0000,25.3712,9.1046,892.8236,71.5746,91.8502,8.8295,119.2497,31.2972
2043-04-24,22.8593,0.0000,27.2147,8.7346,897.8923,75.8024,92.1568,9.0504,125.1839,32.4281
2043-04-25,24.9720,0.0000,24.0903,8.2654,903.3412,80.6004,93.0968,10.0876,131.8010,35.5023
2043-04-26,26.9526,0.0000,22.5717,6.4055,909.1467,85.8661,93.8136,10.1504,138.9288,36.2753
2043-04-27,29.0707,0.0000,21.0140,9.2674,915.3334,91.6434,94.5459,12.9746,146.5942,43.2143
2043-04-28,30.2578,0.0240,19.3616,8.1178,921.7338,97.7737,95.1373,13.2797,154.5597,44.4794
2043-04-29,32.2554,0.0763,20.2141,5.0168,928.4938,104.2255,95.3120,11.6330,162.7721,41.3703
2043-04-30,33.3598,0.4203,18.8781,6.2578,935.4525,111.0025,95.7724,13.1845,171.2137,45.2958
2043-05-01,29.0538,0.7824,33.6951,13.8551,943.0862,116.2661,91.5573,10.7613,177.7489,40.0483
2043-05-02,23.5617,0.4649,46.2720,19.5339,949.7313,119.7545,90.4025,12.1529,182.1039,43.4857
2043-05-03,19.0079,0.2922,38.8849,17.7960,955.5567,122.9897,90.4520,11.2130,186.0978,41.4426
2043-05-04,17.8039,1.1917,43.5147,14.8793,961.1654,125.8009,84.7958,4.3369,189.5720,21.8710
2043-05-05,16.6145,8.7402,63.0058,16.1035,853.8187,64.7762,57.5986,0.7803,108.8981,4.0951
2043-05-06,18.0240,7.9993,60.9190,13.1485,778.8238,37.5520,54.7040,0.5268,67.0248,1.4000
2043-05-07,21.1919,1.3437,48.5532,4.8641,785.0423,40.5713,72.7961,0.8821,71.8584,3.3487
2043-05-08,25.9196,0.0001,34.4080,8.0546,792.1119,45.2371,88.1792,4.9544,79.1707,17.0101
2043-05-09,28.2981,0.0000,31.0850,9.2312,799.6095,50.5708,91.8394,8.8725,87.3332,27.1782
2043-05-10,26.0417,0.0070,41.7041,11.4522,806.7010,54.7363,91.5009,9.4581,93.5959,29.3895
2043-05-11,22.6256,0.8816,52.8031,14.8402,813.1776,57.6843,86.2757,5.3176,97.9907,20.0932
2043-05-12,20.6436,0.0265,36.1578,17.0733,819.2975,61.3388,89.3967,9.2949,103.3363,30.4478
2043-05-13,22.2425,0.0008,22.4176,10.3654,825.7051,66.1065,92.5752,10.4224,110.1635,33.8231
2043-05-14,26.4814,0.0000,20.8020,8.8428,832.8758,71.8572,94.0453,11.8516,118.2163,37.8947
2043-05-15,29.8406,0.0007,23.6800,6.3772,840.6511,78.0739,94.1449,10.6123,126.7246,36.1968
2043-05-16,31.6259,0.0000,21.8964,6.6266,848.7477,84.8030,94.7864,11.7400,135.7078,39.5857
2043-05-17,33.3233,0.0000,18.3161,8.9191,857.1499,92.2056,95.8560,15.2484,145.3281,47.7639
2043-05-18,33.7019,0.0000,19.3471,12.5251,865.6203,99.5952,95.9073,18.4144,154.6940,54.6212
2043-05-19,34.4545,0.0000,18.9054,10.0227,874.2261,107.1858,95.9770,16.3869,164.0788,51.4898
2043-05-20,35.0954,0.0000,17.8194,7.3694,882.9473,115.0169,96.3066,14.9891,173.5237,49.2432
2043-05-21,36.6109,0.0040,16.2550,9.8183,891.9412,123.3311,96.8883,18.3358,183.2990,56.3445
2043-05-22,30.0382,0.0149,26.4093,17.1187,899.7521,129.3638,95.3549,21.5315,190.3188,62.5096
2043-05-23,26.5198,0.0146,34.0605,15.8552,906.9297,134.1584,93.3627,15.3470,195.8782,50.9350
2043-05-24,29.0710,0.0096,25.3350,10.8829,914.5664,140.0891,93.6365,12.4101,202.5963,44.7361
2043-05-25,28.6909,0.0000,26.3650,11.5847,922.1348,145.8642,93.6870,12.9476,209.0565,46.1167
2043-05-26,32.8963,0.0107,16.6385,5.3592,930.4601,153.3251,96.0338,13.0550,217.1805,46.5308
2043-05-27,35.4027,0.0011,15.1987,5.6232,939.2366,161.4745,96.9031,14.8714,225.8696,50.6690
2043-05-28,36.7729,0.0000,14.1529,7.2312,948.2597,170.0340,97.3762,17.1776,234.8083,55.5676
2043-05-29,37.2265,0.0000,13.1607,9.3185,957.3645,178.7961,97.6703,19.8426,243.7747,60.8434
2043-05-30,37.0730,0.0000,14.4883,10.2221,966.4417,187.3898,97.7222,20.9102,252.4207,62.9235
2043-05-31,37.8829,0.0000,13.6350,7.1923,975.6646,196.2533,97.7741,18.0734,261.1712,57.6458
2043-06-01,37.7866,0.0000,14.8616,8.4219,985.8702,204.9694,97.8260,19.3612,269.7378,60.1979
2043-06-02,37.3784,0.0015,16.9856,11.2170,996.0023,213.3788,97.8780,22.4431,277.9115,65.9055
2043-06-03,35.5929,0.3395,25.3678,12.9527,1005.8130,220.5882,96.4475,20.2394,284.9456,61.9452
2043-06-04,37.6758,0.0000,22.4016,7.2700,1015.9987,228.5098,96.4990,15.3054,292.5339,52.1896
2043-06-05,37.2164,0.0000,21.0090,9.2631,1026.1016,236.4779,96.5505,17.0400,300.0691,55.8091
2043-06-06,35.0825,0.0487,24.0651,10.1005,1035.8205,243.7112,96.4096,17.4407,306.9008,56.6363
2043-06-07,35.7994,0.0747,22.8390,8.5988,1045.6684,251.2069,96.4610,16.2821,313.8930,54.3010
2043-06-08,35.4141,0.0517,25.0705,9.2906,1055.4469,258.4098,96.2752,16.4428,320.5905,54.6475
2043-06-09,34.7270,0.0000,29.0813,10.0628,1065.1018,265.0989,95.4664,15.3201,326.8310,52.3127
2043-06-10,34.1789,0.0852,31.0427,10.7953,1074.6580,271.5034,94.9305,14.7735,332.8055,51.1507
2043-06-11,32.4784,0.5274,36.1037,12.4096,1083.9081,277.1519,93.6479,13.4239,338.1464,48.1759
2043-06-12,29.0535,0.0189,43.9634,14.4302,1092.5417,281.6003,91.8061,11.4756,342.5024,43.6205
2043-06-13,31.6592,0.0234,28.0529,14.1836,1101.6444,287.8053,93.4087,14.1981,348.1951,49.9145
2043-06-14,31.4319,0.0913,19.0678,13.4636,1110.7061,294.7368,95.3209,17.8266,354.3788,57.4915
2043-06-15,29.0126,0.0227,34.1603,15.1772,1119.3324,299.9563,93.6477,15.4323,359.2410,52.5913
2043-06-16,30.0873,0.0000,27.3160,12.4611,1128.1521,305.9241,93.6982,13.5533,364.6442,48.4930
2043-06-17,34.6105,0.0000,19.1530,5.7147,1137.7860,313.5248,95.7942,12.8665,371.2786,46.9327
2043-06-18,36.7133,0.0000,21.8444,9.3746,1147.7984,321.3052,95.8454,15.5802,378.0440,52.9170
2043-06-19,38.0289,0.0000,17.3463,9.8940,1158.0476,329.8196,96.8639,18.3459,385.2995,58.5367
2043-06-20,38.5099,0.0000,15.2927,10.1032,1168.3834,338.6528,97.4007,19.9172,392.7278,61.5544
2043-06-21,37.4130,0.0000,20.3502,14.1520,1178.5217,346.7286,97.4525,24.5936,399.5684,69.9184
2043-06-22,38.5372,0.0014,16.0101,13.0189,1188.8624,355.4931,97.5044,23.3892,406.8477,67.8458
2043-06-23,36.4893,0.2639,15.9173,9.7027,1198.8345,363.8139,97.5562,19.9266,413.7346,61.5796
2043-06-24,34.5722,3.5851,30.4645,11.2675,1146.3095,114.8789,89.3348,6.8760,183.7267,29.9575
2043-06-25,26.7504,2.9053,62.3022,12.8302,1116.8965,85.9666,77.0454,1.6677,144.1880,9.7534
2043-06-26,28.2736,0.2621,49.7134,10.9943,1125.3897,89.8552,87.0535,4.8913,149.8075,22.5752
2043-06-27,31.9899,0.0000,35.7277,10.0450,1134.5519,95.4543,91.5891,8.9217,157.7320,34.5371
2043-06-28,32.6441,0.0000,32.2093,12.8846,1143.8318,101.4766,92.7551,12.1360,166.1112,42.6994
2043-06-29,27.7565,0.0011,37.1671,16.5089,1152.2320,106.2500,92.5815,14.2166,172.6896,47.5877
2043-06-30,28.7029,0.0006,33.7137,14.4824,1160.8025,111.4508,92.6317,12.9276,179.7551,45.1334
2043-07-01,29.5187,0.0000,30.1156,12.7303,1169.8199,116.4762,92.7225,11.9870,186.5232,43.2707
2043-07-02,32.5286,0.0000,22.2174,9.8494,1179.3791,122.6194,94.7732,13.7852,194.6458,47.5770
2043-07-03,34.6265,0.0000,21.1592,7.4645,1189.3158,129.2346,95.4645,13.4365,203.2538,47.0653
2043-07-04,36.7511,0.0000,19.2470,5.6833,1199.6350,136.4132,96.2363,13.6380,212.4352,47.7334
2043-07-05,37.4814,0.8277,20.3872,6.8227,1210.0857,143.6270,95.7012,13.4346,221.5220,47.4626
2043-07-06,37.9896,0.5060,20.9763,7.2954,1220.6278,150.8817,96.0869,14.4967,230.5253,49.9409
2043-07-07,35.6946,2.5540,29.8645,6.4589,1230.7568,109.8886,90.2781,6.1775,179.6720,27.7417
2043-07-08,38.1607,0.2211,23.8739,7.1239,1241.3298,116.9079,95.2741,12.8693,189.2557,45.3730
2043-07-09,35.7966,0.8536,28.7211,11.2889,1251.4772,123.0845,93.6577,12.7041,197.5867,45.2682
2043-07-10,34.5645,2.5538,35.2651,12.6778,1261.4028,97.2440,89.4606,7.5168,163.0613,31.0563
2043-07-11,37.3713,0.0000,24.3822,14.5298,1271.8336,104.0763,95.0777,18.1956,172.8010,55.5166
2043-07-12,39.3320,0.0668,18.8438,14.3334,1282.6173,111.7826,96.7505,22.5991,183.5692,64.0352
2043-07-13,38.9347,0.3992,19.7732,12.0941,1293.3296,119.3258,96.8021,20.3278,193.9223,60.5093
2043-07-14,39.5645,0.8510,21.3727,9.2239,1304.1552,126.8350,95.9773,15.7410,204.0564,52.0023
2043-07-15,38.5039,0.1072,29.2250,7.3470,1314.7899,133.4179,95.9614,14.2898,212.8409,49.1653
2043-07-16,37.9575,0.0038,29.4717,10.9357,1325.3262,139.8874,95.8294,16.8185,221.3630,54.6119
2043-07-17,38.8274,0.0000,24.9761,9.0997,1336.0192,146.9225,95.8806,15.4394,230.4801,51.9452
2043-07-18,36.4411,0.0000,29.2444,13.4285,1346.2826,153.1609,95.6217,18.5394,238.4914,58.2948
2043-07-19,35.5225,0.0000,21.9368,10.1495,1356.3806,159.8751,95.6729,15.8256,246.9739,52.9710
2043-07-20,38.6948,0.0000,13.5347,7.3296,1367.0497,167.9562,97.7380,18.1120,256.9806,57.6836
2043-07-21,40.3646,0.0000,11.1608,8.0395,1378.0193,176.6075,98.5180,20.8039,267.5059,62.8738
2043-07-22,40.0832,0.0000,13.1464,9.3193,1388.9383,185.0081,98.5702,22.3421,277.5810,65.7242
2043-07-23,39.3890,0.0001,17.2223,9.5203,1399.7323,192.8795,98.4778,22.2977,286.9177,65.7012
2043-07-24,38.6914,0.0144,18.7141,9.9652,1410.4007,200.4759,98.1334,21.7935,295.8284,64.8421
2043-07-25,36.9955,0.0000,20.4703,11.4517,1420.7639,207.5914,97.5493,21.7426,304.1005,64.7830
2043-07-26,37.9905,0.0000,17.7071,10.0017,1431.3062,215.1464,97.6012,20.3502,312.7612,62.2614
2043-07-27,38.5459,0.0000,13.7249,9.9315,1441.9485,223.1795,97.7520,20.6878,321.8299,62.9104
2043-07-28,36.5135,0.0000,16.9129,13.5563,1452.2249,230.5192,97.8039,25.0048,330.0587,70.5418
2043-07-29,34.9526,0.0000,23.8660,13.1728,1462.2204,236.9656,96.6199,20.9450,337.2824,63.4143
2043-07-30,34.5257,0.0000,21.6507,12.2578,1472.1390,243.5211,96.6714,20.1401,344.5525,61.9332
2043-07-31,32.7596,0.0000,22.2966,11.9887,1481.7398,249.7001,96.4062,19.1728,351.3698,60.1107
2043-08-01,30.6828,0.0000,27.7074,13.9649,1490.2667,254.4436,95.1550,17.8731,356.6527,57.5859
2043-08-02,27.5894,0.0028,34.9712,16.1519,1498.2368,258.2951,93.2986,15.4394,360.9998,52.6079
2043-08-03,31.3121,0.0000,32.8386,12.8985,1506.8769,262.7891,93.3491,13.1975,366.0059,47.6882
2043-08-04,35.9992,0.0000,24.8589,5.5908,1516.3608,268.5441,94.8390,11.2237,372.2685,43.0285
2043-08-05,37.5158,0.0000,20.2486,7.5849,1526.1176,274.9020,96.1287,14.7930,379.0892,51.2360
2043-08-06,36.9263,0.0000,17.8038,9.2210,1535.7684,281.3547,96.6039,17.1264,385.9453,56.1132
2043-08-07,37.5121,0.0000,16.6322,7.3113,1545.5246,288.0002,96.9579,16.3110,392.9433,54.4503
2043-08-08,39.5202,0.0000,17.8603,5.8343,1555.6422,294.8883,97.0305,15.2888,400.1467,52.3087
2043-08-09,39.8292,0.0000,21.1287,8.7165,1565.8154,301.5527,97.0822,17.8010,407.1013,57.4719
2043-08-10,40.6959,0.0000,18.9376,9.1128,1576.1447,308.5472,97.1339,18.2858,414.3237,58.4298
2043-08-11,39.6496,0.0000,17.0193,10.1091,1586.2856,315.5281,97.2294,19.4737,421.4698,60.7247
2043-08-12,36.9324,0.0000,21.4327,12.9953,1595.9375,321.6969,97.2218,22.4997,427.8081,66.2858
2043-08-13,34.8262,0.0000,25.6450,13.6555,1605.2102,327.2117,96.1936,20.2636,433.5053,62.2156
2043-08-14,33.2517,0.0000,31.6570,12.8137,1614.1995,332.0584,94.7823,16.0260,438.5702,53.8702
2043-08-15,34.2325,0.0000,25.4940,10.8827,1623.3653,337.4931,94.8332,14.6422,444.1449,50.9266
2043-08-16,34.9424,0.0000,23.9270,11.1818,1632.6590,343.1535,94.9556,15.1161,449.9041,51.9496
2043-08-17,33.6380,0.0000,29.3382,13.1746,1641.7178,348.2210,95.0066,16.8300,455.1108,55.5286
2043-08-18,35.2234,0.0000,18.5964,7.0481,1651.0620,354.3254,96.1056,14.3534,461.2076,50.2978
2043-08-19,36.7884,0.0000,20.2042,6.9399,1660.6879,360.5669,96.1569,14.3747,467.4196,50.3451
2043-08-20,38.3649,0.0000,20.5153,5.7802,1670.5976,367.0428,96.2696,13.7665,473.8272,48.9991
2043-08-21,39.6624,0.0000,18.6725,6.4202,1680.7409,373.8867,96.8607,15.3934,480.5329,52.5431
2043-08-22,39.1998,0.0000,15.6419,9.4394,1690.8008,380.9051,97.4337,19.3465,487.3395,60.4901
2043-08-23,35.5454,0.0000,17.3022,11.6340,1700.2030,387.1614,97.4855,21.7581,493.4233,64.9650
2043-08-24,37.5297,0.0000,16.1746,8.7771,1709.9623,393.8465,97.5373,18.9710,499.8649,59.7707
2043-08-25,35.9199,0.0000,22.8787,10.1737,1719.4319,399.7405,96.8998,18.6959,505.6134,59.2392
2043-08-26,33.3812,0.0000,26.7871,13.8071,1728.4445,404.9522,95.7477,19.2227,510.7494,60.2543
2043-08-27,30.3516,0.0000,27.7528,13.2207,1736.9118,409.6433,94.9921,16.8357,515.3995,55.5434
2043-08-28,34.5986,0.0000,15.9009,7.0814,1746.1436,415.8412,96.5739,15.3142,521.3098,52.3761
2043-08-29,33.8580,0.0000,24.8601,15.9840,1755.2420,421.2640,96.0895,22.4679,526.5772,66.2377
2043-08-30,34.3222,0.0000,21.9955,15.6023,1764.4240,426.9683,96.1408,22.1934,532.0582,65.7483
2043-08-31,35.6542,0.0000,24.2176,12.4759,1773.8458,432.7185,96.1922,19.0905,537.5855,60.0015
2043-09-01,36.9700,0.0077,25.4469,12.8518,1782.2044,437.7716,96.2436,19.5911,542.4386,60.9570
2043-09-02,34.4508,0.2467,32.9307,11.0043,1790.1095,442.0166,94.7485,14.5616,546.6092,50.7558
2043-09-03,34.7308,2.9246,40.7116,9.1030,1635.8208,122.4280,87.1565,4.5124,206.2632,22.7682
2043-09-04,37.0104,3.4187,36.4873,6.6943,1492.6404,86.0288,87.7810,4.3696,150.3884,20.8523
2043-09-05,40.9086,0.1512,17.8003,7.8181,1501.7079,92.1765,96.9810,16.7847,159.8272,51.9639
2043-09-06,41.1376,0.0005,15.0816,7.2513,1510.8167,98.5623,97.8455,18.2992,169.4828,55.5065
2043-09-07,40.9473,0.0084,15.5411,8.0902,1519.8912,104.8848,97.8974,19.2209,178.9049,57.7749
2043-09-08,30.4149,0.0000,35.6414,16.0082,1527.0699,108.4958,93.9032,16.6737,184.2627,53.1713
2043-09-09,30.2141,0.0005,36.3258,10.2990,1534.2124,112.0457,93.2637,11.4401,189.4939,42.0956
2043-09-10,32.5884,0.0000,28.5334,7.4188,1541.7823,116.3321,93.5578,10.3089,195.7410,39.5418
2043-09-11,31.0494,0.0000,33.3380,11.0875,1549.0752,120.1476,93.6084,12.4898,201.2688,44.8836
2043-09-12,31.8424,0.0000,30.9504,7.2468,1556.5109,124.1973,93.6589,10.3648,207.0852,39.9540
2043-09-13,33.5703,0.0000,25.5220,6.8029,1564.2575,128.7945,94.3317,11.1260,213.6180,41.9567
2043-09-14,33.9080,0.0006,23.1043,6.6409,1572.0650,133.5872,94.9196,11.9653,220.3611,44.0810
2043-09-15,34.3802,0.0000,24.0337,8.8927,1579.9574,138.3858,94.9706,13.4970,227.0535,47.6948
2043-09-16,35.2606,0.0000,23.3362,10.4546,1588.0083,143.3486,95.1347,14.9339,233.9100,50.9286
2043-09-17,35.8345,0.0000,19.2376,9.1740,1596.1625,148.6593,96.0837,15.9291,241.1659,53.1170
2043-09-18,35.4922,0.0001,20.7378,9.3019,1604.2551,153.8230,96.1350,16.1438,248.1595,53.6427
2043-09-19,34.2631,0.1488,28.7495,6.3337,1612.1265,158.3089,95.4684,12.6990,254.2100,46.2042
2043-09-20,33.9106,0.0194,35.2373,7.9014,1619.9344,162.3456,94.2098,11.5629,259.6401,43.5705
2043-09-21,31.4986,0.5235,42.4942,13.1941,1627.3081,165.6831,92.3750,11.6851,264.1346,43.8941
2043-09-22,29.1617,1.8507,49.7711,8.4480,1634.2612,132.6309,84.4310,2.9846,220.5202,16.9852
2043-09-23,29.1981,3.3281,52.8544,7.6120,1496.2438,89.2192,77.9156,1.3728,155.2892,8.4803
2043-09-24,29.3090,3.6761,53.5087,7.9803,1377.5215,65.5345,76.3271,1.2416,117.1373,6.8219
2043-09-25,30.0358,2.4487,49.9182,5.1617,1384.6320,57.6434,79.5338,1.4066,104.4192,7.1454
2043-09-26,28.3321,3.6754,57.8247,6.0380,1292.9267,44.4846,73.0537,0.9458,81.9226,4.0469
2043-09-27,31.1908,0.2608,36.3531,8.5077,1300.2450,48.1436,89.6595,6.2685,88.1294,21.4037
2043-09-28,30.9371,0.0169,29.8315,6.4133,1307.5177,52.1458,92.6737,8.6594,94.8361,27.8545
2043-09-29,30.4701,0.1875,31.6661,5.5699,1314.7063,55.9866,92.7239,8.3579,101.1993,28.0535
2043-09-30,29.4573,0.0000,29.8561,12.6513,1321.7126,59.8027,92.7742,12.0263,107.4509,36.7709
2043-10-01,27.0392,0.0000,37.5081,17.6996,1327.2837,62.4671,92.4260,14.7688,111.7820,42.7111
2043-10-02,27.9502,0.0000,37.6897,7.4925,1333.0187,65.2098,92.4761,8.8928,116.2077,31.1174
2043-10-03,29.5351,0.0000,35.5245,4.5082,1339.0390,68.2026,92.5263,7.7055,120.9980,28.7117
2043-10-04,31.0195,0.0000,29.8087,7.2310,1345.3266,71.6187,92.9998,9.4462,126.4133,33.4881
2043-10-05,30.7670,0.0000,30.8100,10.8505,1351.5686,74.9595,93.0502,11.4164,131.6635,38.4834
2043-10-06,31.6830,0.0000,31.7857,7.4482,1357.9756,78.3479,93.1006,9.6858,136.9435,35.0113
2043-10-07,33.4463,0.0000,31.6767,5.4241,1364.6999,81.9243,93.1509,8.8085,142.4674,33.2915
2043-10-08,34.3864,0.0479,27.6789,7.5544,1371.5934,85.8129,94.0070,11.0479,148.4124,39.0970
2043-10-09,27.9073,0.0308,45.9538,11.0212,1377.3207,88.1883,91.4431,9.1793,152.0393,34.8601
2043-10-10,23.8113,0.0641,48.4042,13.0667,1382.3108,90.1358,90.1420,8.4521,155.0035,33.1729
2043-10-11,22.1923,0.0810,36.1757,6.2947,1387.0094,92.3883,90.2558,6.1072,158.3993,26.7728
2043-10-12,25.1325,0.0835,31.0215,6.0952,1392.2372,95.1301,91.5457,7.2666,162.5013,30.3316
2043-10-13,24.8252,0.0165,35.5345,8.0604,1397.4098,97.6624,91.5956,8.0800,166.2734,32.7405
2043-10-14,24.2944,0.1741,46.2842,6.7487,1402.4868,99.7292,90.6034,6.5669,169.3523,28.5844
2043-10-15,24.2621,0.4304,53.7986,7.2763,1407.5579,101.5047,89.3220,5.6129,172.0003,25.7461
2043-10-16,26.3340,0.0050,47.0729,4.4849,1413.0021,103.7048,89.3711,4.9109,175.2535,23.5430
2043-10-17,27.2681,0.0034,46.3605,7.4987,1418.6143,106.0104,89.4202,5.7568,178.6460,26.4000
2043-10-18,23.7845,1.2937,55.4349,11.0754,1423.5995,107.6907,83.5098,3.0138,181.1272,16.6251
2043-10-19,23.8511,0.0004,42.4759,4.5248,1428.5967,109.8655,88.0439,4.0674,184.2976,20.7879
2043-10-20,27.6236,0.0000,34.6947,7.2847,1434.2730,112.7077,91.0061,7.1455,188.4028,30.8719
2043-10-21,25.9550,0.0254,45.5471,11.8197,1439.6489,114.9399,90.7709,8.6839,191.6308,35.2438
2043-10-22,21.3440,0.7985,51.2073,9.1388,1444.1948,116.5992,86.3989,4.0597,194.0343,20.9380
2043-10-23,19.5695,0.1268,46.8370,7.4745,1448.4213,118.2642,87.5044,4.3685,196.4316,22.1055
2043-10-24,21.1231,0.0000,44.1964,5.2573,1452.9275,120.1432,88.3360,4.4009,199.1226,22.2649
2043-10-25,25.2981,0.0000,34.8772,6.3726,1458.1851,122.7480,90.5938,6.4347,202.8144,29.0600
2043-10-26,26.4388,0.2316,36.0653,8.6890,1463.6481,125.4158,90.9589,7.6181,206.5788,32.6299
2043-10-27,25.5749,0.0986,42.5960,9.6352,1468.9556,127.7360,91.0086,8.0469,209.8517,33.8995
2043-10-28,25.5031,0.0000,43.0158,8.6163,1474.2502,130.0329,91.0583,7.6985,213.0802,32.9695
2043-10-29,25.7597,0.0002,42.3242,7.4705,1479.5909,132.3802,91.1080,7.3182,216.3646,31.9215
2043-10-30,25.6134,0.0000,39.9326,7.6546,1484.9053,134.8115,91.1577,7.4389,219.7471,32.3197
2043-10-31,24.7020,0.0000,38.1169,8.8202,1490.0557,137.2308,91.2075,7.9450,223.0952,33.8125
2043-11-01,24.0943,0.0000,37.4281,10.2127,1494.0967,139.3209,91.2572,8.5830,225.9651,35.6208
2043-11-02,23.8523,0.0000,38.1973,9.1665,1498.0941,141.3655,91.3070,8.2001,228.7636,34.5978
2043-11-03,23.5196,0.0000,38.0037,9.5076,1502.0316,143.3891,91.3568,8.4015,231.5231,35.1881
2043-11-04,22.9353,0.0000,41.1069,9.4493,1505.8640,145.2658,91.0879,8.0625,234.0793,34.2700
2043-11-05,22.9519,0.0003,45.6337,10.4506,1509.6993,146.9994,90.3894,7.6751,236.4427,33.1910
2043-11-06,21.8200,0.2955,50.4699,9.5034,1513.3309,148.5045,89.4366,6.3837,238.4987,29.3435
2043-11-07,22.2353,0.0000,45.8270,9.3243,1517.0373,150.1805,89.4858,6.3711,240.7723,29.3222
2043-11-08,22.2799,0.0223,45.5441,10.5327,1520.7516,151.8684,89.5350,6.8190,243.0556,30.7185
2043-11-09,21.5171,2.7947,57.2287,10.5764,1524.3287,101.3459,74.8090,1.2917,173.8033,8.3160
2043-11-10,17.8908,9.2198,80.6409,9.9033,1173.8581,53.7327,43.2287,0.1019,96.4303,0.2766
2043-11-11,17.4896,2.4259,69.4810,7.3815,1176.7102,46.2739,54.4929,0.3863,84.2637,0.9504
2043-11-12,21.0245,0.2700,54.6812,10.9247,1180.1986,47.6033,77.5757,1.5780,86.4856,7.0177
2043-11-13,22.4232,0.5420,55.1011,10.4690,1183.9388,49.0035,84.4929,3.3324,88.8167,13.4020
2043-11-14,23.1898,1.6958,57.2979,5.8099,1187.8169,47.7012,78.6147,1.3319,86.6981,5.9970
2043-11-15,23.5805,0.8828,54.7751,5.0521,1191.7654,49.1810,82.4942,1.9539,89.1632,8.6604
2043-11-16,22.5472,0.0673,56.3998,3.9425,1195.5279,50.5479,85.4528,2.7364,91.4314,11.6533
2043-11-17,21.7238,1.2650,63.0803,5.3649,1199.1422,51.6651,79.6722,1.4409,93.2825,6.7928
2043-11-18,19.3266,0.1046,66.0161,7.4468,1202.3250,52.5855,82.8508,2.3057,94.8048,10.3489
2043-11-19,18.4389,0.0008,58.3550,5.6349,1205.3480,53.6643,84.7567,2.7074,96.5789,11.9271
2043-11-20,20.4284,0.0006,51.0047,5.6843,1208.7291,55.0627,86.5896,3.5044,98.8660,14.7963
2043-11-21,19.8008,0.0344,56.1378,4.6940,1211.9973,56.2781,86.6379,3.3567,100.8491,14.4676
2043-11-22,19.1224,0.0003,52.9110,7.5344,1215.1433,57.5406,86.7314,3.9249,102.8997,16.4699
2043-11-23,18.2850,0.0000,41.5762,7.7459,1218.1386,59.0422,88.1325,4.8454,105.3221,19.4735
2043-11-24,19.4410,0.0000,38.9083,8.0293,1221.3420,60.7059,89.0313,5.5917,107.9925,21.8526
2043-11-25,21.4394,0.0000,41.3632,6.4949,1224.9051,62.4581,89.1488,5.2637,110.7929,21.1800
2043-11-26,21.1842,0.0000,48.8744,8.3865,1228.4222,63.9686,89.1979,5.8310,113.2003,23.0052
2043-11-27,20.2201,0.0000,53.4153,10.1467,1231.7658,65.2854,88.5798,5.8309,115.2939,23.1925
2043-11-28,20.3577,0.0000,55.3710,8.9531,1235.1342,66.5550,88.2015,5.2005,117.3073,21.5448
2043-11-29,20.2521,0.0000,51.2621,6.5548,1238.4836,67.9347,88.2503,4.6408,119.4842,20.0093
2043-11-30,18.9779,0.0000,52.3197,8.4514,1241.6036,69.2039,88.2991,5.1421,121.4803,21.6938
2043-12-01,17.4219,0.0011,51.3973,8.4674,1244.4435,70.2269,88.2866,5.1370,123.0884,21.7973
2043-12-02,16.8256,0.0000,51.1193,7.8275,1247.1762,71.2226,88.2478,4.9464,124.6494,21.3258
2043-12-03,16.6085,0.0000,51.6783,5.8679,1249.8697,72.1951,88.1487,4.4181,126.1705,19.7546
2043-12-04,16.6593,0.0041,50.3171,7.5580,1252.5724,73.1977,88.1974,4.8446,127.7342,21.2170
2043-12-05,16.0226,0.0000,48.9573,6.1096,1255.1604,74.1909,88.2462,4.5352,129.2782,20.3286
2043-12-06,16.4587,0.0006,54.5511,4.1307,1257.8270,75.0978,87.8090,3.8555,130.6889,18.1332
2043-12-07,17.1032,0.0869,55.6589,7.2680,1260.6096,76.0151,87.5937,4.3789,132.1139,19.9854
2043-12-08,14.8947,10.3959,78.8842,11.6237,1017.7071,39.7461,44.2225,0.1307,72.4213,0.2877
2043-12-09,13.2283,0.4605,62.6280,6.8752,1019.7922,40.3546,64.5579,0.7324,73.4436,2.7075
2043-12-10,12.3331,0.0064,50.2483,6.6277,1021.7162,41.1141,77.2713,1.2410,74.7122,5.0189
2043-12-11,12.7111,0.0178,47.2175,5.3216,1023.7082,41.9426,83.0593,2.1274,76.0912,8.4233
2043-12-12,14.2454,6.4352,63.7445,11.3258,933.8540,25.5790,55.4122,0.5125,47.8793,0.8361
2043-12-13,14.0987,10.9603,78.1470,9.5143,802.1555,12.5106,36.0999,0.0251,24.0823,0.0257
2043-12-14,16.7174,0.0254,53.9786,10.8519,804.8686,13.4425,66.9682,0.9799,25.8074,1.2403
2043-12-15,16.1744,1.2867,64.4963,6.0369,807.4840,14.1394,70.8509,0.8719,27.0928,0.9618
2043-12-16,16.8831,0.0650,62.3858,5.4202,810.2269,14.9081,79.1824,1.3769,28.5050,2.5803
2043-12-17,14.6988,0.6767,77.0647,5.1023,812.5767,15.3199,78.3393,1.2542,29.2606,2.3201
2043-12-18,15.2947,0.0491,61.8177,6.9333,815.0338,16.0313,82.1968,2.0706,30.5598,4.4256
2043-12-19,15.2019,0.0019,59.0514,8.8674,817.4741,16.7899,84.0818,2.9085,31.9397,6.3967
2043-12-20,16.5730,0.0032,57.8857,7.8313,820.1612,17.6357,85.0356,3.1422,33.4720,7.0778
2043-12-21,15.1630,0.0215,58.5534,13.7313,822.5946,18.4016,85.1333,4.2873,34.8541,9.5281
2043-12-22,15.8481,0.0273,55.5898,18.3265,825.1512,19.2570,85.6120,5.7754,36.3908,12.4643
2043-12-23,15.1626,2.3794,70.2345,10.0115,827.5845,16.4194,68.4274,0.9855,31.2869,1.6861
2043-12-24,14.7331,8.1905,82.0354,7.6041,751.9204,8.8519,38.0224,0.0344,17.1976,0.0284
2043-12-25,14.2593,4.2576,85.0544,7.3935,726.0089,5.4661,33.6970,0.0130,10.7303,0.0081
2043-12-26,15.0242,0.0251,72.3298,6.5861,728.4173,5.9731,55.4731,0.4058,11.7063,0.2670
2043-12-27,16.0397,0.0233,59.7865,3.0473,731.0084,6.7564,71.1517,0.7576,13.2076,0.5341
2043-12-28,15.5321,0.1501,69.6117,6.1434,733.5082,7.3308,77.8140,1.2642,14.3041,0.9339
2043-12-29,16.2154,0.0034,61.3764,5.6028,736.1310,8.0908,82.1065,1.9151,15.7488,2.4161
2043-12-30,16.2527,0.0000,49.3738,8.6193,738.7604,9.0891,85.4429,3.4588,17.6357,5.2082
2043-12-31,17.9639,0.0000,51.7473,6.7765,741.6979,10.1344,86.3752,3.5921,19.5994,5.7681
2044-01-01,18.4719,0.0000,53.5411,8.5722,744.7269,11.2539,86.5040,4.0045,21.6884,6.7942
2044-01-02,12.9738,0.0000,49.2316,13.1027,746.7662,12.1335,86.5522,5.0659,23.3197,8.7387
2044-01-03,10.7924,0.0000,40.6496,12.1992,748.4128,13.0024,87.2400,5.3375,24.9224,9.4826
2044-01-04,9.2315,0.0000,44.3914,11.0129,749.7785,13.7097,87.2885,5.0627,26.2208,9.3267
2044-01-05,12.0206,0.0044,47.5711,8.6338,751.6462,14.5566,87.3369,4.5219,27.7688,8.7459
2044-01-06,13.2269,0.0001,52.9712,6.8063,753.7310,15.3861,87.3333,4.1219,29.2780,8.3208
2044-01-07,13.2769,0.0016,56.9174,6.0097,755.8249,16.1486,86.9022,3.7239,30.6596,7.8184
2044-01-08,13.0932,0.2384,61.7403,8.6168,757.8857,16.8171,86.1614,3.8241,31.8665,8.1909
2044-01-09,11.5167,0.0780,47.3185,4.1349,759.6627,17.6354,86.3690,3.1416,33.3361,7.0588
2044-01-10,12.2369,6.6842,68.3389,7.4914,708.9343,10.3441,49.8207,0.2341,19.9600,0.2120
2044-01-11,12.6608,2.2805,75.1847,9.1777,710.9173,8.5399,52.6497,0.3519,16.5819,0.2840
2044-01-12,11.5748,0.0053,58.0070,6.7528,712.7048,9.1952,69.5092,0.8655,17.8158,0.7300
2044-01-13,13.0003,0.1890,61.5295,5.7159,714.7488,9.8630,77.6831,1.2242,19.0682,1.3424
2044-01-14,14.6575,0.2586,73.4238,6.3544,717.0912,10.3786,80.1809,1.5964,20.0323,2.3022
2044-01-15,15.8329,0.1995,73.3549,3.9416,719.6451,10.9340,81.4275,1.6242,21.0678,2.4692
2044-01-16,14.7402,0.0271,72.9129,5.1270,722.0023,11.4622,82.0155,1.8492,22.0494,3.0418
2044-01-17,17.5105,0.0025,62.7652,5.4420,724.8582,12.3153,83.7751,2.3496,23.6271,4.2229
2044-01-18,18.5809,0.0062,55.2265,4.8480,727.9068,13.4002,85.4518,2.8637,25.6212,5.4690
2044-01-19,19.0177,0.1772,50.3066,7.1979,731.0340,14.6309,86.7081,3.8462,27.8675,7.6007
2044-01-20,17.3848,0.1536,61.4675,10.2176,733.8672,15.5078,86.6010,4.4108,29.4593,8.8567
2044-01-21,18.0404,0.0320,62.3852,4.4702,736.8185,16.3941,86.5422,3.2744,31.0605,7.0165
2044-01-22,16.0194,0.1035,63.5294,4.5575,739.4060,17.1628,86.1625,3.1172,32.4429,6.8905
2044-01-23,15.8312,0.1104,56.3344,4.3030,741.9596,18.0729,86.2106,3.0984,34.0711,7.0654
2044-01-24,15.9277,0.1161,59.7459,4.0686,744.5306,18.9168,86.2587,3.0828,35.5739,7.2252
2044-01-25,18.3257,0.0233,57.2788,5.6009,747.5332,19.9384,86.3068,3.3530,37.3841,8.0323
2044-01-26,15.4947,2.7603,68.7147,10.3854,750.0262,16.2228,67.0244,0.9589,30.7812,1.5642
2044-01-27,12.4770,0.0155,52.6127,8.5359,751.9761,17.0149,78.3920,1.4980,32.2079,3.1938
2044-01-28,14.0042,0.0060,54.7169,4.5437,754.2009,17.8569,82.7075,1.9561,33.7180,4.4718
2044-01-29,14.0866,0.1106,60.1632,4.0744,756.4405,18.6017,83.8746,2.2222,35.0487,5.2393
2044-01-30,13.9104,1.5173,71.6234,5.7854,758.6483,18.5208,72.6692,0.9194,34.9109,1.7022
2044-01-31,11.5855,7.4596,84.9584,13.9762,700.5928,10.2166,38.8600,0.0562,19.7144,0.0505
2044-02-01,13.6907,0.4949,58.6201,19.5472,702.7612,11.0860,67.4659,1.5444,21.3307,2.3247
2044-02-02,15.0806,0.0061,51.3639,16.2309,705.1797,12.2039,80.7537,2.7941,23.3955,5.0286
2044-02-03,16.2238,0.0181,54.7309,9.3561,707.8040,13.3179,84.3203,3.0780,25.4391,5.8418
2044-02-04,15.8639,3.3918,63.3099,10.4777,692.9011,10.0553,65.4024,0.9084,19.4066,0.8080
2044-02-05,10.1926,0.3666,61.5431,7.1170,694.4398,10.6722,75.0766,1.1011,20.5547,1.1123
2044-02-06,12.1328,0.0000,47.4781,9.2658,696.3277,11.6595,82.4296,2.3968,22.3820,4.1545
2044-02-07,13.6328,0.0018,53.1488,8.6203,698.4856,12.6400,84.6452,3.0995,24.1858,5.6957
2044-02-08,13.2535,0.0142,51.7978,9.0333,700.5752,13.6228,85.5423,3.5809,25.9825,6.8284
2044-02-09,15.1622,0.0023,49.1393,6.1524,703.0084,14.7977,86.3603,3.4735,28.1158,6.9668
2044-02-10,16.3756,0.0119,51.2335,5.2479,705.6600,16.0083,86.5288,3.3988,30.2982,7.1494
2044-02-11,17.2293,0.0314,50.2695,5.9868,708.4653,17.3031,86.7944,3.6631,32.6148,7.9963
2044-02-12,18.0366,0.2647,51.5653,4.5614,711.4159,18.6197,86.8427,3.4327,34.9524,7.8718
2044-02-13,19.1383,0.0000,44.1120,7.0348,714.5648,20.2264,87.9235,4.5369,37.7794,10.4648
2044-02-14,21.6387,0.0428,35.6969,9.4320,718.1638,22.3034,89.8299,6.7298,41.3931,15.0576
2044-02-15,18.1810,0.0751,54.8421,4.3361,721.1404,23.5403,88.4291,4.2577,43.5283,10.7740
2044-02-16,18.8217,0.0001,50.9725,8.9251,724.2323,24.9277,88.4779,5.4032,45.9053,13.4403
2044-02-17,17.1540,0.3022,72.1099,7.7631,727.0240,25.6509,85.5209,3.3489,47.1434,9.2379
2044-02-18,20.7910,0.0040,57.8176,3.6625,730.4704,26.9626,85.9795,2.9040,49.3694,8.4033
2044-02-19,24.8980,0.0002,41.1854,9.1523,734.6560,29.1346,89.1426,6.0126,53.0133,15.7919
2044-02-20,18.2372,0.0294,50.2583,8.4293,737.6427,30.5009,88.7566,5.4850,55.2867,15.0673
2044-02-21,21.0349,0.0001,33.6754,7.2681,741.1330,32.5863,90.1976,6.3610,58.7183,17.4094
2044-02-22,22.5845,0.0462,35.7945,5.4560,744.9022,34.7465,90.3778,5.9575,62.2354,17.1094
2044-02-23,23.2348,0.1576,34.3480,4.6763,748.7884,37.0159,90.7270,6.0210,65.8888,17.7858
2044-02-24,25.0385,0.0000,27.8107,6.5496,752.9994,39.6963,92.1812,8.1348,70.1475,22.8576
2044-02-25,24.5491,0.0376,27.5634,10.6766,757.1222,42.3354,92.3915,10.3168,74.2864,27.7703
2044-02-26,17.5043,0.0115,41.8657,7.4184,759.9770,43.8718,90.7397,6.9258,76.6775,21.3574
2044-02-27,19.3444,0.0641,32.9051,6.7341,763.1630,45.8203,90.7893,6.7385,79.6806,21.3727
2044-02-28,20.3004,0.2250,45.0116,8.2259,766.5210,47.4919,90.1111,6.5933,82.2446,21.3900
2044-02-29,18.0257,1.3371,51.7860,11.0449,769.4697,48.8018,82.1745,2.5404,84.2459,10.4375
2044-03-01,15.7510,2.4491,58.5603,13.8639,772.0088,42.4782,71.8513,1.3391,74.6832,5.4153
2044-03-02,14.2065,0.0511,51.1164,7.3720,774.2700,43.7537,80.9894,1.8359,76.6751,7.4282
2044-03-03,14.5596,3.5382,52.5900,10.6281,754.4845,33.9021,66.2925,0.9462,60.9566,3.1525
2044-03-04,13.7681,2.3388,60.2644,12.9394,756.6667,29.9374,66.1501,1.0576,54.4856,3.2704
2044-03-05,15.9463,0.0005,42.2907,5.4833,759.2410,31.6143,80.5096,1.5827,57.2672,5.2738
2044-03-06,19.1801,0.0701,34.4076,5.9986,762.3975,33.8818,87.6703,4.1528,60.9877,12.8239
2044-03-07,20.8536,0.0000,31.3657,5.5190,765.8551,36.4502,90.2658,5.8815,65.1487,17.3722
2044-03-08,24.8673,0.0000,26.9161,4.4939,770.0352,39.6852,92.2028,7.3567,70.3113,21.3047
2044-03-09,27.5117,0.0000,25.9688,7.2041,774.6913,43.2958,93.1317,9.6092,75.9763,26.7508
2044-03-10,27.4930,0.0000,26.5116,5.4761,779.3441,46.8776,93.1821,8.8702,81.4997,26.2254
2044-03-11,24.3367,0.0774,32.0266,14.1174,783.4287,49.8249,92.9948,13.3553,85.9794,35.5027
2044-03-12,11.3754,6.3342,60.3446,17.9122,733.0814,30.9521,58.6709,0.9243,55.9937,2.8343
2044-03-13,13.2171,0.0000,37.8035,11.5832,735.1645,32.4700,78.5583,1.7726,58.4824,5.9809
2044-03-14,16.6489,0.0000,30.0927,8.0643,737.8653,34.5850,87.3953,4.4308,61.9148,13.6105
2044-03-15,20.2384,0.0000,30.0514,6.3467,741.2122,37.1293,90.3412,6.1984,65.9940,18.1872
2044-03-16,20.6308,0.0254,39.6040,5.4470,744.6298,39.3665,90.3907,5.9658,69.5417,18.1881
2044-03-17,20.8729,0.0934,42.4296,5.9345,748.0909,41.5228,90.4110,6.1320,72.9261,19.0405
2044-03-18,22.7687,0.0000,36.2021,7.6421,751.8933,44.1185,90.4605,6.7304,76.9492,20.9628
2044-03-19,23.1520,0.0000,34.5451,11.4914,755.7646,46.8244,90.7137,8.4720,81.0888,25.3370
2044-03-20,23.1560,0.1009,40.7090,13.7366,759.6367,49.2759,90.7633,9.5542,84.7998,28.1671
2044-03-21,15.9523,2.1805,60.6423,14.9693,762.2121,44.3890,75.1415,1.6415,77.4952,6.7542
2044-03-22,15.3910,0.0733,34.8556,16.2300,764.6865,46.2202,85.9184,5.4238,80.3056,18.3235
2044-03-23,17.2741,0.0000,25.9383,10.6195,767.4998,48.5399,90.3064,7.6493,83.8260,24.0056
2044-03-24,19.2463,0.0000,29.9079,6.7317,770.6682,50.9708,90.8793,6.8248,87.4776,22.6511
2044-03-25,20.9513,0.0002,34.3380,7.0173,774.1434,53.4390,90.9290,6.9729,91.1481,23.4933
2044-03-26,22.7607,0.0126,35.4940,6.6040,777.9443,56.0626,90.9786,6.8776,95.0083,23.7637
2044-03-27,30.5621,0.0008,20.1182,8.1095,783.1495,60.3739,94.7014,12.5040,101.2367,36.7353
2044-03-28,24.2286,0.2182,32.5942,15.3921,787.2146,63.2842,93.2214,14.7001,105.3880,41.5373
2044-03-29,21.3126,0.0001,27.2155,11.0026,790.7549,66.0649,93.2719,11.8665,109.3005,36.7195
2044-03-30,25.8201,0.0002,21.7867,12.6462,795.1065,69.6539,93.8415,13.9554,114.2797,41.5582
2044-03-31,27.3974,0.0000,23.3814,11.3557,799.7420,73.3758,93.8921,13.1689,119.3710,40.7297
2044-04-01,26.7988,0.0071,27.2113,12.2939,805.5198,78.2989,93.9428,13.9038,125.9830,43.0315
2044-04-02,23.7675,0.0495,36.8840,12.1896,810.7520,82.1040,92.3721,11.1037,131.0338,37.7309
2044-04-03,20.1639,0.2204,46.9630,7.6856,815.3355,84.8380,90.2597,6.5542,134.6494,26.7555
2044-04-04,23.0867,0.0199,36.7762,7.7514,820.4451,88.5452,90.3091,6.6226,139.4624,27.2707
2044-04-05,23.5283,1.2792,41.6329,15.9603,825.6342,92.0302,86.6222,5.9088,143.9473,25.4635
2044-04-06,16.7907,13.3275,82.2039,12.7744,700.8846,45.8420,41.6256,0.0892,78.7992,0.2090
2044-04-07,19.5895,1.0924,60.1978,8.8806,705.3647,47.8384,66.4271,0.8706,81.8064,3.6842
2044-04-08,21.7476,0.4380,54.6238,4.9679,710.2333,50.3518,80.4490,1.5320,85.5424,6.7781
2044-04-09,25.6167,0.2365,40.8975,7.2457,715.7983,54.1799,88.2464,4.8026,91.1176,17.9508
2044-04-10,26.7955,0.0000,34.9499,5.3153,721.5755,58.5790,90.7990,6.2822,97.3919,22.5720
2044-04-11,26.8475,0.2108,30.8956,10.6380,727.3620,63.2611,91.9572,9.6844,103.9254,31.3823
2044-04-12,26.7217,0.0553,28.7944,8.1665,733.1259,68.0639,92.4561,9.1741,110.4842,31.1002
2044-04-13,26.3203,0.2956,30.9734,7.7003,738.8176,72.6524,92.5062,9.0246,116.6320,31.4737
2044-04-14,28.3247,0.0356,24.7750,5.6440,744.8700,78.0186,93.5156,9.3717,123.6572,33.0369
2044-04-15,30.0404,0.3463,25.3327,6.4923,751.2313,83.6556,93.7967,10.1710,130.8759,35.6079
2044-04-16,31.7775,0.1567,22.6293,7.2417,757.9052,89.8224,94.6336,11.8580,138.5844,40.1105
2044-04-17,29.8739,0.1089,25.5436,15.1528,764.2365,95.4134,94.6845,17.7900,145.4340,52.6152
2044-04-18,17.7302,2.2308,43.0743,21.7785,768.3820,82.1692,81.2741,3.9197,129.6714,18.2986
2044-04-19,15.9443,1.6436,45.2315,12.8925,772.2060,79.7421,78.9320,1.9594,126.7595,10.5677
2044-04-20,17.5199,0.6621,49.6215,9.5929,776.3135,82.0162,83.6755,2.8584,129.7601,14.4279
2044-04-21,18.7155,0.2197,40.3227,10.3475,780.6363,84.8830,87.6875,5.1830,133.4808,22.6382
2044-04-22,23.3482,0.0032,28.0009,9.4154,785.7930,89.1504,91.4119,8.4284,138.9034,32.0692
2044-04-23,20.9081,3.5603,46.9884,10.8872,767.5293,66.4991,74.8012,1.3115,109.3195,6.8919
2044-04-24,24.6037,0.0015,35.8548,14.5369,772.9120,70.4962,88.4145,7.1040,114.8127,26.5698
2044-04-25,27.4571,0.0000,31.5891,18.4970,778.8082,75.2324,91.7436,13.9612,121.1962,42.5347
2044-04-26,30.5974,0.0168,24.5388,20.0242,785.2698,81.0312,93.9548,20.5600,128.8283,55.4525
2044-04-27,28.0719,0.1617,22.1915,19.8706,791.2767,86.5340,94.1736,21.0292,135.9102,57.2056
2044-04-28,25.5826,0.4182,36.6267,11.0829,796.8356,90.6334,92.6789,10.9648,141.1346,38.3395
2044-04-29,25.7676,1.0447,42.1139,11.6432,802.4277,94.4039,88.0986,5.8682,145.8967,25.4479
2044-04-30,25.1676,1.3304,47.9161,7.7406,807.9119,97.7206,84.5449,2.9249,150.0640,15.4885
2044-05-01,26.5059,0.3384,40.2563,11.6309,815.0870,102.0626,89.4431,7.1126,155.4598,29.5666
2044-05-02,28.9492,0.0000,28.8736,10.4586,822.7018,107.6894,92.5387,10.4177,162.2753,38.4931
2044-05-03,30.3311,0.0000,23.8116,7.4334,830.5654,113.9938,94.0460,11.0402,169.7446,40.3589
2044-05-04,30.8628,0.0069,20.7897,7.3089,838.5248,120.6591,94.8863,12.3184,177.4743,43.6694
2044-05-05,32.0140,0.0000,18.3327,9.2460,846.6913,127.7787,95.6554,15.0854,185.5511,50.0068
2044-05-06,32.5655,0.0000,16.2673,11.2349,854.9570,135.1999,96.2393,18.0476,193.7876,56.2460
2044-05-07,32.6687,0.0000,17.9616,13.5700,863.2414,142.4932,96.2907,20.4424,201.7362,61.0106
2044-05-08,33.3797,0.0000,14.1222,14.8305,871.6537,150.2886,96.8687,23.5424,210.0405,66.7449
2044-05-09,35.3999,0.0034,13.8808,12.8799,880.4297,158.5640,97.2381,22.4177,218.6719,65.0389
2044-05-10,33.0321,0.2045,20.9813,7.9101,888.7795,165.6645,96.8040,16.4680,226.0106,53.9924
2044-05-11,33.0358,4.0277,36.0781,10.3423,861.1525,95.8329,86.2396,4.2176,149.9485,20.3091
2044-05-12,29.5799,3.6484,55.2572,8.7102,840.1414,70.5786,77.4340,1.3957,116.6569,7.5713
2044-05-13,30.8942,4.3573,48.0693,13.0973,812.0475,52.5866,80.3818,2.2909,90.5187,10.0100
2044-05-14,31.7358,0.5285,38.7051,7.5455,820.1640,57.8853,90.1034,6.3641,98.4072,22.8984
2044-05-15,33.4832,0.0000,24.2873,10.6013,828.5950,64.7786,94.3474,13.5022,108.3755,39.7960
2044-05-16,33.0061,0.0000,25.7997,5.7748,836.9401,71.4410,94.3982,10.6617,117.7535,35.3003
2044-05-17,35.7255,0.0059,24.1357,7.6133,845.7747,78.7960,95.0132,12.7284,127.8211,40.8685
2044-05-18,36.5353,0.0000,17.7704,10.5533,854.7550,86.9434,96.5041,18.0717,138.6333,52.4016
2044-05-19,37.4824,0.0033,11.1767,10.6383,863.9059,95.9656,98.0852,22.4028,150.2152,61.1615
2044-05-20,36.9257,0.0667,14.6144,9.1497,872.9565,104.5134,98.1372,20.9268,160.8754,59.6293
2044-05-21,37.6115,0.0649,13.1681,8.8308,882.1306,113.3629,98.1893,20.7350,171.5961,60.0762
2044-05-22,37.5031,0.6409,15.4914,9.0856,891.2851,121.9514,97.0945,18.1650,181.7368,55.9445
2044-05-23,29.0389,3.0821,50.2557,12.0922,876.0430,88.6662,82.0509,2.6380,141.5228,14.0248
2044-05-24,29.3544,0.0025,33.9933,9.4440,883.7308,93.9583,90.7885,7.7235,148.4568,30.8645
2044-05-25,32.1380,0.0295,25.4719,9.3565,891.9197,100.4799,93.8920,11.9068,156.7990,41.6271
2044-05-26,31.7321,0.0005,25.4582,9.7674,900.0355,106.9230,94.0732,12.4649,164.8778,43.3669
2044-05-27,32.3486,0.0001,23.6826,10.0266,908.2622,113.6434,94.5407,13.4711,173.1307,46.0165
2044-05-28,32.7287,0.0022,24.0473,10.3289,916.5574,120.4077,94.5916,13.7740,181.2790,47.0509
2044-05-29,33.5291,0.0369,22.6797,9.3011,924.9966,127.4567,94.9681,13.7728,189.6002,47.3771
2044-05-30,33.4903,0.2290,22.7558,10.9389,933.4289,134.4909,95.0190,15.0625,197.7507,50.4036
2044-05-31,31.9291,0.0190,26.9690,13.2465,941.5801,140.8413,95.0701,17.0385,205.0167,54.6519
2044-06-01,29.9791,0.0000,32.7611,16.8261,950.3804,146.3428,93.9596,17.5118,211.3317,55.7597
2044-06-02,24.4307,0.4689,45.1818,16.8315,958.1819,150.0274,91.0785,11.6800,215.6437,43.3226
2044-06-03,25.8340,0.0309,35.6233,13.4031,966.2360,154.5922,91.1282,9.8966,220.8483,39.0210
2044-06-04,27.0872,0.0000,28.4404,11.8531,974.5157,159.9024,92.4956,11.1086,226.7782,42.1333
2044-06-05,29.8854,0.0000,21.6324,9.9594,983.2991,166.2952,94.4304,13.2229,233.7578,47.1789
2044-06-06,33.3882,0.1101,16.8843,5.9021,992.7130,173.8418,96.1266,13.5866,241.8172,48.0942
2044-06-07,34.4160,0.0368,18.0271,6.8887,1002.3118,181.5063,96.1780,14.3785,249.8850,49.9239
2044-06-08,36.4168,0.0001,15.1817,6.9237,1012.2709,189.8837,97.0720,16.2412,258.5290,53.9442
2044-06-09,38.4311,0.0000,13.6465,11.6621,1022.5925,198.8707,97.7359,22.5249,267.6244,65.9736
2044-06-10,38.6847,0.0000,16.7240,13.9919,1032.9597,207.5930,97.7878,25.5053,276.3443,71.1559
2044-06-11,39.1814,0.0000,16.1842,9.5368,1043.4164,216.4815,97.8398,20.5173,285.0908,62.4618
2044-06-12,39.3039,0.0669,15.9797,9.0377,1053.8951,225.4187,97.8917,20.1456,293.7573,61.8128
2044-06-13,40.4511,0.0013,15.2700,8.0714,1064.5803,234.6873,97.9437,19.3204,302.6024,60.2906
2044-06-14,41.3732,0.0156,13.8075,7.2691,1075.4314,244.3251,98.1581,19.0872,311.6451,59.8732
2044-06-15,42.5361,0.1673,12.0535,9.3001,1086.4919,254.4283,98.6644,22.5977,320.9570,66.3610
2044-06-16,38.0865,0.0001,11.6479,15.7902,1096.7515,263.5431,98.7167,31.5546,329.2775,80.9756
2044-06-17,33.6027,0.0000,12.5444,11.7216,1106.2040,271.5331,98.5498,25.1497,336.5432,70.7989
2044-06-18,34.9501,0.0000,15.0231,9.5586,1115.8990,279.5981,98.2837,21.7785,343.8252,64.9410
2044-06-19,33.4852,0.0023,19.0221,16.1435,1125.3303,286.9712,97.3556,26.8415,350.4935,73.6249
2044-06-20,31.7012,0.0248,20.8069,13.2279,1134.4405,293.8099,96.6623,21.1232,356.6785,63.7666
2044-06-21,31.6699,0.3598,31.3597,11.3851,1143.5451,299.7316,94.7190,14.7837,362.1547,51.2050
2044-06-22,30.3957,0.4519,38.1462,15.8606,1152.4204,304.8604,93.0647,14.7250,367.0036,51.0815
2044-06-23,27.1847,0.0007,33.2709,18.4834,1160.7176,309.8293,93.1151,16.9244,371.6489,55.6959
2044-06-24,26.2326,0.0296,29.9943,16.1279,1168.8435,314.8667,93.1655,15.1365,376.3067,51.9733
2044-06-25,28.7327,0.0002,27.6904,12.2659,1177.4194,320.5459,93.2159,12.5479,381.4635,46.1993
2044-06-26,32.0750,0.0001,18.6393,9.1076,1186.5969,327.6518,95.4764,14.6201,387.6806,50.8653
2044-06-27,33.9015,0.0001,22.0903,9.4643,1196.1031,334.8309,95.5276,14.9893,393.9565,51.6658
2044-06-28,35.1159,0.0239,24.2704,11.0902,1205.8280,342.0513,95.5788,16.3828,400.2560,54.6014
2044-06-29,33.0615,0.0181,29.8734,15.4620,1215.1831,348.3582,94.9654,18.7797,405.8514,59.3889
2044-06-30,30.7058,0.0915,33.0510,15.9627,1224.1141,353.9641,94.0004,16.8612,410.8937,55.5847
2044-07-01,33.6820,0.0000,18.5514,7.6180,1233.8809,360.6174,95.8044,14.1813,416.7405,49.9133
2044-07-02,36.8664,0.0000,17.4955,8.4952,1244.2208,367.9741,96.6435,16.5993,423.1127,55.0526
2044-07-03,36.6599,0.0000,23.9597,9.7618,1254.5236,374.7174,96.6675,17.7504,429.0496,57.3767
2044-07-04,38.4863,0.0000,20.8514,8.0132,1265.1552,382.0759,96.7190,16.3662,435.4146,54.5753
2044-07-05,39.6549,0.0000,15.1814,8.2758,1275.9970,390.1944,97.5913,18.6308,442.2746,59.1083
2044-07-06,38.3695,0.0000,16.4883,7.8953,1286.6076,397.9356,97.6432,18.4032,448.8266,58.6656
2044-07-07,39.0421,0.0000,15.8088,5.7861,1297.3391,405.8728,97.6951,16.6618,455.4930,55.1851
2044-07-08,40.9914,0.0000,14.7651,6.2535,1308.4216,414.2987,97.9060,17.5418,462.4901,56.9652
2044-07-09,39.4834,0.0217,21.0217,12.8858,1319.2326,421.8263,97.7598,24.0333,468.8578,68.9737
2044-07-10,34.0714,0.0000,28.2008,17.1085,1329.0694,427.7571,95.6682,22.4582,474.0695,66.2182
2044-07-11,32.2665,0.0000,25.5448,14.7459,1338.5814,433.5916,95.6052,19.7674,479.1605,61.2888
2044-07-12,32.6302,0.0000,24.3468,12.9106,1348.1588,439.5846,95.6564,18.1472,484.3488,58.1667
2044-07-13,35.1172,0.0000,18.8082,9.0317,1358.1839,446.4907,96.0864,15.8211,490.1502,53.4461
2044-07-14,36.8635,0.0000,15.5967,8.6201,1368.5234,454.0160,97.0535,17.6471,496.3578,57.1773
2044-07-15,35.7142,0.0000,23.8886,12.5976,1378.6559,460.5967,96.6046,20.3050,501.9504,62.2989
2044-07-16,36.5653,0.0000,23.5951,11.0256,1388.9417,467.3554,96.6561,18.8889,507.6618,59.6126
2044-07-17,37.4060,0.0095,24.0988,10.8910,1399.3788,474.2194,96.7077,18.8914,513.4478,59.6177
2044-07-18,39.5696,0.0000,16.0139,9.3762,1410.2053,482.2413,97.4099,19.2242,519.9610,60.2575
2044-07-19,38.8590,0.0352,14.5832,10.8619,1420.9039,490.2574,97.6168,21.2957,526.4282,64.1270
2044-07-20,39.0359,0.0418,18.0937,9.8605,1431.6344,497.9780,97.6686,20.3875,532.7116,62.4536
2044-07-21,40.0702,0.0219,16.4546,8.4068,1442.5510,506.0560,97.7205,19.0782,539.2134,59.9779
2044-07-22,41.7152,0.0000,13.7918,8.1748,1453.7637,514.7246,98.2065,20.1063,546.0810,61.9285
2044-07-23,42.3093,0.0000,16.9254,9.3621,1465.0834,523.1940,98.2586,21.4927,552.8337,64.4859
2044-07-24,37.2939,0.0000,28.4719,14.2942,1475.5003,529.6437,96.1391,20.7726,558.2846,63.1678
2044-07-25,36.3799,0.0000,29.3324,12.1774,1485.7527,535.8641,95.6310,17.4288,563.5718,56.7425
2044-07-26,36.9324,0.0000,25.9473,12.6953,1496.1045,542.4786,95.6823,18.0146,569.0877,57.9074
2044-07-27,36.1047,0.0023,20.8198,13.0365,1506.3073,549.3972,95.8251,18.6859,574.7350,59.2209
2044-07-28,38.4248,0.0000,15.1953,7.1505,1516.9278,557.2693,97.3624,17.0764,580.9677,56.0328
2044-07-29,41.2414,0.0000,12.7661,6.5889,1528.0552,565.9440,98.3225,18.8474,587.7122,59.5336
2044-07-30,41.8528,0.0000,11.0601,7.8349,1539.2927,574.9160,98.7538,21.2363,594.6174,64.0192
2044-07-31,41.7452,0.0000,11.9191,8.4481,1550.5109,583.7791,98.8061,22.0528,601.4407,65.4971
2044-08-01,40.1979,0.0000,15.7959,10.3895,1560.7505,590.9581,98.8407,24.4296,607.1718,69.6569
2044-08-02,39.2159,0.0000,15.7543,10.0033,1570.8134,597.9699,98.7322,23.6213,612.7719,68.2649
2044-08-03,40.2405,0.0000,13.0748,6.2126,1581.0607,605.3886,98.7844,19.6478,618.6112,61.0651
2044-08-04,39.8021,0.0000,16.7400,9.0408,1591.2290,612.4192,98.6484,22.2576,624.2234,65.8638
2044-08-05,38.8059,0.0000,18.6817,10.4240,1601.2181,619.1185,98.1828,22.4491,629.6216,66.2052
2044-08-06,37.2683,0.0016,18.3737,11.4204,1610.9304,625.5841,97.9419,22.8666,634.8392,66.9446
2044-08-07,37.8568,0.0000,21.4030,8.7472,1620.7486,631.9053,97.4883,18.8196,639.9974,59.4800
2044-08-08,39.4554,0.0000,19.2387,10.0992,1630.8546,638.6670,97.5402,20.2855,645.4320,62.2642
2044-08-09,39.5070,0.0000,17.7062,10.2505,1640.9699,645.5658,97.5920,20.5819,650.9319,62.8154
2044-08-10,34.6101,0.0000,33.0539,13.4180,1650.2037,650.5012,94.8784,16.7409,655.2563,55.3510
2044-08-11,33.1428,0.0000,35.3581,13.9557,1659.1734,655.0710,93.9536,15.1408,659.3421,52.0068
2044-08-12,34.6165,0.0000,30.2863,11.4093,1668.4084,660.2113,94.0042,13.4113,663.7681,48.2026
2044-08-13,38.3265,0.0000,21.1859,6.5312,1678.3111,666.6264,96.0274,13.8374,668.9672,49.1598
2044-08-14,40.1370,0.0000,19.4221,7.6195,1688.5398,673.4861,96.7775,16.1710,674.4496,54.1778
2044-08-15,40.6691,0.0000,18.9712,11.0874,1698.8642,680.4733,96.9811,19.7909,680.4505,61.3358
2044-08-16,42.0901,0.0001,15.6710,9.9137,1709.4445,687.9924,97.8806,21.0239,687.8877,63.6307
2044-08-17,41.8427,0.0000,15.9261,6.5487,1719.9801,695.4459,97.9326,17.8672,695.2589,57.6163
2044-08-18,39.3281,0.0000,21.2784,10.4105,1730.0632,702.0162,97.7030,21.0560,701.7636,63.6896
2044-08-19,38.4860,0.0069,22.9828,9.2723,1739.9947,708.3103,97.2648,18.7580,707.9967,59.3610
2044-08-20,39.1752,0.1327,21.6336,9.3195,1750.0502,714.8262,97.3166,18.9328,714.4462,59.6987
2044-08-21,40.2102,0.5243,21.4240,8.8806,1760.2920,721.5274,96.6543,16.9495,721.0770,55.7760
2044-08-22,42.4716,0.3558,18.1923,7.3396,1770.9409,728.8861,97.4265,17.3876,728.3510,56.6600
2044-08-23,42.5563,0.5089,15.4961,5.3288,1781.6051,736.5022,97.9850,16.9186,735.8740,55.7131
2044-08-24,44.4551,0.0140,12.8472,4.7078,1792.6110,744.6986,98.7883,18.2223,743.9634,58.3166
2044-08-25,44.9697,0.0148,10.8670,5.5577,1803.7095,753.1760,99.2172,20.1132,752.3250,61.9420
2044-08-26,43.0828,0.0000,13.1667,8.9280,1814.4684,761.0964,99.2696,23.9991,760.1396,68.9184
2044-08-27,40.0336,0.0522,20.2408,10.9434,1824.6785,767.8694,98.1762,23.0243,766.8320,67.2222
2044-08-28,39.3633,0.2823,19.5721,8.9751,1834.7679,774.5879,98.0321,20.4581,773.4692,62.5856
2044-08-29,39.2503,0.0637,19.4590,10.8535,1844.8369,781.2971,98.0069,22.4142,780.0959,66.1431
2044-08-30,38.5563,0.1370,22.0184,9.6191,1854.7811,787.6814,97.4853,19.6569,786.4050,61.0825
2044-08-31,35.7248,0.0175,27.1403,11.6107,1864.2155,793.2204,96.1053,18.0628,791.8874,58.0028
2044-09-01,32.1071,0.0000,26.4630,12.4584,1871.6988,797.5680,95.5115,17.3921,796.1910,56.6692
2044-09-02,33.3937,0.0000,21.3495,7.4153,1879.4137,802.3980,95.5627,13.5836,800.9648,48.5913
2044-09-03,36.7963,0.0000,19.2152,6.4113,1887.7410,807.8485,96.2575,14.1882,806.3468,49.9379
2044-09-04,34.4598,0.3787,38.9603,10.0088,1895.6478,811.7129,93.7161,12.0076,810.1860,44.9458
2044-09-05,33.1712,0.0004,43.3995,10.6932,1903.3226,815.1664,92.4998,10.4842,813.6240,41.2084
2044-09-06,31.7193,0.0000,34.9429,11.5762,1910.7361,818.9677,92.5500,11.0389,817.3959,42.5961
2044-09-07,33.1983,0.0008,23.0783,6.5739,1918.4158,823.6648,94.6696,11.5224,822.0388,43.7802
2044-09-08,36.9259,0.0000,18.6600,5.7356,1926.7664,829.1714,96.3418,13.8699,827.4735,49.2324
2044-09-09,35.7829,0.0333,29.2646,7.5741,1934.9113,833.8163,95.6120,13.7849,832.0704,49.0428
2044-09-10,36.2537,0.0058,24.4029,8.0642,1943.1410,838.8437,95.6632,14.2283,837.0385,50.0263
2044-09-11,34.1451,0.0000,19.9858,9.0214,1950.9911,843.8645,95.7144,15.0357,841.9950,51.7817
2044-09-12,33.3748,0.0000,20.5534,9.4091,1958.7026,848.7408,95.7657,15.4393,846.8093,52.6429
2044-09-13,32.0470,0.0373,25.9234,9.0191,1966.1750,853.1123,95.5420,14.6856,851.1319,51.0260
2044-09-14,32.9293,0.0668,24.6767,7.7329,1973.8063,857.6757,95.5932,13.8602,855.6418,49.2107
2044-09-15,32.0307,0.1244,30.5058,11.3123,1981.2758,861.7748,94.7381,14.7682,859.7001,51.2051
2044-09-16,28.1232,0.0782,40.3090,13.6906,1988.0420,864.8804,92.4453,12.1002,862.7886,45.1659
2044-09-17,29.0480,0.0545,23.4723,8.9096,1994.9747,868.9879,93.9047,11.6621,866.8480,44.1179
2044-09-18,32.2582,0.0000,17.3524,5.3366,2002.4851,873.8964,95.7978,12.6299,871.6887,46.4101
2044-09-19,32.0482,0.0128,22.4578,8.7217,2009.9578,878.4726,95.8491,15.0834,876.2074,51.8841
2044-09-20,25.2644,0.0256,30.1209,18.3069,2016.2094,881.7526,93.9472,18.8359,879.4572,59.5117
2044-09-21,25.9364,0.0000,21.4618,11.7165,2022.5819,885.5329,94.0004,13.6134,883.1921,48.6583
2044-09-22,27.8370,0.0000,16.8069,10.3762,2029.2966,889.8189,95.2722,15.1573,887.4197,52.0422
2044-09-23,30.8387,0.0000,19.4887,7.4756,2036.5516,894.3970,95.3233,13.1878,891.9360,47.6948
2044-09-24,32.7189,0.0000,22.6796,6.0546,2044.1450,899.0524,95.3745,12.3624,896.5310,45.7847
2044-09-25,33.5149,0.0000,23.1169,5.7510,2051.8816,903.7905,95.4256,12.2599,901.2072,45.5434
2044-09-26,33.7979,0.0000,22.3227,5.3873,2059.6693,908.6166,95.4767,12.1214,905.9688,45.2161
2044-09-27,34.5563,0.0000,19.7821,6.3397,2067.5934,913.7090,95.7816,13.2555,910.9886,47.8492
2044-09-28,33.4085,0.0078,19.4737,5.4061,2075.3109,918.6563,95.8329,12.7347,915.8652,46.6533
2044-09-29,34.6335,0.0000,16.6067,6.5367,2083.2489,923.9617,96.4808,14.7142,921.0897,51.0881
2044-09-30,33.1644,0.0000,26.6731,8.9200,2090.9225,928.4348,95.7107,14.9515,925.5073,51.6007
2044-10-01,33.1442,0.0000,34.2393,5.5191,2097.5925,931.8469,94.3552,10.4629,928.8878,41.1544
2044-10-02,33.8361,0.1433,30.6992,3.8004,2104.3870,935.5154,94.4060,9.6623,932.5170,39.0900
2044-10-03,34.3720,0.1550,29.3805,6.0605,2111.2779,939.3110,94.4568,10.9040,936.2700,42.2614
2044-10-04,31.7775,1.1142,40.6252,5.3167,2117.7019,942.2688,89.4465,5.1768,939.2088,25.7286
2044-10-05,27.7582,2.7782,60.2247,8.2089,2123.4024,126.5188,77.2151,1.3382,220.2323,8.9525
2044-10-06,28.7344,1.0593,51.5086,6.7382,2129.2786,128.7109,84.2486,2.6717,223.6271,15.6477
2044-10-07,27.3120,3.4965,63.2806,7.6239,1745.5498,85.1876,72.4062,0.9983,151.8486,6.3029
2044-10-08,25.9155,1.9029,68.2739,5.5549,1750.9186,77.5219,72.6265,0.9072,139.5926,5.5448
2044-10-09,27.4627,1.1163,62.1314,10.3068,1756.5659,79.1608,80.9327,2.1149,142.2905,11.8004
2044-10-10,27.6616,0.5820,53.5840,12.2263,1762.2490,81.1836,86.6318,4.9020,145.5985,22.4138
2044-10-11,30.2491,0.0004,33.0535,11.6249,1768.3978,84.3635,91.7350,9.8629,150.7480,36.4635
2044-10-12,28.8087,0.0000,36.1579,7.7546,1774.2874,87.2567,91.7849,8.1730,155.4067,32.4605
2044-10-13,27.8378,0.0221,43.4018,5.0693,1780.0022,89.7383,91.5057,6.8615,159.3879,29.0389
2044-10-14,27.9253,0.0875,43.9328,4.2509,1785.7327,92.2041,91.3849,6.4723,163.3255,28.0718
2044-10-15,28.5456,0.0373,37.6538,5.7101,1791.5749,95.0047,91.4347,7.0156,167.7681,29.8354
2044-10-16,28.2932,0.0617,32.8157,6.9996,1797.3717,97.9968,91.9056,8.0035,172.4832,32.7860
2044-10-17,27.9527,0.0000,30.4447,6.6244,1803.1072,101.0587,92.3340,8.3434,177.2777,33.8845
2044-10-18,28.4109,0.0013,29.3188,4.5354,1808.9252,104.2192,92.6572,7.8594,182.1959,32.7242
2044-10-19,25.8825,0.0538,35.3053,9.2186,1814.2880,106.8642,92.5977,9.8683,186.2956,38.1597
2044-10-20,24.1160,0.0058,33.7493,8.2404,1819.3329,109.3954,92.5800,9.3703,190.1994,37.0086
2044-10-21,21.7506,0.0162,41.5200,12.0239,1823.9520,111.4202,91.1554,9.2680,193.3173,36.8301
2044-10-22,20.7149,0.7654,50.9359,14.4845,1828.3847,113.0420,86.7205,5.5623,195.8173,26.1751
2044-10-23,19.3924,0.0000,38.9458,6.8392,1832.5793,114.9377,88.6576,4.9912,198.7170,24.3250
2044-10-24,21.3647,0.0007,36.4120,5.1300,1837.1290,117.1021,89.7693,5.3714,202.0126,25.6580
2044-10-25,20.1728,0.0219,41.6527,10.7356,1841.4641,118.9828,89.8186,7.1751,204.8721,31.3168
2044-10-26,20.4218,0.7727,54.7397,14.6107,1845.8440,120.4587,85.8218,4.9316,207.1253,24.2502
2044-10-27,18.6331,8.5870,77.7017,14.0722,1304.5055,62.2076,51.1726,0.3830,111.1628,1.5464
2044-10-28,17.9529,1.1219,59.5376,8.1293,1308.4411,63.3757,68.8936,0.9097,113.0609,4.9399
2044-10-29,17.5236,0.0530,50.3105,6.2485,1312.2993,64.7779,80.8839,1.7143,115.3242,9.0112
2044-10-30,18.0382,0.0088,44.7211,4.9537,1316.2502,66.3809,85.8277,3.0340,117.8973,14.4797
2044-10-31,17.1013,0.0038,43.3931,7.8986,1320.0324,67.9420,87.4664,4.4387,120.3925,19.4361
2044-11-01,18.2728,0.0011,38.8215,4.3239,1323.0255,69.5133,88.6564,4.3963,122.8853,19.4699
2044-11-02,19.8191,0.0115,41.8721,5.6167,1326.2970,71.1255,88.7799,4.7761,125.4343,20.8494
2044-11-03,16.5630,0.1225,47.9660,9.6998,1328.9823,72.3440,88.7417,5.8351,127.3562,24.1791
2044-11-04,16.9410,0.0699,43.4095,7.5449,1331.7357,73.6976,88.7907,5.2716,129.4816,22.6529
2044-11-05,19.3654,1.3199,62.1605,10.6995,1334.9255,74.7243,80.5120,2.0590,131.1020,11.1727
2044-11-06,18.7573,5.7428,80.1519,10.9615,1180.0372,46.8795,51.5140,0.3403,85.2883,0.8449
2044-11-07,18.8036,8.2618,88.1186,11.5940,1014.2241,25.9606,33.3106,0.0146,48.7986,0.0241
2044-11-08,18.6877,5.2567,88.3110,10.4370,946.9877,16.4757,31.2947,0.0083,31.5780,0.0101
2044-11-09,17.5169,0.0310,59.4565,6.4872,949.8448,17.4765,60.8584,0.5979,33.4158,0.7594
2044-11-10,20.0725,1.3465,53.7057,11.9337,953.1618,18.7760,75.4758,1.4361,35.7894,3.3105
2044-11-11,16.9658,2.7328,64.3900,11.7036,955.9197,15.5048,67.2566,1.0329,29.8011,1.7310
2044-11-12,16.6541,0.6055,56.0106,8.5502,958.6214,16.5402,78.6559,1.5348,31.7125,3.2475
2044-11-13,17.1468,0.5641,64.7201,6.7022,961.4118,17.3937,81.6841,1.9239,33.2820,4.3522
2044-11-14,20.8059,0.0126,53.8466,6.0122,964.8609,18.7341,85.3874,3.0098,35.7337,7.0889
2044-11-15,21.5265,2.9522,55.0386,11.5477,943.3202,15.5397,74.4038,1.3282,29.8502,2.5623
2044-11-16,16.9138,16.9705,78.1363,8.9154,741.7019,7.2596,38.9535,0.0444,14.1724,0.0326
2044-11-17,17.3165,0.0879,60.6037,4.2532,744.5229,8.2215,63.2400,0.6054,16.0012,0.4782
2044-11-18,18.5642,0.0784,65.7777,5.6632,747.5684,9.1137,75.7728,1.0660,17.6883,0.8951
2044-11-19,19.5602,0.0182,69.6963,3.8684,750.7933,9.9438,80.4390,1.4478,19.2501,1.9019
2044-11-20,19.5621,1.8545,74.1674,10.1298,754.0185,9.2752,71.4964,1.0955,17.9969,0.9297
2044-11-21,16.9358,0.3679,59.0444,9.8976,756.7709,10.2545,80.7058,2.0200,19.8370,3.1224
2044-11-22,15.9926,0.0000,52.4216,3.6951,759.3536,11.3327,84.2157,2.2818,21.8501,3.8689
2044-11-23,16.5953,0.1164,59.3158,6.2622,762.0447,12.2872,84.8994,2.8495,23.6221,5.1618
2044-11-24,15.8679,0.2321,65.7186,7.0529,764.6049,13.0583,84.9471,2.9848,25.0473,5.6136
2044-11-25,14.3090,0.0000,48.0652,9.1822,766.8845,14.1193,86.2258,3.9704,26.9961,7.6740
2044-11-26,15.5200,0.0000,43.7611,9.5536,769.3821,15.3586,87.3311,4.7325,29.2570,9.3693
2044-11-27,15.8114,0.0003,50.7584,9.9256,771.9322,16.4626,87.3796,4.8555,31.2586,9.9407
2044-11-28,15.5806,0.1194,58.9710,11.0835,774.4407,17.3700,86.8794,4.7932,32.8954,10.1226
2044-11-29,18.0905,0.0040,57.6860,9.8322,777.4010,18.4465,86.9278,4.5314,34.8271,9.9780
2044-11-30,16.8913,0.2511,67.3732,5.6119,780.1454,19.2248,85.8539,3.1478,36.2183,7.4458
2044-12-01,16.4261,0.0221,66.7799,3.8435,782.8061,19.8864,85.5997,2.7790,37.3977,6.7804
2044-12-02,20.0429,0.1072,56.1131,6.8539,786.1178,20.9409,86.1472,3.4920,39.2668,8.5753
2044-12-03,19.8981,0.2890,55.6996,6.5900,789.4035,21.9980,86.3395,3.5406,41.1306,8.9240
2044-12-04,18.8301,3.0651,59.9947,7.9195,774.8455,17.5708,69.3292,0.9127,33.2563,1.5737
2044-12-05,15.7207,5.3800,71.0479,6.0786,735.9551,11.1035,49.4848,0.2091,21.3998,0.1979
2044-12-06,16.0633,0.1718,63.8387,3.8590,738.5505,11.8088,67.2832,0.6963,22.7098,0.6844
2044-12-07,17.7258,0.0518,57.4688,8.2842,741.4451,12.7187,79.4530,1.6332,24.3913,2.8228
2044-12-08,18.7067,0.0085,58.5655,11.6904,744.5163,13.6513,83.9529,3.2959,26.1059,6.3383
2044-12-09,17.4234,0.4019,69.1829,6.8972,747.3565,14.3000,84.0003,2.6051,27.2943,5.1884
2044-12-10,18.4490,0.0565,64.5195,3.9777,750.3814,15.0882,84.4154,2.3776,28.7321,4.8959
2044-12-11,17.8962,0.0081,60.2215,5.2490,753.3067,15.9469,85.0055,2.7474,30.2907,5.8552
2044-12-12,17.9641,0.1536,58.8529,8.1495,756.2442,16.8383,85.3939,3.3550,31.9009,7.2929
2044-12-13,17.5526,0.2845,63.2473,5.0004,759.1077,17.6174,85.4418,2.8818,33.3025,6.5128
2044-12-14,14.6399,0.2524,69.3455,8.4590,761.4469,18.1657,84.9297,3.1963,34.2865,7.2969
2044-12-15,15.0251,0.0958,64.1108,5.1989,763.8554,18.8233,84.9773,2.7299,35.4620,6.4449
2044-12-16,15.6957,0.0033,64.3516,4.0543,766.3846,19.5037,85.0250,2.5938,36.6742,6.2771
2044-12-17,17.3368,0.0005,62.7698,4.1731,769.2092,20.2838,85.0728,2.6266,38.0586,6.5066
2044-12-18,17.7069,0.0000,59.9749,4.1392,772.1005,21.1392,85.2451,2.6852,39.5700,6.8107
2044-12-19,17.2731,0.0000,60.2205,4.8914,774.9136,21.9698,85.2929,2.8075,41.0313,7.2602
2044-12-20,18.6390,0.0000,54.1595,5.5807,777.9727,22.9980,86.1040,3.2552,42.8307,8.5043
2044-12-21,20.7104,0.0061,48.0020,8.0993,781.4045,24.2868,87.4428,4.4688,45.0715,11.4348
2044-12-22,19.0016,0.0111,62.1462,7.6224,784.5288,25.1515,86.8868,4.0303,46.5705,10.7101
2044-12-23,15.5827,0.0740,61.1229,7.7608,787.0377,25.8886,86.4931,3.8382,47.8428,10.4503
2044-12-24,15.8648,0.0000,49.5775,4.8076,789.5974,26.8607,86.7053,3.4084,49.5107,9.6578
2044-12-25,16.9961,0.0369,56.4362,5.8318,792.3607,27.7565,86.7536,3.6136,51.0429,10.3280
2044-12-26,15.4401,0.0376,61.2811,5.4380,794.8439,28.4843,86.4321,3.3849,52.2844,9.9211
2044-12-27,16.7696,0.0000,55.6671,9.5748,797.5664,29.3846,86.4803,4.1979,53.8126,12.0369
2044-12-28,15.9429,0.0259,56.2461,13.6413,800.1401,30.2320,86.5284,5.1878,55.2455,14.4302
2044-12-29,17.2428,0.0056,56.5372,10.9091,802.9478,31.1379,86.5767,4.5515,56.7719,13.2333
2044-12-30,17.4787,5.2866,62.5698,13.2061,762.5377,20.2336,62.6750,0.9250,37.9497,1.9041
2044-12-31,14.5192,4.0229,63.9407,12.0753,738.3488,14.3603,57.2408,0.6197,27.3888,0.6885
2045-01-01,13.5239,5.8845,78.0262,12.0770,697.7891,8.5732,43.4528,0.1180,16.6355,0.0954
2045-01-02,16.3329,4.2428,88.0119,17.3301,675.8401,5.2716,38.8610,0.0666,10.3415,0.0409
2045-01-03,16.6686,4.4699,92.6821,10.1632,653.3355,2.8205,27.9275,0.0032,5.5807,0.0014
2045-01-04,16.7517,1.0085,83.3876,8.9971,656.0548,3.1856,45.1506,0.1325,6.2947,0.0632
2045-01-05,16.7538,3.0000,78.3662,12.2673,646.5804,2.0429,50.2698,0.3145,4.0539,0.1240
2045-01-06,14.8417,4.6623,66.5305,7.2019,623.9839,1.1909,48.3032,0.1901,2.3705,0.0619
2045-01-07,11.1177,7.7807,77.2016,11.3982,579.8244,0.3429,36.4346,0.0298,0.6848,0.0073
2045-01-08,11.8643,0.0191,55.2266,8.7129,581.6639,1.0575,61.9301,0.7100,2.1055,0.2232
2045-01-09,12.4230,0.0063,59.5246,5.6402,583.6041,1.7314,74.0939,0.9713,3.4372,0.3593
2045-01-10,13.8507,0.6697,74.0657,11.3518,585.8012,2.2087,77.0322,1.5465,4.3761,0.6289
2045-01-11,16.4465,0.3059,78.7897,5.3816,588.4656,2.6669,79.2156,1.3786,5.2740,0.6070
2045-01-12,18.1294,0.0005,63.6853,6.3307,591.4329,3.5266,82.7393,2.1490,6.9495,1.3373
2045-01-13,18.6704,0.0557,62.1445,4.5190,594.4976,4.4479,84.2439,2.3875,8.7325,2.0465
2045-01-14,15.0372,2.0972,78.8954,9.9316,596.9082,3.5455,67.0507,0.9381,6.9873,0.4707
2045-01-15,13.1871,0.2844,57.2578,10.3361,598.9859,4.2973,78.1515,1.6064,8.4432,0.8862
2045-01-16,12.7923,0.0001,48.0593,4.1461,600.9925,5.1857,83.1890,2.0388,10.1523,1.7977
2045-01-17,12.4034,0.3149,52.5328,3.6732,602.9291,5.9747,84.6758,2.4257,11.6606,2.6284
2045-01-18,11.4848,1.5778,75.3581,7.2801,604.7004,5.7841,71.1077,0.9363,11.2980,0.6040
2045-01-19,13.0073,0.0013,53.5068,4.4563,606.7457,6.5916,79.4491,1.3461,12.8345,0.9335
2045-01-20,12.1063,5.7898,76.8843,7.2516,578.1025,3.6448,46.1191,0.1404,7.1766,0.0713
2045-01-21,13.1669,1.5548,67.0994,7.7308,580.1765,3.7617,58.0560,0.5295,7.4035,0.2733
2045-01-22,12.9236,0.1373,63.0354,8.3470,582.2068,4.3999,72.3693,1.0339,8.6366,0.5771
2045-01-23,12.9999,12.1396,73.2061,15.9056,516.0947,2.0847,44.3019,0.1643,4.1277,0.0652
2045-01-24,10.0381,0.1096,48.7035,10.3296,517.6056,2.7881,67.3907,0.9681,5.5021,0.4344
2045-01-25,8.5629,0.4026,61.3697,9.0708,518.8509,3.2476,75.9602,1.2807,6.3952,0.6158
2045-01-26,10.0355,10.7673,83.9074,7.9253,468.6356,1.2480,32.6941,0.0104,2.4794,0.0034
2045-01-27,10.5995,2.5149,72.4755,5.7871,470.2475,0.6637,41.2306,0.0584,1.3228,0.0163
2045-01-28,13.6686,0.2560,56.4644,10.3366,472.4119,1.4553,66.3617,0.9347,2.8883,0.3250
2045-01-29,12.3722,16.2113,76.1183,15.8010,402.9649,0.4205,39.0293,0.0638,0.8388,0.0162
2045-01-30,8.9219,3.5246,72.6490,12.0631,395.4488,0.3375,42.7286,0.1044,0.6735,0.0256
2045-01-31,10.5657,0.7669,72.9689,4.4214,397.0546,0.7257,55.6159,0.3684,1.4447,0.1047
2045-02-01,14.3793,3.2762,80.4686,12.1430,391.7221,0.4295,49.6788,0.2908,0.8566,0.0742
2045-02-02,13.2416,4.6312,71.6113,16.8239,380.5416,0.5783,49.7085,0.3696,1.1523,0.0999
2045-02-03,12.6871,0.3021,57.0187,11.1788,382.5293,1.4201,70.2449,1.1075,2.8141,0.3816
2045-02-04,12.6039,0.0001,52.0313,6.4590,384.5020,2.3539,79.5549,1.5048,4.6368,0.6268
2045-02-05,13.3233,0.0300,55.2753,4.4349,386.6042,3.2702,82.9953,2.0179,6.4050,0.9710
2045-02-06,14.6356,0.0356,52.1893,8.3117,388.9426,4.3389,85.0996,3.2477,8.4424,3.0587
2045-02-07,14.6235,0.4103,57.9276,7.7604,391.2788,5.2786,85.1651,3.1873,10.2128,3.3787
2045-02-08,14.7941,0.0116,58.0308,7.3594,393.6457,6.2262,85.2129,3.1443,11.9787,3.6860
2045-02-09,15.2613,0.0004,58.4522,8.7574,396.0968,7.1918,85.2607,3.3961,13.7590,4.3810
2045-02-10,12.7649,0.0672,68.7445,8.3322,398.0985,7.8074,84.7654,3.1053,14.8850,4.1826
2045-02-11,11.0854,8.1441,83.6387,10.8505,371.5818,3.9689,39.8208,0.0580,7.7314,0.0306
2045-02-12,14.1193,0.2950,64.4147,10.2080,373.8272,4.7383,63.5196,0.8279,9.1855,0.4773
2045-02-13,15.3533,0.9983,65.0272,10.8501,376.2948,5.5556,72.5303,1.1802,10.7158,0.7393
2045-02-14,12.3371,15.2554,83.5481,8.8646,324.5381,2.4730,31.5019,0.0081,4.8536,0.0034
2045-02-15,13.4673,0.1365,65.6069,5.4855,326.6662,3.1847,54.7800,0.3606,6.2179,0.1711
2045-02-16,12.2827,21.9515,85.3600,13.7908,259.4166,1.1797,27.1773,0.0031,2.3328,0.0010
2045-02-17,14.0030,12.3102,87.1030,11.6085,229.2953,0.2767,22.6850,0.0006,0.5517,0.0002
2045-02-18,14.8771,1.0147,73.1423,8.6360,231.6772,0.8862,46.5422,0.1601,1.7557,0.0478
2045-02-19,18.5495,0.4662,71.4202,4.8353,234.7201,1.6840,65.1144,0.6760,3.3086,0.2466
2045-02-20,21.3322,0.0386,55.0424,7.2261,238.2639,3.1165,80.3206,1.6930,6.0357,0.7924
2045-02-21,24.6099,0.0004,49.7057,6.9471,242.3977,4.9533,86.4966,3.6858,9.4252,3.8014
2045-02-22,24.3299,0.3828,52.5874,7.8694,246.4811,6.6660,87.4181,4.4017,12.4877,5.3979
2045-02-23,24.1732,3.8103,53.2330,8.8104,243.6960,5.5076,73.4814,1.1078,10.4260,0.6836
2045-02-24,18.0794,1.4364,68.7741,9.0128,246.6543,6.3583,72.9107,1.0923,11.9467,0.7271
2045-02-25,17.7417,0.2277,66.0808,5.1090,249.5518,7.2661,79.5996,1.4121,13.5462,1.0856
2045-02-26,14.9140,1.8212,72.1395,10.5716,251.9404,6.7443,70.0967,1.0690,12.6425,0.7349
2045-02-27,13.2426,0.7461,53.3075,12.8636,254.0280,7.6956,78.6356,1.9040,14.3076,2.2044
2045-02-28,13.7676,0.5098,63.7907,7.4145,256.2102,8.4603,81.7386,2.0072,15.6303,2.5624
2045-03-01,16.5747,0.2041,55.8259,4.1261,258.8976,9.7912,84.3156,2.3634,17.8909,3.4885
2045-03-02,17.8121,0.2121,55.7534,7.0681,261.8078,11.2176,85.5153,3.2311,20.2645,5.3061
2045-03-03,15.9284,9.3264,79.5321,17.3475,240.5900,6.0312,48.0645,0.3069,11.3510,0.1985
2045-03-04,15.5564,3.2078,82.2068,12.0603,238.1233,4.1334,46.7859,0.1970,7.9229,0.1052
2045-03-05,16.9946,1.6696,81.6732,9.8176,240.8863,3.9918,54.4076,0.4332,7.6661,0.2275
2045-03-06,17.6110,0.4479,71.7961,9.0539,243.7603,4.8914,70.5986,1.0066,9.3154,0.5846
2045-03-07,17.9148,0.3082,60.1401,5.1366,246.6890,6.1833,79.7116,1.4302,11.6375,0.9380
2045-03-08,19.1848,0.3285,47.0389,5.2037,249.8462,8.0146,85.3883,2.8899,14.8392,3.8565
2045-03-09,20.3804,0.4632,51.9069,8.5280,253.2187,9.7756,86.6929,4.1040,17.8303,6.1947
2045-03-10,14.1286,2.2553,63.2566,12.3585,255.4658,8.6067,71.5771,1.2292,15.8762,0.9663
2045-03-11,12.5484,14.4793,85.1796,11.6607,219.2403,4.0481,31.9406,0.0104,7.7390,0.0055
2045-03-12,11.5684,13.3107,77.0740,16.6120,189.0422,1.9084,32.3585,0.0148,3.7228,0.0057
2045-03-13,11.7281,9.4236,73.5275,14.6992,170.6859,0.8918,35.6542,0.0296,1.7605,0.0088
2045-03-14,11.5070,4.4663,69.4783,15.1232,165.1775,0.6559,44.3790,0.1599,1.2989,0.0443
2045-03-15,14.1978,0.2770,49.9447,9.1564,167.4371,1.9612,69.5816,0.9792,3.8108,0.3768
2045-03-16,13.8473,0.1507,49.6883,8.8504,169.6336,3.2431,80.4382,1.8609,6.1903,0.8813
2045-03-17,15.7187,0.0899,38.4510,10.1187,172.1670,5.0076,86.4826,4.3160,9.3364,4.4900
2045-03-18,19.5825,0.0000,35.0505,5.5402,175.3958,7.2975,89.1785,5.0379,13.2199,6.3484
2045-03-19,21.4452,0.0000,36.5197,5.4047,178.9600,9.7370,89.8875,5.5393,17.1423,7.9745
2045-03-20,23.1558,0.0001,35.1222,4.3210,182.8320,12.4195,90.4896,5.7170,21.2332,9.2064
2045-03-21,24.8537,0.0359,39.4073,10.2023,187.0097,15.1002,90.5391,7.7437,25.1279,12.9093
2045-03-22,25.0771,0.0003,41.3363,9.5734,191.2276,17.7178,90.5887,7.5555,28.7713,13.5851
2045-03-23,26.4985,0.0000,39.2981,8.8727,195.7013,20.5735,90.6382,7.3451,32.5835,14.1856
2045-03-24,28.0270,0.0018,37.3281,10.3263,200.4501,23.6852,90.9956,8.3167,36.5681,16.5621
2045-03-25,22.1485,0.0365,51.0259,12.0620,204.1409,25.6260,89.4940,7.3221,39.0097,15.5598
2045-03-26,17.0384,3.9807,62.2126,11.6648,200.2969,18.9383,65.9132,0.9832,30.6351,1.6337
2045-03-27,18.8290,0.0803,49.6141,8.3252,203.3901,20.6499,80.8715,1.9008,32.9392,4.2639
2045-03-28,17.9872,0.0360,40.6525,8.0478,206.3318,22.5809,86.6489,3.9809,35.4599,9.0355
2045-03-29,20.1986,0.0608,41.4652,8.9338,209.6716,24.7060,88.4361,5.3732,38.1684,12.0799
2045-03-30,15.3165,0.0002,44.3357,12.9942,212.1325,26.2637,88.4850,6.6395,40.1119,14.6537
2045-03-31,19.4665,0.0000,38.7556,7.2887,215.3405,28.4108,89.1352,5.4679,42.7283,13.0388
2045-04-01,23.0749,0.0001,43.4466,5.0388,220.4480,31.7252,89.1843,4.9163,46.6623,12.5903
2045-04-02,19.7946,0.2917,48.4855,15.0271,224.9650,34.3347,89.1729,8.1193,49.7044,19.0815
2045-04-03,15.1567,0.2288,43.6696,12.1841,228.6472,36.5548,89.2177,7.0810,52.2328,17.7094
2045-04-04,18.7640,0.0002,36.5351,7.0184,232.9787,39.6110,89.5405,5.7169,55.5925,15.5978
2045-04-05,17.1004,0.8132,49.1099,8.8974,237.0108,41.8565,85.5273,3.5490,58.0734,10.9838
2045-04-06,13.6926,2.3330,65.0434,13.0332,240.4295,37.2084,70.2572,1.2165,53.6571,3.7992
2045-04-07,16.1616,0.0614,47.3479,8.6079,244.2926,39.4118,81.8194,2.1522,56.1691,6.9817
2045-04-08,20.6585,0.0000,35.1063,6.3353,248.9651,42.8349,88.2715,4.6038,59.9035,13.7637
2045-04-09,25.1591,0.0000,25.8155,9.7301,254.4478,47.5575,92.2634,9.6603,64.8249,24.7664
2045-04-10,27.3290,0.0000,18.9606,10.6493,260.3210,53.1428,94.5487,13.9158,70.3712,33.0849
2045-04-11,29.9386,0.0000,17.0490,9.8492,266.6639,59.3847,95.5876,15.4081,76.2938,36.8042
2045-04-12,29.5833,0.1033,21.0959,6.4013,272.9429,65.2541,95.6388,13.0413,81.6855,34.0772
2045-04-13,24.4227,0.0665,34.9490,14.9305,278.2930,69.2791,93.0608,14.0431,85.4055,36.5738
2045-04-14,25.5181,0.0000,33.4054,7.6086,283.8403,73.5765,92.9275,9.5306,89.2894,28.8615
2045-04-15,27.8374,0.0000,27.9402,7.6604,289.8050,78.6318,92.9779,9.6232,93.7032,29.7528
2045-04-16,28.8636,0.0000,22.0478,8.8206,295.9544,84.2943,94.2161,12.1216,98.4715,35.5392
2045-04-17,29.8807,0.0000,19.5170,6.4484,302.2870,90.3392,95.0095,11.9966,103.4143,36.0955
2045-04-18,30.3864,0.0000,20.8232,6.9002,308.7105,96.3830,95.0605,12.3589,108.2633,37.5549
2045-04-19,27.4122,0.0218,29.8793,9.6426,314.5987,101.2299,94.1675,12.5496,112.2011,38.5094
2045-04-20,29.2391,0.1593,24.1836,10.2241,320.8158,106.8064,94.2183,13.0138,116.5816,40.0462
2045-04-21,26.1716,0.2164,28.4122,12.3405,326.4807,111.5394,94.0278,14.1017,120.3162,42.6905
2045-04-22,24.3703,0.1718,27.4335,9.7542,331.8213,116.0202,93.9086,12.1758,123.8132,39.2556
2045-04-23,25.5339,0.0000,29.9749,8.5579,337.3714,120.5417,93.6476,11.0553,127.3389,37.2450
2045-04-24,21.2929,3.3772,58.7995,10.3467,335.2046,83.5019,72.5481,1.1514,102.9129,5.8677
2045-04-25,21.9265,2.7967,55.4378,8.1920,340.1054,67.9601,71.3427,0.9883,90.6405,4.5969
2045-04-26,23.4528,1.5616,51.2211,6.0144,345.2809,68.4007,77.9107,1.2661,91.4904,5.9334
2045-04-27,24.3205,0.8804,46.5154,5.8100,350.6126,71.6968,84.3189,2.5739,94.8857,11.3331
2045-04-28,25.4946,2.5548,47.8719,5.8524,356.1556,62.2246,78.2046,1.2874,86.6167,5.7997
2045-04-29,24.6878,1.0050,50.4718,9.6783,361.5534,65.3209,83.8230,2.9272,89.9943,12.1880
2045-04-30,19.9978,10.5974,66.9147,11.5707,331.1045,34.5267,55.3939,0.5180,54.7741,0.9304
2045-05-01,23.9214,0.0043,43.1720,6.2142,337.8143,38.2701,80.7997,1.6953,59.6470,5.8086
2045-05-02,25.5886,0.0000,38.8478,7.4665,344.8243,42.5668,88.6778,5.1664,65.0563,15.7486
2045-05-03,28.1834,0.0000,27.2875,8.8296,352.3013,48.1724,92.5863,9.6612,71.8005,26.0899
2045-05-04,30.7669,0.0000,21.8084,9.1562,360.2433,54.7323,94.5433,12.8976,79.3320,33.3583
2045-05-05,32.3251,0.0007,20.4594,6.7310,368.4658,61.7316,95.2246,12.5321,87.0168,34.2426
2045-05-06,33.0366,0.0025,21.8861,4.8646,376.8164,68.7517,95.2757,11.4870,94.4304,33.6279
2045-05-07,34.7116,0.0024,20.0802,4.7248,385.4685,76.2865,95.7274,12.1299,102.0716,36.1451
2045-05-08,36.5410,0.0000,17.3169,7.9519,394.4499,84.4801,96.6246,16.1102,110.0409,44.8572
2045-05-09,36.1907,0.0519,18.3220,13.6072,403.3682,92.4987,96.6761,21.5709,117.5864,55.2920
2045-05-10,25.5393,0.0685,42.5522,16.3633,410.3693,96.5276,92.0448,13.0841,121.5672,40.8440
2045-05-11,25.3515,0.0000,22.4644,8.9023,417.3366,101.9271,93.4626,10.9627,126.5718,36.9596
2045-05-12,28.2562,0.0000,18.9030,9.2667,424.8267,108.1946,94.8246,13.4810,132.2108,42.9011
2045-05-13,30.4177,0.0000,18.2850,6.1492,432.7059,114.9749,95.4077,12.4779,138.1679,41.4116
2045-05-14,34.0167,0.0000,16.9606,5.0255,441.2329,122.6520,96.2772,13.2664,144.7273,43.6740
2045-05-15,35.3715,0.0001,16.7110,4.4284,450.0037,130.6491,96.5952,13.4363,151.4051,44.5769
2045-05-16,35.4887,0.0000,16.4486,7.6297,458.7957,138.6973,96.6895,15.9895,157.9904,50.2783
2045-05-17,34.9748,0.0000,18.8474,8.0145,467.4952,146.4046,96.7411,16.4157,164.2301,51.5562
2045-05-18,32.4319,0.6849,33.0293,10.7507,475.7369,152.3166,92.5522,10.5923,169.2008,39.2655
2045-05-19,29.8432,0.0998,36.1035,16.4958,483.5127,157.5218,92.6024,14.2490,173.6289,47.7047
2045-05-20,22.2765,1.3070,52.7624,17.4165,489.9265,160.4289,84.5481,4.7649,176.4276,23.0783
2045-05-21,19.6303,0.2392,36.0141,16.6644,495.8639,163.9210,88.9127,8.4942,179.4977,34.3669
2045-05-22,21.2950,0.0251,32.1928,11.2947,502.1010,167.9188,90.5607,8.2071,182.9100,33.7029
2045-05-23,24.7357,0.0000,25.1340,8.5353,508.9574,173.0110,92.6285,9.5757,187.0560,37.4418
2045-05-24,29.2718,0.0000,20.5217,5.7902,516.6304,179.3659,94.5279,10.8623,192.0447,40.7937
2045-05-25,33.5841,0.0000,14.8755,11.9254,525.0795,187.1388,96.6366,19.7133,197.9255,59.5383
2045-05-26,34.9036,0.0000,12.8277,15.6308,533.7662,195.4014,97.3877,26.2690,204.0531,71.0708
2045-05-27,35.4444,0.0000,15.7588,13.0871,542.5502,203.5062,97.4395,23.2685,210.0460,66.2759
2045-05-28,36.4430,0.0000,15.6373,10.2223,551.5139,211.8444,97.4913,20.2799,216.1363,61.1386
2045-05-29,37.1959,0.0000,12.5157,9.1154,560.6132,220.6646,97.8039,19.9912,222.4405,60.7528
2045-05-30,38.0701,0.0000,10.7606,8.0492,569.8698,229.8671,98.2905,20.2014,229.8417,61.2902
2045-05-31,38.6057,0.0097,10.8256,7.1981,579.2228,239.1887,98.3655,19.5451,239.0864,60.2193
2045-06-01,39.9207,0.0054,15.2660,6.6338,589.8126,248.3394,98.4176,19.1277,248.1655,59.5498
2045-06-02,38.4408,1.5032,18.8785,8.9845,600.1359,203.2717,95.6304,14.8373,220.1371,50.4917
2045-06-03,30.7920,0.1983,39.5049,14.5697,609.0825,208.3510,93.0125,13.6972,224.6149,48.0993
2045-06-04,29.3396,0.0100,35.0232,12.3879,617.7676,213.5580,93.0629,12.3579,229.1109,45.1360
2045-06-05,31.3960,0.0878,34.0597,9.9547,626.8229,219.1993,93.1133,11.0093,233.9065,41.9852
2045-06-06,32.6782,0.0000,30.9514,10.9802,636.1090,225.3395,93.1636,11.6751,239.0088,43.6549
2045-06-07,30.5334,0.0050,32.3895,13.5517,645.0090,230.9701,93.2140,13.3844,243.7396,47.6632
2045-06-08,27.8024,0.0297,34.4868,14.7518,653.4174,235.9550,93.0894,13.9731,248.0118,49.0176
2045-06-09,27.8406,0.0044,34.9479,12.8309,661.8327,240.9114,93.0026,12.5306,252.2611,45.7985
2045-06-10,31.7654,0.0005,25.5047,7.9253,670.9545,247.3570,93.9919,11.2328,257.4408,42.7554
2045-06-11,33.5652,0.0014,22.2807,9.3183,680.4002,254.4498,95.0167,13.8770,263.0071,48.9335
2045-06-12,33.6715,0.0000,21.8135,10.4259,689.8651,261.6071,95.1962,15.0383,268.5853,51.4980
2045-06-13,32.9799,0.0000,26.5034,10.3926,699.2055,268.2013,95.2473,15.1182,273.8214,51.7014
2045-06-14,34.3853,0.1358,27.4072,8.1842,708.7988,274.9829,95.2984,13.6207,279.1860,48.4597
2045-06-15,34.2667,0.0000,24.2473,12.4183,718.3708,282.0362,95.3495,16.9781,284.6675,55.6203
2045-06-16,31.1672,0.1878,33.6236,15.0596,727.3849,287.6747,94.0254,16.1671,289.3051,53.9826
2045-06-17,27.4074,0.0152,39.4323,18.5683,735.7222,292.2203,92.3440,15.2525,293.2510,52.0798
2045-06-18,27.5427,0.0076,35.9168,14.5795,744.0839,297.0526,92.3941,12.5637,297.3428,46.1200
2045-06-19,30.3323,0.0001,30.2424,12.5199,752.9477,302.8251,92.8066,12.0015,302.8002,44.8143
2045-06-20,30.8316,0.0000,29.9981,12.8552,761.9014,308.7098,92.9661,12.4821,308.6492,45.9609
2045-06-21,30.9650,0.0000,27.4673,12.6395,770.8791,314.8328,93.4871,13.2796,314.7319,47.8099
2045-06-22,32.0296,0.0000,30.6871,12.2260,780.0484,320.8782,93.5376,13.0976,320.7384,47.4076
2045-06-23,31.0084,0.1344,33.9577,13.2165,789.0340,326.4608,93.5882,13.8651,326.2875,49.1480
2045-06-24,28.6456,0.0179,36.8954,15.5518,797.5942,331.4025,92.8799,14.1270,331.2029,49.7363
2045-06-25,28.3632,0.0001,36.2997,14.7755,806.1035,336.3435,92.8277,13.4861,336.1168,48.3135
2045-06-26,31.0994,0.0000,28.7545,10.3052,815.1054,342.3830,93.2452,11.4141,342.1130,43.4707
2045-06-27,33.8232,0.0039,24.8020,11.1282,824.5976,349.2967,94.5046,14.1693,348.9703,49.8520
2045-06-28,33.3300,0.0530,27.3216,13.7946,834.0010,355.8845,94.5555,16.3208,355.5053,54.4470
2045-06-29,32.0618,0.0414,23.5411,11.3237,843.1761,362.5596,94.6063,14.5115,362.1231,50.6139
2045-06-30,34.3087,0.0000,20.1337,7.2603,852.7557,370.0047,95.6140,13.5722,369.4978,48.5387
2045-07-01,37.0029,0.0000,19.7431,5.6281,863.1202,377.1866,96.1825,13.5017,376.6183,48.3841
2045-07-02,38.7372,0.0034,20.1787,11.5778,873.7969,384.6547,96.4017,18.7687,384.0201,59.3586
2045-07-03,33.9167,0.0000,30.4756,17.0436,883.6059,390.3723,95.0752,20.6459,389.6984,62.9128
2045-07-04,31.0756,0.0000,28.1004,14.1616,892.9035,395.8055,94.9092,17.4535,395.0934,56.7750
2045-07-05,35.2731,0.0000,21.4772,7.4973,902.9567,402.5133,95.5115,13.5452,401.7420,48.4921
2045-07-06,36.8478,0.0000,21.8150,13.0820,913.2933,409.4814,95.7313,18.4920,408.6465,58.8311
2045-07-07,38.4183,0.0000,12.3353,13.7528,923.9126,417.6176,97.9685,25.8091,416.6951,71.9702
2045-07-08,38.9269,0.0000,11.2713,11.7691,934.6234,425.9586,98.3113,24.4330,424.9424,69.6526
2045-07-09,38.5136,0.0925,15.2950,11.0252,945.2599,433.8391,98.3634,23.6958,432.7365,68.3858
2045-07-10,31.5552,1.7203,39.2636,18.1210,954.6438,173.9369,89.4776,9.9132,239.0060,39.2930
2045-07-11,26.6720,0.4400,52.4663,15.8626,963.1488,177.0372,89.5268,8.9095,242.5953,36.6850
2045-07-12,32.9125,0.3301,40.4455,10.3056,972.7770,181.7945,91.1352,8.4749,247.8106,35.5421
2045-07-13,33.3323,3.1642,40.5326,7.1224,953.1934,107.0192,85.1510,3.0805,167.1279,16.6022
2045-07-14,33.6040,3.6019,43.4253,13.5095,927.8475,77.7702,85.3173,4.3489,128.5941,19.6789
2045-07-15,34.4887,2.2747,35.3703,10.4199,937.7595,71.3823,88.9737,6.2556,119.9400,24.7805
2045-07-16,34.0663,1.0390,41.5064,10.0521,947.5954,76.2133,89.9738,7.0881,126.9090,27.6302
2045-07-17,36.5503,1.0967,32.1282,5.7409,957.8785,82.2148,92.1671,7.7945,135.3803,30.1691
2045-07-18,38.5875,0.0026,23.9547,6.7907,968.5282,89.3029,95.4224,12.9137,145.1475,42.9638
2045-07-19,40.5022,0.0000,15.0917,10.0796,979.5226,97.5989,97.7098,20.7267,156.2709,58.8899
2045-07-20,41.2494,0.0000,12.8325,10.4245,990.6515,106.2685,98.3250,22.8736,167.5924,63.4869
2045-07-21,40.6954,0.0000,14.3315,7.0102,1001.6807,114.6777,98.3771,19.3905,178.3183,58.0553
2045-07-22,40.6423,0.0000,18.7314,8.7153,1012.7003,122.6448,98.3760,21.1272,188.2836,61.7001
2045-07-23,40.3612,0.0000,19.0508,8.5706,1023.6693,130.5271,98.2876,20.7312,197.9524,61.3974
2045-07-24,40.9422,0.0000,14.8834,9.0044,1034.7429,138.9314,98.3397,21.3350,208.0331,62.8258
2045-07-25,38.6237,0.1671,23.6121,12.7348,1045.3992,146.0579,97.2407,22.2622,216.4964,64.7101
2045-07-26,34.6270,0.0000,38.6002,13.8097,1055.3360,151.2098,93.8396,14.7940,222.6616,50.4470
2045-07-27,35.9297,0.0000,32.0798,12.5553,1065.5074,157.1166,93.8902,13.9857,229.5947,48.8149
2045-07-28,35.7121,0.0000,32.1080,13.8201,1075.6396,162.9862,93.9408,15.0112,236.4154,51.1281
2045-07-29,34.8022,0.0011,30.7065,12.8601,1085.6080,168.8289,93.9915,14.4031,243.1311,49.9055
2045-07-30,35.4559,0.0000,25.3073,10.4467,1095.6940,175.2416,94.7152,14.0936,250.3734,49.3059
2045-07-31,36.3507,0.0001,21.6380,10.9292,1105.9411,182.1339,95.6519,16.4128,258.0317,54.2923
2045-08-01,35.2472,0.0000,24.8026,12.7321,1115.2896,187.7765,95.7031,18.0992,264.3038,57.7225
2045-08-02,34.7957,0.0000,28.4399,13.2043,1124.5569,193.0795,95.4903,18.0062,270.1859,57.5842
2045-08-03,37.6514,0.0000,22.2390,6.8261,1134.3381,199.3004,95.7707,13.5643,276.9516,48.3220
2045-08-04,38.3628,0.0000,22.7411,7.7308,1144.2474,205.5946,95.8219,14.2961,283.7370,49.9763
2045-08-05,38.4954,0.0000,23.2952,9.7632,1154.1806,211.8647,95.8732,15.9482,290.4430,53.5329
2045-08-06,36.5838,0.0000,22.2930,12.4927,1163.7697,217.9101,95.9245,18.4274,296.8575,58.5493
2045-08-07,33.8203,0.0000,26.9074,12.6503,1172.8613,223.1794,95.6427,17.8774,302.4694,57.4904
2045-08-08,34.6960,0.0000,28.2345,10.6622,1182.1106,228.4829,95.5060,15.8752,308.0925,53.4408
2045-08-09,37.1201,0.0000,24.1989,7.3687,1191.7962,234.4639,95.5572,13.5416,314.3308,48.4010
2045-08-10,38.2213,0.0000,23.7902,7.4272,1201.6801,240.6504,95.6083,13.6765,320.7273,48.7167
2045-08-11,39.4913,0.0000,21.4217,8.4425,1211.7925,247.2352,96.2473,15.6956,327.4506,53.1074
2045-08-12,40.5884,0.0000,14.8817,6.7951,1222.1024,254.5608,97.7768,17.7216,334.7846,57.2580
2045-08-13,38.6615,0.0000,19.2042,10.4764,1232.0655,261.1930,97.8287,21.4807,341.4310,64.3988
2045-08-14,37.3976,0.0007,26.0330,7.9109,1241.8010,267.0717,96.6214,16.0701,347.3719,53.9189
2045-08-15,41.8445,0.0000,18.8690,8.2430,1252.3370,274.2645,97.1877,17.6277,354.4602,57.0964
2045-08-16,42.2125,0.0050,17.6549,11.2516,1262.9393,281.6276,97.5078,21.4060,361.6442,64.2875
2045-08-17,39.2019,0.2809,20.3025,13.7324,1272.9996,288.2585,97.5596,24.4239,368.1225,69.6092
2045-08-18,39.1899,0.0301,14.7786,13.8525,1283.0578,295.3470,97.6306,24.8047,374.9307,70.2628
2045-08-19,38.5720,0.0000,18.3506,12.6948,1293.0048,302.0341,97.6825,23.5606,381.3617,68.1319
2045-08-20,37.1511,0.0000,25.6291,10.5275,1302.6960,307.9071,96.6070,18.2994,387.0845,58.4466
2045-08-21,36.3858,0.0000,31.2022,8.5701,1312.2494,313.2312,95.3915,14.0657,392.3372,49.6510
2045-08-22,37.4777,0.0000,27.6654,7.9813,1321.9994,318.9921,95.4426,13.7500,397.9348,48.9505
2045-08-23,37.0126,0.0000,29.6752,9.9409,1331.6657,324.5254,95.4938,15.2832,403.3257,52.2977
2045-08-24,36.4220,0.0116,35.9809,9.4022,1341.2256,329.4845,94.4243,12.8460,408.2456,46.9000
2045-08-25,39.1588,0.0000,27.5791,5.5996,1351.2782,335.5036,94.8932,11.3126,414.0191,43.2602
2045-08-26,41.2425,0.0000,21.4872,5.5163,1361.7059,342.3667,96.4944,14.0023,420.4527,49.5182
2045-08-27,42.4614,0.0000,17.0720,5.4396,1372.3529,349.8245,97.6407,16.2557,427.3262,54.3456
2045-08-28,40.5013,0.0000,18.2766,10.4007,1382.6471,356.8432,97.6925,21.0166,433.7946,63.6094
2045-08-29,38.7938,0.0000,22.2708,11.4710,1392.6340,363.2449,97.4201,21.3934,439.7419,64.2990
2045-08-30,39.3308,0.0000,24.3081,9.2405,1402.7176,369.5628,97.1177,18.3642,445.6174,58.5890
2045-08-31,39.4493,0.0000,24.7406,7.0783,1412.8224,375.8629,97.0228,16.2611,451.4620,54.3600
2045-09-01,39.4354,0.0000,17.5357,7.8848,1421.6248,381.8142,97.0862,17.0795,456.8686,56.0353
2045-09-02,37.8108,0.0187,14.8393,8.1985,1430.1348,387.7137,97.3957,18.0822,462.1809,58.0373
2045-09-03,37.9853,0.0009,17.1692,5.7955,1438.6761,393.4775,97.4475,16.1308,467.3826,54.0912
2045-09-04,38.3295,0.0000,22.7350,9.4661,1447.2794,398.9014,97.2431,18.8874,472.3371,59.6081
2045-09-05,37.8977,0.0000,26.6094,9.7678,1455.8050,403.9969,96.4838,17.3229,477.0390,56.5276
2045-09-06,37.7475,0.0000,23.1720,9.6065,1464.3036,409.3106,96.5353,17.3020,481.8779,56.4860
2045-09-07,36.4805,0.0000,22.5292,9.0019,1472.5740,414.4939,96.5868,16.8995,486.5839,55.6723
2045-09-08,35.8485,0.0000,23.4702,11.7868,1480.7308,419.5281,96.6218,19.5371,491.1608,60.8531
2045-09-09,36.0622,0.0000,24.6837,12.1610,1488.9260,424.5112,96.4531,19.4626,495.6982,60.7118
2045-09-10,36.1172,0.0000,23.5488,10.4849,1497.1311,429.5769,96.5046,18.0107,500.2836,57.8985
2045-09-11,36.0680,0.0000,20.4595,8.2302,1505.3273,434.8403,96.5561,16.1881,504.9914,54.2119
2045-09-12,36.7761,0.0000,19.5874,6.2258,1513.6510,440.2627,96.6076,14.7346,509.8130,51.1311
2045-09-13,38.0523,0.0000,17.9756,5.8842,1522.2044,445.9803,96.7629,14.7881,514.8526,51.2470
2045-09-14,37.7641,0.0000,15.9207,8.8355,1530.7059,451.7979,97.1522,18.0763,519.9380,58.0284
2045-09-15,36.7426,0.0000,13.9471,8.6663,1539.0236,457.5956,97.4275,18.5921,524.9699,59.0382
2045-09-16,33.7294,0.0618,27.6966,11.7511,1546.7989,462.0790,95.7361,17.3036,529.0483,56.4906
2045-09-17,28.1105,0.1270,44.5889,14.1543,1553.5628,464.9607,91.8690,11.4183,531.9257,43.5266
2045-09-18,27.6071,0.0085,39.9669,10.1247,1560.2361,468.0289,91.9190,9.3862,534.9107,38.3598
2045-09-19,29.8160,0.0000,29.9012,7.0962,1567.3070,471.8873,92.7268,9.0297,538.4677,37.4034
2045-09-20,31.7642,0.0000,25.6527,4.8273,1574.7285,476.2373,93.9169,9.5098,542.3922,38.6878
2045-09-21,33.8785,0.0000,21.7377,4.9916,1582.5307,481.1111,95.1515,11.3662,546.7065,43.3998
2045-09-22,33.1537,0.0000,27.3175,8.6598,1590.2023,485.5435,95.2025,13.7696,550.7101,49.0081
2045-09-23,30.5224,0.0000,24.9848,10.5106,1597.4003,489.7668,95.2536,15.2214,554.5034,52.1789
2045-09-24,30.4357,0.0000,24.1254,8.8725,1604.5828,494.0268,95.3047,14.1136,558.3131,49.7728
2045-09-25,30.7404,0.0000,24.1604,6.6957,1611.8201,498.3260,95.3558,12.7359,562.1514,46.6557
2045-09-26,30.6226,0.0008,29.0935,7.1673,1619.0361,502.3306,94.7746,12.0447,565.7950,45.0338
2045-09-27,31.2779,0.0003,30.0101,6.1873,1626.3701,506.3651,94.5914,11.1792,569.4720,42.9418
2045-09-28,28.7610,0.1499,39.8784,9.6278,1633.2511,509.5614,92.6318,10.1224,572.5473,40.2851
2045-09-29,28.6771,0.0008,39.1400,6.1134,1640.1170,512.7878,92.4078,8.2164,575.6380,35.1567
2045-09-30,31.6371,0.0000,29.9729,4.7356,1647.5157,516.8693,93.0460,8.3841,579.3472,35.6278
2045-10-01,31.9542,0.0000,24.2748,5.9119,1653.9714,520.6619,94.2580,10.5297,582.7258,41.3233
2045-10-02,30.9027,0.0002,31.3208,9.1327,1660.2379,523.9921,94.2225,12.3246,585.7830,45.6957
2045-10-03,29.0268,0.0040,39.3539,8.4261,1666.1667,526.7605,92.7031,9.6235,588.4350,38.9879
2045-10-04,27.9737,0.1239,35.9465,10.7679,1671.9060,529.5822,92.7533,10.9055,591.0899,42.2652
2045-10-05,21.5644,0.6693,39.3483,15.8437,1676.4916,531.6651,89.3479,8.6755,593.1035,36.4366
2045-10-06,20.3526,0.0000,26.1585,12.6480,1680.8591,534.0653,91.5632,10.1348,595.2798,40.3170
2045-10-07,21.7281,0.0000,26.5067,10.3416,1685.4741,536.6074,92.0776,9.7046,597.5818,39.2007
2045-10-08,24.6391,0.0000,26.3115,6.6676,1690.6132,539.4812,92.6101,8.6930,600.1706,36.4850
2045-10-09,24.4207,0.0000,27.8359,8.7822,1695.7129,542.2717,92.6603,9.7390,602.7001,39.2908
2045-10-10,23.6278,0.0000,27.6858,10.0785,1700.6699,544.9812,92.7105,10.4700,605.1557,41.1724
2045-10-11,24.7762,0.0000,23.2080,9.5035,1705.8336,547.9920,93.3218,11.0801,607.8282,42.6978
2045-10-12,27.8399,0.0000,20.3390,8.5994,1711.5488,551.4851,94.4398,12.3631,610.8827,45.7863
2045-10-13,29.4812,0.0122,25.4086,6.7489,1717.5594,554.9414,94.4906,11.3416,613.9592,43.3400
2045-10-14,29.8638,0.1694,31.9877,6.3729,1723.6389,558.1323,94.0393,10.4560,616.8823,41.1369
2045-10-15,27.9287,0.1382,43.1782,6.9534,1729.3701,560.6316,91.9721,8.0603,619.3263,34.7144
2045-10-16,25.3021,0.0543,52.1854,8.5531,1734.6284,562.5444,89.9082,6.5109,621.3364,30.1001
2045-10-17,23.9691,0.0000,44.4675,8.9235,1739.6469,564.6538,89.9575,6.6806,623.4278,30.6273
2045-10-18,25.1716,0.0000,38.0111,4.1184,1744.8818,567.1213,90.3405,5.5395,625.7719,26.9605
2045-10-19,25.2210,0.0113,39.5429,9.9341,1750.1255,569.5325,90.3899,7.4786,628.0825,33.0317
2045-10-20,22.4773,0.0317,41.1588,9.2178,1754.8755,571.6345,90.4394,7.2646,630.1253,32.3986
2045-10-21,23.3826,0.0542,42.0969,8.7540,1759.7883,573.7825,90.4889,7.1472,632.2219,32.0476
2045-10-22,19.1845,0.7020,47.9339,13.3303,1763.9455,575.3827,87.0997,5.5387,633.8640,26.9578
2045-10-23,19.5112,0.0084,37.9927,7.7351,1768.1615,577.3192,88.9283,5.4286,635.7195,26.5874
2045-10-24,20.3398,0.2485,50.5338,13.0531,1772.5267,578.9262,88.9133,7.0816,637.3990,31.8502
2045-10-25,18.2000,0.0752,50.6297,11.1348,1776.5067,580.3699,88.6339,6.1763,638.9174,29.0430
2045-10-26,19.7666,0.0964,54.9841,9.2962,1780.7687,581.7932,88.1927,5.2845,640.4689,26.0979
2045-10-27,20.0919,0.3209,71.3827,10.2026,1785.0892,582.7121,85.7709,3.9213,641.7242,21.1526
2045-10-28,19.6946,0.8169,65.5639,7.5335,1789.3383,583.7971,82.5038,2.2168,643.0685,13.8198
2045-10-29,18.8147,6.3877,85.3831,13.2044,1390.3802,96.8486,47.2952,0.2242,164.9694,0.8170
2045-10-30,20.0165,3.5277,83.5654,11.3256,1301.0434,68.8375,47.1911,0.2010,121.5916,0.6356
2045-10-31,19.3915,4.0853,86.5730,14.1328,1209.6688,48.5630,43.2196,0.1259,88.2671,0.3206
2045-11-01,19.7806,0.4255,59.0915,9.2668,1212.9333,49.6955,70.5756,1.0167,90.1564,4.7154
2045-11-02,19.9506,0.0103,45.6630,5.8907,1216.2284,51.2120,83.0704,2.1924,92.6689,9.7872
2045-11-03,20.3799,0.2281,45.9935,7.3220,1219.6008,52.7500,86.8846,3.9685,95.2054,15.9386
2045-11-04,19.3771,0.0351,55.4856,4.4511,1222.7927,53.9585,86.9329,3.4577,97.1946,14.5093
2045-11-05,21.0352,0.1073,43.5613,4.5064,1226.2830,55.6148,88.2509,4.1860,99.9025,17.0213
2045-11-06,19.4465,1.6016,63.5665,8.2805,1229.4874,54.3583,77.7808,1.4042,97.8960,6.8474
2045-11-07,18.4242,0.4019,64.9365,11.2627,1232.5077,55.2659,82.4091,2.6438,99.3901,11.8934
2045-11-08,16.9768,0.0002,49.9606,6.3170,1235.2676,56.4651,85.4843,3.0978,101.3485,13.6301
2045-11-09,18.3968,0.0003,48.1333,4.2030,1238.2830,57.8058,86.8475,3.3735,103.5292,14.7267
2045-11-10,19.0580,0.2660,59.4741,8.5791,1241.4174,58.8889,86.8958,4.2348,105.2911,17.6357
2045-11-11,16.9176,0.3325,55.9060,11.3306,1244.1666,59.9422,86.9441,4.8981,106.9970,19.7788
2045-11-12,15.7611,0.0000,42.4819,8.8581,1246.7076,61.2280,87.7311,4.8383,109.0651,19.7839
2045-11-13,17.4047,0.0000,35.2410,10.1520,1249.5444,62.8168,89.2080,6.3828,111.6069,24.3601
2045-11-14,18.7157,0.0000,39.8130,10.2734,1252.6173,64.3980,89.2570,6.4674,114.1275,24.8301
2045-11-15,18.4212,0.0000,46.0868,7.7447,1255.6371,65.7933,89.3062,5.7339,116.3458,23.0107
2045-11-16,18.3413,0.0807,51.9355,6.8150,1258.6425,67.0322,88.6145,4.9543,118.3119,20.8863
2045-11-17,18.7690,0.1329,55.1845,4.9759,1261.7249,68.2127,88.0782,4.1815,120.1820,18.5915
2045-11-18,15.7808,0.0000,46.8591,9.3917,1264.2695,69.4021,88.1270,5.2602,122.0538,22.0911
2045-11-19,14.8108,0.0000,39.0969,9.0004,1266.6394,70.6868,88.3992,5.3628,124.0645,22.5473
2045-11-20,15.4487,0.0000,35.9309,7.3839,1269.1242,72.0925,88.9830,5.3754,126.2552,22.7435
2045-11-21,17.1625,0.0000,38.7957,4.5189,1271.9174,73.5744,89.0320,4.6856,128.5576,20.7670
2045-11-22,15.2316,8.4600,61.9639,11.7373,1066.7200,41.1677,55.3689,0.5212,75.0906,1.6352
2045-11-23,15.5588,5.4792,64.0076,13.5504,985.7110,26.7944,53.6948,0.4881,50.1788,0.8233
2045-11-24,14.1575,8.0971,73.0260,11.1185,878.3337,14.6848,42.4072,0.0942,28.1912,0.1067
2045-11-25,15.0528,0.5140,58.8887,6.4516,880.7472,15.5652,65.4809,0.7439,29.8132,0.8747
2045-11-26,16.2348,3.9162,75.2857,11.3655,849.5918,10.9267,54.3644,0.4665,21.1726,0.4384
2045-11-27,17.4604,7.5543,82.0365,14.9961,777.5749,6.0112,42.0285,0.1072,11.7944,0.0708
2045-11-28,15.5425,1.3437,66.2238,10.6054,780.0766,6.7564,60.8086,0.7336,13.2265,0.5177
2045-11-29,15.3591,0.0121,63.0464,4.9036,782.5452,7.5628,73.7188,0.9196,14.7688,0.6923
2045-11-30,16.9080,0.0038,59.4974,4.3860,785.2926,8.5298,80.6890,1.5273,16.6086,1.7819
2045-12-01,19.7036,0.0003,56.4788,8.4413,788.5433,9.5587,84.6499,3.0736,18.5551,4.7685
2045-12-02,17.9084,1.7892,69.6176,6.8641,791.4708,9.0090,72.9081,0.9801,17.5195,0.8181
2045-12-03,14.6555,9.4979,81.5615,8.6926,709.2524,4.5485,38.4954,0.0400,8.9534,0.0228
2045-12-04,17.2070,0.0588,60.7638,10.1850,712.0536,5.3647,66.2303,0.9232,10.5311,0.5729
2045-12-05,16.0147,0.1815,61.4988,6.7395,714.6403,6.1136,77.3479,1.2554,11.9711,0.8366
2045-12-06,17.0490,0.4199,79.3548,3.9671,717.4131,6.5394,79.2636,1.2898,12.7873,0.8925
2045-12-07,18.3475,0.1592,69.8726,7.1959,720.4196,7.2052,81.9743,2.0422,14.0588,2.4048
2045-12-08,15.8026,2.0385,68.2093,9.4188,722.9681,6.2855,70.4732,1.0211,12.3036,0.6911
2045-12-09,14.3254,11.6051,75.6772,12.8283,635.7334,3.0577,42.5235,0.1047,6.0427,0.0490
2045-12-10,14.7211,1.2381,63.4066,11.3606,638.0872,3.7156,62.2734,0.8260,7.3246,0.4241
2045-12-11,13.9661,0.0001,59.8690,4.1248,640.3051,4.4027,74.3003,0.9090,8.6566,0.5080
2045-12-12,15.9999,0.0163,57.6094,11.3689,642.8890,5.2265,81.8219,2.4742,10.2447,2.4480
2045-12-13,15.9240,6.1017,70.6391,10.7263,609.8302,2.9485,54.0616,0.4388,5.8265,0.2020
2045-12-14,17.9884,12.8186,72.6809,15.1151,535.9329,1.4306,45.9235,0.2026,2.8423,0.0701
2045-12-15,17.7131,19.7441,87.2393,21.1642,438.8086,0.2755,31.3530,0.0144,0.5500,0.0034
2045-12-16,15.2364,3.9074,76.7794,12.4027,429.7872,0.4311,42.1882,0.0967,0.8600,0.0247
2045-12-17,15.1294,0.6350,62.7862,8.8392,432.2145,1.1174,64.7246,0.8142,2.2205,0.2600
2045-12-18,14.2481,0.0169,67.9347,5.7297,434.4832,1.6767,74.5114,0.9961,3.3213,0.3639
2045-12-19,14.9911,0.6940,80.3706,6.6523,436.8856,2.0356,75.3369,1.0916,4.0244,0.4291
2045-12-20,18.5633,0.0618,65.6065,7.5561,439.9310,2.8042,81.1810,1.8939,5.5204,0.8510
2045-12-21,20.1224,0.0025,57.8246,6.0230,443.2570,3.8213,84.5574,2.6870,7.4814,2.1752
2045-12-22,17.9801,0.0647,65.7991,5.1245,446.1974,4.5629,84.6049,2.5847,8.8983,2.3407
2045-12-23,15.2690,0.0051,64.4191,5.7832,448.6498,5.2247,84.6525,2.6893,10.1539,2.7233
2045-12-24,13.5862,0.0861,64.5538,6.7568,450.7993,5.8163,84.7001,2.8429,11.2692,3.1427
2045-12-25,14.0578,1.9143,81.0142,8.2583,453.0337,4.9219,67.1937,0.8664,9.5836,0.5109
2045-12-26,12.0145,9.8920,78.8467,5.7578,414.5981,2.2780,34.7468,0.0153,4.4943,0.0063
2045-12-27,10.0397,5.2889,77.7884,13.1689,399.1590,0.9215,35.7469,0.0280,1.8325,0.0084
2045-12-28,10.1327,0.0070,50.3929,10.2355,400.6869,1.5548,62.1121,0.7739,3.0797,0.2751
2045-12-29,12.2880,0.3056,64.1285,8.4655,402.6028,2.1005,73.9429,1.1119,4.1469,0.4423
2045-12-30,14.7712,2.8121,83.8255,8.1106,399.2756,1.1124,54.9671,0.4187,2.2094,0.1335
2045-12-31,16.9854,0.5344,79.7688,4.5615,402.0370,1.5282,65.8609,0.6861,3.0276,0.2424
